group	y
1	0
2	0.0922262848298498
3	0.182641218985649
4	0.27128616944829
5	0.358201482024866
6	0.443426507424946
7	0.526999626661867
8	0.608958275796598
9	0.689338970041287
10	0.768177327239159
11	0.845508090736978
12	0.921365151665885
13	0.995781570646001
14	1.06878959892979
15	1.14042069899875
16	1.21070556462772
17	1.27967414043059
18	1.34735564090088
19	1.4137785689604
20	1.47897073402874
21	1.54295926962609
22	1.60577065052136
23	1.66743070943772
24	1.72796465332676
25	1.78739707922269
26	1.84575198968738
27	1.90305280785696
28	1.95932239210028
29	2.0145830502993
30	2.06885655376128
31	2.12216415077239
32	2.17452657980185
33	2.22596408236595
34	2.27649641556056
35	2.32614286427089
36	2.37492225306679
37	2.42285295779185
38	2.46995291685407
39	2.51623964222611
40	2.56173023016248
41	2.60644137164099
42	0
43	0.0921860919188584
44	0.182561820744343
45	0.27116852828731
46	0.358046535835851
47	0.443235170214641
48	0.526772789169724
49	0.608696806096319
50	0.68904371412672
51	0.767849109594956
52	0.845147714894411
53	0.920973400744205
54	0.995359207879729
55	1.06833736818228
56	1.13993932526244
57	1.21019575451131
58	1.27913658263362
59	1.34679100667593
60	1.4131875125633
61	1.47835389315709
62	1.5423172658463
63	1.60510408968474
64	1.66674018208561
65	1.72725073508523
66	1.78666033118693
67	1.84499295879615
68	1.9022720272573
69	1.95852038150268
70	2.01376031632376
71	2.06801359027431
72	2.12130143921526
73	2.17364458951035
74	2.22506327088181
75	2.27557722893482
76	2.32520573735937
77	2.37396760981792
78	2.42188121152697
79	2.46896447054053
80	2.51523488874325
81	2.56070955256069
82	2.60540514339407
83	0
84	0.0909085774160742
85	0.180038181568628
86	0.267429354249647
87	0.353121637421316
88	0.437153598737043
89	0.519562856401965
90	0.600386103390134
91	0.679659131035117
92	0.75741685201031
93	0.833693322714848
94	0.90852176508058
95	0.981934587815147
96	1.05396340709586
97	1.12463906672864
98	1.19399165778593
99	1.2620505377372
100	1.32884434908506
101	1.3944010375201
102	1.45874786960674
103	1.52191145001236
104	1.58391773829168
105	1.6447920652378
106	1.70455914881123
107	1.76324310965792
108	1.82086748622693
109	1.8774552494981
110	1.93302881732999
111	1.98761006843776
112	2.04122035601084
113	2.0938805209795
114	2.1456109049397
115	2.19643136274482
116	2.24636127477318
117	2.29541955887963
118	2.34362468203937
119	2.39099467169217
120	2.43754712679458
121	2.48329922858784
122	2.52826775108881
123	2.57246907131111
124	0
125	0.0893395338813071
126	0.176938647493586
127	0.262836900045505
128	0.347072876331034
129	0.429684211589301
130	0.510707615721172
131	0.590178896879296
132	0.668132984447918
133	0.744603951428327
134	0.819625036245411
135	0.893228663990372
136	0.965446467114263
137	1.03630930558665
138	1.10584728653326
139	1.17408978336628
140	1.2410654544203
141	1.30680226110699
142	1.37132748560085
143	1.43466774806829
144	1.49684902345194
145	1.55789665782165
146	1.61783538430359
147	1.67668933859832
148	1.73448207409845
149	1.79123657661654
150	1.84697527873303
151	1.90172007377437
152	1.95549232943077
153	2.00831290102306
154	2.06020214442767
155	2.11117992866865
156	2.16126564818542
157	2.21047823478463
158	2.25883616928429
159	2.30635749285828
160	2.35305981808894
161	2.39896033973525
162	2.44407584522416
163	2.48842272487212
164	2.53201698184382
165	0
166	0.0863331653942009
167	0.170999780048903
168	0.254037520492369
169	0.335483137534809
170	0.415372479861412
171	0.493740517015125
172	0.570621361785073
173	0.646048292016062
174	0.720053771854237
175	0.792669472443559
176	0.863926292087379
177	0.933854375889018
178	1.00248313488492
179	1.06984126468353
180	1.13595676362283
181	1.20085695045894
182	1.26456848159804
183	1.32711736788353
184	1.38852899094987
185	1.44882811915445
186	1.50803892309845
187	1.56618499074737
188	1.62328934216153
189	1.67937444384692
190	1.73446222273594
191	1.78857407980797
192	1.84173090335885
193	1.89395308192858
194	1.94526051689606
195	1.99567263474944
196	2.04520839904061
197	2.09388632203204
198	2.14172447604384
199	2.18874050450893
200	2.23495163274385
201	2.28037467844261
202	2.32502606190079
203	2.36892181597681
204	2.41207759579731
205	2.45450868821313
206	0
207	0.0859666647541008
208	0.170275784061957
209	0.252964804937858
210	0.334070254614559
211	0.413627763981868
212	0.491672090419025
213	0.568237140036623
214	0.64335598934345
215	0.717060906353195
216	0.789383371145595
217	0.860354095896207
218	0.930003044388634
219	0.998359451022647
220	1.06545183933132
221	1.13130804001997
222	1.19595520853924
223	1.25941984220461
224	1.32172779687392
225	1.38290430319457
226	1.44297398243145
227	1.50196086188661
228	1.55988838992117
229	1.6167794505899
230	1.67265637789851
231	1.72754096969336
232	1.78145450119329
233	1.83441773817279
234	1.88645094980554
235	1.93757392117718
236	1.98780596547591
237	2.03716593586925
238	2.08567223707518
239	2.13334283663541
240	2.18019527589887
241	2.22624668072247
242	2.27151377189692
243	2.31601287530444
244	2.35975993181544
245	2.40277050693098
246	2.44505980017743
247	0
248	0.0857067878145637
249	0.169762415623437
250	0.252204167697978
251	0.333068412737452
252	0.412390627198114
253	0.490205418018931
254	0.566546544759639
255	0.641446941166414
256	0.714938736180057
257	0.787053274401178
258	0.857821136026521
259	0.92727215627016
260	0.995435444282979
261	1.06233940158347
262	1.12801174001259
263	1.19247949922494
264	1.25576906372854
265	1.31790617948463
266	1.37891597007925
267	1.43882295247749
268	1.49765105237135
269	1.55542361913181
270	1.61216344037532
271	1.66789275615476
272	1.72263327278462
273	1.77640617630995
274	1.82923214562822
275	1.88113136527328
276	1.93212353786997
277	1.98222789626818
278	2.03146321536448
279	2.07984782361957
280	2.12739961427932
281	2.17413605630727
282	2.22007420503589
283	2.26523071254404
284	2.30962183776765
285	2.35326345635063
286	2.39617107024262
287	2.43835981705032
288	0
289	0.0848238420315095
290	0.168018218932682
291	0.249619862047072
292	0.329664601447946
293	0.408187388895311
294	0.485222320199279
295	0.560802657005214
296	0.634960848015695
297	0.707728549663955
298	0.779136646253042
299	0.849215269574622
300	0.917993818020931
301	0.985500975203072
302	1.05176472808848
303	1.11681238467009
304	1.18067059117929
305	1.24336534885466
306	1.30492203027795
307	1.3653653952885
308	1.42471960648721
309	1.48300824434057
310	1.54025432189524
311	1.5964802991133
312	1.65170809683792
313	1.70595911039917
314	1.75925422286933
315	1.81161381797662
316	1.86305779268648
317	1.91360556945884
318	1.96327610818987
319	2.01208791784638
320	2.06005906780094
321	2.10720719887527
322	2.15354953409976
323	2.19910288919627
324	2.24388368279147
325	2.28790794636776
326	2.33119133395842
327	2.3737491315939
328	2.41559626650538
329	0
330	0.0842331141005267
331	0.166851277856422
332	0.247890852679242
333	0.327387308278766
334	0.405375245371104
335	0.481888417799627
336	0.556959754084005
337	0.630621378412215
338	0.702904631090016
339	0.773840088461995
340	0.843457582317927
341	0.911786218797833
342	0.978854396808773
343	1.04468982596606
344	1.10931954407128
345	1.17276993413911
346	1.23506674098477
347	1.29623508738334
348	1.35629948981232
349	1.41528387378803
350	1.47321158880655
351	1.5301054228994
352	1.58598761681408
353	1.64087987782901
354	1.6948033932126
355	1.74777884333555
356	1.79982641444544
357	1.85096581111233
358	1.901216268354
359	1.95059656344908
360	1.9991250274462
361	2.04681955637701
362	2.09369762218085
363	2.1397762833485
364	2.18507219529219
365	2.22960162044927
366	2.27338043812611
367	2.31642415408919
368	2.35874790990987
369	2.40036649206927
370	0
371	0.0840032542594689
372	0.16639720606424
373	0.247218072880569
374	0.326501184196164
375	0.404281004131434
376	0.480591153466093
377	0.555464431096313
378	0.628932834937265
379	0.701027582285439
380	0.771779129654819
381	0.841217192100585
382	0.909370762043659
383	0.976268127609092
384	1.04193689049092
385	1.10640398335579
386	1.16969568679739
387	1.23183764585327
388	1.29285488609556
389	1.35277182930652
390	1.41161230874981
391	1.46939958404794
392	1.52615635567617
393	1.58190477908275
394	1.63666647844533
395	1.69046256007284
396	1.7433136254622
397	1.79523978401872
398	1.84626066544893
399	1.89639543183448
400	1.94566278939517
401	1.99408099994934
402	2.04166789207949
403	2.08844087201065
404	2.13441693420909
405	2.17961267170854
406	2.22404428617105
407	2.26772759768934
408	2.31067805433736
409	2.35291074147562
410	2.39444039081754
411	0
412	0.083080217118587
413	0.164573811743242
414	0.244516423305975
415	0.322942818211449
416	0.399886912059276
417	0.475381791291809
418	0.549459734282369
419	0.622152231878463
420	0.693490007414163
421	0.763503036205452
422	0.832220564541987
423	0.899671128188362
424	0.965882570407632
425	1.03088205951952
426	1.09469610600538
427	1.15735057917176
428	1.21887072338393
429	1.27928117388069
430	1.33860597218119
431	1.39686858109452
432	1.45409189934225
433	1.51029827580404
434	1.56550952339619
435	1.61974693259248
436	1.67303128459676
437	1.72538286417627
438	1.7768214721645
439	1.82736643764217
440	1.87703662980473
441	1.92585046952441
442	1.97382594061492
443	2.02098060080635
444	2.06733159243792
445	2.11289565287583
446	2.15768912466335
447	2.20172796541014
448	2.24502775742751
449	2.28760371711631
450	2.32947070411369
451	2.37064323020521
452	0
453	0.0811243713173215
454	0.160710177260053
455	0.238791832449414
456	0.315402910159732
457	0.390576163716589
458	0.464343547341939
459	0.536736236460598
460	0.607784647482093
461	0.677518457071538
462	0.745966620922792
463	0.813157392046871
464	0.879118338588187
465	0.943876361180916
466	1.00745770985743
467	1.06988800052042
468	1.13119223099013
469	1.19139479663762
470	1.2505195056149
471	1.30858959369242
472	1.36562773871408
473	1.42165607467964
474	1.47669620546439
475	1.5307692181853
476	1.58389569622295
477	1.63609573190813
478	1.6873889388819
479	1.73779446413744
480	1.78733099975211
481	1.83601679431767
482	1.88386966407651
483	1.93090700377152
484	1.9771457972171
485	2.02260262759841
486	2.06729368750606
487	2.111234788713
488	2.15444137170036
489	2.19692851493867
490	2.23871094393098
491	2.2798030400238
492	2.32021884899213
493	0
494	0.0809435602180892
495	0.160352997774081
496	0.238262614059722
497	0.314705872048619
498	0.389715417618186
499	0.463323100320564
500	0.535559993616839
501	0.606456414588508
502	0.676041943139803
503	0.744345440704085
504	0.811395068467237
505	0.877218305120572
506	0.941841964155525
507	1.00529221071201
508	1.06759457799207
509	1.12877398325007
510	1.18885474337053
511	1.24786059004419
512	1.30581468455285
513	1.36273963217311
514	1.4186574962089
515	1.47358981166246
516	1.52755759855313
517	1.58058137489321
518	1.6326811693296
519	1.68387653346007
520	1.73418655383257
521	1.78362986363572
522	1.83222465408865
523	1.87998868553782
524	1.92693929826861
525	1.97309342303889
526	2.01846759134201
527	2.06307794540598
528	2.10694024793588
529	2.15006989160612
530	2.19248190830893
531	2.23419097816556
532	2.27521143830623
533	2.31555729142489
534	0
535	0.0806465564113678
536	0.159766287846056
537	0.237393309702896
538	0.31356090377339
539	0.388301539438519
540	0.461646894317765
541	0.533627874384621
542	0.604274633562442
543	0.673616592814162
544	0.741682458739031
545	0.808500241689188
546	0.87409727341856
547	0.938500224276229
548	1.00173511995613
549	1.06382735781458
550	1.12480172276693
551	1.18468240277416
552	1.24349300393025
553	1.30125656516052
554	1.35799557254112
555	1.41373197324962
556	1.46848718915605
557	1.52228213006394
558	1.57513720661035
559	1.62707234283377
560	1.67810698841852
561	1.72826013062401
562	1.77755030590708
563	1.82599561124547
564	1.87361371516992
565	1.92042186851281
566	1.96643691488039
567	2.011675300856
568	2.05615308594107
569	2.09988595224087
570	2.14288921390157
571	2.18517782630494
572	2.22676639502725
573	2.26766918456817
574	2.3079001268559
575	0
576	0.0804147984477279
577	0.159308466447512
578	0.236714974264217
579	0.312667462309361
580	0.387198262240251
581	0.460338917513905
582	0.532120203409924
583	0.602572146536127
584	0.6717240438304
585	0.739604481071863
586	0.806241350914095
587	0.871661870452859
588	0.935892598340423
589	0.998959451458252
590	1.06088772115957
591	1.12170208909292
592	1.18142664261775
593	1.24008488982236
594	1.29769977415486
595	1.35429368867696
596	1.40988848995052
597	1.46450551156625
598	1.5181655773241
599	1.57088901407411
600	1.62269566422675
601	1.67360489794124
602	1.72363562500017
603	1.77280630637868
604	1.82113496551605
605	1.86863919929742
606	1.9153361887532
607	1.96124270948351
608	2.00637514181472
609	2.05074948069507
610	2.09438134533621
611	2.13728598860714
612	2.17947830618704
613	2.22097284548321
614	2.26178381432028
615	2.30192508940653
616	0
617	0.0800349207665138
618	0.158558045065835
619	0.235603105271742
620	0.311203010057859
621	0.385389865336722
622	0.458194994657799
623	0.529648959078526
624	0.599781576522065
625	0.668621940635136
626	0.73619843915891
627	0.802538771825629
628	0.867669967793282
629	0.931618402630338
630	0.994409814862246
631	1.05606932209107
632	1.11662143669937
633	1.17609008114913
634	1.23449860288625
635	1.29186978886083
636	1.34822587967332
637	1.40358858335608
638	1.45797908880002
639	1.51141807883539
640	1.56392574297579
641	1.61552178983408
642	1.66622545921877
643	1.71605553391914
644	1.76503035118721
645	1.81316781392438
646	1.86048540158047
647	1.90700018077256
648	1.95272881563095
649	1.99768757787929
650	2.04189235665581
651	2.08535866808234
652	2.12810166458765
653	2.17013614399154
654	2.21147655835579
655	2.25213702260818
656	2.29213132294525
657	0
658	0.0797243115287851
659	0.157944458575065
660	0.234693978999561
661	0.310005591994035
662	0.383911218889474
663	0.456442003426632
664	0.527628331502923
665	0.597499850409264
666	0.666085487570145
667	0.733413468799837
668	0.799511336087306
669	0.864405964922105
670	0.928123581173152
671	0.99068977753204
672	1.05212952953217
673	1.11246721115476
674	1.17172661003242
675	1.22993094226082
676	1.28710286682856
677	1.34326449967521
678	1.39843742738712
679	1.45264272054054
680	1.50590094670103
681	1.55823218308821
682	1.60965602891454
683	1.66019161740651
684	1.70985762751656
685	1.75867229533377
686	1.80665342520102
687	1.85381840054646
688	1.90018419443641
689	1.94576737985721
690	1.99058413973288
691	2.03465027668546
692	2.07798122254477
693	2.12059204761402
694	2.16249746969772
695	2.20371186289784
696	2.24424926618447
697	2.28412339174668
698	0
699	0.078268108818757
700	0.155067833535741
701	0.230431800092751
702	0.304391839349952
703	0.376979007280442
704	0.448223604643175
705	0.51815519614782
706	0.586802629124736
707	0.654194051712967
708	0.720356930578744
709	0.785318068176738
710	0.849103619565918
711	0.911739108791611
712	0.97324944484502
713	1.0336589372112
714	1.09299131101616
715	1.15126972178355
716	1.20851676981099
717	1.26475451417607
718	1.32000448638145
719	1.37428770364861
720	1.42762468186924
721	1.4800354482233
722	1.53153955347222
723	1.58215608393587
724	1.63190367316138
725	1.68080051329185
726	1.72886436614275
727	1.77611257399358
728	1.82256207010219
729	1.86822938894897
730	1.91313067621784
731	1.95728169852106
732	2.00069785287419
733	2.04339417592806
734	2.08538535296375
735	2.12668572665682
736	2.16730930561689
737	2.20726977270821
738	2.24658049315699
739	0
740	0.0777716469985609
741	0.154087108466896
742	0.228978699447144
743	0.302477947941414
744	0.374615614897153
745	0.445421713676323
746	0.514925529021827
747	0.583155635534226
748	0.650139915671505
749	0.715905577284272
750	0.780479170698463
751	0.84388660535733
752	0.906153166034138
753	0.967303528626764
754	1.02736177554502
755	1.08635141070134
756	1.14429537411502
757	1.20121605614028
758	1.25713531132757
759	1.31207447192805
760	1.36605436105016
761	1.41909530547751
762	1.4712171481569
763	1.52243926036487
764	1.5727805535613
765	1.6222594909381
766	1.67089409867093
767	1.7187019768816
768	1.76570031031877
769	1.81190587876416
770	1.85733506717147
771	1.90200387554482
772	1.94592792856366
773	1.98912248496055
774	2.03160244665831
775	2.07338236767276
776	2.11447646278714
777	2.15489861600408
778	2.19466238878101
779	2.23378102805442
780	0
781	0.0772810867815889
782	0.153118041596109
783	0.227542872281805
784	0.300586807582902
785	0.372280316928261
786	0.442653129699235
787	0.511734254000016
788	0.579551994943394
789	0.646133972464536
790	0.711507138675048
791	0.775697794769272
792	0.838731607494452
793	0.9006336251961
794	0.96142829344962
795	1.02113947028891
796	1.07979044104243
797	1.13740393278695
798	1.19400212842889
799	1.24960668042291
800	1.30423872413719
801	1.35791889087462
802	1.41066732055873
803	1.4625036740932
804	1.51344714540326
805	1.56351647316744
806	1.61272995224749
807	1.66110544482453
808	1.70866039124882
809	1.7554118206108
810	1.8013763610405
811	1.84657024974236
812	1.89100934277247
813	1.93470912456469
814	1.97768471721236
815	2.01995088951186
816	2.06152206577415
817	2.10241233441043
818	2.14263545629761
819	2.18220487292947
820	2.22113371435895
821	0
822	0.0754906626461096
823	0.149581185866023
824	0.222302456279326
825	0.293684610412576
826	0.363757053723496
827	0.432548479134059
828	0.500086885085208
829	0.566399593125647
830	0.631513265046826
831	0.6954539195759
832	0.758246948638162
833	0.819917133200122
834	0.880488658704148
835	0.939985130105261
836	0.998429586520437
837	1.05584451550047
838	1.1122518669342
839	1.16767306659467
840	1.22212902933651
841	1.27564017195354
842	1.32822642570556
843	1.37990724852276
844	1.43070163689617
845	1.48062813746242
846	1.52970485829054
847	1.57794947987865
848	1.6253792658681
849	1.67201107348232
850	1.71786136369753
851	1.76294621115233
852	1.80728131380283
853	1.85088200233009
854	1.89376324930609
855	1.93593967812467
856	1.97742557170339
857	2.01823488096243
858	2.05838123308609
859	2.09787793957267
860	2.13673800407821
861	2.17497413005936
862	0
863	0.0748600341659393
864	0.148335424088437
865	0.220456661468133
866	0.291253498127445
867	0.360754964769041
868	0.428989389250107
869	0.495984414385012
870	0.561767015288612
871	0.626363516272145
872	0.689799607303336
873	0.752100360042046
874	0.813290243462479
875	0.873393139072705
876	0.932432355741953
877	0.990430644145858
878	1.0474102108396
879	1.10339273196861
880	1.15839936662616
881	1.21245076986721
882	1.26556710538721
883	1.31776805787472
884	1.36907284504618
885	1.41950022937129
886	1.46906852949675
887	1.51779563137643
888	1.5656989991155
889	1.61279568553586
890	1.65910234247028
891	1.70463523079211
892	1.74941023018757
893	1.79344284867713
894	1.83674823189269
895	1.87934117211674
896	1.92123611708968
897	1.96244717859145
898	2.0029881408031
899	2.04287246845421
900	2.08211331476164
901	2.12072352916492
902	2.15871566486371
903	0
904	0.0716175933514132
905	0.141930212525953
906	0.210966318708101
907	0.278753685724625
908	0.345319417436743
909	0.410689964683715
910	0.474891141789518
911	0.537948142643951
912	0.599885556369233
913	0.660727382582867
914	0.720497046267246
915	0.779217412256227
916	0.836910799348615
917	0.89359899405825
918	0.949303264010135
919	1.0040443709918
920	1.05784258366881
921	1.11071768997326
922	1.16268900917356
923	1.21377540363394
924	1.26399529027167
925	1.31336665171982
926	1.36190704720325
927	1.40963362313522
928	1.45656312344191
929	1.50271189962186
930	1.54809592054728
931	1.59273078201384
932	1.63663171604554
933	1.67981359996096
934	1.72229096520705
935	1.76407800596663
936	1.80518858754525
937	1.84563625454332
938	1.88543423881897
939	1.92459546724708
940	1.9631325692798
941	2.00105788431364
942	2.03838346886822
943	2.07512110358146
944	0
945	0.0714011245247538
946	0.141502593731733
947	0.210332733245984
948	0.277919184841161
949	0.344288923740482
950	0.409468275471476
951	0.473482932286141
952	0.536357969157779
953	0.598117859365531
954	0.658786489677305
955	0.71838717514154
956	0.776942673497962
957	0.83447519921723
958	0.891006437179107
959	0.946557555998544
960	1.00114922100883
961	1.05480160691067
962	1.10753441009597
963	1.15936686065458
964	1.21031773407248
965	1.26040536262916
966	1.3096476465022
967	1.35806206458656
968	1.40566568503592
969	1.45247517553347
970	1.49850681329893
971	1.54377649483888
972	1.58829974544682
973	1.63209172845966
974	1.67516725427683
975	1.71754078914821
976	1.75922646373683
977	1.80023808146229
978	1.84058912663039
979	1.88029277235474
980	1.91936188827554
981	1.95780904808092
982	1.99564653683589
983	2.03288635812386
984	2.06954024100571
985	0
986	0.0712173553380534
987	0.141139570754041
988	0.20979485679109
989	0.277210743117604
990	0.34341409575077
991	0.408431133835895
992	0.472287445993112
993	0.535008006242675
994	0.596617189519826
995	0.657138786789864
996	0.716596019773826
997	0.775011555294879
998	0.832407519255274
999	0.888805510253475
1000	0.944226612850777
1001	0.998691410496539
1002	1.05221999812089
1003	1.10483199440352
1004	1.15654655372701
1005	1.20738237782283
1006	1.25735772711804
1007	1.3064904317904
1008	1.35479790253953
1009	1.4022971410814
1010	1.4490047503734
1011	1.49493694457698
1012	1.54010955876455
1013	1.58453805837748
1014	1.6282375484414
1015	1.67122278254537
1016	1.7135081715908
1017	1.75510779231623
1018	1.79603539560373
1019	1.83630441457256
1020	1.87592797246572
1021	1.91491889033457
1022	1.9532896945269
1023	1.99105262398346
1024	2.02821963734802
1025	2.06480241989558
1026	0
1027	0.0706635217252898
1028	0.140045511783319
1029	0.208173833889576
1030	0.275075679855722
1031	0.340777586579736
1032	0.405305452597954
1033	0.468684554210405
1034	0.530939561190525
1035	0.59209455209004
1036	0.652173029149545
1037	0.711197932825011
1038	0.7691916559402
1039	0.826176057474709
1040	0.882172475997094
1041	0.937201742752292
1042	0.991284194412334
1043	1.04443968549906
1044	1.09668760048737
1045	1.14804686559732
1046	1.19853596028309
1047	1.24817292842674
1048	1.29697538924436
1049	1.34496054791218
1050	1.39214520591977
1051	1.43854577115749
1052	1.48417826774508
1053	1.52905834560808
1054	1.57320128980866
1055	1.61662202963717
1056	1.65933514747061
1057	1.7013548874042
1058	1.74269516366171
1059	1.78336956879048
1060	1.82339138164659
1061	1.86277357517567
1062	1.90152882399466
1063	1.93966951177959
1064	1.9772077384645
1065	2.01415532725638
1066	2.05052383147079
1067	0
1068	0.0699758266207064
1069	0.138687018941875
1070	0.206161010023168
1071	0.272424572159594
1072	0.337503833581862
1073	0.401424294726198
1074	0.464210844084818
1075	0.525887773647929
1076	0.586478793947899
1077	0.646007048715902
1078	0.704495129161124
1079	0.761965087882316
1080	0.818438452421255
1081	0.873936238467404
1082	0.928478962722826
1083	0.982086655436178
1084	1.03477887261437
1085	1.08657470792026
1086	1.13749280426453
1087	1.18755136509967
1088	1.23676816542386
1089	1.28516056250214
1090	1.33274550631238
1091	1.37953954972303
1092	1.42555885840976
1093	1.47081922051756
1094	1.51533605607514
1095	1.55912442616786
1096	1.60219904187555
1097	1.64457427298127
1098	1.686264156457
1099	1.72728240473195
1100	1.76764241374927
1101	1.80735727081644
1102	1.84643976225491
1103	1.884902380854
1104	1.92275733313425
1105	1.96001654642508
1106	1.99669167576166
1107	2.03279411060556
1108	0
1109	0.0695933741449019
1110	0.137931511236337
1111	0.205041604830467
1112	0.270950193913696
1113	0.335683179441873
1114	0.399265840453152
1115	0.461722849765592
1116	0.523078289270292
1117	0.583355664830552
1118	0.642577920797306
1119	0.700767454150789
1120	0.757946128278144
1121	0.814135286396416
1122	0.869355764630161
1123	0.92362790475261
1124	0.976971566599141
1125	1.02940614016156
1126	1.08095055737148
1127	1.13162330358084
1128	1.18144242874749
1129	1.23042555833339
1130	1.278589903923
1131	1.32595227356902
1132	1.3725290818726
1133	1.41833635980489
1134	1.4633897642767
1135	1.50770458746267
1136	1.55129576588643
1137	1.59417788927295
1138	1.63636520917398
1139	1.67787164737267
1140	1.71871080407291
1141	1.758895965879
1142	1.79844011357125
1143	1.83735592968254
1144	1.87565580588119
1145	1.91335185016505
1146	1.9504558938718
1147	1.9869794985101
1148	2.02293396241628
1149	0
1150	0.0693278070565332
1151	0.137406902312895
1152	0.204264313018967
1153	0.269926416156489
1154	0.334418954866346
1155	0.397767054452448
1156	0.459995237973186
1157	0.521127441431179
1158	0.581187028571762
1159	0.640196805300354
1160	0.698179033728625
1161	0.755155445859088
1162	0.811147256917512
1163	0.866175178342291
1164	0.920259430439695
1165	0.973419754713645
1166	1.0256754258785
1167	1.07704526356302
1168	1.12754764371365
1169	1.17720050970469
1170	1.22602138316328
1171	1.27402737451629
1172	1.32123519326651
1173	1.36766115800513
1174	1.41332120616729
1175	1.45823090353748
1176	1.50240545351112
1177	1.54585970611876
1178	1.58860816681905
1179	1.63066500506639
1180	1.67204406265919
1181	1.71275886187436
1182	1.7528226133936
1183	1.79224822402694
1184	1.83104830423863
1185	1.86923517548064
1186	1.90682087733875
1187	1.94381717449592
1188	1.98023556351793
1189	2.01608727946566
1190	0
1191	0.0679884847669918
1192	0.13476116624381
1193	0.20034423295553
1194	0.264763244853197
1195	0.328043149176755
1196	0.39020829590927
1197	0.451282452833067
1198	0.511288820198118
1199	0.570250045012747
1200	0.628188234966474
1201	0.685124971994534
1202	0.741081325493384
1203	0.796077865196251
1204	0.850134673717565
1205	0.903271358774841
1206	0.955507065096413
1207	1.00686048602315
1208	1.05734987481211
1209	1.10699305564985
1210	1.15580743438295
1211	1.20381000897306
1212	1.25101737968362
1213	1.29744575900523
1214	1.34311098132644
1215	1.38802851235656
1216	1.43221345830688
1217	1.47568057483667
1218	1.51844427576989
1219	1.5605186415888
1220	1.60191742770989
1221	1.64265407254822
1222	1.68274170537523
1223	1.72219315397563
1224	1.76102095210852
1225	1.79923734677772
1226	1.83685430531643
1227	1.87388352229078
1228	1.9103364262272
1229	1.94622418616804
1230	1.98155771805989
1231	0
1232	0.0678586466535317
1233	0.134504680271311
1234	0.199964208069792
1235	0.264262710794498
1236	0.327425058528231
1237	0.38947552609202
1238	0.450437808049351
1239	0.510335033324021
1240	0.569189779441618
1241	0.627024086404414
1242	0.683859470209205
1243	0.739716936017331
1244	0.794616990985945
1245	0.848579656769303
1246	0.901624481698642
1247	0.953770552648992
1248	1.00503650660105
1249	1.05544054190602
1250	1.10500042926112
1251	1.15373352240331
1252	1.20165676852844
1253	1.24878671844313
1254	1.29513953645604
1255	1.3407310100156
1256	1.38557655910053
1257	1.42969124536966
1258	1.47308978107729
1259	1.51578653776016
1260	1.55779555470197
1261	1.59913054718109
1262	1.63980491450731
1263	1.67983174785289
1264	1.71922383788332
1265	1.75799368219294
1266	1.7961534925506
1267	1.83371520196009
1268	1.87069047154027
1269	1.90709069722949
1270	1.94292701631895
1271	1.9782103138193
1272	0
1273	0.067436831315738
1274	0.133671414027324
1275	0.198729591197476
1276	0.262636586250471
1277	0.325417018602619
1278	0.387094918890086
1279	0.447693743804544
1280	0.507236390546808
1281	0.5657452109084
1282	0.623242024990698
1283	0.679748134571066
1284	0.735284336125155
1285	0.789870933514277
1286	0.843527750346557
1287	0.896274142020335
1288	0.948129007458047
1289	0.999110800538643
1290	1.04923754123634
1291	1.09852682647332
1292	1.14699584069387
1293	1.19466136616706
1294	1.24153979302512
1295	1.28764712904432
1296	1.33299900917497
1297	1.37761070482722
1298	1.42149713291878
1299	1.46467286469085
1300	1.5071521342983
1301	1.54894884717982
1302	1.59007658821387
1303	1.63054862966593
1304	1.6703779389324
1305	1.70957718608657
1306	1.74815875123158
1307	1.78613473166556
1308	1.82351694886371
1309	1.86031695528202
1310	1.89654604098742
1311	1.93221524011862
1312	1.96733533718225
1313	0
1314	0.0672349993100539
1315	0.133272709233486
1316	0.198138846439605
1317	0.261858511228521
1318	0.324456203076564
1319	0.38595583578129
1320	0.446380752216443
1321	0.505753738707037
1322	0.564097039034396
1323	0.621432368080773
1324	0.677780925122907
1325	0.733163406783629
1326	0.787600019650384
1327	0.841110492569342
1328	0.893714088623482
1329	0.945429616802883
1330	0.996275443375186
1331	1.04626950296402
1332	1.09542930934296
1333	1.1437719659524
1334	1.19131417614654
1335	1.23807225317745
1336	1.28406212992309
1337	1.32929936836585
1338	1.37379916882813
1339	1.4175763789713
1340	1.46064550256402
1341	1.50302070802607
1342	1.54471583675342
1343	1.58574441123024
1344	1.62611964293327
1345	1.66585444003414
1346	1.70496141490466
1347	1.74345289143028
1348	1.78134091213669
1349	1.81863724513439
1350	1.85535339088593
1351	1.89150058880041
1352	1.92708982365971
1353	1.96213183188085
1354	0
1355	0.0666441802086264
1356	0.132105588056487
1357	0.196409570223799
1358	0.259580866591566
1359	0.321643625538046
1360	0.382621418841273
1361	0.442537256197887
1362	0.501413599368212
1363	0.559272375957312
1364	0.616134992841448
1365	0.672022349249168
1366	0.72695484950598
1367	0.78095241545135
1368	0.834034498536516
1369	0.886220091611417
1370	0.937527740408794
1371	0.98797555473333
1372	1.03758121936346
1373	1.08636200467335
1374	1.13433477698223
1375	1.18151600863823
1376	1.22792178784356
1377	1.27356782822776
1378	1.31846947817552
1379	1.36264172991546
1380	1.40609922837609
1381	1.44885627981494
1382	1.49092686022673
1383	1.53232462353636
1384	1.57306290958226
1385	1.61315475189552
1386	1.65261288528014
1387	1.69144975319945
1388	1.72967751497388
1389	1.76730805279479
1390	1.80435297855923
1391	1.84082364053024
1392	1.87673112982723
1393	1.91208628675071
1394	1.94689970694591
1395	0
1396	0.0665725996503455
1397	0.131964185747
1398	0.196200060144232
1399	0.259304919056552
1400	0.321302868325003
1401	0.382217438290322
1402	0.442071598283148
1403	0.500887770741245
1404	0.558687844963409
1405	0.615493190509502
1406	0.671324670255802
1407	0.726202653114599
1408	0.780147026426779
1409	0.833177208035857
1410	0.885312158051749
1411	0.936570390312312
1412	0.986969983550514
1413	1.03652859227486
1414	1.08526345737049
1415	1.13319141642829
1416	1.1803289138089
1417	1.22669201044866
1418	1.27229639341412
1419	1.31715738521158
1420	1.36128995285811
1421	1.40470871672017
1422	1.44742795912586
1423	1.48946163275669
1424	1.53082336882454
1425	1.57152648503944
1426	1.61158399337352
1427	1.65100860762644
1428	1.68981275079749
1429	1.72800856226924
1430	1.7656079048078
1431	1.80262237138419
1432	1.83906329182177
1433	1.87494173927392
1434	1.91026853653658
1435	1.94505426219977
1436	0
1437	0.0665072367249041
1438	0.131835065929632
1439	0.196008748536181
1440	0.259052940885522
1441	0.320991709976357
1442	0.381848548311453
1443	0.441646388361721
1444	0.500407616658001
1445	0.558154087520182
1446	0.614907136433108
1447	0.670687593078415
1448	0.72551579403124
1449	0.779411595130506
1450	0.832394383531243
1451	0.884483089447206
1452	0.935696197591822
1453	0.986051758325299
1454	1.03556739851551
1455	1.08426033212007
1456	1.1321473704969
1457	1.17924493245021
1458	1.22556905401883
1459	1.27113539801365
1460	1.31595926331041
1461	1.36005559390457
1462	1.40343898773405
1463	1.44612370527608
1464	1.48812367792399
1465	1.52945251614954
1466	1.57012351745647
1467	1.61014967413061
1468	1.64954368079177
1469	1.68831794175273
1470	1.72648457819007
1471	1.76405543513192
1472	1.80104208826727
1473	1.83745585058149
1474	1.8733077788225
1475	1.90860867980214
1476	1.94336911653669
1477	0
1478	0.0645217354250365
1479	0.127912849114983
1480	0.190197358609859
1481	0.251398709029472
1482	0.311539787475522
1483	0.370642937063091
1484	0.428729970591136
1485	0.48582218386136
1486	0.541940368654582
1487	0.597104825373508
1488	0.651335375360553
1489	0.704651372899139
1490	0.757071716906705
1491	0.808614862327402
1492	0.859298831232284
1493	0.909141223634569
1494	0.958159228027372
1495	1.00636963165109
1496	1.05378883049749
1497	1.10043283905725
1498	1.14631729981771
1499	1.19145749251718
1500	1.23586834316229
1501	1.27956443281431
1502	1.3225600061506
1503	1.36486897980692
1504	1.40650495050639
1505	1.44748120298038
1506	1.48781071768709
1507	1.52750617833272
1508	1.56657997920049
1509	1.60504423229252
1510	1.64291077428937
1511	1.68019117333187
1512	1.71689673563003
1513	1.75303851190336
1514	1.78862730365695
1515	1.82367366929772
1516	1.85818793009474
1517	1.89218017598789
1518	0
1519	0.0632095658004257
1520	0.125320751207183
1521	0.186356752039318
1522	0.246340212949965
1523	0.305293241275528
1524	0.363237420528663
1525	0.420193823544305
1526	0.476183025287739
1527	0.531225115333499
1528	0.585339710023628
1529	0.638545964313617
1530	0.690862583314133
1531	0.742307833536429
1532	0.79289955384911
1533	0.842655166153757
1534	0.891591685786691
1535	0.939725731653979
1536	0.987073536106607
1537	1.03365095456254
1538	1.07947347488225
1539	1.12455622650408
1540	1.16891398934571
1541	1.21256120247771
1542	1.25551197257516
1543	1.29778008215308
1544	1.33937899759118
1545	1.38032187695354
1546	1.42062157760841
1547	1.46029066365327
1548	1.49934141315042
1549	1.53778582517769
1550	1.57563562669929
1551	1.61290227926143
1552	1.64959698551704
1553	1.6857306955843
1554	1.72131411324313
1555	1.75635770197373
1556	1.79087169084151
1557	1.82486608023215
1558	1.85835064744081
1559	0
1560	0.0631118024189037
1561	0.125127626589794
1562	0.186070607109281
1563	0.245963328991616
1564	0.304827841476682
1565	0.362685671482851
1566	0.419557836713932
1567	0.475464858429195
1568	0.530426773885194
1569	0.584463148457938
1570	0.637593087453665
1571	0.689835247616338
1572	0.741207848339696
1573	0.791728682591551
1574	0.841415127557773
1575	0.890284155013247
1576	0.93835234142688
1577	0.985635877807543
1578	1.03215057929768
1579	1.07791189452109
1580	1.12293491469135
1581	1.16723438248692
1582	1.21082470069913
1583	1.25371994065886
1584	1.29593385044765
1585	1.33747986289883
1586	1.37837110339412
1587	1.41862039746102
1588	1.45824027817601
1589	1.49724299337881
1590	1.53564051270243
1591	1.57344453442379
1592	1.61066649213963
1593	1.64731756127218
1594	1.68340866540896
1595	1.71895048248106
1596	1.75395345078413
1597	1.78842777484593
1598	1.82238343114469
1599	1.85583017368191
1600	0
1601	0.0624476735128818
1602	0.12381568710002
1603	0.184126759460079
1604	0.243403070466812
1605	0.301666274697199
1606	0.358937514611749
1607	0.415237433396004
1608	0.470586187472024
1609	0.525003458688435
1610	0.578508466197361
1611	0.63111997802638
1612	0.682856322353401
1613	0.733735398492182
1614	0.783774687595988
1615	0.832991263086687
1616	0.881401800816428
1617	0.929022588968809
1618	0.975869537706313
1619	1.02195818857056
1620	1.06730372364182
1621	1.11192097446398
1622	1.15582443074108
1623	1.19902824881134
1624	1.24154625990436
1625	1.2833919781873
1626	1.32457860860521
1627	1.36511905452118
1628	1.40502592516119
1629	1.44431154286896
1630	1.48298795017551
1631	1.52106691668837
1632	1.55855994580511
1633	1.59547828125556
1634	1.63183291347741
1635	1.66763458582931
1636	1.70289380064569
1637	1.73762082513751
1638	1.7718256971428
1639	1.80551823073097
1640	1.8387080216645
1641	0
1642	0.062358841723128
1643	0.123640206207879
1644	0.183866756523719
1645	0.243060618354084
1646	0.301243393487089
1647	0.35843617295937
1648	0.414659549862084
1649	0.469933631817819
1650	0.524278053136954
1651	0.577711986661798
1652	0.630254155306597
1653	0.681922843301302
1654	0.73273590714678
1655	0.782710786288965
1656	0.831864513519209
1657	0.880213725107968
1658	0.927774670678707
1659	0.974563222828779
1660	1.02059488650382
1661	1.06588480813208
1662	1.11044778452485
1663	1.1542982715491
1664	1.19745039257825
1665	1.23991794672675
1666	1.28171441687405
1667	1.32285297748363
1668	1.36334650222205
1669	1.40320757138348
1670	1.44244847912469
1671	1.48108124051525
1672	1.51911759840793
1673	1.55656903013383
1674	1.5934467540268
1675	1.62976173578157
1676	1.66552469464994
1677	1.70074610947909
1678	1.73543622459624
1679	1.76960505554352
1680	1.80326239466703
1681	1.83641781656373
1682	0
1683	0.0607488172679063
1684	0.120459717234798
1685	0.179154354723311
1686	0.236853873248957
1687	0.293578917832391
1688	0.349349647482517
1689	0.404185747358964
1690	0.45810644062225
1691	0.511130499979751
1692	0.563276258935339
1693	0.614561622750406
1694	0.665004079123727
1695	0.71462070859748
1696	0.763428194696504
1697	0.811442833807719
1698	0.858680544806447
1699	0.905156878436179
1700	0.950887026448197
1701	0.995885830507262
1702	1.04016779086942
1703	1.08374707483787
1704	1.12663752500256
1705	1.16885266726923
1706	1.21040571868324
1707	1.25130959505357
1708	1.29157691838213
1709	1.33122002410345
1710	1.3702509681396
1711	1.40868153377522
1712	1.44652323835716
1713	1.4837873398235
1714	1.52048484306609
1715	1.55662650613109
1716	1.59222284626175
1717	1.62728414578727
1718	1.66182045786196
1719	1.69584161205849
1720	1.72935721981891
1721	1.76237667976725
1722	1.79490918288721
1723	0
1724	0.0607296503200798
1725	0.120421854290535
1726	0.17909825473107
1727	0.236779983464727
1728	0.293487674122077
1729	0.349241474616463
1730	0.40406105929881
1731	0.457965640800332
1732	0.51097398157123
1733	0.56310440512326
1734	0.614374806983854
1735	0.664802665369279
1736	0.714405051584114
1737	0.763198640154141
1738	0.811199718699567
1739	0.858424197555299
1740	0.904887619144833
1741	0.950605167114146
1742	0.995591675231799
1743	1.03986163606132
1744	1.08342920941176
1745	1.12630823057217
1746	1.16851221833556
1747	1.21005438281792
1748	1.25094763307739
1749	1.29120458453896
1750	1.33083756622963
1751	1.36985862782895
1752	1.40827954653976
1753	1.44611183378365
1754	1.48336674172589
1755	1.52005526963405
1756	1.55618817007472
1757	1.5917759549524
1758	1.62682890139484
1759	1.66135705748861
1760	1.6953702478688
1761	1.72887807916676
1762	1.76188994531934
1763	1.79441503274344
1764	0
1765	0.0597860253548001
1766	0.118557790184513
1767	0.17633634638187
1768	0.233142250127614
1769	0.288995574297075
1770	0.343915920548139
1771	0.397922431098909
1772	0.451033800203079
1773	0.503268285330877
1774	0.554643718063205
1775	0.605177514706423
1776	0.654886686635005
1777	0.703787850369139
1778	0.751897237394123
1779	0.799230703728267
1780	0.845803739245809
1781	0.891631476761194
1782	0.936728700880901
1783	0.98110985662884
1784	1.02478905785118
1785	1.06778009540632
1786	1.11009644514559
1787	1.15175127569007
1788	1.19275745600879
1789	1.23312756280353
1790	1.27287388770512
1791	1.31200844428623
1792	1.35054297489531
1793	1.38848895731631
1794	1.42585761125876
1795	1.46265990468256
1796	1.49890655996165
1797	1.53460805989099
1798	1.56977465354055
1799	1.60441636196056
1800	1.63854298374173
1801	1.6721641004342
1802	1.70528908182883
1803	1.73792709110454
1804	1.77008708984494
1805	0
1806	0.0595660132084015
1807	0.118123171813783
1808	0.175692389930502
1809	0.23229408952465
1810	0.287948212727913
1811	0.342674233835254
1812	0.396491170994634
1813	0.449417597596737
1814	0.501471653372508
1815	0.552671055206051
1816	0.603033107670293
1817	0.652574713292583
1818	0.701312382557242
1819	0.749262243651869
1820	0.796440051964054
1821	0.842861199334964
1822	0.888540723076095
1823	0.933493314755335
1824	0.977733328758312
1825	1.02127479063084
1826	1.06413140520814
1827	1.10631656453636
1828	1.14784335559175
1829	1.18872456780278
1830	1.22897270038023
1831	1.26859996946027
1832	1.30761831506541
1833	1.34603940788788
1834	1.38387465590022
1835	1.42113521079746
1836	1.45783197427518
1837	1.49397560414786
1838	1.52957652031146
1839	1.56464491055442
1840	1.59919073622087
1841	1.63322373772999
1842	1.6667534399551
1843	1.69978915746623
1844	1.73233999963959
1845	1.7644148756375
1846	0
1847	0.0591754058998532
1848	0.117351554815287
1849	0.17454911625035
1850	0.230788273887816
1851	0.286088737738446
1852	0.340469755978376
1853	0.393950126482706
1854	0.446548208063178
1855	0.498281931417618
1856	0.54916880979861
1857	0.59922594940869
1858	0.648470059529138
1859	0.696917462389284
1860	0.744584102783052
1861	0.791485557439285
1862	0.837637044152238
1863	0.883053430678451
1864	0.927749243406055
1865	0.9717386758024
1866	1.01503559664575
1867	1.05765355804667
1868	1.09960580326441
1869	1.14090527432389
1870	1.18156461943805
1871	1.22159620024094
1872	1.26101209883631
1873	1.29982412466642
1874	1.3380438212058
1875	1.37568247248457
1876	1.41275110944546
1877	1.44926051613912
1878	1.48522123576174
1879	1.5206435765391
1880	1.55553761746103
1881	1.58991321387007
1882	1.62378000290824
1883	1.65714740882544
1884	1.69002464815316
1885	1.72242073474688
1886	1.75434448470069
1887	0
1888	0.058212112235126
1889	0.115448636590308
1890	0.171729639325476
1891	0.227074716482551
1892	0.2815030056288
1893	0.335033197298882
1894	0.387683546143422
1895	0.439471881791699
1896	0.490415619435883
1897	0.540531770144011
1898	0.589836950908775
1899	0.63834739443892
1900	0.686078958699964
1901	0.733047136210715
1902	0.779267063101908
1903	0.824753527943147
1904	0.869520980344123
1905	0.913583539335983
1906	0.956955001538521
1907	0.999648849118751
1908	1.04167825754625
1909	1.08305610315055
1910	1.12379497048568
1911	1.16390715950687
1912	1.20340469256425
1913	1.24229932121831
1914	1.28060253288173
1915	1.31832555729199
1916	1.35547937281932
1917	1.392074712614
1918	1.42812207059739
1919	1.46363170730057
1920	1.49861365555462
1921	1.53307772603636
1922	1.56703351267321
1923	1.6004903979109
1924	1.63345755784757
1925	1.66594396723756
1926	1.69795840436857
1927	1.72950945581502
1928	0
1929	0.0575083111398886
1930	0.114058327508117
1931	0.169669674622723
1932	0.22436151918379
1933	0.278152580520224
1934	0.331061141742974
1935	0.383105060612293
1936	0.434301780126457
1937	0.484668338839168
1938	0.534221380912668
1939	0.582977165913413
1940	0.630951578356984
1941	0.678160137008723
1942	0.724618003946435
1943	0.770339993391309
1944	0.815340580313064
1945	0.859633908815169
1946	0.90323380030583
1947	0.946153761460297
1948	0.988406991979875
1949	1.03000639215292
1950	1.07096457022296
1951	1.11129384956885
1952	1.15100627570194
1953	1.19011362308493
1954	1.22862740177699
1955	1.26655886390971
1956	1.30391900999818
1957	1.34071859509156
1958	1.37696813476719
1959	1.4126779109723
1960	1.44785797771735
1961	1.48251816662471
1962	1.51666809233648
1963	1.5503171577851
1964	1.58347455933025
1965	1.61614929176553
1966	1.64835015319826
1967	1.68008574980565
1968	1.71136450047065
1969	0
1970	0.0573080929438341
1971	0.113662810680595
1972	0.169083653345529
1973	0.223589665499028
1974	0.277199447489039
1975	0.329931166522114
1976	0.381802567450649
1977	0.432830983283658
1978	0.483033345428274
1979	0.532426193668926
1980	0.581025685891021
1981	0.62884760755572
1982	0.675907380932287
1983	0.722220074094265
1984	0.767800409685622
1985	0.812662773462798
1986	0.856821222618478
1987	0.900289493892733
1988	0.94308101147703
1989	0.985208894716486
1990	1.02668596561557
1991	1.06752475615237
1992	1.1077375154063
1993	1.14733621650423
1994	1.18633256338952
1995	1.22473799741876
1996	1.26256370379048
1997	1.2998206178103
1998	1.33651943099675
1999	1.37267059703172
2000	1.40828433755981
2001	1.44337064784024
2002	1.47793930225526
2003	1.51199985967879
2004	1.54556166870877
2005	1.57863387276692
2006	1.61122541506908
2007	1.6433450434698
2008	1.67500131518413
2009	1.70620260138989
2010	0
2011	0.0561755363364796
2012	0.111425525532907
2013	0.165768758482752
2014	0.219223588849585
2015	0.271807943952256
2016	0.323539335371148
2017	0.374434869282734
2018	0.424511256529482
2019	0.473784822431967
2020	0.522271516349867
2021	0.569986920998353
2022	0.616946261526201
2023	0.663164414361806
2024	0.70865591583311
2025	0.753434970567284
2026	0.797515459675889
2027	0.840910948731045
2028	0.883634695538036
2029	0.925699657709616
2030	0.967118500047132
2031	1.00790360173348
2032	1.04806706334277
2033	1.0876207136714
2034	1.12657611639518
2035	1.16494457655706
2036	1.20273714688973
2037	1.23996463397744
2038	1.27663760426118
2039	1.31276638989126
2040	1.3483610944312
2041	1.3834315984169
2042	1.41798756477461
2043	1.45203844410155
2044	1.48559347981261
2045	1.51866171315666
2046	1.55125198810574
2047	1.58337295612051
2048	1.61503308079508
2049	1.64624064238442
2050	1.67700374221721
2051	0
2052	0.0561592433671221
2053	0.11139333992901
2054	0.165721070375975
2055	0.219160778432339
2056	0.271730381734751
2057	0.32344738243175
2058	0.37432887751181
2059	0.424391568866906
2060	0.473651773098447
2061	0.522125431072256
2062	0.569828117229099
2063	0.616775048657092
2064	0.662981093932161
2065	0.708460781732549
2066	0.753228309233234
2067	0.79729755028595
2068	0.84068206339036
2069	0.88339509946179
2070	0.925449609400784
2071	0.966858251469621
2072	1.00763339848077
2073	1.04778714480214
2074	1.08733131318394
2075	1.12627746141163
2076	1.16463688878957
2077	1.20242064245968
2078	1.23963952355949
2079	1.27630409322349
2080	1.3124246784321
2081	1.34801137771206
2082	1.38307406669206
2083	1.41762240351741
2084	1.45166583412736
2085	1.4852135973986
2086	1.51827473015847
2087	1.55085807207113
2088	1.58297227040004
2089	1.61462578464996
2090	1.64582689109148
2091	1.67658368717123
2092	0
2093	0.0532623981119064
2094	0.105670827850977
2095	0.157242255813931
2096	0.207993258554112
2097	0.257940032239117
2098	0.307098402061517
2099	0.355483831409046
2100	0.403111430800498
2101	0.449995966593387
2102	0.496151869469293
2103	0.541593242702637
2104	0.58633387021849
2105	0.630387224444879
2106	0.673766473964914
2107	0.716484490973892
2108	0.758553858546452
2109	0.799986877718663
2110	0.840795574389858
2111	0.88099170604885
2112	0.920586768329089
2113	0.959592001397166
2114	0.998018396178982
2115	1.03587670042776
2116	1.07317742463803
2117	1.10993084780945
2118	1.14614702306454
2119	1.18183578312387
2120	1.21700674564257
2121	1.25166931841163
2122	1.28583270442749
2123	1.31950590683343
2124	1.35269773373585
2125	1.38541680289892
2126	1.41767154632052
2127	1.44947021469264
2128	1.48082088174925
2129	1.51173144850442
2130	1.5422096473836
2131	1.57226304625086
2132	1.60189905233458
2133	0
2134	0.0530449598325355
2135	0.105241293971772
2136	0.156605832847894
2137	0.207155020369731
2138	0.256904923490779
2139	0.30587124153067
2140	0.35406931525846
2141	0.401514135743882
2142	0.448220352982569
2143	0.494202284301112
2144	0.53947392254764
2145	0.584048944073472
2146	0.627940716511259
2147	0.671162306354863
2148	0.713726486346118
2149	0.755645742673453
2150	0.796932281987254
2151	0.837598038236699
2152	0.877654679332673
2153	0.917113613641276
2154	0.955985996312281
2155	0.994282735446818
2156	1.03201449810844
2157	1.06919171618163
2158	1.1058245920816
2159	1.1419231043194
2160	1.17749701292587
2161	1.21255586473823
2162	1.24710899855276
2163	1.28116555014708
2164	1.31473445717537
2165	1.34782446393982
2166	1.38044412604145
2167	1.41260181491351
2168	1.44430572224041
2169	1.47556386426509
2170	1.50638408598787
2171	1.53677406525938
2172	1.5667413167704
2173	1.59629319594129
2174	0
2175	0.0520954579192488
2176	0.103365620372323
2177	0.153826723182105
2178	0.20349463103
2179	0.25238484662184
2180	0.300512519619696
2181	0.347892455345652
2182	0.394539123263433
2183	0.440466665243656
2184	0.485688903618289
2185	0.53021934902977
2186	0.574071208080114
2187	0.617257390785154
2188	0.659790517838989
2189	0.701682927693516
2190	0.742946683457843
2191	0.783593579622237
2192	0.823635148611139
2193	0.863082667169658
2194	0.901947162587861
2195	0.940239418767031
2196	0.977969982131987
2197	1.01514916739344
2198	1.05178706316423
2199	1.08789353743329
2200	1.12347824290091
2201	1.15855062217893
2202	1.19311991285936
2203	1.22719515245484
2204	1.26078518321411
2205	1.29389865681593
2206	1.32654403894435
2207	1.35872961374862
2208	1.39046348819051
2209	1.42175359628202
2210	1.4526077032164
2211	1.48303340939504
2212	1.51303815435305
2213	1.54262922058607
2214	1.57181373728093
2215	0
2216	0.0516552850667999
2217	0.10249609016182
2218	0.152538375458166
2219	0.20179773711731
2220	0.250289416269517
2221	0.298028307765011
2222	0.345028968701811
2223	0.391305626736018
2224	0.436872188180181
2225	0.48174224589522
2226	0.525929086981264
2227	0.569445700272578
2228	0.612304783641665
2229	0.654518751117476
2230	0.696099739822518
2231	0.737059616733561
2232	0.777409985270487
2233	0.817162191717733
2234	0.856327331482644
2235	0.894916255194953
2236	0.932939574651491
2237	0.970407668610123
2238	1.0073306884368
2239	1.04371856360952
2240	1.07958100708289
2241	1.1149275205169
2242	1.14976739937338
2243	1.18410973788355
2244	1.2179634338901
2245	1.2513371935668
2246	1.28423953601908
2247	1.31667879776842
2248	1.34866313712365
2249	1.38020053844207
2250	1.41129881628318
2251	1.44196561945788
2252	1.47220843497567
2253	1.50203459189266
2254	1.5314512650628
2255	1.56046547879492
2256	0
2257	0.0511904138805351
2258	0.101577770146852
2259	0.151177737855423
2260	0.20000562958099
2261	0.248076410201106
2262	0.295404705456518
2263	0.3420048102932
2264	0.38789069699167
2265	0.433076023089119
2266	0.47757413909968
2267	0.521398096038092
2268	0.564560652751806
2269	0.60707428306652
2270	0.648951182749943
2271	0.690203276298495
2272	0.730842223551515
2273	0.770879426137441
2274	0.810326033756292
2275	0.849192950302687
2276	0.88749083983352
2277	0.9252301323843
2278	0.962421029638053
2279	0.999073510450611
2280	1.03519733623598
2281	1.0708020562154
2282	1.10589701253359
2283	1.14049134524571
2284	1.17459399717815
2285	1.20821371866668
2286	1.24135907217487
2287	1.27403843679607
2288	1.30626001264179
2289	1.33803182511946
2290	1.36936172910253
2291	1.40025741299545
2292	1.43072640269648
2293	1.46077606546077
2294	1.49041361366639
2295	1.51964610848577
2296	1.54848046346497
2297	0
2298	0.0510130352423291
2299	0.101227371243876
2300	0.150658565981154
2301	0.199321823822097
2302	0.247232004235852
2303	0.294403630280374
2304	0.340850896873552
2305	0.386587678853487
2306	0.431627538833366
2307	0.475983734856237
2308	0.519669227854883
2309	0.562696688921807
2310	0.605078506394256
2311	0.646826792759058
2312	0.687953391381931
2313	0.728469883065791
2314	0.768387592442497
2315	0.807717594202305
2316	0.846470719165258
2317	0.884657560198558
2318	0.922288477983927
2319	0.959373606638809
2320	0.995922859195188
2321	1.03194593293971
2322	1.06745231461866
2323	1.10245128551132
2324	1.13695192637506
2325	1.17096312226546
2326	1.20449356723479
2327	1.23755176891184
2328	1.27014605296622
2329	1.30228456746014
2330	1.33397528709051
2331	1.36522601732424
2332	1.39604439842942
2333	1.42643790940513
2334	1.45641387181243
2335	1.48597945350912
2336	1.51514167229073
2337	1.5439073994401
2338	0
2339	0.0507929517334392
2340	0.100792611901612
2341	0.15001440065797
2342	0.198473388112259
2343	0.246184302947579
2344	0.293161540817647
2345	0.339419172529968
2346	0.384970952020432
2347	0.429830324124751
2348	0.474010432151974
2349	0.517524125265209
2350	0.560383965674527
2351	0.602602235646916
2352	0.644190944338001
2353	0.685161834450138
2354	0.725526388721375
2355	0.765295836249643
2356	0.804481158656433
2357	0.843093096094103
2358	0.881142153100864
2359	0.91863860430735
2360	0.955592499998638
2361	0.992013671535419
2362	1.02791173663797
2363	1.06329610453644
2364	1.09817598099096
2365	1.13256037318486
2366	1.16645809449431
2367	1.1998777691375
2368	1.23282783670665
2369	1.26531655658557
2370	1.29735201225605
2371	1.32894211549563
2372	1.36009461046979
2373	1.39081707772117
2374	1.42111693805843
2375	1.45100145634745
2376	1.48047774520726
2377	1.50955276861325
2378	1.53823334540997
2379	0
2380	0.0505194999126238
2381	0.100252427249166
2382	0.14921403091914
2383	0.197419214217677
2384	0.24488254332736
2385	0.291618255603269
2386	0.337640267646846
2387	0.382962183174051
2388	0.427597300683123
2389	0.471558620927124
2390	0.514858854196326
2391	0.557510427415341
2392	0.599525491059793
2393	0.640915925897196
2394	0.681693349556567
2395	0.721869122931218
2396	0.76145435641902
2397	0.800459916004337
2398	0.838896429185737
2399	0.876774290753426
2400	0.914103668420328
2401	0.950894508310541
2402	0.98715654030889
2403	1.02289928327513
2404	1.05813205012632
2405	1.09286395279071
2406	1.12710390703652
2407	1.16086063717886
2408	1.19414268066773
2409	1.22695839256049
2410	1.25931594988146
2411	1.29122335587179
2412	1.32268844413225
2413	1.35371888266188
2414	1.38432217779492
2415	1.41450567803899
2416	1.44427657781669
2417	1.47364192111336
2418	1.50260860503336
2419	1.5311833832671
2420	0
2421	0.0503321812124586
2422	0.0998823924596976
2423	0.148665765346498
2424	0.196697088897419
2425	0.243990817979693
2426	0.290561081511396
2427	0.33642169046045
2428	0.381586145639854
2429	0.426067645304428
2430	0.469879092554192
2431	0.513033102549391
2432	0.555542009542018
2433	0.597417873728588
2434	0.638672487928783
2435	0.679317384094465
2436	0.719363839653426
2437	0.75882288369217
2438	0.797705302981856
2439	0.836021647851469
2440	0.873782237912151
2441	0.910997167636546
2442	0.947676311796883
2443	0.983829330765461
2444	1.01946567568106
2445	1.05459459348478
2446	1.08922513182859
2447	1.12336614385998
2448	1.15702629288584
2449	1.19021405691863
2450	1.22293773310804
2451	1.25520544206086
2452	1.28702513205219
2453	1.31840458313051
2454	1.34935141111963
2455	1.37987307151997
2456	1.40997686331176
2457	1.43966993266291
2458	1.46895927654362
2459	1.49785174625056
2460	1.52635405084256
2461	0
2462	0.0501681931697516
2463	0.0995584457271774
2464	0.148185786582703
2465	0.196064904722781
2466	0.243210157563689
2467	0.289635579092397
2468	0.335354887800021
2469	0.380381494413227
2470	0.424728509428793
2471	0.468408750456446
2472	0.511434749374904
2473	0.553818759305972
2474	0.595572761411372
2475	0.636708471516915
2476	0.677237346568442
2477	0.717170590923911
2478	0.756519162485839
2479	0.795293778678231
2480	0.833504922272009
2481	0.871162847062846
2482	0.90827758340523
2483	0.944858943606438
2484	0.980916527184069
2485	1.01645972599062
2486	1.05149772920857
2487	1.08603952821927
2488	1.12009392134892
2489	1.1536695184948
2490	1.18677474563482
2491	1.21941784922342
2492	1.25160690047673
2493	1.2833497995498
2494	1.31465427960883
2495	1.34552791080087
2496	1.37597810412386
2497	1.40601211519935
2498	1.43563704795066
2499	1.46485985818866
2500	1.49368735710768
2501	1.52212621469387
2502	0
2503	0.0493541390003231
2504	0.0979503395267027
2505	0.145803120703808
2506	0.192926674918246
2507	0.239334875829332
2508	0.285041286175877
2509	0.330059165384264
2510	0.374401476982961
2511	0.418080895828459
2512	0.461109815147517
2513	0.503500353400466
2514	0.545264360970181
2515	0.586413426681235
2516	0.626958884153618
2517	0.666911817995286
2518	0.706283069837721
2519	0.745083244218523
2520	0.783322714315011
2521	0.821011627532661
2522	0.858159910952134
2523	0.894777276638529
2524	0.930873226816432
2525	0.966457058914206
2526	1.0015378704809
2527	1.03612456397905
2528	1.0702258514566
2529	1.10385025910101
2530	1.13700613167861
2531	1.16970163686219
2532	1.20194476944959
2533	1.2337433554763
2534	1.26510505622453
2535	1.29603737213164
2536	1.32654764660041
2537	1.35664306971371
2538	1.38633068185598
2539	1.41561737724397
2540	1.44450990736908
2541	1.47301488435344
2542	1.5011387842222
2543	0
2544	0.048517043991923
2545	0.0962967177851178
2546	0.143353016289615
2547	0.189699621236506
2548	0.235349908835978
2549	0.280316957240558
2550	0.324613553818616
2551	0.368252202243006
2552	0.411245129399647
2553	0.453604292120676
2554	0.495341383746719
2555	0.536467840522673
2556	0.576994847831321
2557	0.616933346268949
2558	0.65629403756705
2559	0.695087390364082
2560	0.733323645831153
2561	0.771012823155403
2562	0.808164724884743
2563	0.844788942137534
2564	0.880894859680687
2565	0.916491660879571
2566	0.951588332523036
2567	0.986193669526767
2568	1.0203162795181
2569	1.05396458730537
2570	1.08714683923473
2571	1.11987110743733
2572	1.15214529396982
2573	1.18397713485063
2574	1.21537420399504
2575	1.24634391705138
2576	1.27689353514109
2577	1.30703016850496
2578	1.33676078005804
2579	1.36609218885561
2580	1.39503107347238
2581	1.42358397529723
2582	1.45175730174563
2583	1.47955732939186
2584	0
2585	0.048063445176904
2586	0.0954006655390219
2587	0.142025371938856
2588	0.187950969397287
2589	0.233190564570468
2590	0.27775697302692
2591	0.321662726339723
2592	0.364920078998596
2593	0.407541015146497
2594	0.449537255145292
2595	0.490920261974904
2596	0.531701247470223
2597	0.571891178399998
2598	0.611500782391756
2599	0.650540553706736
2600	0.689020758868714
2601	0.726951442150467
2602	0.764342430921572
2603	0.801203340861085
2604	0.837543581038618
2605	0.873372358867175
2606	0.908698684931063
2607	0.943531377692106
2608	0.977879068077274
2609	1.0117502039508
2610	1.04515305447375
2611	1.07809571435394
2612	1.11058610798904
2613	1.14263199350556
2614	1.17424096669648
2615	1.20542046486006
2616	1.23617777054238
2617	1.26652001518615
2618	1.29645418268804
2619	1.32598711286713
2620	1.35512550484649
2621	1.38387592035033
2622	1.41224478691873
2623	1.44023840104223
2624	1.46786293121817
2625	0
2626	0.0460847575437651
2627	0.0914919086391127
2628	0.136233925023496
2629	0.180323004653193
2630	0.223771078336419
2631	0.266589816198378
2632	0.308790633982586
2633	0.350384699192692
2634	0.391382937078911
2635	0.431796036473076
2636	0.471634455476214
2637	0.510908427002444
2638	0.549627964182908
2639	0.587802865633332
2640	0.625442720588739
2641	0.66255691390873
2642	0.69915463095667
2643	0.735244862356023
2644	0.770836408627003
2645	0.80593788470661
2646	0.840557724355068
2647	0.874704184451572
2648	0.908385349182198
2649	0.941609134122748
2650	0.974383290219231
2651	1.0067154076686
2652	1.03861291970234
2653	1.07008310627535
2654	1.10113309766258
2655	1.13176987796585
2656	1.162000288533
2657	1.19183103129178
2658	1.22126867200062
2659	1.25031964341832
2660	1.27899024839491
2661	1.3072866628855
2662	1.33521493888929
2663	1.3627810073155
2664	1.38999068077819
2665	1.41684965632173
2666	0
2667	0.0450680683087352
2668	0.0894835112569638
2669	0.133258163900073
2670	0.176403603980432
2671	0.218931158132097
2672	0.260851907928613
2673	0.302176695777973
2674	0.342916130668669
2675	0.383080593770671
2676	0.422680243895073
2677	0.46172502281605
2678	0.500224660458674
2679	0.538188679956032
2680	0.575626402579028
2681	0.612546952542135
2682	0.648959261688287
2683	0.684872074056033
2684	0.720293950331972
2685	0.755233272191416
2686	0.789698246530167
2687	0.823696909590195
2688	0.85723713098195
2689	0.89032661760596
2690	0.922972917476307
2691	0.955183423448491
2692	0.986965376854147
2693	1.018325871045
2694	1.04927185484837
2695	1.07981013593656
2696	1.10994738411222
2697	1.13969013451197
2698	1.16904479073028
2699	1.19801762786568
2700	1.22661479549133
2701	1.25484232055181
2702	1.28270611018812
2703	1.31021195449254
2704	1.33736552919544
2705	1.36417239828547
2706	1.39063801656505
2707	0
2708	0.0450091193602286
2709	0.0893670617955339
2710	0.133085625445658
2711	0.176176352092172
2712	0.218650533338335
2713	0.260519216632713
2714	0.301793211140568
2715	0.342483093466965
2716	0.382599213235402
2717	0.42215169852569
2718	0.461150461174709
2719	0.499605201943579
2720	0.537525415554672
2721	0.574920395601824
2722	0.611799239337019
2723	0.648170852336702
2724	0.684043953050845
2725	0.719427077237751
2726	0.754328582287569
2727	0.788756651437347
2728	0.822719297880435
2729	0.856224368772944
2730	0.889279549139902
2731	0.921892365683689
2732	0.954070190497257
2733	0.985820244684582
2734	1.01714960189072
2735	1.0480651917438
2736	1.07857380321119
2737	1.10868208787209
2738	1.13839656310859
2739	1.16772361521741
2740	1.19666950244425
2741	1.2252403579428
2742	1.2534421926603
2743	1.28128089815154
2744	1.30876224932312
2745	1.3358919071098
2746	1.36267542108462
2747	1.38911823200449
2748	0
2749	0.0447657096820875
2750	0.0888862232624555
2751	0.13237318645022
2752	0.175237992539034
2753	0.21749178848438
2754	0.259145480827292
2755	0.300209741468458
2756	0.340695013296574
2757	0.380611515674686
2758	0.419969249788197
2759	0.458778003858093
2760	0.497047358222851
2761	0.534786690292427
2762	0.572005179377608
2763	0.608711811397925
2764	0.644915383471277
2765	0.680624508388274
2766	0.7158476189743
2767	0.75059297234215
2768	0.784868654038083
2769	0.818682582083996
2770	0.852042510918425
2771	0.884956035238941
2772	0.917430593748487
2773	0.949473472808119
2774	0.981091809998557
2775	1.01229259759287
2776	1.0430826859426
2777	1.07346878677951
2778	1.10345747643516
2779	1.13305519898037
2780	1.1622682692867
2781	1.19110287601178
2782	1.21956508451068
2783	1.247660839675
2784	1.27539596870166
2785	1.30277618379308
2786	1.3298070847906
2787	1.35649416174285
2788	1.38284279741062
2789	0
2790	0.0445452149038298
2791	0.0884506514867621
2792	0.131727817377301
2793	0.174387971360027
2794	0.216442129359972
2795	0.257901070275853
2796	0.298775341666051
2797	0.339075265291119
2798	0.37881094251654
2799	0.417992259579315
2800	0.456628892721888
2801	0.494730313196838
2802	0.532305792145651
2803	0.569364405354812
2804	0.605915037892385
2805	0.641966388628143
2806	0.677526974640248
2807	0.712605135511398
2808	0.747209037517278
2809	0.781346677710089
2810	0.815025887899842
2811	0.848254338536047
2812	0.881039542492362
2813	0.913388858756672
2814	0.945309496029051
2815	0.976808516229946
2816	1.0078928379209
2817	1.03856923964008
2818	1.06884436315468
2819	1.09872471663255
2820	1.12821667773488
2821	1.15732649663206
2822	1.18606029894481
2823	1.21442408861222
2824	1.24242375068882
2825	1.27006505407237
2826	1.29735365416416
2827	1.32429509546356
2828	1.35089481409847
2829	1.37715814029339
2830	0
2831	0.0442868589877228
2832	0.0879402877220109
2833	0.130971632040949
2834	0.1733919931235
2835	0.215212233365022
2836	0.256442982104467
2837	0.297094641207098
2838	0.337177390506427
2839	0.376701193109022
2840	0.415675800565699
2841	0.454110757912541
2842	0.492015408585099
2843	0.529398899209035
2844	0.566270184270388
2845	0.602638030668555
2846	0.638511022155011
2847	0.673897563660693
2848	0.708805885514919
2849	0.743244047558632
2850	0.777219943154671
2851	0.810741303097722
2852	0.843815699426526
2853	0.876450549140848
2854	0.908653117825652
2855	0.940430523184867
2856	0.971789738487051
2857	1.00273759592523
2858	1.0332807898931
2859	1.06342588017972
2860	1.09317929508481
2861	1.12254733445672
2862	1.15153617265491
2863	1.18015186143908
2864	1.2084003327866
2865	1.23628740164033
2866	1.26381876858833
2867	1.29100002247745
2868	1.31783664296228
2869	1.34433400299131
2870	1.37049737123174
2871	0
2872	0.0439281828782528
2873	0.0872317485396542
2874	0.129921818208278
2875	0.172009274258852
2876	0.213504765941133
2877	0.254418714959911
2878	0.294761320914358
2879	0.334542566600351
2880	0.373772223179291
2881	0.412459855216856
2882	0.450614825595034
2883	0.488246300300705
2884	0.52536325309393
2885	0.561974470059059
2886	0.598088554041661
2887	0.633713928974211
2888	0.668858844093396
2889	0.703531378051822
2890	0.737739442926833
2891	0.771490788129088
2892	0.80479300421347
2893	0.83765352659482
2894	0.870079639170961
2895	0.902078477855367
2896	0.93365703402181
2897	0.96482215786323
2898	0.995580561667039
2899	1.02593882300898
2900	1.05590338786765
2901	1.08548057366172
2902	1.11467657221175
2903	1.14349745262872
2904	1.17194916413089
2905	1.20003753879106
2906	1.22776829421585
2907	1.25514703615884
2908	1.28217926106916
2909	1.3088703585773
2910	1.33522561391958
2911	1.36125021030308
2912	0
2913	0.043788819562767
2914	0.086956446206999
2915	0.129513913883175
2916	0.171472019949813
2917	0.212841330839117
2918	0.253632187579788
2919	0.293854711180671
2920	0.333518807878828
2921	0.372634174255518
2922	0.411210302223493
2923	0.449256483888915
2924	0.486781816291123
2925	0.523795206023387
2926	0.560305373737715
2927	0.596320858536694
2928	0.631850022255254
2929	0.666901053635205
2930	0.701481972395288
2931	0.735600633199418
2932	0.769264729525751
2933	0.802481797439106
2934	0.835259219269217
2935	0.867604227197254
2936	0.899523906752937
2937	0.931025200224557
2938	0.96211490998412
2939	0.992799701729807
2940	1.02308610764784
2941	1.05298052949587
2942	1.08248924160978
2943	1.11161839383606
2944	1.14037401439146
2945	1.16876201265185
2946	1.19678818187219
2947	1.22445820183917
2948	1.25177764145852
2949	1.27875196127832
2950	1.30538651595024
2951	1.33168655663014
2952	1.35765723331961
2953	0
2954	0.0436127927425873
2955	0.0866087177245326
2956	0.128998698662907
2957	0.170793425534071
2958	0.212003360165153
2959	0.252638741684612
2960	0.292709591835536
2961	0.332225720155184
2962	0.371196729024236
2963	0.409632018589088
2964	0.44754079156047
2965	0.48493205789156
2966	0.521814639338691
2967	0.558197173907684
2968	0.594088120188725
2969	0.629495761582666
2970	0.664428210421536
2971	0.698893411985968
2972	0.732899148422208
2973	0.766453042561264
2974	0.79956256164272
2975	0.83223502094565
2976	0.864477587329025
2977	0.896297282683925
2978	0.92770098729982
2979	0.958695443147121
2980	0.989287257078145
2981	1.01948290394859
2982	1.04928872966154
2983	1.07871095413599
2984	1.10775567420185
2985	1.13642886642324
2986	1.16473638985197
2987	1.19268398871299
2988	1.22027729502351
2989	1.24752183114747
2990	1.2744230122871
2991	1.30098614891312
2992	1.32721644913504
2993	1.35311902101334
2994	0
2995	0.0425030859561148
2996	0.0844165707752844
2997	0.125750683242062
2998	0.166515436375133
2999	0.20672063255118
3000	0.246375868500037
3001	0.285490540174433
3002	0.324073847497558
3003	0.362134798991597
3004	0.399682216290268
3005	0.436724738538376
3006	0.473270826681257
3007	0.509328767646955
3008	0.544906678423884
3009	0.58001251003665
3010	0.614654051422653
3011	0.648838933212015
3012	0.682574631413304
3013	0.715868471007474
3014	0.748727629452384
3015	0.781159140100162
3016	0.813169895529673
3017	0.844766650796243
3018	0.875956026600772
3019	0.906744512380292
3020	0.937138469321979
3021	0.967144133302577
3022	0.99676761775514
3023	1.02601491646496
3024	1.05489190629645
3025	1.08340434985283
3026	1.11155789807021
3027	1.13935809274788
3028	1.1668103690163
3029	1.19392005774447
3030	1.22069238788821
3031	1.24713248878084
3032	1.27324539236773
3033	1.29903603538609
3034	1.32450926149158
3035	0
3036	0.0416246057295736
3037	0.0826811954742929
3038	0.123179447887376
3039	0.163128840085647
3040	0.202538652403226
3041	0.241417973026159
3042	0.279775702511037
3043	0.317620558190597
3044	0.354961078469189
3045	0.391805627010958
3046	0.428162396823468
3047	0.464039414239472
3048	0.499444542799429
3049	0.534385487037314
3050	0.568869796172201
3051	0.602904867708033
3052	0.636497950943929
3053	0.669656150397323
3054	0.702386429142161
3055	0.734695612064329
3056	0.766590389036443
3057	0.798077318014038
3058	0.829162828055193
3059	0.859853222265527
3060	0.890154680670484
3061	0.920073263016763
3062	0.949614911504696
3063	0.978785453453342
3064	1.00759060390001
3065	1.03603596813589
3066	1.0641270441794
3067	1.09186922518887
3068	1.11926780181608
3069	1.14632796450218
3070	1.1730548057174
3071	1.19945332214609
3072	1.22552841681836
3073	1.2512849011898
3074	1.27672749717044
3075	1.3018608391044
3076	0
3077	0.041206443313534
3078	0.0818551453178137
3079	0.121955522799892
3080	0.161516797783752
3081	0.200548002107791
3082	0.239057981887836
3083	0.277055401868632
3084	0.314548749666656
3085	0.351546339907054
3086	0.388056318257412
3087	0.424086665361008
3088	0.459645200672123
3089	0.494739586195916
3090	0.529377330135313
3091	0.563565790447289
3092	0.597312178310863
3093	0.63062356150907
3094	0.663506867727098
3095	0.695968887768754
3096	0.728016278693329
3097	0.75965556687491
3098	0.79089315098611
3099	0.821735304908152
3100	0.852188180569196
3101	0.882257810712718
3102	0.911950111597748
3103	0.9412708856327
3104	0.97022582394447
3105	0.998820508884483
3106	1.02706041647326
3107	1.05495091878512
3108	1.08249728627444
3109	1.10970469004513
3110	1.1365782040646
3111	1.16312280732369
3112	1.18934338594397
3113	1.21524473523375
3114	1.240831561694
3115	1.26610848497559
3116	1.29108003978897
3117	0
3118	0.0410534701386766
3119	0.0815529576744937
3120	0.121507783597998
3121	0.160927076614498
3122	0.199819777657092
3123	0.238194644286902
3124	0.276060254983419
3125	0.313425013327768
3126	0.350297152081652
3127	0.386684737164633
3128	0.422595671532381
3129	0.458037698958399
3130	0.493018407721719
3131	0.527545234202975
3132	0.561625466391182
3133	0.595266247303532
3134	0.62847457832041
3135	0.661257322437809
3136	0.693621207439264
3137	0.725572828989338
3138	0.757118653650696
3139	0.788265021826689
3140	0.819018150631376
3141	0.849384136688815
3142	0.879368958863439
3143	0.908978480923279
3144	0.938218454137732
3145	0.967094519811555
3146	0.995612211756703
3147	1.0237769587036
3148	1.05159408665337
3149	1.07906882117256
3150	1.10620628963179
3151	1.13301152338976
3152	1.159489459924
3153	1.18564494490977
3154	1.2114827342483
3155	1.23700749604583
3156	1.26222381254453
3157	1.28713618200663
3158	0
3159	0.0408157524345714
3160	0.0810833632318995
3161	0.120812004516394
3162	0.160010659977737
3163	0.198688129283742
3164	0.23685303238303
3165	0.274513813700357
3166	0.311678746227349
3167	0.34835593551131
3168	0.384553323544739
3169	0.420278692558083
3170	0.455539668718208
3171	0.490343725735005
3172	0.524698188378489
3173	0.558610235908662
3174	0.592086905420395
3175	0.62513509510549
3176	0.657761567434037
3177	0.689972952257139
3178	0.721775749833001
3179	0.753176333778359
3180	0.784180953947127
3181	0.814795739238154
3182	0.84502670033387
3183	0.874879732371597
3184	0.904360617549244
3185	0.933475027667053
3186	0.962228526607021
3187	0.990626572751598
3188	1.01867452134319
3189	1.04637762678601
3190	1.07374104489163
3191	1.1007698350699
3192	1.12746896246631
3193	1.15384330004744
3194	1.17989763063562
3195	1.20563664889421
3196	1.23106496326465
3197	1.25618709785666
3198	1.28100749429252
3199	0
3200	0.0384576358810754
3201	0.0764250714455171
3202	0.113910002092626
3203	0.150919972983349
3204	0.187462382459468
3205	0.223544485378521
3206	0.259173396366601
3207	0.294356092991133
3208	0.329099418855667
3209	0.363410086618667
3210	0.397294680938252
3211	0.430759661344756
3212	0.463811365042952
3213	0.496456009645731
3214	0.52869969584098
3215	0.560548409993357
3216	0.592008026682612
3217	0.623084311180075
3218	0.653782921864882
3219	0.684109412581454
3220	0.714069234939738
3221	0.743667740559651
3222	0.772910183261145
3223	0.801801721201266
3224	0.830347418959557
3225	0.858552249573112
3226	0.88642109652254
3227	0.913958755670103
3228	0.941169937151223
3229	0.968059267220537
3230	0.994631290053649
3231	1.0208904695057
3232	1.04684119082783
3233	1.07248776234264
3234	1.09783441707962
3235	1.12288531437156
3236	1.14764454141305
3237	1.17211611478178
3238	1.19630398192386
3239	1.22021202260379
3240	0
3241	0.0380482251694675
3242	0.0756163096596279
3243	0.112711692484204
3244	0.149341669050127
3245	0.185513394404215
3246	0.221233886400066
3247	0.256510028787222
3248	0.291348574224573
3249	0.325756147219925
3250	0.359739246997629
3251	0.393304250296081
3252	0.426457414096895
3253	0.459204878287465
3254	0.491552668258641
3255	0.523506697439127
3256	0.555072769768244
3257	0.586256582108598
3258	0.617063726600192
3259	0.647499692957456
3260	0.677569870710651
3261	0.707279551393051
3262	0.736633930675275
3263	0.765638110448112
3264	0.794297100855133
3265	0.822615822276373
3266	0.850599107264305
3267	0.878251702433318
3268	0.905578270303873
3269	0.932583391102485
3270	0.959271564518628
3271	0.985647211419668
3272	1.01171467552488
3273	1.03747822503953
3274	1.06294205425018
3275	1.08811028508189
3276	1.11298696861869
3277	1.13757608658782
3278	1.16188155280898
3279	1.18590721460928
3280	1.20965685420479
3281	0
3282	0.0376064516727963
3283	0.0747436174901362
3284	0.111418659813592
3285	0.147638604553718
3286	0.183410344230571
3287	0.218740640959302
3288	0.253636129362751
3289	0.288103319412872
3290	0.322148599202819
3291	0.35577823765145
3292	0.38899838714196
3293	0.421815086096323
3294	0.454234261487167
3295	0.486261731288675
3296	0.517903206868048
3297	0.549164295319052
3298	0.580050501739101
3299	0.610567231451315
3300	0.640719792172942
3301	0.670513396131504
3302	0.699953162129981
3303	0.729044117562334
3304	0.757791200380607
3305	0.786199261014843
3306	0.814273064246994
3307	0.842017291039992
3308	0.869436540323109
3309	0.896535330734706
3310	0.923318102323448
3311	0.949789218209021
3312	0.975952966203381
3313	1.00181356039352
3314	1.0273751426867
3315	1.05264178431916
3316	1.0776174873291
3317	1.10230618599497
3318	1.12671174823979
3319	1.15083797700252
3320	1.17468861157714
3321	1.19826732892034
3322	0
3323	0.0365605985474374
3324	0.0726776089137582
3325	0.108357538515143
3326	0.143606775257306
3327	0.178431590155311
3328	0.212838139889956
3329	0.246832469302338
3330	0.280420513828158
3331	0.313608101873298
3332	0.346400957132149
3333	0.37880470085014
3334	0.410824854031873
3335	0.442466839596254
3336	0.47373598447993
3337	0.504637521690366
3338	0.535176592309807
3339	0.56535824745138
3340	0.595187450168532
3341	0.624669077318979
3342	0.653807921384316
3343	0.682608692246397
3344	0.711076018921574
3345	0.739214451253848
3346	0.767028461567976
3347	0.794522446283519
3348	0.821700727490831
3349	0.848567554489921
3350	0.875127105293138
3351	0.901383488092567
3352	0.927340742693026
3353	0.953002841911528
3354	0.978373692944027
3355	1.00345713870029
3356	1.02825695910767
3357	1.05277687238456
3358	1.07702053628426
3359	1.10099154931009
3360	1.1246934519023
3361	1.14812972759759
3362	1.17130380416197
3363	0
3364	0.0365542982418251
3365	0.0726651631074463
3366	0.108339098067599
3367	0.143582487184604
3368	0.178401597729528
3369	0.212802582735981
3370	0.246791483492167
3371	0.280374231972733
3372	0.313556653211959
3373	0.346344467619758
3374	0.378743293241941
3375	0.410758647966148
3376	0.442395951674819
3377	0.473660528346555
3378	0.504557608107139
3379	0.535092329231525
3380	0.565269740098003
3381	0.595094801095748
3382	0.624572386486944
3383	0.653707286224603
3384	0.682504207727203
3385	0.710967777611236
3386	0.73910254338271
3387	0.766912975088642
3388	0.794403466929549
3389	0.821578338833907
3390	0.848441837995529
3391	0.874998140374805
3392	0.901251352164689
3393	0.927205511222323
3394	0.952864588467163
3395	0.978232489246429
3396	1.0033130546687
3397	1.02811006290646
3398	1.05262723046835
3399	1.07686821344186
3400	1.10083660870731
3401	1.12453595512361
3402	1.14796973468679
3403	1.17114137366169
3404	0
3405	0.0357464138609495
3406	0.0710692448861013
3407	0.105974490624146
3408	0.140468042301332
3409	0.174555687098202
3410	0.208243110371838
3411	0.241535897825003
3412	0.274439537623501
3413	0.306959422463079
3414	0.339100851587123
3415	0.370869032756387
3416	0.402269084171977
3417	0.433306036352742
3418	0.463984833968231
3419	0.494310337628328
3420	0.524287325630645
3421	0.553920495666736
3422	0.583214466488172
3423	0.612173779533453
3424	0.640802900516778
3425	0.669106220979584
3426	0.697088059805813
3427	0.724752664701798
3428	0.752104213641658
3429	0.779146816279052
3430	0.805884515326136
3431	0.832321287900543
3432	0.858461046841169
3433	0.88430764199355
3434	0.909864861465583
3435	0.935136432854319
3436	0.960126024444558
3437	0.984837246379933
3438	1.00927365180717
3439	1.03343873799417
3440	1.05733594742262
3441	1.08096866885564
3442	1.10434023838124
3443	1.12745394043203
3444	1.1503130087819
3445	0
3446	0.0356743685937161
3447	0.0709269245770803
3448	0.105763620381821
3449	0.140190303284202
3450	0.174212717651399
3451	0.20783650713418
3452	0.241067216807245
3453	0.273910295258553
3454	0.306371096628895
3455	0.338454882602995
3456	0.370166824353333
3457	0.40151200443789
3458	0.432495418652969
3459	0.46312197784221
3460	0.493396509662922
3461	0.523323760310766
3462	0.552908396203863
3463	0.582155005627327
3464	0.611068100339212
3465	0.639652117138845
3466	0.667911419398477
3467	0.69585029855917
3468	0.723472975591814
3469	0.750783602424138
3470	0.777786263334569
3471	0.804484976313752
3472	0.830883694394546
3473	0.856986306951281
3474	0.88279664096902
3475	0.908318462283597
3476	0.933555476793133
3477	0.958511331641748
3478	0.983189616376151
3479	1.00759386407579
3480	1.03172755245719
3481	1.05559410495315
3482	1.07919689176739
3483	1.10253923090527
3484	1.12562438918116
3485	1.14845558320304
3486	0
3487	0.0355761802986769
3488	0.0707329605732138
3489	0.105476231766809
3490	0.139811781257634
3491	0.173745295063833
3492	0.207282359995912
3493	0.240428465757829
3494	0.273189006998099
3495	0.305569285312144
3496	0.337574511197136
3497	0.369209805960512
3498	0.400480203583327
3499	0.431390652539583
3500	0.461946017572626
3501	0.492151081429703
3502	0.522010546555708
3503	0.551529036747154
3504	0.580711098767353
3505	0.609561203923782
3506	0.638083749608574
3507	0.666283060803055
3508	0.694163391547226
3509	0.721728926375055
3510	0.748983781716446
3511	0.775932007266693
3512	0.802577587324249
3513	0.828924442097572
3514	0.854976428981848
3515	0.880737343806301
3516	0.906210922052852
3517	0.931400840046811
3518	0.95631071612031
3519	0.980944111749142
3520	1.00530453266367
3521	1.02939542993445
3522	1.05322020103313
3523	1.07678219086939
3524	1.10008469280431
3525	1.12313094964088
3526	1.1459241545922
3527	0
3528	0.0353989677241298
3529	0.0703828897172027
3530	0.104957545946452
3531	0.139128615684546
3532	0.172901679639908
3533	0.206282222036381
3534	0.23927563264349
3535	0.271887208758557
3536	0.304122157141869
3537	0.335985595906085
3538	0.367482556361024
3539	0.398617984814948
3540	0.429396744333442
3541	0.459823616456942
3542	0.489903302877947
3543	0.519640427078924
3544	0.549039535931889
3545	0.57810510126062
3546	0.606841521366428
3547	0.635253122518403
3548	0.663344160409016
3549	0.691118821575938
3550	0.718581224790916
3551	0.74573542241653
3552	0.772585401731617
3553	0.799135086226151
3554	0.825388336866336
3555	0.851348953330634
3556	0.877020675217471
3557	0.902407183225298
3558	0.927512100305712
3559	0.952338992790285
3560	0.976891371491752
3561	1.0011726927802
3562	1.02518635963488
3563	1.04893572267218
3564	1.07242408115047
3565	1.09565468395223
3566	1.11863073054415
3567	1.14135537191571
3568	0
3569	0.0349117461646578
3570	0.0694204181272077
3571	0.103531490741759
3572	0.137250346059785
3573	0.170582275255145
3574	0.203532480503788
3575	0.236106076819278
3576	0.268308093845246
3577	0.300143477605842
3578	0.331617092215233
3579	0.362733721547183
3580	0.39349807086569
3581	0.423914768417667
3582	0.453988366988607
3583	0.483723345422146
3584	0.513124110104438
3585	0.542194996414196
3586	0.570940270139268
3587	0.599364128860569
3588	0.627470703304183
3589	0.655264058662421
3590	0.682748195884598
3591	0.709927052938293
3592	0.736804506041803
3593	0.763384370868514
3594	0.789670403723877
3595	0.815666302695663
3596	0.841375708778165
3597	0.866802206970967
3598	0.891949327352927
3599	0.91682054613197
3600	0.941419286671285
3601	0.96574892049251
3602	0.989812768256465
3603	1.01361410072198
3604	1.03715613968333
3605	1.06044205888692
3606	1.08347498492746
3607	1.10625799812448
3608	1.12879413337934
3609	0
3610	0.0326903608326145
3611	0.0650322291586401
3612	0.0970296887323736
3613	0.128686766487099
3614	0.160007433524059
3615	0.190995606080513
3616	0.221655146477387
3617	0.251989864046998
3618	0.282003516041314
3619	0.311699808521235
3620	0.341082397227309
3621	0.370154888432361
3622	0.398920839776425
3623	0.427383761084422
3624	0.455547115166972
3625	0.483414318604747
3626	0.510988742516745
3627	0.538273713312865
3628	0.565272513431138
3629	0.591988382059994
3630	0.618424515845892
3631	0.64458406958666
3632	0.670470156910882
3633	0.696085850943652
3634	0.721434184959
3635	0.746518153019321
3636	0.771340710602076
3637	0.79590477521409
3638	0.820213226993701
3639	0.844268909301061
3640	0.868074629296852
3641	0.891633158509677
3642	0.914947233392393
3643	0.938019555867629
3644	0.960852793862739
3645	0.983449581834432
3646	1.0058125212833
3647	1.02794418125851
3648	1.04984709885279
3649	1.07152377968805
3650	0
3651	0.0325774224940981
3652	0.0648091274913799
3653	0.0966991280206814
3654	0.128251382119182
3655	0.159469793773785
3656	0.190358213842827
3657	0.220920440958589
3658	0.251160222411051
3659	0.281081255013344
3660	0.310687185949314
3661	0.339981613603642
3662	0.368968088374902
3663	0.397650113471978
3664	0.426031145694214
3665	0.454114596195691
3666	0.481903831233986
3667	0.509402172903783
3668	0.536612899855691
3669	0.563539248000597
3670	0.59018441119991
3671	0.616551541942001
3672	0.642643752005173
3673	0.668464113107463
3674	0.694015657543582
3675	0.719301378809282
3676	0.744324232213454
3677	0.769087135478214
3678	0.793592969327268
3679	0.817844578062825
3680	0.841844770131296
3681	0.865596318678066
3682	0.889101962091555
3683	0.912364404536833
3684	0.935386316479016
3685	0.958170335196661
3686	0.980719065285414
3687	1.00303507915209
3688	1.02512091749946
3689	1.04697908980183
3690	1.06861207477182
3691	0
3692	0.0325273599859974
3693	0.0647102325618882
3694	0.0965525994058262
3695	0.128058388015213
3696	0.159231472626981
3697	0.190075675118761
3698	0.220594765891383
3699	0.250792464733137
3700	0.280672441666253
3701	0.310238317775975
3702	0.33949366602268
3703	0.368442012037399
3704	0.397086834901159
3705	0.425431567908505
3706	0.453479599315569
3707	0.481234273073063
3708	0.508698889544521
3709	0.535876706210151
3710	0.562770938356618
3711	0.589384759753087
3712	0.615721303313846
3713	0.641783661747807
3714	0.667574888195195
3715	0.693097996851717
3716	0.718355963580493
3717	0.743351726512035
3718	0.768088186632534
3719	0.792568208360739
3720	0.81679462011367
3721	0.840770214861423
3722	0.864497750671321
3723	0.88797995124164
3724	0.911219506425149
3725	0.934219072742697
3726	0.956981273887062
3727	0.979508701217285
3728	1.0018039142437
3729	1.02386944110389
3730	1.04570777902966
3731	1.06732139480548
3732	0
3733	0.0324633083650338
3734	0.0645837031333929
3735	0.0963651258721361
3736	0.127811465005067
3737	0.158926556706029
3738	0.189714185773782
3739	0.220178086488904
3740	0.250321943453125
3741	0.280149392411508
3742	0.309664021057892
3743	0.338869369823956
3744	0.367768932652325
3745	0.396366157754053
3746	0.424664448350867
3747	0.452667163402513
3748	0.480377618319565
3749	0.507799085662007
3750	0.534934795823939
3751	0.561787937704717
3752	0.588361659366829
3753	0.614659068680836
3754	0.640683233957643
3755	0.666437184568412
3756	0.691923911552389
3757	0.717146368212923
3758	0.74210747070194
3759	0.766810098593142
3760	0.791257095444176
3761	0.815451269348029
3762	0.83939539347389
3763	0.863092206597716
3764	0.886544413622726
3765	0.909754686090059
3766	0.932725662679813
3767	0.955459949702669
3768	0.977960121582327
3769	1.00022872132894
3770	1.02226826100375
3771	1.04408122217514
3772	1.06567005636628
3773	0
3774	0.0324084065225413
3775	0.0644752484424824
3776	0.0962044329456601
3777	0.127599814963946
3778	0.158665198045409
3779	0.189404335206657
3780	0.2198209297678
3781	0.249918636170405
3782	0.279701060778869
3783	0.309171762665584
3784	0.338334254380265
3785	0.367192002703818
3786	0.395748429387103
3787	0.42400691187493
3788	0.451970784015655
3789	0.479643336756671
3790	0.507027818826152
3791	0.534127437401343
3792	0.560945358763718
3793	0.587484708941292
3794	0.613748574338394
3795	0.63974000235318
3796	0.66546200198316
3797	0.690917544419024
3798	0.716109563627012
3799	0.741040956920109
3800	0.765714585518302
3801	0.790133275098145
3802	0.814299816331884
3803	0.838216965416362
3804	0.861887444591939
3805	0.885313942651655
3806	0.908499115440837
3807	0.931445586347383
3808	0.954155946782914
3809	0.976632756654998
3810	0.998878544830655
3811	1.02089580959132
3812	1.04268701907944
3813	1.06425461173697
3814	0
3815	0.0319541359725416
3816	0.0635778692316365
3817	0.0948748224849321
3818	0.125848573544309
3819	0.156502656004618
3820	0.1868405599096
3821	0.21686573240527
3822	0.246581578381042
3823	0.275991461098875
3824	0.3050987028107
3825	0.333906585364388
3826	0.362418350798511
3827	0.390637201926144
3828	0.418566302907957
3829	0.446208779814807
3830	0.473567721180095
3831	0.500646178542075
3832	0.527447166976366
3833	0.553973665618855
3834	0.58022861817921
3835	0.606214933445209
3836	0.631935485778077
3837	0.657393115599021
3838	0.682590629867162
3839	0.707530802549043
3840	0.732216375079888
3841	0.756650056816794
3842	0.780834525484024
3843	0.804772427610572
3844	0.828466378960156
3845	0.851918964953803
3846	0.875132741085187
3847	0.898110233328856
3848	0.920853938541514
3849	0.943366324856492
3850	0.965649832071549
3851	0.987706872030153
3852	1.00953982899635
3853	1.03115106002341
3854	1.05254289531626
3855	0
3856	0.0316624911747396
3857	0.0630017456451546
3858	0.0940212034819509
3859	0.12472426458408
3860	0.155114289234583
3861	0.185194598646822
3862	0.214968475501293
3863	0.244439164473222
3864	0.27360987275114
3865	0.302483770546626
3866	0.331063991595388
3867	0.359353633649882
3868	0.387355758963636
3869	0.415073394767435
3870	0.44250953373757
3871	0.46966713445627
3872	0.496549121864516
3873	0.523158387707368
3874	0.549497790971967
3875	0.575570158318358
3876	0.60137828450328
3877	0.626924932797062
3878	0.652212835393774
3879	0.677244693814749
3880	0.70202317930563
3881	0.726550933227053
3882	0.750830567439101
3883	0.774864664679656
3884	0.798655778936758
3885	0.8222064358151
3886	0.845519132896761
3887	0.868596340096313
3888	0.891440500010374
3889	0.914054028261758
3890	0.936439313838291
3891	0.958598719426415
3892	0.980534581739674
3893	1.00224921184218
3894	1.02374489546717
3895	1.04502389333069
3896	0
3897	0.0304812427876229
3898	0.0606682733444639
3899	0.0905637920071603
3900	0.120170478074256
3901	0.149490989864289
3902	0.178527964777247
3903	0.207284019359237
3904	0.235761749370255
3905	0.263963729854921
3906	0.291892515216044
3907	0.31955063929092
3908	0.346940615430222
3909	0.374064936579381
3910	0.400926075362348
3911	0.427526484167625
3912	0.453868595236466
3913	0.479954820753141
3914	0.50578755293718
3915	0.53136916413748
3916	0.556702006928208
3917	0.581788414206391
3918	0.606630699291122
3919	0.631231156024289
3920	0.655592058872747
3921	0.679715663031866
3922	0.70360420453036
3923	0.727259900336344
3924	0.750684948464529
3925	0.773881528084505
3926	0.796851799630027
3927	0.819597904909251
3928	0.84212196721586
3929	0.864426091441006
3930	0.886512364186023
3931	0.908382853875845
3932	0.930039610873083
3933	0.951484667592703
3934	0.972720038617247
3935	0.993747720812565
3936	1.01456969344399
3937	0
3938	0.030217502698716
3939	0.0601472735287112
3940	0.0897918476644681
3941	0.119153743514392
3942	0.148235462667768
3943	0.17703948984797
3944	0.205568292871725
3945	0.233824322614207
3946	0.261810012979787
3947	0.289527780878212
3948	0.316980026206056
3949	0.344169131833239
3950	0.371097463594444
3951	0.397767370285256
3952	0.424181183662861
3953	0.45034121845113
3954	0.476249772349948
3955	0.501909126048607
3956	0.527321543243149
3957	0.552489270657478
3958	0.577414538068124
3959	0.602099558332514
3960	0.62654652742062
3961	0.650757624449847
3962	0.674735011723045
3963	0.698480834769525
3964	0.721997222388948
3965	0.745286286697983
3966	0.768350123179628
3967	0.791190810735069
3968	0.813810411737989
3969	0.836210972091212
3970	0.858394521285602
3971	0.880363072461097
3972	0.902118622469806
3973	0.923663151941069
3974	0.944998625348394
3975	0.966126991078193
3976	0.987050181500217
3977	1.00777011303964
3978	0
3979	0.0299469009491869
3980	0.05961271898969
3981	0.0889998198368542
3982	0.118110556823109
3983	0.146947270730895
3984	0.175512289634829
3985	0.203807928752798
3986	0.231836490305725
3987	0.259600263385718
3988	0.287101523832341
3989	0.314342534116742
3990	0.341325543233405
3991	0.368052786599253
3992	0.394526485959895
3993	0.420748849302764
3994	0.446722070776932
3995	0.47244833061938
3996	0.497929795087514
3997	0.523168616397723
3998	0.548166932669768
3999	0.572926867876822
4000	0.597450531800961
4001	0.62174001999393
4002	0.645797413743
4003	0.669624780041743
4004	0.693224171565563
4005	0.716597626651811
4006	0.739747169284327
4007	0.762674809082263
4008	0.785382541293024
4009	0.807872346789188
4010	0.830146192069269
4011	0.852206029262168
4012	0.874053796135201
4013	0.895691416105559
4014	0.917120798255077
4015	0.938343837348192
4016	0.959362413852973
4017	0.980178393965098
4018	1.00079362963468
4019	0
4020	0.0295945574604196
4021	0.0589166894498114
4022	0.0879685410351914
4023	0.11675225060786
4024	0.14526994956786
4025	0.173523762021535
4026	0.201515804491803
4027	0.229248185640756
4028	0.256723006004231
4029	0.283942357737976
4030	0.310908324375077
4031	0.337622980594295
4032	0.36408839199899
4033	0.390306614906305
4034	0.416279696146303
4035	0.442009672870748
4036	0.467498572371236
4037	0.492748411906397
4038	0.517761198537865
4039	0.542538928974777
4040	0.56708358942651
4041	0.591397155463411
4042	0.61548159188527
4043	0.639338852597286
4044	0.662970880493303
4045	0.686379607346073
4046	0.709566953704329
4047	0.73253482879645
4048	0.755285130440512
4049	0.777819744960509
4050	0.80014054710856
4051	0.822249399992885
4052	0.844148155011393
4053	0.865838651790675
4054	0.887322718130226
4055	0.908602169951739
4056	0.929678811253284
4057	0.950554434068226
4058	0.971230818428707
4059	0.991709732333549
4060	0
4061	0.0292220656324837
4062	0.0581808582967686
4063	0.0868782897940322
4064	0.115316271283296
4065	0.143496712808922
4066	0.171421522845303
4067	0.199092607858253
4068	0.226511871882604
4069	0.253681216115557
4070	0.280602538525309
4071	0.307277733474522
4072	0.333708691358202
4073	0.359897298255559
4074	0.385845435595443
4075	0.411554979834956
4076	0.437027802150851
4077	0.462265768143345
4078	0.487270737551968
4079	0.512044563983105
4080	0.536589094648871
4081	0.560906170116989
4082	0.584997624071341
4083	0.608865283082867
4084	0.632510966390506
4085	0.655936485691879
4086	0.679143644943413
4087	0.702134240169621
4088	0.724910059281269
4089	0.747472881902147
4090	0.769824479204185
4091	0.791966613750667
4092	0.813901039347274
4093	0.835629500900743
4094	0.857153734284876
4095	0.878475466213692
4096	0.899596414121489
4097	0.920518286049607
4098	0.941242780539674
4099	0.961771586533136
4100	0.982106383276868
4101	0
4102	0.0286691665541811
4103	0.0570886454325075
4104	0.0852600021937499
4105	0.113184810710288
4106	0.140864652462627
4107	0.168301115857179
4108	0.195495795566665
4109	0.22245029189248
4110	0.249166210148427
4111	0.275645160065186
4112	0.301888755214961
4113	0.327898612455698
4114	0.353676351394354
4115	0.379223593868643
4116	0.404541963446756
4117	0.429633084944525
4118	0.454498583959543
4119	0.479140086421746
4120	0.503559218159992
4121	0.527757604484171
4122	0.551736869782404
4123	0.575498637132887
4124	0.599044527929969
4125	0.62237616152404
4126	0.645495154874836
4127	0.668403122217765
4128	0.691101674742885
4129	0.713592420286143
4130	0.73587696303255
4131	0.757956903230903
4132	0.779833836919751
4133	0.801509355664243
4134	0.82298504630356
4135	0.844262490708609
4136	0.865343265549669
4137	0.886228942073698
4138	0.906921085891023
4139	0.927421256771115
4140	0.947731008447186
4141	0.967851888429344
4142	0
4143	0.0282157834723118
4144	0.0561930193519283
4145	0.0839329892751907
4146	0.111436990535872
4147	0.138706335188645
4148	0.165742349180799
4149	0.192546371511425
4150	0.219119753417295
4151	0.245463857584699
4152	0.271580057386515
4153	0.2974697361438
4154	0.323134286411227
4155	0.348575109285689
4156	0.373793613737432
4157	0.398791215963067
4158	0.42356933875987
4159	0.448129410920749
4160	0.472472866649303
4161	0.496601144994414
4162	0.520515689303805
4163	0.544217946696038
4164	0.567709367550426
4165	0.590991405014347
4166	0.614065514527468
4167	0.636933153362405
4168	0.659595780181328
4169	0.682054854608087
4170	0.70431183681538
4171	0.726368187126565
4172	0.748225365631666
4173	0.76988483181719
4174	0.791348044209337
4175	0.812616460030225
4176	0.833691534866759
4177	0.854574722351767
4178	0.875267473857046
4179	0.895771238197989
4180	0.916087461349431
4181	0.936217586172405
4182	0.956163052151479
4183	0
4184	0.0272565131560229
4185	0.0542980489660649
4186	0.0811252883418935
4187	0.107738943390805
4188	0.134139756114877
4189	0.160328497149
4190	0.186305964536655
4191	0.212072982542364
4192	0.237630400499851
4193	0.262979091694901
4194	0.28811995228199
4195	0.313053900233736
4196	0.337781874322293
4197	0.362304833131784
4198	0.386623754100947
4199	0.410739632595127
4200	0.43465348100684
4201	0.458366327884095
4202	0.481879217085711
4203	0.5051932069629
4204	0.528309369566359
4205	0.551228789878187
4206	0.573952565067935
4207	0.596481803772102
4208	0.618817625396447
4209	0.640961159440468
4210	0.662913544843429
4211	0.684675929351347
4212	0.706249468904337
4213	0.727635327043751
4214	0.748834674338566
4215	0.76984868783047
4216	0.790678550497116
4217	0.811325450733055
4218	0.831790581847822
4219	0.852075141580719
4220	0.872180331631799
4221	0.892107357208609
4222	0.911857426588241
4223	0.931431750694253
4224	0
4225	0.0263063695488211
4226	0.0524211077458566
4227	0.0783443004937263
4228	0.104076080280844
4229	0.129616624480294
4230	0.154966153697939
4231	0.180124930168414
4232	0.205093256197725
4233	0.229871472651179
4234	0.254459957485407
4235	0.278859124323313
4236	0.303069421070739
4237	0.327091328573757
4238	0.350925359315446
4239	0.374572056151102
4240	0.398031991080827
4241	0.421305764058468
4242	0.444394001835938
4243	0.467297356841923
4244	0.490016506094061
4245	0.512552150143664
4246	0.534905012052089
4247	0.557075836397908
4248	0.579065388314016
4249	0.600874452553854
4250	0.622503832585973
4251	0.643954349716117
4252	0.665226842236117
4253	0.686322164598813
4254	0.707241186618316
4255	0.7279847926949
4256	0.748553881063843
4257	0.768949363067557
4258	0.789172162450363
4259	0.809223214675282
4260	0.829103466262231
4261	0.848813874147036
4262	0.868355405060667
4263	0.887729034928159
4264	0.906935748286641
4265	0
4266	0.0258433587243568
4267	0.0515064627435091
4268	0.0769891080084587
4269	0.102291144555772
4270	0.127412474611354
4271	0.152353050748535
4272	0.177112874099006
4273	0.201691992615178
4274	0.226090499382567
4275	0.250308530980865
4276	0.274346265892368
4277	0.298203922956491
4278	0.321881759869106
4279	0.345380071725511
4280	0.368699189605818
4281	0.391839479201638
4282	0.414801339482922
4283	0.437585201403872
4284	0.460191526646862
4285	0.482620806403334
4286	0.504873560190664
4287	0.526950334704007
4288	0.548851702702181
4289	0.570578261926659
4290	0.592130634052754
4291	0.613509463672126
4292	0.634715417305755
4293	0.655749182446541
4294	0.676611466630721
4295	0.697302996537314
4296	0.717824517114826
4297	0.738176790734455
4298	0.758360596369091
4299	0.778376728797369
4300	0.798225997832117
4301	0.817909227572501
4302	0.837427255679233
4303	0.856780932672181
4304	0.875971121249792
4305	0.894998695629697
4306	0
4307	0.0258319241193888
4308	0.0514838744934397
4309	0.0769556399124533
4310	0.102247063437511
4311	0.127358040499428
4312	0.152288517052153
4313	0.177038487779128
4314	0.201607994351198
4315	0.225997123734662
4316	0.250206006548119
4317	0.274234815466788
4318	0.298083763673015
4319	0.321753103351712
4320	0.345243124229524
4321	0.368554152156524
4322	0.39168654772929
4323	0.414640704954233
4324	0.437417049950097
4325	0.46001603968855
4326	0.482438160771834
4327	0.504683928246474
4328	0.526753884452052
4329	0.548648597904093
4330	0.570368662210139
4331	0.591914695018093
4332	0.613287336995961
4333	0.634487250842128
4334	0.655515120325335
4335	0.676371649353538
4336	0.697057561070864
4337	0.717573596981891
4338	0.737920516102492
4339	0.758099094136533
4340	0.778110122677687
4341	0.797954408435702
4342	0.817632772486417
4343	0.837146049544901
4344	0.856495087261052
4345	0.875680745537051
4346	0.894703895866056
4347	0
4348	0.023528100298853
4349	0.0469328341453434
4350	0.0702125476044428
4351	0.0933656783288499
4352	0.116390752687159
4353	0.139286382971777
4354	0.162051264684463
4355	0.184684173897409
4356	0.207183964687861
4357	0.229549566644288
4358	0.251779982442214
4359	0.273874285487819
4360	0.295831617627531
4361	0.317651186921804
4362	0.339332265481392
4363	0.360874187364426
4364	0.382276346532678
4365	0.403538194865406
4366	0.424659240229258
4367	0.445639044602703
4368	0.466477222253553
4369	0.487173437968123
4370	0.507727405330656
4371	0.52813888505166
4372	0.548407683343831
4373	0.568533650344288
4374	0.588516678581877
4375	0.608356701488313
4376	0.62805369195199
4377	0.647607660913311
4378	0.667018656000399
4379	0.686286760204116
4380	0.705412090591318
4381	0.724394797055315
4382	0.743235061102524
4383	0.761933094674341
4384	0.780489139003272
4385	0.798903463502401
4386	0.817176364687276
4387	0.835308165129354
4388	0
4389	0.0228354595192934
4390	0.0455645714742075
4391	0.0681852481767561
4392	0.0906955047459579
4393	0.113093455944139
4394	0.135377313100594
4395	0.15754538112028
4396	0.179596055575274
4397	0.201527819876785
4398	0.223339242525585
4399	0.245028974438743
4400	0.266595746350644
4401	0.288038366286304
4402	0.309355717105047
4403	0.330546754112662
4404	0.351610502740214
4405	0.372546056287723
4406	0.393352573730978
4407	0.414029277589787
4408	0.43457545185603
4409	0.454990439979903
4410	0.4752736429128
4411	0.495424517205303
4412	0.515442573158819
4413	0.535327373029406
4414	0.555078529282395
4415	0.574695702896446
4416	0.594178601715701
4417	0.613526978848749
4418	0.63274063111313
4419	0.651819397524172
4420	0.670763157826948
4421	0.6895718310702
4422	0.708245374221095
4423	0.726783780819714
4424	0.745187079672202
4425	0.763455333581524
4426	0.781588638114833
4427	0.799587120406428
4428	0.817450937995372
4429	0
4430	0.0223055780310503
4431	0.0445178282244816
4432	0.0666343310642235
4433	0.088652778424141
4434	0.110570970181055
4435	0.132386810920942
4436	0.15409830673584
4437	0.175703562109029
4438	0.197200776886165
4439	0.218588243330039
4440	0.23986434325677
4441	0.261027545251231
4442	0.282076401959619
4443	0.30300954745709
4444	0.32382569468847
4445	0.344523632980086
4446	0.36510222562082
4447	0.385560407510527
4448	0.405897182874035
4449	0.426111623038948
4450	0.446202864275574
4451	0.466170105697288
4452	0.486012607219733
4453	0.505729687577271
4454	0.525320722395154
4455	0.544785142315921
4456	0.564122431178566
4457	0.58333212424906
4458	0.602413806500854
4459	0.621367110944012
4460	0.640191717001672
4461	0.658887348932564
4462	0.677453774298343
4463	0.695890802474534
4464	0.714198283203906
4465	0.732376105191149
4466	0.750424194737725
4467	0.76834251441581
4468	0.786131061780291
4469	0.803789868117758
4470	0
4471	0.021824790196624
4472	0.0435680660014141
4473	0.0652271068141716
4474	0.0867993112123531
4475	0.108282193361496
4476	0.129673379524105
4477	0.150970604664389
4478	0.172171709146287
4479	0.193274635522315
4480	0.214277425410807
4481	0.235178216459201
4482	0.255975239391079
4483	0.276666815134728
4484	0.297251352031053
4485	0.317727343118721
4486	0.338093363494488
4487	0.358348067746683
4488	0.378490187459924
4489	0.398518528789139
4490	0.418431970101058
4491	0.438229459681369
4492	0.457910013505773
4493	0.477472713073249
4494	0.49691670329985
4495	0.516241190471414
4496	0.535445440253614
4497	0.554528775757813
4498	0.573490575661223
4499	0.592330272379921
4500	0.611047350293296
4501	0.629641344018555
4502	0.648111836733934
4503	0.666458458549319
4504	0.684680884922992
4505	0.70277883512327
4506	0.720752070733825
4507	0.73860039420151
4508	0.756323647425549
4509	0.773921710386974
4510	0.791394499817232
4511	0
4512	0.020288743480962
4513	0.0405337147991972
4514	0.0607312314348135
4515	0.0808777549261979
4516	0.100969886633181
4517	0.121004363615539
4518	0.140978054623777
4519	0.160887956199218
4520	0.180731188880485
4521	0.200504993513575
4522	0.220206727662755
4523	0.239833862119611
4524	0.259383977507653
4525	0.278854760979911
4526	0.298244003007086
4527	0.317549594253819
4528	0.336769522540749
4529	0.355901869890081
4530	0.374944809652431
4531	0.393896603712793
4532	0.412755599773521
4533	0.431520228712273
4534	0.450189002012919
4535	0.468760509267471
4536	0.487233415747139
4537	0.505606460040673
4538	0.523878451758194
4539	0.542048269298761
4540	0.560114857679987
4541	0.578077226428026
4542	0.595934447526336
4543	0.613685653421639
4544	0.631330035085549
4545	0.648866840130377
4546	0.666295370977669
4547	0.683614983078062
4548	0.700825083181075
4549	0.717925127653518
4550	0.734914620845189
4551	0.751793113500616
4552	0
4553	0.0200293002817491
4554	0.0400212031838853
4555	0.059971863715206
4556	0.0798775851452047
4557	0.0997348146579109
4558	0.119540139123918
4559	0.13929028098747
4560	0.158982094265551
4561	0.178612560656012
4562	0.198178785751842
4563	0.217677995358767
4564	0.237107531913433
4565	0.256464850999504
4566	0.275747517959075
4567	0.294953204596872
4568	0.314079685974765
4569	0.333124837294198
4570	0.35208663086421
4571	0.370963133152745
4572	0.389752501919061
4573	0.408452983425071
4574	0.4270629097235
4575	0.445580696020846
4576	0.464004838113115
4577	0.482333909892418
4578	0.500566560922529
4579	0.518701514081566
4580	0.536737563270012
4581	0.55467357118232
4582	0.572508467140414
4583	0.590241244987435
4584	0.607870961040112
4585	0.625396732098201
4586	0.642817733509461
4587	0.660133197288686
4588	0.677342410289346
4589	0.694444712426415
4590	0.711439494949047
4591	0.728326198761724
4592	0.745104312792614
4593	0
4594	0.0180115486712857
4595	0.0360352781709562
4596	0.0540660799296959
4597	0.0720990263220831
4598	0.0901293654701879
4599	0.108152516187526
4600	0.126164063059658
4601	0.144159751657822
4602	0.162135483882077
4603	0.180087313430532
4604	0.198011441391334
4605	0.215904211954141
4606	0.233762108237946
4607	0.251581748232156
4608	0.269359880847916
4609	0.287093382076784
4610	0.30477925125389
4611	0.32241460742281
4612	0.339996685799479
4613	0.357522834332489
4614	0.374990510357233
4615	0.392397277341403
4616	0.409740801719407
4617	0.427018849813359
4618	0.444229284838328
4619	0.461370063989621
4620	0.478439235609909
4621	0.495434936434084
4622	0.512355388909768
4623	0.52919889859148
4624	0.545963851606474
4625	0.562648712190372
4626	0.579252020290711
4627	0.595772389236604
4628	0.612208503472753
4629	0.628559116356098
4630	0.644823048013435
4631	0.660999183258372
4632	0.677086469566048
4633	0.693083915104059
4634	0
4635	0.0173511497345713
4636	0.0347307069706601
4637	0.0521331495768266
4638	0.0695531470625545
4639	0.0869855551035696
4640	0.104425410214769
4641	0.121867924566865
4642	0.139308480942934
4643	0.156742627831193
4644	0.174166074650381
4645	0.191574687104247
4646	0.208964482661736
4647	0.226331626159536
4648	0.24367242552376
4649	0.260983327607591
4650	0.278260914141852
4651	0.29550189779547
4652	0.312703118342961
4653	0.329861538936075
4654	0.346974242476853
4655	0.364038428089408
4656	0.381051407687799
4657	0.398010602637476
4658	0.414913540507781
4659	0.431757851913123
4660	0.448541267440439
4661	0.465261614660682
4662	0.481916815222082
4663	0.498504882023018
4664	0.515023916462385
4665	0.531472105765392
4666	0.547847720382793
4667	0.564149111461583
4668	0.580374708385284
4669	0.596523016381934
4670	0.612592614198015
4671	0.628582151836525
4672	0.644490348357524
4673	0.660315989739454
4674	0.676057926799637
4675	0
4676	0.0170452379739719
4677	0.0341264000123609
4678	0.0512377724123747
4679	0.0683738380672511
4680	0.0855292708626715
4681	0.102698930224146
4682	0.119877855811382
4683	0.137061262355757
4684	0.154244534637111
4685	0.17142322259617
4686	0.188593036579027
4687	0.205749842710186
4688	0.222889658390754
4689	0.240008647918495
4690	0.257103118226499
4691	0.27416951473734
4692	0.291204417329665
4693	0.308204536414226
4694	0.325166709116476
4695	0.342087895562885
4696	0.358965175268243
4697	0.375795743621267
4698	0.392576908465906
4699	0.409306086775808
4700	0.42598080141948
4701	0.442598678013725
4702	0.45915744186303
4703	0.475654914982608
4704	0.492089013202876
4705	0.508457743353216
4706	0.524759200522902
4707	0.540991565397139
4708	0.557153101666235
4709	0.573242153505939
4710	0.589257143127072
4711	0.605196568392589
4712	0.62105900050029
4713	0.636843081729431
4714	0.652547523249524
4715	0.668171102989677
4716	0
4717	0.0169593223817541
4718	0.0339566798613545
4719	0.0509863049330225
4720	0.0680426280786562
4721	0.0851202721280398
4722	0.10221404677097
4723	0.119318943217285
4724	0.136430129000892
4725	0.153542942923984
4726	0.170652890137746
4727	0.187755637355935
4728	0.204847008197831
4729	0.221922978657128
4730	0.238979672693438
4731	0.256013357943167
4732	0.273020441546597
4733	0.289997466088103
4734	0.306941105646511
4735	0.323848161952673
4736	0.340715560651431
4737	0.35754034766519
4738	0.374319685656419
4739	0.391050850586452
4740	0.407731228368037
4741	0.424358311609148
4742	0.440929696445633
4743	0.457443079460349
4744	0.473896254686486
4745	0.490287110692839
4746	0.506613627748857
4747	0.522873875067352
4748	0.539066008122797
4749	0.555188266043208
4750	0.571238969073658
4751	0.587216516109506
4752	0.603119382297496
4753	0.618946116702917
4754	0.634695340041069
4755	0.650365742471308
4756	0.665956081452022
4757	0
4758	0.0168558889585678
4759	0.0337523544793237
4760	0.0506835642832983
4761	0.0676438857545963
4762	0.0846278802570203
4763	0.101630297603749
4764	0.118646070676025
4765	0.135670310186917
4766	0.152698299586324
4767	0.169725490103485
4768	0.186747495923372
4769	0.203760089493402
4770	0.220759196957057
4771	0.237740893711017
4772	0.254701400082574
4773	0.271637077124118
4774	0.288544422521606
4775	0.305420066614008
4776	0.322260768520767
4777	0.339063412374433
4778	0.35582500365568
4779	0.372542665627984
4780	0.389213635869332
4781	0.405835262898385
4782	0.422405002892585
4783	0.438920416495782
4784	0.455379165712983
4785	0.471779010889939
4786	0.488117807775287
4787	0.504393504663087
4788	0.520604139613587
4789	0.536747837750162
4790	0.55282280863039
4791	0.568827343689301
4792	0.584759813752866
4793	0.600618666619879
4794	0.616402424710393
4795	0.632109682778948
4796	0.647739105690861
4797	0.663289426259906
4798	0
4799	0.0166020286400394
4800	0.0332508714483276
4801	0.0499405371707565
4802	0.0666652383282781
4803	0.0834193854265573
4804	0.100197581321466
4805	0.116994615736305
4806	0.133805459926745
4807	0.150625261489584
4808	0.167449339311525
4809	0.18427317865427
4810	0.201092426372326
4811	0.217902886260026
4812	0.234700514524329
4813	0.251481415380088
4814	0.268241836764542
4815	0.284978166167875
4816	0.301686926576774
4817	0.318364772527986
4818	0.335008486268979
4819	0.351614974022847
4820	0.368181262354721
4821	0.38470449463698
4822	0.401181927610646
4823	0.417610928040422
4824	0.433988969460882
4825	0.450313629011394
4826	0.466582584357428
4827	0.482793610695953
4828	0.498944577842687
4829	0.51503344739904
4830	0.531058269996613
4831	0.547017182617207
4832	0.562908405986339
4833	0.578730242038292
4834	0.594481071450812
4835	0.610159351247603
4836	0.625763612466793
4837	0.641292457893646
4838	0.656744559855782
4839	0
4840	0.0161661088125416
4841	0.0323897427865811
4842	0.0486646376816079
4843	0.0649847400931272
4844	0.0813442014786236
4845	0.0977373723441569
4846	0.114158796587349
4847	0.13060320599263
4848	0.147065514874731
4849	0.163540814866499
4850	0.180024369847228
4851	0.196511611007786
4852	0.212998132048941
4853	0.229479684509335
4854	0.245952173219712
4855	0.262411651880036
4856	0.278854318756262
4857	0.295276512493588
4858	0.311674708043114
4859	0.328045512698895
4860	0.344385662242478
4861	0.360692017192064
4862	0.376961559153541
4863	0.393191387270667
4864	0.409378714771796
4865	0.425520865610583
4866	0.441615271198163
4867	0.457659467224399
4868	0.473651090565819
4869	0.489587876277959
4870	0.505467654669851
4871	0.521288348458493
4872	0.537047970001172
4873	0.552744618603566
4874	0.56837647790162
4875	0.583941813315232
4876	0.599438969571836
4877	0.61486636829803
4878	0.630222505677434
4879	0.64550595017302
4880	0
4881	0.0161185395333495
4882	0.032295773053738
4883	0.0485254065313096
4884	0.0648013575427426
4885	0.0811177492771697
4886	0.0974689047032507
4887	0.113849340893146
4888	0.130253763499247
4889	0.146677061379631
4890	0.163114301368314
4891	0.179560723186473
4892	0.196011734490918
4893	0.212462906056182
4894	0.228909967086699
4895	0.245348800655639
4896	0.261775439267032
4897	0.278186060537944
4898	0.294576982997509
4899	0.310944661999737
4900	0.327285685747082
4901	0.34359677142184
4902	0.359874761422522
4903	0.376116619702421
4904	0.392319428207666
4905	0.408480383412124
4906	0.424596792946592
4907	0.44066607231977
4908	0.456685741728586
4909	0.472653422955502
4910	0.488566836350492
4911	0.504423797895452
4912	0.520222216348835
4913	0.535960090468415
4914	0.551635506310061
4915	0.56724663460054
4916	0.582791728182361
4917	0.59826911952875
4918	0.61367721832689
4919	0.629014509127612
4920	0.644279549059772
4921	0
4922	0.0149180475398309
4923	0.0299242863752127
4924	0.0450116706912829
4925	0.0601733857250786
4926	0.0754028412655921
4927	0.0906936653281683
4928	0.106039697998647
4929	0.121434985442773
4930	0.136873774076513
4931	0.152350504893034
4932	0.167859807942212
4933	0.183396496958635
4934	0.198955564134199
4935	0.214532175031453
4936	0.230121663634003
4937	0.245719527530332
4938	0.261321423227523
4939	0.276923161591456
4940	0.29252070341012
4941	0.308110155076802
4942	0.323687764389976
4943	0.3392499164668
4944	0.354793129767231
4945	0.370314052225817
4946	0.385809457488314
4947	0.401276241250377
4948	0.416711417695586
4949	0.432112116030212
4950	0.447475577112132
4951	0.462799150171419
4952	0.478080289620164
4953	0.493316551949167
4954	0.508505592709203
4955	0.523645163574604
4956	0.538733109486988
4957	0.553767365876994
4958	0.568745955961967
4959	0.583666988117567
4960	0.598528653321335
4961	0.613329222666316
4962	0
4963	0.0130586075571561
4964	0.0262510947402515
4965	0.0395692512959206
4966	0.0530051281415905
4967	0.0665510300820042
4968	0.080199508720513
4969	0.0939433555600106
4970	0.107775595288509
4971	0.121689479244495
4972	0.135678479057322
4973	0.149736280458035
4974	0.16385677725612
4975	0.178034065477819
4976	0.192262437661736
4977	0.206536377307596
4978	0.220850553474109
4979	0.235199815522008
4980	0.249579187998428
4981	0.263983865658902
4982	0.278409208623326
4983	0.292850737662378
4984	0.307304129610919
4985	0.321765212905044
4986	0.336229963239507
4987	0.350694499342336
4988	0.365155078863548
4989	0.379608094374938
4990	0.39405006947802
4991	0.408477655017239
4992	0.42288762539569
4993	0.437276874990616
4994	0.451642414666055
4995	0.465981368380054
4996	0.480290969883957
4997	0.494568559511323
4998	0.508811581054093
4999	0.523017578723715
5000	0.537184194194943
5001	0.551309163730155
5002	0.565390315382023
5003	0
5004	0.0128915327052044
5005	0.0259210502352825
5006	0.0390802377094582
5007	0.0523610441239982
5008	0.0657556749983326
5009	0.0792565852177818
5010	0.0928564720677102
5011	0.106548268454065
5012	0.120325136305391
5013	0.134180460151528
5014	0.148107840874357
5015	0.162101089626031
5016	0.176154221910297
5017	0.190261451822603
5018	0.204417186444789
5019	0.218616020390305
5020	0.232852730495977
5021	0.247122270656436
5022	0.261419766797482
5023	0.275740511984674
5024	0.29007996166361
5025	0.3044337290284
5026	0.318797580514948
5027	0.333167431415756
5028	0.347539341613023
5029	0.361909511426936
5030	0.376274277576077
5031	0.390630109247015
5032	0.404973604270165
5033	0.41930148539913
5034	0.433610596690765
5035	0.447897899983319
5036	0.462160471470042
5037	0.476395498365736
5038	0.490600275663793
5039	0.504772202981317
5040	0.518908781489999
5041	0.533007610930473
5042	0.547066386707939
5043	0.561082897066897
5044	0
5045	0.0124958280202833
5046	0.0251393637317599
5047	0.0379220444512104
5048	0.0508355777820153
5049	0.0638719340935339
5050	0.0770233392014347
5051	0.0902822672436894
5052	0.103641433747073
5053	0.117093788879156
5054	0.130632510880895
5055	0.144250999675068
5056	0.157942870645922
5057	0.171701948585513
5058	0.185522261802346
5059	0.199398036388039
5060	0.213323690637843
5061	0.227293829620954
5062	0.241303239896672
5063	0.255346884372556
5064	0.269419897300824
5065	0.28351757940936
5066	0.29763539316376
5067	0.311768958156967
5068	0.32591404662312
5069	0.340066579072344
5070	0.354222620043271
5071	0.368378373970195
5072	0.382530181161828
5073	0.396674513888695
5074	0.410807972576316
5075	0.424927282101355
5076	0.439029288188035
5077	0.453110953902137
5078	0.467169356240036
5079	0.481201682810226
5080	0.495205228604904
5081	0.509177392859221
5082	0.523115675995877
5083	0.537017676652809
5084	0.550881088791749
5085	0
5086	0.0116466532121984
5087	0.0234618792037624
5088	0.0354365835120915
5089	0.0475619557159754
5090	0.0598294615571449
5091	0.0722308352721071
5092	0.0847580721287271
5093	0.0974034211621673
5094	0.110159378104933
5095	0.123018678505912
5096	0.135974291033438
5097	0.149019410957513
5098	0.162147453806487
5099	0.175352049193587
5100	0.18862703480882
5101	0.201966450571895
5102	0.215364532941913
5103	0.228815709379696
5104	0.242314592958729
5105	0.255855977120788
5106	0.269434830572452
5107	0.283046292318764
5108	0.296685666830433
5109	0.31034841934105
5110	0.324030171270881
5111	0.337726695773903
5112	0.351433913404817
5113	0.365147887902876
5114	0.378864822089446
5115	0.392581053876283
5116	0.406293052381604
5117	0.41999741415111
5118	0.433690859481172
5119	0.44737022884149
5120	0.461032479394588
5121	0.47467468160958
5122	0.488294015967719
5123	0.501887769757295
5124	0.515453333955512
5125	0.528988200195056
5126	0
5127	0.0113655714694083
5128	0.0229066221823058
5129	0.0346138816540607
5130	0.0464783679943447
5131	0.0584913799102432
5132	0.0706444889227349
5133	0.0829295317909273
5134	0.095338603138577
5135	0.10786404827757
5136	0.120498456223178
5137	0.13323465289603
5138	0.1460656945059
5139	0.158984861112499
5140	0.171985650358624
5141	0.185061771371118
5142	0.198207138825209
5143	0.211415867167939
5144	0.224682264996468
5145	0.238000829587192
5146	0.251366241571673
5147	0.264773359755528
5148	0.278217216076498
5149	0.291693010698021
5150	0.305196107234742
5151	0.318722028106466
5152	0.332266450017172
5153	0.345825199555783
5154	0.359394248915474
5155	0.37296971172839
5156	0.386547839012721
5157	0.400125015229168
5158	0.41369775444391
5159	0.427262696595246
5160	0.440816603861188
5161	0.45435635712532
5162	0.467878952538323
5163	0.481381498172655
5164	0.494861210767887
5165	0.508315412564332
5166	0.521741528222593
5167	0
5168	0.0113003861871998
5169	0.0227778532865299
5170	0.0344230899923297
5171	0.046227074649103
5172	0.0581810672271589
5173	0.0702766015123407
5174	0.0825054775042069
5175	0.0948597540171764
5176	0.107331741479296
5177	0.119913994923425
5178	0.132599307165769
5179	0.145380702166835
5180	0.158251428569988
5181	0.171204953412942
5182	0.184234956007633
5183	0.197335321984013
5184	0.210500137493473
5185	0.223723683567667
5186	0.237000430628645
5187	0.250325033146305
5188	0.263692324439284
5189	0.277097311615491
5190	0.290535170648609
5191	0.304001241586971
5192	0.31749102389132
5193	0.33100017189805
5194	0.344524490404607
5195	0.358059930373842
5196	0.371602584754148
5197	0.385148684412349
5198	0.398694594176336
5199	0.412236808984575
5200	0.425771950139636
5201	0.439296761663012
5202	0.452808106748541
5203	0.466302964311821
5204	0.479778425633082
5205	0.493231691091041
5206	0.50666006698533
5207	0.520060962445151
5208	0
5209	0.0111050141476117
5210	0.0223919096969508
5211	0.0338512529943771
5212	0.0454739032010176
5213	0.057251004186082
5214	0.0691739766364115
5215	0.0812345103765704
5216	0.0934245568939385
5217	0.105736322063407
5218	0.118162259066426
5219	0.130695061499275
5220	0.143327656665593
5221	0.156053199048292
5222	0.168865063956142
5223	0.181756841340425
5224	0.194722329777167
5225	0.207755530610596
5226	0.220850642253568
5227	0.234002054640821
5228	0.247204343831038
5229	0.260452266753777
5230	0.273740756097468
5231	0.287064915334732
5232	0.300420013881423
5233	0.313801482385838
5234	0.327204908144682
5235	0.340626030642424
5236	0.3540607372108
5237	0.367505058805278
5238	0.380955165895398
5239	0.394407364465988
5240	0.407858092126307
5241	0.421303914324285
5242	0.434741520663055
5243	0.448167721317104
5244	0.46157944354537
5245	0.474973728298758
5246	0.488347726919552
5247	0.501698697930294
5248	0.515024003909773
5249	0
5250	0.0107523236306794
5251	0.0216951946275768
5252	0.0328189584714037
5253	0.0441142591704596
5254	0.055572031005331
5255	0.0671834904936973
5256	0.0789401285694542
5257	0.0908337029705126
5258	0.10285623082978
5259	0.114999981463979
5260	0.127257469355087
5261	0.139621447319336
5262	0.152084899858821
5263	0.164641036690914
5264	0.1772832864508
5265	0.19000529056257
5266	0.202800897274429
5267	0.215664155853702
5268	0.228589310937411
5269	0.241570797034336
5270	0.254603233174555
5271	0.267681417702579
5272	0.280800323210297
5273	0.293955091606031
5274	0.30714102931612
5275	0.320353602615539
5276	0.333588433084129
5277	0.34684129318514
5278	0.360108101962847
5279	0.373384920856103
5280	0.386667949624752
5281	0.399953522385934
5282	0.413238103757374
5283	0.426518285104818
5284	0.439790780890882
5285	0.453052425122608
5286	0.466300167895138
5287	0.47953107202895
5288	0.492742309798186
5289	0.505931159747657
5290	0
5291	0.010262660277151
5292	0.0207278994468309
5293	0.0313857563474999
5294	0.0422265762766902
5295	0.0532410025293697
5296	0.0644199681617934
5297	0.0757546879749101
5298	0.0872366507115478
5299	0.0988576114617516
5300	0.110609584270796
5301	0.122484834944537
5302	0.134475874046907
5303	0.146575450084494
5304	0.158776542873283
5305	0.171072357082753
5306	0.183456315952664
5307	0.195922055177984
5308	0.208463416957524
5309	0.221074444201967
5310	0.233749374897088
5311	0.24648263661808
5312	0.259268841190993
5313	0.272102779497415
5314	0.284979416418607
5315	0.297893885915431
5316	0.31084148624046
5317	0.323817675278813
5318	0.336818066014295
5319	0.349838422117544
5320	0.362874653652962
5321	0.375922812901289
5322	0.388979090294774
5323	0.402039810461963
5324	0.415101428379201
5325	0.428160525626042
5326	0.441213806741811
5327	0.45425809568064
5328	0.467290332362386
5329	0.480307569316885
5330	0.493306968419068
5331	0
5332	0.0101594272374464
5333	0.0205239699081377
5334	0.0310836022028298
5335	0.0418286064435018
5336	0.0527495645782193
5337	0.0638373499026196
5338	0.0750831190020564
5339	0.0864783039085995
5340	0.0980146044672344
5341	0.109683980905756
5342	0.121478646602997
5343	0.133391061050165
5344	0.145413923000212
5345	0.157540163800272
5346	0.169762940902363
5347	0.182075631547639
5348	0.194471826619635
5349	0.206945324662042
5350	0.219490126056685
5351	0.232100427357472
5352	0.244770615776212
5353	0.257495263816292
5354	0.270269124050311
5355	0.283087124037889
5356	0.295944361379934
5357	0.308836098905779
5358	0.321757759989682
5359	0.334704923993272
5360	0.347673321830614
5361	0.360658831652664
5362	0.373657474647953
5363	0.386665410956432
5364	0.399678935693495
5365	0.412694475081257
5366	0.425708582684267
5367	0.438717935746879
5368	0.451719331629609
5369	0.464709684341851
5370	0.477686021168401
5371	0.490645479387325
5372	0
5373	0.00976744680684921
5374	0.0197496404045488
5375	0.0299363095136537
5376	0.0403174973351748
5377	0.050883552880269
5378	0.061625122530857
5379	0.0725331418250964
5380	0.0835988274617925
5381	0.0948136695179884
5382	0.106169423874123
5383	0.117658104841295
5384	0.129271977985316
5385	0.141003553142364
5386	0.152845577621206
5387	0.164791029587063
5388	0.176833111622341
5389	0.188965244459576
5390	0.201181060882033
5391	0.213474399787578
5392	0.225839300411481
5393	0.238269996703994
5394	0.250760911858601
5395	0.263306652986983
5396	0.275902005936821
5397	0.288541930248673
5398	0.301221554248256
5399	0.31393617027056
5400	0.326681230012315
5401	0.339452340009431
5402	0.352245257236094
5403	0.365055884822334
5404	0.377880267886903
5405	0.390714589482453
5406	0.403555166650013
5407	0.416398446579907
5408	0.429241002876282
5409	0.442079531922508
5410	0.454910849344799
5411	0.467731886571433
5412	0.480539687485064
5413	0
5414	0.00898688630104047
5415	0.018207698557954
5416	0.0276516766803011
5417	0.037308387701485
5418	0.0471677167795276
5419	0.0572198584373505
5420	0.0674553080362607
5421	0.07786485347651
5422	0.0884395671189532
5423	0.0991707979219907
5424	0.11005016378813
5425	0.121069544114653
5426	0.132221072543012
5427	0.143497129901732
5428	0.154890337337721
5429	0.166393549631023
5430	0.177999848688197
5431	0.189702537209603
5432	0.201495132526028
5433	0.213371360600176
5434	0.225325150188697
5435	0.237350627160509
5436	0.249442108967297
5437	0.261594099262192
5438	0.273801282662699
5439	0.286058519654095
5440	0.298360841629573
5441	0.310703446063538
5442	0.323081691814541
5443	0.33549109455442
5444	0.347927322320333
5445	0.360386191186425
5446	0.372863661051981
5447	0.385355831542986
5448	0.397858938024093
5449	0.41036934771809
5450	0.422883555930017
5451	0.435398182373179
5452	0.447909967594353
5453	0.460415769495562
5454	0
5455	0.00883173661508165
5456	0.0179012113715211
5457	0.0271975670193741
5458	0.036710275945627
5459	0.0464291311095966
5460	0.0563442372195372
5461	0.0664460021441151
5462	0.0767251285525711
5463	0.0871726057775579
5464	0.0977797018947948
5465	0.108537956013835
5466	0.119439170774392
5467	0.130475405042813
5468	0.141638966803439
5469	0.15292240623971
5470	0.164318509000031
5471	0.175820289643532
5472	0.187420985260977
5473	0.199114049266223
5474	0.210893145353719
5475	0.222752141617693
5476	0.234685104828743
5477	0.246686294863703
5478	0.258750159284731
5479	0.270871328063698
5480	0.283044608448033
5481	0.295264979964306
5482	0.30752758955591
5483	0.319827746851302
5484	0.332160919559374
5485	0.344522728988573
5486	0.35690894568653
5487	0.369315485197001
5488	0.38173840393103
5489	0.394173895149313
5490	0.406618285052829
5491	0.419068028978878
5492	0.43151970769974
5493	0.443970023821245
5494	0.456415798278601
5495	0
5496	0.00800133974696212
5497	0.0162608213303825
5498	0.0247670674802597
5499	0.0335090440141505
5500	0.0424760504226559
5501	0.0516577107052382
5502	0.0610439644497895
5503	0.0706250581495418
5504	0.0803915367510794
5505	0.0903342354273758
5506	0.100444271569936
5507	0.110713036994284
5508	0.121132190353176
5509	0.131693649752089
5510	0.142389585561638
5511	0.153212413421766
5512	0.164154787432644
5513	0.175209593527359
5514	0.186369943021632
5515	0.197629166335867
5516	0.208980806885028
5517	0.220418615131895
5518	0.231936542799417
5519	0.243528737237956
5520	0.25518953594335
5521	0.266913461221805
5522	0.278695214997774
5523	0.290529673761018
5524	0.302411883649208
5525	0.314337055662479
5526	0.326300561006459
5527	0.338297926560385
5528	0.350324830466999
5529	0.362377097841025
5530	0.374450696593076
5531	0.386541733365964
5532	0.398646449580434
5533	0.410761217587428
5534	0.422882536924079
5535	0.435007030670686
5536	0
5537	0.00616088496965179
5538	0.012625133620357
5539	0.0193802161327306
5540	0.02641397558632
5541	0.0337146177695576
5542	0.041270701260266
5543	0.0490711277696049
5544	0.0571051327425393
5545	0.065362276208087
5546	0.0738324338727815
5547	0.0825057884509563
5548	0.0913728212256265
5549	0.100424303833905
5550	0.109651290271045
5551	0.119045109107374
5552	0.128597355912493
5553	0.138299885881325
5554	0.148144806656667
5555	0.158124471343106
5556	0.168231471707237
5557	0.178458631559308
5558	0.188799000311486
5559	0.199245846708123
5560	0.209792652723474
5561	0.220433107622467
5562	0.231161102180234
5563	0.241970723056202
5564	0.252856247318707
5565	0.263812137116127
5566	0.274833034490702
5567	0.285913756331269
5568	0.297049289461241
5569	0.30823478585829
5570	0.319465558002234
5571	0.330737074347764
5572	0.342044954918712
5573	0.353384967020654
5574	0.364753021068729
5575	0.376145166527627
5576	0.387557587960791
5577	0
5578	0.00561666922542769
5579	0.0115500740659084
5580	0.0177873438974213
5581	0.0243159898099916
5582	0.0311238941883222
5583	0.0381993005689546
5584	0.0455308037666959
5585	0.0531073402632375
5586	0.0609181788510763
5587	0.0689529115260296
5588	0.0772014446218109
5589	0.085653990180304
5590	0.0943010575513399
5591	0.103133445215943
5592	0.112142232827172
5593	0.121318773462831
5594	0.130654686084482
5595	0.140141848197332
5596	0.149772388705707
5597	0.159538680958978
5598	0.169433335982907
5599	0.179449195891561
5600	0.189579327475019
5601	0.199817015958257
5602	0.210155758926694
5603	0.220589260414031
5604	0.231111425148082
5605	0.241716352950459
5606	0.252398333286042
5607	0.263151839958304
5608	0.273971525946634
5609	0.284852218381914
5610	0.29578891365673
5611	0.306776772666634
5612	0.317811116179028
5613	0.328887420326291
5614	0.34000131221988
5615	0.351148565682206
5616	0.362325097093183
5617	0.373526961348426
5618	0
5619	0.00488303522772623
5620	0.0101008322035259
5621	0.0156400608792062
5622	0.0214877848038997
5623	0.0276314503955559
5624	0.0340588764970227
5625	0.0407582442092439
5626	0.0477180869942927
5627	0.0549272810411524
5628	0.0623750358873434
5629	0.0700508852896712
5630	0.0779446783375516
5631	0.0860465708025356
5632	0.0943470167178285
5633	0.102836760181755
5634	0.111506827379282
5635	0.120348518815873
5636	0.129353401758077
5637	0.13851330287543
5638	0.147820301078366
5639	0.157266720546978
5640	0.166845123945616
5641	0.176548305818432
5642	0.1863692861611
5643	0.196301304164085
5644	0.206337812122942
5645	0.216472469511245
5646	0.22669913721187
5647	0.237011871902453
5648	0.247404920590969
5649	0.25787271529748
5650	0.268409867878194
5651	0.279011164988084
5652	0.289671563178431
5653	0.300386184125708
5654	0.311150309988377
5655	0.321959378888188
5656	0.332808980512732
5657	0.343694851836023
5658	0.354612872954014
5659	0
5660	0.00251975445349457
5661	0.00543233886582466
5662	0.00872294322969564
5663	0.0123771894151586
5664	0.0163811194452609
5665	0.0207211840822492
5666	0.0253842317161758
5667	0.030357497547966
5668	0.0356285930592181
5669	0.0411854957612058
5670	0.0470165392157519
5671	0.0531104033208323
5672	0.0594561048539585
5673	0.0660429882665663
5674	0.0728607167228162
5675	0.0798992633763862
5676	0.087148902879001
5677	0.0946002031146095
5678	0.102244017153279
5679	0.110071475419033
5680	0.118073978066004
5681	0.126243187557433
5682	0.134571021442171
5683	0.143049645323499
5684	0.1516714660152
5685	0.160429124879969
5686	0.169315491345349
5687	0.178323656592532
5688	0.187446927413483
5689	0.196678820231939
5690	0.206013055283985
5691	0.215443550954
5692	0.224964418261885
5693	0.234569955497586
5694	0.244254642999039
5695	0.254013138069751
5696	0.263840270032349
5697	0.273731035414503
5698	0.283680593263748
5699	0.293684260587793
5700	0
5701	0.00243973747236288
5702	0.00527427100212036
5703	0.00848874047288333
5704	0.01206871894171
5705	0.0160002008810383
5706	0.0202695907320515
5707	0.0248636917613005
5708	0.0297696952126242
5709	0.034975169746612
5710	0.0404680511600608
5711	0.0462366323780733
5712	0.0522695537116368
5713	0.0585557933737105
5714	0.0650846582470315
5715	0.0718457748970247
5716	0.0788290808233797
5717	0.0860248159440224
5718	0.0934235143053738
5719	0.10101599601295
5720	0.108793359376512
5721	0.116746973264122
5722	0.124868469659624
5723	0.133149736418183
5724	0.141582910214692
5725	0.150160369679967
5726	0.158874728719786
5727	0.167718830011972
5728	0.176685738676827
5729	0.185768736116363
5730	0.194961314017879
5731	0.20425716851757
5732	0.213650194519949
5733	0.22313448016897
5734	0.232704301466885
5735	0.242354117036911
5736	0.252078563025947
5737	0.261872448143635
5738	0.271730748834183
5739	0.281648604577439
5740	0.291621313315828
5741	0
5742	0.00234067951241446
5743	0.00507858903698618
5744	0.00819880642418508
5745	0.0116868443024524
5746	0.015528638278392
5747	0.0197105354494829
5748	0.0242192832211092
5749	0.0290420184199189
5750	0.0341662566957313
5751	0.0395798822044179
5752	0.0452711375643772
5753	0.0512286140794198
5754	0.0574412422210654
5755	0.06389828236344
5756	0.0705893157641343
5757	0.0775042357845654
5758	0.0846332393435455
5759	0.0919668185979316
5760	0.0994957528443869
5761	0.107211100636444
5762	0.11510419211121
5763	0.123166621520197
5764	0.131390239958927
5765	0.139767148290057
5766	0.148289690254965
5767	0.15695044576882
5768	0.165742224394315
5769	0.174658058989367
5770	0.183691199524194
5771	0.192835107063338
5772	0.202083447908251
5773	0.211430087896267
5774	0.220869086851798
5775	0.230394693185779
5776	0.24000133863944
5777	0.249683633168608
5778	0.25943635996484
5779	0.269254470609782
5780	0.279133080359239
5781	0.289067463553542
5782	0
5783	0.00194854160559443
5784	0.00430394845030235
5785	0.00705105281577651
5786	0.0101751281134241
5787	0.0136618769193589
5788	0.0174974193261822
5789	0.021668281603277
5790	0.0261613851575179
5791	0.0309640357865086
5792	0.0360639132166686
5793	0.0414490609186889
5794	0.0471078761930738
5795	0.0530291005186753
5796	0.0592018101573132
5797	0.0656154070077547
5798	0.0722596097025014
5799	0.0791244449410072
5800	0.0862002390531119
5801	0.0934776097866429
5802	0.100947458313294
5803	0.10860096144704
5804	0.116429564069511
5805	0.124424971756867
5806	0.132579143602897
5807	0.140884285233164
5808	0.149332842005184
5809	0.157917492389738
5810	0.166631141528555
5811	0.17546691496373
5812	0.184418152534352
5813	0.193478402435945
5814	0.202641415438432
5815	0.211901139258463
5816	0.221251713082025
5817	0.230687462233387
5818	0.240202892986532
5819	0.249792687515305
5820	0.259451698978646
5821	0.26917494673733
5822	0.278957611698759
5823	0
5824	0.00168477949455185
5825	0.00378290513138457
5826	0.00627904401620511
5827	0.00915830865684882
5828	0.0124062448870871
5829	0.0160088201101618
5830	0.0199524118536553
5831	0.0242237966275239
5832	0.0288101390773366
5833	0.0336989814249696
5834	0.0388782331892087
5835	0.0443361611789104
5836	0.0500613797515639
5837	0.0560428413302845
5838	0.0622698271724496
5839	0.0687319383833677
5840	0.0754190871685441
5841	0.0823214883182725
5842	0.08942965091845
5843	0.0967343702816689
5844	0.104226720092798
5845	0.111898044763412
5846	0.119739951989583
5847	0.127744305507687
5848	0.135903218043014
5849	0.144209044446117
5850	0.152654375011961
5851	0.161232028977062
5852	0.169935048189936
5853	0.178756690950294
5854	0.187690426012552
5855	0.196729926749316
5856	0.20586906547065
5857	0.215101907895011
5858	0.224422707767868
5859	0.233825901624107
5860	0.243306103690447
5861	0.252858100924165
5862	0.262476848184557
5863	0.272157463533616
5864	0
5865	0.000901832100418966
5866	0.00223624815641373
5867	0.00398742496795401
5868	0.00613999741918685
5869	0.00867904607232513
5870	0.0115900850898645
5871	0.0148590504765132
5872	0.0184722886324438
5873	0.0224165452096966
5874	0.0266789542637757
5875	0.0312470276926914
5876	0.0361086449558999
5877	0.0412520430657923
5878	0.0466658068445774
5879	0.0523388594395866
5880	0.0582604530902157
5881	0.0644201601398938
5882	0.0708078642866416
5883	0.0774137520659526
5884	0.0842283045598925
5885	0.091242289326472
5886	0.0984467525435048
5887	0.105833011361314
5888	0.113392646458796
5889	0.121117494797496
5890	0.128999642568495
5891	0.137031418327022
5892	0.145205386309878
5893	0.153514339930844
5894	0.161951295449399
5895	0.170509485808194
5896	0.179182354634827
5897	0.187963550403615
5898	0.196846920753132
5899	0.205826506955429
5900	0.214896538532938
5901	0.224051428019165
5902	0.233285765859398
5903	0.242594315447727
5904	0.251972008296807
5905	0
5906	0.000899904355670691
5907	0.00223244003356508
5908	0.00398178262643986
5909	0.00613256584245428
5910	0.00866986909824644
5911	0.011579205440359
5912	0.0148465097863986
5913	0.0184581274775371
5914	0.0224008031341838
5915	0.0266616698068707
5916	0.0312282384146005
5917	0.0360883874631116
5918	0.0412303530357098
5919	0.0466427190495101
5920	0.0523144077701185
5921	0.0582346705779655
5922	0.0643930789796843
5923	0.0707795158580921
5924	0.0773841669545105
5925	0.0841975125773182
5926	0.0912103195307913
5927	0.0984136332584433
5928	0.105798770195226
5929	0.113357310323101
5930	0.121081089924641
5931	0.128962194529439
5932	0.136992952048281
5933	0.145165926090117
5934	0.153473909457038
5935	0.161909917812584
5936	0.170467183518797
5937	0.179139149637605
5938	0.187919464092205
5939	0.196801973984222
5940	0.205780720062564
5941	0.214849931339963
5942	0.224004019853325
5943	0.233237575564092
5944	0.242545361394935
5945	0.251922308399194
5946	0
5947	0.000800572016667811
5948	0.00203621605209424
5949	0.0036910454940704
5950	0.00574963345475831
5951	0.00819700032191045
5952	0.01101860163953
5953	0.0142003163093275
5954	0.0177284351045548
5955	0.0215896494880177
5956	0.025771040726283
5957	0.0302600692923056
5958	0.035044564548903
5959	0.0401127147057033
5960	0.045453057042387
5961	0.0510544683912284
5962	0.0569061558721276
5963	0.0629976478735014
5964	0.0693187852725739
5965	0.075859712888778
5966	0.0826108711641443
5967	0.0895629880647118
5968	0.0967070711971514
5969	0.104034400134949
5970	0.111536518948635
5971	0.119205228934704
5972	0.127032581537991
5973	0.135010871462427
5974	0.143132629965212
5975	0.151390618329585
5976	0.159777821511502
5977	0.168287441955626
5978	0.176912893576195
5979	0.185647795898418
5980	0.194485968356183
5981	0.203421424741947
5982	0.212448367804826
5983	0.221561183992956
5984	0.230754438336354
5985	0.24002286946655
5986	0.249361384769413
5987	0
5988	0.000182338527998956
5989	0.000814939699971981
5990	0.00188152974688621
5991	0.00336630463812077
5992	0.00525391737217445
5993	0.00752946560360621
5994	0.010178479597387
5995	0.013186910502071
5996	0.0165411189334195
5997	0.0202278638603307
5998	0.0242342917851388
5999	0.0285479262105576
6000	0.0331566573857415
6001	0.0380487323241379
6002	0.0432127450859923
6003	0.0486376273185589
6004	0.0543126390472475
6005	0.0602273597111157
6006	0.0663716794362894
6007	0.0727357905410602
6008	0.0793101792665738
6009	0.0860856177271808
6010	0.0930531560746789
6011	0.100204114870825
6012	0.107530077662642
6013	0.115022883755189
6014	0.12267462117661
6015	0.130477619830392
6016	0.138424444829927
6017	0.146507890010568
6018	0.154720971614518
6019	0.16305692214401
6020	0.171509184378336
6021	0.180071405550429
6022	0.188737431678794
6023	0.19750130205069
6024	0.206357243852601
6025	0.215299666944098
6026	0.22432315877133
6027	0.233422479416465
6028	0
6029	-0.000136740824054491
6030	0.000184621099870887
6031	0.000947612185439935
6032	0.00213623375312162
6033	0.00373494918644372
6034	0.00572867142798494
6035	0.00810275080619221
6036	0.0108429631843424
6037	0.013935498423195
6038	0.017366949149104
6039	0.0211242998195711
6040	0.0251949160784339
6041	0.0295665343930854
6042	0.0342272519663216
6043	0.0391655169156054
6044	0.0443701187127265
6045	0.0498301788770189
6046	0.0555351419154763
6047	0.0614747665032809
6048	0.0676391168984311
6049	0.0740185545843172
6050	0.0806037301342566
6051	0.0873855752921561
6052	0.0943552952636228
6053	0.10150436121199
6054	0.108824502953875
6055	0.116307701849021
6056	0.12394618387932
6057	0.131732412912032
6058	0.13965908414237
6059	0.147719117710723
6060	0.155905652489932
6061	0.164212040038134
6062	0.172631838712831
6063	0.181158807941933
6064	0.189786902647645
6065	0.198510267819178
6066	0.207323233230368
6067	0.216220308298375
6068	0.225196177079769
6069	0
6070	-0.000203724381200022
6071	5.22998396638319e-05
6072	0.000751557129091844
6073	0.00187800794537774
6074	0.00341607586663676
6075	0.00535063505930803
6076	0.00766699807819892
6077	0.0103509039893717
6078	0.0133885068074011
6079	0.0167663642387528
6080	0.0204714267232485
6081	0.0244910267657935
6082	0.0288128685507473
6083	0.0334250178315179
6084	0.0383158920881527
6085	0.0434742509458898
6086	0.0488891868478174
6087	0.0545501159749672
6088	0.0604467694073425
6089	0.0665691845195538
6090	0.0729076966048975
6091	0.0794529307218756
6092	0.0861957937573126
6093	0.0931274667003778
6094	0.100239397121968
6095	0.107523291854057
6096	0.114971109863749
6097	0.122575055316925
6098	0.130327570826491
6099	0.138221330880372
6100	0.146249235444537
6101	0.154404403736434
6102	0.162680168164365
6103	0.171070068428426
6104	0.179567845778773
6105	0.18816743742706
6106	0.196862971107022
6107	0.205648759780291
6108	0.21451929648359
6109	0.223469249313619
6110	0
6111	-0.00133011479056718
6112	-0.00217280442180114
6113	-0.00254528980751734
6114	-0.00246429762465721
6115	-0.00194607365989963
6116	-0.00100639580342318
6117	0.000339413300925497
6118	0.00207647394004306
6119	0.00419033734178292
6120	0.00666697400242263
6121	0.00949276232306004
6122	0.0126544775468317
6123	0.0161392809890582
6124	0.0199347095526287
6125	0.0240286655211364
6126	0.0284094066224744
6127	0.0330655363557919
6128	0.0379859945748936
6129	0.0431600483213512
6130	0.048577282900767
6131	0.0542275931958056
6132	0.0601011752097722
6133	0.0661885178346828
6134	0.0724803948379291
6135	0.0789678570617922
6136	0.0856422248302149
6137	0.092495080557383
6138	0.0995182615528136
6139	0.106703853017784
6140	0.11404418122807
6141	0.121531806898098
6142	0.129159518721741
6143	0.136920327085101
6144	0.144807457946777
6145	0.152814346881193
6146	0.160934633280702
6147	0.169162154712294
6148	0.177490941424831
6149	0.185915211002858
6150	0.194429363163115
6151	0
6152	-0.00205229985095958
6153	-0.00359942972159243
6154	-0.00465906278020916
6155	-0.00524836626041539
6156	-0.00538401511203824
6157	-0.00508220529126957
6158	-0.00435866669948815
6159	-0.00322867577997663
6160	-0.00170706778150737
6161	0.000191751302463525
6162	0.00245379311048261
6163	0.0050654755973779
6164	0.00801361201805821
6165	0.0112854002029732
6166	0.0148684121175784
6167	0.0187505836983514
6168	0.0229202049581001
6169	0.0273659103534913
6170	0.0320766694079182
6171	0.0370417775829991
6172	0.042250847392181
6173	0.0476937997500866
6174	0.0533608555514167
6175	0.0592425274733746
6176	0.0653296119957424
6177	0.0716131816328908
6178	0.0780845773721518
6179	0.0847354013131341
6180	0.0915575095026971
6181	0.0985430049604435
6182	0.10568423088972
6183	0.11297376406925
6184	0.120404408420649
6185	0.127969188747195
6186	0.135661344639358
6187	0.143474324542685
6188	0.151401779983797
6189	0.159437559950303
6190	0.167575705420618
6191	0.175810444039708
6192	0
6193	-0.0030961557541259
6194	-0.00566149292736467
6195	-0.00771433838269657
6196	-0.00927249614019623
6197	-0.0103532614678202
6198	-0.010973434599943
6199	-0.0111493340934035
6200	-0.0108968098305685
6201	-0.0102312556786719
6202	-0.00916762181444405
6203	-0.00772042672281414
6204	-0.00590376887823306
6205	-0.00373133811694606
6206	-0.00121642670832269
6207	0.00162805986685774
6208	0.00478959242347562
6209	0.00825600785700653
6210	0.0120154991990278
6211	0.0160566059361954
6212	0.0203682045857735
6213	0.0249394995209814
6214	0.0297600140395978
6215	0.0348195816694345
6216	0.0401083377044603
6217	0.0456167109655138
6218	0.0513354157797102
6219	0.0572554441727924
6220	0.0633680582688351
6221	0.0696647828918511
6222	0.0761373983639969
6223	0.0827779334952071
6224	0.0895786587592291
6225	0.0965320796511566
6226	0.103630930221691
6227	0.110868166783482
6228	0.118236961785026
6229	0.12573069784771
6230	0.13334296196172
6231	0.141067539836617
6232	0.148898410402532
6233	0
6234	-0.00338738862428967
6235	-0.0062368027800508
6236	-0.00856675170924361
6237	-0.0103952170935821
6238	-0.0117396672680417
6239	-0.0126170710589155
6240	-0.0130439112562654
6241	-0.0130361977303548
6242	-0.0126094802014018
6243	-0.0117788606717448
6244	-0.0105590055292762
6245	-0.00896415733076771
6246	-0.00700814627348597
6247	-0.00470440136327594
6248	-0.00206596128707775
6249	0.00089451500236752
6250	0.00416473798207021
6251	0.00773277752724534
6252	0.0115870531455049
6253	0.0157163244698131
6254	0.02010968200341
6255	0.0247565381100896
6256	0.0296466182433878
6257	0.0347699524084091
6258	0.0401168668501778
6259	0.0456779759625692
6260	0.0514441744120211
6261	0.0574066294703875
6262	0.0635567735514358
6263	0.0698862969456396
6264	0.0763871407480532
6265	0.0830514899741945
6266	0.0898717668589945
6267	0.0968406243340005
6268	0.103950939678145
6269	0.111195808337521
6270	0.118568537909711
6271	0.126062642288351
6272	0.133671835963709
6273	0.141390028475175
6274	0
6275	-0.00351794386346384
6276	-0.00649470538347071
6277	-0.00894887555968676
6278	-0.0108985157168203
6279	-0.012361171773143
6280	-0.0133538881321253
6281	-0.0138932212070696
6282	-0.0139952525883653
6283	-0.0136756018627385
6284	-0.0129494390936244
6285	-0.0118314969715505
6286	-0.0103360826431881
6287	-0.00847708922750192
6288	-0.00626800702720654
6289	-0.00372193444352558
6290	-0.000851588602039105
6291	0.00233068430279977
6292	0.00581289893709338
6293	0.00958342102368436
6294	0.0136309577980936
6295	0.0179445487173922
6296	0.0225135564153661
6297	0.0273276578975074
6298	0.0323768359695337
6299	0.0376513708933014
6300	0.0431418322641435
6301	0.0488390711038113
6302	0.0547342121633596
6303	0.060818646430457
6304	0.0670840238357512
6305	0.0735222461530578
6306	0.0801254600882784
6307	0.086886050552087
6308	0.0937966341115554
6309	0.100850052616011
6310	0.108039366992545
6311	0.115357851206718
6312	0.122798986384102
6313	0.130356455088446
6314	0.138024135752332
6315	0
6316	-0.0045727159537686
6317	-0.00857833274170616
6318	-0.0120361018942006
6319	-0.0149647281816628
6320	-0.0173823843275087
6321	-0.0193067253326675
6322	-0.0207549024218025
6323	-0.0217435766211616
6324	-0.0222889319777191
6325	-0.0224066884290146
6326	-0.0221121143328499
6327	-0.0214200386657663
6328	-0.020344862898989
6329	-0.0189005725603009
6330	-0.0171007484900835
6331	-0.014958577799552
6332	-0.0124868645389938
6333	-0.00969804008362621
6334	-0.00660417324447936
6335	-0.00321698011152286
6336	0.000452166363935556
6337	0.00439222704073494
6338	0.00859248750656569
6339	0.0130425492374022
6340	0.0177323209913417
6341	0.0226520104306965
6342	0.0277921159663415
6343	0.0331434188184825
6344	0.0386969752881582
6345	0.0444441092339417
6346	0.0503764047484483
6347	0.0564856990294004
6348	0.0627640754401371
6349	0.0692038567545893
6350	0.0757975985818707
6351	0.0825380829657643
6352	0.0894183121545061
6353	0.0964315025363874
6354	0.103571078736816
6355	0.110830667872587
6356	0
6357	-0.00502645731424187
6358	-0.00947466657622383
6359	-0.0133641634631282
6360	-0.0167139295425349
6361	-0.0195424071766012
6362	-0.0218675140327833
6363	-0.0237066572114152
6364	-0.0250767470001891
6365	-0.0259942102653229
6366	-0.0264750034889391
6367	-0.026534625461935
6368	-0.0261881296413792
6369	-0.0254501361812329
6370	-0.0243348436449651
6371	-0.022856040408407
6372	-0.0210271157609724
6373	-0.018861070713156
6374	-0.0163705285180195
6375	-0.0135677449141694
6376	-0.0104646180975354
6377	-0.00707269842906707
6378	-0.00340319788528267
6379	0.000533000741582856
6380	0.00472533488725477
6381	0.00916355349651841
6382	0.0138377085355098
6383	0.0187381467291234
6384	0.0238555015176262
6385	0.0291806852267205
6386	0.034704881445448
6387	0.0404195376064749
6388	0.046316357763441
6389	0.0523872955601953
6390	0.0586245473868737
6391	0.0650205457179099
6392	0.0715679526271964
6393	0.0782596534757392
6394	0.0850887507672707
6395	0.0920485581674042
6396	0.0991325946820302
6397	0
6398	-0.00598762952320674
6399	-0.0113733940160029
6400	-0.0161774310711684
6401	-0.0204193086029762
6402	-0.0241180401563924
6403	-0.0272920998122575
6404	-0.0299594366990408
6405	-0.0321374891214815
6406	-0.033843198316161
6407	-0.0350930218437878
6408	-0.0359029466277213
6409	-0.0362885016480113
6410	-0.036264770299986
6411	-0.0358464024261891
6412	-0.0350476260302307
6413	-0.0338822586808986
6414	-0.0323637186146533
6415	-0.0305050355444206
6416	-0.0283188611823885
6417	-0.0258174794843114
6418	-0.0230128166226307
6419	-0.0199164506955288
6420	-0.016539621178847
6421	-0.0128932381276167
6422	-0.00898789113377729
6423	-0.00483385804648096
6424	-0.000441113461219115
6425	0.00418066301616044
6426	0.00902207872463321
6427	0.0140740201166185
6428	0.0193276451344328
6429	0.0247743757891187
6430	0.0304058909363306
6431	0.0362141192441016
6432	0.0421912323474475
6433	0.0483296381848989
6434	0.054621974512181
6435	0.0610611025883821
6436	0.0676401010300773
6437	0.0743522598289933
6438	0
6439	-0.00600363207565016
6440	-0.0114050059219106
6441	-0.0162242691528515
6442	-0.0204809994448299
6443	-0.0241942198524323
6444	-0.0273824137202235
6445	-0.030063539200897
6446	-0.032255043390146
6447	-0.0339738760883019
6448	-0.0352365031985289
6449	-0.0360589197711019
6450	-0.0364566627030508
6451	-0.0364448231022078
6452	-0.0360380583244599
6453	-0.0352506036927786
6454	-0.0340962839063734
6455	-0.0325885241480982
6456	-0.0307403608980276
6457	-0.0285644524609123
6458	-0.0260730892150204
6459	-0.0232782035896775
6460	-0.0201913797786241
6461	-0.0168238631961257
6462	-0.0131865696825858
6463	-0.00929009446624048
6464	-0.00514472088733541
6465	-0.000760428891023868
6466	0.00385309670494275
6467	0.00868645816181713
6468	0.013730536984992
6469	0.0189764862970603
6470	0.0244157234133382
6471	0.0300399226145328
6472	0.0358410081113729
6473	0.0418111471961595
6474	0.047942743576325
6475	0.0542284308852148
6476	0.0606610663654363
6477	0.067233724720234
6478	0.0739396921284786
6479	0
6480	-0.00619247386382074
6481	-0.0117780494635695
6482	-0.0167769926718521
6483	-0.0212089963647337
6484	-0.0250931958172562
6485	-0.0284481836926864
6486	-0.0312920246361461
6487	-0.0336422694829938
6488	-0.0355159690920583
6489	-0.0369296878135618
6490	-0.0378995166013085
6491	-0.0384410857784689
6492	-0.0385695774660437
6493	-0.0382997376828531
6494	-0.0376458881256684
6495	-0.0366219376378745
6496	-0.0352413933748339
6497	-0.0335173716739112
6498	-0.0314626086369034
6499	-0.029089470432426
6500	-0.026409963325599
6501	-0.0234357434421949
6502	-0.0201781262742128
6503	-0.0166480959336677
6504	-0.0128563141612063
6505	-0.00881312909598145
6506	-0.00452858381305768
6507	-1.24246344491579e-05
6508	0.0047258907802644
6509	0.00967718555795565
6510	0.0148325559449629
6511	0.0201833638436099
6512	0.0257212295468857
6513	0.0314380246660785
6514	0.0373258652462918
6515	0.0433771050649081
6516	0.0495843291081902
6517	0.0559403472213388
6518	0.0624381879274445
6519	0.0690710924108974
6520	0
6521	-0.00633000829479772
6522	-0.0120497389647585
6523	-0.0171795440107786
6524	-0.0217392002094544
6525	-0.0257479245665536
6526	-0.0292243893627081
6527	-0.0321867368020142
6528	-0.0346525932739541
6529	-0.0366390832387726
6530	-0.0381628427461828
6531	-0.039240032597015
6532	-0.0398863511571714
6533	-0.0401170468330042
6534	-0.0399469302169972
6535	-0.0393903859123974
6536	-0.038461384045219
6537	-0.0371734914718179
6538	-0.0355398826900273
6539	-0.0335733504616277
6540	-0.0312863161537278
6541	-0.0286908398064312
6542	-0.0257986299339736
6543	-0.0226210530663223
6544	-0.0191691430380532
6545	-0.0154536100311383
6546	-0.0114848493781028
6547	-0.0072729501318456
6548	-0.00282770340824685
6549	0.00184138949246788
6550	0.00672510917979933
6551	0.0118145104768214
6552	0.0171009149282948
6553	0.0225759035076801
6554	0.0282313095178264
6555	0.0340592116802434
6556	0.0400519274080057
6557	0.0462020062574592
6558	0.0525022235540333
6559	0.0589455741875784
6560	0.0655252665727764
6561	0
6562	-0.00669837929043934
6563	-0.0127774297062509
6564	-0.0182577339335773
6565	-0.0231592934674506
6566	-0.027501544220488
6567	-0.0313033717197617
6568	-0.0345831259026361
6569	-0.037358635522086
6570	-0.0396472221717326
6571	-0.0414657139405677
6572	-0.0428304587070747
6573	-0.0437573370822022
6574	-0.0442617750103984
6575	-0.0443587560376722
6576	-0.044062833255416
6577	-0.0433881409284921
6578	-0.0423484058158661
6579	-0.0409569581918526
6580	-0.0392267425758266
6581	-0.0371703281780508
6582	-0.034799919069066
6583	-0.0321273640799007
6584	-0.0291641664401626
6585	-0.0259214931608915
6586	-0.0224101841688744
6587	-0.018640761198945
6588	-0.0146234364506238
6589	-0.0103681210152835
6590	-0.00588443307986672
6591	-0.0011817059130233
6592	0.00373100436061819
6593	0.00884491119248041
6594	0.0141514902429493
6595	0.0196424722098912
6596	0.0253098358476353
6597	0.0311458011714168
6598	0.0371428228424078
6599	0.0432935837285894
6600	0.0495909886368412
6601	0.0560281582117506
6602	0
6603	-0.00670884336552621
6604	-0.0127981007434636
6605	-0.0182883613728805
6606	-0.0231996331322392
6607	-0.0275513581525014
6608	-0.031362428018292
6609	-0.0346511985679191
6610	-0.0374355043027656
6611	-0.0397326724162922
6612	-0.0415595364526255
6613	-0.0429324496044419
6614	-0.0438672976596065
6615	-0.0443795116057766
6616	-0.0444840799019394
6617	-0.0441955604256202
6618	-0.0435280921042668
6619	-0.0424954062390942
6620	-0.0411108375294579
6621	-0.0393873348056124
6622	-0.0373374714775045
6623	-0.0349734557070538
6624	-0.0323071403111767
6625	-0.0293500324026186
6626	-0.0261133027754763
6627	-0.0226077950421134
6628	-0.0188440345279918
6629	-0.0148322369307777
6630	-0.0105823167499096
6631	-0.00610389549265509
6632	-0.00140630966252645
6633	0.0035013814642286
6634	0.00861038826849561
6635	0.0139121834191005
6636	0.0193984946992769
6637	0.0250612980236511
6638	0.0308928106407413
6639	0.0368854845160943
6640	0.0430319998913127
6641	0.0493252590143475
6642	0.0557583800365584
6643	0
6644	-0.00753433208007996
6645	-0.0144287950757926
6646	-0.0207044951726267
6647	-0.026381943824339
6648	-0.0314810737139046
6649	-0.0360212542934577
6650	-0.0400213069142548
6651	-0.0434995195574079
6652	-0.0464736611758526
6653	-0.0489609956577414
6654	-0.0509782954211869
6655	-0.052541854650022
6656	-0.0536675021799869
6657	-0.0543706140445113
6658	-0.0546661256890182
6659	-0.0545685438624412
6660	-0.0540919581944226
6661	-0.0532500524664362
6662	-0.0520561155848641
6663	-0.0505230522638449
6664	-0.0486633934255095
6665	-0.0464893063250187
6666	-0.0440126044076243
6667	-0.0412447569047843
6668	-0.0381968981761845
6669	-0.0348798368043303
6670	-0.0313040644482089
6671	-0.0274797644623425
6672	-0.023416820287395
6673	-0.0191248236183274
6674	-0.0146130823559464
6675	-0.00989062834753235
6676	-0.00496622492208681
6677	0.000151625774405414
6678	0.0054546756384459
6679	0.0109349236581089
6680	0.0165846091467619
6681	0.0223962051565677
6682	0.0283624120670441
6683	0.0344761513440801
6684	0
6685	-0.0081619338331365
6686	-0.015668577768912
6687	-0.0225414310163343
6688	-0.028801387886893
6689	-0.0344687540199686
6690	-0.0395632621803379
6691	-0.0441040876389868
6692	-0.0481098631481528
6693	-0.0515986935212332
6694	-0.0545881698279157
6695	-0.0570953832146181
6696	-0.0591369383600601
6697	-0.0607289665755338
6698	-0.0618871385591873
6699	-0.0626266768133955
6700	-0.0629623677340519
6701	-0.0629085733803853
6702	-0.0624792429336813
6703	-0.0616879238530676
6704	-0.0605477727363102
6705	-0.0590715658933578
6706	-0.0572717096401724
6707	-0.0551602503201842
6708	-0.0527488840605168
6709	-0.0500489662699457
6710	-0.0470715208853645
6711	-0.0438272493733637
6712	-0.040326539493346
6713	-0.0365794738284417
6714	-0.032595838090317
6715	-0.0283851292038153
6716	-0.0239565631772101
6717	-0.0193190827637007
6718	-0.0144813649196333
6719	-0.00945182806478717
6720	-0.00423863914992506
6721	0.00115027946332928
6722	0.00670724330535419
6723	0.012424799279332
6724	0.0182957193153148
6725	0
6726	-0.00855633068445986
6727	-0.0164476807400399
6728	-0.0236957963591858
6729	-0.0303218124484514
6730	-0.0363462690201
6731	-0.0417891271514675
6732	-0.0466697845234137
6733	-0.051007090548894
6734	-0.0548193611023933
6735	-0.0581243928606849
6736	-0.0609394772651018
6737	-0.0632814141152428
6738	-0.0651665248037766
6739	-0.0666106652017522
6740	-0.0676292382035804
6741	-0.068237205940611
6742	-0.0684491016719947
6743	-0.0682790413612951
6744	-0.0677407349470919
6745	-0.0668474973156023
6746	-0.0656122589831363
6747	-0.064047576496
6748	-0.0621656425552585
6749	-0.0599782958735772
6750	-0.0574970307711744
6751	-0.0547330065177282
6752	-0.051697056426908
6753	-0.0483996967100226
6754	-0.044851135095107
6755	-0.0410612792176068
6756	-0.0370397447886572
6757	-0.0327958635467944
6758	-0.0283386909987884
6759	-0.0236770139551338
6760	-0.0188193578655929
6761	-0.0137739939600424
6762	-0.00854894619973864
6763	-0.00315199804398185
6764	0.00240930096296867
6765	0.00812762878000735
6766	0
6767	-0.0102991266554712
6768	-0.0198904504136028
6769	-0.0287968088592761
6770	-0.0370404000619671
6771	-0.0446427997017297
6772	-0.0516249777437922
6773	-0.058007314673596
6774	-0.0638096173037935
6775	-0.0690511341644221
6776	-0.0737505704871765
6777	-0.0779261027944191
6778	-0.0815953931032867
6779	-0.0847756027549826
6780	-0.0874834058790797
6781	-0.0897350025024012
6782	-0.0915461313117997
6783	-0.0929320820799049
6784	-0.093907707762681
6785	-0.0944874362773965
6786	-0.0946852819693899
6787	-0.0945148567757895
6788	-0.0939893810941404
6789	-0.093121694363674
6790	-0.0919242653667609
6791	-0.0904092022578883
6792	-0.0885882623273075
6793	-0.0864728615063175
6794	-0.0840740836209609
6795	-0.0814026894007366
6796	-0.0784691252487571
6797	-0.0752835317796142
6798	-0.0718557521310479
6799	-0.0681953400553597
6800	-0.0643115677963493
6801	-0.0602134337574107
6802	-0.0559096699662676
6803	-0.0514087493416906
6804	-0.046718892767398
6805	-0.0418480759782031
6806	-0.0368040362633418
6807	0
6808	-0.0115940136012387
6809	-0.022448407616702
6810	-0.0325868305293
6811	-0.042032270332179
6812	-0.0508070722003443
6813	-0.058932955696673
6814	-0.0664310315245116
6815	-0.0733218178387408
6816	-0.0796252561268754
6817	-0.0853607266714633
6818	-0.0905470636047594
6819	-0.0952025695663559
6820	-0.099345029974176
6821	-0.102991726918964
6822	-0.106159452692141
6823	-0.108864522956638
6824	-0.111122789570057
6825	-0.112949653069294
6826	-0.114360074825473
6827	-0.115368588877861
6828	-0.115989313455165
6829	-0.116235962192416
6830	-0.116121855051421
6831	-0.115659928952559
6832	-0.114862748125495
6833	-0.113742514186177
6834	-0.112311075947305
6835	-0.110579938969264
6836	-0.108560274858319
6837	-0.106262930318725
6838	-0.103698435965194
6839	-0.100877014902002
6840	-0.0978085910748922
6841	-0.094502797401695
6842	-0.0909689836875141
6843	-0.0872162243301076
6844	-0.0832533258209849
6845	-0.0790888340475809
6846	-0.0747310414017329
6847	-0.0701879936995447
6848	0
6849	-0.0124199591853434
6850	-0.0240800044623838
6851	-0.0350043015465572
6852	-0.0452163422850099
6853	-0.0547389626762587
6854	-0.0635943604151669
6855	-0.0718041119756691
6856	-0.0793891892433555
6857	-0.0863699757097087
6858	-0.092766282239478
6859	-0.0985973624223763
6860	-0.103881927519992
6861	-0.10863816101852
6862	-0.112883732797654
6863	-0.116635812925678
6864	-0.119911085090579
6865	-0.122725759676708
6866	-0.125095586496277
6867	-0.127035867184755
6868	-0.128561467268963
6869	-0.12968682791645
6870	-0.13042597737452
6871	-0.130792542107026
6872	-0.130799757636881
6873	-0.130460479101986
6874	-0.129787191532103
6875	-0.128792019853985
6876	-0.127486738631897
6877	-0.12588278155047
6878	-0.123991250646646
6879	-0.121822925297294
6880	-0.119388270968922
6881	-0.116697447735711
6882	-0.113760318571968
6883	-0.110586457424903
6884	-0.107185157073516
6885	-0.103565436779189
6886	-0.0997360497334649
6887	-0.0957054903083404
6888	-0.0914820011142457
6889	0
6890	-0.0139707096860293
6891	-0.0271434019477047
6892	-0.0395432136281184
6893	-0.051194582583279
6894	-0.0621212663552295
6895	-0.0723463603534425
6896	-0.0818923155573729
6897	-0.0907809557527094
6898	-0.099033494313542
6899	-0.106670550542339
6900	-0.11371216557932
6901	-0.120177817892505
6902	-0.126086438359426
6903	-0.13145642495121
6904	-0.136305657029429
6905	-0.140651509265902
6906	-0.144510865195293
6907	-0.147900130410155
6908	-0.15083524540778
6909	-0.153331698097987
6910	-0.155404535980733
6911	-0.157068378002207
6912	-0.158337426097835
6913	-0.159225476430401
6914	-0.159745930331289
6915	-0.15991180495262
6916	-0.159735743637872
6917	-0.159230026018367
6918	-0.158406577842819
6919	-0.157276980546928
6920	-0.155852480569867
6921	-0.154143998424278
6922	-0.152162137526261
6923	-0.14991719279164
6924	-0.14741915900466
6925	-0.144677738965056
6926	-0.14170235141935
6927	-0.138502138782005
6928	-0.135085974651976
6929	-0.131462471130014
6930	0
6931	-0.0141077904191215
6932	-0.0274141952009425
6933	-0.0399444370327258
6934	-0.0517230373942406
6935	-0.062773835288643
6936	-0.0731200054801291
6937	-0.0827840762512772
6938	-0.0917879466926624
6939	-0.100152903536994
6940	-0.107899637549711
6941	-0.115048259487646
6942	-0.121618315637092
6943	-0.127628802942273
6944	-0.13309818373496
6945	-0.13804440007569
6946	-0.142484887716749
6947	-0.146436589696855
6948	-0.14991596957717
6949	-0.152939024328058
6950	-0.155521296875744
6951	-0.157677888317776
6952	-0.159423469815987
6953	-0.160772294175408
6954	-0.16173820711736
6955	-0.162334658254753
6956	-0.162574711777399
6957	-0.162471056854939
6958	-0.162036017764797
6959	-0.161281563752369
6960	-0.160219318630471
6961	-0.158860570124895
6962	-0.157216278972715
6963	-0.15529708777985
6964	-0.153113329644194
6965	-0.15067503655046
6966	-0.147991947542736
6967	-0.145073516680582
6968	-0.141928920784361
6969	-0.138567066975316
6970	-0.134996600015809
6971	0
6972	-0.0141216082021626
6973	-0.0274414912500503
6974	-0.0399848804840468
6975	-0.0517763058132237
6976	-0.0628396144520444
6977	-0.0731979891636869
6978	-0.0828739660229101
6979	-0.0918894517110462
6980	-0.100265740355378
6981	-0.108023529924834
6982	-0.115182938193626
6983	-0.121763518284151
6984	-0.127784273800177
6985	-0.133263673561049
6986	-0.13821966594738
6987	-0.142669692868389
6988	-0.14663070336082
6989	-0.150119166829089
6990	-0.153151085936068
6991	-0.155742009153651
6992	-0.157907042982042
6993	-0.159660863846429
6994	-0.161017729679513
6995	-0.161991491198134
6996	-0.162595602881995
6997	-0.162843133662323
6998	-0.162746777328052
6999	-0.162318862656946
7000	-0.161571363278882
7001	-0.160515907278305
7002	-0.159163786542709
7003	-0.157525965863804
7004	-0.155613091797858
7005	-0.153435501291529
7006	-0.151003230079349
7007	-0.148326020858848
7008	-0.145413331249155
7009	-0.142274341538755
7010	-0.138917962227952
7011	-0.135352841371407
7012	0
7013	-0.0161157330232701
7014	-0.0313807432184973
7015	-0.0458215107083562
7016	-0.0594637818837143
7017	-0.0723325889806216
7018	-0.0844522691420126
7019	-0.0958464829776132
7020	-0.106538232635197
7021	-0.116549879395986
7022	-0.125903160806663
7023	-0.134619207360127
7024	-0.142718558736825
7025	-0.150221179618154
7026	-0.15714647508316
7027	-0.163513305599445
7028	-0.169340001618906
7029	-0.174644377788682
7030	-0.179443746787368
7031	-0.183754932796328
7032	-0.187594284615678
7033	-0.190977688434229
7034	-0.19392058026249
7035	-0.196437958037528
7036	-0.198544393408329
7037	-0.200254043209991
7038	-0.201580660634943
7039	-0.202537606109119
7040	-0.203137857880817
7041	-0.203394022329797
7042	-0.203318344003928
7043	-0.202922715390565
7044	-0.20221868642957
7045	-0.201217473774801
7046	-0.199929969810626
7047	-0.198366751429918
7048	-0.196538088579775
7049	-0.194453952581066
7050	-0.192124024227731
7051	-0.189557701671627
7052	-0.186764108098536
7053	0
7054	-0.0167682895064477
7055	-0.0326698222087746
7056	-0.0477314868805941
7057	-0.0619794279937131
7058	-0.0754390655700973
7059	-0.0881351145113778
7060	-0.100091603419583
7061	-0.111331892922417
7062	-0.121878693516064
7063	-0.131754082938147
7064	-0.140979523083162
7065	-0.149575876472355
7066	-0.157563422289721
7067	-0.164961871995497
7068	-0.171790384528208
7069	-0.178067581106048
7070	-0.183811559638099
7071	-0.189039908755607
7072	-0.19376972147327
7073	-0.198017608490238
7074	-0.201799711140264
7075	-0.205131714000201
7076	-0.208028857165807
7077	-0.210505948203566
7078	-0.212577373787032
7079	-0.214257111025953
7080	-0.215558738496245
7081	-0.216495446978645
7082	-0.217080049913688
7083	-0.217324993580454
7084	-0.217242367006313
7085	-0.216843911614741
7086	-0.216141030618065
7087	-0.215144798161834
7088	-0.213865968227324
7089	-0.212314983298539
7090	-0.210501982799867
7091	-0.208436811310422
7092	-0.206129026560929
7093	-0.203587907218858
7094	0
7095	-0.0171705292302072
7096	-0.0334644182174271
7097	-0.0489088076301589
7098	-0.0635300873196845
7099	-0.0773539163415297
7100	-0.0904052424500486
7101	-0.102708321079928
7102	-0.114286733828048
7103	-0.125163406448786
7104	-0.1353606263755
7105	-0.144900059780612
7106	-0.15380276818637
7107	-0.162089224638055
7108	-0.169779329451104
7109	-0.176892425543306
7110	-0.183447313362942
7111	-0.189462265423453
7112	-0.19495504045495
7113	-0.199942897182607
7114	-0.204442607741709
7115	-0.208470470738876
7116	-0.212042323968748
7117	-0.215173556795147
7118	-0.217879122205517
7119	-0.220173548547211
7120	-0.222070950953955
7121	-0.22358504247062
7122	-0.224729144884209
7123	-0.225516199268763
7124	-0.225958776251682
7125	-0.226069086008784
7126	-0.225858987995189
7127	-0.225340000418981
7128	-0.224523309464389
7129	-0.223419778271043
7130	-0.222039955675728
7131	-0.220394084722847
7132	-0.218492110949676
7133	-0.21634369045231
7134	-0.213958197738063
7135	0
7136	-0.0171969355362354
7137	-0.033516581999704
7138	-0.0489860965953458
7139	-0.0636318852831588
7140	-0.0774796228107871
7141	-0.0905542722189425
7142	-0.102880103833463
7143	-0.114480713757454
7144	-0.125379041876599
7145	-0.135597389390402
7146	-0.14515743588176
7147	-0.154080255936971
7148	-0.16238633532796
7149	-0.170095586768163
7150	-0.177227365253274
7151	-0.183800482997701
7152	-0.189833223977344
7153	-0.195343358088997
7154	-0.200348154936425
7155	-0.204864397252899
7156	-0.208908393969718
7157	-0.212495992939992
7158	-0.215642593326718
7159	-0.218363157663963
7160	-0.220672223599706
7161	-0.222583915328697
7162	-0.224111954723448
7163	-0.225269672171287
7164	-0.22607001712516
7165	-0.22652556837571
7166	-0.226648544051929
7167	-0.226450811357499
7168	-0.225943896049769
7169	-0.225138991668101
7170	-0.224046968518173
7171	-0.222678382418636
7172	-0.221043483216361
7173	-0.21915222307634
7174	-0.217014264552179
7175	-0.214638988442901
7176	0
7177	-0.0178582416592695
7178	-0.0348229452821496
7179	-0.0509216822038124
7180	-0.066181261802764
7181	-0.0806277518120942
7182	-0.0942864980962942
7183	-0.107182143907637
7184	-0.119338648635746
7185	-0.130779306063629
7186	-0.141526762143095
7187	-0.151603032302152
7188	-0.161029518296629
7189	-0.169827024617975
7190	-0.178015774468855
7191	-0.185615425317858
7192	-0.192645084044355
7193	-0.199123321684237
7194	-0.205068187786991
7195	-0.210497224394297
7196	-0.215427479650072
7197	-0.2198755210516
7198	-0.223857448351178
7199	-0.227388906117415
7200	-0.230485095965119
7201	-0.233160788462455
7202	-0.23543033472383
7203	-0.237307677696751
7204	-0.238806363150668
7205	-0.239939550375629
7206	-0.240720022598347
7207	-0.241160197123088
7208	-0.241272135204608
7209	-0.241067551660148
7210	-0.240557824227348
7211	-0.239754002674737
7212	-0.238666817671288
7213	-0.237306689421365
7214	-0.235683736071208
7215	-0.233807781892961
7216	-0.231688365252075
7217	0
7218	-0.0185818227914092
7219	-0.0362523284225337
7220	-0.0530395413573037
7221	-0.0689707123825393
7222	-0.0840723392241031
7223	-0.0983701866206723
7224	-0.11188930586933
7225	-0.124654053856808
7226	-0.136688111589844
7227	-0.148014502237784
7228	-0.158655608700182
7229	-0.168633190711858
7230	-0.177968401497516
7231	-0.186681803987729
7232	-0.194793386607769
7233	-0.202322578650484
7234	-0.209288265244114
7235	-0.215708801925652
7236	-0.221602028830099
7237	-0.226985284505657
7238	-0.231875419364683
7239	-0.236288808779936
7240	-0.240241365835411
7241	-0.243748553740824
7242	-0.246825397918553
7243	-0.249486497771625
7244	-0.251746038141105
7245	-0.253617800461042
7246	-0.255115173618886
7247	-0.256251164529103
7248	-0.257038408427518
7249	-0.257489178893689
7250	-0.257615397608468
7251	-0.257428643853673
7252	-0.256940163760648
7253	-0.256160879314295
7254	-0.255101397118986
7255	-0.253772016932615
7256	-0.252182739974855
7257	-0.250343277015569
7258	0
7259	-0.0187036364694995
7260	-0.0364929626928269
7261	-0.0533960794173841
7262	-0.0694403117403454
7263	-0.0846522297761403
7264	-0.0990576687802173
7265	-0.112681748743324
7266	-0.125548893470166
7267	-0.137682849155955
7268	-0.149106702473977
7269	-0.15984289818701
7270	-0.169913256295041
7271	-0.179338988731436
7272	-0.188140715619395
7273	-0.196338481100197
7274	-0.203951768744461
7275	-0.210999516557352
7276	-0.217500131588349
7277	-0.223471504155966
7278	-0.228931021697484
7279	-0.23389558225354
7280	-0.238381607597139
7281	-0.242405056016395
7282	-0.24598143476009
7283	-0.249125812154884
7284	-0.251852829402778
7285	-0.254176712067218
7286	-0.256111281255993
7287	-0.257669964508895
7288	-0.258865806397849
7289	-0.259711478847095
7290	-0.260219291180718
7291	-0.260401199904715
7292	-0.260268818230529
7293	-0.259833425346859
7294	-0.259105975446322
7295	-0.258097106513423
7296	-0.256817148880074
7297	-0.255276133554772
7298	-0.253483800331372
7299	0
7300	-0.0188049458636849
7301	-0.0366930922064073
7302	-0.0536926032186276
7303	-0.0698308657995859
7304	-0.0851345102674754
7305	-0.0996294305247823
7306	-0.113340803693059
7307	-0.126293109231021
7308	-0.138510147549502
7309	-0.150015058136433
7310	-0.160830337204688
7311	-0.17097785487529
7312	-0.180478871908133
7313	-0.189354055992096
7314	-0.19762349760607
7315	-0.205306725462141
7316	-0.212422721541891
7317	-0.218989935736448
7318	-0.225026300100702
7319	-0.230549242731757
7320	-0.235575701281505
7321	-0.240122136112874
7322	-0.244204543109116
7323	-0.247838466145204
7324	-0.251039009230218
7325	-0.253820848329325
7326	-0.256198242873752
7327	-0.258185046966953
7328	-0.259794720294902
7329	-0.261040338748298
7330	-0.261934604764215
7331	-0.262489857394572
7332	-0.262718082108567
7333	-0.262630920336066
7334	-0.262239678758742
7335	-0.26155533835557
7336	-0.260588563209123
7337	-0.259349709078963
7338	-0.257848831748205
7339	-0.256095695149238
7340	0
7341	-0.0192626379833286
7342	-0.0375972304850973
7343	-0.0550322283166478
7344	-0.0715952975844824
7345	-0.0873133405932997
7346	-0.10221251619917
7347	-0.116318259627244
7348	-0.129655301768019
7349	-0.142247687965818
7350	-0.154118796312765
7351	-0.165291355461229
7352	-0.175787461967325
7353	-0.185628597177774
7354	-0.194835643672056
7355	-0.203428901271537
7356	-0.211428102626885
7357	-0.218852428394833
7358	-0.22572052201505
7359	-0.232050504097593
7360	-0.237859986431137
7361	-0.243166085621935
7362	-0.247985436373161
7363	-0.252334204414089
7364	-0.256228099088252
7365	-0.259682385609548
7366	-0.262711896994978
7367	-0.265331045682491
7368	-0.267553834842209
7369	-0.269393869389048
7370	-0.270864366704574
7371	-0.27197816707572
7372	-0.272747743857782
7373	-0.273185213368923
7374	-0.273302344523241
7375	-0.273110568209229
7376	-0.272620986420339
7377	-0.271844381144121
7378	-0.270791223016295
7379	-0.269471679745908
7380	-0.267895624317583
7381	0
7382	-0.0200121044005068
7383	-0.0390777481677942
7384	-0.0572258514521234
7385	-0.0744845375591869
7386	-0.0908811541689545
7387	-0.106442293996426
7388	-0.121193814908897
7389	-0.135160859513976
7390	-0.148367874232202
7391	-0.160838627867759
7392	-0.172596229690436
7393	-0.183663147041627
7394	-0.194061222476839
7395	-0.203811690456838
7396	-0.212935193599268
7397	-0.221451798502245
7398	-0.229381011151146
7399	-0.2367417919195
7400	-0.243552570174627
7401	-0.249831258498371
7402	-0.255595266533017
7403	-0.260861514462209
7404	-0.265646446136437
7405	-0.2699660418524
7406	-0.273835830795327
7407	-0.277270903153074
7408	-0.280285921910619
7409	-0.282895134333312
7410	-0.285112383147053
7411	-0.286951117423337
7412	-0.288424403176903
7413	-0.289544933683528
7414	-0.290325039525296
7415	-0.290776698370491
7416	-0.290911544495078
7417	-0.290740878052544
7418	-0.290275674098697
7419	-0.289526591377856
7420	-0.288503980876694
7421	-0.287217894151815
7422	0
7423	-0.0207507095662004
7424	-0.0405368102195104
7425	-0.0593876846474615
7426	-0.0773319067292151
7427	-0.0943972630656433
7428	-0.1106107739432
7429	-0.125998713746407
7430	-0.140586630833387
7431	-0.154399366888507
7432	-0.167461075765818
7433	-0.179795241836633
7434	-0.191424697854211
7435	-0.202371642348216
7436	-0.21265765656124
7437	-0.222303720939411
7438	-0.231330231188736
7439	-0.239757013908578
7440	-0.247603341813326
7441	-0.254887948553061
7442	-0.261629043143706
7443	-0.26784432401691
7444	-0.273550992699606
7445	-0.278765767132975
7446	-0.283504894640234
7447	-0.287784164552474
7448	-0.291618920501495
7449	-0.295024072388381
7450	-0.298014108036285
7451	-0.300603104535741
7452	-0.302804739290526
7453	-0.304632300771944
7454	-0.306098698989171
7455	-0.3072164756831
7456	-0.307997814250943
7457	-0.30845454940865
7458	-0.308598176598011
7459	-0.308439861145148
7460	-0.307990447176918
7461	-0.307260466301562
7462	-0.306260146059804
7463	0
7464	-0.0211228485013807
7465	-0.0412719442579758
7466	-0.0604769030021628
7467	-0.0787665256301061
7468	-0.0961688198886493
7469	-0.112711021491911
7470	-0.128419614682513
7471	-0.143320352251977
7472	-0.157438275034455
7473	-0.17079773088758
7474	-0.183422393173871
7475	-0.195335278755756
7476	-0.206558765516968
7477	-0.217114609422709
7478	-0.227023961130658
7479	-0.236307382164589
7480	-0.244984860662064
7481	-0.253075826707338
7482	-0.26059916726036
7483	-0.267573240692447
7484	-0.274015890938918
7485	-0.279944461278756
7486	-0.285375807751032
7487	-0.290326312217644
7488	-0.294811895081613
7489	-0.298848027669974
7490	-0.302449744290055
7491	-0.30563165396769
7492	-0.308407951875725
7493	-0.310792430460906
7494	-0.312798490277087
7495	-0.314439150532429
7496	-0.315727059358113
7497	-0.316674503805844
7498	-0.317293419581282
7499	-0.317595400520304
7500	-0.317591707814859
7501	-0.317293278994964
7502	-0.31671073667326
7503	-0.315854397058335
7504	0
7505	-0.0211679974999886
7506	-0.0413611328984044
7507	-0.0606090502013165
7508	-0.0789405778472648
7509	-0.0963837504131777
7510	-0.112965829749497
7511	-0.12871332555945
7512	-0.143652015437025
7513	-0.157806964377816
7514	-0.171202543776548
7515	-0.183862449924709
7516	-0.195809722021399
7517	-0.207066759710119
7518	-0.217655340153936
7519	-0.227596634661097
7520	-0.236911224872881
7521	-0.245619118525142
7522	-0.253739764794713
7523	-0.261292069241553
7524	-0.268294408357214
7525	-0.274764643729957
7526	-0.280720135836538
7527	-0.286177757470478
7528	-0.291153906816305
7529	-0.295664520179073
7530	-0.299725084378185
7531	-0.303350648814299
7532	-0.306555837217922
7533	-0.309354859087993
7534	-0.311761520828613
7535	-0.313789236591823
7536	-0.315451038834129
7537	-0.316759588594296
7538	-0.3177271854997
7539	-0.318365777508372
7540	-0.318686970393652
7541	-0.318702036978213
7542	-0.318421926124023
7543	-0.317857271484645
7544	-0.317018400026116
7545	0
7546	-0.0215463681908997
7547	-0.0421085773277589
7548	-0.0617165083640098
7549	-0.0803992205567712
7550	-0.0981849733322047
7551	-0.11510124757592
7552	-0.131174766363482
7553	-0.146431515145673
7554	-0.160896761402792
7555	-0.174595073781884
7556	-0.187550340730451
7557	-0.199785788639809
7558	-0.211323999510956
7559	-0.222186928155431
7560	-0.232395918943358
7561	-0.241971722110532
7562	-0.250934509636087
7563	-0.259303890702002
7564	-0.267098926745399
7565	-0.274338146114295
7566	-0.281039558337193
7567	-0.287220668016648
7568	-0.292898488356627
7569	-0.298089554333293
7570	-0.302809935518533
7571	-0.307075248565338
7572	-0.310900669363894
7573	-0.314300944877019
7574	-0.317290404663342
7575	-0.319882972096422
7576	-0.322092175287756
7577	-0.323931157721459
7578	-0.32541268860817
7579	-0.326549172965533
7580	-0.327352661432441
7581	-0.327834859824009
7582	-0.328007138434079
7583	-0.327880541091893
7584	-0.327465793979351
7585	-0.326773314215166
7586	0
7587	-0.0221493339962176
7588	-0.0432996934556778
7589	-0.0634813369275441
7590	-0.0827236914979286
7591	-0.101055374909327
7592	-0.118504217098478
7593	-0.135097281167871
7594	-0.15086088380573
7595	-0.165820615168914
7596	-0.180001358242784
7597	-0.193427307691749
7598	-0.206121988213814
7599	-0.21810827241212
7600	-0.229408398196122
7601	-0.240043985724733
7602	-0.250036053903414
7603	-0.259405036446905
7604	-0.268170797518964
7605	-0.276352646960201
7606	-0.283969355114793
7607	-0.291039167266581
7608	-0.2975798176948
7609	-0.303608543359388
7610	-0.309142097225585
7611	-0.314196761237283
7612	-0.318788358948316
7613	-0.322932267820663
7614	-0.32664343119829
7615	-0.329936369965135
7616	-0.332825193895506
7617	-0.335323612704968
7618	-0.337444946809554
7619	-0.339202137800963
7620	-0.340607758645176
7621	-0.341674023611753
7622	-0.342412797940862
7623	-0.342835607254933
7624	-0.342953646721612
7625	-0.342777789974558
7626	-0.342318597798427
7627	0
7628	-0.0228081061075022
7629	-0.0446010509778687
7630	-0.0654095057036191
7631	-0.0852632992435431
7632	-0.104191440819729
7633	-0.122222141725779
7634	-0.139382836561629
7635	-0.15570020390997
7636	-0.171200186468907
7637	-0.185908010655078
7638	-0.199848205691103
7639	-0.213044622190856
7640	-0.225520450255728
7641	-0.237298237094659
7642	-0.248399904180433
7643	-0.258846763954368
7644	-0.268659536091231
7645	-0.277858363335892
7646	-0.286462826922941
7647	-0.29449196159019
7648	-0.301964270196688
7649	-0.308897737955621
7650	-0.315309846292186
7651	-0.321217586336249
7652	-0.326637472059377
7653	-0.331585553065544
7654	-0.336077427044601
7655	-0.340128251897332
7656	-0.343752757540715
7657	-0.346965257401763
7658	-0.349779659608112
7659	-0.352209477883296
7660	-0.354267842154462
7661	-0.355967508880053
7662	-0.357320871104809
7663	-0.358339968249224
7664	-0.35903649564044
7665	-0.359421813791336
7666	-0.359506957434438
7667	-0.359302644317057
7668	0
7669	-0.0234080143367635
7670	-0.0457861270814262
7671	-0.0671653850074905
7672	-0.0875759830375173
7673	-0.107047286892944
7674	-0.125607855148502
7675	-0.14328546070681
7676	-0.160107111708331
7677	-0.176099071891471
7678	-0.191286880417207
7679	-0.205695371172272
7680	-0.219348691564549
7681	-0.232270320823956
7682	-0.244483087821793
7683	-0.256009188421134
7684	-0.26687020237057
7685	-0.27708710975324
7686	-0.286680307002805
7687	-0.295669622497717
7688	-0.304074331744811
7689	-0.311913172162981
7690	-0.319204357477433
7691	-0.325965591734685
7692	-0.332214082948283
7693	-0.337966556384883
7694	-0.343239267500131
7695	-0.34804801453352
7696	-0.352408150771155
7697	-0.35633459648513
7698	-0.359841850557992
7699	-0.362944001800548
7700	-0.365654739971047
7701	-0.367987366503571
7702	-0.369954804953249
7703	-0.371569611165735
7704	-0.372843983178152
7705	-0.37378977085857
7706	-0.374418485290854
7707	-0.374741307911576
7708	-0.374769099405473
7709	0
7710	-0.0248471545294622
7711	-0.0486290463294855
7712	-0.0713776234074209
7713	-0.0931239586087293
7714	-0.113898272873227
7715	-0.133729957880114
7716	-0.152647598097793
7717	-0.17067899225404
7718	-0.187851174241722
7719	-0.204190433474816
7720	-0.219722334709131
7721	-0.234471737341753
7722	-0.248462814202837
7723	-0.26171906985306
7724	-0.274263358399674
7725	-0.286117900843745
7726	-0.297304301970886
7727	-0.307843566797407
7728	-0.317756116583545
7729	-0.327061804425108
7730	-0.335779930434561
7731	-0.343929256522332
7732	-0.351528020788786
7733	-0.358593951537081
7734	-0.365144280916822
7735	-0.371195758208212
7736	-0.376764662756082
7737	-0.381866816563009
7738	-0.386517596550429
7739	-0.390731946496457
7740	-0.394524388658886
7741	-0.397909035091611
7742	-0.400899598662513
7743	-0.403509403780635
7744	-0.405751396840258
7745	-0.407638156389315
7746	-0.409181903029348
7747	-0.410394509054068
7748	-0.411287507833356
7749	-0.411872102949389
7750	0
7751	-0.0252619401681637
7752	-0.0494484259021398
7753	-0.0725916649608027
7754	-0.0947229832225094
7755	-0.115872848116127
7756	-0.136070891436291
7757	-0.155345931559002
7758	-0.173725995073276
7759	-0.191238337844105
7760	-0.20790946552164
7761	-0.223765153511077
7762	-0.238830466417374
7763	-0.25312977697853
7764	-0.266686784500847
7765	-0.279524532809177
7766	-0.291665427724889
7767	-0.303131254083886
7768	-0.313943192306753
7769	-0.324121834532739
7770	-0.333687200328998
7771	-0.342658751986231
7772	-0.351055409411535
7773	-0.358895564629032
7774	-0.36619709589854
7775	-0.372977381462291
7776	-0.379253312929451
7777	-0.385041308307914
7778	-0.390357324692627
7779	-0.395216870619438
7780	-0.399635018093228
7781	-0.403626414298871
7782	-0.407205293003332
7783	-0.410385485656983
7784	-0.41318043220205
7785	-0.415603191595832
7786	-0.417666452056202
7787	-0.419382541036641
7788	-0.42076343493792
7789	-0.421820768563322
7790	-0.422565844324124
7791	0
7792	-0.0254306898394387
7793	-0.0497817788937422
7794	-0.0730855805980188
7795	-0.0953735237734811
7796	-0.116676176129581
7797	-0.137023267148521
7798	-0.156443710368305
7799	-0.174965625080066
7800	-0.19261635745502
7801	-0.209422501115947
7802	-0.225409917167767
7803	-0.240603753701356
7804	-0.255028464784396
7805	-0.26870782895269
7806	-0.281664967215015
7807	-0.293922360584263
7808	-0.305501867147255
7809	-0.316424738685323
7810	-0.326711636857425
7811	-0.33638264895723
7812	-0.345457303255358
7813	-0.353954583937618
7814	-0.361892945649835
7815	-0.369290327659574
7816	-0.376164167644787
7817	-0.382531415119165
7818	-0.388408544503708
7819	-0.393811567853784
7820	-0.398756047250702
7821	-0.40325710686659
7822	-0.40732944471114
7823	-0.410987344068555
7824	-0.41424468463282
7825	-0.417114953349199
7826	-0.419611254969666
7827	-0.421746322329756
7828	-0.423532526354152
7829	-0.42498188579811
7830	-0.426106076731657
7831	-0.426916441773293
7832	0
7833	-0.0262133279961094
7834	-0.0513278249920675
7835	-0.0753762945350658
7836	-0.0983906428813601
7837	-0.120401902828195
7838	-0.141440256919503
7839	-0.161535060041777
7840	-0.180714861426056
7841	-0.199007426071594
7842	-0.216439755606333
7843	-0.233038108598922
7844	-0.248828020336647
7845	-0.26383432208325
7846	-0.278081159830251
7847	-0.291592012555031
7848	-0.304389709998605
7849	-0.316496449975636
7850	-0.327933815228959
7851	-0.338722789840539
7852	-0.348883775210462
7853	-0.358436605615296
7854	-0.367400563356819
7855	-0.375794393511849
7856	-0.383636318293633
7857	-0.39094405103495
7858	-0.397734809802852
7859	-0.404025330654697
7860	-0.409831880544852
7861	-0.415170269891238
7862	-0.420055864810616
7863	-0.424503599031305
7864	-0.428527985491776
7865	-0.432143127633354
7866	-0.435362730395053
7867	-0.438200110918341
7868	-0.440668208969448
7869	-0.442779597086604
7870	-0.444546490459444
7871	-0.445980756547574
7872	-0.447093924445156
7873	0
7874	-0.0273724473085452
7875	-0.0536175828772544
7876	-0.0787689361294803
7877	-0.102859120422422
7878	-0.125919857367482
7879	-0.147982000511658
7880	-0.169075558396713
7881	-0.189229717012375
7882	-0.208472861659461
7883	-0.226832598238341
7884	-0.244335773977802
7885	-0.261008497618946
7886	-0.276876159068398
7887	-0.291963448534714
7888	-0.306294375161509
7889	-0.319892285170495
7890	-0.332779879527248
7891	-0.344979231142207
7892	-0.356511801619077
7893	-0.36739845756247
7894	-0.377659486456356
7895	-0.387314612124526
7896	-0.396383009784055
7897	-0.404883320702382
7898	-0.412833666468425
7899	-0.420251662887821
7900	-0.427154433512133
7901	-0.433558622811636
7902	-0.43948040900099
7903	-0.444935516526915
7904	-0.449939228226716
7905	-0.45450639716628
7906	-0.458651458165952
7907	-0.462388439022456
7908	-0.465730971434846
7909	-0.468692301642219
7910	-0.471285300780769
7911	-0.473522474967524
7912	-0.475415975117935
7913	-0.47697760650429
7914	0
7915	-0.027494590959614
7916	-0.0538588689857331
7917	-0.0791264399918209
7918	-0.103329991846726
7919	-0.126501318746504
7920	-0.148671344945944
7921	-0.169870147866552
7922	-0.190126980597303
7923	-0.209470293804067
7924	-0.227927757063181
7925	-0.24552627963423
7926	-0.262292030686731
7927	-0.278250458995005
7928	-0.29342631211516
7929	-0.307843655057741
7930	-0.321525888469264
7931	-0.334495766335461
7932	-0.346775413218799
7933	-0.358386341042434
7934	-0.369349465432488
7935	-0.379685121630229
7936	-0.389413079985386
7937	-0.3985525610416
7938	-0.407122250224673
7939	-0.415140312144026
7940	-0.422624404517495
7941	-0.429591691729335
7942	-0.43605885803103
7943	-0.442042120394284
7944	-0.447557241025285
7945	-0.452619539549136
7946	-0.457243904873077
7947	-0.461444806736932
7948	-0.465236306958962
7949	-0.46863207038512
7950	-0.471645375549466
7951	-0.47428912505333
7952	-0.476575855670577
7953	-0.478517748186175
7954	-0.480126636975026
7955	0
7956	-0.0295434125121542
7957	-0.0579061704627582
7958	-0.0851231628003419
7959	-0.111228327242356
7960	-0.136254675510331
7961	-0.160234317902226
7962	-0.183198487219316
7963	-0.205177562064501
7964	-0.226201089528495
7965	-0.246297807279902
7966	-0.265495665074798
7967	-0.283821845700992
7968	-0.301302785371775
7969	-0.317964193583566
7970	-0.333831072451481
7971	-0.348927735536497
7972	-0.36327782617752
7973	-0.376904335341308
7974	-0.389829619002897
7975	-0.402075415068783
7976	-0.413662859854874
7977	-0.424612504130841
7978	-0.434944328742227
7979	-0.444677759821385
7980	-0.453831683597994
7981	-0.462424460819655
7982	-0.470473940792767
7983	-0.477997475053639
7984	-0.485011930679513
7985	-0.491533703248945
7986	-0.497578729460713
7987	-0.503162499420205
7988	-0.508300068602008
7989	-0.51300606949716
7990	-0.517294722953354
7991	-0.521179849216117
7992	-0.524674878678813
7993	-0.527792862349098
7994	-0.530546482039255
7995	-0.532948060287654
7996	0
7997	-0.0315421106665855
7998	-0.0618544567264044
7999	-0.0909731787742397
8000	-0.118933433799222
8001	-0.1457694212622
8002	-0.171514408488351
8003	-0.196200755392927
8004	-0.219859938557618
8005	-0.24252257467449
8006	-0.264218443374074
8007	-0.284976509453707
8008	-0.304824944521822
8009	-0.32379114807348
8010	-0.341901768012021
8011	-0.359182720631334
8012	-0.375659210072863
8013	-0.3913557472711
8014	-0.406296168400952
8015	-0.42050365284002
8016	-0.434000740658497
8017	-0.446809349649042
8018	-0.458950791908679
8019	-0.470445789984448
8020	-0.481314492594235
8021	-0.4915764899339
8022	-0.501250828581533
8023	-0.510356026009399
8024	-0.51891008471384
8025	-0.526930505973132
8026	-0.534434303243058
8027	-0.541438015199669
8028	-0.54795771843849
8029	-0.55400903983916
8030	-0.559607168604271
8031	-0.564766867980951
8032	-0.569502486673492
8033	-0.573827969955123
8034	-0.577756870486816
8035	-0.581302358850788
8036	-0.584477233806199
8037	0
8038	-0.0326890139173722
8039	-0.0641200826493447
8040	-0.0943300650167883
8041	-0.123354817657577
8042	-0.151229221587244
8043	-0.177987208062269
8044	-0.203661783764246
8045	-0.228285055322696
8046	-0.251888253193833
8047	-0.274501754912139
8048	-0.296155107731144
8049	-0.316877050669415
8050	-0.336695535977313
8051	-0.355637750039661
8052	-0.37373013372911
8053	-0.390998402224568
8054	-0.407467564308688
8055	-0.423161941158058
8056	-0.438105184639377
8057	-0.452320295124532
8058	-0.46582963883719
8059	-0.47865496474315
8060	-0.490817420996419
8061	-0.50233757095263
8062	-0.513235408761132
8063	-0.523530374546795
8064	-0.533241369192258
8065	-0.542386768731094
8066	-0.550984438362077
8067	-0.559051746094477
8068	-0.566605576034038
8069	-0.573662341319074
8070	-0.580237996715805
8071	-0.58634805088191
8072	-0.59200757830695
8073	-0.597231230938141
8074	-0.602033249499726
8075	-0.606427474513959
8076	-0.610427357031537
8077	-0.614045969079079
8078	0
8079	-0.0335556168521285
8080	-0.0658319952038981
8081	-0.0968665365695892
8082	-0.126695626243398
8083	-0.155354660225264
8084	-0.182878071439803
8085	-0.209299355266855
8086	-0.234651094401643
8087	-0.258964983062093
8088	-0.282271850560387
8089	-0.304601684255399
8090	-0.325983651902199
8091	-0.346446123414417
8092	-0.366016692054819
8093	-0.384722195069068
8094	-0.402588733777242
8095	-0.419641693137297
8096	-0.435905760794295
8097	-0.451404945628863
8098	-0.466162595817989
8099	-0.480201416420918
8100	-0.493543486502578
8101	-0.506210275806653
8102	-0.518222660990083
8103	-0.529600941430475
8104	-0.54036485461762
8105	-0.550533591139982
8106	-0.560125809276792
8107	-0.569159649206052
8108	-0.577652746838523
8109	-0.585622247287486
8110	-0.59308481798381
8111	-0.600056661445635
8112	-0.606553527711692
8113	-0.612590726447093
8114	-0.618183138730161
8115	-0.623345228528652
8116	-0.62809105387352
8117	-0.632434277738139
8118	-0.636388178630697
8119	0
8120	-0.0335642881278908
8121	-0.0658491246933634
8122	-0.0968919166409178
8123	-0.126729054554514
8124	-0.155395939587053
8125	-0.182927009682868
8126	-0.209355765111743
8127	-0.234714793332438
8128	-0.259035793203303
8129	-0.282349598557034
8130	-0.304686201156222
8131	-0.326074773045897
8132	-0.346543688318851
8133	-0.366120544309092
8134	-0.384832182228414
8135	-0.402704707260645
8136	-0.419763508127768
8137	-0.43603327614175
8138	-0.45153802375552
8139	-0.466301102626222
8140	-0.480345221203507
8141	-0.493692461855293
8142	-0.506364297543109
8143	-0.518381608058803
8144	-0.529764695834115
8145	-0.540533301334282
8146	-0.550706618046583
8147	-0.560303307074412
8148	-0.569341511347231
8149	-0.577838869456435
8150	-0.585812529126961
8151	-0.593279160334145
8152	-0.600254968075143
8153	-0.606755704803961
8154	-0.612796682538888
8155	-0.618392784650945
8156	-0.623558477341677
8157	-0.628307820818441
8158	-0.632654480175118
8159	-0.636611735985965
8160	0
8161	-0.0336642656316889
8162	-0.0660466231520699
8163	-0.0971845421146306
8164	-0.1271144740929
8165	-0.155871879652058
8166	-0.183491254612458
8167	-0.210006155623601
8168	-0.23544922506659
8169	-0.259852215302637
8170	-0.283246012284739
8171	-0.305660658549182
8172	-0.327125375603105
8173	-0.347668585723914
8174	-0.367317933185963
8175	-0.386100304929469
8176	-0.40404185068626
8177	-0.421168002576593
8178	-0.437503494190853
8179	-0.453072379169645
8180	-0.467898049295395
8181	-0.482003252108245
8182	-0.495410108058707
8183	-0.508140127209191
8184	-0.520214225496222
8185	-0.531652740564851
8186	-0.542475447186458
8187	-0.552701572270852
8188	-0.562349809483305
8189	-0.571438333476844
8190	-0.579984813749896
8191	-0.588006428139089
8192	-0.595519875956766
8193	-0.602541390782514
8194	-0.609086752917778
8195	-0.615171301512382
8196	-0.620809946371547
8197	-0.626017179451783
8198	-0.630807086053805
8199	-0.635193355720408
8200	-0.639189292847036
