group	y
1	0
2	9.22262848298498
3	0.331750225465932
4	14.6943461193988
5	-5.30389799172775
6	15.7130630218298
7	-5.30389799172775
8	15.7130630218298
9	-5.30389799172775
10	15.7130630218298
11	-5.30389799172775
12	15.7130630218298
13	-5.30389799172775
14	15.7130630218298
15	-5.30389799172775
16	15.7130630218298
17	-5.30389799172775
18	15.7130630218298
19	-5.30389799172775
20	15.7130630218298
21	-5.30389799172775
22	15.7130630218298
23	-5.30389799172775
24	15.7130630218298
25	-5.30389799172775
26	15.7130630218298
27	-5.30389799172775
28	15.7130630218298
29	-5.30389799172775
30	15.7130630218298
31	-5.30389799172775
32	15.7130630218298
33	-5.30389799172775
34	15.7130630218298
35	-5.30389799172775
36	15.7130630218298
37	-5.30389799172775
38	15.7130630218298
39	-5.30389799172775
40	15.7130630218298
41	-5.30389799172775
42	0
43	9.21860919188584
44	0.333587450036107
45	14.6867456294376
46	-5.30389799172775
47	15.7130630218298
48	-5.30389799172775
49	15.7130630218298
50	-5.30389799172775
51	15.7130630218298
52	-5.30389799172775
53	15.7130630218298
54	-5.30389799172775
55	15.7130630218298
56	-5.30389799172775
57	15.7130630218298
58	-5.30389799172775
59	15.7130630218298
60	-5.30389799172775
61	15.7130630218298
62	-5.30389799172775
63	15.7130630218298
64	-5.30389799172775
65	15.7130630218298
66	-5.30389799172775
67	15.7130630218298
68	-5.30389799172775
69	15.7130630218298
70	-5.30389799172775
71	15.7130630218298
72	-5.30389799172775
73	15.7130630218298
74	-5.30389799172775
75	15.7130630218298
76	-5.30389799172775
77	15.7130630218298
78	-5.30389799172775
79	15.7130630218298
80	-5.30389799172775
81	15.7130630218298
82	-5.30389799172775
83	0
84	9.09085774160742
85	0.39198284801496
86	14.4451673034533
87	-5.30389799172775
88	15.7130630218298
89	-5.30389799172775
90	15.7130630218298
91	-5.30389799172775
92	15.7130630218298
93	-5.30389799172775
94	15.7130630218298
95	-5.30389799172775
96	15.7130630218298
97	-5.30389799172775
98	15.7130630218298
99	-5.30389799172775
100	15.7130630218298
101	-5.30389799172775
102	15.7130630218298
103	-5.30389799172775
104	15.7130630218298
105	-5.30389799172775
106	15.7130630218298
107	-5.30389799172775
108	15.7130630218298
109	-5.30389799172775
110	15.7130630218298
111	-5.30389799172775
112	15.7130630218298
113	-5.30389799172775
114	15.7130630218298
115	-5.30389799172775
116	15.7130630218298
117	-5.30389799172775
118	15.7130630218298
119	-5.30389799172775
120	15.7130630218298
121	-5.30389799172775
122	15.7130630218298
123	-5.30389799172775
124	0
125	8.93395338813071
126	0.4637040859807
127	14.1484607614146
128	-5.30389799172775
129	15.7130630218298
130	-5.30389799172775
131	15.7130630218298
132	-5.30389799172775
133	15.7130630218298
134	-5.30389799172775
135	15.7130630218298
136	-5.30389799172775
137	15.7130630218298
138	-5.30389799172775
139	15.7130630218298
140	-5.30389799172775
141	15.7130630218298
142	-5.30389799172775
143	15.7130630218298
144	-5.30389799172775
145	15.7130630218298
146	-5.30389799172775
147	15.7130630218298
148	-5.30389799172775
149	15.7130630218298
150	-5.30389799172775
151	15.7130630218298
152	-5.30389799172775
153	15.7130630218298
154	-5.30389799172775
155	15.7130630218298
156	-5.30389799172775
157	15.7130630218298
158	-5.30389799172775
159	15.7130630218298
160	-5.30389799172775
161	15.7130630218298
162	-5.30389799172775
163	15.7130630218298
164	-5.30389799172775
165	0
166	8.63331653942009
167	0.601125683851438
168	13.5799556956607
169	-5.30389799172775
170	15.7130630218298
171	-5.30389799172775
172	15.7130630218298
173	-5.30389799172775
174	15.7130630218298
175	-5.30389799172775
176	15.7130630218298
177	-5.30389799172775
178	15.7130630218298
179	-5.30389799172775
180	15.7130630218298
181	-5.30389799172775
182	15.7130630218298
183	-5.30389799172775
184	15.7130630218298
185	-5.30389799172775
186	15.7130630218298
187	-5.30389799172775
188	15.7130630218298
189	-5.30389799172775
190	15.7130630218298
191	-5.30389799172775
192	15.7130630218298
193	-5.30389799172775
194	15.7130630218298
195	-5.30389799172775
196	15.7130630218298
197	-5.30389799172775
198	15.7130630218298
199	-5.30389799172775
200	15.7130630218298
201	-5.30389799172775
202	15.7130630218298
203	-5.30389799172775
204	15.7130630218298
205	-5.30389799172775
206	0
207	8.59666647541008
208	0.617878488372646
209	13.5106503289391
210	-5.30389799172775
211	15.7130630218298
212	-5.30389799172775
213	15.7130630218298
214	-5.30389799172775
215	15.7130630218298
216	-5.30389799172775
217	15.7130630218298
218	-5.30389799172775
219	15.7130630218298
220	-5.30389799172775
221	15.7130630218298
222	-5.30389799172775
223	15.7130630218298
224	-5.30389799172775
225	15.7130630218298
226	-5.30389799172775
227	15.7130630218298
228	-5.30389799172775
229	15.7130630218298
230	-5.30389799172775
231	15.7130630218298
232	-5.30389799172775
233	15.7130630218298
234	-5.30389799172775
235	15.7130630218298
236	-5.30389799172775
237	15.7130630218298
238	-5.30389799172775
239	15.7130630218298
240	-5.30389799172775
241	15.7130630218298
242	-5.30389799172775
243	15.7130630218298
244	-5.30389799172775
245	15.7130630218298
246	-5.30389799172775
247	0
248	8.57067878145637
249	0.629757506009409
250	13.4615075318292
251	-5.30389799172775
252	15.7130630218298
253	-5.30389799172775
254	15.7130630218298
255	-5.30389799172775
256	15.7130630218298
257	-5.30389799172775
258	15.7130630218298
259	-5.30389799172775
260	15.7130630218298
261	-5.30389799172775
262	15.7130630218298
263	-5.30389799172775
264	15.7130630218298
265	-5.30389799172775
266	15.7130630218298
267	-5.30389799172775
268	15.7130630218298
269	-5.30389799172775
270	15.7130630218298
271	-5.30389799172775
272	15.7130630218298
273	-5.30389799172775
274	15.7130630218298
275	-5.30389799172775
276	15.7130630218298
277	-5.30389799172775
278	15.7130630218298
279	-5.30389799172775
280	15.7130630218298
281	-5.30389799172775
282	15.7130630218298
283	-5.30389799172775
284	15.7130630218298
285	-5.30389799172775
286	15.7130630218298
287	-5.30389799172775
288	0
289	8.48238420315095
290	0.670117102932052
291	13.294542253752
292	-5.30389799172775
293	15.7130630218298
294	-5.30389799172775
295	15.7130630218298
296	-5.30389799172775
297	15.7130630218298
298	-5.30389799172775
299	15.7130630218298
300	-5.30389799172775
301	15.7130630218298
302	-5.30389799172775
303	15.7130630218298
304	-5.30389799172775
305	15.7130630218298
306	-5.30389799172775
307	15.7130630218298
308	-5.30389799172775
309	15.7130630218298
310	-5.30389799172775
311	15.7130630218298
312	-5.30389799172775
313	15.7130630218298
314	-5.30389799172775
315	15.7130630218298
316	-5.30389799172775
317	15.7130630218298
318	-5.30389799172775
319	15.7130630218298
320	-5.30389799172775
321	15.7130630218298
322	-5.30389799172775
323	15.7130630218298
324	-5.30389799172775
325	15.7130630218298
326	-5.30389799172775
327	15.7130630218298
328	-5.30389799172775
329	0
330	8.42331141005267
331	0.697119373788298
332	13.1828354477878
333	-5.30389799172775
334	15.7130630218298
335	-5.30389799172775
336	15.7130630218298
337	-5.30389799172775
338	15.7130630218298
339	-5.30389799172775
340	15.7130630218298
341	-5.30389799172775
342	15.7130630218298
343	-5.30389799172775
344	15.7130630218298
345	-5.30389799172775
346	15.7130630218298
347	-5.30389799172775
348	15.7130630218298
349	-5.30389799172775
350	15.7130630218298
351	-5.30389799172775
352	15.7130630218298
353	-5.30389799172775
354	15.7130630218298
355	-5.30389799172775
356	15.7130630218298
357	-5.30389799172775
358	15.7130630218298
359	-5.30389799172775
360	15.7130630218298
361	-5.30389799172775
362	15.7130630218298
363	-5.30389799172775
364	15.7130630218298
365	-5.30389799172775
366	15.7130630218298
367	-5.30389799172775
368	15.7130630218298
369	-5.30389799172775
370	0
371	8.40032542594689
372	0.707626304917981
373	13.1393688918366
374	-5.30389799172775
375	15.7130630218298
376	-5.30389799172775
377	15.7130630218298
378	-5.30389799172775
379	15.7130630218298
380	-5.30389799172775
381	15.7130630218298
382	-5.30389799172775
383	15.7130630218298
384	-5.30389799172775
385	15.7130630218298
386	-5.30389799172775
387	15.7130630218298
388	-5.30389799172775
389	15.7130630218298
390	-5.30389799172775
391	15.7130630218298
392	-5.30389799172775
393	15.7130630218298
394	-5.30389799172775
395	15.7130630218298
396	-5.30389799172775
397	15.7130630218298
398	-5.30389799172775
399	15.7130630218298
400	-5.30389799172775
401	15.7130630218298
402	-5.30389799172775
403	15.7130630218298
404	-5.30389799172775
405	15.7130630218298
406	-5.30389799172775
407	15.7130630218298
408	-5.30389799172775
409	15.7130630218298
410	-5.30389799172775
411	0
412	8.3080217118587
413	0.74981848439899
414	12.9648223275279
415	-5.30389799172775
416	15.7130630218298
417	-5.30389799172775
418	15.7130630218298
419	-5.30389799172775
420	15.7130630218298
421	-5.30389799172775
422	15.7130630218298
423	-5.30389799172775
424	15.7130630218298
425	-5.30389799172775
426	15.7130630218298
427	-5.30389799172775
428	15.7130630218298
429	-5.30389799172775
430	15.7130630218298
431	-5.30389799172775
432	15.7130630218298
433	-5.30389799172775
434	15.7130630218298
435	-5.30389799172775
436	15.7130630218298
437	-5.30389799172775
438	15.7130630218298
439	-5.30389799172775
440	15.7130630218298
441	-5.30389799172775
442	15.7130630218298
443	-5.30389799172775
444	15.7130630218298
445	-5.30389799172775
446	15.7130630218298
447	-5.30389799172775
448	15.7130630218298
449	-5.30389799172775
450	15.7130630218298
451	-5.30389799172775
452	0
453	8.11243713173215
454	0.839220517566717
455	12.5949713759157
456	-5.30389799172775
457	15.7130630218298
458	-5.30389799172775
459	15.7130630218298
460	-5.30389799172775
461	15.7130630218298
462	-5.30389799172775
463	15.7130630218298
464	-5.30389799172775
465	15.7130630218298
466	-5.30389799172775
467	15.7130630218298
468	-5.30389799172775
469	15.7130630218298
470	-5.30389799172775
471	15.7130630218298
472	-5.30389799172775
473	15.7130630218298
474	-5.30389799172775
475	15.7130630218298
476	-5.30389799172775
477	15.7130630218298
478	-5.30389799172775
479	15.7130630218298
480	-5.30389799172775
481	15.7130630218298
482	-5.30389799172775
483	15.7130630218298
484	-5.30389799172775
485	15.7130630218298
486	-5.30389799172775
487	15.7130630218298
488	-5.30389799172775
489	15.7130630218298
490	-5.30389799172775
491	15.7130630218298
492	-5.30389799172775
493	0
494	8.09435602180892
495	0.847485422642671
496	12.5607799498484
497	-5.30389799172775
498	15.7130630218298
499	-5.30389799172775
500	15.7130630218298
501	-5.30389799172775
502	15.7130630218298
503	-5.30389799172775
504	15.7130630218298
505	-5.30389799172775
506	15.7130630218298
507	-5.30389799172775
508	15.7130630218298
509	-5.30389799172775
510	15.7130630218298
511	-5.30389799172775
512	15.7130630218298
513	-5.30389799172775
514	15.7130630218298
515	-5.30389799172775
516	15.7130630218298
517	-5.30389799172775
518	15.7130630218298
519	-5.30389799172775
520	15.7130630218298
521	-5.30389799172775
522	15.7130630218298
523	-5.30389799172775
524	15.7130630218298
525	-5.30389799172775
526	15.7130630218298
527	-5.30389799172775
528	15.7130630218298
529	-5.30389799172775
530	15.7130630218298
531	-5.30389799172775
532	15.7130630218298
533	-5.30389799172775
534	0
535	8.06465564113677
536	0.861061515483053
537	12.5046164524616
538	-5.30389799172775
539	15.7130630218298
540	-5.30389799172775
541	15.7130630218298
542	-5.30389799172775
543	15.7130630218298
544	-5.30389799172775
545	15.7130630218298
546	-5.30389799172775
547	15.7130630218298
548	-5.30389799172775
549	15.7130630218298
550	-5.30389799172775
551	15.7130630218298
552	-5.30389799172775
553	15.7130630218298
554	-5.30389799172775
555	15.7130630218298
556	-5.30389799172775
557	15.7130630218298
558	-5.30389799172775
559	15.7130630218298
560	-5.30389799172775
561	15.7130630218298
562	-5.30389799172775
563	15.7130630218298
564	-5.30389799172775
565	15.7130630218298
566	-5.30389799172775
567	15.7130630218298
568	-5.30389799172775
569	15.7130630218298
570	-5.30389799172775
571	15.7130630218298
572	-5.30389799172775
573	15.7130630218298
574	-5.30389799172775
575	0
576	8.04147984477279
577	0.871655210108065
578	12.4607909610346
579	-5.30389799172775
580	15.7130630218298
581	-5.30389799172775
582	15.7130630218298
583	-5.30389799172775
584	15.7130630218298
585	-5.30389799172775
586	15.7130630218298
587	-5.30389799172775
588	15.7130630218298
589	-5.30389799172775
590	15.7130630218298
591	-5.30389799172775
592	15.7130630218298
593	-5.30389799172775
594	15.7130630218298
595	-5.30389799172775
596	15.7130630218298
597	-5.30389799172775
598	15.7130630218298
599	-5.30389799172775
600	15.7130630218298
601	-5.30389799172775
602	15.7130630218298
603	-5.30389799172775
604	15.7130630218298
605	-5.30389799172775
606	15.7130630218298
607	-5.30389799172775
608	15.7130630218298
609	-5.30389799172775
610	15.7130630218298
611	-5.30389799172775
612	15.7130630218298
613	-5.30389799172775
614	15.7130630218298
615	-5.30389799172775
616	0
617	8.00349207665138
618	0.889019481378123
619	12.3889559923462
620	-5.30389799172775
621	15.7130630218298
622	-5.30389799172775
623	15.7130630218298
624	-5.30389799172775
625	15.7130630218298
626	-5.30389799172775
627	15.7130630218298
628	-5.30389799172775
629	15.7130630218298
630	-5.30389799172775
631	15.7130630218298
632	-5.30389799172775
633	15.7130630218298
634	-5.30389799172775
635	15.7130630218298
636	-5.30389799172775
637	15.7130630218298
638	-5.30389799172775
639	15.7130630218298
640	-5.30389799172775
641	15.7130630218298
642	-5.30389799172775
643	15.7130630218298
644	-5.30389799172775
645	15.7130630218298
646	-5.30389799172775
647	15.7130630218298
648	-5.30389799172775
649	15.7130630218298
650	-5.30389799172775
651	15.7130630218298
652	-5.30389799172775
653	15.7130630218298
654	-5.30389799172775
655	15.7130630218298
656	-5.30389799172775
657	0
658	7.97243115287851
659	0.903217480706936
660	12.3302197044041
661	-5.30389799172775
662	15.7130630218298
663	-5.30389799172775
664	15.7130630218298
665	-5.30389799172775
666	15.7130630218298
667	-5.30389799172775
668	15.7130630218298
669	-5.30389799172775
670	15.7130630218298
671	-5.30389799172775
672	15.7130630218298
673	-5.30389799172775
674	15.7130630218298
675	-5.30389799172775
676	15.7130630218298
677	-5.30389799172775
678	15.7130630218298
679	-5.30389799172775
680	15.7130630218298
681	-5.30389799172775
682	15.7130630218298
683	-5.30389799172775
684	15.7130630218298
685	-5.30389799172775
686	15.7130630218298
687	-5.30389799172775
688	15.7130630218298
689	-5.30389799172775
690	15.7130630218298
691	-5.30389799172775
692	15.7130630218298
693	-5.30389799172775
694	15.7130630218298
695	-5.30389799172775
696	15.7130630218298
697	-5.30389799172775
698	0
699	7.8268108818757
700	0.969780746019888
701	12.0548513917817
702	-5.30389799172775
703	15.7130630218298
704	-5.30389799172775
705	15.7130630218298
706	-5.30389799172775
707	15.7130630218298
708	-5.30389799172775
709	15.7130630218298
710	-5.30389799172775
711	15.7130630218298
712	-5.30389799172775
713	15.7130630218298
714	-5.30389799172775
715	15.7130630218298
716	-5.30389799172775
717	15.7130630218298
718	-5.30389799172775
719	15.7130630218298
720	-5.30389799172775
721	15.7130630218298
722	-5.30389799172775
723	15.7130630218298
724	-5.30389799172775
725	15.7130630218298
726	-5.30389799172775
727	15.7130630218298
728	-5.30389799172775
729	15.7130630218298
730	-5.30389799172775
731	15.7130630218298
732	-5.30389799172775
733	15.7130630218298
734	-5.30389799172775
735	15.7130630218298
736	-5.30389799172775
737	15.7130630218298
738	-5.30389799172775
739	0
740	7.77716469985609
741	0.992474097452279
742	11.9609703319764
743	-5.30389799172775
744	15.7130630218298
745	-5.30389799172775
746	15.7130630218298
747	-5.30389799172775
748	15.7130630218298
749	-5.30389799172775
750	15.7130630218298
751	-5.30389799172775
752	15.7130630218298
753	-5.30389799172775
754	15.7130630218298
755	-5.30389799172775
756	15.7130630218298
757	-5.30389799172775
758	15.7130630218298
759	-5.30389799172775
760	15.7130630218298
761	-5.30389799172775
762	15.7130630218298
763	-5.30389799172775
764	15.7130630218298
765	-5.30389799172775
766	15.7130630218298
767	-5.30389799172775
768	15.7130630218298
769	-5.30389799172775
770	15.7130630218298
771	-5.30389799172775
772	15.7130630218298
773	-5.30389799172775
774	15.7130630218298
775	-5.30389799172775
776	15.7130630218298
777	-5.30389799172775
778	15.7130630218298
779	-5.30389799172775
780	0
781	7.72810867815889
782	1.01489768563092
783	11.8682052668814
784	-5.30389799172775
785	15.7130630218298
786	-5.30389799172775
787	15.7130630218298
788	-5.30389799172775
789	15.7130630218298
790	-5.30389799172775
791	15.7130630218298
792	-5.30389799172775
793	15.7130630218298
794	-5.30389799172775
795	15.7130630218298
796	-5.30389799172775
797	15.7130630218298
798	-5.30389799172775
799	15.7130630218298
800	-5.30389799172775
801	15.7130630218298
802	-5.30389799172775
803	15.7130630218298
804	-5.30389799172775
805	15.7130630218298
806	-5.30389799172775
807	15.7130630218298
808	-5.30389799172775
809	15.7130630218298
810	-5.30389799172775
811	15.7130630218298
812	-5.30389799172775
813	15.7130630218298
814	-5.30389799172775
815	15.7130630218298
816	-5.30389799172775
817	15.7130630218298
818	-5.30389799172775
819	15.7130630218298
820	-5.30389799172775
821	0
822	7.54906626461096
823	1.09673826725594
824	11.5296355954544
825	-5.30389799172775
826	15.7130630218298
827	-5.30389799172775
828	15.7130630218298
829	-5.30389799172775
830	15.7130630218298
831	-5.30389799172775
832	15.7130630218298
833	-5.30389799172775
834	15.7130630218298
835	-5.30389799172775
836	15.7130630218298
837	-5.30389799172775
838	15.7130630218298
839	-5.30389799172775
840	15.7130630218298
841	-5.30389799172775
842	15.7130630218298
843	-5.30389799172775
844	15.7130630218298
845	-5.30389799172775
846	15.7130630218298
847	-5.30389799172775
848	15.7130630218298
849	-5.30389799172775
850	15.7130630218298
851	-5.30389799172775
852	15.7130630218298
853	-5.30389799172775
854	15.7130630218298
855	-5.30389799172775
856	15.7130630218298
857	-5.30389799172775
858	15.7130630218298
859	-5.30389799172775
860	15.7130630218298
861	-5.30389799172775
862	0
863	7.48600341659393
864	1.12556439877624
865	11.4103835852224
866	-5.30389799172775
867	15.7130630218298
868	-5.30389799172775
869	15.7130630218298
870	-5.30389799172775
871	15.7130630218298
872	-5.30389799172775
873	15.7130630218298
874	-5.30389799172775
875	15.7130630218298
876	-5.30389799172775
877	15.7130630218298
878	-5.30389799172775
879	15.7130630218298
880	-5.30389799172775
881	15.7130630218298
882	-5.30389799172775
883	15.7130630218298
884	-5.30389799172775
885	15.7130630218298
886	-5.30389799172775
887	15.7130630218298
888	-5.30389799172775
889	15.7130630218298
890	-5.30389799172775
891	15.7130630218298
892	-5.30389799172775
893	15.7130630218298
894	-5.30389799172775
895	15.7130630218298
896	-5.30389799172775
897	15.7130630218298
898	-5.30389799172775
899	15.7130630218298
900	-5.30389799172775
901	15.7130630218298
902	-5.30389799172775
903	0
904	7.16175933514132
905	1.27377690154976
906	10.7972371807244
907	-5.30389799172775
908	15.7130630218298
909	-5.30389799172775
910	15.7130630218298
911	-5.30389799172775
912	15.7130630218298
913	-5.30389799172775
914	15.7130630218298
915	-5.30389799172775
916	15.7130630218298
917	-5.30389799172775
918	15.7130630218298
919	-5.30389799172775
920	15.7130630218298
921	-5.30389799172775
922	15.7130630218298
923	-5.30389799172775
924	15.7130630218298
925	-5.30389799172775
926	15.7130630218298
927	-5.30389799172775
928	15.7130630218298
929	-5.30389799172775
930	15.7130630218298
931	-5.30389799172775
932	15.7130630218298
933	-5.30389799172775
934	15.7130630218298
935	-5.30389799172775
936	15.7130630218298
937	-5.30389799172775
938	15.7130630218298
939	-5.30389799172775
940	15.7130630218298
941	-5.30389799172775
942	15.7130630218298
943	-5.30389799172775
944	0
945	7.14011245247538
946	1.28367172720947
947	10.7563028690917
948	-5.30389799172775
949	15.7130630218298
950	-5.30389799172775
951	15.7130630218298
952	-5.30389799172775
953	15.7130630218298
954	-5.30389799172775
955	15.7130630218298
956	-5.30389799172775
957	15.7130630218298
958	-5.30389799172775
959	15.7130630218298
960	-5.30389799172775
961	15.7130630218298
962	-5.30389799172775
963	15.7130630218298
964	-5.30389799172775
965	15.7130630218298
966	-5.30389799172775
967	15.7130630218298
968	-5.30389799172775
969	15.7130630218298
970	-5.30389799172775
971	15.7130630218298
972	-5.30389799172775
973	15.7130630218298
974	-5.30389799172775
975	15.7130630218298
976	-5.30389799172775
977	15.7130630218298
978	-5.30389799172775
979	15.7130630218298
980	-5.30389799172775
981	15.7130630218298
982	-5.30389799172775
983	15.7130630218298
984	-5.30389799172775
985	0
986	7.12173553380534
987	1.29207184694997
988	10.7215520679119
989	-5.30389799172775
990	15.7130630218298
991	-5.30389799172775
992	15.7130630218298
993	-5.30389799172775
994	15.7130630218298
995	-5.30389799172775
996	15.7130630218298
997	-5.30389799172775
998	15.7130630218298
999	-5.30389799172775
1000	15.7130630218298
1001	-5.30389799172775
1002	15.7130630218298
1003	-5.30389799172775
1004	15.7130630218298
1005	-5.30389799172775
1006	15.7130630218298
1007	-5.30389799172775
1008	15.7130630218298
1009	-5.30389799172775
1010	15.7130630218298
1011	-5.30389799172775
1012	15.7130630218298
1013	-5.30389799172775
1014	15.7130630218298
1015	-5.30389799172775
1016	15.7130630218298
1017	-5.30389799172775
1018	15.7130630218298
1019	-5.30389799172775
1020	15.7130630218298
1021	-5.30389799172775
1022	15.7130630218298
1023	-5.30389799172775
1024	15.7130630218298
1025	-5.30389799172775
1026	0
1027	7.06635217252898
1028	1.31738767245404
1029	10.6168219871546
1030	-5.30389799172775
1031	15.7130630218298
1032	-5.30389799172775
1033	15.7130630218298
1034	-5.30389799172775
1035	15.7130630218298
1036	-5.30389799172775
1037	15.7130630218298
1038	-5.30389799172775
1039	15.7130630218298
1040	-5.30389799172775
1041	15.7130630218298
1042	-5.30389799172775
1043	15.7130630218298
1044	-5.30389799172775
1045	15.7130630218298
1046	-5.30389799172775
1047	15.7130630218298
1048	-5.30389799172775
1049	15.7130630218298
1050	-5.30389799172775
1051	15.7130630218298
1052	-5.30389799172775
1053	15.7130630218298
1054	-5.30389799172775
1055	15.7130630218298
1056	-5.30389799172775
1057	15.7130630218298
1058	-5.30389799172775
1059	15.7130630218298
1060	-5.30389799172775
1061	15.7130630218298
1062	-5.30389799172775
1063	15.7130630218298
1064	-5.30389799172775
1065	15.7130630218298
1066	-5.30389799172775
1067	0
1068	6.99758266207064
1069	1.34882232875949
1070	10.4867786633483
1071	-4.2319542287027
1072	15.7130630218298
1073	-5.30389799172775
1074	15.7130630218298
1075	-5.30389799172775
1076	15.7130630218298
1077	-5.30389799172775
1078	15.7130630218298
1079	-5.30389799172775
1080	15.7130630218298
1081	-5.30389799172775
1082	15.7130630218298
1083	-5.30389799172775
1084	15.7130630218298
1085	-5.30389799172775
1086	15.7130630218298
1087	-5.30389799172775
1088	15.7130630218298
1089	-5.30389799172775
1090	15.7130630218298
1091	-5.30389799172775
1092	15.7130630218298
1093	-5.30389799172775
1094	15.7130630218298
1095	-5.30389799172775
1096	15.7130630218298
1097	-5.30389799172775
1098	15.7130630218298
1099	-5.30389799172775
1100	15.7130630218298
1101	-5.30389799172775
1102	15.7130630218298
1103	-5.30389799172775
1104	15.7130630218298
1105	-5.30389799172775
1106	15.7130630218298
1107	-5.30389799172775
1108	0
1109	6.95933741449019
1110	1.36630429431364
1111	10.4144568003307
1112	-4.15962443901598
1113	15.7130630218298
1114	-5.30389799172775
1115	15.7130630218298
1116	-5.30389799172775
1117	15.7130630218298
1118	-5.30389799172775
1119	15.7130630218298
1120	-5.30389799172775
1121	15.7130630218298
1122	-5.30389799172775
1123	15.7130630218298
1124	-5.30389799172775
1125	15.7130630218298
1126	-5.30389799172775
1127	15.7130630218298
1128	-5.30389799172775
1129	15.7130630218298
1130	-5.30389799172775
1131	15.7130630218298
1132	-5.30389799172775
1133	15.7130630218298
1134	-5.30389799172775
1135	15.7130630218298
1136	-5.30389799172775
1137	15.7130630218298
1138	-5.30389799172775
1139	15.7130630218298
1140	-5.30389799172775
1141	15.7130630218298
1142	-5.30389799172775
1143	15.7130630218298
1144	-5.30389799172775
1145	15.7130630218298
1146	-5.30389799172775
1147	15.7130630218298
1148	-5.30389799172775
1149	0
1150	6.93278070565331
1151	1.37844340958911
1152	10.3642379945913
1153	-4.10940012916147
1154	15.7130630218298
1155	-5.30389799172775
1156	15.7130630218298
1157	-5.30389799172775
1158	15.7130630218298
1159	-5.30389799172775
1160	15.7130630218298
1161	-5.30389799172775
1162	15.7130630218298
1163	-5.30389799172775
1164	15.7130630218298
1165	-5.30389799172775
1166	15.7130630218298
1167	-5.30389799172775
1168	15.7130630218298
1169	-5.30389799172775
1170	15.7130630218298
1171	-5.30389799172775
1172	15.7130630218298
1173	-5.30389799172775
1174	15.7130630218298
1175	-5.30389799172775
1176	15.7130630218298
1177	-5.30389799172775
1178	15.7130630218298
1179	-5.30389799172775
1180	15.7130630218298
1181	-5.30389799172775
1182	15.7130630218298
1183	-5.30389799172775
1184	15.7130630218298
1185	-5.30389799172775
1186	15.7130630218298
1187	-5.30389799172775
1188	15.7130630218298
1189	-5.30389799172775
1190	0
1191	6.79884847669918
1192	1.43966405166344
1193	10.1109717999957
1194	-3.85610617591542
1195	15.7130630218298
1196	-5.30389799172775
1197	15.7130630218298
1198	-5.30389799172775
1199	15.7130630218298
1200	-5.30389799172775
1201	15.7130630218298
1202	-5.30389799172775
1203	15.7130630218298
1204	-5.30389799172775
1205	15.7130630218298
1206	-5.30389799172775
1207	15.7130630218298
1208	-5.30389799172775
1209	15.7130630218298
1210	-5.30389799172775
1211	15.7130630218298
1212	-5.30389799172775
1213	15.7130630218298
1214	-5.30389799172775
1215	15.7130630218298
1216	-5.30389799172775
1217	15.7130630218298
1218	-5.30389799172775
1219	15.7130630218298
1220	-5.30389799172775
1221	15.7130630218298
1222	-5.30389799172775
1223	15.7130630218298
1224	-5.30389799172775
1225	15.7130630218298
1226	-5.30389799172775
1227	15.7130630218298
1228	-5.30389799172775
1229	15.7130630218298
1230	-5.30389799172775
1231	0
1232	6.78586466535317
1233	1.44559897317846
1234	10.0864193788449
1235	-3.83155106375375
1236	15.7130630218298
1237	-5.30389799172775
1238	15.7130630218298
1239	-5.30389799172775
1240	15.7130630218298
1241	-5.30389799172775
1242	15.7130630218298
1243	-5.30389799172775
1244	15.7130630218298
1245	-5.30389799172775
1246	15.7130630218298
1247	-5.30389799172775
1248	15.7130630218298
1249	-5.30389799172775
1250	15.7130630218298
1251	-5.30389799172775
1252	15.7130630218298
1253	-5.30389799172775
1254	15.7130630218298
1255	-5.30389799172775
1256	15.7130630218298
1257	-5.30389799172775
1258	15.7130630218298
1259	-5.30389799172775
1260	15.7130630218298
1261	-5.30389799172775
1262	15.7130630218298
1263	-5.30389799172775
1264	15.7130630218298
1265	-5.30389799172775
1266	15.7130630218298
1267	-5.30389799172775
1268	15.7130630218298
1269	-5.30389799172775
1270	15.7130630218298
1271	-5.30389799172775
1272	0
1273	6.7436831315738
1274	1.46488022162641
1275	10.006653988349
1276	-3.75177693075834
1277	15.7130630218298
1278	-5.30389799172775
1279	15.7130630218298
1280	-5.30389799172775
1281	15.7130630218298
1282	-5.30389799172775
1283	15.7130630218298
1284	-5.30389799172775
1285	15.7130630218298
1286	-5.30389799172775
1287	15.7130630218298
1288	-5.30389799172775
1289	15.7130630218298
1290	-5.30389799172775
1291	15.7130630218298
1292	-5.30389799172775
1293	15.7130630218298
1294	-5.30389799172775
1295	15.7130630218298
1296	-5.30389799172775
1297	15.7130630218298
1298	-5.30389799172775
1299	15.7130630218298
1300	-5.30389799172775
1301	15.7130630218298
1302	-5.30389799172775
1303	15.7130630218298
1304	-5.30389799172775
1305	15.7130630218298
1306	-5.30389799172775
1307	15.7130630218298
1308	-5.30389799172775
1309	15.7130630218298
1310	-5.30389799172775
1311	15.7130630218298
1312	-5.30389799172775
1313	0
1314	6.72349993100539
1315	1.47410599579266
1316	9.96848750338395
1317	-3.71360626264469
1318	15.7130630218298
1319	-5.30389799172775
1320	15.7130630218298
1321	-5.30389799172775
1322	15.7130630218298
1323	-5.30389799172775
1324	15.7130630218298
1325	-5.30389799172775
1326	15.7130630218298
1327	-5.30389799172775
1328	15.7130630218298
1329	-5.30389799172775
1330	15.7130630218298
1331	-5.30389799172775
1332	15.7130630218298
1333	-5.30389799172775
1334	15.7130630218298
1335	-5.30389799172775
1336	15.7130630218298
1337	-5.30389799172775
1338	15.7130630218298
1339	-5.30389799172775
1340	15.7130630218298
1341	-5.30389799172775
1342	15.7130630218298
1343	-5.30389799172775
1344	15.7130630218298
1345	-5.30389799172775
1346	15.7130630218298
1347	-5.30389799172775
1348	15.7130630218298
1349	-5.30389799172775
1350	15.7130630218298
1351	-5.30389799172775
1352	15.7130630218298
1353	-5.30389799172775
1354	0
1355	6.66441802086264
1356	1.50111243406493
1357	9.85676345706485
1358	-3.6018699710721
1359	15.7130630218298
1360	-5.30389799172775
1361	15.7130630218298
1362	-5.30389799172775
1363	15.7130630218298
1364	-5.30389799172775
1365	15.7130630218298
1366	-5.30389799172775
1367	15.7130630218298
1368	-5.30389799172775
1369	15.7130630218298
1370	-5.30389799172775
1371	15.7130630218298
1372	-5.30389799172775
1373	15.7130630218298
1374	-5.30389799172775
1375	15.7130630218298
1376	-5.30389799172775
1377	15.7130630218298
1378	-5.30389799172775
1379	15.7130630218298
1380	-5.30389799172775
1381	15.7130630218298
1382	-5.30389799172775
1383	15.7130630218298
1384	-5.30389799172775
1385	15.7130630218298
1386	-5.30389799172775
1387	15.7130630218298
1388	-5.30389799172775
1389	15.7130630218298
1390	-5.30389799172775
1391	15.7130630218298
1392	-5.30389799172775
1393	15.7130630218298
1394	-5.30389799172775
1395	0
1396	6.65725996503455
1397	1.50438439315365
1398	9.84322755480713
1399	-3.58833258524338
1400	15.7130630218298
1401	-5.30389799172775
1402	15.7130630218298
1403	-5.30389799172775
1404	15.7130630218298
1405	-5.30389799172775
1406	15.7130630218298
1407	-5.30389799172775
1408	15.7130630218298
1409	-5.30389799172775
1410	15.7130630218298
1411	-5.30389799172775
1412	15.7130630218298
1413	-5.30389799172775
1414	15.7130630218298
1415	-5.30389799172775
1416	15.7130630218298
1417	-5.30389799172775
1418	15.7130630218298
1419	-5.30389799172775
1420	15.7130630218298
1421	-5.30389799172775
1422	15.7130630218298
1423	-5.30389799172775
1424	15.7130630218298
1425	-5.30389799172775
1426	15.7130630218298
1427	-5.30389799172775
1428	15.7130630218298
1429	-5.30389799172775
1430	15.7130630218298
1431	-5.30389799172775
1432	15.7130630218298
1433	-5.30389799172775
1434	15.7130630218298
1435	-5.30389799172775
1436	0
1437	6.65072367249041
1438	1.50737214322294
1439	9.83086740854252
1440	-3.57597108427377
1441	15.7130630218298
1442	-5.30389799172775
1443	15.7130630218298
1444	-5.30389799172775
1445	15.7130630218298
1446	-5.30389799172775
1447	15.7130630218298
1448	-5.30389799172775
1449	15.7130630218298
1450	-5.30389799172775
1451	15.7130630218298
1452	-5.30389799172775
1453	15.7130630218298
1454	-5.30389799172775
1455	15.7130630218298
1456	-5.30389799172775
1457	15.7130630218298
1458	-5.30389799172775
1459	15.7130630218298
1460	-5.30389799172775
1461	15.7130630218298
1462	-5.30389799172775
1463	15.7130630218298
1464	-5.30389799172775
1465	15.7130630218298
1466	-5.30389799172775
1467	15.7130630218298
1468	-5.30389799172775
1469	15.7130630218298
1470	-5.30389799172775
1471	15.7130630218298
1472	-5.30389799172775
1473	15.7130630218298
1474	-5.30389799172775
1475	15.7130630218298
1476	-5.30389799172775
1477	0
1478	6.45217354250365
1479	1.59812973410791
1480	9.45540859440285
1481	-3.20047111884658
1482	15.7130630218298
1483	-5.30389799172775
1484	15.7130630218298
1485	-5.30389799172775
1486	15.7130630218298
1487	-5.30389799172775
1488	15.7130630218298
1489	-5.30389799172775
1490	15.7130630218298
1491	-5.30389799172775
1492	15.7130630218298
1493	-5.30389799172775
1494	15.7130630218298
1495	-5.30389799172775
1496	15.7130630218298
1497	-5.30389799172775
1498	15.7130630218298
1499	-5.30389799172775
1500	15.7130630218298
1501	-5.30389799172775
1502	15.7130630218298
1503	-5.30389799172775
1504	15.7130630218298
1505	-5.30389799172775
1506	15.7130630218298
1507	-5.30389799172775
1508	15.7130630218298
1509	-5.30389799172775
1510	15.7130630218298
1511	-5.30389799172775
1512	15.7130630218298
1513	-5.30389799172775
1514	15.7130630218298
1515	-5.30389799172775
1516	15.7130630218298
1517	-5.30389799172775
1518	0
1519	6.32095658004257
1520	1.65810922340366
1521	9.20727697583414
1522	-2.95231230439059
1523	15.7130630218298
1524	-5.30389799172775
1525	15.7130630218298
1526	-5.30389799172775
1527	15.7130630218298
1528	-5.30389799172775
1529	15.7130630218298
1530	-5.30389799172775
1531	15.7130630218298
1532	-5.30389799172775
1533	15.7130630218298
1534	-5.30389799172775
1535	15.7130630218298
1536	-5.30389799172775
1537	15.7130630218298
1538	-5.30389799172775
1539	15.7130630218298
1540	-5.30389799172775
1541	15.7130630218298
1542	-5.30389799172775
1543	15.7130630218298
1544	-5.30389799172775
1545	15.7130630218298
1546	-5.30389799172775
1547	15.7130630218298
1548	-5.30389799172775
1549	15.7130630218298
1550	-5.30389799172775
1551	15.7130630218298
1552	-5.30389799172775
1553	15.7130630218298
1554	-5.30389799172775
1555	15.7130630218298
1556	-5.30389799172775
1557	15.7130630218298
1558	-5.30389799172775
1559	0
1560	6.31118024189037
1561	1.66257800364787
1562	9.18878989486623
1563	-2.9338231971893
1564	15.7130630218298
1565	-5.30389799172775
1566	15.7130630218298
1567	-5.30389799172775
1568	15.7130630218298
1569	-5.30389799172775
1570	15.7130630218298
1571	-5.30389799172775
1572	15.7130630218298
1573	-5.30389799172775
1574	15.7130630218298
1575	-5.30389799172775
1576	15.7130630218298
1577	-5.30389799172775
1578	15.7130630218298
1579	-5.30389799172775
1580	15.7130630218298
1581	-5.30389799172775
1582	15.7130630218298
1583	-5.30389799172775
1584	15.7130630218298
1585	-5.30389799172775
1586	15.7130630218298
1587	-5.30389799172775
1588	15.7130630218298
1589	-5.30389799172775
1590	15.7130630218298
1591	-5.30389799172775
1592	15.7130630218298
1593	-5.30389799172775
1594	15.7130630218298
1595	-5.30389799172775
1596	15.7130630218298
1597	-5.30389799172775
1598	15.7130630218298
1599	-5.30389799172775
1600	0
1601	6.24476735128818
1602	1.69293544514218
1603	9.0632029453601
1604	-2.80822248301851
1605	15.7130630218298
1606	-5.30389799172775
1607	15.7130630218298
1608	-5.30389799172775
1609	15.7130630218298
1610	-5.30389799172775
1611	15.7130630218298
1612	-5.30389799172775
1613	15.7130630218298
1614	-5.30389799172775
1615	15.7130630218298
1616	-5.30389799172775
1617	15.7130630218298
1618	-5.30389799172775
1619	15.7130630218298
1620	-5.30389799172775
1621	15.7130630218298
1622	-5.30389799172775
1623	15.7130630218298
1624	-5.30389799172775
1625	15.7130630218298
1626	-5.30389799172775
1627	15.7130630218298
1628	-5.30389799172775
1629	15.7130630218298
1630	-5.30389799172775
1631	15.7130630218298
1632	-5.30389799172775
1633	15.7130630218298
1634	-5.30389799172775
1635	15.7130630218298
1636	-5.30389799172775
1637	15.7130630218298
1638	-5.30389799172775
1639	15.7130630218298
1640	-5.30389799172775
1641	0
1642	6.2358841723128
1643	1.69699596085808
1644	9.04640483072724
1645	-2.79142252726748
1646	15.7130630218298
1647	-5.30389799172775
1648	15.7130630218298
1649	-5.30389799172775
1650	15.7130630218298
1651	-5.30389799172775
1652	15.7130630218298
1653	-5.30389799172775
1654	15.7130630218298
1655	-5.30389799172775
1656	15.7130630218298
1657	-5.30389799172775
1658	15.7130630218298
1659	-5.30389799172775
1660	15.7130630218298
1661	-5.30389799172775
1662	15.7130630218298
1663	-5.30389799172775
1664	15.7130630218298
1665	-5.30389799172775
1666	15.7130630218298
1667	-5.30389799172775
1668	15.7130630218298
1669	-5.30389799172775
1670	15.7130630218298
1671	-5.30389799172775
1672	15.7130630218298
1673	-5.30389799172775
1674	15.7130630218298
1675	-5.30389799172775
1676	15.7130630218298
1677	-5.30389799172775
1678	15.7130630218298
1679	-5.30389799172775
1680	15.7130630218298
1681	-5.30389799172775
1682	0
1683	6.07488172679063
1684	1.77059044343613
1685	8.74194878593205
1686	-2.48693311327767
1687	15.7130630218298
1688	-5.30389799172775
1689	15.7130630218298
1690	-5.30389799172775
1691	15.7130630218298
1692	-5.30389799172775
1693	15.7130630218298
1694	-5.30389799172775
1695	15.7130630218298
1696	-5.30389799172775
1697	15.7130630218298
1698	-5.30389799172775
1699	15.7130630218298
1700	-5.30389799172775
1701	15.7130630218298
1702	-5.30389799172775
1703	15.7130630218298
1704	-5.30389799172775
1705	15.7130630218298
1706	-5.30389799172775
1707	15.7130630218298
1708	-5.30389799172775
1709	15.7130630218298
1710	-5.30389799172775
1711	15.7130630218298
1712	-5.30389799172775
1713	15.7130630218298
1714	-5.30389799172775
1715	15.7130630218298
1716	-5.30389799172775
1717	15.7130630218298
1718	-5.30389799172775
1719	15.7130630218298
1720	-5.30389799172775
1721	15.7130630218298
1722	-5.30389799172775
1723	0
1724	6.07296503200798
1725	1.77146656777282
1726	8.73832431109435
1727	-2.48330824118785
1728	15.7130630218298
1729	-5.30389799172775
1730	15.7130630218298
1731	-5.30389799172775
1732	15.7130630218298
1733	-5.30389799172775
1734	15.7130630218298
1735	-5.30389799172775
1736	15.7130630218298
1737	-5.30389799172775
1738	15.7130630218298
1739	-5.30389799172775
1740	15.7130630218298
1741	-5.30389799172775
1742	15.7130630218298
1743	-5.30389799172775
1744	15.7130630218298
1745	-5.30389799172775
1746	15.7130630218298
1747	-5.30389799172775
1748	15.7130630218298
1749	-5.30389799172775
1750	15.7130630218298
1751	-5.30389799172775
1752	15.7130630218298
1753	-5.30389799172775
1754	15.7130630218298
1755	-5.30389799172775
1756	15.7130630218298
1757	-5.30389799172775
1758	15.7130630218298
1759	-5.30389799172775
1760	15.7130630218298
1761	-5.30389799172775
1762	15.7130630218298
1763	-5.30389799172775
1764	0
1765	5.97860253548001
1766	1.81459982009223
1767	8.55988458381735
1768	-2.30484895644077
1769	15.7130630218298
1770	-5.30389799172775
1771	15.7130630218298
1772	-5.30389799172775
1773	15.7130630218298
1774	-5.30389799172775
1775	15.7130630218298
1776	-5.30389799172775
1777	15.7130630218298
1778	-5.30389799172775
1779	15.7130630218298
1780	-5.30389799172775
1781	15.7130630218298
1782	-5.30389799172775
1783	15.7130630218298
1784	-5.30389799172775
1785	15.7130630218298
1786	-5.30389799172775
1787	15.7130630218298
1788	-5.30389799172775
1789	15.7130630218298
1790	-5.30389799172775
1791	15.7130630218298
1792	-5.30389799172775
1793	15.7130630218298
1794	-5.30389799172775
1795	15.7130630218298
1796	-5.30389799172775
1797	15.7130630218298
1798	-5.30389799172775
1799	15.7130630218298
1800	-5.30389799172775
1801	15.7130630218298
1802	-5.30389799172775
1803	15.7130630218298
1804	-5.30389799172775
1805	0
1806	5.95660132084015
1807	1.82465661147982
1808	8.51828022949703
1809	-2.26324004217224
1810	15.7130630218298
1811	-5.30389799172775
1812	15.7130630218298
1813	-5.30389799172775
1814	15.7130630218298
1815	-5.30389799172775
1816	15.7130630218298
1817	-5.30389799172775
1818	15.7130630218298
1819	-5.30389799172775
1820	15.7130630218298
1821	-5.30389799172775
1822	15.7130630218298
1823	-5.30389799172775
1824	15.7130630218298
1825	-5.30389799172775
1826	15.7130630218298
1827	-5.30389799172775
1828	15.7130630218298
1829	-5.30389799172775
1830	15.7130630218298
1831	-5.30389799172775
1832	15.7130630218298
1833	-5.30389799172775
1834	15.7130630218298
1835	-5.30389799172775
1836	15.7130630218298
1837	-5.30389799172775
1838	15.7130630218298
1839	-5.30389799172775
1840	15.7130630218298
1841	-5.30389799172775
1842	15.7130630218298
1843	-5.30389799172775
1844	15.7130630218298
1845	-5.30389799172775
1846	0
1847	5.91754058998532
1848	1.84251133577956
1849	8.44441628547866
1850	-2.18936800246858
1851	15.7130630218298
1852	-5.30389799172775
1853	15.7130630218298
1854	-5.30389799172775
1855	15.7130630218298
1856	-5.30389799172775
1857	15.7130630218298
1858	-5.30389799172775
1859	15.7130630218298
1860	-5.30389799172775
1861	15.7130630218298
1862	-5.30389799172775
1863	15.7130630218298
1864	-5.30389799172775
1865	15.7130630218298
1866	-5.30389799172775
1867	15.7130630218298
1868	-5.30389799172775
1869	15.7130630218298
1870	-5.30389799172775
1871	15.7130630218298
1872	-5.30389799172775
1873	15.7130630218298
1874	-5.30389799172775
1875	15.7130630218298
1876	-5.30389799172775
1877	15.7130630218298
1878	-5.30389799172775
1879	15.7130630218298
1880	-5.30389799172775
1881	15.7130630218298
1882	-5.30389799172775
1883	15.7130630218298
1884	-5.30389799172775
1885	15.7130630218298
1886	-5.30389799172775
1887	0
1888	5.8212112235126
1889	1.88654364758475
1890	8.26225720200145
1891	-2.00718895386992
1892	14.534371462775
1893	-5.30389799172775
1894	15.7130630218298
1895	-5.30389799172775
1896	15.7130630218298
1897	-5.30389799172775
1898	15.7130630218298
1899	-5.30389799172775
1900	15.7130630218298
1901	-5.30389799172775
1902	15.7130630218298
1903	-5.30389799172775
1904	15.7130630218298
1905	-5.30389799172775
1906	15.7130630218298
1907	-5.30389799172775
1908	15.7130630218298
1909	-5.30389799172775
1910	15.7130630218298
1911	-5.30389799172775
1912	15.7130630218298
1913	-5.30389799172775
1914	15.7130630218298
1915	-5.30389799172775
1916	15.7130630218298
1917	-5.30389799172775
1918	15.7130630218298
1919	-5.30389799172775
1920	15.7130630218298
1921	-5.30389799172775
1922	15.7130630218298
1923	-5.30389799172775
1924	15.7130630218298
1925	-5.30389799172775
1926	15.7130630218298
1927	-5.30389799172775
1928	0
1929	5.75083111398886
1930	1.91871451137124
1931	8.12916823115784
1932	-1.87408539612011
1933	14.2387041526051
1934	-5.30389799172775
1935	15.7130630218298
1936	-5.30389799172775
1937	15.7130630218298
1938	-5.30389799172775
1939	15.7130630218298
1940	-5.30389799172775
1941	15.7130630218298
1942	-5.30389799172775
1943	15.7130630218298
1944	-5.30389799172775
1945	15.7130630218298
1946	-5.30389799172775
1947	15.7130630218298
1948	-5.30389799172775
1949	15.7130630218298
1950	-5.30389799172775
1951	15.7130630218298
1952	-5.30389799172775
1953	15.7130630218298
1954	-5.30389799172775
1955	15.7130630218298
1956	-5.30389799172775
1957	15.7130630218298
1958	-5.30389799172775
1959	15.7130630218298
1960	-5.30389799172775
1961	15.7130630218298
1962	-5.30389799172775
1963	15.7130630218298
1964	-5.30389799172775
1965	15.7130630218298
1966	-5.30389799172775
1967	15.7130630218298
1968	-5.30389799172775
1969	0
1970	5.73080929438341
1971	1.92786651803397
1972	8.09130691801499
1973	-1.83621993327634
1974	14.1545923547191
1975	-5.30389799172775
1976	15.7130630218298
1977	-5.30389799172775
1978	15.7130630218298
1979	-5.30389799172775
1980	15.7130630218298
1981	-5.30389799172775
1982	15.7130630218298
1983	-5.30389799172775
1984	15.7130630218298
1985	-5.30389799172775
1986	15.7130630218298
1987	-5.30389799172775
1988	15.7130630218298
1989	-5.30389799172775
1990	15.7130630218298
1991	-5.30389799172775
1992	15.7130630218298
1993	-5.30389799172775
1994	15.7130630218298
1995	-5.30389799172775
1996	15.7130630218298
1997	-5.30389799172775
1998	15.7130630218298
1999	-5.30389799172775
2000	15.7130630218298
2001	-5.30389799172775
2002	15.7130630218298
2003	-5.30389799172775
2004	15.7130630218298
2005	-5.30389799172775
2006	15.7130630218298
2007	-5.30389799172775
2008	15.7130630218298
2009	-5.30389799172775
2010	0
2011	5.61755363364796
2012	1.97963586677788
2013	7.8771401678992
2014	-1.62202970991347
2015	13.6788045675479
2016	-5.30389799172775
2017	15.7130630218298
2018	-5.30389799172775
2019	15.7130630218298
2020	-5.30389799172775
2021	15.7130630218298
2022	-5.30389799172775
2023	15.7130630218298
2024	-5.30389799172775
2025	15.7130630218298
2026	-5.30389799172775
2027	15.7130630218298
2028	-5.30389799172775
2029	15.7130630218298
2030	-5.30389799172775
2031	15.7130630218298
2032	-5.30389799172775
2033	15.7130630218298
2034	-5.30389799172775
2035	15.7130630218298
2036	-5.30389799172775
2037	15.7130630218298
2038	-5.30389799172775
2039	15.7130630218298
2040	-5.30389799172775
2041	15.7130630218298
2042	-5.30389799172775
2043	15.7130630218298
2044	-5.30389799172775
2045	15.7130630218298
2046	-5.30389799172775
2047	15.7130630218298
2048	-5.30389799172775
2049	15.7130630218298
2050	-5.30389799172775
2051	0
2052	5.61592433671221
2053	1.98038062108621
2054	7.87405916314025
2055	-1.61894836746818
2056	13.6719598802389
2057	-5.30389799172775
2058	15.7130630218298
2059	-5.30389799172775
2060	15.7130630218298
2061	-5.30389799172775
2062	15.7130630218298
2063	-5.30389799172775
2064	15.7130630218298
2065	-5.30389799172775
2066	15.7130630218298
2067	-5.30389799172775
2068	15.7130630218298
2069	-5.30389799172775
2070	15.7130630218298
2071	-5.30389799172775
2072	15.7130630218298
2073	-5.30389799172775
2074	15.7130630218298
2075	-5.30389799172775
2076	15.7130630218298
2077	-5.30389799172775
2078	15.7130630218298
2079	-5.30389799172775
2080	15.7130630218298
2081	-5.30389799172775
2082	15.7130630218298
2083	-5.30389799172775
2084	15.7130630218298
2085	-5.30389799172775
2086	15.7130630218298
2087	-5.30389799172775
2088	15.7130630218298
2089	-5.30389799172775
2090	15.7130630218298
2091	-5.30389799172775
2092	0
2093	5.32623981119064
2094	2.11279589401876
2095	7.32626496912895
2096	-1.07109413375201
2097	12.454993253753
2098	-5.30389799172775
2099	15.7130630218298
2100	-5.30389799172775
2101	15.7130630218298
2102	-5.30389799172775
2103	15.7130630218298
2104	-5.30389799172775
2105	15.7130630218298
2106	-5.30389799172775
2107	15.7130630218298
2108	-5.30389799172775
2109	15.7130630218298
2110	-5.30389799172775
2111	15.7130630218298
2112	-5.30389799172775
2113	15.7130630218298
2114	-5.30389799172775
2115	15.7130630218298
2116	-5.30389799172775
2117	15.7130630218298
2118	-5.30389799172775
2119	15.7130630218298
2120	-5.30389799172775
2121	15.7130630218298
2122	-5.30389799172775
2123	15.7130630218298
2124	-5.30389799172775
2125	15.7130630218298
2126	-5.30389799172775
2127	15.7130630218298
2128	-5.30389799172775
2129	15.7130630218298
2130	-5.30389799172775
2131	15.7130630218298
2132	-5.30389799172775
2133	0
2134	5.30449598325355
2135	2.12273503352131
2136	7.2851473337355
2137	-1.02997199175604
2138	12.3636472873647
2139	-5.30389799172775
2140	15.7130630218298
2141	-5.30389799172775
2142	15.7130630218298
2143	-5.30389799172775
2144	15.7130630218298
2145	-5.30389799172775
2146	15.7130630218298
2147	-5.30389799172775
2148	15.7130630218298
2149	-5.30389799172775
2150	15.7130630218298
2151	-5.30389799172775
2152	15.7130630218298
2153	-5.30389799172775
2154	15.7130630218298
2155	-5.30389799172775
2156	15.7130630218298
2157	-5.30389799172775
2158	15.7130630218298
2159	-5.30389799172775
2160	15.7130630218298
2161	-5.30389799172775
2162	15.7130630218298
2163	-5.30389799172775
2164	15.7130630218298
2165	-5.30389799172775
2166	15.7130630218298
2167	-5.30389799172775
2168	15.7130630218298
2169	-5.30389799172775
2170	15.7130630218298
2171	-5.30389799172775
2172	15.7130630218298
2173	-5.30389799172775
2174	0
2175	5.20954579192488
2176	2.16613692210044
2177	7.10559627405615
2178	-0.850401252801617
2179	11.9647608994315
2180	-5.30389799172775
2181	15.7130630218298
2182	-5.30389799172775
2183	15.7130630218298
2184	-5.30389799172775
2185	15.7130630218298
2186	-5.30389799172775
2187	15.7130630218298
2188	-5.30389799172775
2189	15.7130630218298
2190	-5.30389799172775
2191	15.7130630218298
2192	-5.30389799172775
2193	15.7130630218298
2194	-5.30389799172775
2195	15.7130630218298
2196	-5.30389799172775
2197	15.7130630218298
2198	-5.30389799172775
2199	15.7130630218298
2200	-5.30389799172775
2201	15.7130630218298
2202	-5.30389799172775
2203	15.7130630218298
2204	-5.30389799172775
2205	15.7130630218298
2206	-5.30389799172775
2207	15.7130630218298
2208	-5.30389799172775
2209	15.7130630218298
2210	-5.30389799172775
2211	15.7130630218298
2212	-5.30389799172775
2213	15.7130630218298
2214	-5.30389799172775
2215	0
2216	5.16552850667999
2217	2.18625729556173
2218	7.02235947274661
2219	-0.767155328516626
2220	11.7798439901313
2221	-5.30389799172775
2222	15.7130630218298
2223	-5.30389799172775
2224	15.7130630218298
2225	-5.30389799172775
2226	15.7130630218298
2227	-5.30389799172775
2228	15.7130630218298
2229	-5.30389799172775
2230	15.7130630218298
2231	-5.30389799172775
2232	15.7130630218298
2233	-5.30389799172775
2234	15.7130630218298
2235	-5.30389799172775
2236	15.7130630218298
2237	-5.30389799172775
2238	15.7130630218298
2239	-5.30389799172775
2240	15.7130630218298
2241	-5.30389799172775
2242	15.7130630218298
2243	-5.30389799172775
2244	15.7130630218298
2245	-5.30389799172775
2246	15.7130630218298
2247	-5.30389799172775
2248	15.7130630218298
2249	-5.30389799172775
2250	15.7130630218298
2251	-5.30389799172775
2252	15.7130630218298
2253	-5.30389799172775
2254	15.7130630218298
2255	-5.30389799172775
2256	0
2257	5.11904138805351
2258	2.2075066339228
2259	6.93445221006473
2260	-0.679238430964269
2261	11.5845512942993
2262	-5.30389799172775
2263	15.7130630218298
2264	-5.30389799172775
2265	15.7130630218298
2266	-5.30389799172775
2267	15.7130630218298
2268	-5.30389799172775
2269	15.7130630218298
2270	-5.30389799172775
2271	15.7130630218298
2272	-5.30389799172775
2273	15.7130630218298
2274	-5.30389799172775
2275	15.7130630218298
2276	-5.30389799172775
2277	15.7130630218298
2278	-5.30389799172775
2279	15.7130630218298
2280	-5.30389799172775
2281	15.7130630218298
2282	-5.30389799172775
2283	15.7130630218298
2284	-5.30389799172775
2285	15.7130630218298
2286	-5.30389799172775
2287	15.7130630218298
2288	-5.30389799172775
2289	15.7130630218298
2290	-5.30389799172775
2291	15.7130630218298
2292	-5.30389799172775
2293	15.7130630218298
2294	-5.30389799172775
2295	15.7130630218298
2296	-5.30389799172775
2297	0
2298	5.10130352423291
2299	2.21561464064086
2300	6.90090986327353
2301	-0.645692407842389
2302	11.5100344099198
2303	-5.30389799172775
2304	15.7130630218298
2305	-5.30389799172775
2306	15.7130630218298
2307	-5.30389799172775
2308	15.7130630218298
2309	-5.30389799172775
2310	15.7130630218298
2311	-5.30389799172775
2312	15.7130630218298
2313	-5.30389799172775
2314	15.7130630218298
2315	-5.30389799172775
2316	15.7130630218298
2317	-5.30389799172775
2318	15.7130630218298
2319	-5.30389799172775
2320	15.7130630218298
2321	-5.30389799172775
2322	15.7130630218298
2323	-5.30389799172775
2324	15.7130630218298
2325	-5.30389799172775
2326	15.7130630218298
2327	-5.30389799172775
2328	15.7130630218298
2329	-5.30389799172775
2330	15.7130630218298
2331	-5.30389799172775
2332	15.7130630218298
2333	-5.30389799172775
2334	15.7130630218298
2335	-5.30389799172775
2336	15.7130630218298
2337	-5.30389799172775
2338	0
2339	5.07929517334392
2340	2.22567469401966
2341	6.85929201428748
2342	-0.604069997429082
2343	11.4175771808439
2344	-5.30389799172775
2345	15.7130630218298
2346	-5.30389799172775
2347	15.7130630218298
2348	-5.30389799172775
2349	15.7130630218298
2350	-5.30389799172775
2351	15.7130630218298
2352	-5.30389799172775
2353	15.7130630218298
2354	-5.30389799172775
2355	15.7130630218298
2356	-5.30389799172775
2357	15.7130630218298
2358	-5.30389799172775
2359	15.7130630218298
2360	-5.30389799172775
2361	15.7130630218298
2362	-5.30389799172775
2363	15.7130630218298
2364	-5.30389799172775
2365	15.7130630218298
2366	-5.30389799172775
2367	15.7130630218298
2368	-5.30389799172775
2369	15.7130630218298
2370	-5.30389799172775
2371	15.7130630218298
2372	-5.30389799172775
2373	15.7130630218298
2374	-5.30389799172775
2375	15.7130630218298
2376	-5.30389799172775
2377	15.7130630218298
2378	-5.30389799172775
2379	0
2380	5.05194999126238
2381	2.23817422171172
2382	6.80758220358399
2383	-0.552354519192403
2384	11.302699888284
2385	-5.30389799172775
2386	15.7130630218298
2387	-5.30389799172775
2388	15.7130630218298
2389	-5.30389799172775
2390	15.7130630218298
2391	-5.30389799172775
2392	15.7130630218298
2393	-5.30389799172775
2394	15.7130630218298
2395	-5.30389799172775
2396	15.7130630218298
2397	-5.30389799172775
2398	15.7130630218298
2399	-5.30389799172775
2400	15.7130630218298
2401	-5.30389799172775
2402	15.7130630218298
2403	-5.30389799172775
2404	15.7130630218298
2405	-5.30389799172775
2406	15.7130630218298
2407	-5.30389799172775
2408	15.7130630218298
2409	-5.30389799172775
2410	15.7130630218298
2411	-5.30389799172775
2412	15.7130630218298
2413	-5.30389799172775
2414	15.7130630218298
2415	-5.30389799172775
2416	15.7130630218298
2417	-5.30389799172775
2418	15.7130630218298
2419	-5.30389799172775
2420	0
2421	5.03321812124586
2422	2.24673659029634
2423	6.77216018848135
2424	-0.516928621742426
2425	11.2240071772366
2426	-5.30389799172775
2427	15.7130630218298
2428	-5.30389799172775
2429	15.7130630218298
2430	-5.30389799172775
2431	15.7130630218298
2432	-5.30389799172775
2433	15.7130630218298
2434	-5.30389799172775
2435	15.7130630218298
2436	-5.30389799172775
2437	15.7130630218298
2438	-5.30389799172775
2439	15.7130630218298
2440	-5.30389799172775
2441	15.7130630218298
2442	-5.30389799172775
2443	15.7130630218298
2444	-5.30389799172775
2445	15.7130630218298
2446	-5.30389799172775
2447	15.7130630218298
2448	-5.30389799172775
2449	15.7130630218298
2450	-5.30389799172775
2451	15.7130630218298
2452	-5.30389799172775
2453	15.7130630218298
2454	-5.30389799172775
2455	15.7130630218298
2456	-5.30389799172775
2457	15.7130630218298
2458	-5.30389799172775
2459	15.7130630218298
2460	-5.30389799172775
2461	0
2462	5.01681931697516
2463	2.25423251069237
2464	6.74115000679477
2465	-0.485915041257211
2466	11.1551156909696
2467	-5.30389799172775
2468	15.7130630218298
2469	-5.30389799172775
2470	15.7130630218298
2471	-5.30389799172775
2472	15.7130630218298
2473	-5.30389799172775
2474	15.7130630218298
2475	-5.30389799172775
2476	15.7130630218298
2477	-5.30389799172775
2478	15.7130630218298
2479	-5.30389799172775
2480	15.7130630218298
2481	-5.30389799172775
2482	15.7130630218298
2483	-5.30389799172775
2484	15.7130630218298
2485	-5.30389799172775
2486	15.7130630218298
2487	-5.30389799172775
2488	15.7130630218298
2489	-5.30389799172775
2490	15.7130630218298
2491	-5.30389799172775
2492	15.7130630218298
2493	-5.30389799172775
2494	15.7130630218298
2495	-5.30389799172775
2496	15.7130630218298
2497	-5.30389799172775
2498	15.7130630218298
2499	-5.30389799172775
2500	15.7130630218298
2501	-5.30389799172775
2502	0
2503	4.93541390003231
2504	2.29144306062861
2505	6.58721215083898
2506	-0.331960313301794
2507	10.8131309906953
2508	-5.30389799172775
2509	15.7130630218298
2510	-5.30389799172775
2511	15.7130630218298
2512	-5.30389799172775
2513	15.7130630218298
2514	-5.30389799172775
2515	15.7130630218298
2516	-5.30389799172775
2517	15.7130630218298
2518	-5.30389799172775
2519	15.7130630218298
2520	-5.30389799172775
2521	15.7130630218298
2522	-5.30389799172775
2523	15.7130630218298
2524	-5.30389799172775
2525	15.7130630218298
2526	-5.30389799172775
2527	15.7130630218298
2528	-5.30389799172775
2529	15.7130630218298
2530	-5.30389799172775
2531	15.7130630218298
2532	-5.30389799172775
2533	15.7130630218298
2534	-5.30389799172775
2535	15.7130630218298
2536	-5.30389799172775
2537	15.7130630218298
2538	-5.30389799172775
2539	15.7130630218298
2540	-5.30389799172775
2541	15.7130630218298
2542	-5.30389799172775
2543	0
2544	4.8517043991923
2545	2.32970681110275
2546	6.42891726621861
2547	-0.173648079139826
2548	10.4614668185802
2549	-5.30389799172775
2550	15.7130630218298
2551	-5.30389799172775
2552	15.7130630218298
2553	-5.30389799172775
2554	15.7130630218298
2555	-5.30389799172775
2556	15.7130630218298
2557	-5.30389799172775
2558	15.7130630218298
2559	-5.30389799172775
2560	15.7130630218298
2561	-5.30389799172775
2562	15.7130630218298
2563	-5.30389799172775
2564	15.7130630218298
2565	-5.30389799172775
2566	15.7130630218298
2567	-5.30389799172775
2568	15.7130630218298
2569	-5.30389799172775
2570	15.7130630218298
2571	-5.30389799172775
2572	15.7130630218298
2573	-5.30389799172775
2574	15.7130630218298
2575	-5.30389799172775
2576	15.7130630218298
2577	-5.30389799172775
2578	15.7130630218298
2579	-5.30389799172775
2580	15.7130630218298
2581	-5.30389799172775
2582	15.7130630218298
2583	-5.30389799172775
2584	0
2585	4.8063445176904
2586	2.35044088752071
2587	6.34314161188207
2588	-0.0878630235627706
2589	10.2709096534372
2590	-5.30389799172775
2591	15.7130630218298
2592	-5.30389799172775
2593	15.7130630218298
2594	-5.30389799172775
2595	15.7130630218298
2596	-5.30389799172775
2597	15.7130630218298
2598	-5.30389799172775
2599	15.7130630218298
2600	-5.30389799172775
2601	15.7130630218298
2602	-5.30389799172775
2603	15.7130630218298
2604	-5.30389799172775
2605	15.7130630218298
2606	-5.30389799172775
2607	15.7130630218298
2608	-5.30389799172775
2609	15.7130630218298
2610	-5.30389799172775
2611	15.7130630218298
2612	-5.30389799172775
2613	15.7130630218298
2614	-5.30389799172775
2615	15.7130630218298
2616	-5.30389799172775
2617	15.7130630218298
2618	-5.30389799172775
2619	15.7130630218298
2620	-5.30389799172775
2621	15.7130630218298
2622	-5.30389799172775
2623	15.7130630218298
2624	-5.30389799172775
2625	0
2626	4.60847575437651
2627	2.44088702457916
2628	5.96897126389959
2629	0.286348334487921
2630	9.4396616572127
2631	-5.30389799172775
2632	15.7130630218298
2633	-5.30389799172775
2634	15.7130630218298
2635	-5.30389799172775
2636	15.7130630218298
2637	-5.30389799172775
2638	15.7130630218298
2639	-5.30389799172775
2640	15.7130630218298
2641	-5.30389799172775
2642	15.7130630218298
2643	-5.30389799172775
2644	15.7130630218298
2645	-5.30389799172775
2646	15.7130630218298
2647	-5.30389799172775
2648	15.7130630218298
2649	-5.30389799172775
2650	15.7130630218298
2651	-5.30389799172775
2652	15.7130630218298
2653	-5.30389799172775
2654	15.7130630218298
2655	-5.30389799172775
2656	15.7130630218298
2657	-5.30389799172775
2658	15.7130630218298
2659	-5.30389799172775
2660	15.7130630218298
2661	-5.30389799172775
2662	15.7130630218298
2663	-5.30389799172775
2664	15.7130630218298
2665	-5.30389799172775
2666	0
2667	4.50680683087352
2668	2.48736005668251
2669	5.77671506413868
2670	0.478625606041146
2671	9.01254983054152
2672	-5.30389799172775
2673	15.7130630218298
2674	-5.30389799172775
2675	15.7130630218298
2676	-5.30389799172775
2677	15.7130630218298
2678	-5.30389799172775
2679	15.7130630218298
2680	-5.30389799172775
2681	15.7130630218298
2682	-5.30389799172775
2683	15.7130630218298
2684	-5.30389799172775
2685	15.7130630218298
2686	-5.30389799172775
2687	15.7130630218298
2688	-5.30389799172775
2689	15.7130630218298
2690	-5.30389799172775
2691	15.7130630218298
2692	-5.30389799172775
2693	15.7130630218298
2694	-5.30389799172775
2695	15.7130630218298
2696	-5.30389799172775
2697	15.7130630218298
2698	-5.30389799172775
2699	15.7130630218298
2700	-5.30389799172775
2701	15.7130630218298
2702	-5.30389799172775
2703	15.7130630218298
2704	-5.30389799172775
2705	15.7130630218298
2706	-5.30389799172775
2707	0
2708	4.50091193602286
2709	2.49005462281148
2710	5.7655678025869
2711	0.489774089362533
2712	8.9877853379026
2713	-5.30389799172775
2714	15.7130630218298
2715	-5.30389799172775
2716	15.7130630218298
2717	-5.30389799172775
2718	15.7130630218298
2719	-5.30389799172775
2720	15.7130630218298
2721	-5.30389799172775
2722	15.7130630218298
2723	-5.30389799172775
2724	15.7130630218298
2725	-5.30389799172775
2726	15.7130630218298
2727	-5.30389799172775
2728	15.7130630218298
2729	-5.30389799172775
2730	15.7130630218298
2731	-5.30389799172775
2732	15.7130630218298
2733	-5.30389799172775
2734	15.7130630218298
2735	-5.30389799172775
2736	15.7130630218298
2737	-5.30389799172775
2738	15.7130630218298
2739	-5.30389799172775
2740	15.7130630218298
2741	-5.30389799172775
2742	15.7130630218298
2743	-5.30389799172775
2744	15.7130630218298
2745	-5.30389799172775
2746	15.7130630218298
2747	-5.30389799172775
2748	0
2749	4.47657096820875
2750	2.50118091922219
2751	5.71953896890592
2752	0.535807967926464
2753	8.88552876954498
2754	-5.30389799172775
2755	15.7130630218298
2756	-5.30389799172775
2757	15.7130630218298
2758	-5.30389799172775
2759	15.7130630218298
2760	-5.30389799172775
2761	15.7130630218298
2762	-5.30389799172775
2763	15.7130630218298
2764	-5.30389799172775
2765	15.7130630218298
2766	-5.30389799172775
2767	15.7130630218298
2768	-5.30389799172775
2769	15.7130630218298
2770	-5.30389799172775
2771	15.7130630218298
2772	-5.30389799172775
2773	15.7130630218298
2774	-5.30389799172775
2775	15.7130630218298
2776	-5.30389799172775
2777	15.7130630218298
2778	-5.30389799172775
2779	15.7130630218298
2780	-5.30389799172775
2781	15.7130630218298
2782	-5.30389799172775
2783	15.7130630218298
2784	-5.30389799172775
2785	15.7130630218298
2786	-5.30389799172775
2787	15.7130630218298
2788	-5.30389799172775
2789	0
2790	4.45452149038298
2791	2.51125977179142
2792	5.67784334877504
2793	0.577508158008529
2794	8.79289876593295
2795	-5.30389799172775
2796	15.7130630218298
2797	-5.30389799172775
2798	15.7130630218298
2799	-5.30389799172775
2800	15.7130630218298
2801	-5.30389799172775
2802	15.7130630218298
2803	-5.30389799172775
2804	15.7130630218298
2805	-5.30389799172775
2806	15.7130630218298
2807	-5.30389799172775
2808	15.7130630218298
2809	-5.30389799172775
2810	15.7130630218298
2811	-5.30389799172775
2812	15.7130630218298
2813	-5.30389799172775
2814	15.7130630218298
2815	-5.30389799172775
2816	15.7130630218298
2817	-5.30389799172775
2818	15.7130630218298
2819	-5.30389799172775
2820	15.7130630218298
2821	-5.30389799172775
2822	15.7130630218298
2823	-5.30389799172775
2824	15.7130630218298
2825	-5.30389799172775
2826	15.7130630218298
2827	-5.30389799172775
2828	15.7130630218298
2829	-5.30389799172775
2830	0
2831	4.42868589877228
2832	2.5230692631971
2833	5.62898817759286
2834	0.626368683847789
2835	8.68436327302346
2836	-4.29508930275273
2837	15.7130630218298
2838	-5.30389799172775
2839	15.7130630218298
2840	-5.30389799172775
2841	15.7130630218298
2842	-5.30389799172775
2843	15.7130630218298
2844	-5.30389799172775
2845	15.7130630218298
2846	-5.30389799172775
2847	15.7130630218298
2848	-5.30389799172775
2849	15.7130630218298
2850	-5.30389799172775
2851	15.7130630218298
2852	-5.30389799172775
2853	15.7130630218298
2854	-5.30389799172775
2855	15.7130630218298
2856	-5.30389799172775
2857	15.7130630218298
2858	-5.30389799172775
2859	15.7130630218298
2860	-5.30389799172775
2861	15.7130630218298
2862	-5.30389799172775
2863	15.7130630218298
2864	-5.30389799172775
2865	15.7130630218298
2866	-5.30389799172775
2867	15.7130630218298
2868	-5.30389799172775
2869	15.7130630218298
2870	-5.30389799172775
2871	0
2872	4.39281828782528
2873	2.53946440713665
2874	5.56116243165614
2875	0.694201863667177
2876	8.53368319987943
2877	-4.0937981285571
2878	15.7130630218298
2879	-5.30389799172775
2880	15.7130630218298
2881	-5.30389799172775
2882	15.7130630218298
2883	-5.30389799172775
2884	15.7130630218298
2885	-5.30389799172775
2886	15.7130630218298
2887	-5.30389799172775
2888	15.7130630218298
2889	-5.30389799172775
2890	15.7130630218298
2891	-5.30389799172775
2892	15.7130630218298
2893	-5.30389799172775
2894	15.7130630218298
2895	-5.30389799172775
2896	15.7130630218298
2897	-5.30389799172775
2898	15.7130630218298
2899	-5.30389799172775
2900	15.7130630218298
2901	-5.30389799172775
2902	15.7130630218298
2903	-5.30389799172775
2904	15.7130630218298
2905	-5.30389799172775
2906	15.7130630218298
2907	-5.30389799172775
2908	15.7130630218298
2909	-5.30389799172775
2910	15.7130630218298
2911	-5.30389799172775
2912	0
2913	4.3788819562767
2914	2.54583472720245
2915	5.53480879231561
2916	0.720558391436875
2917	8.47513657796469
2918	-4.01558660380464
2919	15.7130630218298
2920	-5.30389799172775
2921	15.7130630218298
2922	-5.30389799172775
2923	15.7130630218298
2924	-5.30389799172775
2925	15.7130630218298
2926	-5.30389799172775
2927	15.7130630218298
2928	-5.30389799172775
2929	15.7130630218298
2930	-5.30389799172775
2931	15.7130630218298
2932	-5.30389799172775
2933	15.7130630218298
2934	-5.30389799172775
2935	15.7130630218298
2936	-5.30389799172775
2937	15.7130630218298
2938	-5.30389799172775
2939	15.7130630218298
2940	-5.30389799172775
2941	15.7130630218298
2942	-5.30389799172775
2943	15.7130630218298
2944	-5.30389799172775
2945	15.7130630218298
2946	-5.30389799172775
2947	15.7130630218298
2948	-5.30389799172775
2949	15.7130630218298
2950	-5.30389799172775
2951	15.7130630218298
2952	-5.30389799172775
2953	0
2954	4.36127927425873
2955	2.55388094209625
2956	5.5015220746661
2957	0.753848757399435
2958	8.4011875932409
2959	-3.91679930130978
2960	15.7130630218298
2961	-5.30389799172775
2962	15.7130630218298
2963	-5.30389799172775
2964	15.7130630218298
2965	-5.30389799172775
2966	15.7130630218298
2967	-5.30389799172775
2968	15.7130630218298
2969	-5.30389799172775
2970	15.7130630218298
2971	-5.30389799172775
2972	15.7130630218298
2973	-5.30389799172775
2974	15.7130630218298
2975	-5.30389799172775
2976	15.7130630218298
2977	-5.30389799172775
2978	15.7130630218298
2979	-5.30389799172775
2980	15.7130630218298
2981	-5.30389799172775
2982	15.7130630218298
2983	-5.30389799172775
2984	15.7130630218298
2985	-5.30389799172775
2986	15.7130630218298
2987	-5.30389799172775
2988	15.7130630218298
2989	-5.30389799172775
2990	15.7130630218298
2991	-5.30389799172775
2992	15.7130630218298
2993	-5.30389799172775
2994	0
2995	4.25030859561148
2996	2.60460582177055
2997	5.29167623164425
2998	0.963717600085429
2999	7.93499903108332
3000	-3.29402522697297
3001	15.7130630218298
3002	-5.30389799172775
3003	15.7130630218298
3004	-5.30389799172775
3005	15.7130630218298
3006	-5.30389799172775
3007	15.7130630218298
3008	-5.30389799172775
3009	15.7130630218298
3010	-5.30389799172775
3011	15.7130630218298
3012	-5.30389799172775
3013	15.7130630218298
3014	-5.30389799172775
3015	15.7130630218298
3016	-5.30389799172775
3017	15.7130630218298
3018	-5.30389799172775
3019	15.7130630218298
3020	-5.30389799172775
3021	15.7130630218298
3022	-5.30389799172775
3023	15.7130630218298
3024	-5.30389799172775
3025	15.7130630218298
3026	-5.30389799172775
3027	15.7130630218298
3028	-5.30389799172775
3029	15.7130630218298
3030	-5.30389799172775
3031	15.7130630218298
3032	-5.30389799172775
3033	15.7130630218298
3034	-5.30389799172775
3035	0
3036	4.16246057295736
3037	2.64476129737073
3038	5.12555539146939
3039	1.12985664754749
3040	7.56594890118647
3041	-2.80101687866284
3042	13.897621887314
3043	-5.30389799172775
3044	15.7130630218298
3045	-5.30389799172775
3046	15.7130630218298
3047	-5.30389799172775
3048	15.7130630218298
3049	-5.30389799172775
3050	15.7130630218298
3051	-5.30389799172775
3052	15.7130630218298
3053	-5.30389799172775
3054	15.7130630218298
3055	-5.30389799172775
3056	15.7130630218298
3057	-5.30389799172775
3058	15.7130630218298
3059	-5.30389799172775
3060	15.7130630218298
3061	-5.30389799172775
3062	15.7130630218298
3063	-5.30389799172775
3064	15.7130630218298
3065	-5.30389799172775
3066	15.7130630218298
3067	-5.30389799172775
3068	15.7130630218298
3069	-5.30389799172775
3070	15.7130630218298
3071	-5.30389799172775
3072	15.7130630218298
3073	-5.30389799172775
3074	15.7130630218298
3075	-5.30389799172775
3076	0
3077	4.1206443313534
3078	2.66387557016467
3079	5.04648076943086
3080	1.20893993637551
3081	7.3902785909223
3082	-2.56634163404317
3083	13.4713311042928
3084	-5.30389799172775
3085	15.7130630218298
3086	-5.30389799172775
3087	15.7130630218298
3088	-5.30389799172775
3089	15.7130630218298
3090	-5.30389799172775
3091	15.7130630218298
3092	-5.30389799172775
3093	15.7130630218298
3094	-5.30389799172775
3095	15.7130630218298
3096	-5.30389799172775
3097	15.7130630218298
3098	-5.30389799172775
3099	15.7130630218298
3100	-5.30389799172775
3101	15.7130630218298
3102	-5.30389799172775
3103	15.7130630218298
3104	-5.30389799172775
3105	15.7130630218298
3106	-5.30389799172775
3107	15.7130630218298
3108	-5.30389799172775
3109	15.7130630218298
3110	-5.30389799172775
3111	15.7130630218298
3112	-5.30389799172775
3113	15.7130630218298
3114	-5.30389799172775
3115	15.7130630218298
3116	-5.30389799172775
3117	0
3118	4.10534701386766
3119	2.67086799914016
3120	5.01755350213018
3121	1.23787037418185
3122	7.3260144579957
3123	-2.48049217495048
3124	13.3153843907914
3125	-5.30389799172775
3126	15.7130630218298
3127	-5.30389799172775
3128	15.7130630218298
3129	-5.30389799172775
3130	15.7130630218298
3131	-5.30389799172775
3132	15.7130630218298
3133	-5.30389799172775
3134	15.7130630218298
3135	-5.30389799172775
3136	15.7130630218298
3137	-5.30389799172775
3138	15.7130630218298
3139	-5.30389799172775
3140	15.7130630218298
3141	-5.30389799172775
3142	15.7130630218298
3143	-5.30389799172775
3144	15.7130630218298
3145	-5.30389799172775
3146	15.7130630218298
3147	-5.30389799172775
3148	15.7130630218298
3149	-5.30389799172775
3150	15.7130630218298
3151	-5.30389799172775
3152	15.7130630218298
3153	-5.30389799172775
3154	15.7130630218298
3155	-5.30389799172775
3156	15.7130630218298
3157	-5.30389799172775
3158	0
3159	4.08157524345714
3160	2.68173411448178
3161	4.97260102222533
3162	1.28282778099841
3163	7.22614909173215
3164	-2.3470835800565
3165	13.07304585836
3166	-5.30389799172775
3167	15.7130630218298
3168	-5.30389799172775
3169	15.7130630218298
3170	-5.30389799172775
3171	15.7130630218298
3172	-5.30389799172775
3173	15.7130630218298
3174	-5.30389799172775
3175	15.7130630218298
3176	-5.30389799172775
3177	15.7130630218298
3178	-5.30389799172775
3179	15.7130630218298
3180	-5.30389799172775
3181	15.7130630218298
3182	-5.30389799172775
3183	15.7130630218298
3184	-5.30389799172775
3185	15.7130630218298
3186	-5.30389799172775
3187	15.7130630218298
3188	-5.30389799172775
3189	15.7130630218298
3190	-5.30389799172775
3191	15.7130630218298
3192	-5.30389799172775
3193	15.7130630218298
3194	-5.30389799172775
3195	15.7130630218298
3196	-5.30389799172775
3197	15.7130630218298
3198	-5.30389799172775
3199	0
3200	3.84576358810754
3201	2.78952400987773
3202	4.52668056634967
3203	1.72879711094549
3204	6.2355027526494
3205	-1.02369449053857
3206	10.6690915251002
3207	-5.30389799172775
3208	15.7130630218298
3209	-5.30389799172775
3210	15.7130630218298
3211	-5.30389799172775
3212	15.7130630218298
3213	-5.30389799172775
3214	15.7130630218298
3215	-5.30389799172775
3216	15.7130630218298
3217	-5.30389799172775
3218	15.7130630218298
3219	-5.30389799172775
3220	15.7130630218298
3221	-5.30389799172775
3222	15.7130630218298
3223	-5.30389799172775
3224	15.7130630218298
3225	-5.30389799172775
3226	15.7130630218298
3227	-5.30389799172775
3228	15.7130630218298
3229	-5.30389799172775
3230	15.7130630218298
3231	-5.30389799172775
3232	15.7130630218298
3233	-5.30389799172775
3234	15.7130630218298
3235	-5.30389799172775
3236	15.7130630218298
3237	-5.30389799172775
3238	15.7130630218298
3239	-5.30389799172775
3240	0
3241	3.80482251694675
3242	2.80823824082309
3243	4.44926089390391
3244	1.80622526879386
3245	6.06350903926217
3246	-0.793930754700114
3247	10.2517225647772
3248	-5.30389799172775
3249	15.7130630218298
3250	-5.30389799172775
3251	15.7130630218298
3252	-5.30389799172775
3253	15.7130630218298
3254	-5.30389799172775
3255	15.7130630218298
3256	-5.30389799172775
3257	15.7130630218298
3258	-5.30389799172775
3259	15.7130630218298
3260	-5.30389799172775
3261	15.7130630218298
3262	-5.30389799172775
3263	15.7130630218298
3264	-5.30389799172775
3265	15.7130630218298
3266	-5.30389799172775
3267	15.7130630218298
3268	-5.30389799172775
3269	15.7130630218298
3270	-5.30389799172775
3271	15.7130630218298
3272	-5.30389799172775
3273	15.7130630218298
3274	-5.30389799172775
3275	15.7130630218298
3276	-5.30389799172775
3277	15.7130630218298
3278	-5.30389799172775
3279	15.7130630218298
3280	-5.30389799172775
3281	0
3282	3.76064516727963
3283	2.82843177999497
3284	4.36572141035407
3285	1.88977390849393
3286	5.87791969825516
3287	-0.546004830654494
3288	9.80136174182831
3289	-5.30389799172775
3290	15.7130630218298
3291	-5.30389799172775
3292	15.7130630218298
3293	-5.30389799172775
3294	15.7130630218298
3295	-5.30389799172775
3296	15.7130630218298
3297	-5.30389799172775
3298	15.7130630218298
3299	-5.30389799172775
3300	15.7130630218298
3301	-5.30389799172775
3302	15.7130630218298
3303	-5.30389799172775
3304	15.7130630218298
3305	-5.30389799172775
3306	15.7130630218298
3307	-5.30389799172775
3308	15.7130630218298
3309	-5.30389799172775
3310	15.7130630218298
3311	-5.30389799172775
3312	15.7130630218298
3313	-5.30389799172775
3314	15.7130630218298
3315	-5.30389799172775
3316	15.7130630218298
3317	-5.30389799172775
3318	15.7130630218298
3319	-5.30389799172775
3320	15.7130630218298
3321	-5.30389799172775
3322	0
3323	3.65605985474374
3324	2.87623789832057
3325	4.16795031131843
3326	2.08756668376957
3327	5.43855610177853
3328	0.0409341878118793
3329	8.73517900843772
3330	-5.30389799172775
3331	15.7130630218298
3332	-5.30389799172775
3333	15.7130630218298
3334	-5.30389799172775
3335	15.7130630218298
3336	-5.30389799172775
3337	15.7130630218298
3338	-5.30389799172775
3339	15.7130630218298
3340	-5.30389799172775
3341	15.7130630218298
3342	-5.30389799172775
3343	15.7130630218298
3344	-5.30389799172775
3345	15.7130630218298
3346	-5.30389799172775
3347	15.7130630218298
3348	-5.30389799172775
3349	15.7130630218298
3350	-5.30389799172775
3351	15.7130630218298
3352	-5.30389799172775
3353	15.7130630218298
3354	-5.30389799172775
3355	15.7130630218298
3356	-5.30389799172775
3357	15.7130630218298
3358	-5.30389799172775
3359	15.7130630218298
3360	-5.30389799172775
3361	15.7130630218298
3362	-5.30389799172775
3363	0
3364	3.65542982418251
3365	2.87652588632604
3366	4.16675892188238
3367	2.08875820378508
3368	5.43590933918288
3369	0.0444699569389986
3370	8.72875623558741
3371	-5.30389799172775
3372	15.7130630218298
3373	-5.30389799172775
3374	15.7130630218298
3375	-5.30389799172775
3376	15.7130630218298
3377	-5.30389799172775
3378	15.7130630218298
3379	-5.30389799172775
3380	15.7130630218298
3381	-5.30389799172775
3382	15.7130630218298
3383	-5.30389799172775
3384	15.7130630218298
3385	-5.30389799172775
3386	15.7130630218298
3387	-5.30389799172775
3388	15.7130630218298
3389	-5.30389799172775
3390	15.7130630218298
3391	-5.30389799172775
3392	15.7130630218298
3393	-5.30389799172775
3394	15.7130630218298
3395	-5.30389799172775
3396	15.7130630218298
3397	-5.30389799172775
3398	15.7130630218298
3399	-5.30389799172775
3400	15.7130630218298
3401	-5.30389799172775
3402	15.7130630218298
3403	-5.30389799172775
3404	0
3405	3.57464138609495
3406	2.91345441421305
3407	4.01398777455262
3408	2.24154609524009
3409	5.0965165712003
3410	0.497859495152321
3411	7.90516795480475
3412	-4.02618889752394
3413	15.7130630218298
3414	-5.30389799172775
3415	15.7130630218298
3416	-5.30389799172775
3417	15.7130630218298
3418	-5.30389799172775
3419	15.7130630218298
3420	-5.30389799172775
3421	15.7130630218298
3422	-5.30389799172775
3423	15.7130630218298
3424	-5.30389799172775
3425	15.7130630218298
3426	-5.30389799172775
3427	15.7130630218298
3428	-5.30389799172775
3429	15.7130630218298
3430	-5.30389799172775
3431	15.7130630218298
3432	-5.30389799172775
3433	15.7130630218298
3434	-5.30389799172775
3435	15.7130630218298
3436	-5.30389799172775
3437	15.7130630218298
3438	-5.30389799172775
3439	15.7130630218298
3440	-5.30389799172775
3441	15.7130630218298
3442	-5.30389799172775
3443	15.7130630218298
3444	-5.30389799172775
3445	0
3446	3.56743685937161
3447	2.9167476152244
3448	4.00036399571065
3449	2.25517136728456
3450	5.06625030631733
3451	0.538291729287119
3452	7.8317222499689
3453	-3.91620517791128
3454	15.7130630218298
3455	-5.30389799172775
3456	15.7130630218298
3457	-5.30389799172775
3458	15.7130630218298
3459	-5.30389799172775
3460	15.7130630218298
3461	-5.30389799172775
3462	15.7130630218298
3463	-5.30389799172775
3464	15.7130630218298
3465	-5.30389799172775
3466	15.7130630218298
3467	-5.30389799172775
3468	15.7130630218298
3469	-5.30389799172775
3470	15.7130630218298
3471	-5.30389799172775
3472	15.7130630218298
3473	-5.30389799172775
3474	15.7130630218298
3475	-5.30389799172775
3476	15.7130630218298
3477	-5.30389799172775
3478	15.7130630218298
3479	-5.30389799172775
3480	15.7130630218298
3481	-5.30389799172775
3482	15.7130630218298
3483	-5.30389799172775
3484	15.7130630218298
3485	-5.30389799172775
3486	0
3487	3.55761802986769
3488	2.92123581833535
3489	3.98179656348573
3490	2.27374083454958
3491	5.02500133799254
3492	0.593395586719678
3493	7.73162534127926
3494	-3.76631172445449
3495	14.7540443460595
3496	-5.30389799172775
3497	15.7130630218298
3498	-5.30389799172775
3499	15.7130630218298
3500	-5.30389799172775
3501	15.7130630218298
3502	-5.30389799172775
3503	15.7130630218298
3504	-5.30389799172775
3505	15.7130630218298
3506	-5.30389799172775
3507	15.7130630218298
3508	-5.30389799172775
3509	15.7130630218298
3510	-5.30389799172775
3511	15.7130630218298
3512	-5.30389799172775
3513	15.7130630218298
3514	-5.30389799172775
3515	15.7130630218298
3516	-5.30389799172775
3517	15.7130630218298
3518	-5.30389799172775
3519	15.7130630218298
3520	-5.30389799172775
3521	15.7130630218298
3522	-5.30389799172775
3523	15.7130630218298
3524	-5.30389799172775
3525	15.7130630218298
3526	-5.30389799172775
3527	0
3528	3.53989677241298
3529	2.92933623425625
3530	3.94828561937578
3531	2.30725545154839
3532	4.95055421706705
3533	0.692848341645356
3534	7.55096805533677
3535	-3.4957804479491
3536	14.2978215288778
3537	-5.30389799172775
3538	15.7130630218298
3539	-5.30389799172775
3540	15.7130630218298
3541	-5.30389799172775
3542	15.7130630218298
3543	-5.30389799172775
3544	15.7130630218298
3545	-5.30389799172775
3546	15.7130630218298
3547	-5.30389799172775
3548	15.7130630218298
3549	-5.30389799172775
3550	15.7130630218298
3551	-5.30389799172775
3552	15.7130630218298
3553	-5.30389799172775
3554	15.7130630218298
3555	-5.30389799172775
3556	15.7130630218298
3557	-5.30389799172775
3558	15.7130630218298
3559	-5.30389799172775
3560	15.7130630218298
3561	-5.30389799172775
3562	15.7130630218298
3563	-5.30389799172775
3564	15.7130630218298
3565	-5.30389799172775
3566	15.7130630218298
3567	-5.30389799172775
3568	0
3569	3.49117461646578
3570	2.95160721185161
3571	3.85615189528563
3572	2.39939927374046
3573	4.74587211452316
3574	0.96627998989329
3575	7.05427573645461
3576	-2.75199197378598
3577	13.0434997460019
3578	-5.30389799172775
3579	15.7130630218298
3580	-5.30389799172775
3581	15.7130630218298
3582	-5.30389799172775
3583	15.7130630218298
3584	-5.30389799172775
3585	15.7130630218298
3586	-5.30389799172775
3587	15.7130630218298
3588	-5.30389799172775
3589	15.7130630218298
3590	-5.30389799172775
3591	15.7130630218298
3592	-5.30389799172775
3593	15.7130630218298
3594	-5.30389799172775
3595	15.7130630218298
3596	-5.30389799172775
3597	15.7130630218298
3598	-5.30389799172775
3599	15.7130630218298
3600	-5.30389799172775
3601	15.7130630218298
3602	-5.30389799172775
3603	15.7130630218298
3604	-5.30389799172775
3605	15.7130630218298
3606	-5.30389799172775
3607	15.7130630218298
3608	-5.30389799172775
3609	0
3610	3.26903608326145
3611	3.05314710063279
3612	3.43608734908171
3613	2.81950986013914
3614	3.8126666528939
3615	2.21293470154569
3616	4.78971044730954
3617	0.639156826031877
3618	7.32468054357868
3619	-3.44405814919405
3620	13.9017382210824
3621	-5.30389799172775
3622	15.7130630218298
3623	-5.30389799172775
3624	15.7130630218298
3625	-5.30389799172775
3626	15.7130630218298
3627	-5.30389799172775
3628	15.7130630218298
3629	-5.30389799172775
3630	15.7130630218298
3631	-5.30389799172775
3632	15.7130630218298
3633	-5.30389799172775
3634	15.7130630218298
3635	-5.30389799172775
3636	15.7130630218298
3637	-5.30389799172775
3638	15.7130630218298
3639	-5.30389799172775
3640	15.7130630218298
3641	-5.30389799172775
3642	15.7130630218298
3643	-5.30389799172775
3644	15.7130630218298
3645	-5.30389799172775
3646	15.7130630218298
3647	-5.30389799172775
3648	15.7130630218298
3649	-5.30389799172775
3650	0
3651	3.25774224940981
3652	3.05830953065637
3653	3.41473067978458
3654	2.84086887018418
3655	3.76522118145292
3656	2.27631637144634
3657	4.67457677935524
3658	0.811567576021443
3659	7.03392777336775
3660	-2.9887681063381
3661	13.1553363027757
3662	-5.30389799172775
3663	15.7130630218298
3664	-5.30389799172775
3665	15.7130630218298
3666	-5.30389799172775
3667	15.7130630218298
3668	-5.30389799172775
3669	15.7130630218298
3670	-5.30389799172775
3671	15.7130630218298
3672	-5.30389799172775
3673	15.7130630218298
3674	-5.30389799172775
3675	15.7130630218298
3676	-5.30389799172775
3677	15.7130630218298
3678	-5.30389799172775
3679	15.7130630218298
3680	-5.30389799172775
3681	15.7130630218298
3682	-5.30389799172775
3683	15.7130630218298
3684	-5.30389799172775
3685	15.7130630218298
3686	-5.30389799172775
3687	15.7130630218298
3688	-5.30389799172775
3689	15.7130630218298
3690	-5.30389799172775
3691	0
3692	3.25273599859974
3693	3.06059789613323
3694	3.40526384643343
3695	2.85033674112553
3696	3.74418988836363
3697	2.30441174990258
3698	4.62354114114467
3699	0.887992594145364
3700	6.90504494132685
3701	-2.78695035553653
3702	12.8244765383018
3703	-5.30389799172775
3704	15.7130630218298
3705	-5.30389799172775
3706	15.7130630218298
3707	-5.30389799172775
3708	15.7130630218298
3709	-5.30389799172775
3710	15.7130630218298
3711	-5.30389799172775
3712	15.7130630218298
3713	-5.30389799172775
3714	15.7130630218298
3715	-5.30389799172775
3716	15.7130630218298
3717	-5.30389799172775
3718	15.7130630218298
3719	-5.30389799172775
3720	15.7130630218298
3721	-5.30389799172775
3722	15.7130630218298
3723	-5.30389799172775
3724	15.7130630218298
3725	-5.30389799172775
3726	15.7130630218298
3727	-5.30389799172775
3728	15.7130630218298
3729	-5.30389799172775
3730	15.7130630218298
3731	-5.30389799172775
3732	0
3733	3.24633083650338
3734	3.06352570625923
3735	3.39315166818791
3736	2.86245024689809
3737	3.71728175961748
3738	2.34035790202279
3739	4.55824446548228
3740	0.985773278308461
3741	6.74014800308338
3742	-2.52873808115228
3743	12.4011636634544
3744	-5.30389799172775
3745	15.7130630218298
3746	-5.30389799172775
3747	15.7130630218298
3748	-5.30389799172775
3749	15.7130630218298
3750	-5.30389799172775
3751	15.7130630218298
3752	-5.30389799172775
3753	15.7130630218298
3754	-5.30389799172775
3755	15.7130630218298
3756	-5.30389799172775
3757	15.7130630218298
3758	-5.30389799172775
3759	15.7130630218298
3760	-5.30389799172775
3761	15.7130630218298
3762	-5.30389799172775
3763	15.7130630218298
3764	-5.30389799172775
3765	15.7130630218298
3766	-5.30389799172775
3767	15.7130630218298
3768	-5.30389799172775
3769	15.7130630218298
3770	-5.30389799172775
3771	15.7130630218298
3772	-5.30389799172775
3773	0
3774	3.24084065225413
3775	3.06603527850685
3776	3.3827697154399
3777	2.87283333753581
3778	3.69421745891805
3779	2.37116914383412
3780	4.50227542444051
3781	1.06958598499683
3782	6.59880660383772
3783	-2.30741144796771
3784	12.0383210619666
3785	-5.30389799172775
3786	15.7130630218298
3787	-5.30389799172775
3788	15.7130630218298
3789	-5.30389799172775
3790	15.7130630218298
3791	-5.30389799172775
3792	15.7130630218298
3793	-5.30389799172775
3794	15.7130630218298
3795	-5.30389799172775
3796	15.7130630218298
3797	-5.30389799172775
3798	15.7130630218298
3799	-5.30389799172775
3800	15.7130630218298
3801	-5.30389799172775
3802	15.7130630218298
3803	-5.30389799172775
3804	15.7130630218298
3805	-5.30389799172775
3806	15.7130630218298
3807	-5.30389799172775
3808	15.7130630218298
3809	-5.30389799172775
3810	15.7130630218298
3811	-5.30389799172775
3812	15.7130630218298
3813	-5.30389799172775
3814	0
3815	3.19541359725416
3816	3.08680006004122
3817	3.29686703584315
3818	2.95874543229538
3819	3.50337809746108
3820	2.62610848882435
3821	4.03917462667667
3822	1.76307171581645
3823	5.4293151576851
3824	-0.476103666266409
3825	9.03607740933228
3826	-5.30389799172775
3827	15.7130630218298
3828	-5.30389799172775
3829	15.7130630218298
3830	-5.30389799172775
3831	15.7130630218298
3832	-5.30389799172775
3833	15.7130630218298
3834	-5.30389799172775
3835	15.7130630218298
3836	-5.30389799172775
3837	15.7130630218298
3838	-5.30389799172775
3839	15.7130630218298
3840	-5.30389799172775
3841	15.7130630218298
3842	-5.30389799172775
3843	15.7130630218298
3844	-5.30389799172775
3845	15.7130630218298
3846	-5.30389799172775
3847	15.7130630218298
3848	-5.30389799172775
3849	15.7130630218298
3850	-5.30389799172775
3851	15.7130630218298
3852	-5.30389799172775
3853	15.7130630218298
3854	-5.30389799172775
3855	0
3856	3.16624911747396
3857	3.10013119170274
3858	3.24171692844204
3859	3.01390158429537
3860	3.38085792311822
3861	2.78978129068551
3862	3.74186074945993
3863	2.20829429461584
3864	4.67849365639116
3865	0.699608445619173
3866	7.10861646557187
3867	-3.21472327004434
3868	13.4136446404297
3869	-5.30389799172775
3870	15.7130630218298
3871	-5.30389799172775
3872	15.7130630218298
3873	-5.30389799172775
3874	15.7130630218298
3875	-5.30389799172775
3876	15.7130630218298
3877	-5.30389799172775
3878	15.7130630218298
3879	-5.30389799172775
3880	15.7130630218298
3881	-5.30389799172775
3882	15.7130630218298
3883	-5.30389799172775
3884	15.7130630218298
3885	-5.30389799172775
3886	15.7130630218298
3887	-5.30389799172775
3888	15.7130630218298
3889	-5.30389799172775
3890	15.7130630218298
3891	-5.30389799172775
3892	15.7130630218298
3893	-5.30389799172775
3894	15.7130630218298
3895	-5.30389799172775
3896	0
3897	3.04812427876229
3898	3.15412624970577
3899	3.01834255006174
3900	3.23730044510338
3901	2.88461468674822
3902	3.45270493845995
3903	2.53765090043638
3904	4.01157848510465
3905	1.63744271325723
3906	5.4615930458763
3907	-0.698175043162188
3908	9.22370030443969
3909	-5.30389799172775
3910	15.7130630218298
3911	-5.30389799172775
3912	15.7130630218298
3913	-5.30389799172775
3914	15.7130630218298
3915	-5.30389799172775
3916	15.7130630218298
3917	-5.30389799172775
3918	15.7130630218298
3919	-5.30389799172775
3920	15.7130630218298
3921	-5.30389799172775
3922	15.7130630218298
3923	-5.30389799172775
3924	15.7130630218298
3925	-5.30389799172775
3926	15.7130630218298
3927	-5.30389799172775
3928	15.7130630218298
3929	-5.30389799172775
3930	15.7130630218298
3931	-5.30389799172775
3932	15.7130630218298
3933	-5.30389799172775
3934	15.7130630218298
3935	-5.30389799172775
3936	15.7130630218298
3937	0
3938	3.0217502698716
3939	3.16618185253543
3940	2.9684692303975
3941	3.28717923101649
3942	2.77381729924944
3943	3.60071745107747
3944	2.26878415225035
3945	4.41420196202202
3946	0.958460159833119
3947	6.52481248011465
3948	-2.44121563398745
3949	12.0008562143865
3950	-5.30389799172775
3951	15.7130630218298
3952	-5.30389799172775
3953	15.7130630218298
3954	-5.30389799172775
3955	15.7130630218298
3956	-5.30389799172775
3957	15.7130630218298
3958	-5.30389799172775
3959	15.7130630218298
3960	-5.30389799172775
3961	15.7130630218298
3962	-5.30389799172775
3963	15.7130630218298
3964	-5.30389799172775
3965	15.7130630218298
3966	-5.30389799172775
3967	15.7130630218298
3968	-5.30389799172775
3969	15.7130630218298
3970	-5.30389799172775
3971	15.7130630218298
3972	-5.30389799172775
3973	15.7130630218298
3974	-5.30389799172775
3975	15.7130630218298
3976	-5.30389799172775
3977	15.7130630218298
3978	0
3979	2.99469009491869
3980	3.17855110300037
3981	2.91729836891828
3982	3.33835570095862
3983	2.66013732354043
3984	3.75258076860536
3985	1.99292236441638
3986	4.82730039429639
3987	0.261812685352361
3988	7.61569343124619
3989	-4.2296044804935
3990	15.7130630218298
3991	-5.30389799172775
3992	15.7130630218298
3993	-5.30389799172775
3994	15.7130630218298
3995	-5.30389799172775
3996	15.7130630218298
3997	-5.30389799172775
3998	15.7130630218298
3999	-5.30389799172775
4000	15.7130630218298
4001	-5.30389799172775
4002	15.7130630218298
4003	-5.30389799172775
4004	15.7130630218298
4005	-5.30389799172775
4006	15.7130630218298
4007	-5.30389799172775
4008	15.7130630218298
4009	-5.30389799172775
4010	15.7130630218298
4011	-5.30389799172775
4012	15.7130630218298
4013	-5.30389799172775
4014	15.7130630218298
4015	-5.30389799172775
4016	15.7130630218298
4017	-5.30389799172775
4018	15.7130630218298
4019	0
4020	2.95945574604196
4021	3.19465678180635
4022	2.85067012320965
4023	3.40499124930071
4024	2.5121175885831
4025	3.9503180382522
4026	1.63372991679868
4027	5.36518510156497
4028	-0.645273843195891
4029	9.03610109978593
4030	-5.30389799172775
4031	15.7130630218298
4032	-5.30389799172775
4033	15.7130630218298
4034	-5.30389799172775
4035	15.7130630218298
4036	-5.30389799172775
4037	15.7130630218298
4038	-5.30389799172775
4039	15.7130630218298
4040	-5.30389799172775
4041	15.7130630218298
4042	-5.30389799172775
4043	15.7130630218298
4044	-5.30389799172775
4045	15.7130630218298
4046	-5.30389799172775
4047	15.7130630218298
4048	-5.30389799172775
4049	15.7130630218298
4050	-5.30389799172775
4051	15.7130630218298
4052	-5.30389799172775
4053	15.7130630218298
4054	-5.30389799172775
4055	15.7130630218298
4056	-5.30389799172775
4057	15.7130630218298
4058	-5.30389799172775
4059	15.7130630218298
4060	0
4061	2.92220656324837
4062	3.21168344450864
4063	2.78023182130431
4064	3.47543727143182
4065	2.35563352288421
4066	4.1593626761409
4067	1.25399748052754
4068	5.93382809970919
4069	-1.60423102528278
4070	10.5377330746511
4071	-5.30389799172775
4072	15.7130630218298
4073	-5.30389799172775
4074	15.7130630218298
4075	-5.30389799172775
4076	15.7130630218298
4077	-5.30389799172775
4078	15.7130630218298
4079	-5.30389799172775
4080	15.7130630218298
4081	-5.30389799172775
4082	15.7130630218298
4083	-5.30389799172775
4084	15.7130630218298
4085	-5.30389799172775
4086	15.7130630218298
4087	-5.30389799172775
4088	15.7130630218298
4089	-5.30389799172775
4090	15.7130630218298
4091	-5.30389799172775
4092	15.7130630218298
4093	-5.30389799172775
4094	15.7130630218298
4095	-5.30389799172775
4096	15.7130630218298
4097	-5.30389799172775
4098	15.7130630218298
4099	-5.30389799172775
4100	15.7130630218298
4101	0
4102	2.86691665541811
4103	3.23695655228883
4104	2.67567846125754
4105	3.58000209080574
4106	2.12336025081433
4107	4.46965294009981
4108	0.690350983423595
4109	6.77787934050923
4110	-3.02763551994124
4111	12.7666435435152
4112	-5.30389799172775
4113	15.7130630218298
4114	-5.30389799172775
4115	15.7130630218298
4116	-5.30389799172775
4117	15.7130630218298
4118	-5.30389799172775
4119	15.7130630218298
4120	-5.30389799172775
4121	15.7130630218298
4122	-5.30389799172775
4123	15.7130630218298
4124	-5.30389799172775
4125	15.7130630218298
4126	-5.30389799172775
4127	15.7130630218298
4128	-5.30389799172775
4129	15.7130630218298
4130	-5.30389799172775
4131	15.7130630218298
4132	-5.30389799172775
4133	15.7130630218298
4134	-5.30389799172775
4135	15.7130630218298
4136	-5.30389799172775
4137	15.7130630218298
4138	-5.30389799172775
4139	15.7130630218298
4140	-5.30389799172775
4141	15.7130630218298
4142	0
4143	2.82157834723118
4144	3.25768076750904
4145	2.58994360211593
4146	3.66574634671661
4147	1.93289371531164
4148	4.72409423267646
4149	0.228154904662906
4150	7.47001026969147
4151	-4.19484223425912
4152	14.5943736614364
4153	-5.30389799172775
4154	15.7130630218298
4155	-5.30389799172775
4156	15.7130630218298
4157	-5.30389799172775
4158	15.7130630218298
4159	-5.30389799172775
4160	15.7130630218298
4161	-5.30389799172775
4162	15.7130630218298
4163	-5.30389799172775
4164	15.7130630218298
4165	-5.30389799172775
4166	15.7130630218298
4167	-5.30389799172775
4168	15.7130630218298
4169	-5.30389799172775
4170	15.7130630218298
4171	-5.30389799172775
4172	15.7130630218298
4173	-5.30389799172775
4174	15.7130630218298
4175	-5.30389799172775
4176	15.7130630218298
4177	-5.30389799172775
4178	15.7130630218298
4179	-5.30389799172775
4180	15.7130630218298
4181	-5.30389799172775
4182	15.7130630218298
4183	0
4184	2.72565131560229
4185	3.30152917139557
4186	2.40854533487872
4187	3.84716449568777
4188	1.52990361475299
4189	5.26244246172948
4190	-0.749761996938718
4191	8.93442454075888
4192	-5.30389799172775
4193	15.7130630218298
4194	-5.30389799172775
4195	15.7130630218298
4196	-5.30389799172775
4197	15.7130630218298
4198	-5.30389799172775
4199	15.7130630218298
4200	-5.30389799172775
4201	15.7130630218298
4202	-5.30389799172775
4203	15.7130630218298
4204	-5.30389799172775
4205	15.7130630218298
4206	-5.30389799172775
4207	15.7130630218298
4208	-5.30389799172775
4209	15.7130630218298
4210	-5.30389799172775
4211	15.7130630218298
4212	-5.30389799172775
4213	15.7130630218298
4214	-5.30389799172775
4215	15.7130630218298
4216	-5.30389799172775
4217	15.7130630218298
4218	-5.30389799172775
4219	15.7130630218298
4220	-5.30389799172775
4221	15.7130630218298
4222	-5.30389799172775
4223	15.7130630218298
4224	0
4225	2.63063695488211
4226	3.34496039190907
4227	2.2288729307125
4228	4.02685659242875
4229	1.13074765077745
4230	5.79566872714964
4231	-1.71837478173333
4232	10.3849060518857
4233	-5.30389799172775
4234	15.7130630218298
4235	-5.30389799172775
4236	15.7130630218298
4237	-5.30389799172775
4238	15.7130630218298
4239	-5.30389799172775
4240	15.7130630218298
4241	-5.30389799172775
4242	15.7130630218298
4243	-5.30389799172775
4244	15.7130630218298
4245	-5.30389799172775
4246	15.7130630218298
4247	-5.30389799172775
4248	15.7130630218298
4249	-5.30389799172775
4250	15.7130630218298
4251	-5.30389799172775
4252	15.7130630218298
4253	-5.30389799172775
4254	15.7130630218298
4255	-5.30389799172775
4256	15.7130630218298
4257	-5.30389799172775
4258	15.7130630218298
4259	-5.30389799172775
4260	15.7130630218298
4261	-5.30389799172775
4262	15.7130630218298
4263	-5.30389799172775
4264	15.7130630218298
4265	0
4266	2.58433587243568
4267	3.36612469282635
4268	2.14131746293277
4269	4.1144216565213
4270	0.936236494180379
4271	6.05551316635528
4272	-2.1903857500491
4273	11.0917346146909
4274	-5.30389799172775
4275	15.7130630218298
4276	-5.30389799172775
4277	15.7130630218298
4278	-5.30389799172775
4279	15.7130630218298
4280	-5.30389799172775
4281	15.7130630218298
4282	-5.30389799172775
4283	15.7130630218298
4284	-5.30389799172775
4285	15.7130630218298
4286	-5.30389799172775
4287	15.7130630218298
4288	-5.30389799172775
4289	15.7130630218298
4290	-5.30389799172775
4291	15.7130630218298
4292	-5.30389799172775
4293	15.7130630218298
4294	-5.30389799172775
4295	15.7130630218298
4296	-5.30389799172775
4297	15.7130630218298
4298	-5.30389799172775
4299	15.7130630218298
4300	-5.30389799172775
4301	15.7130630218298
4302	-5.30389799172775
4303	15.7130630218298
4304	-5.30389799172775
4305	15.7130630218298
4306	0
4307	2.58319241193888
4308	3.36664737049958
4309	2.13915517614819
4310	4.11658418029827
4311	0.931432808996257
4312	6.06193033493638
4313	-2.2020426243123
4314	11.1091905897324
4315	-5.30389799172775
4316	15.7130630218298
4317	-5.30389799172775
4318	15.7130630218298
4319	-5.30389799172775
4320	15.7130630218298
4321	-5.30389799172775
4322	15.7130630218298
4323	-5.30389799172775
4324	15.7130630218298
4325	-5.30389799172775
4326	15.7130630218298
4327	-5.30389799172775
4328	15.7130630218298
4329	-5.30389799172775
4330	15.7130630218298
4331	-5.30389799172775
4332	15.7130630218298
4333	-5.30389799172775
4334	15.7130630218298
4335	-5.30389799172775
4336	15.7130630218298
4337	-5.30389799172775
4338	15.7130630218298
4339	-5.30389799172775
4340	15.7130630218298
4341	-5.30389799172775
4342	15.7130630218298
4343	-5.30389799172775
4344	15.7130630218298
4345	-5.30389799172775
4346	15.7130630218298
4347	0
4348	2.3528100298853
4349	3.47195553614478
4350	1.70350149024896
4351	4.55228561500355
4352	-0.0364051167084139
4353	7.35485001854937
4354	-5.30389799172775
4355	14.6261893162953
4356	-5.30389799172775
4357	15.7130630218298
4358	-5.30389799172775
4359	15.7130630218298
4360	-5.30389799172775
4361	15.7130630218298
4362	-5.30389799172775
4363	15.7130630218298
4364	-5.30389799172775
4365	15.7130630218298
4366	-5.30389799172775
4367	15.7130630218298
4368	-5.30389799172775
4369	15.7130630218298
4370	-5.30389799172775
4371	15.7130630218298
4372	-5.30389799172775
4373	15.7130630218298
4374	-5.30389799172775
4375	15.7130630218298
4376	-5.30389799172775
4377	15.7130630218298
4378	-5.30389799172775
4379	15.7130630218298
4380	-5.30389799172775
4381	15.7130630218298
4382	-5.30389799172775
4383	15.7130630218298
4384	-5.30389799172775
4385	15.7130630218298
4386	-5.30389799172775
4387	15.7130630218298
4388	0
4389	2.28354595192934
4390	3.5036162600666
4391	1.57252293801353
4392	4.68327852283769
4393	-0.327383970808276
4394	7.74356415961483
4395	-5.30389799172775
4396	15.7130630218298
4397	-5.30389799172775
4398	15.7130630218298
4399	-5.30389799172775
4400	15.7130630218298
4401	-5.30389799172775
4402	15.7130630218298
4403	-5.30389799172775
4404	15.7130630218298
4405	-5.30389799172775
4406	15.7130630218298
4407	-5.30389799172775
4408	15.7130630218298
4409	-5.30389799172775
4410	15.7130630218298
4411	-5.30389799172775
4412	15.7130630218298
4413	-5.30389799172775
4414	15.7130630218298
4415	-5.30389799172775
4416	15.7130630218298
4417	-5.30389799172775
4418	15.7130630218298
4419	-5.30389799172775
4420	15.7130630218298
4421	-5.30389799172775
4422	15.7130630218298
4423	-5.30389799172775
4424	15.7130630218298
4425	-5.30389799172775
4426	15.7130630218298
4427	-5.30389799172775
4428	15.7130630218298
4429	0
4430	2.23055780310503
4431	3.52783723002048
4432	1.47232221025597
4433	4.78349023286228
4434	-0.549987537920994
4435	8.04093681460037
4436	-5.30389799172775
4437	15.7130630218298
4438	-5.30389799172775
4439	15.7130630218298
4440	-5.30389799172775
4441	15.7130630218298
4442	-5.30389799172775
4443	15.7130630218298
4444	-5.30389799172775
4445	15.7130630218298
4446	-5.30389799172775
4447	15.7130630218298
4448	-5.30389799172775
4449	15.7130630218298
4450	-5.30389799172775
4451	15.7130630218298
4452	-5.30389799172775
4453	15.7130630218298
4454	-5.30389799172775
4455	15.7130630218298
4456	-5.30389799172775
4457	15.7130630218298
4458	-5.30389799172775
4459	15.7130630218298
4460	-5.30389799172775
4461	15.7130630218298
4462	-5.30389799172775
4463	15.7130630218298
4464	-5.30389799172775
4465	15.7130630218298
4466	-5.30389799172775
4467	15.7130630218298
4468	-5.30389799172775
4469	15.7130630218298
4470	0
4471	2.1824790196624
4472	3.54981412098612
4473	1.38140510525155
4474	4.87441730262392
4475	-0.751966828276178
4476	8.31075781793858
4477	-5.30389799172775
4478	15.7130630218298
4479	-5.30389799172775
4480	15.7130630218298
4481	-5.30389799172775
4482	15.7130630218298
4483	-5.30389799172775
4484	15.7130630218298
4485	-5.30389799172775
4486	15.7130630218298
4487	-5.30389799172775
4488	15.7130630218298
4489	-5.30389799172775
4490	15.7130630218298
4491	-5.30389799172775
4492	15.7130630218298
4493	-5.30389799172775
4494	15.7130630218298
4495	-5.30389799172775
4496	15.7130630218298
4497	-5.30389799172775
4498	15.7130630218298
4499	-5.30389799172775
4500	15.7130630218298
4501	-5.30389799172775
4502	15.7130630218298
4503	-5.30389799172775
4504	15.7130630218298
4505	-5.30389799172775
4506	15.7130630218298
4507	-5.30389799172775
4508	15.7130630218298
4509	-5.30389799172775
4510	15.7130630218298
4511	0
4512	2.0288743480962
4513	3.62002706892503
4514	1.09093827031973
4515	5.16491597349566
4516	-1.39726107943384
4517	9.17279640610053
4518	-5.30389799172775
4519	15.7130630218298
4520	-5.30389799172775
4521	15.7130630218298
4522	-5.30389799172775
4523	15.7130630218298
4524	-5.30389799172775
4525	15.7130630218298
4526	-5.30389799172775
4527	15.7130630218298
4528	-5.30389799172775
4529	15.7130630218298
4530	-5.30389799172775
4531	15.7130630218298
4532	-5.30389799172775
4533	15.7130630218298
4534	-5.30389799172775
4535	15.7130630218298
4536	-5.30389799172775
4537	15.7130630218298
4538	-5.30389799172775
4539	15.7130630218298
4540	-5.30389799172775
4541	15.7130630218298
4542	-5.30389799172775
4543	15.7130630218298
4544	-5.30389799172775
4545	15.7130630218298
4546	-5.30389799172775
4547	15.7130630218298
4548	-5.30389799172775
4549	15.7130630218298
4550	-5.30389799172775
4551	15.7130630218298
4552	0
4553	2.00293002817491
4554	3.63188626022026
4555	1.04187749361838
4556	5.213982127389
4557	-1.50625334070229
4558	9.31839747856612
4559	-5.30389799172775
4560	15.7130630218298
4561	-5.30389799172775
4562	15.7130630218298
4563	-5.30389799172775
4564	15.7130630218298
4565	-5.30389799172775
4566	15.7130630218298
4567	-5.30389799172775
4568	15.7130630218298
4569	-5.30389799172775
4570	15.7130630218298
4571	-5.30389799172775
4572	15.7130630218298
4573	-5.30389799172775
4574	15.7130630218298
4575	-5.30389799172775
4576	15.7130630218298
4577	-5.30389799172775
4578	15.7130630218298
4579	-5.30389799172775
4580	15.7130630218298
4581	-5.30389799172775
4582	15.7130630218298
4583	-5.30389799172775
4584	15.7130630218298
4585	-5.30389799172775
4586	15.7130630218298
4587	-5.30389799172775
4588	15.7130630218298
4589	-5.30389799172775
4590	15.7130630218298
4591	-5.30389799172775
4592	15.7130630218298
4593	0
4594	1.80115486712857
4595	3.72411801810535
4596	0.660320137325784
4597	5.59558130338562
4598	-2.35391213989123
4599	10.4507717298243
4600	-5.30389799172775
4601	15.7130630218298
4602	-5.30389799172775
4603	15.7130630218298
4604	-5.30389799172775
4605	15.7130630218298
4606	-5.30389799172775
4607	15.7130630218298
4608	-5.30389799172775
4609	15.7130630218298
4610	-5.30389799172775
4611	15.7130630218298
4612	-5.30389799172775
4613	15.7130630218298
4614	-5.30389799172775
4615	15.7130630218298
4616	-5.30389799172775
4617	15.7130630218298
4618	-5.30389799172775
4619	15.7130630218298
4620	-5.30389799172775
4621	15.7130630218298
4622	-5.30389799172775
4623	15.7130630218298
4624	-5.30389799172775
4625	15.7130630218298
4626	-5.30389799172775
4627	15.7130630218298
4628	-5.30389799172775
4629	15.7130630218298
4630	-5.30389799172775
4631	15.7130630218298
4632	-5.30389799172775
4633	15.7130630218298
4634	0
4635	1.73511497345713
4636	3.75430496208931
4637	0.535438525989448
4638	5.72047660207967
4639	-2.63134617427783
4640	10.8213915561774
4641	-5.30389799172775
4642	15.7130630218298
4643	-5.30389799172775
4644	15.7130630218298
4645	-5.30389799172775
4646	15.7130630218298
4647	-5.30389799172775
4648	15.7130630218298
4649	-5.30389799172775
4650	15.7130630218298
4651	-5.30389799172775
4652	15.7130630218298
4653	-5.30389799172775
4654	15.7130630218298
4655	-5.30389799172775
4656	15.7130630218298
4657	-5.30389799172775
4658	15.7130630218298
4659	-5.30389799172775
4660	15.7130630218298
4661	-5.30389799172775
4662	15.7130630218298
4663	-5.30389799172775
4664	15.7130630218298
4665	-5.30389799172775
4666	15.7130630218298
4667	-5.30389799172775
4668	15.7130630218298
4669	-5.30389799172775
4670	15.7130630218298
4671	-5.30389799172775
4672	15.7130630218298
4673	-5.30389799172775
4674	15.7130630218298
4675	0
4676	1.70452379739719
4677	3.76828823896615
4678	0.477590532198813
4679	5.77833093616473
4680	-2.75985990922062
4681	10.9930710627448
4682	-5.30389799172775
4683	15.7130630218298
4684	-5.30389799172775
4685	15.7130630218298
4686	-5.30389799172775
4687	15.7130630218298
4688	-5.30389799172775
4689	15.7130630218298
4690	-5.30389799172775
4691	15.7130630218298
4692	-5.30389799172775
4693	15.7130630218298
4694	-5.30389799172775
4695	15.7130630218298
4696	-5.30389799172775
4697	15.7130630218298
4698	-5.30389799172775
4699	15.7130630218298
4700	-5.30389799172775
4701	15.7130630218298
4702	-5.30389799172775
4703	15.7130630218298
4704	-5.30389799172775
4705	15.7130630218298
4706	-5.30389799172775
4707	15.7130630218298
4708	-5.30389799172775
4709	15.7130630218298
4710	-5.30389799172775
4711	15.7130630218298
4712	-5.30389799172775
4713	15.7130630218298
4714	-5.30389799172775
4715	15.7130630218298
4716	0
4717	1.69593223817541
4718	3.77221545481318
4719	0.461343871281327
4720	5.79457937775958
4721	-2.79595310689334
4722	11.0412874060769
4723	-5.30389799172775
4724	15.7130630218298
4725	-5.30389799172775
4726	15.7130630218298
4727	-5.30389799172775
4728	15.7130630218298
4729	-5.30389799172775
4730	15.7130630218298
4731	-5.30389799172775
4732	15.7130630218298
4733	-5.30389799172775
4734	15.7130630218298
4735	-5.30389799172775
4736	15.7130630218298
4737	-5.30389799172775
4738	15.7130630218298
4739	-5.30389799172775
4740	15.7130630218298
4741	-5.30389799172775
4742	15.7130630218298
4743	-5.30389799172775
4744	15.7130630218298
4745	-5.30389799172775
4746	15.7130630218298
4747	-5.30389799172775
4748	15.7130630218298
4749	-5.30389799172775
4750	15.7130630218298
4751	-5.30389799172775
4752	15.7130630218298
4753	-5.30389799172775
4754	15.7130630218298
4755	-5.30389799172775
4756	15.7130630218298
4757	0
4758	1.68558889585678
4759	3.77694341359417
4760	0.441784583954474
4761	5.8141408088365
4762	-2.83940555705592
4763	11.0993348607429
4764	-5.30389799172775
4765	15.7130630218298
4766	-5.30389799172775
4767	15.7130630218298
4768	-5.30389799172775
4769	15.7130630218298
4770	-5.30389799172775
4771	15.7130630218298
4772	-5.30389799172775
4773	15.7130630218298
4774	-5.30389799172775
4775	15.7130630218298
4776	-5.30389799172775
4777	15.7130630218298
4778	-5.30389799172775
4779	15.7130630218298
4780	-5.30389799172775
4781	15.7130630218298
4782	-5.30389799172775
4783	15.7130630218298
4784	-5.30389799172775
4785	15.7130630218298
4786	-5.30389799172775
4787	15.7130630218298
4788	-5.30389799172775
4789	15.7130630218298
4790	-5.30389799172775
4791	15.7130630218298
4792	-5.30389799172775
4793	15.7130630218298
4794	-5.30389799172775
4795	15.7130630218298
4796	-5.30389799172775
4797	15.7130630218298
4798	0
4799	1.66020286400394
4800	3.78854741049534
4801	0.39377953144802
4802	5.86215112282476
4803	-2.9460524464201
4804	11.2418027872345
4805	-5.30389799172775
4806	15.7130630218298
4807	-5.30389799172775
4808	15.7130630218298
4809	-5.30389799172775
4810	15.7130630218298
4811	-5.30389799172775
4812	15.7130630218298
4813	-5.30389799172775
4814	15.7130630218298
4815	-5.30389799172775
4816	15.7130630218298
4817	-5.30389799172775
4818	15.7130630218298
4819	-5.30389799172775
4820	15.7130630218298
4821	-5.30389799172775
4822	15.7130630218298
4823	-5.30389799172775
4824	15.7130630218298
4825	-5.30389799172775
4826	15.7130630218298
4827	-5.30389799172775
4828	15.7130630218298
4829	-5.30389799172775
4830	15.7130630218298
4831	-5.30389799172775
4832	15.7130630218298
4833	-5.30389799172775
4834	15.7130630218298
4835	-5.30389799172775
4836	15.7130630218298
4837	-5.30389799172775
4838	15.7130630218298
4839	0
4840	1.61661088125416
4841	3.80847337748681
4842	0.311346978267013
4843	5.94459271083348
4844	-3.1291826570978
4845	11.4864435971893
4846	-5.30389799172775
4847	15.7130630218298
4848	-5.30389799172775
4849	15.7130630218298
4850	-5.30389799172775
4851	15.7130630218298
4852	-5.30389799172775
4853	15.7130630218298
4854	-5.30389799172775
4855	15.7130630218298
4856	-5.30389799172775
4857	15.7130630218298
4858	-5.30389799172775
4859	15.7130630218298
4860	-5.30389799172775
4861	15.7130630218298
4862	-5.30389799172775
4863	15.7130630218298
4864	-5.30389799172775
4865	15.7130630218298
4866	-5.30389799172775
4867	15.7130630218298
4868	-5.30389799172775
4869	15.7130630218298
4870	-5.30389799172775
4871	15.7130630218298
4872	-5.30389799172775
4873	15.7130630218298
4874	-5.30389799172775
4875	15.7130630218298
4876	-5.30389799172775
4877	15.7130630218298
4878	-5.30389799172775
4879	15.7130630218298
4880	0
4881	1.61185395333495
4882	3.81064777706031
4883	0.302351615153356
4884	5.95358905986293
4885	-3.14916654305739
4886	11.5131397606956
4887	-5.30389799172775
4888	15.7130630218298
4889	-5.30389799172775
4890	15.7130630218298
4891	-5.30389799172775
4892	15.7130630218298
4893	-5.30389799172775
4894	15.7130630218298
4895	-5.30389799172775
4896	15.7130630218298
4897	-5.30389799172775
4898	15.7130630218298
4899	-5.30389799172775
4900	15.7130630218298
4901	-5.30389799172775
4902	15.7130630218298
4903	-5.30389799172775
4904	15.7130630218298
4905	-5.30389799172775
4906	15.7130630218298
4907	-5.30389799172775
4908	15.7130630218298
4909	-5.30389799172775
4910	15.7130630218298
4911	-5.30389799172775
4912	15.7130630218298
4913	-5.30389799172775
4914	15.7130630218298
4915	-5.30389799172775
4916	15.7130630218298
4917	-5.30389799172775
4918	15.7130630218298
4919	-5.30389799172775
4920	15.7130630218298
4921	0
4922	1.49180475398309
4923	3.86552246347613
4924	0.0753382657787114
4925	6.1806272905062
4926	-3.65349403132945
4927	12.1868630352814
4928	-5.30389799172775
4929	15.7130630218298
4930	-5.30389799172775
4931	15.7130630218298
4932	-5.30389799172775
4933	15.7130630218298
4934	-5.30389799172775
4935	15.7130630218298
4936	-5.30389799172775
4937	15.7130630218298
4938	-5.30389799172775
4939	15.7130630218298
4940	-5.30389799172775
4941	15.7130630218298
4942	-5.30389799172775
4943	15.7130630218298
4944	-5.30389799172775
4945	15.7130630218298
4946	-5.30389799172775
4947	15.7130630218298
4948	-5.30389799172775
4949	15.7130630218298
4950	-5.30389799172775
4951	15.7130630218298
4952	-5.30389799172775
4953	15.7130630218298
4954	-5.30389799172775
4955	15.7130630218298
4956	-5.30389799172775
4957	15.7130630218298
4958	-5.30389799172775
4959	15.7130630218298
4960	-5.30389799172775
4961	15.7130630218298
4962	0
4963	1.30586075571561
4964	3.95051777082445
4965	-0.276282320370226
4966	6.5322864152093
4967	-5.30389799172775
4968	13.2303918557873
4969	-5.30389799172775
4970	15.7130630218298
4971	-5.30389799172775
4972	15.7130630218298
4973	-5.30389799172775
4974	15.7130630218298
4975	-5.30389799172775
4976	15.7130630218298
4977	-5.30389799172775
4978	15.7130630218298
4979	-5.30389799172775
4980	15.7130630218298
4981	-5.30389799172775
4982	15.7130630218298
4983	-5.30389799172775
4984	15.7130630218298
4985	-5.30389799172775
4986	15.7130630218298
4987	-5.30389799172775
4988	15.7130630218298
4989	-5.30389799172775
4990	15.7130630218298
4991	-5.30389799172775
4992	15.7130630218298
4993	-5.30389799172775
4994	15.7130630218298
4995	-5.30389799172775
4996	15.7130630218298
4997	-5.30389799172775
4998	15.7130630218298
4999	-5.30389799172775
5000	15.7130630218298
5001	-5.30389799172775
5002	15.7130630218298
5003	0
5004	1.28915327052044
5005	3.95815478977862
5006	-0.307876218490834
5007	6.56388377610542
5008	-5.30389799172775
5009	13.3241552602628
5010	-5.30389799172775
5011	15.7130630218298
5012	-5.30389799172775
5013	15.7130630218298
5014	-5.30389799172775
5015	15.7130630218298
5016	-5.30389799172775
5017	15.7130630218298
5018	-5.30389799172775
5019	15.7130630218298
5020	-5.30389799172775
5021	15.7130630218298
5022	-5.30389799172775
5023	15.7130630218298
5024	-5.30389799172775
5025	15.7130630218298
5026	-5.30389799172775
5027	15.7130630218298
5028	-5.30389799172775
5029	15.7130630218298
5030	-5.30389799172775
5031	15.7130630218298
5032	-5.30389799172775
5033	15.7130630218298
5034	-5.30389799172775
5035	15.7130630218298
5036	-5.30389799172775
5037	15.7130630218298
5038	-5.30389799172775
5039	15.7130630218298
5040	-5.30389799172775
5041	15.7130630218298
5042	-5.30389799172775
5043	15.7130630218298
5044	0
5045	1.24958280202833
5046	3.97624251599049
5047	-0.382704077712026
5048	6.63871983665958
5049	-5.30389799172775
5050	13.5462270920895
5051	-5.30389799172775
5052	15.7130630218298
5053	-5.30389799172775
5054	15.7130630218298
5055	-5.30389799172775
5056	15.7130630218298
5057	-5.30389799172775
5058	15.7130630218298
5059	-5.30389799172775
5060	15.7130630218298
5061	-5.30389799172775
5062	15.7130630218298
5063	-5.30389799172775
5064	15.7130630218298
5065	-5.30389799172775
5066	15.7130630218298
5067	-5.30389799172775
5068	15.7130630218298
5069	-5.30389799172775
5070	15.7130630218298
5071	-5.30389799172775
5072	15.7130630218298
5073	-5.30389799172775
5074	15.7130630218298
5075	-5.30389799172775
5076	15.7130630218298
5077	-5.30389799172775
5078	15.7130630218298
5079	-5.30389799172775
5080	15.7130630218298
5081	-5.30389799172775
5082	15.7130630218298
5083	-5.30389799172775
5084	15.7130630218298
5085	0
5086	1.16466532121984
5087	4.01505843609446
5088	-0.543283255606321
5089	6.79931661446011
5090	-5.30389799172775
5091	14.022789064587
5092	-5.30389799172775
5093	15.7130630218298
5094	-5.30389799172775
5095	15.7130630218298
5096	-5.30389799172775
5097	15.7130630218298
5098	-5.30389799172775
5099	15.7130630218298
5100	-5.30389799172775
5101	15.7130630218298
5102	-5.30389799172775
5103	15.7130630218298
5104	-5.30389799172775
5105	15.7130630218298
5106	-5.30389799172775
5107	15.7130630218298
5108	-5.30389799172775
5109	15.7130630218298
5110	-5.30389799172775
5111	15.7130630218298
5112	-5.30389799172775
5113	15.7130630218298
5114	-5.30389799172775
5115	15.7130630218298
5116	-5.30389799172775
5117	15.7130630218298
5118	-5.30389799172775
5119	15.7130630218298
5120	-5.30389799172775
5121	15.7130630218298
5122	-5.30389799172775
5123	15.7130630218298
5124	-5.30389799172775
5125	15.7130630218298
5126	0
5127	1.13655714694083
5128	4.02790672877454
5129	-0.596435886547101
5130	6.85247507107102
5131	-5.30389799172775
5132	14.1805338169062
5133	-5.30389799172775
5134	15.7130630218298
5135	-5.30389799172775
5136	15.7130630218298
5137	-5.30389799172775
5138	15.7130630218298
5139	-5.30389799172775
5140	15.7130630218298
5141	-5.30389799172775
5142	15.7130630218298
5143	-5.30389799172775
5144	15.7130630218298
5145	-5.30389799172775
5146	15.7130630218298
5147	-5.30389799172775
5148	15.7130630218298
5149	-5.30389799172775
5150	15.7130630218298
5151	-5.30389799172775
5152	15.7130630218298
5153	-5.30389799172775
5154	15.7130630218298
5155	-5.30389799172775
5156	15.7130630218298
5157	-5.30389799172775
5158	15.7130630218298
5159	-5.30389799172775
5160	15.7130630218298
5161	-5.30389799172775
5162	15.7130630218298
5163	-5.30389799172775
5164	15.7130630218298
5165	-5.30389799172775
5166	15.7130630218298
5167	0
5168	1.13003861871998
5169	4.03088635874244
5170	-0.60876244042998
5171	6.86480297597708
5172	-5.30389799172775
5173	14.2171161864859
5174	-5.30389799172775
5175	15.7130630218298
5176	-5.30389799172775
5177	15.7130630218298
5178	-5.30389799172775
5179	15.7130630218298
5180	-5.30389799172775
5181	15.7130630218298
5182	-5.30389799172775
5183	15.7130630218298
5184	-5.30389799172775
5185	15.7130630218298
5186	-5.30389799172775
5187	15.7130630218298
5188	-5.30389799172775
5189	15.7130630218298
5190	-5.30389799172775
5191	15.7130630218298
5192	-5.30389799172775
5193	15.7130630218298
5194	-5.30389799172775
5195	15.7130630218298
5196	-5.30389799172775
5197	15.7130630218298
5198	-5.30389799172775
5199	15.7130630218298
5200	-5.30389799172775
5201	15.7130630218298
5202	-5.30389799172775
5203	15.7130630218298
5204	-5.30389799172775
5205	15.7130630218298
5206	-5.30389799172775
5207	15.7130630218298
5208	0
5209	1.11050141476117
5210	4.03981684679626
5211	-0.645707344119887
5212	6.90175192892698
5213	-5.30389799172775
5214	14.326760141618
5215	-5.30389799172775
5216	15.7130630218298
5217	-5.30389799172775
5218	15.7130630218298
5219	-5.30389799172775
5220	15.7130630218298
5221	-5.30389799172775
5222	15.7130630218298
5223	-5.30389799172775
5224	15.7130630218298
5225	-5.30389799172775
5226	15.7130630218298
5227	-5.30389799172775
5228	15.7130630218298
5229	-5.30389799172775
5230	15.7130630218298
5231	-5.30389799172775
5232	15.7130630218298
5233	-5.30389799172775
5234	15.7130630218298
5235	-5.30389799172775
5236	15.7130630218298
5237	-5.30389799172775
5238	15.7130630218298
5239	-5.30389799172775
5240	15.7130630218298
5241	-5.30389799172775
5242	15.7130630218298
5243	-5.30389799172775
5244	15.7130630218298
5245	-5.30389799172775
5246	15.7130630218298
5247	-5.30389799172775
5248	15.7130630218298
5249	0
5250	1.07523236306794
5251	4.05593838831672
5252	-0.712401212945131
5253	6.96845310757815
5254	-5.30389799172775
5255	14.524692165543
5256	-5.30389799172775
5257	15.7130630218298
5258	-5.30389799172775
5259	15.7130630218298
5260	-5.30389799172775
5261	15.7130630218298
5262	-5.30389799172775
5263	15.7130630218298
5264	-5.30389799172775
5265	15.7130630218298
5266	-5.30389799172775
5267	15.7130630218298
5268	-5.30389799172775
5269	15.7130630218298
5270	-5.30389799172775
5271	15.7130630218298
5272	-5.30389799172775
5273	15.7130630218298
5274	-5.30389799172775
5275	15.7130630218298
5276	-5.30389799172775
5277	15.7130630218298
5278	-5.30389799172775
5279	15.7130630218298
5280	-5.30389799172775
5281	15.7130630218298
5282	-5.30389799172775
5283	15.7130630218298
5284	-5.30389799172775
5285	15.7130630218298
5286	-5.30389799172775
5287	15.7130630218298
5288	-5.30389799172775
5289	15.7130630218298
5290	0
5291	1.0262660277151
5292	4.07832098071989
5293	-0.804996680928797
5294	7.0610587242721
5295	-5.30389799172775
5296	15.7130630218298
5297	-5.30389799172775
5298	15.7130630218298
5299	-5.30389799172775
5300	15.7130630218298
5301	-5.30389799172775
5302	15.7130630218298
5303	-5.30389799172775
5304	15.7130630218298
5305	-5.30389799172775
5306	15.7130630218298
5307	-5.30389799172775
5308	15.7130630218298
5309	-5.30389799172775
5310	15.7130630218298
5311	-5.30389799172775
5312	15.7130630218298
5313	-5.30389799172775
5314	15.7130630218298
5315	-5.30389799172775
5316	15.7130630218298
5317	-5.30389799172775
5318	15.7130630218298
5319	-5.30389799172775
5320	15.7130630218298
5321	-5.30389799172775
5322	15.7130630218298
5323	-5.30389799172775
5324	15.7130630218298
5325	-5.30389799172775
5326	15.7130630218298
5327	-5.30389799172775
5328	15.7130630218298
5329	-5.30389799172775
5330	15.7130630218298
5331	0
5332	1.01594272374464
5333	4.08303977993898
5334	-0.824518075686937
5335	7.08058225862717
5336	-5.30389799172775
5337	15.7130630218298
5338	-5.30389799172775
5339	15.7130630218298
5340	-5.30389799172775
5341	15.7130630218298
5342	-5.30389799172775
5343	15.7130630218298
5344	-5.30389799172775
5345	15.7130630218298
5346	-5.30389799172775
5347	15.7130630218298
5348	-5.30389799172775
5349	15.7130630218298
5350	-5.30389799172775
5351	15.7130630218298
5352	-5.30389799172775
5353	15.7130630218298
5354	-5.30389799172775
5355	15.7130630218298
5356	-5.30389799172775
5357	15.7130630218298
5358	-5.30389799172775
5359	15.7130630218298
5360	-5.30389799172775
5361	15.7130630218298
5362	-5.30389799172775
5363	15.7130630218298
5364	-5.30389799172775
5365	15.7130630218298
5366	-5.30389799172775
5367	15.7130630218298
5368	-5.30389799172775
5369	15.7130630218298
5370	-5.30389799172775
5371	15.7130630218298
5372	0
5373	0.976744680684922
5374	4.10095726987335
5375	-0.898641677443218
5376	7.15471398452793
5377	-5.30389799172775
5378	15.7130630218298
5379	-5.30389799172775
5380	15.7130630218298
5381	-5.30389799172775
5382	15.7130630218298
5383	-5.30389799172775
5384	15.7130630218298
5385	-5.30389799172775
5386	15.7130630218298
5387	-5.30389799172775
5388	15.7130630218298
5389	-5.30389799172775
5390	15.7130630218298
5391	-5.30389799172775
5392	15.7130630218298
5393	-5.30389799172775
5394	15.7130630218298
5395	-5.30389799172775
5396	15.7130630218298
5397	-5.30389799172775
5398	15.7130630218298
5399	-5.30389799172775
5400	15.7130630218298
5401	-5.30389799172775
5402	15.7130630218298
5403	-5.30389799172775
5404	15.7130630218298
5405	-5.30389799172775
5406	15.7130630218298
5407	-5.30389799172775
5408	15.7130630218298
5409	-5.30389799172775
5410	15.7130630218298
5411	-5.30389799172775
5412	15.7130630218298
5413	0
5414	0.898688630104047
5415	4.1366368189383
5416	-1.04624587286467
5417	7.30233435776292
5418	-5.30389799172775
5419	15.7130630218298
5420	-5.30389799172775
5421	15.7130630218298
5422	-5.30389799172775
5423	15.7130630218298
5424	-5.30389799172775
5425	15.7130630218298
5426	-5.30389799172775
5427	15.7130630218298
5428	-5.30389799172775
5429	15.7130630218298
5430	-5.30389799172775
5431	15.7130630218298
5432	-5.30389799172775
5433	15.7130630218298
5434	-5.30389799172775
5435	15.7130630218298
5436	-5.30389799172775
5437	15.7130630218298
5438	-5.30389799172775
5439	15.7130630218298
5440	-5.30389799172775
5441	15.7130630218298
5442	-5.30389799172775
5443	15.7130630218298
5444	-5.30389799172775
5445	15.7130630218298
5446	-5.30389799172775
5447	15.7130630218298
5448	-5.30389799172775
5449	15.7130630218298
5450	-5.30389799172775
5451	15.7130630218298
5452	-5.30389799172775
5453	15.7130630218298
5454	0
5455	0.883173661508165
5456	4.14372873659412
5457	-1.07558471898283
5458	7.33167641949688
5459	-5.30389799172775
5460	15.7130630218298
5461	-5.30389799172775
5462	15.7130630218298
5463	-5.30389799172775
5464	15.7130630218298
5465	-5.30389799172775
5466	15.7130630218298
5467	-5.30389799172775
5468	15.7130630218298
5469	-5.30389799172775
5470	15.7130630218298
5471	-5.30389799172775
5472	15.7130630218298
5473	-5.30389799172775
5474	15.7130630218298
5475	-5.30389799172775
5476	15.7130630218298
5477	-5.30389799172775
5478	15.7130630218298
5479	-5.30389799172775
5480	15.7130630218298
5481	-5.30389799172775
5482	15.7130630218298
5483	-5.30389799172775
5484	15.7130630218298
5485	-5.30389799172775
5486	15.7130630218298
5487	-5.30389799172775
5488	15.7130630218298
5489	-5.30389799172775
5490	15.7130630218298
5491	-5.30389799172775
5492	15.7130630218298
5493	-5.30389799172775
5494	15.7130630218298
5495	0
5496	0.800133974696212
5497	4.18168631397469
5498	-1.23261298352753
5499	7.48872189475823
5500	-5.30389799172775
5501	15.7130630218298
5502	-5.30389799172775
5503	15.7130630218298
5504	-5.30389799172775
5505	15.7130630218298
5506	-5.30389799172775
5507	15.7130630218298
5508	-5.30389799172775
5509	15.7130630218298
5510	-5.30389799172775
5511	15.7130630218298
5512	-5.30389799172775
5513	15.7130630218298
5514	-5.30389799172775
5515	15.7130630218298
5516	-5.30389799172775
5517	15.7130630218298
5518	-5.30389799172775
5519	15.7130630218298
5520	-5.30389799172775
5521	15.7130630218298
5522	-5.30389799172775
5523	15.7130630218298
5524	-5.30389799172775
5525	15.7130630218298
5526	-5.30389799172775
5527	15.7130630218298
5528	-5.30389799172775
5529	15.7130630218298
5530	-5.30389799172775
5531	15.7130630218298
5532	-5.30389799172775
5533	15.7130630218298
5534	-5.30389799172775
5535	15.7130630218298
5536	0
5537	0.616088496965179
5538	4.26581380446414
5539	-1.58064346238578
5540	7.8367905186853
5541	-5.30389799172775
5542	15.7130630218298
5543	-5.30389799172775
5544	15.7130630218298
5545	-5.30389799172775
5546	15.7130630218298
5547	-5.30389799172775
5548	15.7130630218298
5549	-5.30389799172775
5550	15.7130630218298
5551	-5.30389799172775
5552	15.7130630218298
5553	-5.30389799172775
5554	15.7130630218298
5555	-5.30389799172775
5556	15.7130630218298
5557	-5.30389799172775
5558	15.7130630218298
5559	-5.30389799172775
5560	15.7130630218298
5561	-5.30389799172775
5562	15.7130630218298
5563	-5.30389799172775
5564	15.7130630218298
5565	-5.30389799172775
5566	15.7130630218298
5567	-5.30389799172775
5568	15.7130630218298
5569	-5.30389799172775
5570	15.7130630218298
5571	-5.30389799172775
5572	15.7130630218298
5573	-5.30389799172775
5574	15.7130630218298
5575	-5.30389799172775
5576	15.7130630218298
5577	0
5578	0.561666922542769
5579	4.29068999561584
5580	-1.68355480169144
5581	7.93971313734826
5582	-5.30389799172775
5583	15.7130630218298
5584	-5.30389799172775
5585	15.7130630218298
5586	-5.30389799172775
5587	15.7130630218298
5588	-5.30389799172775
5589	15.7130630218298
5590	-5.30389799172775
5591	15.7130630218298
5592	-5.30389799172775
5593	15.7130630218298
5594	-5.30389799172775
5595	15.7130630218298
5596	-5.30389799172775
5597	15.7130630218298
5598	-5.30389799172775
5599	15.7130630218298
5600	-5.30389799172775
5601	15.7130630218298
5602	-5.30389799172775
5603	15.7130630218298
5604	-5.30389799172775
5605	15.7130630218298
5606	-5.30389799172775
5607	15.7130630218298
5608	-5.30389799172775
5609	15.7130630218298
5610	-5.30389799172775
5611	15.7130630218298
5612	-5.30389799172775
5613	15.7130630218298
5614	-5.30389799172775
5615	15.7130630218298
5616	-5.30389799172775
5617	15.7130630218298
5618	0
5619	0.488303522772623
5620	4.32422452627927
5621	-1.82228518217917
5622	8.07845872305575
5623	-5.30389799172775
5624	15.7130630218298
5625	-5.30389799172775
5626	15.7130630218298
5627	-5.30389799172775
5628	15.7130630218298
5629	-5.30389799172775
5630	15.7130630218298
5631	-5.30389799172775
5632	15.7130630218298
5633	-5.30389799172775
5634	15.7130630218298
5635	-5.30389799172775
5636	15.7130630218298
5637	-5.30389799172775
5638	15.7130630218298
5639	-5.30389799172775
5640	15.7130630218298
5641	-5.30389799172775
5642	15.7130630218298
5643	-5.30389799172775
5644	15.7130630218298
5645	-5.30389799172775
5646	15.7130630218298
5647	-5.30389799172775
5648	15.7130630218298
5649	-5.30389799172775
5650	15.7130630218298
5651	-5.30389799172775
5652	15.7130630218298
5653	-5.30389799172775
5654	15.7130630218298
5655	-5.30389799172775
5656	15.7130630218298
5657	-5.30389799172775
5658	15.7130630218298
5659	0
5660	0.251975445349457
5661	4.43225047905418
5662	-2.26918219354413
5663	8.52540471552521
5664	-5.30389799172775
5665	15.7130630218298
5666	-5.30389799172775
5667	15.7130630218298
5668	-5.30389799172775
5669	15.7130630218298
5670	-5.30389799172775
5671	15.7130630218298
5672	-5.30389799172775
5673	15.7130630218298
5674	-5.30389799172775
5675	15.7130630218298
5676	-5.30389799172775
5677	15.7130630218298
5678	-5.30389799172775
5679	15.7130630218298
5680	-5.30389799172775
5681	15.7130630218298
5682	-5.30389799172775
5683	15.7130630218298
5684	-5.30389799172775
5685	15.7130630218298
5686	-5.30389799172775
5687	15.7130630218298
5688	-5.30389799172775
5689	15.7130630218298
5690	-5.30389799172775
5691	15.7130630218298
5692	-5.30389799172775
5693	15.7130630218298
5694	-5.30389799172775
5695	15.7130630218298
5696	-5.30389799172775
5697	15.7130630218298
5698	-5.30389799172775
5699	15.7130630218298
5700	0
5701	0.243973747236288
5702	4.43590806841858
5703	-2.28431342556535
5704	8.54053760596983
5705	-5.30389799172775
5706	15.7130630218298
5707	-5.30389799172775
5708	15.7130630218298
5709	-5.30389799172775
5710	15.7130630218298
5711	-5.30389799172775
5712	15.7130630218298
5713	-5.30389799172775
5714	15.7130630218298
5715	-5.30389799172775
5716	15.7130630218298
5717	-5.30389799172775
5718	15.7130630218298
5719	-5.30389799172775
5720	15.7130630218298
5721	-5.30389799172775
5722	15.7130630218298
5723	-5.30389799172775
5724	15.7130630218298
5725	-5.30389799172775
5726	15.7130630218298
5727	-5.30389799172775
5728	15.7130630218298
5729	-5.30389799172775
5730	15.7130630218298
5731	-5.30389799172775
5732	15.7130630218298
5733	-5.30389799172775
5734	15.7130630218298
5735	-5.30389799172775
5736	15.7130630218298
5737	-5.30389799172775
5738	15.7130630218298
5739	-5.30389799172775
5740	15.7130630218298
5741	0
5742	0.234067951241446
5743	4.44043602405552
5744	-2.30304531165165
5745	8.55927154512081
5746	-5.30389799172775
5747	15.7130630218298
5748	-5.30389799172775
5749	15.7130630218298
5750	-5.30389799172775
5751	15.7130630218298
5752	-5.30389799172775
5753	15.7130630218298
5754	-5.30389799172775
5755	15.7130630218298
5756	-5.30389799172775
5757	15.7130630218298
5758	-5.30389799172775
5759	15.7130630218298
5760	-5.30389799172775
5761	15.7130630218298
5762	-5.30389799172775
5763	15.7130630218298
5764	-5.30389799172775
5765	15.7130630218298
5766	-5.30389799172775
5767	15.7130630218298
5768	-5.30389799172775
5769	15.7130630218298
5770	-5.30389799172775
5771	15.7130630218298
5772	-5.30389799172775
5773	15.7130630218298
5774	-5.30389799172775
5775	15.7130630218298
5776	-5.30389799172775
5777	15.7130630218298
5778	-5.30389799172775
5779	15.7130630218298
5780	-5.30389799172775
5781	15.7130630218298
5782	0
5783	0.194854160559443
5784	4.45836071225393
5785	-2.37719869220279
5786	8.63343305308025
5787	-5.30389799172775
5788	15.7130630218298
5789	-5.30389799172775
5790	15.7130630218298
5791	-5.30389799172775
5792	15.7130630218298
5793	-5.30389799172775
5794	15.7130630218298
5795	-5.30389799172775
5796	15.7130630218298
5797	-5.30389799172775
5798	15.7130630218298
5799	-5.30389799172775
5800	15.7130630218298
5801	-5.30389799172775
5802	15.7130630218298
5803	-5.30389799172775
5804	15.7130630218298
5805	-5.30389799172775
5806	15.7130630218298
5807	-5.30389799172775
5808	15.7130630218298
5809	-5.30389799172775
5810	15.7130630218298
5811	-5.30389799172775
5812	15.7130630218298
5813	-5.30389799172775
5814	15.7130630218298
5815	-5.30389799172775
5816	15.7130630218298
5817	-5.30389799172775
5818	15.7130630218298
5819	-5.30389799172775
5820	15.7130630218298
5821	-5.30389799172775
5822	15.7130630218298
5823	0
5824	0.168477949455185
5825	4.47041732171903
5826	-2.42707617625864
5827	8.6833160038414
5828	-5.30389799172775
5829	15.7130630218298
5830	-5.30389799172775
5831	15.7130630218298
5832	-5.30389799172775
5833	15.7130630218298
5834	-5.30389799172775
5835	15.7130630218298
5836	-5.30389799172775
5837	15.7130630218298
5838	-5.30389799172775
5839	15.7130630218298
5840	-5.30389799172775
5841	15.7130630218298
5842	-5.30389799172775
5843	15.7130630218298
5844	-5.30389799172775
5845	15.7130630218298
5846	-5.30389799172775
5847	15.7130630218298
5848	-5.30389799172775
5849	15.7130630218298
5850	-5.30389799172775
5851	15.7130630218298
5852	-5.30389799172775
5853	15.7130630218298
5854	-5.30389799172775
5855	15.7130630218298
5856	-5.30389799172775
5857	15.7130630218298
5858	-5.30389799172775
5859	15.7130630218298
5860	-5.30389799172775
5861	15.7130630218298
5862	-5.30389799172775
5863	15.7130630218298
5864	0
5865	0.0901832100418968
5866	4.50620597584175
5867	-2.5751317328853
5868	8.831387787752
5869	-5.30389799172775
5870	15.7130630218298
5871	-5.30389799172775
5872	15.7130630218298
5873	-5.30389799172775
5874	15.7130630218298
5875	-5.30389799172775
5876	15.7130630218298
5877	-5.30389799172775
5878	15.7130630218298
5879	-5.30389799172775
5880	15.7130630218298
5881	-5.30389799172775
5882	15.7130630218298
5883	-5.30389799172775
5884	15.7130630218298
5885	-5.30389799172775
5886	15.7130630218298
5887	-5.30389799172775
5888	15.7130630218298
5889	-5.30389799172775
5890	15.7130630218298
5891	-5.30389799172775
5892	15.7130630218298
5893	-5.30389799172775
5894	15.7130630218298
5895	-5.30389799172775
5896	15.7130630218298
5897	-5.30389799172775
5898	15.7130630218298
5899	-5.30389799172775
5900	15.7130630218298
5901	-5.30389799172775
5902	15.7130630218298
5903	-5.30389799172775
5904	15.7130630218298
5905	0
5906	0.0899904355670693
5907	4.50629409337116
5908	-2.57549626992046
5909	8.83175236474138
5910	-5.30389799172775
5911	15.7130630218298
5912	-5.30389799172775
5913	15.7130630218298
5914	-5.30389799172775
5915	15.7130630218298
5916	-5.30389799172775
5917	15.7130630218298
5918	-5.30389799172775
5919	15.7130630218298
5920	-5.30389799172775
5921	15.7130630218298
5922	-5.30389799172775
5923	15.7130630218298
5924	-5.30389799172775
5925	15.7130630218298
5926	-5.30389799172775
5927	15.7130630218298
5928	-5.30389799172775
5929	15.7130630218298
5930	-5.30389799172775
5931	15.7130630218298
5932	-5.30389799172775
5933	15.7130630218298
5934	-5.30389799172775
5935	15.7130630218298
5936	-5.30389799172775
5937	15.7130630218298
5938	-5.30389799172775
5939	15.7130630218298
5940	-5.30389799172775
5941	15.7130630218298
5942	-5.30389799172775
5943	15.7130630218298
5944	-5.30389799172775
5945	15.7130630218298
5946	0
5947	0.0800572016667813
5948	4.5108345909198
5949	-2.59428004115759
5950	8.85053819472995
5951	-5.30389799172775
5952	15.7130630218298
5953	-5.30389799172775
5954	15.7130630218298
5955	-5.30389799172775
5956	15.7130630218298
5957	-5.30389799172775
5958	15.7130630218298
5959	-5.30389799172775
5960	15.7130630218298
5961	-5.30389799172775
5962	15.7130630218298
5963	-5.30389799172775
5964	15.7130630218298
5965	-5.30389799172775
5966	15.7130630218298
5967	-5.30389799172775
5968	15.7130630218298
5969	-5.30389799172775
5970	15.7130630218298
5971	-5.30389799172775
5972	15.7130630218298
5973	-5.30389799172775
5974	15.7130630218298
5975	-5.30389799172775
5976	15.7130630218298
5977	-5.30389799172775
5978	15.7130630218298
5979	-5.30389799172775
5980	15.7130630218298
5981	-5.30389799172775
5982	15.7130630218298
5983	-5.30389799172775
5984	15.7130630218298
5985	-5.30389799172775
5986	15.7130630218298
5987	0
5988	0.0182338527998958
5989	4.53909414534051
5990	-2.71118815526082
5991	8.96745912227432
5992	-5.30389799172775
5993	15.7130630218298
5994	-5.30389799172775
5995	15.7130630218298
5996	-5.30389799172775
5997	15.7130630218298
5998	-5.30389799172775
5999	15.7130630218298
6000	-5.30389799172775
6001	15.7130630218298
6002	-5.30389799172775
6003	15.7130630218298
6004	-5.30389799172775
6005	15.7130630218298
6006	-5.30389799172775
6007	15.7130630218298
6008	-5.30389799172775
6009	15.7130630218298
6010	-5.30389799172775
6011	15.7130630218298
6012	-5.30389799172775
6013	15.7130630218298
6014	-5.30389799172775
6015	15.7130630218298
6016	-5.30389799172775
6017	15.7130630218298
6018	-5.30389799172775
6019	15.7130630218298
6020	-5.30389799172775
6021	15.7130630218298
6022	-5.30389799172775
6023	15.7130630218298
6024	-5.30389799172775
6025	15.7130630218298
6026	-5.30389799172775
6027	15.7130630218298
6028	0
6029	-0.0136740824054489
6030	4.55367931498781
6031	-2.77152614403294
6032	9.02780372425096
6033	-5.30389799172775
6034	15.7130630218298
6035	-5.30389799172775
6036	15.7130630218298
6037	-5.30389799172775
6038	15.7130630218298
6039	-5.30389799172775
6040	15.7130630218298
6041	-5.30389799172775
6042	15.7130630218298
6043	-5.30389799172775
6044	15.7130630218298
6045	-5.30389799172775
6046	15.7130630218298
6047	-5.30389799172775
6048	15.7130630218298
6049	-5.30389799172775
6050	15.7130630218298
6051	-5.30389799172775
6052	15.7130630218298
6053	-5.30389799172775
6054	15.7130630218298
6055	-5.30389799172775
6056	15.7130630218298
6057	-5.30389799172775
6058	15.7130630218298
6059	-5.30389799172775
6060	15.7130630218298
6061	-5.30389799172775
6062	15.7130630218298
6063	-5.30389799172775
6064	15.7130630218298
6065	-5.30389799172775
6066	15.7130630218298
6067	-5.30389799172775
6068	15.7130630218298
6069	0
6070	-0.020372438120002
6071	4.55674114439877
6072	-2.78419275217587
6073	9.04047172068794
6074	-5.30389799172775
6075	15.7130630218298
6076	-5.30389799172775
6077	15.7130630218298
6078	-5.30389799172775
6079	15.7130630218298
6080	-5.30389799172775
6081	15.7130630218298
6082	-5.30389799172775
6083	15.7130630218298
6084	-5.30389799172775
6085	15.7130630218298
6086	-5.30389799172775
6087	15.7130630218298
6088	-5.30389799172775
6089	15.7130630218298
6090	-5.30389799172775
6091	15.7130630218298
6092	-5.30389799172775
6093	15.7130630218298
6094	-5.30389799172775
6095	15.7130630218298
6096	-5.30389799172775
6097	15.7130630218298
6098	-5.30389799172775
6099	15.7130630218298
6100	-5.30389799172775
6101	15.7130630218298
6102	-5.30389799172775
6103	15.7130630218298
6104	-5.30389799172775
6105	15.7130630218298
6106	-5.30389799172775
6107	15.7130630218298
6108	-5.30389799172775
6109	15.7130630218298
6110	0
6111	-0.133011479056718
6112	4.6082286352188
6113	-2.99719347264253
6114	9.25349578660171
6115	-5.30389799172775
6116	15.7130630218298
6117	-5.30389799172775
6118	15.7130630218298
6119	-5.30389799172775
6120	15.7130630218298
6121	-5.30389799172775
6122	15.7130630218298
6123	-5.30389799172775
6124	15.7130630218298
6125	-5.30389799172775
6126	15.7130630218298
6127	-5.30389799172775
6128	15.7130630218298
6129	-5.30389799172775
6130	15.7130630218298
6131	-5.30389799172775
6132	15.7130630218298
6133	-5.30389799172775
6134	15.7130630218298
6135	-5.30389799172775
6136	15.7130630218298
6137	-5.30389799172775
6138	15.7130630218298
6139	-5.30389799172775
6140	15.7130630218298
6141	-5.30389799172775
6142	15.7130630218298
6143	-5.30389799172775
6144	15.7130630218298
6145	-5.30389799172775
6146	15.7130630218298
6147	-5.30389799172775
6148	15.7130630218298
6149	-5.30389799172775
6150	15.7130630218298
6151	0
6152	-0.205229985095958
6153	4.64123983307533
6154	-3.13375885609626
6155	9.39007613798575
6156	-5.30389799172775
6157	15.7130630218298
6158	-5.30389799172775
6159	15.7130630218298
6160	-5.30389799172775
6161	15.7130630218298
6162	-5.30389799172775
6163	15.7130630218298
6164	-5.30389799172775
6165	15.7130630218298
6166	-5.30389799172775
6167	15.7130630218298
6168	-5.30389799172775
6169	15.7130630218298
6170	-5.30389799172775
6171	15.7130630218298
6172	-5.30389799172775
6173	15.7130630218298
6174	-5.30389799172775
6175	15.7130630218298
6176	-5.30389799172775
6177	15.7130630218298
6178	-5.30389799172775
6179	15.7130630218298
6180	-5.30389799172775
6181	15.7130630218298
6182	-5.30389799172775
6183	15.7130630218298
6184	-5.30389799172775
6185	15.7130630218298
6186	-5.30389799172775
6187	15.7130630218298
6188	-5.30389799172775
6189	15.7130630218298
6190	-5.30389799172775
6191	15.7130630218298
6192	0
6193	-0.309615575412589
6194	4.6889546580461
6195	-3.33115227989388
6196	9.58749119662916
6197	-5.30389799172775
6198	15.7130630218298
6199	-5.30389799172775
6200	15.7130630218298
6201	-5.30389799172775
6202	15.7130630218298
6203	-5.30389799172775
6204	15.7130630218298
6205	-5.30389799172775
6206	15.7130630218298
6207	-5.30389799172775
6208	15.7130630218298
6209	-5.30389799172775
6210	15.7130630218298
6211	-5.30389799172775
6212	15.7130630218298
6213	-5.30389799172775
6214	15.7130630218298
6215	-5.30389799172775
6216	15.7130630218298
6217	-5.30389799172775
6218	15.7130630218298
6219	-5.30389799172775
6220	15.7130630218298
6221	-5.30389799172775
6222	15.7130630218298
6223	-5.30389799172775
6224	15.7130630218298
6225	-5.30389799172775
6226	15.7130630218298
6227	-5.30389799172775
6228	15.7130630218298
6229	-5.30389799172775
6230	15.7130630218298
6231	-5.30389799172775
6232	15.7130630218298
6233	0
6234	-0.338738862428967
6235	4.70226696042754
6236	-3.38622449167106
6237	9.64256944446765
6238	-5.30389799172775
6239	15.7130630218298
6240	-5.30389799172775
6241	15.7130630218298
6242	-5.30389799172775
6243	15.7130630218298
6244	-5.30389799172775
6245	15.7130630218298
6246	-5.30389799172775
6247	15.7130630218298
6248	-5.30389799172775
6249	15.7130630218298
6250	-5.30389799172775
6251	15.7130630218298
6252	-5.30389799172775
6253	15.7130630218298
6254	-5.30389799172775
6255	15.7130630218298
6256	-5.30389799172775
6257	15.7130630218298
6258	-5.30389799172775
6259	15.7130630218298
6260	-5.30389799172775
6261	15.7130630218298
6262	-5.30389799172775
6263	15.7130630218298
6264	-5.30389799172775
6265	15.7130630218298
6266	-5.30389799172775
6267	15.7130630218298
6268	-5.30389799172775
6269	15.7130630218298
6270	-5.30389799172775
6271	15.7130630218298
6272	-5.30389799172775
6273	15.7130630218298
6274	0
6275	-0.351794386346384
6276	4.70823466187687
6277	-3.41091252148163
6278	9.66726018015214
6279	-5.30389799172775
6280	15.7130630218298
6281	-5.30389799172775
6282	15.7130630218298
6283	-5.30389799172775
6284	15.7130630218298
6285	-5.30389799172775
6286	15.7130630218298
6287	-5.30389799172775
6288	15.7130630218298
6289	-5.30389799172775
6290	15.7130630218298
6291	-5.30389799172775
6292	15.7130630218298
6293	-5.30389799172775
6294	15.7130630218298
6295	-5.30389799172775
6296	15.7130630218298
6297	-5.30389799172775
6298	15.7130630218298
6299	-5.30389799172775
6300	15.7130630218298
6301	-5.30389799172775
6302	15.7130630218298
6303	-5.30389799172775
6304	15.7130630218298
6305	-5.30389799172775
6306	15.7130630218298
6307	-5.30389799172775
6308	15.7130630218298
6309	-5.30389799172775
6310	15.7130630218298
6311	-5.30389799172775
6312	15.7130630218298
6313	-5.30389799172775
6314	15.7130630218298
6315	0
6316	-0.457271595376859
6317	4.75644846755664
6318	-3.61037019911691
6319	9.86673971888093
6320	-5.30389799172775
6321	15.7130630218298
6322	-5.30389799172775
6323	15.7130630218298
6324	-5.30389799172775
6325	15.7130630218298
6326	-5.30389799172775
6327	15.7130630218298
6328	-5.30389799172775
6329	15.7130630218298
6330	-5.30389799172775
6331	15.7130630218298
6332	-5.30389799172775
6333	15.7130630218298
6334	-5.30389799172775
6335	15.7130630218298
6336	-5.30389799172775
6337	15.7130630218298
6338	-5.30389799172775
6339	15.7130630218298
6340	-5.30389799172775
6341	15.7130630218298
6342	-5.30389799172775
6343	15.7130630218298
6344	-5.30389799172775
6345	15.7130630218298
6346	-5.30389799172775
6347	15.7130630218298
6348	-5.30389799172775
6349	15.7130630218298
6350	-5.30389799172775
6351	15.7130630218298
6352	-5.30389799172775
6353	15.7130630218298
6354	-5.30389799172775
6355	15.7130630218298
6356	0
6357	-0.502645731424187
6358	4.77718905975075
6359	-3.69617280883607
6360	9.95255173279497
6361	-5.30389799172775
6362	15.7130630218298
6363	-5.30389799172775
6364	15.7130630218298
6365	-5.30389799172775
6366	15.7130630218298
6367	-5.30389799172775
6368	15.7130630218298
6369	-5.30389799172775
6370	15.7130630218298
6371	-5.30389799172775
6372	15.7130630218298
6373	-5.30389799172775
6374	15.7130630218298
6375	-5.30389799172775
6376	15.7130630218298
6377	-5.30389799172775
6378	15.7130630218298
6379	-5.30389799172775
6380	15.7130630218298
6381	-5.30389799172775
6382	15.7130630218298
6383	-5.30389799172775
6384	15.7130630218298
6385	-5.30389799172775
6386	15.7130630218298
6387	-5.30389799172775
6388	15.7130630218298
6389	-5.30389799172775
6390	15.7130630218298
6391	-5.30389799172775
6392	15.7130630218298
6393	-5.30389799172775
6394	15.7130630218298
6395	-5.30389799172775
6396	15.7130630218298
6397	0
6398	-0.598762952320674
6399	4.82112439946422
6400	-3.8779307244748
6401	10.1343295695861
6402	-5.30389799172775
6403	15.7130630218298
6404	-5.30389799172775
6405	15.7130630218298
6406	-5.30389799172775
6407	15.7130630218298
6408	-5.30389799172775
6409	15.7130630218298
6410	-5.30389799172775
6411	15.7130630218298
6412	-5.30389799172775
6413	15.7130630218298
6414	-5.30389799172775
6415	15.7130630218298
6416	-5.30389799172775
6417	15.7130630218298
6418	-5.30389799172775
6419	15.7130630218298
6420	-5.30389799172775
6421	15.7130630218298
6422	-5.30389799172775
6423	15.7130630218298
6424	-5.30389799172775
6425	15.7130630218298
6426	-5.30389799172775
6427	15.7130630218298
6428	-5.30389799172775
6429	15.7130630218298
6430	-5.30389799172775
6431	15.7130630218298
6432	-5.30389799172775
6433	15.7130630218298
6434	-5.30389799172775
6435	15.7130630218298
6436	-5.30389799172775
6437	15.7130630218298
6438	0
6439	-0.600363207565016
6440	4.82185587876765
6441	-3.88095681131948
6442	10.137355988098
6443	-5.30389799172775
6444	15.7130630218298
6445	-5.30389799172775
6446	15.7130630218298
6447	-5.30389799172775
6448	15.7130630218298
6449	-5.30389799172775
6450	15.7130630218298
6451	-5.30389799172775
6452	15.7130630218298
6453	-5.30389799172775
6454	15.7130630218298
6455	-5.30389799172775
6456	15.7130630218298
6457	-5.30389799172775
6458	15.7130630218298
6459	-5.30389799172775
6460	15.7130630218298
6461	-5.30389799172775
6462	15.7130630218298
6463	-5.30389799172775
6464	15.7130630218298
6465	-5.30389799172775
6466	15.7130630218298
6467	-5.30389799172775
6468	15.7130630218298
6469	-5.30389799172775
6470	15.7130630218298
6471	-5.30389799172775
6472	15.7130630218298
6473	-5.30389799172775
6474	15.7130630218298
6475	-5.30389799172775
6476	15.7130630218298
6477	-5.30389799172775
6478	15.7130630218298
6479	0
6480	-0.619247386382074
6481	4.83048786795542
6482	-3.91666684276155
6483	10.1730699334547
6484	-5.30389799172775
6485	15.7130630218298
6486	-5.30389799172775
6487	15.7130630218298
6488	-5.30389799172775
6489	15.7130630218298
6490	-5.30389799172775
6491	15.7130630218298
6492	-5.30389799172775
6493	15.7130630218298
6494	-5.30389799172775
6495	15.7130630218298
6496	-5.30389799172775
6497	15.7130630218298
6498	-5.30389799172775
6499	15.7130630218298
6500	-5.30389799172775
6501	15.7130630218298
6502	-5.30389799172775
6503	15.7130630218298
6504	-5.30389799172775
6505	15.7130630218298
6506	-5.30389799172775
6507	15.7130630218298
6508	-5.30389799172775
6509	15.7130630218298
6510	-5.30389799172775
6511	15.7130630218298
6512	-5.30389799172775
6513	15.7130630218298
6514	-5.30389799172775
6515	15.7130630218298
6516	-5.30389799172775
6517	15.7130630218298
6518	-5.30389799172775
6519	15.7130630218298
6520	0
6521	-0.633000829479772
6522	4.83677458940962
6523	-3.94267463956401
6524	10.1990805807811
6525	-5.30389799172775
6526	15.7130630218298
6527	-5.30389799172775
6528	15.7130630218298
6529	-5.30389799172775
6530	15.7130630218298
6531	-5.30389799172775
6532	15.7130630218298
6533	-5.30389799172775
6534	15.7130630218298
6535	-5.30389799172775
6536	15.7130630218298
6537	-5.30389799172775
6538	15.7130630218298
6539	-5.30389799172775
6540	15.7130630218298
6541	-5.30389799172775
6542	15.7130630218298
6543	-5.30389799172775
6544	15.7130630218298
6545	-5.30389799172775
6546	15.7130630218298
6547	-5.30389799172775
6548	15.7130630218298
6549	-5.30389799172775
6550	15.7130630218298
6551	-5.30389799172775
6552	15.7130630218298
6553	-5.30389799172775
6554	15.7130630218298
6555	-5.30389799172775
6556	15.7130630218298
6557	-5.30389799172775
6558	15.7130630218298
6559	-5.30389799172775
6560	15.7130630218298
6561	0
6562	-0.669837929043934
6563	4.85361288819016
6564	-4.01233369100672
6565	10.2687472670417
6566	-5.30389799172775
6567	15.7130630218298
6568	-5.30389799172775
6569	15.7130630218298
6570	-5.30389799172775
6571	15.7130630218298
6572	-5.30389799172775
6573	15.7130630218298
6574	-5.30389799172775
6575	15.7130630218298
6576	-5.30389799172775
6577	15.7130630218298
6578	-5.30389799172775
6579	15.7130630218298
6580	-5.30389799172775
6581	15.7130630218298
6582	-5.30389799172775
6583	15.7130630218298
6584	-5.30389799172775
6585	15.7130630218298
6586	-5.30389799172775
6587	15.7130630218298
6588	-5.30389799172775
6589	15.7130630218298
6590	-5.30389799172775
6591	15.7130630218298
6592	-5.30389799172775
6593	15.7130630218298
6594	-5.30389799172775
6595	15.7130630218298
6596	-5.30389799172775
6597	15.7130630218298
6598	-5.30389799172775
6599	15.7130630218298
6600	-5.30389799172775
6601	15.7130630218298
6602	0
6603	-0.670884336552621
6604	4.85409120278295
6605	-4.0143124503374
6606	10.2707262432496
6607	-5.30389799172775
6608	15.7130630218298
6609	-5.30389799172775
6610	15.7130630218298
6611	-5.30389799172775
6612	15.7130630218298
6613	-5.30389799172775
6614	15.7130630218298
6615	-5.30389799172775
6616	15.7130630218298
6617	-5.30389799172775
6618	15.7130630218298
6619	-5.30389799172775
6620	15.7130630218298
6621	-5.30389799172775
6622	15.7130630218298
6623	-5.30389799172775
6624	15.7130630218298
6625	-5.30389799172775
6626	15.7130630218298
6627	-5.30389799172775
6628	15.7130630218298
6629	-5.30389799172775
6630	15.7130630218298
6631	-5.30389799172775
6632	15.7130630218298
6633	-5.30389799172775
6634	15.7130630218298
6635	-5.30389799172775
6636	15.7130630218298
6637	-5.30389799172775
6638	15.7130630218298
6639	-5.30389799172775
6640	15.7130630218298
6641	-5.30389799172775
6642	15.7130630218298
6643	0
6644	-0.753433208007995
6645	4.891824427657
6646	-4.17041258176148
6647	10.4268434836645
6648	-5.30389799172775
6649	15.7130630218298
6650	-5.30389799172775
6651	15.7130630218298
6652	-5.30389799172775
6653	15.7130630218298
6654	-5.30389799172775
6655	15.7130630218298
6656	-5.30389799172775
6657	15.7130630218298
6658	-5.30389799172775
6659	15.7130630218298
6660	-5.30389799172775
6661	15.7130630218298
6662	-5.30389799172775
6663	15.7130630218298
6664	-5.30389799172775
6665	15.7130630218298
6666	-5.30389799172775
6667	15.7130630218298
6668	-5.30389799172775
6669	15.7130630218298
6670	-5.30389799172775
6671	15.7130630218298
6672	-5.30389799172775
6673	15.7130630218298
6674	-5.30389799172775
6675	15.7130630218298
6676	-5.30389799172775
6677	15.7130630218298
6678	-5.30389799172775
6679	15.7130630218298
6680	-5.30389799172775
6681	15.7130630218298
6682	-5.30389799172775
6683	15.7130630218298
6684	0
6685	-0.81619338331365
6686	4.92051220698325
6687	-4.2890922371061
6688	10.5455361466159
6689	-5.30389799172775
6690	15.7130630218298
6691	-5.30389799172775
6692	15.7130630218298
6693	-5.30389799172775
6694	15.7130630218298
6695	-5.30389799172775
6696	15.7130630218298
6697	-5.30389799172775
6698	15.7130630218298
6699	-5.30389799172775
6700	15.7130630218298
6701	-5.30389799172775
6702	15.7130630218298
6703	-5.30389799172775
6704	15.7130630218298
6705	-5.30389799172775
6706	15.7130630218298
6707	-5.30389799172775
6708	15.7130630218298
6709	-5.30389799172775
6710	15.7130630218298
6711	-5.30389799172775
6712	15.7130630218298
6713	-5.30389799172775
6714	15.7130630218298
6715	-5.30389799172775
6716	15.7130630218298
6717	-5.30389799172775
6718	15.7130630218298
6719	-5.30389799172775
6720	15.7130630218298
6721	-5.30389799172775
6722	15.7130630218298
6723	-5.30389799172775
6724	15.7130630218298
6725	0
6726	-0.855633068445986
6727	4.93854015190633
6728	-5.30389799172775
6729	10.6201248683893
6730	-5.30389799172775
6731	15.7130630218298
6732	-5.30389799172775
6733	15.7130630218298
6734	-5.30389799172775
6735	15.7130630218298
6736	-5.30389799172775
6737	15.7130630218298
6738	-5.30389799172775
6739	15.7130630218298
6740	-5.30389799172775
6741	15.7130630218298
6742	-5.30389799172775
6743	15.7130630218298
6744	-5.30389799172775
6745	15.7130630218298
6746	-5.30389799172775
6747	15.7130630218298
6748	-5.30389799172775
6749	15.7130630218298
6750	-5.30389799172775
6751	15.7130630218298
6752	-5.30389799172775
6753	15.7130630218298
6754	-5.30389799172775
6755	15.7130630218298
6756	-5.30389799172775
6757	15.7130630218298
6758	-5.30389799172775
6759	15.7130630218298
6760	-5.30389799172775
6761	15.7130630218298
6762	-5.30389799172775
6763	15.7130630218298
6764	-5.30389799172775
6765	15.7130630218298
6766	0
6767	-1.02991266554712
6768	5.01820364230222
6769	-5.30389799172775
6770	10.9497241624845
6771	-5.30389799172775
6772	15.7130630218298
6773	-5.30389799172775
6774	15.7130630218298
6775	-5.30389799172775
6776	15.7130630218298
6777	-5.30389799172775
6778	15.7130630218298
6779	-5.30389799172775
6780	15.7130630218298
6781	-5.30389799172775
6782	15.7130630218298
6783	-5.30389799172775
6784	15.7130630218298
6785	-5.30389799172775
6786	15.7130630218298
6787	-5.30389799172775
6788	15.7130630218298
6789	-5.30389799172775
6790	15.7130630218298
6791	-5.30389799172775
6792	15.7130630218298
6793	-5.30389799172775
6794	15.7130630218298
6795	-5.30389799172775
6796	15.7130630218298
6797	-5.30389799172775
6798	15.7130630218298
6799	-5.30389799172775
6800	15.7130630218298
6801	-5.30389799172775
6802	15.7130630218298
6803	-5.30389799172775
6804	15.7130630218298
6805	-5.30389799172775
6806	15.7130630218298
6807	0
6808	-1.15940136012387
6809	5.07739313750632
6810	-5.30389799172775
6811	11.1946144596604
6812	-5.30389799172775
6813	15.7130630218298
6814	-5.30389799172775
6815	15.7130630218298
6816	-5.30389799172775
6817	15.7130630218298
6818	-5.30389799172775
6819	15.7130630218298
6820	-5.30389799172775
6821	15.7130630218298
6822	-5.30389799172775
6823	15.7130630218298
6824	-5.30389799172775
6825	15.7130630218298
6826	-5.30389799172775
6827	15.7130630218298
6828	-5.30389799172775
6829	15.7130630218298
6830	-5.30389799172775
6831	15.7130630218298
6832	-5.30389799172775
6833	15.7130630218298
6834	-5.30389799172775
6835	15.7130630218298
6836	-5.30389799172775
6837	15.7130630218298
6838	-5.30389799172775
6839	15.7130630218298
6840	-5.30389799172775
6841	15.7130630218298
6842	-5.30389799172775
6843	15.7130630218298
6844	-5.30389799172775
6845	15.7130630218298
6846	-5.30389799172775
6847	15.7130630218298
6848	0
6849	-1.24199591853434
6850	5.11514724596266
6851	-5.30389799172775
6852	11.3508181036957
6853	-5.30389799172775
6854	15.7130630218298
6855	-5.30389799172775
6856	15.7130630218298
6857	-5.30389799172775
6858	15.7130630218298
6859	-5.30389799172775
6860	15.7130630218298
6861	-5.30389799172775
6862	15.7130630218298
6863	-5.30389799172775
6864	15.7130630218298
6865	-5.30389799172775
6866	15.7130630218298
6867	-5.30389799172775
6868	15.7130630218298
6869	-5.30389799172775
6870	15.7130630218298
6871	-5.30389799172775
6872	15.7130630218298
6873	-5.30389799172775
6874	15.7130630218298
6875	-5.30389799172775
6876	15.7130630218298
6877	-5.30389799172775
6878	15.7130630218298
6879	-5.30389799172775
6880	15.7130630218298
6881	-5.30389799172775
6882	15.7130630218298
6883	-5.30389799172775
6884	15.7130630218298
6885	-5.30389799172775
6886	15.7130630218298
6887	-5.30389799172775
6888	15.7130630218298
6889	0
6890	-1.39707096860293
6891	5.1860323063327
6892	-5.30389799172775
6893	11.6440975689031
6894	-5.30389799172775
6895	15.7130630218298
6896	-5.30389799172775
6897	15.7130630218298
6898	-5.30389799172775
6899	15.7130630218298
6900	-5.30389799172775
6901	15.7130630218298
6902	-5.30389799172775
6903	15.7130630218298
6904	-5.30389799172775
6905	15.7130630218298
6906	-5.30389799172775
6907	15.7130630218298
6908	-5.30389799172775
6909	15.7130630218298
6910	-5.30389799172775
6911	15.7130630218298
6912	-5.30389799172775
6913	15.7130630218298
6914	-5.30389799172775
6915	15.7130630218298
6916	-5.30389799172775
6917	15.7130630218298
6918	-5.30389799172775
6919	15.7130630218298
6920	-5.30389799172775
6921	15.7130630218298
6922	-5.30389799172775
6923	15.7130630218298
6924	-5.30389799172775
6925	15.7130630218298
6926	-5.30389799172775
6927	15.7130630218298
6928	-5.30389799172775
6929	15.7130630218298
6930	0
6931	-1.41077904191215
6932	5.19229828918198
6933	-5.30389799172775
6934	11.6700224124377
6935	-5.30389799172775
6936	15.7130630218298
6937	-5.30389799172775
6938	15.7130630218298
6939	-5.30389799172775
6940	15.7130630218298
6941	-5.30389799172775
6942	15.7130630218298
6943	-5.30389799172775
6944	15.7130630218298
6945	-5.30389799172775
6946	15.7130630218298
6947	-5.30389799172775
6948	15.7130630218298
6949	-5.30389799172775
6950	15.7130630218298
6951	-5.30389799172775
6952	15.7130630218298
6953	-5.30389799172775
6954	15.7130630218298
6955	-5.30389799172775
6956	15.7130630218298
6957	-5.30389799172775
6958	15.7130630218298
6959	-5.30389799172775
6960	15.7130630218298
6961	-5.30389799172775
6962	15.7130630218298
6963	-5.30389799172775
6964	15.7130630218298
6965	-5.30389799172775
6966	15.7130630218298
6967	-5.30389799172775
6968	15.7130630218298
6969	-5.30389799172775
6970	15.7130630218298
6971	0
6972	-1.41216082021626
6973	5.19292990231679
6974	-5.30389799172775
6975	11.6726356452039
6976	-5.30389799172775
6977	15.7130630218298
6978	-5.30389799172775
6979	15.7130630218298
6980	-5.30389799172775
6981	15.7130630218298
6982	-5.30389799172775
6983	15.7130630218298
6984	-5.30389799172775
6985	15.7130630218298
6986	-5.30389799172775
6987	15.7130630218298
6988	-5.30389799172775
6989	15.7130630218298
6990	-5.30389799172775
6991	15.7130630218298
6992	-5.30389799172775
6993	15.7130630218298
6994	-5.30389799172775
6995	15.7130630218298
6996	-5.30389799172775
6997	15.7130630218298
6998	-5.30389799172775
6999	15.7130630218298
7000	-5.30389799172775
7001	15.7130630218298
7002	-5.30389799172775
7003	15.7130630218298
7004	-5.30389799172775
7005	15.7130630218298
7006	-5.30389799172775
7007	15.7130630218298
7008	-5.30389799172775
7009	15.7130630218298
7010	-5.30389799172775
7011	15.7130630218298
7012	0
7013	-1.61157330232701
7014	5.28408167577556
7015	-5.30389799172775
7016	12.049766499479
7017	-5.30389799172775
7018	15.7130630218298
7019	-5.30389799172775
7020	15.7130630218298
7021	-5.30389799172775
7022	15.7130630218298
7023	-5.30389799172775
7024	15.7130630218298
7025	-5.30389799172775
7026	15.7130630218298
7027	-5.30389799172775
7028	15.7130630218298
7029	-5.30389799172775
7030	15.7130630218298
7031	-5.30389799172775
7032	15.7130630218298
7033	-5.30389799172775
7034	15.7130630218298
7035	-5.30389799172775
7036	15.7130630218298
7037	-5.30389799172775
7038	15.7130630218298
7039	-5.30389799172775
7040	15.7130630218298
7041	-5.30389799172775
7042	15.7130630218298
7043	-5.30389799172775
7044	15.7130630218298
7045	-5.30389799172775
7046	15.7130630218298
7047	-5.30389799172775
7048	15.7130630218298
7049	-5.30389799172775
7050	15.7130630218298
7051	-5.30389799172775
7052	15.7130630218298
7053	0
7054	-1.67682895064477
7055	5.31391013991886
7056	-5.30389799172775
7057	12.1731786256201
7058	-5.30389799172775
7059	15.7130630218298
7060	-5.30389799172775
7061	15.7130630218298
7062	-5.30389799172775
7063	15.7130630218298
7064	-5.30389799172775
7065	15.7130630218298
7066	-5.30389799172775
7067	15.7130630218298
7068	-5.30389799172775
7069	15.7130630218298
7070	-5.30389799172775
7071	15.7130630218298
7072	-5.30389799172775
7073	15.7130630218298
7074	-5.30389799172775
7075	15.7130630218298
7076	-5.30389799172775
7077	15.7130630218298
7078	-5.30389799172775
7079	15.7130630218298
7080	-5.30389799172775
7081	15.7130630218298
7082	-5.30389799172775
7083	15.7130630218298
7084	-5.30389799172775
7085	15.7130630218298
7086	-5.30389799172775
7087	15.7130630218298
7088	-5.30389799172775
7089	15.7130630218298
7090	-5.30389799172775
7091	15.7130630218298
7092	-5.30389799172775
7093	15.7130630218298
7094	0
7095	-1.71705292302072
7096	5.33229658383057
7097	-5.30389799172775
7098	12.2492505991691
7099	-5.30389799172775
7100	15.7130630218298
7101	-5.30389799172775
7102	15.7130630218298
7103	-5.30389799172775
7104	15.7130630218298
7105	-5.30389799172775
7106	15.7130630218298
7107	-5.30389799172775
7108	15.7130630218298
7109	-5.30389799172775
7110	15.7130630218298
7111	-5.30389799172775
7112	15.7130630218298
7113	-5.30389799172775
7114	15.7130630218298
7115	-5.30389799172775
7116	15.7130630218298
7117	-5.30389799172775
7118	15.7130630218298
7119	-5.30389799172775
7120	15.7130630218298
7121	-5.30389799172775
7122	15.7130630218298
7123	-5.30389799172775
7124	15.7130630218298
7125	-5.30389799172775
7126	15.7130630218298
7127	-5.30389799172775
7128	15.7130630218298
7129	-5.30389799172775
7130	15.7130630218298
7131	-5.30389799172775
7132	15.7130630218298
7133	-5.30389799172775
7134	15.7130630218298
7135	0
7136	-1.71969355362354
7137	5.333503620421
7138	-5.30389799172775
7139	12.2542445858269
7140	-5.30389799172775
7141	15.7130630218298
7142	-5.30389799172775
7143	15.7130630218298
7144	-5.30389799172775
7145	15.7130630218298
7146	-5.30389799172775
7147	15.7130630218298
7148	-5.30389799172775
7149	15.7130630218298
7150	-5.30389799172775
7151	15.7130630218298
7152	-5.30389799172775
7153	15.7130630218298
7154	-5.30389799172775
7155	15.7130630218298
7156	-5.30389799172775
7157	15.7130630218298
7158	-5.30389799172775
7159	15.7130630218298
7160	-5.30389799172775
7161	15.7130630218298
7162	-5.30389799172775
7163	15.7130630218298
7164	-5.30389799172775
7165	15.7130630218298
7166	-5.30389799172775
7167	15.7130630218298
7168	-5.30389799172775
7169	15.7130630218298
7170	-5.30389799172775
7171	15.7130630218298
7172	-5.30389799172775
7173	15.7130630218298
7174	-5.30389799172775
7175	15.7130630218298
7176	0
7177	-1.78582416592695
7178	5.3637320320408
7179	-5.30389799172775
7180	12.3793114524931
7181	-5.30389799172775
7182	15.7130630218298
7183	-5.30389799172775
7184	15.7130630218298
7185	-5.30389799172775
7186	15.7130630218298
7187	-5.30389799172775
7188	15.7130630218298
7189	-5.30389799172775
7190	15.7130630218298
7191	-5.30389799172775
7192	15.7130630218298
7193	-5.30389799172775
7194	15.7130630218298
7195	-5.30389799172775
7196	15.7130630218298
7197	-5.30389799172775
7198	15.7130630218298
7199	-5.30389799172775
7200	15.7130630218298
7201	-5.30389799172775
7202	15.7130630218298
7203	-5.30389799172775
7204	15.7130630218298
7205	-5.30389799172775
7206	15.7130630218298
7207	-5.30389799172775
7208	15.7130630218298
7209	-5.30389799172775
7210	15.7130630218298
7211	-5.30389799172775
7212	15.7130630218298
7213	-5.30389799172775
7214	15.7130630218298
7215	-5.30389799172775
7216	15.7130630218298
7217	0
7218	-1.85818227914092
7219	5.39680704456645
7220	-5.30389799172775
7221	12.5161558303439
7222	-5.30389799172775
7223	15.7130630218298
7224	-5.30389799172775
7225	15.7130630218298
7226	-5.30389799172775
7227	15.7130630218298
7228	-5.30389799172775
7229	15.7130630218298
7230	-5.30389799172775
7231	15.7130630218298
7232	-5.30389799172775
7233	15.7130630218298
7234	-5.30389799172775
7235	15.7130630218298
7236	-5.30389799172775
7237	15.7130630218298
7238	-5.30389799172775
7239	15.7130630218298
7240	-5.30389799172775
7241	15.7130630218298
7242	-5.30389799172775
7243	15.7130630218298
7244	-5.30389799172775
7245	15.7130630218298
7246	-5.30389799172775
7247	15.7130630218298
7248	-5.30389799172775
7249	15.7130630218298
7250	-5.30389799172775
7251	15.7130630218298
7252	-5.30389799172775
7253	15.7130630218298
7254	-5.30389799172775
7255	15.7130630218298
7256	-5.30389799172775
7257	15.7130630218298
7258	0
7259	-1.87036364694995
7260	5.40237516782129
7261	-5.30389799172775
7262	12.5391933533687
7263	-5.30389799172775
7264	15.7130630218298
7265	-5.30389799172775
7266	15.7130630218298
7267	-5.30389799172775
7268	15.7130630218298
7269	-5.30389799172775
7270	15.7130630218298
7271	-5.30389799172775
7272	15.7130630218298
7273	-5.30389799172775
7274	15.7130630218298
7275	-5.30389799172775
7276	15.7130630218298
7277	-5.30389799172775
7278	15.7130630218298
7279	-5.30389799172775
7280	15.7130630218298
7281	-5.30389799172775
7282	15.7130630218298
7283	-5.30389799172775
7284	15.7130630218298
7285	-5.30389799172775
7286	15.7130630218298
7287	-5.30389799172775
7288	15.7130630218298
7289	-5.30389799172775
7290	15.7130630218298
7291	-5.30389799172775
7292	15.7130630218298
7293	-5.30389799172775
7294	15.7130630218298
7295	-5.30389799172775
7296	15.7130630218298
7297	-5.30389799172775
7298	15.7130630218298
7299	0
7300	-1.88049458636849
7301	5.4070060368874
7302	-5.30389799172775
7303	12.5583530859846
7304	-5.30389799172775
7305	15.7130630218298
7306	-5.30389799172775
7307	15.7130630218298
7308	-5.30389799172775
7309	15.7130630218298
7310	-5.30389799172775
7311	15.7130630218298
7312	-5.30389799172775
7313	15.7130630218298
7314	-5.30389799172775
7315	15.7130630218298
7316	-5.30389799172775
7317	15.7130630218298
7318	-5.30389799172775
7319	15.7130630218298
7320	-5.30389799172775
7321	15.7130630218298
7322	-5.30389799172775
7323	15.7130630218298
7324	-5.30389799172775
7325	15.7130630218298
7326	-5.30389799172775
7327	15.7130630218298
7328	-5.30389799172775
7329	15.7130630218298
7330	-5.30389799172775
7331	15.7130630218298
7332	-5.30389799172775
7333	15.7130630218298
7334	-5.30389799172775
7335	15.7130630218298
7336	-5.30389799172775
7337	15.7130630218298
7338	-5.30389799172775
7339	15.7130630218298
7340	0
7341	-1.92626379833286
7342	5.4279272189328
7343	-5.30389799172775
7344	12.6449122713722
7345	-5.30389799172775
7346	15.7130630218298
7347	-5.30389799172775
7348	15.7130630218298
7349	-5.30389799172775
7350	15.7130630218298
7351	-5.30389799172775
7352	15.7130630218298
7353	-5.30389799172775
7354	15.7130630218298
7355	-5.30389799172775
7356	15.7130630218298
7357	-5.30389799172775
7358	15.7130630218298
7359	-5.30389799172775
7360	15.7130630218298
7361	-5.30389799172775
7362	15.7130630218298
7363	-5.30389799172775
7364	15.7130630218298
7365	-5.30389799172775
7366	15.7130630218298
7367	-5.30389799172775
7368	15.7130630218298
7369	-5.30389799172775
7370	15.7130630218298
7371	-5.30389799172775
7372	15.7130630218298
7373	-5.30389799172775
7374	15.7130630218298
7375	-5.30389799172775
7376	15.7130630218298
7377	-5.30389799172775
7378	15.7130630218298
7379	-5.30389799172775
7380	15.7130630218298
7381	0
7382	-2.00121044005068
7383	5.46218545209377
7384	-5.30389799172775
7385	12.786652099877
7386	-5.30389799172775
7387	15.7130630218298
7388	-5.30389799172775
7389	15.7130630218298
7390	-5.30389799172775
7391	15.7130630218298
7392	-5.30389799172775
7393	15.7130630218298
7394	-5.30389799172775
7395	15.7130630218298
7396	-5.30389799172775
7397	15.7130630218298
7398	-5.30389799172775
7399	15.7130630218298
7400	-5.30389799172775
7401	15.7130630218298
7402	-5.30389799172775
7403	15.7130630218298
7404	-5.30389799172775
7405	15.7130630218298
7406	-5.30389799172775
7407	15.7130630218298
7408	-5.30389799172775
7409	15.7130630218298
7410	-5.30389799172775
7411	15.7130630218298
7412	-5.30389799172775
7413	15.7130630218298
7414	-5.30389799172775
7415	15.7130630218298
7416	-5.30389799172775
7417	15.7130630218298
7418	-5.30389799172775
7419	15.7130630218298
7420	-5.30389799172775
7421	15.7130630218298
7422	0
7423	-2.07507095662004
7424	5.49594721566351
7425	-5.30389799172775
7426	12.9263378377814
7427	-5.30389799172775
7428	15.7130630218298
7429	-5.30389799172775
7430	15.7130630218298
7431	-5.30389799172775
7432	15.7130630218298
7433	-5.30389799172775
7434	15.7130630218298
7435	-5.30389799172775
7436	15.7130630218298
7437	-5.30389799172775
7438	15.7130630218298
7439	-5.30389799172775
7440	15.7130630218298
7441	-5.30389799172775
7442	15.7130630218298
7443	-5.30389799172775
7444	15.7130630218298
7445	-5.30389799172775
7446	15.7130630218298
7447	-5.30389799172775
7448	15.7130630218298
7449	-5.30389799172775
7450	15.7130630218298
7451	-5.30389799172775
7452	15.7130630218298
7453	-5.30389799172775
7454	15.7130630218298
7455	-5.30389799172775
7456	15.7130630218298
7457	-5.30389799172775
7458	15.7130630218298
7459	-5.30389799172775
7460	15.7130630218298
7461	-5.30389799172775
7462	15.7130630218298
7463	0
7464	-2.11228485013807
7465	5.51295774757992
7466	-5.30389799172775
7467	12.9967171204863
7468	-5.30389799172775
7469	15.7130630218298
7470	-5.30389799172775
7471	15.7130630218298
7472	-5.30389799172775
7473	15.7130630218298
7474	-5.30389799172775
7475	15.7130630218298
7476	-5.30389799172775
7477	15.7130630218298
7478	-5.30389799172775
7479	15.7130630218298
7480	-5.30389799172775
7481	15.7130630218298
7482	-5.30389799172775
7483	15.7130630218298
7484	-5.30389799172775
7485	15.7130630218298
7486	-5.30389799172775
7487	15.7130630218298
7488	-5.30389799172775
7489	15.7130630218298
7490	-5.30389799172775
7491	15.7130630218298
7492	-5.30389799172775
7493	15.7130630218298
7494	-5.30389799172775
7495	15.7130630218298
7496	-5.30389799172775
7497	15.7130630218298
7498	-5.30389799172775
7499	15.7130630218298
7500	-5.30389799172775
7501	15.7130630218298
7502	-5.30389799172775
7503	15.7130630218298
7504	0
7505	-2.11679974999886
7506	5.51502151572995
7507	-5.30389799172775
7508	13.005255743663
7509	-5.30389799172775
7510	15.7130630218298
7511	-5.30389799172775
7512	15.7130630218298
7513	-5.30389799172775
7514	15.7130630218298
7515	-5.30389799172775
7516	15.7130630218298
7517	-5.30389799172775
7518	15.7130630218298
7519	-5.30389799172775
7520	15.7130630218298
7521	-5.30389799172775
7522	15.7130630218298
7523	-5.30389799172775
7524	15.7130630218298
7525	-5.30389799172775
7526	15.7130630218298
7527	-5.30389799172775
7528	15.7130630218298
7529	-5.30389799172775
7530	15.7130630218298
7531	-5.30389799172775
7532	15.7130630218298
7533	-5.30389799172775
7534	15.7130630218298
7535	-5.30389799172775
7536	15.7130630218298
7537	-5.30389799172775
7538	15.7130630218298
7539	-5.30389799172775
7540	15.7130630218298
7541	-5.30389799172775
7542	15.7130630218298
7543	-5.30389799172775
7544	15.7130630218298
7545	0
7546	-2.15463681908997
7547	5.53231690222548
7548	-5.30389799172775
7549	13.0768135821622
7550	-5.30389799172775
7551	15.7130630218298
7552	-5.30389799172775
7553	15.7130630218298
7554	-5.30389799172775
7555	15.7130630218298
7556	-5.30389799172775
7557	15.7130630218298
7558	-5.30389799172775
7559	15.7130630218298
7560	-5.30389799172775
7561	15.7130630218298
7562	-5.30389799172775
7563	15.7130630218298
7564	-5.30389799172775
7565	15.7130630218298
7566	-5.30389799172775
7567	15.7130630218298
7568	-5.30389799172775
7569	15.7130630218298
7570	-5.30389799172775
7571	15.7130630218298
7572	-5.30389799172775
7573	15.7130630218298
7574	-5.30389799172775
7575	15.7130630218298
7576	-5.30389799172775
7577	15.7130630218298
7578	-5.30389799172775
7579	15.7130630218298
7580	-5.30389799172775
7581	15.7130630218298
7582	-5.30389799172775
7583	15.7130630218298
7584	-5.30389799172775
7585	15.7130630218298
7586	0
7587	-2.21493339962176
7588	5.5598785683298
7589	-5.30389799172775
7590	13.1908470703627
7591	-5.30389799172775
7592	15.7130630218298
7593	-5.30389799172775
7594	15.7130630218298
7595	-5.30389799172775
7596	15.7130630218298
7597	-5.30389799172775
7598	15.7130630218298
7599	-5.30389799172775
7600	15.7130630218298
7601	-5.30389799172775
7602	15.7130630218298
7603	-5.30389799172775
7604	15.7130630218298
7605	-5.30389799172775
7606	15.7130630218298
7607	-5.30389799172775
7608	15.7130630218298
7609	-5.30389799172775
7610	15.7130630218298
7611	-5.30389799172775
7612	15.7130630218298
7613	-5.30389799172775
7614	15.7130630218298
7615	-5.30389799172775
7616	15.7130630218298
7617	-5.30389799172775
7618	15.7130630218298
7619	-5.30389799172775
7620	15.7130630218298
7621	-5.30389799172775
7622	15.7130630218298
7623	-5.30389799172775
7624	15.7130630218298
7625	-5.30389799172775
7626	15.7130630218298
7627	0
7628	-2.28081061075022
7629	5.58999114985588
7630	-5.30389799172775
7631	13.3154347022259
7632	-5.30389799172775
7633	15.7130630218298
7634	-5.30389799172775
7635	15.7130630218298
7636	-5.30389799172775
7637	15.7130630218298
7638	-5.30389799172775
7639	15.7130630218298
7640	-5.30389799172775
7641	15.7130630218298
7642	-5.30389799172775
7643	15.7130630218298
7644	-5.30389799172775
7645	15.7130630218298
7646	-5.30389799172775
7647	15.7130630218298
7648	-5.30389799172775
7649	15.7130630218298
7650	-5.30389799172775
7651	15.7130630218298
7652	-5.30389799172775
7653	15.7130630218298
7654	-5.30389799172775
7655	15.7130630218298
7656	-5.30389799172775
7657	15.7130630218298
7658	-5.30389799172775
7659	15.7130630218298
7660	-5.30389799172775
7661	15.7130630218298
7662	-5.30389799172775
7663	15.7130630218298
7664	-5.30389799172775
7665	15.7130630218298
7666	-5.30389799172775
7667	15.7130630218298
7668	0
7669	-2.34080143367635
7670	5.61741305365592
7671	-5.30389799172775
7672	13.4288899386249
7673	-5.30389799172775
7674	15.7130630218298
7675	-5.30389799172775
7676	15.7130630218298
7677	-5.30389799172775
7678	15.7130630218298
7679	-5.30389799172775
7680	15.7130630218298
7681	-5.30389799172775
7682	15.7130630218298
7683	-5.30389799172775
7684	15.7130630218298
7685	-5.30389799172775
7686	15.7130630218298
7687	-5.30389799172775
7688	15.7130630218298
7689	-5.30389799172775
7690	15.7130630218298
7691	-5.30389799172775
7692	15.7130630218298
7693	-5.30389799172775
7694	15.7130630218298
7695	-5.30389799172775
7696	15.7130630218298
7697	-5.30389799172775
7698	15.7130630218298
7699	-5.30389799172775
7700	15.7130630218298
7701	-5.30389799172775
7702	15.7130630218298
7703	-5.30389799172775
7704	15.7130630218298
7705	-5.30389799172775
7706	15.7130630218298
7707	-5.30389799172775
7708	15.7130630218298
7709	0
7710	-2.48471545294622
7711	5.68319638849622
7712	-5.30389799172775
7713	13.7010615522317
7714	-5.30389799172775
7715	15.7130630218298
7716	-5.30389799172775
7717	15.7130630218298
7718	-5.30389799172775
7719	15.7130630218298
7720	-5.30389799172775
7721	15.7130630218298
7722	-5.30389799172775
7723	15.7130630218298
7724	-5.30389799172775
7725	15.7130630218298
7726	-5.30389799172775
7727	15.7130630218298
7728	-5.30389799172775
7729	15.7130630218298
7730	-5.30389799172775
7731	15.7130630218298
7732	-5.30389799172775
7733	15.7130630218298
7734	-5.30389799172775
7735	15.7130630218298
7736	-5.30389799172775
7737	15.7130630218298
7738	-5.30389799172775
7739	15.7130630218298
7740	-5.30389799172775
7741	15.7130630218298
7742	-5.30389799172775
7743	15.7130630218298
7744	-5.30389799172775
7745	15.7130630218298
7746	-5.30389799172775
7747	15.7130630218298
7748	-5.30389799172775
7749	15.7130630218298
7750	0
7751	-2.52619401681637
7752	5.70215630824281
7753	-5.30389799172775
7754	13.7795062215968
7755	-5.30389799172775
7756	15.7130630218298
7757	-5.30389799172775
7758	15.7130630218298
7759	-5.30389799172775
7760	15.7130630218298
7761	-5.30389799172775
7762	15.7130630218298
7763	-5.30389799172775
7764	15.7130630218298
7765	-5.30389799172775
7766	15.7130630218298
7767	-5.30389799172775
7768	15.7130630218298
7769	-5.30389799172775
7770	15.7130630218298
7771	-5.30389799172775
7772	15.7130630218298
7773	-5.30389799172775
7774	15.7130630218298
7775	-5.30389799172775
7776	15.7130630218298
7777	-5.30389799172775
7778	15.7130630218298
7779	-5.30389799172775
7780	15.7130630218298
7781	-5.30389799172775
7782	15.7130630218298
7783	-5.30389799172775
7784	15.7130630218298
7785	-5.30389799172775
7786	15.7130630218298
7787	-5.30389799172775
7788	15.7130630218298
7789	-5.30389799172775
7790	15.7130630218298
7791	0
7792	-2.54306898394386
7793	5.70986988346362
7794	-5.30389799172775
7795	13.8114203259763
7796	-5.30389799172775
7797	15.7130630218298
7798	-5.30389799172775
7799	15.7130630218298
7800	-5.30389799172775
7801	15.7130630218298
7802	-5.30389799172775
7803	15.7130630218298
7804	-5.30389799172775
7805	15.7130630218298
7806	-5.30389799172775
7807	15.7130630218298
7808	-5.30389799172775
7809	15.7130630218298
7810	-5.30389799172775
7811	15.7130630218298
7812	-5.30389799172775
7813	15.7130630218298
7814	-5.30389799172775
7815	15.7130630218298
7816	-5.30389799172775
7817	15.7130630218298
7818	-5.30389799172775
7819	15.7130630218298
7820	-5.30389799172775
7821	15.7130630218298
7822	-5.30389799172775
7823	15.7130630218298
7824	-5.30389799172775
7825	15.7130630218298
7826	-5.30389799172775
7827	15.7130630218298
7828	-5.30389799172775
7829	15.7130630218298
7830	-5.30389799172775
7831	15.7130630218298
7832	0
7833	-2.62133279961094
7834	5.74564440229109
7835	-5.30389799172775
7836	13.9594336265928
7837	-5.30389799172775
7838	15.7130630218298
7839	-5.30389799172775
7840	15.7130630218298
7841	-5.30389799172775
7842	15.7130630218298
7843	-5.30389799172775
7844	15.7130630218298
7845	-5.30389799172775
7846	15.7130630218298
7847	-5.30389799172775
7848	15.7130630218298
7849	-5.30389799172775
7850	15.7130630218298
7851	-5.30389799172775
7852	15.7130630218298
7853	-5.30389799172775
7854	15.7130630218298
7855	-5.30389799172775
7856	15.7130630218298
7857	-5.30389799172775
7858	15.7130630218298
7859	-5.30389799172775
7860	15.7130630218298
7861	-5.30389799172775
7862	15.7130630218298
7863	-5.30389799172775
7864	15.7130630218298
7865	-5.30389799172775
7866	15.7130630218298
7867	-5.30389799172775
7868	15.7130630218298
7869	-5.30389799172775
7870	15.7130630218298
7871	-5.30389799172775
7872	15.7130630218298
7873	0
7874	-2.73724473085452
7875	5.79862793665188
7876	-5.30389799172775
7877	14.1786474149568
7878	-5.30389799172775
7879	15.7130630218298
7880	-5.30389799172775
7881	15.7130630218298
7882	-5.30389799172775
7883	15.7130630218298
7884	-5.30389799172775
7885	15.7130630218298
7886	-5.30389799172775
7887	15.7130630218298
7888	-5.30389799172775
7889	15.7130630218298
7890	-5.30389799172775
7891	15.7130630218298
7892	-5.30389799172775
7893	15.7130630218298
7894	-5.30389799172775
7895	15.7130630218298
7896	-5.30389799172775
7897	15.7130630218298
7898	-5.30389799172775
7899	15.7130630218298
7900	-5.30389799172775
7901	15.7130630218298
7902	-5.30389799172775
7903	15.7130630218298
7904	-5.30389799172775
7905	15.7130630218298
7906	-5.30389799172775
7907	15.7130630218298
7908	-5.30389799172775
7909	15.7130630218298
7910	-5.30389799172775
7911	15.7130630218298
7912	-5.30389799172775
7913	15.7130630218298
7914	0
7915	-2.74945909596139
7916	5.80421114302582
7917	-5.30389799172775
7918	14.201747342797
7919	-5.30389799172775
7920	15.7130630218298
7921	-5.30389799172775
7922	15.7130630218298
7923	-5.30389799172775
7924	15.7130630218298
7925	-5.30389799172775
7926	15.7130630218298
7927	-5.30389799172775
7928	15.7130630218298
7929	-5.30389799172775
7930	15.7130630218298
7931	-5.30389799172775
7932	15.7130630218298
7933	-5.30389799172775
7934	15.7130630218298
7935	-5.30389799172775
7936	15.7130630218298
7937	-5.30389799172775
7938	15.7130630218298
7939	-5.30389799172775
7940	15.7130630218298
7941	-5.30389799172775
7942	15.7130630218298
7943	-5.30389799172775
7944	15.7130630218298
7945	-5.30389799172775
7946	15.7130630218298
7947	-5.30389799172775
7948	15.7130630218298
7949	-5.30389799172775
7950	15.7130630218298
7951	-5.30389799172775
7952	15.7130630218298
7953	-5.30389799172775
7954	15.7130630218298
7955	0
7956	-2.95434125121542
7957	5.89786311307195
7958	-5.30389799172775
7959	14.5892224969037
7960	-5.30389799172775
7961	15.7130630218298
7962	-5.30389799172775
7963	15.7130630218298
7964	-5.30389799172775
7965	15.7130630218298
7966	-5.30389799172775
7967	15.7130630218298
7968	-5.30389799172775
7969	15.7130630218298
7970	-5.30389799172775
7971	15.7130630218298
7972	-5.30389799172775
7973	15.7130630218298
7974	-5.30389799172775
7975	15.7130630218298
7976	-5.30389799172775
7977	15.7130630218298
7978	-5.30389799172775
7979	15.7130630218298
7980	-5.30389799172775
7981	15.7130630218298
7982	-5.30389799172775
7983	15.7130630218298
7984	-5.30389799172775
7985	15.7130630218298
7986	-5.30389799172775
7987	15.7130630218298
7988	-5.30389799172775
7989	15.7130630218298
7990	-5.30389799172775
7991	15.7130630218298
7992	-5.30389799172775
7993	15.7130630218298
7994	-5.30389799172775
7995	15.7130630218298
7996	0
7997	-3.15421106665855
7998	5.98922393434892
7999	-5.30389799172775
8000	15.7130630218298
8001	-5.30389799172775
8002	15.7130630218298
8003	-5.30389799172775
8004	15.7130630218298
8005	-5.30389799172775
8006	15.7130630218298
8007	-5.30389799172775
8008	15.7130630218298
8009	-5.30389799172775
8010	15.7130630218298
8011	-5.30389799172775
8012	15.7130630218298
8013	-5.30389799172775
8014	15.7130630218298
8015	-5.30389799172775
8016	15.7130630218298
8017	-5.30389799172775
8018	15.7130630218298
8019	-5.30389799172775
8020	15.7130630218298
8021	-5.30389799172775
8022	15.7130630218298
8023	-5.30389799172775
8024	15.7130630218298
8025	-5.30389799172775
8026	15.7130630218298
8027	-5.30389799172775
8028	15.7130630218298
8029	-5.30389799172775
8030	15.7130630218298
8031	-5.30389799172775
8032	15.7130630218298
8033	-5.30389799172775
8034	15.7130630218298
8035	-5.30389799172775
8036	15.7130630218298
8037	0
8038	-3.26890139173722
8039	6.04164907052309
8040	-5.30389799172775
8041	15.7130630218298
8042	-5.30389799172775
8043	15.7130630218298
8044	-5.30389799172775
8045	15.7130630218298
8046	-5.30389799172775
8047	15.7130630218298
8048	-5.30389799172775
8049	15.7130630218298
8050	-5.30389799172775
8051	15.7130630218298
8052	-5.30389799172775
8053	15.7130630218298
8054	-5.30389799172775
8055	15.7130630218298
8056	-5.30389799172775
8057	15.7130630218298
8058	-5.30389799172775
8059	15.7130630218298
8060	-5.30389799172775
8061	15.7130630218298
8062	-5.30389799172775
8063	15.7130630218298
8064	-5.30389799172775
8065	15.7130630218298
8066	-5.30389799172775
8067	15.7130630218298
8068	-5.30389799172775
8069	15.7130630218298
8070	-5.30389799172775
8071	15.7130630218298
8072	-5.30389799172775
8073	15.7130630218298
8074	-5.30389799172775
8075	15.7130630218298
8076	-5.30389799172775
8077	15.7130630218298
8078	0
8079	-3.35556168521285
8080	6.08126163316284
8081	-5.30389799172775
8082	15.7130630218298
8083	-5.30389799172775
8084	15.7130630218298
8085	-5.30389799172775
8086	15.7130630218298
8087	-5.30389799172775
8088	15.7130630218298
8089	-5.30389799172775
8090	15.7130630218298
8091	-5.30389799172775
8092	15.7130630218298
8093	-5.30389799172775
8094	15.7130630218298
8095	-5.30389799172775
8096	15.7130630218298
8097	-5.30389799172775
8098	15.7130630218298
8099	-5.30389799172775
8100	15.7130630218298
8101	-5.30389799172775
8102	15.7130630218298
8103	-5.30389799172775
8104	15.7130630218298
8105	-5.30389799172775
8106	15.7130630218298
8107	-5.30389799172775
8108	15.7130630218298
8109	-5.30389799172775
8110	15.7130630218298
8111	-5.30389799172775
8112	15.7130630218298
8113	-5.30389799172775
8114	15.7130630218298
8115	-5.30389799172775
8116	15.7130630218298
8117	-5.30389799172775
8118	15.7130630218298
8119	0
8120	-3.35642881278908
8121	6.08165799860372
8122	-5.30389799172775
8123	15.7130630218298
8124	-5.30389799172775
8125	15.7130630218298
8126	-5.30389799172775
8127	15.7130630218298
8128	-5.30389799172775
8129	15.7130630218298
8130	-5.30389799172775
8131	15.7130630218298
8132	-5.30389799172775
8133	15.7130630218298
8134	-5.30389799172775
8135	15.7130630218298
8136	-5.30389799172775
8137	15.7130630218298
8138	-5.30389799172775
8139	15.7130630218298
8140	-5.30389799172775
8141	15.7130630218298
8142	-5.30389799172775
8143	15.7130630218298
8144	-5.30389799172775
8145	15.7130630218298
8146	-5.30389799172775
8147	15.7130630218298
8148	-5.30389799172775
8149	15.7130630218298
8150	-5.30389799172775
8151	15.7130630218298
8152	-5.30389799172775
8153	15.7130630218298
8154	-5.30389799172775
8155	15.7130630218298
8156	-5.30389799172775
8157	15.7130630218298
8158	-5.30389799172775
8159	15.7130630218298
8160	0
8161	-3.36642656316889
8162	6.08622798674123
8163	-5.30389799172775
8164	15.7130630218298
8165	-5.30389799172775
8166	15.7130630218298
8167	-5.30389799172775
8168	15.7130630218298
8169	-5.30389799172775
8170	15.7130630218298
8171	-5.30389799172775
8172	15.7130630218298
8173	-5.30389799172775
8174	15.7130630218298
8175	-5.30389799172775
8176	15.7130630218298
8177	-5.30389799172775
8178	15.7130630218298
8179	-5.30389799172775
8180	15.7130630218298
8181	-5.30389799172775
8182	15.7130630218298
8183	-5.30389799172775
8184	15.7130630218298
8185	-5.30389799172775
8186	15.7130630218298
8187	-5.30389799172775
8188	15.7130630218298
8189	-5.30389799172775
8190	15.7130630218298
8191	-5.30389799172775
8192	15.7130630218298
8193	-5.30389799172775
8194	15.7130630218298
8195	-5.30389799172775
8196	15.7130630218298
8197	-5.30389799172775
8198	15.7130630218298
8199	-5.30389799172775
8200	15.7130630218298
