x	y	key	xmin	xmax	ymin	ymax	group
-3	-1	-3 -1	-3.05	-2.95	-1.05	-0.95	1
-3	-0.9	-3 -0.9	-3.05	-2.95	-0.95	-0.85	2
-3	-0.8	-3 -0.8	-3.05	-2.95	-0.85	-0.75	3
-3	-0.7	-3 -0.7	-3.05	-2.95	-0.75	-0.65	4
-3	-0.6	-3 -0.6	-3.05	-2.95	-0.65	-0.55	5
-3	-0.5	-3 -0.5	-3.05	-2.95	-0.55	-0.45	6
-3	-0.4	-3 -0.4	-3.05	-2.95	-0.45	-0.35	7
-3	-0.3	-3 -0.3	-3.05	-2.95	-0.35	-0.25	8
-3	-0.2	-3 -0.2	-3.05	-2.95	-0.25	-0.15	9
-3	-0.1	-3 -0.1	-3.05	-2.95	-0.15	-0.0500000000000002	10
-3	0	-3 0	-3.05	-2.95	-0.0499999999999998	0.0499999999999998	11
-3	0.1	-3 0.1	-3.05	-2.95	0.0500000000000003	0.15	12
-3	0.2	-3 0.2	-3.05	-2.95	0.15	0.25	13
-3	0.3	-3 0.3	-3.05	-2.95	0.25	0.35	14
-3	0.4	-3 0.4	-3.05	-2.95	0.35	0.45	15
-3	0.5	-3 0.5	-3.05	-2.95	0.45	0.55	16
-3	0.6	-3 0.6	-3.05	-2.95	0.55	0.65	17
-3	0.7	-3 0.7	-3.05	-2.95	0.65	0.75	18
-3	0.8	-3 0.8	-3.05	-2.95	0.75	0.85	19
-3	0.9	-3 0.9	-3.05	-2.95	0.85	0.95	20
-3	1	-3 1	-3.05	-2.95	0.95	1.05	21
-3	1.1	-3 1.1	-3.05	-2.95	1.05	1.15	22
-3	1.2	-3 1.2	-3.05	-2.95	1.15	1.25	23
-3	1.3	-3 1.3	-3.05	-2.95	1.25	1.35	24
-3	1.4	-3 1.4	-3.05	-2.95	1.35	1.45	25
-3	1.5	-3 1.5	-3.05	-2.95	1.45	1.55	26
-3	1.6	-3 1.6	-3.05	-2.95	1.55	1.65	27
-3	1.7	-3 1.7	-3.05	-2.95	1.65	1.75	28
-3	1.8	-3 1.8	-3.05	-2.95	1.75	1.85	29
-3	1.9	-3 1.9	-3.05	-2.95	1.85	1.95	30
-3	2	-3 2	-3.05	-2.95	1.95	2.05	31
-3	2.1	-3 2.1	-3.05	-2.95	2.05	2.15	32
-3	2.2	-3 2.2	-3.05	-2.95	2.15	2.25	33
-3	2.3	-3 2.3	-3.05	-2.95	2.25	2.35	34
-3	2.4	-3 2.4	-3.05	-2.95	2.35	2.45	35
-3	2.5	-3 2.5	-3.05	-2.95	2.45	2.55	36
-3	2.6	-3 2.6	-3.05	-2.95	2.55	2.65	37
-3	2.7	-3 2.7	-3.05	-2.95	2.65	2.75	38
-3	2.8	-3 2.8	-3.05	-2.95	2.75	2.85	39
-3	2.9	-3 2.9	-3.05	-2.95	2.85	2.95	40
-3	3	-3 3	-3.05	-2.95	2.95	3.05	41
-3	3.1	-3 3.1	-3.05	-2.95	3.05	3.15	42
-3	3.2	-3 3.2	-3.05	-2.95	3.15	3.25	43
-3	3.3	-3 3.3	-3.05	-2.95	3.25	3.35	44
-3	3.4	-3 3.4	-3.05	-2.95	3.35	3.45	45
-3	3.5	-3 3.5	-3.05	-2.95	3.45	3.55	46
-3	3.6	-3 3.6	-3.05	-2.95	3.55	3.65	47
-3	3.7	-3 3.7	-3.05	-2.95	3.65	3.75	48
-3	3.8	-3 3.8	-3.05	-2.95	3.75	3.85	49
-3	3.9	-3 3.9	-3.05	-2.95	3.85	3.95	50
-3	4	-3 4	-3.05	-2.95	3.95	4.05	51
-3	4.1	-3 4.1	-3.05	-2.95	4.05	4.15	52
-3	4.2	-3 4.2	-3.05	-2.95	4.15	4.25	53
-3	4.3	-3 4.3	-3.05	-2.95	4.25	4.35	54
-3	4.4	-3 4.4	-3.05	-2.95	4.35	4.45	55
-3	4.5	-3 4.5	-3.05	-2.95	4.45	4.55	56
-3	4.6	-3 4.6	-3.05	-2.95	4.55	4.65	57
-3	4.7	-3 4.7	-3.05	-2.95	4.65	4.75	58
-3	4.8	-3 4.8	-3.05	-2.95	4.75	4.85	59
-3	4.9	-3 4.9	-3.05	-2.95	4.85	4.95	60
-3	5	-3 5	-3.05	-2.95	4.95	5.05	61
-3	5.1	-3 5.1	-3.05	-2.95	5.05	5.15	62
-3	5.2	-3 5.2	-3.05	-2.95	5.15	5.25	63
-3	5.3	-3 5.3	-3.05	-2.95	5.25	5.35	64
-3	5.4	-3 5.4	-3.05	-2.95	5.35	5.45	65
-3	5.5	-3 5.5	-3.05	-2.95	5.45	5.55	66
-3	5.6	-3 5.6	-3.05	-2.95	5.55	5.65	67
-3	5.7	-3 5.7	-3.05	-2.95	5.65	5.75	68
-3	5.8	-3 5.8	-3.05	-2.95	5.75	5.85	69
-3	5.9	-3 5.9	-3.05	-2.95	5.85	5.95	70
-3	6	-3 6	-3.05	-2.95	5.95	6.05	71
-3	6.1	-3 6.1	-3.05	-2.95	6.05	6.15	72
-3	6.2	-3 6.2	-3.05	-2.95	6.15	6.25	73
-3	6.3	-3 6.3	-3.05	-2.95	6.25	6.35	74
-3	6.4	-3 6.4	-3.05	-2.95	6.35	6.45	75
-3	6.5	-3 6.5	-3.05	-2.95	6.45	6.55	76
-3	6.6	-3 6.6	-3.05	-2.95	6.55	6.65	77
-3	6.7	-3 6.7	-3.05	-2.95	6.65	6.75	78
-3	6.8	-3 6.8	-3.05	-2.95	6.75	6.85	79
-3	6.9	-3 6.9	-3.05	-2.95	6.85	6.95	80
-3	7	-3 7	-3.05	-2.95	6.95	7.05	81
-2.9	-1	-2.9 -1	-2.95	-2.85	-1.05	-0.95	82
-2.9	-0.9	-2.9 -0.9	-2.95	-2.85	-0.95	-0.85	83
-2.9	-0.8	-2.9 -0.8	-2.95	-2.85	-0.85	-0.75	84
-2.9	-0.7	-2.9 -0.7	-2.95	-2.85	-0.75	-0.65	85
-2.9	-0.6	-2.9 -0.6	-2.95	-2.85	-0.65	-0.55	86
-2.9	-0.5	-2.9 -0.5	-2.95	-2.85	-0.55	-0.45	87
-2.9	-0.4	-2.9 -0.4	-2.95	-2.85	-0.45	-0.35	88
-2.9	-0.3	-2.9 -0.3	-2.95	-2.85	-0.35	-0.25	89
-2.9	-0.2	-2.9 -0.2	-2.95	-2.85	-0.25	-0.15	90
-2.9	-0.1	-2.9 -0.1	-2.95	-2.85	-0.15	-0.0500000000000002	91
-2.9	0	-2.9 0	-2.95	-2.85	-0.0499999999999998	0.0499999999999998	92
-2.9	0.1	-2.9 0.1	-2.95	-2.85	0.0500000000000003	0.15	93
-2.9	0.2	-2.9 0.2	-2.95	-2.85	0.15	0.25	94
-2.9	0.3	-2.9 0.3	-2.95	-2.85	0.25	0.35	95
-2.9	0.4	-2.9 0.4	-2.95	-2.85	0.35	0.45	96
-2.9	0.5	-2.9 0.5	-2.95	-2.85	0.45	0.55	97
-2.9	0.6	-2.9 0.6	-2.95	-2.85	0.55	0.65	98
-2.9	0.7	-2.9 0.7	-2.95	-2.85	0.65	0.75	99
-2.9	0.8	-2.9 0.8	-2.95	-2.85	0.75	0.85	100
-2.9	0.9	-2.9 0.9	-2.95	-2.85	0.85	0.95	101
-2.9	1	-2.9 1	-2.95	-2.85	0.95	1.05	102
-2.9	1.1	-2.9 1.1	-2.95	-2.85	1.05	1.15	103
-2.9	1.2	-2.9 1.2	-2.95	-2.85	1.15	1.25	104
-2.9	1.3	-2.9 1.3	-2.95	-2.85	1.25	1.35	105
-2.9	1.4	-2.9 1.4	-2.95	-2.85	1.35	1.45	106
-2.9	1.5	-2.9 1.5	-2.95	-2.85	1.45	1.55	107
-2.9	1.6	-2.9 1.6	-2.95	-2.85	1.55	1.65	108
-2.9	1.7	-2.9 1.7	-2.95	-2.85	1.65	1.75	109
-2.9	1.8	-2.9 1.8	-2.95	-2.85	1.75	1.85	110
-2.9	1.9	-2.9 1.9	-2.95	-2.85	1.85	1.95	111
-2.9	2	-2.9 2	-2.95	-2.85	1.95	2.05	112
-2.9	2.1	-2.9 2.1	-2.95	-2.85	2.05	2.15	113
-2.9	2.2	-2.9 2.2	-2.95	-2.85	2.15	2.25	114
-2.9	2.3	-2.9 2.3	-2.95	-2.85	2.25	2.35	115
-2.9	2.4	-2.9 2.4	-2.95	-2.85	2.35	2.45	116
-2.9	2.5	-2.9 2.5	-2.95	-2.85	2.45	2.55	117
-2.9	2.6	-2.9 2.6	-2.95	-2.85	2.55	2.65	118
-2.9	2.7	-2.9 2.7	-2.95	-2.85	2.65	2.75	119
-2.9	2.8	-2.9 2.8	-2.95	-2.85	2.75	2.85	120
-2.9	2.9	-2.9 2.9	-2.95	-2.85	2.85	2.95	121
-2.9	3	-2.9 3	-2.95	-2.85	2.95	3.05	122
-2.9	3.1	-2.9 3.1	-2.95	-2.85	3.05	3.15	123
-2.9	3.2	-2.9 3.2	-2.95	-2.85	3.15	3.25	124
-2.9	3.3	-2.9 3.3	-2.95	-2.85	3.25	3.35	125
-2.9	3.4	-2.9 3.4	-2.95	-2.85	3.35	3.45	126
-2.9	3.5	-2.9 3.5	-2.95	-2.85	3.45	3.55	127
-2.9	3.6	-2.9 3.6	-2.95	-2.85	3.55	3.65	128
-2.9	3.7	-2.9 3.7	-2.95	-2.85	3.65	3.75	129
-2.9	3.8	-2.9 3.8	-2.95	-2.85	3.75	3.85	130
-2.9	3.9	-2.9 3.9	-2.95	-2.85	3.85	3.95	131
-2.9	4	-2.9 4	-2.95	-2.85	3.95	4.05	132
-2.9	4.1	-2.9 4.1	-2.95	-2.85	4.05	4.15	133
-2.9	4.2	-2.9 4.2	-2.95	-2.85	4.15	4.25	134
-2.9	4.3	-2.9 4.3	-2.95	-2.85	4.25	4.35	135
-2.9	4.4	-2.9 4.4	-2.95	-2.85	4.35	4.45	136
-2.9	4.5	-2.9 4.5	-2.95	-2.85	4.45	4.55	137
-2.9	4.6	-2.9 4.6	-2.95	-2.85	4.55	4.65	138
-2.9	4.7	-2.9 4.7	-2.95	-2.85	4.65	4.75	139
-2.9	4.8	-2.9 4.8	-2.95	-2.85	4.75	4.85	140
-2.9	4.9	-2.9 4.9	-2.95	-2.85	4.85	4.95	141
-2.9	5	-2.9 5	-2.95	-2.85	4.95	5.05	142
-2.9	5.1	-2.9 5.1	-2.95	-2.85	5.05	5.15	143
-2.9	5.2	-2.9 5.2	-2.95	-2.85	5.15	5.25	144
-2.9	5.3	-2.9 5.3	-2.95	-2.85	5.25	5.35	145
-2.9	5.4	-2.9 5.4	-2.95	-2.85	5.35	5.45	146
-2.9	5.5	-2.9 5.5	-2.95	-2.85	5.45	5.55	147
-2.9	5.6	-2.9 5.6	-2.95	-2.85	5.55	5.65	148
-2.9	5.7	-2.9 5.7	-2.95	-2.85	5.65	5.75	149
-2.9	5.8	-2.9 5.8	-2.95	-2.85	5.75	5.85	150
-2.9	5.9	-2.9 5.9	-2.95	-2.85	5.85	5.95	151
-2.9	6	-2.9 6	-2.95	-2.85	5.95	6.05	152
-2.9	6.1	-2.9 6.1	-2.95	-2.85	6.05	6.15	153
-2.9	6.2	-2.9 6.2	-2.95	-2.85	6.15	6.25	154
-2.9	6.3	-2.9 6.3	-2.95	-2.85	6.25	6.35	155
-2.9	6.4	-2.9 6.4	-2.95	-2.85	6.35	6.45	156
-2.9	6.5	-2.9 6.5	-2.95	-2.85	6.45	6.55	157
-2.9	6.6	-2.9 6.6	-2.95	-2.85	6.55	6.65	158
-2.9	6.7	-2.9 6.7	-2.95	-2.85	6.65	6.75	159
-2.9	6.8	-2.9 6.8	-2.95	-2.85	6.75	6.85	160
-2.9	6.9	-2.9 6.9	-2.95	-2.85	6.85	6.95	161
-2.9	7	-2.9 7	-2.95	-2.85	6.95	7.05	162
-2.8	-1	-2.8 -1	-2.85	-2.75	-1.05	-0.95	163
-2.8	-0.9	-2.8 -0.9	-2.85	-2.75	-0.95	-0.85	164
-2.8	-0.8	-2.8 -0.8	-2.85	-2.75	-0.85	-0.75	165
-2.8	-0.7	-2.8 -0.7	-2.85	-2.75	-0.75	-0.65	166
-2.8	-0.6	-2.8 -0.6	-2.85	-2.75	-0.65	-0.55	167
-2.8	-0.5	-2.8 -0.5	-2.85	-2.75	-0.55	-0.45	168
-2.8	-0.4	-2.8 -0.4	-2.85	-2.75	-0.45	-0.35	169
-2.8	-0.3	-2.8 -0.3	-2.85	-2.75	-0.35	-0.25	170
-2.8	-0.2	-2.8 -0.2	-2.85	-2.75	-0.25	-0.15	171
-2.8	-0.1	-2.8 -0.1	-2.85	-2.75	-0.15	-0.0500000000000002	172
-2.8	0	-2.8 0	-2.85	-2.75	-0.0499999999999998	0.0499999999999998	173
-2.8	0.1	-2.8 0.1	-2.85	-2.75	0.0500000000000003	0.15	174
-2.8	0.2	-2.8 0.2	-2.85	-2.75	0.15	0.25	175
-2.8	0.3	-2.8 0.3	-2.85	-2.75	0.25	0.35	176
-2.8	0.4	-2.8 0.4	-2.85	-2.75	0.35	0.45	177
-2.8	0.5	-2.8 0.5	-2.85	-2.75	0.45	0.55	178
-2.8	0.6	-2.8 0.6	-2.85	-2.75	0.55	0.65	179
-2.8	0.7	-2.8 0.7	-2.85	-2.75	0.65	0.75	180
-2.8	0.8	-2.8 0.8	-2.85	-2.75	0.75	0.85	181
-2.8	0.9	-2.8 0.9	-2.85	-2.75	0.85	0.95	182
-2.8	1	-2.8 1	-2.85	-2.75	0.95	1.05	183
-2.8	1.1	-2.8 1.1	-2.85	-2.75	1.05	1.15	184
-2.8	1.2	-2.8 1.2	-2.85	-2.75	1.15	1.25	185
-2.8	1.3	-2.8 1.3	-2.85	-2.75	1.25	1.35	186
-2.8	1.4	-2.8 1.4	-2.85	-2.75	1.35	1.45	187
-2.8	1.5	-2.8 1.5	-2.85	-2.75	1.45	1.55	188
-2.8	1.6	-2.8 1.6	-2.85	-2.75	1.55	1.65	189
-2.8	1.7	-2.8 1.7	-2.85	-2.75	1.65	1.75	190
-2.8	1.8	-2.8 1.8	-2.85	-2.75	1.75	1.85	191
-2.8	1.9	-2.8 1.9	-2.85	-2.75	1.85	1.95	192
-2.8	2	-2.8 2	-2.85	-2.75	1.95	2.05	193
-2.8	2.1	-2.8 2.1	-2.85	-2.75	2.05	2.15	194
-2.8	2.2	-2.8 2.2	-2.85	-2.75	2.15	2.25	195
-2.8	2.3	-2.8 2.3	-2.85	-2.75	2.25	2.35	196
-2.8	2.4	-2.8 2.4	-2.85	-2.75	2.35	2.45	197
-2.8	2.5	-2.8 2.5	-2.85	-2.75	2.45	2.55	198
-2.8	2.6	-2.8 2.6	-2.85	-2.75	2.55	2.65	199
-2.8	2.7	-2.8 2.7	-2.85	-2.75	2.65	2.75	200
-2.8	2.8	-2.8 2.8	-2.85	-2.75	2.75	2.85	201
-2.8	2.9	-2.8 2.9	-2.85	-2.75	2.85	2.95	202
-2.8	3	-2.8 3	-2.85	-2.75	2.95	3.05	203
-2.8	3.1	-2.8 3.1	-2.85	-2.75	3.05	3.15	204
-2.8	3.2	-2.8 3.2	-2.85	-2.75	3.15	3.25	205
-2.8	3.3	-2.8 3.3	-2.85	-2.75	3.25	3.35	206
-2.8	3.4	-2.8 3.4	-2.85	-2.75	3.35	3.45	207
-2.8	3.5	-2.8 3.5	-2.85	-2.75	3.45	3.55	208
-2.8	3.6	-2.8 3.6	-2.85	-2.75	3.55	3.65	209
-2.8	3.7	-2.8 3.7	-2.85	-2.75	3.65	3.75	210
-2.8	3.8	-2.8 3.8	-2.85	-2.75	3.75	3.85	211
-2.8	3.9	-2.8 3.9	-2.85	-2.75	3.85	3.95	212
-2.8	4	-2.8 4	-2.85	-2.75	3.95	4.05	213
-2.8	4.1	-2.8 4.1	-2.85	-2.75	4.05	4.15	214
-2.8	4.2	-2.8 4.2	-2.85	-2.75	4.15	4.25	215
-2.8	4.3	-2.8 4.3	-2.85	-2.75	4.25	4.35	216
-2.8	4.4	-2.8 4.4	-2.85	-2.75	4.35	4.45	217
-2.8	4.5	-2.8 4.5	-2.85	-2.75	4.45	4.55	218
-2.8	4.6	-2.8 4.6	-2.85	-2.75	4.55	4.65	219
-2.8	4.7	-2.8 4.7	-2.85	-2.75	4.65	4.75	220
-2.8	4.8	-2.8 4.8	-2.85	-2.75	4.75	4.85	221
-2.8	4.9	-2.8 4.9	-2.85	-2.75	4.85	4.95	222
-2.8	5	-2.8 5	-2.85	-2.75	4.95	5.05	223
-2.8	5.1	-2.8 5.1	-2.85	-2.75	5.05	5.15	224
-2.8	5.2	-2.8 5.2	-2.85	-2.75	5.15	5.25	225
-2.8	5.3	-2.8 5.3	-2.85	-2.75	5.25	5.35	226
-2.8	5.4	-2.8 5.4	-2.85	-2.75	5.35	5.45	227
-2.8	5.5	-2.8 5.5	-2.85	-2.75	5.45	5.55	228
-2.8	5.6	-2.8 5.6	-2.85	-2.75	5.55	5.65	229
-2.8	5.7	-2.8 5.7	-2.85	-2.75	5.65	5.75	230
-2.8	5.8	-2.8 5.8	-2.85	-2.75	5.75	5.85	231
-2.8	5.9	-2.8 5.9	-2.85	-2.75	5.85	5.95	232
-2.8	6	-2.8 6	-2.85	-2.75	5.95	6.05	233
-2.8	6.1	-2.8 6.1	-2.85	-2.75	6.05	6.15	234
-2.8	6.2	-2.8 6.2	-2.85	-2.75	6.15	6.25	235
-2.8	6.3	-2.8 6.3	-2.85	-2.75	6.25	6.35	236
-2.8	6.4	-2.8 6.4	-2.85	-2.75	6.35	6.45	237
-2.8	6.5	-2.8 6.5	-2.85	-2.75	6.45	6.55	238
-2.8	6.6	-2.8 6.6	-2.85	-2.75	6.55	6.65	239
-2.8	6.7	-2.8 6.7	-2.85	-2.75	6.65	6.75	240
-2.8	6.8	-2.8 6.8	-2.85	-2.75	6.75	6.85	241
-2.8	6.9	-2.8 6.9	-2.85	-2.75	6.85	6.95	242
-2.8	7	-2.8 7	-2.85	-2.75	6.95	7.05	243
-2.7	-1	-2.7 -1	-2.75	-2.65	-1.05	-0.95	244
-2.7	-0.9	-2.7 -0.9	-2.75	-2.65	-0.95	-0.85	245
-2.7	-0.8	-2.7 -0.8	-2.75	-2.65	-0.85	-0.75	246
-2.7	-0.7	-2.7 -0.7	-2.75	-2.65	-0.75	-0.65	247
-2.7	-0.6	-2.7 -0.6	-2.75	-2.65	-0.65	-0.55	248
-2.7	-0.5	-2.7 -0.5	-2.75	-2.65	-0.55	-0.45	249
-2.7	-0.4	-2.7 -0.4	-2.75	-2.65	-0.45	-0.35	250
-2.7	-0.3	-2.7 -0.3	-2.75	-2.65	-0.35	-0.25	251
-2.7	-0.2	-2.7 -0.2	-2.75	-2.65	-0.25	-0.15	252
-2.7	-0.1	-2.7 -0.1	-2.75	-2.65	-0.15	-0.0500000000000002	253
-2.7	0	-2.7 0	-2.75	-2.65	-0.0499999999999998	0.0499999999999998	254
-2.7	0.1	-2.7 0.1	-2.75	-2.65	0.0500000000000003	0.15	255
-2.7	0.2	-2.7 0.2	-2.75	-2.65	0.15	0.25	256
-2.7	0.3	-2.7 0.3	-2.75	-2.65	0.25	0.35	257
-2.7	0.4	-2.7 0.4	-2.75	-2.65	0.35	0.45	258
-2.7	0.5	-2.7 0.5	-2.75	-2.65	0.45	0.55	259
-2.7	0.6	-2.7 0.6	-2.75	-2.65	0.55	0.65	260
-2.7	0.7	-2.7 0.7	-2.75	-2.65	0.65	0.75	261
-2.7	0.8	-2.7 0.8	-2.75	-2.65	0.75	0.85	262
-2.7	0.9	-2.7 0.9	-2.75	-2.65	0.85	0.95	263
-2.7	1	-2.7 1	-2.75	-2.65	0.95	1.05	264
-2.7	1.1	-2.7 1.1	-2.75	-2.65	1.05	1.15	265
-2.7	1.2	-2.7 1.2	-2.75	-2.65	1.15	1.25	266
-2.7	1.3	-2.7 1.3	-2.75	-2.65	1.25	1.35	267
-2.7	1.4	-2.7 1.4	-2.75	-2.65	1.35	1.45	268
-2.7	1.5	-2.7 1.5	-2.75	-2.65	1.45	1.55	269
-2.7	1.6	-2.7 1.6	-2.75	-2.65	1.55	1.65	270
-2.7	1.7	-2.7 1.7	-2.75	-2.65	1.65	1.75	271
-2.7	1.8	-2.7 1.8	-2.75	-2.65	1.75	1.85	272
-2.7	1.9	-2.7 1.9	-2.75	-2.65	1.85	1.95	273
-2.7	2	-2.7 2	-2.75	-2.65	1.95	2.05	274
-2.7	2.1	-2.7 2.1	-2.75	-2.65	2.05	2.15	275
-2.7	2.2	-2.7 2.2	-2.75	-2.65	2.15	2.25	276
-2.7	2.3	-2.7 2.3	-2.75	-2.65	2.25	2.35	277
-2.7	2.4	-2.7 2.4	-2.75	-2.65	2.35	2.45	278
-2.7	2.5	-2.7 2.5	-2.75	-2.65	2.45	2.55	279
-2.7	2.6	-2.7 2.6	-2.75	-2.65	2.55	2.65	280
-2.7	2.7	-2.7 2.7	-2.75	-2.65	2.65	2.75	281
-2.7	2.8	-2.7 2.8	-2.75	-2.65	2.75	2.85	282
-2.7	2.9	-2.7 2.9	-2.75	-2.65	2.85	2.95	283
-2.7	3	-2.7 3	-2.75	-2.65	2.95	3.05	284
-2.7	3.1	-2.7 3.1	-2.75	-2.65	3.05	3.15	285
-2.7	3.2	-2.7 3.2	-2.75	-2.65	3.15	3.25	286
-2.7	3.3	-2.7 3.3	-2.75	-2.65	3.25	3.35	287
-2.7	3.4	-2.7 3.4	-2.75	-2.65	3.35	3.45	288
-2.7	3.5	-2.7 3.5	-2.75	-2.65	3.45	3.55	289
-2.7	3.6	-2.7 3.6	-2.75	-2.65	3.55	3.65	290
-2.7	3.7	-2.7 3.7	-2.75	-2.65	3.65	3.75	291
-2.7	3.8	-2.7 3.8	-2.75	-2.65	3.75	3.85	292
-2.7	3.9	-2.7 3.9	-2.75	-2.65	3.85	3.95	293
-2.7	4	-2.7 4	-2.75	-2.65	3.95	4.05	294
-2.7	4.1	-2.7 4.1	-2.75	-2.65	4.05	4.15	295
-2.7	4.2	-2.7 4.2	-2.75	-2.65	4.15	4.25	296
-2.7	4.3	-2.7 4.3	-2.75	-2.65	4.25	4.35	297
-2.7	4.4	-2.7 4.4	-2.75	-2.65	4.35	4.45	298
-2.7	4.5	-2.7 4.5	-2.75	-2.65	4.45	4.55	299
-2.7	4.6	-2.7 4.6	-2.75	-2.65	4.55	4.65	300
-2.7	4.7	-2.7 4.7	-2.75	-2.65	4.65	4.75	301
-2.7	4.8	-2.7 4.8	-2.75	-2.65	4.75	4.85	302
-2.7	4.9	-2.7 4.9	-2.75	-2.65	4.85	4.95	303
-2.7	5	-2.7 5	-2.75	-2.65	4.95	5.05	304
-2.7	5.1	-2.7 5.1	-2.75	-2.65	5.05	5.15	305
-2.7	5.2	-2.7 5.2	-2.75	-2.65	5.15	5.25	306
-2.7	5.3	-2.7 5.3	-2.75	-2.65	5.25	5.35	307
-2.7	5.4	-2.7 5.4	-2.75	-2.65	5.35	5.45	308
-2.7	5.5	-2.7 5.5	-2.75	-2.65	5.45	5.55	309
-2.7	5.6	-2.7 5.6	-2.75	-2.65	5.55	5.65	310
-2.7	5.7	-2.7 5.7	-2.75	-2.65	5.65	5.75	311
-2.7	5.8	-2.7 5.8	-2.75	-2.65	5.75	5.85	312
-2.7	5.9	-2.7 5.9	-2.75	-2.65	5.85	5.95	313
-2.7	6	-2.7 6	-2.75	-2.65	5.95	6.05	314
-2.7	6.1	-2.7 6.1	-2.75	-2.65	6.05	6.15	315
-2.7	6.2	-2.7 6.2	-2.75	-2.65	6.15	6.25	316
-2.7	6.3	-2.7 6.3	-2.75	-2.65	6.25	6.35	317
-2.7	6.4	-2.7 6.4	-2.75	-2.65	6.35	6.45	318
-2.7	6.5	-2.7 6.5	-2.75	-2.65	6.45	6.55	319
-2.7	6.6	-2.7 6.6	-2.75	-2.65	6.55	6.65	320
-2.7	6.7	-2.7 6.7	-2.75	-2.65	6.65	6.75	321
-2.7	6.8	-2.7 6.8	-2.75	-2.65	6.75	6.85	322
-2.7	6.9	-2.7 6.9	-2.75	-2.65	6.85	6.95	323
-2.7	7	-2.7 7	-2.75	-2.65	6.95	7.05	324
-2.6	-1	-2.6 -1	-2.65	-2.55	-1.05	-0.95	325
-2.6	-0.9	-2.6 -0.9	-2.65	-2.55	-0.95	-0.85	326
-2.6	-0.8	-2.6 -0.8	-2.65	-2.55	-0.85	-0.75	327
-2.6	-0.7	-2.6 -0.7	-2.65	-2.55	-0.75	-0.65	328
-2.6	-0.6	-2.6 -0.6	-2.65	-2.55	-0.65	-0.55	329
-2.6	-0.5	-2.6 -0.5	-2.65	-2.55	-0.55	-0.45	330
-2.6	-0.4	-2.6 -0.4	-2.65	-2.55	-0.45	-0.35	331
-2.6	-0.3	-2.6 -0.3	-2.65	-2.55	-0.35	-0.25	332
-2.6	-0.2	-2.6 -0.2	-2.65	-2.55	-0.25	-0.15	333
-2.6	-0.1	-2.6 -0.1	-2.65	-2.55	-0.15	-0.0500000000000002	334
-2.6	0	-2.6 0	-2.65	-2.55	-0.0499999999999998	0.0499999999999998	335
-2.6	0.1	-2.6 0.1	-2.65	-2.55	0.0500000000000003	0.15	336
-2.6	0.2	-2.6 0.2	-2.65	-2.55	0.15	0.25	337
-2.6	0.3	-2.6 0.3	-2.65	-2.55	0.25	0.35	338
-2.6	0.4	-2.6 0.4	-2.65	-2.55	0.35	0.45	339
-2.6	0.5	-2.6 0.5	-2.65	-2.55	0.45	0.55	340
-2.6	0.6	-2.6 0.6	-2.65	-2.55	0.55	0.65	341
-2.6	0.7	-2.6 0.7	-2.65	-2.55	0.65	0.75	342
-2.6	0.8	-2.6 0.8	-2.65	-2.55	0.75	0.85	343
-2.6	0.9	-2.6 0.9	-2.65	-2.55	0.85	0.95	344
-2.6	1	-2.6 1	-2.65	-2.55	0.95	1.05	345
-2.6	1.1	-2.6 1.1	-2.65	-2.55	1.05	1.15	346
-2.6	1.2	-2.6 1.2	-2.65	-2.55	1.15	1.25	347
-2.6	1.3	-2.6 1.3	-2.65	-2.55	1.25	1.35	348
-2.6	1.4	-2.6 1.4	-2.65	-2.55	1.35	1.45	349
-2.6	1.5	-2.6 1.5	-2.65	-2.55	1.45	1.55	350
-2.6	1.6	-2.6 1.6	-2.65	-2.55	1.55	1.65	351
-2.6	1.7	-2.6 1.7	-2.65	-2.55	1.65	1.75	352
-2.6	1.8	-2.6 1.8	-2.65	-2.55	1.75	1.85	353
-2.6	1.9	-2.6 1.9	-2.65	-2.55	1.85	1.95	354
-2.6	2	-2.6 2	-2.65	-2.55	1.95	2.05	355
-2.6	2.1	-2.6 2.1	-2.65	-2.55	2.05	2.15	356
-2.6	2.2	-2.6 2.2	-2.65	-2.55	2.15	2.25	357
-2.6	2.3	-2.6 2.3	-2.65	-2.55	2.25	2.35	358
-2.6	2.4	-2.6 2.4	-2.65	-2.55	2.35	2.45	359
-2.6	2.5	-2.6 2.5	-2.65	-2.55	2.45	2.55	360
-2.6	2.6	-2.6 2.6	-2.65	-2.55	2.55	2.65	361
-2.6	2.7	-2.6 2.7	-2.65	-2.55	2.65	2.75	362
-2.6	2.8	-2.6 2.8	-2.65	-2.55	2.75	2.85	363
-2.6	2.9	-2.6 2.9	-2.65	-2.55	2.85	2.95	364
-2.6	3	-2.6 3	-2.65	-2.55	2.95	3.05	365
-2.6	3.1	-2.6 3.1	-2.65	-2.55	3.05	3.15	366
-2.6	3.2	-2.6 3.2	-2.65	-2.55	3.15	3.25	367
-2.6	3.3	-2.6 3.3	-2.65	-2.55	3.25	3.35	368
-2.6	3.4	-2.6 3.4	-2.65	-2.55	3.35	3.45	369
-2.6	3.5	-2.6 3.5	-2.65	-2.55	3.45	3.55	370
-2.6	3.6	-2.6 3.6	-2.65	-2.55	3.55	3.65	371
-2.6	3.7	-2.6 3.7	-2.65	-2.55	3.65	3.75	372
-2.6	3.8	-2.6 3.8	-2.65	-2.55	3.75	3.85	373
-2.6	3.9	-2.6 3.9	-2.65	-2.55	3.85	3.95	374
-2.6	4	-2.6 4	-2.65	-2.55	3.95	4.05	375
-2.6	4.1	-2.6 4.1	-2.65	-2.55	4.05	4.15	376
-2.6	4.2	-2.6 4.2	-2.65	-2.55	4.15	4.25	377
-2.6	4.3	-2.6 4.3	-2.65	-2.55	4.25	4.35	378
-2.6	4.4	-2.6 4.4	-2.65	-2.55	4.35	4.45	379
-2.6	4.5	-2.6 4.5	-2.65	-2.55	4.45	4.55	380
-2.6	4.6	-2.6 4.6	-2.65	-2.55	4.55	4.65	381
-2.6	4.7	-2.6 4.7	-2.65	-2.55	4.65	4.75	382
-2.6	4.8	-2.6 4.8	-2.65	-2.55	4.75	4.85	383
-2.6	4.9	-2.6 4.9	-2.65	-2.55	4.85	4.95	384
-2.6	5	-2.6 5	-2.65	-2.55	4.95	5.05	385
-2.6	5.1	-2.6 5.1	-2.65	-2.55	5.05	5.15	386
-2.6	5.2	-2.6 5.2	-2.65	-2.55	5.15	5.25	387
-2.6	5.3	-2.6 5.3	-2.65	-2.55	5.25	5.35	388
-2.6	5.4	-2.6 5.4	-2.65	-2.55	5.35	5.45	389
-2.6	5.5	-2.6 5.5	-2.65	-2.55	5.45	5.55	390
-2.6	5.6	-2.6 5.6	-2.65	-2.55	5.55	5.65	391
-2.6	5.7	-2.6 5.7	-2.65	-2.55	5.65	5.75	392
-2.6	5.8	-2.6 5.8	-2.65	-2.55	5.75	5.85	393
-2.6	5.9	-2.6 5.9	-2.65	-2.55	5.85	5.95	394
-2.6	6	-2.6 6	-2.65	-2.55	5.95	6.05	395
-2.6	6.1	-2.6 6.1	-2.65	-2.55	6.05	6.15	396
-2.6	6.2	-2.6 6.2	-2.65	-2.55	6.15	6.25	397
-2.6	6.3	-2.6 6.3	-2.65	-2.55	6.25	6.35	398
-2.6	6.4	-2.6 6.4	-2.65	-2.55	6.35	6.45	399
-2.6	6.5	-2.6 6.5	-2.65	-2.55	6.45	6.55	400
-2.6	6.6	-2.6 6.6	-2.65	-2.55	6.55	6.65	401
-2.6	6.7	-2.6 6.7	-2.65	-2.55	6.65	6.75	402
-2.6	6.8	-2.6 6.8	-2.65	-2.55	6.75	6.85	403
-2.6	6.9	-2.6 6.9	-2.65	-2.55	6.85	6.95	404
-2.6	7	-2.6 7	-2.65	-2.55	6.95	7.05	405
-2.5	-1	-2.5 -1	-2.55	-2.45	-1.05	-0.95	406
-2.5	-0.9	-2.5 -0.9	-2.55	-2.45	-0.95	-0.85	407
-2.5	-0.8	-2.5 -0.8	-2.55	-2.45	-0.85	-0.75	408
-2.5	-0.7	-2.5 -0.7	-2.55	-2.45	-0.75	-0.65	409
-2.5	-0.6	-2.5 -0.6	-2.55	-2.45	-0.65	-0.55	410
-2.5	-0.5	-2.5 -0.5	-2.55	-2.45	-0.55	-0.45	411
-2.5	-0.4	-2.5 -0.4	-2.55	-2.45	-0.45	-0.35	412
-2.5	-0.3	-2.5 -0.3	-2.55	-2.45	-0.35	-0.25	413
-2.5	-0.2	-2.5 -0.2	-2.55	-2.45	-0.25	-0.15	414
-2.5	-0.1	-2.5 -0.1	-2.55	-2.45	-0.15	-0.0500000000000002	415
-2.5	0	-2.5 0	-2.55	-2.45	-0.0499999999999998	0.0499999999999998	416
-2.5	0.1	-2.5 0.1	-2.55	-2.45	0.0500000000000003	0.15	417
-2.5	0.2	-2.5 0.2	-2.55	-2.45	0.15	0.25	418
-2.5	0.3	-2.5 0.3	-2.55	-2.45	0.25	0.35	419
-2.5	0.4	-2.5 0.4	-2.55	-2.45	0.35	0.45	420
-2.5	0.5	-2.5 0.5	-2.55	-2.45	0.45	0.55	421
-2.5	0.6	-2.5 0.6	-2.55	-2.45	0.55	0.65	422
-2.5	0.7	-2.5 0.7	-2.55	-2.45	0.65	0.75	423
-2.5	0.8	-2.5 0.8	-2.55	-2.45	0.75	0.85	424
-2.5	0.9	-2.5 0.9	-2.55	-2.45	0.85	0.95	425
-2.5	1	-2.5 1	-2.55	-2.45	0.95	1.05	426
-2.5	1.1	-2.5 1.1	-2.55	-2.45	1.05	1.15	427
-2.5	1.2	-2.5 1.2	-2.55	-2.45	1.15	1.25	428
-2.5	1.3	-2.5 1.3	-2.55	-2.45	1.25	1.35	429
-2.5	1.4	-2.5 1.4	-2.55	-2.45	1.35	1.45	430
-2.5	1.5	-2.5 1.5	-2.55	-2.45	1.45	1.55	431
-2.5	1.6	-2.5 1.6	-2.55	-2.45	1.55	1.65	432
-2.5	1.7	-2.5 1.7	-2.55	-2.45	1.65	1.75	433
-2.5	1.8	-2.5 1.8	-2.55	-2.45	1.75	1.85	434
-2.5	1.9	-2.5 1.9	-2.55	-2.45	1.85	1.95	435
-2.5	2	-2.5 2	-2.55	-2.45	1.95	2.05	436
-2.5	2.1	-2.5 2.1	-2.55	-2.45	2.05	2.15	437
-2.5	2.2	-2.5 2.2	-2.55	-2.45	2.15	2.25	438
-2.5	2.3	-2.5 2.3	-2.55	-2.45	2.25	2.35	439
-2.5	2.4	-2.5 2.4	-2.55	-2.45	2.35	2.45	440
-2.5	2.5	-2.5 2.5	-2.55	-2.45	2.45	2.55	441
-2.5	2.6	-2.5 2.6	-2.55	-2.45	2.55	2.65	442
-2.5	2.7	-2.5 2.7	-2.55	-2.45	2.65	2.75	443
-2.5	2.8	-2.5 2.8	-2.55	-2.45	2.75	2.85	444
-2.5	2.9	-2.5 2.9	-2.55	-2.45	2.85	2.95	445
-2.5	3	-2.5 3	-2.55	-2.45	2.95	3.05	446
-2.5	3.1	-2.5 3.1	-2.55	-2.45	3.05	3.15	447
-2.5	3.2	-2.5 3.2	-2.55	-2.45	3.15	3.25	448
-2.5	3.3	-2.5 3.3	-2.55	-2.45	3.25	3.35	449
-2.5	3.4	-2.5 3.4	-2.55	-2.45	3.35	3.45	450
-2.5	3.5	-2.5 3.5	-2.55	-2.45	3.45	3.55	451
-2.5	3.6	-2.5 3.6	-2.55	-2.45	3.55	3.65	452
-2.5	3.7	-2.5 3.7	-2.55	-2.45	3.65	3.75	453
-2.5	3.8	-2.5 3.8	-2.55	-2.45	3.75	3.85	454
-2.5	3.9	-2.5 3.9	-2.55	-2.45	3.85	3.95	455
-2.5	4	-2.5 4	-2.55	-2.45	3.95	4.05	456
-2.5	4.1	-2.5 4.1	-2.55	-2.45	4.05	4.15	457
-2.5	4.2	-2.5 4.2	-2.55	-2.45	4.15	4.25	458
-2.5	4.3	-2.5 4.3	-2.55	-2.45	4.25	4.35	459
-2.5	4.4	-2.5 4.4	-2.55	-2.45	4.35	4.45	460
-2.5	4.5	-2.5 4.5	-2.55	-2.45	4.45	4.55	461
-2.5	4.6	-2.5 4.6	-2.55	-2.45	4.55	4.65	462
-2.5	4.7	-2.5 4.7	-2.55	-2.45	4.65	4.75	463
-2.5	4.8	-2.5 4.8	-2.55	-2.45	4.75	4.85	464
-2.5	4.9	-2.5 4.9	-2.55	-2.45	4.85	4.95	465
-2.5	5	-2.5 5	-2.55	-2.45	4.95	5.05	466
-2.5	5.1	-2.5 5.1	-2.55	-2.45	5.05	5.15	467
-2.5	5.2	-2.5 5.2	-2.55	-2.45	5.15	5.25	468
-2.5	5.3	-2.5 5.3	-2.55	-2.45	5.25	5.35	469
-2.5	5.4	-2.5 5.4	-2.55	-2.45	5.35	5.45	470
-2.5	5.5	-2.5 5.5	-2.55	-2.45	5.45	5.55	471
-2.5	5.6	-2.5 5.6	-2.55	-2.45	5.55	5.65	472
-2.5	5.7	-2.5 5.7	-2.55	-2.45	5.65	5.75	473
-2.5	5.8	-2.5 5.8	-2.55	-2.45	5.75	5.85	474
-2.5	5.9	-2.5 5.9	-2.55	-2.45	5.85	5.95	475
-2.5	6	-2.5 6	-2.55	-2.45	5.95	6.05	476
-2.5	6.1	-2.5 6.1	-2.55	-2.45	6.05	6.15	477
-2.5	6.2	-2.5 6.2	-2.55	-2.45	6.15	6.25	478
-2.5	6.3	-2.5 6.3	-2.55	-2.45	6.25	6.35	479
-2.5	6.4	-2.5 6.4	-2.55	-2.45	6.35	6.45	480
-2.5	6.5	-2.5 6.5	-2.55	-2.45	6.45	6.55	481
-2.5	6.6	-2.5 6.6	-2.55	-2.45	6.55	6.65	482
-2.5	6.7	-2.5 6.7	-2.55	-2.45	6.65	6.75	483
-2.5	6.8	-2.5 6.8	-2.55	-2.45	6.75	6.85	484
-2.5	6.9	-2.5 6.9	-2.55	-2.45	6.85	6.95	485
-2.5	7	-2.5 7	-2.55	-2.45	6.95	7.05	486
-2.4	-1	-2.4 -1	-2.45	-2.35	-1.05	-0.95	487
-2.4	-0.9	-2.4 -0.9	-2.45	-2.35	-0.95	-0.85	488
-2.4	-0.8	-2.4 -0.8	-2.45	-2.35	-0.85	-0.75	489
-2.4	-0.7	-2.4 -0.7	-2.45	-2.35	-0.75	-0.65	490
-2.4	-0.6	-2.4 -0.6	-2.45	-2.35	-0.65	-0.55	491
-2.4	-0.5	-2.4 -0.5	-2.45	-2.35	-0.55	-0.45	492
-2.4	-0.4	-2.4 -0.4	-2.45	-2.35	-0.45	-0.35	493
-2.4	-0.3	-2.4 -0.3	-2.45	-2.35	-0.35	-0.25	494
-2.4	-0.2	-2.4 -0.2	-2.45	-2.35	-0.25	-0.15	495
-2.4	-0.1	-2.4 -0.1	-2.45	-2.35	-0.15	-0.0500000000000002	496
-2.4	0	-2.4 0	-2.45	-2.35	-0.0499999999999998	0.0499999999999998	497
-2.4	0.1	-2.4 0.1	-2.45	-2.35	0.0500000000000003	0.15	498
-2.4	0.2	-2.4 0.2	-2.45	-2.35	0.15	0.25	499
-2.4	0.3	-2.4 0.3	-2.45	-2.35	0.25	0.35	500
-2.4	0.4	-2.4 0.4	-2.45	-2.35	0.35	0.45	501
-2.4	0.5	-2.4 0.5	-2.45	-2.35	0.45	0.55	502
-2.4	0.6	-2.4 0.6	-2.45	-2.35	0.55	0.65	503
-2.4	0.7	-2.4 0.7	-2.45	-2.35	0.65	0.75	504
-2.4	0.8	-2.4 0.8	-2.45	-2.35	0.75	0.85	505
-2.4	0.9	-2.4 0.9	-2.45	-2.35	0.85	0.95	506
-2.4	1	-2.4 1	-2.45	-2.35	0.95	1.05	507
-2.4	1.1	-2.4 1.1	-2.45	-2.35	1.05	1.15	508
-2.4	1.2	-2.4 1.2	-2.45	-2.35	1.15	1.25	509
-2.4	1.3	-2.4 1.3	-2.45	-2.35	1.25	1.35	510
-2.4	1.4	-2.4 1.4	-2.45	-2.35	1.35	1.45	511
-2.4	1.5	-2.4 1.5	-2.45	-2.35	1.45	1.55	512
-2.4	1.6	-2.4 1.6	-2.45	-2.35	1.55	1.65	513
-2.4	1.7	-2.4 1.7	-2.45	-2.35	1.65	1.75	514
-2.4	1.8	-2.4 1.8	-2.45	-2.35	1.75	1.85	515
-2.4	1.9	-2.4 1.9	-2.45	-2.35	1.85	1.95	516
-2.4	2	-2.4 2	-2.45	-2.35	1.95	2.05	517
-2.4	2.1	-2.4 2.1	-2.45	-2.35	2.05	2.15	518
-2.4	2.2	-2.4 2.2	-2.45	-2.35	2.15	2.25	519
-2.4	2.3	-2.4 2.3	-2.45	-2.35	2.25	2.35	520
-2.4	2.4	-2.4 2.4	-2.45	-2.35	2.35	2.45	521
-2.4	2.5	-2.4 2.5	-2.45	-2.35	2.45	2.55	522
-2.4	2.6	-2.4 2.6	-2.45	-2.35	2.55	2.65	523
-2.4	2.7	-2.4 2.7	-2.45	-2.35	2.65	2.75	524
-2.4	2.8	-2.4 2.8	-2.45	-2.35	2.75	2.85	525
-2.4	2.9	-2.4 2.9	-2.45	-2.35	2.85	2.95	526
-2.4	3	-2.4 3	-2.45	-2.35	2.95	3.05	527
-2.4	3.1	-2.4 3.1	-2.45	-2.35	3.05	3.15	528
-2.4	3.2	-2.4 3.2	-2.45	-2.35	3.15	3.25	529
-2.4	3.3	-2.4 3.3	-2.45	-2.35	3.25	3.35	530
-2.4	3.4	-2.4 3.4	-2.45	-2.35	3.35	3.45	531
-2.4	3.5	-2.4 3.5	-2.45	-2.35	3.45	3.55	532
-2.4	3.6	-2.4 3.6	-2.45	-2.35	3.55	3.65	533
-2.4	3.7	-2.4 3.7	-2.45	-2.35	3.65	3.75	534
-2.4	3.8	-2.4 3.8	-2.45	-2.35	3.75	3.85	535
-2.4	3.9	-2.4 3.9	-2.45	-2.35	3.85	3.95	536
-2.4	4	-2.4 4	-2.45	-2.35	3.95	4.05	537
-2.4	4.1	-2.4 4.1	-2.45	-2.35	4.05	4.15	538
-2.4	4.2	-2.4 4.2	-2.45	-2.35	4.15	4.25	539
-2.4	4.3	-2.4 4.3	-2.45	-2.35	4.25	4.35	540
-2.4	4.4	-2.4 4.4	-2.45	-2.35	4.35	4.45	541
-2.4	4.5	-2.4 4.5	-2.45	-2.35	4.45	4.55	542
-2.4	4.6	-2.4 4.6	-2.45	-2.35	4.55	4.65	543
-2.4	4.7	-2.4 4.7	-2.45	-2.35	4.65	4.75	544
-2.4	4.8	-2.4 4.8	-2.45	-2.35	4.75	4.85	545
-2.4	4.9	-2.4 4.9	-2.45	-2.35	4.85	4.95	546
-2.4	5	-2.4 5	-2.45	-2.35	4.95	5.05	547
-2.4	5.1	-2.4 5.1	-2.45	-2.35	5.05	5.15	548
-2.4	5.2	-2.4 5.2	-2.45	-2.35	5.15	5.25	549
-2.4	5.3	-2.4 5.3	-2.45	-2.35	5.25	5.35	550
-2.4	5.4	-2.4 5.4	-2.45	-2.35	5.35	5.45	551
-2.4	5.5	-2.4 5.5	-2.45	-2.35	5.45	5.55	552
-2.4	5.6	-2.4 5.6	-2.45	-2.35	5.55	5.65	553
-2.4	5.7	-2.4 5.7	-2.45	-2.35	5.65	5.75	554
-2.4	5.8	-2.4 5.8	-2.45	-2.35	5.75	5.85	555
-2.4	5.9	-2.4 5.9	-2.45	-2.35	5.85	5.95	556
-2.4	6	-2.4 6	-2.45	-2.35	5.95	6.05	557
-2.4	6.1	-2.4 6.1	-2.45	-2.35	6.05	6.15	558
-2.4	6.2	-2.4 6.2	-2.45	-2.35	6.15	6.25	559
-2.4	6.3	-2.4 6.3	-2.45	-2.35	6.25	6.35	560
-2.4	6.4	-2.4 6.4	-2.45	-2.35	6.35	6.45	561
-2.4	6.5	-2.4 6.5	-2.45	-2.35	6.45	6.55	562
-2.4	6.6	-2.4 6.6	-2.45	-2.35	6.55	6.65	563
-2.4	6.7	-2.4 6.7	-2.45	-2.35	6.65	6.75	564
-2.4	6.8	-2.4 6.8	-2.45	-2.35	6.75	6.85	565
-2.4	6.9	-2.4 6.9	-2.45	-2.35	6.85	6.95	566
-2.4	7	-2.4 7	-2.45	-2.35	6.95	7.05	567
-2.3	-1	-2.3 -1	-2.35	-2.25	-1.05	-0.95	568
-2.3	-0.9	-2.3 -0.9	-2.35	-2.25	-0.95	-0.85	569
-2.3	-0.8	-2.3 -0.8	-2.35	-2.25	-0.85	-0.75	570
-2.3	-0.7	-2.3 -0.7	-2.35	-2.25	-0.75	-0.65	571
-2.3	-0.6	-2.3 -0.6	-2.35	-2.25	-0.65	-0.55	572
-2.3	-0.5	-2.3 -0.5	-2.35	-2.25	-0.55	-0.45	573
-2.3	-0.4	-2.3 -0.4	-2.35	-2.25	-0.45	-0.35	574
-2.3	-0.3	-2.3 -0.3	-2.35	-2.25	-0.35	-0.25	575
-2.3	-0.2	-2.3 -0.2	-2.35	-2.25	-0.25	-0.15	576
-2.3	-0.1	-2.3 -0.1	-2.35	-2.25	-0.15	-0.0500000000000002	577
-2.3	0	-2.3 0	-2.35	-2.25	-0.0499999999999998	0.0499999999999998	578
-2.3	0.1	-2.3 0.1	-2.35	-2.25	0.0500000000000003	0.15	579
-2.3	0.2	-2.3 0.2	-2.35	-2.25	0.15	0.25	580
-2.3	0.3	-2.3 0.3	-2.35	-2.25	0.25	0.35	581
-2.3	0.4	-2.3 0.4	-2.35	-2.25	0.35	0.45	582
-2.3	0.5	-2.3 0.5	-2.35	-2.25	0.45	0.55	583
-2.3	0.6	-2.3 0.6	-2.35	-2.25	0.55	0.65	584
-2.3	0.7	-2.3 0.7	-2.35	-2.25	0.65	0.75	585
-2.3	0.8	-2.3 0.8	-2.35	-2.25	0.75	0.85	586
-2.3	0.9	-2.3 0.9	-2.35	-2.25	0.85	0.95	587
-2.3	1	-2.3 1	-2.35	-2.25	0.95	1.05	588
-2.3	1.1	-2.3 1.1	-2.35	-2.25	1.05	1.15	589
-2.3	1.2	-2.3 1.2	-2.35	-2.25	1.15	1.25	590
-2.3	1.3	-2.3 1.3	-2.35	-2.25	1.25	1.35	591
-2.3	1.4	-2.3 1.4	-2.35	-2.25	1.35	1.45	592
-2.3	1.5	-2.3 1.5	-2.35	-2.25	1.45	1.55	593
-2.3	1.6	-2.3 1.6	-2.35	-2.25	1.55	1.65	594
-2.3	1.7	-2.3 1.7	-2.35	-2.25	1.65	1.75	595
-2.3	1.8	-2.3 1.8	-2.35	-2.25	1.75	1.85	596
-2.3	1.9	-2.3 1.9	-2.35	-2.25	1.85	1.95	597
-2.3	2	-2.3 2	-2.35	-2.25	1.95	2.05	598
-2.3	2.1	-2.3 2.1	-2.35	-2.25	2.05	2.15	599
-2.3	2.2	-2.3 2.2	-2.35	-2.25	2.15	2.25	600
-2.3	2.3	-2.3 2.3	-2.35	-2.25	2.25	2.35	601
-2.3	2.4	-2.3 2.4	-2.35	-2.25	2.35	2.45	602
-2.3	2.5	-2.3 2.5	-2.35	-2.25	2.45	2.55	603
-2.3	2.6	-2.3 2.6	-2.35	-2.25	2.55	2.65	604
-2.3	2.7	-2.3 2.7	-2.35	-2.25	2.65	2.75	605
-2.3	2.8	-2.3 2.8	-2.35	-2.25	2.75	2.85	606
-2.3	2.9	-2.3 2.9	-2.35	-2.25	2.85	2.95	607
-2.3	3	-2.3 3	-2.35	-2.25	2.95	3.05	608
-2.3	3.1	-2.3 3.1	-2.35	-2.25	3.05	3.15	609
-2.3	3.2	-2.3 3.2	-2.35	-2.25	3.15	3.25	610
-2.3	3.3	-2.3 3.3	-2.35	-2.25	3.25	3.35	611
-2.3	3.4	-2.3 3.4	-2.35	-2.25	3.35	3.45	612
-2.3	3.5	-2.3 3.5	-2.35	-2.25	3.45	3.55	613
-2.3	3.6	-2.3 3.6	-2.35	-2.25	3.55	3.65	614
-2.3	3.7	-2.3 3.7	-2.35	-2.25	3.65	3.75	615
-2.3	3.8	-2.3 3.8	-2.35	-2.25	3.75	3.85	616
-2.3	3.9	-2.3 3.9	-2.35	-2.25	3.85	3.95	617
-2.3	4	-2.3 4	-2.35	-2.25	3.95	4.05	618
-2.3	4.1	-2.3 4.1	-2.35	-2.25	4.05	4.15	619
-2.3	4.2	-2.3 4.2	-2.35	-2.25	4.15	4.25	620
-2.3	4.3	-2.3 4.3	-2.35	-2.25	4.25	4.35	621
-2.3	4.4	-2.3 4.4	-2.35	-2.25	4.35	4.45	622
-2.3	4.5	-2.3 4.5	-2.35	-2.25	4.45	4.55	623
-2.3	4.6	-2.3 4.6	-2.35	-2.25	4.55	4.65	624
-2.3	4.7	-2.3 4.7	-2.35	-2.25	4.65	4.75	625
-2.3	4.8	-2.3 4.8	-2.35	-2.25	4.75	4.85	626
-2.3	4.9	-2.3 4.9	-2.35	-2.25	4.85	4.95	627
-2.3	5	-2.3 5	-2.35	-2.25	4.95	5.05	628
-2.3	5.1	-2.3 5.1	-2.35	-2.25	5.05	5.15	629
-2.3	5.2	-2.3 5.2	-2.35	-2.25	5.15	5.25	630
-2.3	5.3	-2.3 5.3	-2.35	-2.25	5.25	5.35	631
-2.3	5.4	-2.3 5.4	-2.35	-2.25	5.35	5.45	632
-2.3	5.5	-2.3 5.5	-2.35	-2.25	5.45	5.55	633
-2.3	5.6	-2.3 5.6	-2.35	-2.25	5.55	5.65	634
-2.3	5.7	-2.3 5.7	-2.35	-2.25	5.65	5.75	635
-2.3	5.8	-2.3 5.8	-2.35	-2.25	5.75	5.85	636
-2.3	5.9	-2.3 5.9	-2.35	-2.25	5.85	5.95	637
-2.3	6	-2.3 6	-2.35	-2.25	5.95	6.05	638
-2.3	6.1	-2.3 6.1	-2.35	-2.25	6.05	6.15	639
-2.3	6.2	-2.3 6.2	-2.35	-2.25	6.15	6.25	640
-2.3	6.3	-2.3 6.3	-2.35	-2.25	6.25	6.35	641
-2.3	6.4	-2.3 6.4	-2.35	-2.25	6.35	6.45	642
-2.3	6.5	-2.3 6.5	-2.35	-2.25	6.45	6.55	643
-2.3	6.6	-2.3 6.6	-2.35	-2.25	6.55	6.65	644
-2.3	6.7	-2.3 6.7	-2.35	-2.25	6.65	6.75	645
-2.3	6.8	-2.3 6.8	-2.35	-2.25	6.75	6.85	646
-2.3	6.9	-2.3 6.9	-2.35	-2.25	6.85	6.95	647
-2.3	7	-2.3 7	-2.35	-2.25	6.95	7.05	648
-2.2	-1	-2.2 -1	-2.25	-2.15	-1.05	-0.95	649
-2.2	-0.9	-2.2 -0.9	-2.25	-2.15	-0.95	-0.85	650
-2.2	-0.8	-2.2 -0.8	-2.25	-2.15	-0.85	-0.75	651
-2.2	-0.7	-2.2 -0.7	-2.25	-2.15	-0.75	-0.65	652
-2.2	-0.6	-2.2 -0.6	-2.25	-2.15	-0.65	-0.55	653
-2.2	-0.5	-2.2 -0.5	-2.25	-2.15	-0.55	-0.45	654
-2.2	-0.4	-2.2 -0.4	-2.25	-2.15	-0.45	-0.35	655
-2.2	-0.3	-2.2 -0.3	-2.25	-2.15	-0.35	-0.25	656
-2.2	-0.2	-2.2 -0.2	-2.25	-2.15	-0.25	-0.15	657
-2.2	-0.1	-2.2 -0.1	-2.25	-2.15	-0.15	-0.0500000000000002	658
-2.2	0	-2.2 0	-2.25	-2.15	-0.0499999999999998	0.0499999999999998	659
-2.2	0.1	-2.2 0.1	-2.25	-2.15	0.0500000000000003	0.15	660
-2.2	0.2	-2.2 0.2	-2.25	-2.15	0.15	0.25	661
-2.2	0.3	-2.2 0.3	-2.25	-2.15	0.25	0.35	662
-2.2	0.4	-2.2 0.4	-2.25	-2.15	0.35	0.45	663
-2.2	0.5	-2.2 0.5	-2.25	-2.15	0.45	0.55	664
-2.2	0.6	-2.2 0.6	-2.25	-2.15	0.55	0.65	665
-2.2	0.7	-2.2 0.7	-2.25	-2.15	0.65	0.75	666
-2.2	0.8	-2.2 0.8	-2.25	-2.15	0.75	0.85	667
-2.2	0.9	-2.2 0.9	-2.25	-2.15	0.85	0.95	668
-2.2	1	-2.2 1	-2.25	-2.15	0.95	1.05	669
-2.2	1.1	-2.2 1.1	-2.25	-2.15	1.05	1.15	670
-2.2	1.2	-2.2 1.2	-2.25	-2.15	1.15	1.25	671
-2.2	1.3	-2.2 1.3	-2.25	-2.15	1.25	1.35	672
-2.2	1.4	-2.2 1.4	-2.25	-2.15	1.35	1.45	673
-2.2	1.5	-2.2 1.5	-2.25	-2.15	1.45	1.55	674
-2.2	1.6	-2.2 1.6	-2.25	-2.15	1.55	1.65	675
-2.2	1.7	-2.2 1.7	-2.25	-2.15	1.65	1.75	676
-2.2	1.8	-2.2 1.8	-2.25	-2.15	1.75	1.85	677
-2.2	1.9	-2.2 1.9	-2.25	-2.15	1.85	1.95	678
-2.2	2	-2.2 2	-2.25	-2.15	1.95	2.05	679
-2.2	2.1	-2.2 2.1	-2.25	-2.15	2.05	2.15	680
-2.2	2.2	-2.2 2.2	-2.25	-2.15	2.15	2.25	681
-2.2	2.3	-2.2 2.3	-2.25	-2.15	2.25	2.35	682
-2.2	2.4	-2.2 2.4	-2.25	-2.15	2.35	2.45	683
-2.2	2.5	-2.2 2.5	-2.25	-2.15	2.45	2.55	684
-2.2	2.6	-2.2 2.6	-2.25	-2.15	2.55	2.65	685
-2.2	2.7	-2.2 2.7	-2.25	-2.15	2.65	2.75	686
-2.2	2.8	-2.2 2.8	-2.25	-2.15	2.75	2.85	687
-2.2	2.9	-2.2 2.9	-2.25	-2.15	2.85	2.95	688
-2.2	3	-2.2 3	-2.25	-2.15	2.95	3.05	689
-2.2	3.1	-2.2 3.1	-2.25	-2.15	3.05	3.15	690
-2.2	3.2	-2.2 3.2	-2.25	-2.15	3.15	3.25	691
-2.2	3.3	-2.2 3.3	-2.25	-2.15	3.25	3.35	692
-2.2	3.4	-2.2 3.4	-2.25	-2.15	3.35	3.45	693
-2.2	3.5	-2.2 3.5	-2.25	-2.15	3.45	3.55	694
-2.2	3.6	-2.2 3.6	-2.25	-2.15	3.55	3.65	695
-2.2	3.7	-2.2 3.7	-2.25	-2.15	3.65	3.75	696
-2.2	3.8	-2.2 3.8	-2.25	-2.15	3.75	3.85	697
-2.2	3.9	-2.2 3.9	-2.25	-2.15	3.85	3.95	698
-2.2	4	-2.2 4	-2.25	-2.15	3.95	4.05	699
-2.2	4.1	-2.2 4.1	-2.25	-2.15	4.05	4.15	700
-2.2	4.2	-2.2 4.2	-2.25	-2.15	4.15	4.25	701
-2.2	4.3	-2.2 4.3	-2.25	-2.15	4.25	4.35	702
-2.2	4.4	-2.2 4.4	-2.25	-2.15	4.35	4.45	703
-2.2	4.5	-2.2 4.5	-2.25	-2.15	4.45	4.55	704
-2.2	4.6	-2.2 4.6	-2.25	-2.15	4.55	4.65	705
-2.2	4.7	-2.2 4.7	-2.25	-2.15	4.65	4.75	706
-2.2	4.8	-2.2 4.8	-2.25	-2.15	4.75	4.85	707
-2.2	4.9	-2.2 4.9	-2.25	-2.15	4.85	4.95	708
-2.2	5	-2.2 5	-2.25	-2.15	4.95	5.05	709
-2.2	5.1	-2.2 5.1	-2.25	-2.15	5.05	5.15	710
-2.2	5.2	-2.2 5.2	-2.25	-2.15	5.15	5.25	711
-2.2	5.3	-2.2 5.3	-2.25	-2.15	5.25	5.35	712
-2.2	5.4	-2.2 5.4	-2.25	-2.15	5.35	5.45	713
-2.2	5.5	-2.2 5.5	-2.25	-2.15	5.45	5.55	714
-2.2	5.6	-2.2 5.6	-2.25	-2.15	5.55	5.65	715
-2.2	5.7	-2.2 5.7	-2.25	-2.15	5.65	5.75	716
-2.2	5.8	-2.2 5.8	-2.25	-2.15	5.75	5.85	717
-2.2	5.9	-2.2 5.9	-2.25	-2.15	5.85	5.95	718
-2.2	6	-2.2 6	-2.25	-2.15	5.95	6.05	719
-2.2	6.1	-2.2 6.1	-2.25	-2.15	6.05	6.15	720
-2.2	6.2	-2.2 6.2	-2.25	-2.15	6.15	6.25	721
-2.2	6.3	-2.2 6.3	-2.25	-2.15	6.25	6.35	722
-2.2	6.4	-2.2 6.4	-2.25	-2.15	6.35	6.45	723
-2.2	6.5	-2.2 6.5	-2.25	-2.15	6.45	6.55	724
-2.2	6.6	-2.2 6.6	-2.25	-2.15	6.55	6.65	725
-2.2	6.7	-2.2 6.7	-2.25	-2.15	6.65	6.75	726
-2.2	6.8	-2.2 6.8	-2.25	-2.15	6.75	6.85	727
-2.2	6.9	-2.2 6.9	-2.25	-2.15	6.85	6.95	728
-2.2	7	-2.2 7	-2.25	-2.15	6.95	7.05	729
-2.1	-1	-2.1 -1	-2.15	-2.05	-1.05	-0.95	730
-2.1	-0.9	-2.1 -0.9	-2.15	-2.05	-0.95	-0.85	731
-2.1	-0.8	-2.1 -0.8	-2.15	-2.05	-0.85	-0.75	732
-2.1	-0.7	-2.1 -0.7	-2.15	-2.05	-0.75	-0.65	733
-2.1	-0.6	-2.1 -0.6	-2.15	-2.05	-0.65	-0.55	734
-2.1	-0.5	-2.1 -0.5	-2.15	-2.05	-0.55	-0.45	735
-2.1	-0.4	-2.1 -0.4	-2.15	-2.05	-0.45	-0.35	736
-2.1	-0.3	-2.1 -0.3	-2.15	-2.05	-0.35	-0.25	737
-2.1	-0.2	-2.1 -0.2	-2.15	-2.05	-0.25	-0.15	738
-2.1	-0.1	-2.1 -0.1	-2.15	-2.05	-0.15	-0.0500000000000002	739
-2.1	0	-2.1 0	-2.15	-2.05	-0.0499999999999998	0.0499999999999998	740
-2.1	0.1	-2.1 0.1	-2.15	-2.05	0.0500000000000003	0.15	741
-2.1	0.2	-2.1 0.2	-2.15	-2.05	0.15	0.25	742
-2.1	0.3	-2.1 0.3	-2.15	-2.05	0.25	0.35	743
-2.1	0.4	-2.1 0.4	-2.15	-2.05	0.35	0.45	744
-2.1	0.5	-2.1 0.5	-2.15	-2.05	0.45	0.55	745
-2.1	0.6	-2.1 0.6	-2.15	-2.05	0.55	0.65	746
-2.1	0.7	-2.1 0.7	-2.15	-2.05	0.65	0.75	747
-2.1	0.8	-2.1 0.8	-2.15	-2.05	0.75	0.85	748
-2.1	0.9	-2.1 0.9	-2.15	-2.05	0.85	0.95	749
-2.1	1	-2.1 1	-2.15	-2.05	0.95	1.05	750
-2.1	1.1	-2.1 1.1	-2.15	-2.05	1.05	1.15	751
-2.1	1.2	-2.1 1.2	-2.15	-2.05	1.15	1.25	752
-2.1	1.3	-2.1 1.3	-2.15	-2.05	1.25	1.35	753
-2.1	1.4	-2.1 1.4	-2.15	-2.05	1.35	1.45	754
-2.1	1.5	-2.1 1.5	-2.15	-2.05	1.45	1.55	755
-2.1	1.6	-2.1 1.6	-2.15	-2.05	1.55	1.65	756
-2.1	1.7	-2.1 1.7	-2.15	-2.05	1.65	1.75	757
-2.1	1.8	-2.1 1.8	-2.15	-2.05	1.75	1.85	758
-2.1	1.9	-2.1 1.9	-2.15	-2.05	1.85	1.95	759
-2.1	2	-2.1 2	-2.15	-2.05	1.95	2.05	760
-2.1	2.1	-2.1 2.1	-2.15	-2.05	2.05	2.15	761
-2.1	2.2	-2.1 2.2	-2.15	-2.05	2.15	2.25	762
-2.1	2.3	-2.1 2.3	-2.15	-2.05	2.25	2.35	763
-2.1	2.4	-2.1 2.4	-2.15	-2.05	2.35	2.45	764
-2.1	2.5	-2.1 2.5	-2.15	-2.05	2.45	2.55	765
-2.1	2.6	-2.1 2.6	-2.15	-2.05	2.55	2.65	766
-2.1	2.7	-2.1 2.7	-2.15	-2.05	2.65	2.75	767
-2.1	2.8	-2.1 2.8	-2.15	-2.05	2.75	2.85	768
-2.1	2.9	-2.1 2.9	-2.15	-2.05	2.85	2.95	769
-2.1	3	-2.1 3	-2.15	-2.05	2.95	3.05	770
-2.1	3.1	-2.1 3.1	-2.15	-2.05	3.05	3.15	771
-2.1	3.2	-2.1 3.2	-2.15	-2.05	3.15	3.25	772
-2.1	3.3	-2.1 3.3	-2.15	-2.05	3.25	3.35	773
-2.1	3.4	-2.1 3.4	-2.15	-2.05	3.35	3.45	774
-2.1	3.5	-2.1 3.5	-2.15	-2.05	3.45	3.55	775
-2.1	3.6	-2.1 3.6	-2.15	-2.05	3.55	3.65	776
-2.1	3.7	-2.1 3.7	-2.15	-2.05	3.65	3.75	777
-2.1	3.8	-2.1 3.8	-2.15	-2.05	3.75	3.85	778
-2.1	3.9	-2.1 3.9	-2.15	-2.05	3.85	3.95	779
-2.1	4	-2.1 4	-2.15	-2.05	3.95	4.05	780
-2.1	4.1	-2.1 4.1	-2.15	-2.05	4.05	4.15	781
-2.1	4.2	-2.1 4.2	-2.15	-2.05	4.15	4.25	782
-2.1	4.3	-2.1 4.3	-2.15	-2.05	4.25	4.35	783
-2.1	4.4	-2.1 4.4	-2.15	-2.05	4.35	4.45	784
-2.1	4.5	-2.1 4.5	-2.15	-2.05	4.45	4.55	785
-2.1	4.6	-2.1 4.6	-2.15	-2.05	4.55	4.65	786
-2.1	4.7	-2.1 4.7	-2.15	-2.05	4.65	4.75	787
-2.1	4.8	-2.1 4.8	-2.15	-2.05	4.75	4.85	788
-2.1	4.9	-2.1 4.9	-2.15	-2.05	4.85	4.95	789
-2.1	5	-2.1 5	-2.15	-2.05	4.95	5.05	790
-2.1	5.1	-2.1 5.1	-2.15	-2.05	5.05	5.15	791
-2.1	5.2	-2.1 5.2	-2.15	-2.05	5.15	5.25	792
-2.1	5.3	-2.1 5.3	-2.15	-2.05	5.25	5.35	793
-2.1	5.4	-2.1 5.4	-2.15	-2.05	5.35	5.45	794
-2.1	5.5	-2.1 5.5	-2.15	-2.05	5.45	5.55	795
-2.1	5.6	-2.1 5.6	-2.15	-2.05	5.55	5.65	796
-2.1	5.7	-2.1 5.7	-2.15	-2.05	5.65	5.75	797
-2.1	5.8	-2.1 5.8	-2.15	-2.05	5.75	5.85	798
-2.1	5.9	-2.1 5.9	-2.15	-2.05	5.85	5.95	799
-2.1	6	-2.1 6	-2.15	-2.05	5.95	6.05	800
-2.1	6.1	-2.1 6.1	-2.15	-2.05	6.05	6.15	801
-2.1	6.2	-2.1 6.2	-2.15	-2.05	6.15	6.25	802
-2.1	6.3	-2.1 6.3	-2.15	-2.05	6.25	6.35	803
-2.1	6.4	-2.1 6.4	-2.15	-2.05	6.35	6.45	804
-2.1	6.5	-2.1 6.5	-2.15	-2.05	6.45	6.55	805
-2.1	6.6	-2.1 6.6	-2.15	-2.05	6.55	6.65	806
-2.1	6.7	-2.1 6.7	-2.15	-2.05	6.65	6.75	807
-2.1	6.8	-2.1 6.8	-2.15	-2.05	6.75	6.85	808
-2.1	6.9	-2.1 6.9	-2.15	-2.05	6.85	6.95	809
-2.1	7	-2.1 7	-2.15	-2.05	6.95	7.05	810
-2	-1	-2 -1	-2.05	-1.95	-1.05	-0.95	811
-2	-0.9	-2 -0.9	-2.05	-1.95	-0.95	-0.85	812
-2	-0.8	-2 -0.8	-2.05	-1.95	-0.85	-0.75	813
-2	-0.7	-2 -0.7	-2.05	-1.95	-0.75	-0.65	814
-2	-0.6	-2 -0.6	-2.05	-1.95	-0.65	-0.55	815
-2	-0.5	-2 -0.5	-2.05	-1.95	-0.55	-0.45	816
-2	-0.4	-2 -0.4	-2.05	-1.95	-0.45	-0.35	817
-2	-0.3	-2 -0.3	-2.05	-1.95	-0.35	-0.25	818
-2	-0.2	-2 -0.2	-2.05	-1.95	-0.25	-0.15	819
-2	-0.1	-2 -0.1	-2.05	-1.95	-0.15	-0.0500000000000002	820
-2	0	-2 0	-2.05	-1.95	-0.0499999999999998	0.0499999999999998	821
-2	0.1	-2 0.1	-2.05	-1.95	0.0500000000000003	0.15	822
-2	0.2	-2 0.2	-2.05	-1.95	0.15	0.25	823
-2	0.3	-2 0.3	-2.05	-1.95	0.25	0.35	824
-2	0.4	-2 0.4	-2.05	-1.95	0.35	0.45	825
-2	0.5	-2 0.5	-2.05	-1.95	0.45	0.55	826
-2	0.6	-2 0.6	-2.05	-1.95	0.55	0.65	827
-2	0.7	-2 0.7	-2.05	-1.95	0.65	0.75	828
-2	0.8	-2 0.8	-2.05	-1.95	0.75	0.85	829
-2	0.9	-2 0.9	-2.05	-1.95	0.85	0.95	830
-2	1	-2 1	-2.05	-1.95	0.95	1.05	831
-2	1.1	-2 1.1	-2.05	-1.95	1.05	1.15	832
-2	1.2	-2 1.2	-2.05	-1.95	1.15	1.25	833
-2	1.3	-2 1.3	-2.05	-1.95	1.25	1.35	834
-2	1.4	-2 1.4	-2.05	-1.95	1.35	1.45	835
-2	1.5	-2 1.5	-2.05	-1.95	1.45	1.55	836
-2	1.6	-2 1.6	-2.05	-1.95	1.55	1.65	837
-2	1.7	-2 1.7	-2.05	-1.95	1.65	1.75	838
-2	1.8	-2 1.8	-2.05	-1.95	1.75	1.85	839
-2	1.9	-2 1.9	-2.05	-1.95	1.85	1.95	840
-2	2	-2 2	-2.05	-1.95	1.95	2.05	841
-2	2.1	-2 2.1	-2.05	-1.95	2.05	2.15	842
-2	2.2	-2 2.2	-2.05	-1.95	2.15	2.25	843
-2	2.3	-2 2.3	-2.05	-1.95	2.25	2.35	844
-2	2.4	-2 2.4	-2.05	-1.95	2.35	2.45	845
-2	2.5	-2 2.5	-2.05	-1.95	2.45	2.55	846
-2	2.6	-2 2.6	-2.05	-1.95	2.55	2.65	847
-2	2.7	-2 2.7	-2.05	-1.95	2.65	2.75	848
-2	2.8	-2 2.8	-2.05	-1.95	2.75	2.85	849
-2	2.9	-2 2.9	-2.05	-1.95	2.85	2.95	850
-2	3	-2 3	-2.05	-1.95	2.95	3.05	851
-2	3.1	-2 3.1	-2.05	-1.95	3.05	3.15	852
-2	3.2	-2 3.2	-2.05	-1.95	3.15	3.25	853
-2	3.3	-2 3.3	-2.05	-1.95	3.25	3.35	854
-2	3.4	-2 3.4	-2.05	-1.95	3.35	3.45	855
-2	3.5	-2 3.5	-2.05	-1.95	3.45	3.55	856
-2	3.6	-2 3.6	-2.05	-1.95	3.55	3.65	857
-2	3.7	-2 3.7	-2.05	-1.95	3.65	3.75	858
-2	3.8	-2 3.8	-2.05	-1.95	3.75	3.85	859
-2	3.9	-2 3.9	-2.05	-1.95	3.85	3.95	860
-2	4	-2 4	-2.05	-1.95	3.95	4.05	861
-2	4.1	-2 4.1	-2.05	-1.95	4.05	4.15	862
-2	4.2	-2 4.2	-2.05	-1.95	4.15	4.25	863
-2	4.3	-2 4.3	-2.05	-1.95	4.25	4.35	864
-2	4.4	-2 4.4	-2.05	-1.95	4.35	4.45	865
-2	4.5	-2 4.5	-2.05	-1.95	4.45	4.55	866
-2	4.6	-2 4.6	-2.05	-1.95	4.55	4.65	867
-2	4.7	-2 4.7	-2.05	-1.95	4.65	4.75	868
-2	4.8	-2 4.8	-2.05	-1.95	4.75	4.85	869
-2	4.9	-2 4.9	-2.05	-1.95	4.85	4.95	870
-2	5	-2 5	-2.05	-1.95	4.95	5.05	871
-2	5.1	-2 5.1	-2.05	-1.95	5.05	5.15	872
-2	5.2	-2 5.2	-2.05	-1.95	5.15	5.25	873
-2	5.3	-2 5.3	-2.05	-1.95	5.25	5.35	874
-2	5.4	-2 5.4	-2.05	-1.95	5.35	5.45	875
-2	5.5	-2 5.5	-2.05	-1.95	5.45	5.55	876
-2	5.6	-2 5.6	-2.05	-1.95	5.55	5.65	877
-2	5.7	-2 5.7	-2.05	-1.95	5.65	5.75	878
-2	5.8	-2 5.8	-2.05	-1.95	5.75	5.85	879
-2	5.9	-2 5.9	-2.05	-1.95	5.85	5.95	880
-2	6	-2 6	-2.05	-1.95	5.95	6.05	881
-2	6.1	-2 6.1	-2.05	-1.95	6.05	6.15	882
-2	6.2	-2 6.2	-2.05	-1.95	6.15	6.25	883
-2	6.3	-2 6.3	-2.05	-1.95	6.25	6.35	884
-2	6.4	-2 6.4	-2.05	-1.95	6.35	6.45	885
-2	6.5	-2 6.5	-2.05	-1.95	6.45	6.55	886
-2	6.6	-2 6.6	-2.05	-1.95	6.55	6.65	887
-2	6.7	-2 6.7	-2.05	-1.95	6.65	6.75	888
-2	6.8	-2 6.8	-2.05	-1.95	6.75	6.85	889
-2	6.9	-2 6.9	-2.05	-1.95	6.85	6.95	890
-2	7	-2 7	-2.05	-1.95	6.95	7.05	891
-1.9	-1	-1.9 -1	-1.95	-1.85	-1.05	-0.95	892
-1.9	-0.9	-1.9 -0.9	-1.95	-1.85	-0.95	-0.85	893
-1.9	-0.8	-1.9 -0.8	-1.95	-1.85	-0.85	-0.75	894
-1.9	-0.7	-1.9 -0.7	-1.95	-1.85	-0.75	-0.65	895
-1.9	-0.6	-1.9 -0.6	-1.95	-1.85	-0.65	-0.55	896
-1.9	-0.5	-1.9 -0.5	-1.95	-1.85	-0.55	-0.45	897
-1.9	-0.4	-1.9 -0.4	-1.95	-1.85	-0.45	-0.35	898
-1.9	-0.3	-1.9 -0.3	-1.95	-1.85	-0.35	-0.25	899
-1.9	-0.2	-1.9 -0.2	-1.95	-1.85	-0.25	-0.15	900
-1.9	-0.1	-1.9 -0.1	-1.95	-1.85	-0.15	-0.0500000000000002	901
-1.9	0	-1.9 0	-1.95	-1.85	-0.0499999999999998	0.0499999999999998	902
-1.9	0.1	-1.9 0.1	-1.95	-1.85	0.0500000000000003	0.15	903
-1.9	0.2	-1.9 0.2	-1.95	-1.85	0.15	0.25	904
-1.9	0.3	-1.9 0.3	-1.95	-1.85	0.25	0.35	905
-1.9	0.4	-1.9 0.4	-1.95	-1.85	0.35	0.45	906
-1.9	0.5	-1.9 0.5	-1.95	-1.85	0.45	0.55	907
-1.9	0.6	-1.9 0.6	-1.95	-1.85	0.55	0.65	908
-1.9	0.7	-1.9 0.7	-1.95	-1.85	0.65	0.75	909
-1.9	0.8	-1.9 0.8	-1.95	-1.85	0.75	0.85	910
-1.9	0.9	-1.9 0.9	-1.95	-1.85	0.85	0.95	911
-1.9	1	-1.9 1	-1.95	-1.85	0.95	1.05	912
-1.9	1.1	-1.9 1.1	-1.95	-1.85	1.05	1.15	913
-1.9	1.2	-1.9 1.2	-1.95	-1.85	1.15	1.25	914
-1.9	1.3	-1.9 1.3	-1.95	-1.85	1.25	1.35	915
-1.9	1.4	-1.9 1.4	-1.95	-1.85	1.35	1.45	916
-1.9	1.5	-1.9 1.5	-1.95	-1.85	1.45	1.55	917
-1.9	1.6	-1.9 1.6	-1.95	-1.85	1.55	1.65	918
-1.9	1.7	-1.9 1.7	-1.95	-1.85	1.65	1.75	919
-1.9	1.8	-1.9 1.8	-1.95	-1.85	1.75	1.85	920
-1.9	1.9	-1.9 1.9	-1.95	-1.85	1.85	1.95	921
-1.9	2	-1.9 2	-1.95	-1.85	1.95	2.05	922
-1.9	2.1	-1.9 2.1	-1.95	-1.85	2.05	2.15	923
-1.9	2.2	-1.9 2.2	-1.95	-1.85	2.15	2.25	924
-1.9	2.3	-1.9 2.3	-1.95	-1.85	2.25	2.35	925
-1.9	2.4	-1.9 2.4	-1.95	-1.85	2.35	2.45	926
-1.9	2.5	-1.9 2.5	-1.95	-1.85	2.45	2.55	927
-1.9	2.6	-1.9 2.6	-1.95	-1.85	2.55	2.65	928
-1.9	2.7	-1.9 2.7	-1.95	-1.85	2.65	2.75	929
-1.9	2.8	-1.9 2.8	-1.95	-1.85	2.75	2.85	930
-1.9	2.9	-1.9 2.9	-1.95	-1.85	2.85	2.95	931
-1.9	3	-1.9 3	-1.95	-1.85	2.95	3.05	932
-1.9	3.1	-1.9 3.1	-1.95	-1.85	3.05	3.15	933
-1.9	3.2	-1.9 3.2	-1.95	-1.85	3.15	3.25	934
-1.9	3.3	-1.9 3.3	-1.95	-1.85	3.25	3.35	935
-1.9	3.4	-1.9 3.4	-1.95	-1.85	3.35	3.45	936
-1.9	3.5	-1.9 3.5	-1.95	-1.85	3.45	3.55	937
-1.9	3.6	-1.9 3.6	-1.95	-1.85	3.55	3.65	938
-1.9	3.7	-1.9 3.7	-1.95	-1.85	3.65	3.75	939
-1.9	3.8	-1.9 3.8	-1.95	-1.85	3.75	3.85	940
-1.9	3.9	-1.9 3.9	-1.95	-1.85	3.85	3.95	941
-1.9	4	-1.9 4	-1.95	-1.85	3.95	4.05	942
-1.9	4.1	-1.9 4.1	-1.95	-1.85	4.05	4.15	943
-1.9	4.2	-1.9 4.2	-1.95	-1.85	4.15	4.25	944
-1.9	4.3	-1.9 4.3	-1.95	-1.85	4.25	4.35	945
-1.9	4.4	-1.9 4.4	-1.95	-1.85	4.35	4.45	946
-1.9	4.5	-1.9 4.5	-1.95	-1.85	4.45	4.55	947
-1.9	4.6	-1.9 4.6	-1.95	-1.85	4.55	4.65	948
-1.9	4.7	-1.9 4.7	-1.95	-1.85	4.65	4.75	949
-1.9	4.8	-1.9 4.8	-1.95	-1.85	4.75	4.85	950
-1.9	4.9	-1.9 4.9	-1.95	-1.85	4.85	4.95	951
-1.9	5	-1.9 5	-1.95	-1.85	4.95	5.05	952
-1.9	5.1	-1.9 5.1	-1.95	-1.85	5.05	5.15	953
-1.9	5.2	-1.9 5.2	-1.95	-1.85	5.15	5.25	954
-1.9	5.3	-1.9 5.3	-1.95	-1.85	5.25	5.35	955
-1.9	5.4	-1.9 5.4	-1.95	-1.85	5.35	5.45	956
-1.9	5.5	-1.9 5.5	-1.95	-1.85	5.45	5.55	957
-1.9	5.6	-1.9 5.6	-1.95	-1.85	5.55	5.65	958
-1.9	5.7	-1.9 5.7	-1.95	-1.85	5.65	5.75	959
-1.9	5.8	-1.9 5.8	-1.95	-1.85	5.75	5.85	960
-1.9	5.9	-1.9 5.9	-1.95	-1.85	5.85	5.95	961
-1.9	6	-1.9 6	-1.95	-1.85	5.95	6.05	962
-1.9	6.1	-1.9 6.1	-1.95	-1.85	6.05	6.15	963
-1.9	6.2	-1.9 6.2	-1.95	-1.85	6.15	6.25	964
-1.9	6.3	-1.9 6.3	-1.95	-1.85	6.25	6.35	965
-1.9	6.4	-1.9 6.4	-1.95	-1.85	6.35	6.45	966
-1.9	6.5	-1.9 6.5	-1.95	-1.85	6.45	6.55	967
-1.9	6.6	-1.9 6.6	-1.95	-1.85	6.55	6.65	968
-1.9	6.7	-1.9 6.7	-1.95	-1.85	6.65	6.75	969
-1.9	6.8	-1.9 6.8	-1.95	-1.85	6.75	6.85	970
-1.9	6.9	-1.9 6.9	-1.95	-1.85	6.85	6.95	971
-1.9	7	-1.9 7	-1.95	-1.85	6.95	7.05	972
-1.8	-1	-1.8 -1	-1.85	-1.75	-1.05	-0.95	973
-1.8	-0.9	-1.8 -0.9	-1.85	-1.75	-0.95	-0.85	974
-1.8	-0.8	-1.8 -0.8	-1.85	-1.75	-0.85	-0.75	975
-1.8	-0.7	-1.8 -0.7	-1.85	-1.75	-0.75	-0.65	976
-1.8	-0.6	-1.8 -0.6	-1.85	-1.75	-0.65	-0.55	977
-1.8	-0.5	-1.8 -0.5	-1.85	-1.75	-0.55	-0.45	978
-1.8	-0.4	-1.8 -0.4	-1.85	-1.75	-0.45	-0.35	979
-1.8	-0.3	-1.8 -0.3	-1.85	-1.75	-0.35	-0.25	980
-1.8	-0.2	-1.8 -0.2	-1.85	-1.75	-0.25	-0.15	981
-1.8	-0.1	-1.8 -0.1	-1.85	-1.75	-0.15	-0.0500000000000002	982
-1.8	0	-1.8 0	-1.85	-1.75	-0.0499999999999998	0.0499999999999998	983
-1.8	0.1	-1.8 0.1	-1.85	-1.75	0.0500000000000003	0.15	984
-1.8	0.2	-1.8 0.2	-1.85	-1.75	0.15	0.25	985
-1.8	0.3	-1.8 0.3	-1.85	-1.75	0.25	0.35	986
-1.8	0.4	-1.8 0.4	-1.85	-1.75	0.35	0.45	987
-1.8	0.5	-1.8 0.5	-1.85	-1.75	0.45	0.55	988
-1.8	0.6	-1.8 0.6	-1.85	-1.75	0.55	0.65	989
-1.8	0.7	-1.8 0.7	-1.85	-1.75	0.65	0.75	990
-1.8	0.8	-1.8 0.8	-1.85	-1.75	0.75	0.85	991
-1.8	0.9	-1.8 0.9	-1.85	-1.75	0.85	0.95	992
-1.8	1	-1.8 1	-1.85	-1.75	0.95	1.05	993
-1.8	1.1	-1.8 1.1	-1.85	-1.75	1.05	1.15	994
-1.8	1.2	-1.8 1.2	-1.85	-1.75	1.15	1.25	995
-1.8	1.3	-1.8 1.3	-1.85	-1.75	1.25	1.35	996
-1.8	1.4	-1.8 1.4	-1.85	-1.75	1.35	1.45	997
-1.8	1.5	-1.8 1.5	-1.85	-1.75	1.45	1.55	998
-1.8	1.6	-1.8 1.6	-1.85	-1.75	1.55	1.65	999
-1.8	1.7	-1.8 1.7	-1.85	-1.75	1.65	1.75	1000
-1.8	1.8	-1.8 1.8	-1.85	-1.75	1.75	1.85	1001
-1.8	1.9	-1.8 1.9	-1.85	-1.75	1.85	1.95	1002
-1.8	2	-1.8 2	-1.85	-1.75	1.95	2.05	1003
-1.8	2.1	-1.8 2.1	-1.85	-1.75	2.05	2.15	1004
-1.8	2.2	-1.8 2.2	-1.85	-1.75	2.15	2.25	1005
-1.8	2.3	-1.8 2.3	-1.85	-1.75	2.25	2.35	1006
-1.8	2.4	-1.8 2.4	-1.85	-1.75	2.35	2.45	1007
-1.8	2.5	-1.8 2.5	-1.85	-1.75	2.45	2.55	1008
-1.8	2.6	-1.8 2.6	-1.85	-1.75	2.55	2.65	1009
-1.8	2.7	-1.8 2.7	-1.85	-1.75	2.65	2.75	1010
-1.8	2.8	-1.8 2.8	-1.85	-1.75	2.75	2.85	1011
-1.8	2.9	-1.8 2.9	-1.85	-1.75	2.85	2.95	1012
-1.8	3	-1.8 3	-1.85	-1.75	2.95	3.05	1013
-1.8	3.1	-1.8 3.1	-1.85	-1.75	3.05	3.15	1014
-1.8	3.2	-1.8 3.2	-1.85	-1.75	3.15	3.25	1015
-1.8	3.3	-1.8 3.3	-1.85	-1.75	3.25	3.35	1016
-1.8	3.4	-1.8 3.4	-1.85	-1.75	3.35	3.45	1017
-1.8	3.5	-1.8 3.5	-1.85	-1.75	3.45	3.55	1018
-1.8	3.6	-1.8 3.6	-1.85	-1.75	3.55	3.65	1019
-1.8	3.7	-1.8 3.7	-1.85	-1.75	3.65	3.75	1020
-1.8	3.8	-1.8 3.8	-1.85	-1.75	3.75	3.85	1021
-1.8	3.9	-1.8 3.9	-1.85	-1.75	3.85	3.95	1022
-1.8	4	-1.8 4	-1.85	-1.75	3.95	4.05	1023
-1.8	4.1	-1.8 4.1	-1.85	-1.75	4.05	4.15	1024
-1.8	4.2	-1.8 4.2	-1.85	-1.75	4.15	4.25	1025
-1.8	4.3	-1.8 4.3	-1.85	-1.75	4.25	4.35	1026
-1.8	4.4	-1.8 4.4	-1.85	-1.75	4.35	4.45	1027
-1.8	4.5	-1.8 4.5	-1.85	-1.75	4.45	4.55	1028
-1.8	4.6	-1.8 4.6	-1.85	-1.75	4.55	4.65	1029
-1.8	4.7	-1.8 4.7	-1.85	-1.75	4.65	4.75	1030
-1.8	4.8	-1.8 4.8	-1.85	-1.75	4.75	4.85	1031
-1.8	4.9	-1.8 4.9	-1.85	-1.75	4.85	4.95	1032
-1.8	5	-1.8 5	-1.85	-1.75	4.95	5.05	1033
-1.8	5.1	-1.8 5.1	-1.85	-1.75	5.05	5.15	1034
-1.8	5.2	-1.8 5.2	-1.85	-1.75	5.15	5.25	1035
-1.8	5.3	-1.8 5.3	-1.85	-1.75	5.25	5.35	1036
-1.8	5.4	-1.8 5.4	-1.85	-1.75	5.35	5.45	1037
-1.8	5.5	-1.8 5.5	-1.85	-1.75	5.45	5.55	1038
-1.8	5.6	-1.8 5.6	-1.85	-1.75	5.55	5.65	1039
-1.8	5.7	-1.8 5.7	-1.85	-1.75	5.65	5.75	1040
-1.8	5.8	-1.8 5.8	-1.85	-1.75	5.75	5.85	1041
-1.8	5.9	-1.8 5.9	-1.85	-1.75	5.85	5.95	1042
-1.8	6	-1.8 6	-1.85	-1.75	5.95	6.05	1043
-1.8	6.1	-1.8 6.1	-1.85	-1.75	6.05	6.15	1044
-1.8	6.2	-1.8 6.2	-1.85	-1.75	6.15	6.25	1045
-1.8	6.3	-1.8 6.3	-1.85	-1.75	6.25	6.35	1046
-1.8	6.4	-1.8 6.4	-1.85	-1.75	6.35	6.45	1047
-1.8	6.5	-1.8 6.5	-1.85	-1.75	6.45	6.55	1048
-1.8	6.6	-1.8 6.6	-1.85	-1.75	6.55	6.65	1049
-1.8	6.7	-1.8 6.7	-1.85	-1.75	6.65	6.75	1050
-1.8	6.8	-1.8 6.8	-1.85	-1.75	6.75	6.85	1051
-1.8	6.9	-1.8 6.9	-1.85	-1.75	6.85	6.95	1052
-1.8	7	-1.8 7	-1.85	-1.75	6.95	7.05	1053
-1.7	-1	-1.7 -1	-1.75	-1.65	-1.05	-0.95	1054
-1.7	-0.9	-1.7 -0.9	-1.75	-1.65	-0.95	-0.85	1055
-1.7	-0.8	-1.7 -0.8	-1.75	-1.65	-0.85	-0.75	1056
-1.7	-0.7	-1.7 -0.7	-1.75	-1.65	-0.75	-0.65	1057
-1.7	-0.6	-1.7 -0.6	-1.75	-1.65	-0.65	-0.55	1058
-1.7	-0.5	-1.7 -0.5	-1.75	-1.65	-0.55	-0.45	1059
-1.7	-0.4	-1.7 -0.4	-1.75	-1.65	-0.45	-0.35	1060
-1.7	-0.3	-1.7 -0.3	-1.75	-1.65	-0.35	-0.25	1061
-1.7	-0.2	-1.7 -0.2	-1.75	-1.65	-0.25	-0.15	1062
-1.7	-0.1	-1.7 -0.1	-1.75	-1.65	-0.15	-0.0500000000000002	1063
-1.7	0	-1.7 0	-1.75	-1.65	-0.0499999999999998	0.0499999999999998	1064
-1.7	0.1	-1.7 0.1	-1.75	-1.65	0.0500000000000003	0.15	1065
-1.7	0.2	-1.7 0.2	-1.75	-1.65	0.15	0.25	1066
-1.7	0.3	-1.7 0.3	-1.75	-1.65	0.25	0.35	1067
-1.7	0.4	-1.7 0.4	-1.75	-1.65	0.35	0.45	1068
-1.7	0.5	-1.7 0.5	-1.75	-1.65	0.45	0.55	1069
-1.7	0.6	-1.7 0.6	-1.75	-1.65	0.55	0.65	1070
-1.7	0.7	-1.7 0.7	-1.75	-1.65	0.65	0.75	1071
-1.7	0.8	-1.7 0.8	-1.75	-1.65	0.75	0.85	1072
-1.7	0.9	-1.7 0.9	-1.75	-1.65	0.85	0.95	1073
-1.7	1	-1.7 1	-1.75	-1.65	0.95	1.05	1074
-1.7	1.1	-1.7 1.1	-1.75	-1.65	1.05	1.15	1075
-1.7	1.2	-1.7 1.2	-1.75	-1.65	1.15	1.25	1076
-1.7	1.3	-1.7 1.3	-1.75	-1.65	1.25	1.35	1077
-1.7	1.4	-1.7 1.4	-1.75	-1.65	1.35	1.45	1078
-1.7	1.5	-1.7 1.5	-1.75	-1.65	1.45	1.55	1079
-1.7	1.6	-1.7 1.6	-1.75	-1.65	1.55	1.65	1080
-1.7	1.7	-1.7 1.7	-1.75	-1.65	1.65	1.75	1081
-1.7	1.8	-1.7 1.8	-1.75	-1.65	1.75	1.85	1082
-1.7	1.9	-1.7 1.9	-1.75	-1.65	1.85	1.95	1083
-1.7	2	-1.7 2	-1.75	-1.65	1.95	2.05	1084
-1.7	2.1	-1.7 2.1	-1.75	-1.65	2.05	2.15	1085
-1.7	2.2	-1.7 2.2	-1.75	-1.65	2.15	2.25	1086
-1.7	2.3	-1.7 2.3	-1.75	-1.65	2.25	2.35	1087
-1.7	2.4	-1.7 2.4	-1.75	-1.65	2.35	2.45	1088
-1.7	2.5	-1.7 2.5	-1.75	-1.65	2.45	2.55	1089
-1.7	2.6	-1.7 2.6	-1.75	-1.65	2.55	2.65	1090
-1.7	2.7	-1.7 2.7	-1.75	-1.65	2.65	2.75	1091
-1.7	2.8	-1.7 2.8	-1.75	-1.65	2.75	2.85	1092
-1.7	2.9	-1.7 2.9	-1.75	-1.65	2.85	2.95	1093
-1.7	3	-1.7 3	-1.75	-1.65	2.95	3.05	1094
-1.7	3.1	-1.7 3.1	-1.75	-1.65	3.05	3.15	1095
-1.7	3.2	-1.7 3.2	-1.75	-1.65	3.15	3.25	1096
-1.7	3.3	-1.7 3.3	-1.75	-1.65	3.25	3.35	1097
-1.7	3.4	-1.7 3.4	-1.75	-1.65	3.35	3.45	1098
-1.7	3.5	-1.7 3.5	-1.75	-1.65	3.45	3.55	1099
-1.7	3.6	-1.7 3.6	-1.75	-1.65	3.55	3.65	1100
-1.7	3.7	-1.7 3.7	-1.75	-1.65	3.65	3.75	1101
-1.7	3.8	-1.7 3.8	-1.75	-1.65	3.75	3.85	1102
-1.7	3.9	-1.7 3.9	-1.75	-1.65	3.85	3.95	1103
-1.7	4	-1.7 4	-1.75	-1.65	3.95	4.05	1104
-1.7	4.1	-1.7 4.1	-1.75	-1.65	4.05	4.15	1105
-1.7	4.2	-1.7 4.2	-1.75	-1.65	4.15	4.25	1106
-1.7	4.3	-1.7 4.3	-1.75	-1.65	4.25	4.35	1107
-1.7	4.4	-1.7 4.4	-1.75	-1.65	4.35	4.45	1108
-1.7	4.5	-1.7 4.5	-1.75	-1.65	4.45	4.55	1109
-1.7	4.6	-1.7 4.6	-1.75	-1.65	4.55	4.65	1110
-1.7	4.7	-1.7 4.7	-1.75	-1.65	4.65	4.75	1111
-1.7	4.8	-1.7 4.8	-1.75	-1.65	4.75	4.85	1112
-1.7	4.9	-1.7 4.9	-1.75	-1.65	4.85	4.95	1113
-1.7	5	-1.7 5	-1.75	-1.65	4.95	5.05	1114
-1.7	5.1	-1.7 5.1	-1.75	-1.65	5.05	5.15	1115
-1.7	5.2	-1.7 5.2	-1.75	-1.65	5.15	5.25	1116
-1.7	5.3	-1.7 5.3	-1.75	-1.65	5.25	5.35	1117
-1.7	5.4	-1.7 5.4	-1.75	-1.65	5.35	5.45	1118
-1.7	5.5	-1.7 5.5	-1.75	-1.65	5.45	5.55	1119
-1.7	5.6	-1.7 5.6	-1.75	-1.65	5.55	5.65	1120
-1.7	5.7	-1.7 5.7	-1.75	-1.65	5.65	5.75	1121
-1.7	5.8	-1.7 5.8	-1.75	-1.65	5.75	5.85	1122
-1.7	5.9	-1.7 5.9	-1.75	-1.65	5.85	5.95	1123
-1.7	6	-1.7 6	-1.75	-1.65	5.95	6.05	1124
-1.7	6.1	-1.7 6.1	-1.75	-1.65	6.05	6.15	1125
-1.7	6.2	-1.7 6.2	-1.75	-1.65	6.15	6.25	1126
-1.7	6.3	-1.7 6.3	-1.75	-1.65	6.25	6.35	1127
-1.7	6.4	-1.7 6.4	-1.75	-1.65	6.35	6.45	1128
-1.7	6.5	-1.7 6.5	-1.75	-1.65	6.45	6.55	1129
-1.7	6.6	-1.7 6.6	-1.75	-1.65	6.55	6.65	1130
-1.7	6.7	-1.7 6.7	-1.75	-1.65	6.65	6.75	1131
-1.7	6.8	-1.7 6.8	-1.75	-1.65	6.75	6.85	1132
-1.7	6.9	-1.7 6.9	-1.75	-1.65	6.85	6.95	1133
-1.7	7	-1.7 7	-1.75	-1.65	6.95	7.05	1134
-1.6	-1	-1.6 -1	-1.65	-1.55	-1.05	-0.95	1135
-1.6	-0.9	-1.6 -0.9	-1.65	-1.55	-0.95	-0.85	1136
-1.6	-0.8	-1.6 -0.8	-1.65	-1.55	-0.85	-0.75	1137
-1.6	-0.7	-1.6 -0.7	-1.65	-1.55	-0.75	-0.65	1138
-1.6	-0.6	-1.6 -0.6	-1.65	-1.55	-0.65	-0.55	1139
-1.6	-0.5	-1.6 -0.5	-1.65	-1.55	-0.55	-0.45	1140
-1.6	-0.4	-1.6 -0.4	-1.65	-1.55	-0.45	-0.35	1141
-1.6	-0.3	-1.6 -0.3	-1.65	-1.55	-0.35	-0.25	1142
-1.6	-0.2	-1.6 -0.2	-1.65	-1.55	-0.25	-0.15	1143
-1.6	-0.1	-1.6 -0.1	-1.65	-1.55	-0.15	-0.0500000000000002	1144
-1.6	0	-1.6 0	-1.65	-1.55	-0.0499999999999998	0.0499999999999998	1145
-1.6	0.1	-1.6 0.1	-1.65	-1.55	0.0500000000000003	0.15	1146
-1.6	0.2	-1.6 0.2	-1.65	-1.55	0.15	0.25	1147
-1.6	0.3	-1.6 0.3	-1.65	-1.55	0.25	0.35	1148
-1.6	0.4	-1.6 0.4	-1.65	-1.55	0.35	0.45	1149
-1.6	0.5	-1.6 0.5	-1.65	-1.55	0.45	0.55	1150
-1.6	0.6	-1.6 0.6	-1.65	-1.55	0.55	0.65	1151
-1.6	0.7	-1.6 0.7	-1.65	-1.55	0.65	0.75	1152
-1.6	0.8	-1.6 0.8	-1.65	-1.55	0.75	0.85	1153
-1.6	0.9	-1.6 0.9	-1.65	-1.55	0.85	0.95	1154
-1.6	1	-1.6 1	-1.65	-1.55	0.95	1.05	1155
-1.6	1.1	-1.6 1.1	-1.65	-1.55	1.05	1.15	1156
-1.6	1.2	-1.6 1.2	-1.65	-1.55	1.15	1.25	1157
-1.6	1.3	-1.6 1.3	-1.65	-1.55	1.25	1.35	1158
-1.6	1.4	-1.6 1.4	-1.65	-1.55	1.35	1.45	1159
-1.6	1.5	-1.6 1.5	-1.65	-1.55	1.45	1.55	1160
-1.6	1.6	-1.6 1.6	-1.65	-1.55	1.55	1.65	1161
-1.6	1.7	-1.6 1.7	-1.65	-1.55	1.65	1.75	1162
-1.6	1.8	-1.6 1.8	-1.65	-1.55	1.75	1.85	1163
-1.6	1.9	-1.6 1.9	-1.65	-1.55	1.85	1.95	1164
-1.6	2	-1.6 2	-1.65	-1.55	1.95	2.05	1165
-1.6	2.1	-1.6 2.1	-1.65	-1.55	2.05	2.15	1166
-1.6	2.2	-1.6 2.2	-1.65	-1.55	2.15	2.25	1167
-1.6	2.3	-1.6 2.3	-1.65	-1.55	2.25	2.35	1168
-1.6	2.4	-1.6 2.4	-1.65	-1.55	2.35	2.45	1169
-1.6	2.5	-1.6 2.5	-1.65	-1.55	2.45	2.55	1170
-1.6	2.6	-1.6 2.6	-1.65	-1.55	2.55	2.65	1171
-1.6	2.7	-1.6 2.7	-1.65	-1.55	2.65	2.75	1172
-1.6	2.8	-1.6 2.8	-1.65	-1.55	2.75	2.85	1173
-1.6	2.9	-1.6 2.9	-1.65	-1.55	2.85	2.95	1174
-1.6	3	-1.6 3	-1.65	-1.55	2.95	3.05	1175
-1.6	3.1	-1.6 3.1	-1.65	-1.55	3.05	3.15	1176
-1.6	3.2	-1.6 3.2	-1.65	-1.55	3.15	3.25	1177
-1.6	3.3	-1.6 3.3	-1.65	-1.55	3.25	3.35	1178
-1.6	3.4	-1.6 3.4	-1.65	-1.55	3.35	3.45	1179
-1.6	3.5	-1.6 3.5	-1.65	-1.55	3.45	3.55	1180
-1.6	3.6	-1.6 3.6	-1.65	-1.55	3.55	3.65	1181
-1.6	3.7	-1.6 3.7	-1.65	-1.55	3.65	3.75	1182
-1.6	3.8	-1.6 3.8	-1.65	-1.55	3.75	3.85	1183
-1.6	3.9	-1.6 3.9	-1.65	-1.55	3.85	3.95	1184
-1.6	4	-1.6 4	-1.65	-1.55	3.95	4.05	1185
-1.6	4.1	-1.6 4.1	-1.65	-1.55	4.05	4.15	1186
-1.6	4.2	-1.6 4.2	-1.65	-1.55	4.15	4.25	1187
-1.6	4.3	-1.6 4.3	-1.65	-1.55	4.25	4.35	1188
-1.6	4.4	-1.6 4.4	-1.65	-1.55	4.35	4.45	1189
-1.6	4.5	-1.6 4.5	-1.65	-1.55	4.45	4.55	1190
-1.6	4.6	-1.6 4.6	-1.65	-1.55	4.55	4.65	1191
-1.6	4.7	-1.6 4.7	-1.65	-1.55	4.65	4.75	1192
-1.6	4.8	-1.6 4.8	-1.65	-1.55	4.75	4.85	1193
-1.6	4.9	-1.6 4.9	-1.65	-1.55	4.85	4.95	1194
-1.6	5	-1.6 5	-1.65	-1.55	4.95	5.05	1195
-1.6	5.1	-1.6 5.1	-1.65	-1.55	5.05	5.15	1196
-1.6	5.2	-1.6 5.2	-1.65	-1.55	5.15	5.25	1197
-1.6	5.3	-1.6 5.3	-1.65	-1.55	5.25	5.35	1198
-1.6	5.4	-1.6 5.4	-1.65	-1.55	5.35	5.45	1199
-1.6	5.5	-1.6 5.5	-1.65	-1.55	5.45	5.55	1200
-1.6	5.6	-1.6 5.6	-1.65	-1.55	5.55	5.65	1201
-1.6	5.7	-1.6 5.7	-1.65	-1.55	5.65	5.75	1202
-1.6	5.8	-1.6 5.8	-1.65	-1.55	5.75	5.85	1203
-1.6	5.9	-1.6 5.9	-1.65	-1.55	5.85	5.95	1204
-1.6	6	-1.6 6	-1.65	-1.55	5.95	6.05	1205
-1.6	6.1	-1.6 6.1	-1.65	-1.55	6.05	6.15	1206
-1.6	6.2	-1.6 6.2	-1.65	-1.55	6.15	6.25	1207
-1.6	6.3	-1.6 6.3	-1.65	-1.55	6.25	6.35	1208
-1.6	6.4	-1.6 6.4	-1.65	-1.55	6.35	6.45	1209
-1.6	6.5	-1.6 6.5	-1.65	-1.55	6.45	6.55	1210
-1.6	6.6	-1.6 6.6	-1.65	-1.55	6.55	6.65	1211
-1.6	6.7	-1.6 6.7	-1.65	-1.55	6.65	6.75	1212
-1.6	6.8	-1.6 6.8	-1.65	-1.55	6.75	6.85	1213
-1.6	6.9	-1.6 6.9	-1.65	-1.55	6.85	6.95	1214
-1.6	7	-1.6 7	-1.65	-1.55	6.95	7.05	1215
-1.5	-1	-1.5 -1	-1.55	-1.45	-1.05	-0.95	1216
-1.5	-0.9	-1.5 -0.9	-1.55	-1.45	-0.95	-0.85	1217
-1.5	-0.8	-1.5 -0.8	-1.55	-1.45	-0.85	-0.75	1218
-1.5	-0.7	-1.5 -0.7	-1.55	-1.45	-0.75	-0.65	1219
-1.5	-0.6	-1.5 -0.6	-1.55	-1.45	-0.65	-0.55	1220
-1.5	-0.5	-1.5 -0.5	-1.55	-1.45	-0.55	-0.45	1221
-1.5	-0.4	-1.5 -0.4	-1.55	-1.45	-0.45	-0.35	1222
-1.5	-0.3	-1.5 -0.3	-1.55	-1.45	-0.35	-0.25	1223
-1.5	-0.2	-1.5 -0.2	-1.55	-1.45	-0.25	-0.15	1224
-1.5	-0.1	-1.5 -0.1	-1.55	-1.45	-0.15	-0.0500000000000002	1225
-1.5	0	-1.5 0	-1.55	-1.45	-0.0499999999999998	0.0499999999999998	1226
-1.5	0.1	-1.5 0.1	-1.55	-1.45	0.0500000000000003	0.15	1227
-1.5	0.2	-1.5 0.2	-1.55	-1.45	0.15	0.25	1228
-1.5	0.3	-1.5 0.3	-1.55	-1.45	0.25	0.35	1229
-1.5	0.4	-1.5 0.4	-1.55	-1.45	0.35	0.45	1230
-1.5	0.5	-1.5 0.5	-1.55	-1.45	0.45	0.55	1231
-1.5	0.6	-1.5 0.6	-1.55	-1.45	0.55	0.65	1232
-1.5	0.7	-1.5 0.7	-1.55	-1.45	0.65	0.75	1233
-1.5	0.8	-1.5 0.8	-1.55	-1.45	0.75	0.85	1234
-1.5	0.9	-1.5 0.9	-1.55	-1.45	0.85	0.95	1235
-1.5	1	-1.5 1	-1.55	-1.45	0.95	1.05	1236
-1.5	1.1	-1.5 1.1	-1.55	-1.45	1.05	1.15	1237
-1.5	1.2	-1.5 1.2	-1.55	-1.45	1.15	1.25	1238
-1.5	1.3	-1.5 1.3	-1.55	-1.45	1.25	1.35	1239
-1.5	1.4	-1.5 1.4	-1.55	-1.45	1.35	1.45	1240
-1.5	1.5	-1.5 1.5	-1.55	-1.45	1.45	1.55	1241
-1.5	1.6	-1.5 1.6	-1.55	-1.45	1.55	1.65	1242
-1.5	1.7	-1.5 1.7	-1.55	-1.45	1.65	1.75	1243
-1.5	1.8	-1.5 1.8	-1.55	-1.45	1.75	1.85	1244
-1.5	1.9	-1.5 1.9	-1.55	-1.45	1.85	1.95	1245
-1.5	2	-1.5 2	-1.55	-1.45	1.95	2.05	1246
-1.5	2.1	-1.5 2.1	-1.55	-1.45	2.05	2.15	1247
-1.5	2.2	-1.5 2.2	-1.55	-1.45	2.15	2.25	1248
-1.5	2.3	-1.5 2.3	-1.55	-1.45	2.25	2.35	1249
-1.5	2.4	-1.5 2.4	-1.55	-1.45	2.35	2.45	1250
-1.5	2.5	-1.5 2.5	-1.55	-1.45	2.45	2.55	1251
-1.5	2.6	-1.5 2.6	-1.55	-1.45	2.55	2.65	1252
-1.5	2.7	-1.5 2.7	-1.55	-1.45	2.65	2.75	1253
-1.5	2.8	-1.5 2.8	-1.55	-1.45	2.75	2.85	1254
-1.5	2.9	-1.5 2.9	-1.55	-1.45	2.85	2.95	1255
-1.5	3	-1.5 3	-1.55	-1.45	2.95	3.05	1256
-1.5	3.1	-1.5 3.1	-1.55	-1.45	3.05	3.15	1257
-1.5	3.2	-1.5 3.2	-1.55	-1.45	3.15	3.25	1258
-1.5	3.3	-1.5 3.3	-1.55	-1.45	3.25	3.35	1259
-1.5	3.4	-1.5 3.4	-1.55	-1.45	3.35	3.45	1260
-1.5	3.5	-1.5 3.5	-1.55	-1.45	3.45	3.55	1261
-1.5	3.6	-1.5 3.6	-1.55	-1.45	3.55	3.65	1262
-1.5	3.7	-1.5 3.7	-1.55	-1.45	3.65	3.75	1263
-1.5	3.8	-1.5 3.8	-1.55	-1.45	3.75	3.85	1264
-1.5	3.9	-1.5 3.9	-1.55	-1.45	3.85	3.95	1265
-1.5	4	-1.5 4	-1.55	-1.45	3.95	4.05	1266
-1.5	4.1	-1.5 4.1	-1.55	-1.45	4.05	4.15	1267
-1.5	4.2	-1.5 4.2	-1.55	-1.45	4.15	4.25	1268
-1.5	4.3	-1.5 4.3	-1.55	-1.45	4.25	4.35	1269
-1.5	4.4	-1.5 4.4	-1.55	-1.45	4.35	4.45	1270
-1.5	4.5	-1.5 4.5	-1.55	-1.45	4.45	4.55	1271
-1.5	4.6	-1.5 4.6	-1.55	-1.45	4.55	4.65	1272
-1.5	4.7	-1.5 4.7	-1.55	-1.45	4.65	4.75	1273
-1.5	4.8	-1.5 4.8	-1.55	-1.45	4.75	4.85	1274
-1.5	4.9	-1.5 4.9	-1.55	-1.45	4.85	4.95	1275
-1.5	5	-1.5 5	-1.55	-1.45	4.95	5.05	1276
-1.5	5.1	-1.5 5.1	-1.55	-1.45	5.05	5.15	1277
-1.5	5.2	-1.5 5.2	-1.55	-1.45	5.15	5.25	1278
-1.5	5.3	-1.5 5.3	-1.55	-1.45	5.25	5.35	1279
-1.5	5.4	-1.5 5.4	-1.55	-1.45	5.35	5.45	1280
-1.5	5.5	-1.5 5.5	-1.55	-1.45	5.45	5.55	1281
-1.5	5.6	-1.5 5.6	-1.55	-1.45	5.55	5.65	1282
-1.5	5.7	-1.5 5.7	-1.55	-1.45	5.65	5.75	1283
-1.5	5.8	-1.5 5.8	-1.55	-1.45	5.75	5.85	1284
-1.5	5.9	-1.5 5.9	-1.55	-1.45	5.85	5.95	1285
-1.5	6	-1.5 6	-1.55	-1.45	5.95	6.05	1286
-1.5	6.1	-1.5 6.1	-1.55	-1.45	6.05	6.15	1287
-1.5	6.2	-1.5 6.2	-1.55	-1.45	6.15	6.25	1288
-1.5	6.3	-1.5 6.3	-1.55	-1.45	6.25	6.35	1289
-1.5	6.4	-1.5 6.4	-1.55	-1.45	6.35	6.45	1290
-1.5	6.5	-1.5 6.5	-1.55	-1.45	6.45	6.55	1291
-1.5	6.6	-1.5 6.6	-1.55	-1.45	6.55	6.65	1292
-1.5	6.7	-1.5 6.7	-1.55	-1.45	6.65	6.75	1293
-1.5	6.8	-1.5 6.8	-1.55	-1.45	6.75	6.85	1294
-1.5	6.9	-1.5 6.9	-1.55	-1.45	6.85	6.95	1295
-1.5	7	-1.5 7	-1.55	-1.45	6.95	7.05	1296
-1.4	-1	-1.4 -1	-1.45	-1.35	-1.05	-0.95	1297
-1.4	-0.9	-1.4 -0.9	-1.45	-1.35	-0.95	-0.85	1298
-1.4	-0.8	-1.4 -0.8	-1.45	-1.35	-0.85	-0.75	1299
-1.4	-0.7	-1.4 -0.7	-1.45	-1.35	-0.75	-0.65	1300
-1.4	-0.6	-1.4 -0.6	-1.45	-1.35	-0.65	-0.55	1301
-1.4	-0.5	-1.4 -0.5	-1.45	-1.35	-0.55	-0.45	1302
-1.4	-0.4	-1.4 -0.4	-1.45	-1.35	-0.45	-0.35	1303
-1.4	-0.3	-1.4 -0.3	-1.45	-1.35	-0.35	-0.25	1304
-1.4	-0.2	-1.4 -0.2	-1.45	-1.35	-0.25	-0.15	1305
-1.4	-0.1	-1.4 -0.1	-1.45	-1.35	-0.15	-0.0500000000000002	1306
-1.4	0	-1.4 0	-1.45	-1.35	-0.0499999999999998	0.0499999999999998	1307
-1.4	0.1	-1.4 0.1	-1.45	-1.35	0.0500000000000003	0.15	1308
-1.4	0.2	-1.4 0.2	-1.45	-1.35	0.15	0.25	1309
-1.4	0.3	-1.4 0.3	-1.45	-1.35	0.25	0.35	1310
-1.4	0.4	-1.4 0.4	-1.45	-1.35	0.35	0.45	1311
-1.4	0.5	-1.4 0.5	-1.45	-1.35	0.45	0.55	1312
-1.4	0.6	-1.4 0.6	-1.45	-1.35	0.55	0.65	1313
-1.4	0.7	-1.4 0.7	-1.45	-1.35	0.65	0.75	1314
-1.4	0.8	-1.4 0.8	-1.45	-1.35	0.75	0.85	1315
-1.4	0.9	-1.4 0.9	-1.45	-1.35	0.85	0.95	1316
-1.4	1	-1.4 1	-1.45	-1.35	0.95	1.05	1317
-1.4	1.1	-1.4 1.1	-1.45	-1.35	1.05	1.15	1318
-1.4	1.2	-1.4 1.2	-1.45	-1.35	1.15	1.25	1319
-1.4	1.3	-1.4 1.3	-1.45	-1.35	1.25	1.35	1320
-1.4	1.4	-1.4 1.4	-1.45	-1.35	1.35	1.45	1321
-1.4	1.5	-1.4 1.5	-1.45	-1.35	1.45	1.55	1322
-1.4	1.6	-1.4 1.6	-1.45	-1.35	1.55	1.65	1323
-1.4	1.7	-1.4 1.7	-1.45	-1.35	1.65	1.75	1324
-1.4	1.8	-1.4 1.8	-1.45	-1.35	1.75	1.85	1325
-1.4	1.9	-1.4 1.9	-1.45	-1.35	1.85	1.95	1326
-1.4	2	-1.4 2	-1.45	-1.35	1.95	2.05	1327
-1.4	2.1	-1.4 2.1	-1.45	-1.35	2.05	2.15	1328
-1.4	2.2	-1.4 2.2	-1.45	-1.35	2.15	2.25	1329
-1.4	2.3	-1.4 2.3	-1.45	-1.35	2.25	2.35	1330
-1.4	2.4	-1.4 2.4	-1.45	-1.35	2.35	2.45	1331
-1.4	2.5	-1.4 2.5	-1.45	-1.35	2.45	2.55	1332
-1.4	2.6	-1.4 2.6	-1.45	-1.35	2.55	2.65	1333
-1.4	2.7	-1.4 2.7	-1.45	-1.35	2.65	2.75	1334
-1.4	2.8	-1.4 2.8	-1.45	-1.35	2.75	2.85	1335
-1.4	2.9	-1.4 2.9	-1.45	-1.35	2.85	2.95	1336
-1.4	3	-1.4 3	-1.45	-1.35	2.95	3.05	1337
-1.4	3.1	-1.4 3.1	-1.45	-1.35	3.05	3.15	1338
-1.4	3.2	-1.4 3.2	-1.45	-1.35	3.15	3.25	1339
-1.4	3.3	-1.4 3.3	-1.45	-1.35	3.25	3.35	1340
-1.4	3.4	-1.4 3.4	-1.45	-1.35	3.35	3.45	1341
-1.4	3.5	-1.4 3.5	-1.45	-1.35	3.45	3.55	1342
-1.4	3.6	-1.4 3.6	-1.45	-1.35	3.55	3.65	1343
-1.4	3.7	-1.4 3.7	-1.45	-1.35	3.65	3.75	1344
-1.4	3.8	-1.4 3.8	-1.45	-1.35	3.75	3.85	1345
-1.4	3.9	-1.4 3.9	-1.45	-1.35	3.85	3.95	1346
-1.4	4	-1.4 4	-1.45	-1.35	3.95	4.05	1347
-1.4	4.1	-1.4 4.1	-1.45	-1.35	4.05	4.15	1348
-1.4	4.2	-1.4 4.2	-1.45	-1.35	4.15	4.25	1349
-1.4	4.3	-1.4 4.3	-1.45	-1.35	4.25	4.35	1350
-1.4	4.4	-1.4 4.4	-1.45	-1.35	4.35	4.45	1351
-1.4	4.5	-1.4 4.5	-1.45	-1.35	4.45	4.55	1352
-1.4	4.6	-1.4 4.6	-1.45	-1.35	4.55	4.65	1353
-1.4	4.7	-1.4 4.7	-1.45	-1.35	4.65	4.75	1354
-1.4	4.8	-1.4 4.8	-1.45	-1.35	4.75	4.85	1355
-1.4	4.9	-1.4 4.9	-1.45	-1.35	4.85	4.95	1356
-1.4	5	-1.4 5	-1.45	-1.35	4.95	5.05	1357
-1.4	5.1	-1.4 5.1	-1.45	-1.35	5.05	5.15	1358
-1.4	5.2	-1.4 5.2	-1.45	-1.35	5.15	5.25	1359
-1.4	5.3	-1.4 5.3	-1.45	-1.35	5.25	5.35	1360
-1.4	5.4	-1.4 5.4	-1.45	-1.35	5.35	5.45	1361
-1.4	5.5	-1.4 5.5	-1.45	-1.35	5.45	5.55	1362
-1.4	5.6	-1.4 5.6	-1.45	-1.35	5.55	5.65	1363
-1.4	5.7	-1.4 5.7	-1.45	-1.35	5.65	5.75	1364
-1.4	5.8	-1.4 5.8	-1.45	-1.35	5.75	5.85	1365
-1.4	5.9	-1.4 5.9	-1.45	-1.35	5.85	5.95	1366
-1.4	6	-1.4 6	-1.45	-1.35	5.95	6.05	1367
-1.4	6.1	-1.4 6.1	-1.45	-1.35	6.05	6.15	1368
-1.4	6.2	-1.4 6.2	-1.45	-1.35	6.15	6.25	1369
-1.4	6.3	-1.4 6.3	-1.45	-1.35	6.25	6.35	1370
-1.4	6.4	-1.4 6.4	-1.45	-1.35	6.35	6.45	1371
-1.4	6.5	-1.4 6.5	-1.45	-1.35	6.45	6.55	1372
-1.4	6.6	-1.4 6.6	-1.45	-1.35	6.55	6.65	1373
-1.4	6.7	-1.4 6.7	-1.45	-1.35	6.65	6.75	1374
-1.4	6.8	-1.4 6.8	-1.45	-1.35	6.75	6.85	1375
-1.4	6.9	-1.4 6.9	-1.45	-1.35	6.85	6.95	1376
-1.4	7	-1.4 7	-1.45	-1.35	6.95	7.05	1377
-1.3	-1	-1.3 -1	-1.35	-1.25	-1.05	-0.95	1378
-1.3	-0.9	-1.3 -0.9	-1.35	-1.25	-0.95	-0.85	1379
-1.3	-0.8	-1.3 -0.8	-1.35	-1.25	-0.85	-0.75	1380
-1.3	-0.7	-1.3 -0.7	-1.35	-1.25	-0.75	-0.65	1381
-1.3	-0.6	-1.3 -0.6	-1.35	-1.25	-0.65	-0.55	1382
-1.3	-0.5	-1.3 -0.5	-1.35	-1.25	-0.55	-0.45	1383
-1.3	-0.4	-1.3 -0.4	-1.35	-1.25	-0.45	-0.35	1384
-1.3	-0.3	-1.3 -0.3	-1.35	-1.25	-0.35	-0.25	1385
-1.3	-0.2	-1.3 -0.2	-1.35	-1.25	-0.25	-0.15	1386
-1.3	-0.1	-1.3 -0.1	-1.35	-1.25	-0.15	-0.0500000000000002	1387
-1.3	0	-1.3 0	-1.35	-1.25	-0.0499999999999998	0.0499999999999998	1388
-1.3	0.1	-1.3 0.1	-1.35	-1.25	0.0500000000000003	0.15	1389
-1.3	0.2	-1.3 0.2	-1.35	-1.25	0.15	0.25	1390
-1.3	0.3	-1.3 0.3	-1.35	-1.25	0.25	0.35	1391
-1.3	0.4	-1.3 0.4	-1.35	-1.25	0.35	0.45	1392
-1.3	0.5	-1.3 0.5	-1.35	-1.25	0.45	0.55	1393
-1.3	0.6	-1.3 0.6	-1.35	-1.25	0.55	0.65	1394
-1.3	0.7	-1.3 0.7	-1.35	-1.25	0.65	0.75	1395
-1.3	0.8	-1.3 0.8	-1.35	-1.25	0.75	0.85	1396
-1.3	0.9	-1.3 0.9	-1.35	-1.25	0.85	0.95	1397
-1.3	1	-1.3 1	-1.35	-1.25	0.95	1.05	1398
-1.3	1.1	-1.3 1.1	-1.35	-1.25	1.05	1.15	1399
-1.3	1.2	-1.3 1.2	-1.35	-1.25	1.15	1.25	1400
-1.3	1.3	-1.3 1.3	-1.35	-1.25	1.25	1.35	1401
-1.3	1.4	-1.3 1.4	-1.35	-1.25	1.35	1.45	1402
-1.3	1.5	-1.3 1.5	-1.35	-1.25	1.45	1.55	1403
-1.3	1.6	-1.3 1.6	-1.35	-1.25	1.55	1.65	1404
-1.3	1.7	-1.3 1.7	-1.35	-1.25	1.65	1.75	1405
-1.3	1.8	-1.3 1.8	-1.35	-1.25	1.75	1.85	1406
-1.3	1.9	-1.3 1.9	-1.35	-1.25	1.85	1.95	1407
-1.3	2	-1.3 2	-1.35	-1.25	1.95	2.05	1408
-1.3	2.1	-1.3 2.1	-1.35	-1.25	2.05	2.15	1409
-1.3	2.2	-1.3 2.2	-1.35	-1.25	2.15	2.25	1410
-1.3	2.3	-1.3 2.3	-1.35	-1.25	2.25	2.35	1411
-1.3	2.4	-1.3 2.4	-1.35	-1.25	2.35	2.45	1412
-1.3	2.5	-1.3 2.5	-1.35	-1.25	2.45	2.55	1413
-1.3	2.6	-1.3 2.6	-1.35	-1.25	2.55	2.65	1414
-1.3	2.7	-1.3 2.7	-1.35	-1.25	2.65	2.75	1415
-1.3	2.8	-1.3 2.8	-1.35	-1.25	2.75	2.85	1416
-1.3	2.9	-1.3 2.9	-1.35	-1.25	2.85	2.95	1417
-1.3	3	-1.3 3	-1.35	-1.25	2.95	3.05	1418
-1.3	3.1	-1.3 3.1	-1.35	-1.25	3.05	3.15	1419
-1.3	3.2	-1.3 3.2	-1.35	-1.25	3.15	3.25	1420
-1.3	3.3	-1.3 3.3	-1.35	-1.25	3.25	3.35	1421
-1.3	3.4	-1.3 3.4	-1.35	-1.25	3.35	3.45	1422
-1.3	3.5	-1.3 3.5	-1.35	-1.25	3.45	3.55	1423
-1.3	3.6	-1.3 3.6	-1.35	-1.25	3.55	3.65	1424
-1.3	3.7	-1.3 3.7	-1.35	-1.25	3.65	3.75	1425
-1.3	3.8	-1.3 3.8	-1.35	-1.25	3.75	3.85	1426
-1.3	3.9	-1.3 3.9	-1.35	-1.25	3.85	3.95	1427
-1.3	4	-1.3 4	-1.35	-1.25	3.95	4.05	1428
-1.3	4.1	-1.3 4.1	-1.35	-1.25	4.05	4.15	1429
-1.3	4.2	-1.3 4.2	-1.35	-1.25	4.15	4.25	1430
-1.3	4.3	-1.3 4.3	-1.35	-1.25	4.25	4.35	1431
-1.3	4.4	-1.3 4.4	-1.35	-1.25	4.35	4.45	1432
-1.3	4.5	-1.3 4.5	-1.35	-1.25	4.45	4.55	1433
-1.3	4.6	-1.3 4.6	-1.35	-1.25	4.55	4.65	1434
-1.3	4.7	-1.3 4.7	-1.35	-1.25	4.65	4.75	1435
-1.3	4.8	-1.3 4.8	-1.35	-1.25	4.75	4.85	1436
-1.3	4.9	-1.3 4.9	-1.35	-1.25	4.85	4.95	1437
-1.3	5	-1.3 5	-1.35	-1.25	4.95	5.05	1438
-1.3	5.1	-1.3 5.1	-1.35	-1.25	5.05	5.15	1439
-1.3	5.2	-1.3 5.2	-1.35	-1.25	5.15	5.25	1440
-1.3	5.3	-1.3 5.3	-1.35	-1.25	5.25	5.35	1441
-1.3	5.4	-1.3 5.4	-1.35	-1.25	5.35	5.45	1442
-1.3	5.5	-1.3 5.5	-1.35	-1.25	5.45	5.55	1443
-1.3	5.6	-1.3 5.6	-1.35	-1.25	5.55	5.65	1444
-1.3	5.7	-1.3 5.7	-1.35	-1.25	5.65	5.75	1445
-1.3	5.8	-1.3 5.8	-1.35	-1.25	5.75	5.85	1446
-1.3	5.9	-1.3 5.9	-1.35	-1.25	5.85	5.95	1447
-1.3	6	-1.3 6	-1.35	-1.25	5.95	6.05	1448
-1.3	6.1	-1.3 6.1	-1.35	-1.25	6.05	6.15	1449
-1.3	6.2	-1.3 6.2	-1.35	-1.25	6.15	6.25	1450
-1.3	6.3	-1.3 6.3	-1.35	-1.25	6.25	6.35	1451
-1.3	6.4	-1.3 6.4	-1.35	-1.25	6.35	6.45	1452
-1.3	6.5	-1.3 6.5	-1.35	-1.25	6.45	6.55	1453
-1.3	6.6	-1.3 6.6	-1.35	-1.25	6.55	6.65	1454
-1.3	6.7	-1.3 6.7	-1.35	-1.25	6.65	6.75	1455
-1.3	6.8	-1.3 6.8	-1.35	-1.25	6.75	6.85	1456
-1.3	6.9	-1.3 6.9	-1.35	-1.25	6.85	6.95	1457
-1.3	7	-1.3 7	-1.35	-1.25	6.95	7.05	1458
-1.2	-1	-1.2 -1	-1.25	-1.15	-1.05	-0.95	1459
-1.2	-0.9	-1.2 -0.9	-1.25	-1.15	-0.95	-0.85	1460
-1.2	-0.8	-1.2 -0.8	-1.25	-1.15	-0.85	-0.75	1461
-1.2	-0.7	-1.2 -0.7	-1.25	-1.15	-0.75	-0.65	1462
-1.2	-0.6	-1.2 -0.6	-1.25	-1.15	-0.65	-0.55	1463
-1.2	-0.5	-1.2 -0.5	-1.25	-1.15	-0.55	-0.45	1464
-1.2	-0.4	-1.2 -0.4	-1.25	-1.15	-0.45	-0.35	1465
-1.2	-0.3	-1.2 -0.3	-1.25	-1.15	-0.35	-0.25	1466
-1.2	-0.2	-1.2 -0.2	-1.25	-1.15	-0.25	-0.15	1467
-1.2	-0.1	-1.2 -0.1	-1.25	-1.15	-0.15	-0.0500000000000002	1468
-1.2	0	-1.2 0	-1.25	-1.15	-0.0499999999999998	0.0499999999999998	1469
-1.2	0.1	-1.2 0.1	-1.25	-1.15	0.0500000000000003	0.15	1470
-1.2	0.2	-1.2 0.2	-1.25	-1.15	0.15	0.25	1471
-1.2	0.3	-1.2 0.3	-1.25	-1.15	0.25	0.35	1472
-1.2	0.4	-1.2 0.4	-1.25	-1.15	0.35	0.45	1473
-1.2	0.5	-1.2 0.5	-1.25	-1.15	0.45	0.55	1474
-1.2	0.6	-1.2 0.6	-1.25	-1.15	0.55	0.65	1475
-1.2	0.7	-1.2 0.7	-1.25	-1.15	0.65	0.75	1476
-1.2	0.8	-1.2 0.8	-1.25	-1.15	0.75	0.85	1477
-1.2	0.9	-1.2 0.9	-1.25	-1.15	0.85	0.95	1478
-1.2	1	-1.2 1	-1.25	-1.15	0.95	1.05	1479
-1.2	1.1	-1.2 1.1	-1.25	-1.15	1.05	1.15	1480
-1.2	1.2	-1.2 1.2	-1.25	-1.15	1.15	1.25	1481
-1.2	1.3	-1.2 1.3	-1.25	-1.15	1.25	1.35	1482
-1.2	1.4	-1.2 1.4	-1.25	-1.15	1.35	1.45	1483
-1.2	1.5	-1.2 1.5	-1.25	-1.15	1.45	1.55	1484
-1.2	1.6	-1.2 1.6	-1.25	-1.15	1.55	1.65	1485
-1.2	1.7	-1.2 1.7	-1.25	-1.15	1.65	1.75	1486
-1.2	1.8	-1.2 1.8	-1.25	-1.15	1.75	1.85	1487
-1.2	1.9	-1.2 1.9	-1.25	-1.15	1.85	1.95	1488
-1.2	2	-1.2 2	-1.25	-1.15	1.95	2.05	1489
-1.2	2.1	-1.2 2.1	-1.25	-1.15	2.05	2.15	1490
-1.2	2.2	-1.2 2.2	-1.25	-1.15	2.15	2.25	1491
-1.2	2.3	-1.2 2.3	-1.25	-1.15	2.25	2.35	1492
-1.2	2.4	-1.2 2.4	-1.25	-1.15	2.35	2.45	1493
-1.2	2.5	-1.2 2.5	-1.25	-1.15	2.45	2.55	1494
-1.2	2.6	-1.2 2.6	-1.25	-1.15	2.55	2.65	1495
-1.2	2.7	-1.2 2.7	-1.25	-1.15	2.65	2.75	1496
-1.2	2.8	-1.2 2.8	-1.25	-1.15	2.75	2.85	1497
-1.2	2.9	-1.2 2.9	-1.25	-1.15	2.85	2.95	1498
-1.2	3	-1.2 3	-1.25	-1.15	2.95	3.05	1499
-1.2	3.1	-1.2 3.1	-1.25	-1.15	3.05	3.15	1500
-1.2	3.2	-1.2 3.2	-1.25	-1.15	3.15	3.25	1501
-1.2	3.3	-1.2 3.3	-1.25	-1.15	3.25	3.35	1502
-1.2	3.4	-1.2 3.4	-1.25	-1.15	3.35	3.45	1503
-1.2	3.5	-1.2 3.5	-1.25	-1.15	3.45	3.55	1504
-1.2	3.6	-1.2 3.6	-1.25	-1.15	3.55	3.65	1505
-1.2	3.7	-1.2 3.7	-1.25	-1.15	3.65	3.75	1506
-1.2	3.8	-1.2 3.8	-1.25	-1.15	3.75	3.85	1507
-1.2	3.9	-1.2 3.9	-1.25	-1.15	3.85	3.95	1508
-1.2	4	-1.2 4	-1.25	-1.15	3.95	4.05	1509
-1.2	4.1	-1.2 4.1	-1.25	-1.15	4.05	4.15	1510
-1.2	4.2	-1.2 4.2	-1.25	-1.15	4.15	4.25	1511
-1.2	4.3	-1.2 4.3	-1.25	-1.15	4.25	4.35	1512
-1.2	4.4	-1.2 4.4	-1.25	-1.15	4.35	4.45	1513
-1.2	4.5	-1.2 4.5	-1.25	-1.15	4.45	4.55	1514
-1.2	4.6	-1.2 4.6	-1.25	-1.15	4.55	4.65	1515
-1.2	4.7	-1.2 4.7	-1.25	-1.15	4.65	4.75	1516
-1.2	4.8	-1.2 4.8	-1.25	-1.15	4.75	4.85	1517
-1.2	4.9	-1.2 4.9	-1.25	-1.15	4.85	4.95	1518
-1.2	5	-1.2 5	-1.25	-1.15	4.95	5.05	1519
-1.2	5.1	-1.2 5.1	-1.25	-1.15	5.05	5.15	1520
-1.2	5.2	-1.2 5.2	-1.25	-1.15	5.15	5.25	1521
-1.2	5.3	-1.2 5.3	-1.25	-1.15	5.25	5.35	1522
-1.2	5.4	-1.2 5.4	-1.25	-1.15	5.35	5.45	1523
-1.2	5.5	-1.2 5.5	-1.25	-1.15	5.45	5.55	1524
-1.2	5.6	-1.2 5.6	-1.25	-1.15	5.55	5.65	1525
-1.2	5.7	-1.2 5.7	-1.25	-1.15	5.65	5.75	1526
-1.2	5.8	-1.2 5.8	-1.25	-1.15	5.75	5.85	1527
-1.2	5.9	-1.2 5.9	-1.25	-1.15	5.85	5.95	1528
-1.2	6	-1.2 6	-1.25	-1.15	5.95	6.05	1529
-1.2	6.1	-1.2 6.1	-1.25	-1.15	6.05	6.15	1530
-1.2	6.2	-1.2 6.2	-1.25	-1.15	6.15	6.25	1531
-1.2	6.3	-1.2 6.3	-1.25	-1.15	6.25	6.35	1532
-1.2	6.4	-1.2 6.4	-1.25	-1.15	6.35	6.45	1533
-1.2	6.5	-1.2 6.5	-1.25	-1.15	6.45	6.55	1534
-1.2	6.6	-1.2 6.6	-1.25	-1.15	6.55	6.65	1535
-1.2	6.7	-1.2 6.7	-1.25	-1.15	6.65	6.75	1536
-1.2	6.8	-1.2 6.8	-1.25	-1.15	6.75	6.85	1537
-1.2	6.9	-1.2 6.9	-1.25	-1.15	6.85	6.95	1538
-1.2	7	-1.2 7	-1.25	-1.15	6.95	7.05	1539
-1.1	-1	-1.1 -1	-1.15	-1.05	-1.05	-0.95	1540
-1.1	-0.9	-1.1 -0.9	-1.15	-1.05	-0.95	-0.85	1541
-1.1	-0.8	-1.1 -0.8	-1.15	-1.05	-0.85	-0.75	1542
-1.1	-0.7	-1.1 -0.7	-1.15	-1.05	-0.75	-0.65	1543
-1.1	-0.6	-1.1 -0.6	-1.15	-1.05	-0.65	-0.55	1544
-1.1	-0.5	-1.1 -0.5	-1.15	-1.05	-0.55	-0.45	1545
-1.1	-0.4	-1.1 -0.4	-1.15	-1.05	-0.45	-0.35	1546
-1.1	-0.3	-1.1 -0.3	-1.15	-1.05	-0.35	-0.25	1547
-1.1	-0.2	-1.1 -0.2	-1.15	-1.05	-0.25	-0.15	1548
-1.1	-0.1	-1.1 -0.1	-1.15	-1.05	-0.15	-0.0500000000000002	1549
-1.1	0	-1.1 0	-1.15	-1.05	-0.0499999999999998	0.0499999999999998	1550
-1.1	0.1	-1.1 0.1	-1.15	-1.05	0.0500000000000003	0.15	1551
-1.1	0.2	-1.1 0.2	-1.15	-1.05	0.15	0.25	1552
-1.1	0.3	-1.1 0.3	-1.15	-1.05	0.25	0.35	1553
-1.1	0.4	-1.1 0.4	-1.15	-1.05	0.35	0.45	1554
-1.1	0.5	-1.1 0.5	-1.15	-1.05	0.45	0.55	1555
-1.1	0.6	-1.1 0.6	-1.15	-1.05	0.55	0.65	1556
-1.1	0.7	-1.1 0.7	-1.15	-1.05	0.65	0.75	1557
-1.1	0.8	-1.1 0.8	-1.15	-1.05	0.75	0.85	1558
-1.1	0.9	-1.1 0.9	-1.15	-1.05	0.85	0.95	1559
-1.1	1	-1.1 1	-1.15	-1.05	0.95	1.05	1560
-1.1	1.1	-1.1 1.1	-1.15	-1.05	1.05	1.15	1561
-1.1	1.2	-1.1 1.2	-1.15	-1.05	1.15	1.25	1562
-1.1	1.3	-1.1 1.3	-1.15	-1.05	1.25	1.35	1563
-1.1	1.4	-1.1 1.4	-1.15	-1.05	1.35	1.45	1564
-1.1	1.5	-1.1 1.5	-1.15	-1.05	1.45	1.55	1565
-1.1	1.6	-1.1 1.6	-1.15	-1.05	1.55	1.65	1566
-1.1	1.7	-1.1 1.7	-1.15	-1.05	1.65	1.75	1567
-1.1	1.8	-1.1 1.8	-1.15	-1.05	1.75	1.85	1568
-1.1	1.9	-1.1 1.9	-1.15	-1.05	1.85	1.95	1569
-1.1	2	-1.1 2	-1.15	-1.05	1.95	2.05	1570
-1.1	2.1	-1.1 2.1	-1.15	-1.05	2.05	2.15	1571
-1.1	2.2	-1.1 2.2	-1.15	-1.05	2.15	2.25	1572
-1.1	2.3	-1.1 2.3	-1.15	-1.05	2.25	2.35	1573
-1.1	2.4	-1.1 2.4	-1.15	-1.05	2.35	2.45	1574
-1.1	2.5	-1.1 2.5	-1.15	-1.05	2.45	2.55	1575
-1.1	2.6	-1.1 2.6	-1.15	-1.05	2.55	2.65	1576
-1.1	2.7	-1.1 2.7	-1.15	-1.05	2.65	2.75	1577
-1.1	2.8	-1.1 2.8	-1.15	-1.05	2.75	2.85	1578
-1.1	2.9	-1.1 2.9	-1.15	-1.05	2.85	2.95	1579
-1.1	3	-1.1 3	-1.15	-1.05	2.95	3.05	1580
-1.1	3.1	-1.1 3.1	-1.15	-1.05	3.05	3.15	1581
-1.1	3.2	-1.1 3.2	-1.15	-1.05	3.15	3.25	1582
-1.1	3.3	-1.1 3.3	-1.15	-1.05	3.25	3.35	1583
-1.1	3.4	-1.1 3.4	-1.15	-1.05	3.35	3.45	1584
-1.1	3.5	-1.1 3.5	-1.15	-1.05	3.45	3.55	1585
-1.1	3.6	-1.1 3.6	-1.15	-1.05	3.55	3.65	1586
-1.1	3.7	-1.1 3.7	-1.15	-1.05	3.65	3.75	1587
-1.1	3.8	-1.1 3.8	-1.15	-1.05	3.75	3.85	1588
-1.1	3.9	-1.1 3.9	-1.15	-1.05	3.85	3.95	1589
-1.1	4	-1.1 4	-1.15	-1.05	3.95	4.05	1590
-1.1	4.1	-1.1 4.1	-1.15	-1.05	4.05	4.15	1591
-1.1	4.2	-1.1 4.2	-1.15	-1.05	4.15	4.25	1592
-1.1	4.3	-1.1 4.3	-1.15	-1.05	4.25	4.35	1593
-1.1	4.4	-1.1 4.4	-1.15	-1.05	4.35	4.45	1594
-1.1	4.5	-1.1 4.5	-1.15	-1.05	4.45	4.55	1595
-1.1	4.6	-1.1 4.6	-1.15	-1.05	4.55	4.65	1596
-1.1	4.7	-1.1 4.7	-1.15	-1.05	4.65	4.75	1597
-1.1	4.8	-1.1 4.8	-1.15	-1.05	4.75	4.85	1598
-1.1	4.9	-1.1 4.9	-1.15	-1.05	4.85	4.95	1599
-1.1	5	-1.1 5	-1.15	-1.05	4.95	5.05	1600
-1.1	5.1	-1.1 5.1	-1.15	-1.05	5.05	5.15	1601
-1.1	5.2	-1.1 5.2	-1.15	-1.05	5.15	5.25	1602
-1.1	5.3	-1.1 5.3	-1.15	-1.05	5.25	5.35	1603
-1.1	5.4	-1.1 5.4	-1.15	-1.05	5.35	5.45	1604
-1.1	5.5	-1.1 5.5	-1.15	-1.05	5.45	5.55	1605
-1.1	5.6	-1.1 5.6	-1.15	-1.05	5.55	5.65	1606
-1.1	5.7	-1.1 5.7	-1.15	-1.05	5.65	5.75	1607
-1.1	5.8	-1.1 5.8	-1.15	-1.05	5.75	5.85	1608
-1.1	5.9	-1.1 5.9	-1.15	-1.05	5.85	5.95	1609
-1.1	6	-1.1 6	-1.15	-1.05	5.95	6.05	1610
-1.1	6.1	-1.1 6.1	-1.15	-1.05	6.05	6.15	1611
-1.1	6.2	-1.1 6.2	-1.15	-1.05	6.15	6.25	1612
-1.1	6.3	-1.1 6.3	-1.15	-1.05	6.25	6.35	1613
-1.1	6.4	-1.1 6.4	-1.15	-1.05	6.35	6.45	1614
-1.1	6.5	-1.1 6.5	-1.15	-1.05	6.45	6.55	1615
-1.1	6.6	-1.1 6.6	-1.15	-1.05	6.55	6.65	1616
-1.1	6.7	-1.1 6.7	-1.15	-1.05	6.65	6.75	1617
-1.1	6.8	-1.1 6.8	-1.15	-1.05	6.75	6.85	1618
-1.1	6.9	-1.1 6.9	-1.15	-1.05	6.85	6.95	1619
-1.1	7	-1.1 7	-1.15	-1.05	6.95	7.05	1620
-1	-1	-1 -1	-1.05	-0.95	-1.05	-0.95	1621
-1	-0.9	-1 -0.9	-1.05	-0.95	-0.95	-0.85	1622
-1	-0.8	-1 -0.8	-1.05	-0.95	-0.85	-0.75	1623
-1	-0.7	-1 -0.7	-1.05	-0.95	-0.75	-0.65	1624
-1	-0.6	-1 -0.6	-1.05	-0.95	-0.65	-0.55	1625
-1	-0.5	-1 -0.5	-1.05	-0.95	-0.55	-0.45	1626
-1	-0.4	-1 -0.4	-1.05	-0.95	-0.45	-0.35	1627
-1	-0.3	-1 -0.3	-1.05	-0.95	-0.35	-0.25	1628
-1	-0.2	-1 -0.2	-1.05	-0.95	-0.25	-0.15	1629
-1	-0.1	-1 -0.1	-1.05	-0.95	-0.15	-0.0500000000000002	1630
-1	0	-1 0	-1.05	-0.95	-0.0499999999999998	0.0499999999999998	1631
-1	0.1	-1 0.1	-1.05	-0.95	0.0500000000000003	0.15	1632
-1	0.2	-1 0.2	-1.05	-0.95	0.15	0.25	1633
-1	0.3	-1 0.3	-1.05	-0.95	0.25	0.35	1634
-1	0.4	-1 0.4	-1.05	-0.95	0.35	0.45	1635
-1	0.5	-1 0.5	-1.05	-0.95	0.45	0.55	1636
-1	0.6	-1 0.6	-1.05	-0.95	0.55	0.65	1637
-1	0.7	-1 0.7	-1.05	-0.95	0.65	0.75	1638
-1	0.8	-1 0.8	-1.05	-0.95	0.75	0.85	1639
-1	0.9	-1 0.9	-1.05	-0.95	0.85	0.95	1640
-1	1	-1 1	-1.05	-0.95	0.95	1.05	1641
-1	1.1	-1 1.1	-1.05	-0.95	1.05	1.15	1642
-1	1.2	-1 1.2	-1.05	-0.95	1.15	1.25	1643
-1	1.3	-1 1.3	-1.05	-0.95	1.25	1.35	1644
-1	1.4	-1 1.4	-1.05	-0.95	1.35	1.45	1645
-1	1.5	-1 1.5	-1.05	-0.95	1.45	1.55	1646
-1	1.6	-1 1.6	-1.05	-0.95	1.55	1.65	1647
-1	1.7	-1 1.7	-1.05	-0.95	1.65	1.75	1648
-1	1.8	-1 1.8	-1.05	-0.95	1.75	1.85	1649
-1	1.9	-1 1.9	-1.05	-0.95	1.85	1.95	1650
-1	2	-1 2	-1.05	-0.95	1.95	2.05	1651
-1	2.1	-1 2.1	-1.05	-0.95	2.05	2.15	1652
-1	2.2	-1 2.2	-1.05	-0.95	2.15	2.25	1653
-1	2.3	-1 2.3	-1.05	-0.95	2.25	2.35	1654
-1	2.4	-1 2.4	-1.05	-0.95	2.35	2.45	1655
-1	2.5	-1 2.5	-1.05	-0.95	2.45	2.55	1656
-1	2.6	-1 2.6	-1.05	-0.95	2.55	2.65	1657
-1	2.7	-1 2.7	-1.05	-0.95	2.65	2.75	1658
-1	2.8	-1 2.8	-1.05	-0.95	2.75	2.85	1659
-1	2.9	-1 2.9	-1.05	-0.95	2.85	2.95	1660
-1	3	-1 3	-1.05	-0.95	2.95	3.05	1661
-1	3.1	-1 3.1	-1.05	-0.95	3.05	3.15	1662
-1	3.2	-1 3.2	-1.05	-0.95	3.15	3.25	1663
-1	3.3	-1 3.3	-1.05	-0.95	3.25	3.35	1664
-1	3.4	-1 3.4	-1.05	-0.95	3.35	3.45	1665
-1	3.5	-1 3.5	-1.05	-0.95	3.45	3.55	1666
-1	3.6	-1 3.6	-1.05	-0.95	3.55	3.65	1667
-1	3.7	-1 3.7	-1.05	-0.95	3.65	3.75	1668
-1	3.8	-1 3.8	-1.05	-0.95	3.75	3.85	1669
-1	3.9	-1 3.9	-1.05	-0.95	3.85	3.95	1670
-1	4	-1 4	-1.05	-0.95	3.95	4.05	1671
-1	4.1	-1 4.1	-1.05	-0.95	4.05	4.15	1672
-1	4.2	-1 4.2	-1.05	-0.95	4.15	4.25	1673
-1	4.3	-1 4.3	-1.05	-0.95	4.25	4.35	1674
-1	4.4	-1 4.4	-1.05	-0.95	4.35	4.45	1675
-1	4.5	-1 4.5	-1.05	-0.95	4.45	4.55	1676
-1	4.6	-1 4.6	-1.05	-0.95	4.55	4.65	1677
-1	4.7	-1 4.7	-1.05	-0.95	4.65	4.75	1678
-1	4.8	-1 4.8	-1.05	-0.95	4.75	4.85	1679
-1	4.9	-1 4.9	-1.05	-0.95	4.85	4.95	1680
-1	5	-1 5	-1.05	-0.95	4.95	5.05	1681
-1	5.1	-1 5.1	-1.05	-0.95	5.05	5.15	1682
-1	5.2	-1 5.2	-1.05	-0.95	5.15	5.25	1683
-1	5.3	-1 5.3	-1.05	-0.95	5.25	5.35	1684
-1	5.4	-1 5.4	-1.05	-0.95	5.35	5.45	1685
-1	5.5	-1 5.5	-1.05	-0.95	5.45	5.55	1686
-1	5.6	-1 5.6	-1.05	-0.95	5.55	5.65	1687
-1	5.7	-1 5.7	-1.05	-0.95	5.65	5.75	1688
-1	5.8	-1 5.8	-1.05	-0.95	5.75	5.85	1689
-1	5.9	-1 5.9	-1.05	-0.95	5.85	5.95	1690
-1	6	-1 6	-1.05	-0.95	5.95	6.05	1691
-1	6.1	-1 6.1	-1.05	-0.95	6.05	6.15	1692
-1	6.2	-1 6.2	-1.05	-0.95	6.15	6.25	1693
-1	6.3	-1 6.3	-1.05	-0.95	6.25	6.35	1694
-1	6.4	-1 6.4	-1.05	-0.95	6.35	6.45	1695
-1	6.5	-1 6.5	-1.05	-0.95	6.45	6.55	1696
-1	6.6	-1 6.6	-1.05	-0.95	6.55	6.65	1697
-1	6.7	-1 6.7	-1.05	-0.95	6.65	6.75	1698
-1	6.8	-1 6.8	-1.05	-0.95	6.75	6.85	1699
-1	6.9	-1 6.9	-1.05	-0.95	6.85	6.95	1700
-1	7	-1 7	-1.05	-0.95	6.95	7.05	1701
-0.9	-1	-0.9 -1	-0.95	-0.85	-1.05	-0.95	1702
-0.9	-0.9	-0.9 -0.9	-0.95	-0.85	-0.95	-0.85	1703
-0.9	-0.8	-0.9 -0.8	-0.95	-0.85	-0.85	-0.75	1704
-0.9	-0.7	-0.9 -0.7	-0.95	-0.85	-0.75	-0.65	1705
-0.9	-0.6	-0.9 -0.6	-0.95	-0.85	-0.65	-0.55	1706
-0.9	-0.5	-0.9 -0.5	-0.95	-0.85	-0.55	-0.45	1707
-0.9	-0.4	-0.9 -0.4	-0.95	-0.85	-0.45	-0.35	1708
-0.9	-0.3	-0.9 -0.3	-0.95	-0.85	-0.35	-0.25	1709
-0.9	-0.2	-0.9 -0.2	-0.95	-0.85	-0.25	-0.15	1710
-0.9	-0.1	-0.9 -0.1	-0.95	-0.85	-0.15	-0.0500000000000002	1711
-0.9	0	-0.9 0	-0.95	-0.85	-0.0499999999999998	0.0499999999999998	1712
-0.9	0.1	-0.9 0.1	-0.95	-0.85	0.0500000000000003	0.15	1713
-0.9	0.2	-0.9 0.2	-0.95	-0.85	0.15	0.25	1714
-0.9	0.3	-0.9 0.3	-0.95	-0.85	0.25	0.35	1715
-0.9	0.4	-0.9 0.4	-0.95	-0.85	0.35	0.45	1716
-0.9	0.5	-0.9 0.5	-0.95	-0.85	0.45	0.55	1717
-0.9	0.6	-0.9 0.6	-0.95	-0.85	0.55	0.65	1718
-0.9	0.7	-0.9 0.7	-0.95	-0.85	0.65	0.75	1719
-0.9	0.8	-0.9 0.8	-0.95	-0.85	0.75	0.85	1720
-0.9	0.9	-0.9 0.9	-0.95	-0.85	0.85	0.95	1721
-0.9	1	-0.9 1	-0.95	-0.85	0.95	1.05	1722
-0.9	1.1	-0.9 1.1	-0.95	-0.85	1.05	1.15	1723
-0.9	1.2	-0.9 1.2	-0.95	-0.85	1.15	1.25	1724
-0.9	1.3	-0.9 1.3	-0.95	-0.85	1.25	1.35	1725
-0.9	1.4	-0.9 1.4	-0.95	-0.85	1.35	1.45	1726
-0.9	1.5	-0.9 1.5	-0.95	-0.85	1.45	1.55	1727
-0.9	1.6	-0.9 1.6	-0.95	-0.85	1.55	1.65	1728
-0.9	1.7	-0.9 1.7	-0.95	-0.85	1.65	1.75	1729
-0.9	1.8	-0.9 1.8	-0.95	-0.85	1.75	1.85	1730
-0.9	1.9	-0.9 1.9	-0.95	-0.85	1.85	1.95	1731
-0.9	2	-0.9 2	-0.95	-0.85	1.95	2.05	1732
-0.9	2.1	-0.9 2.1	-0.95	-0.85	2.05	2.15	1733
-0.9	2.2	-0.9 2.2	-0.95	-0.85	2.15	2.25	1734
-0.9	2.3	-0.9 2.3	-0.95	-0.85	2.25	2.35	1735
-0.9	2.4	-0.9 2.4	-0.95	-0.85	2.35	2.45	1736
-0.9	2.5	-0.9 2.5	-0.95	-0.85	2.45	2.55	1737
-0.9	2.6	-0.9 2.6	-0.95	-0.85	2.55	2.65	1738
-0.9	2.7	-0.9 2.7	-0.95	-0.85	2.65	2.75	1739
-0.9	2.8	-0.9 2.8	-0.95	-0.85	2.75	2.85	1740
-0.9	2.9	-0.9 2.9	-0.95	-0.85	2.85	2.95	1741
-0.9	3	-0.9 3	-0.95	-0.85	2.95	3.05	1742
-0.9	3.1	-0.9 3.1	-0.95	-0.85	3.05	3.15	1743
-0.9	3.2	-0.9 3.2	-0.95	-0.85	3.15	3.25	1744
-0.9	3.3	-0.9 3.3	-0.95	-0.85	3.25	3.35	1745
-0.9	3.4	-0.9 3.4	-0.95	-0.85	3.35	3.45	1746
-0.9	3.5	-0.9 3.5	-0.95	-0.85	3.45	3.55	1747
-0.9	3.6	-0.9 3.6	-0.95	-0.85	3.55	3.65	1748
-0.9	3.7	-0.9 3.7	-0.95	-0.85	3.65	3.75	1749
-0.9	3.8	-0.9 3.8	-0.95	-0.85	3.75	3.85	1750
-0.9	3.9	-0.9 3.9	-0.95	-0.85	3.85	3.95	1751
-0.9	4	-0.9 4	-0.95	-0.85	3.95	4.05	1752
-0.9	4.1	-0.9 4.1	-0.95	-0.85	4.05	4.15	1753
-0.9	4.2	-0.9 4.2	-0.95	-0.85	4.15	4.25	1754
-0.9	4.3	-0.9 4.3	-0.95	-0.85	4.25	4.35	1755
-0.9	4.4	-0.9 4.4	-0.95	-0.85	4.35	4.45	1756
-0.9	4.5	-0.9 4.5	-0.95	-0.85	4.45	4.55	1757
-0.9	4.6	-0.9 4.6	-0.95	-0.85	4.55	4.65	1758
-0.9	4.7	-0.9 4.7	-0.95	-0.85	4.65	4.75	1759
-0.9	4.8	-0.9 4.8	-0.95	-0.85	4.75	4.85	1760
-0.9	4.9	-0.9 4.9	-0.95	-0.85	4.85	4.95	1761
-0.9	5	-0.9 5	-0.95	-0.85	4.95	5.05	1762
-0.9	5.1	-0.9 5.1	-0.95	-0.85	5.05	5.15	1763
-0.9	5.2	-0.9 5.2	-0.95	-0.85	5.15	5.25	1764
-0.9	5.3	-0.9 5.3	-0.95	-0.85	5.25	5.35	1765
-0.9	5.4	-0.9 5.4	-0.95	-0.85	5.35	5.45	1766
-0.9	5.5	-0.9 5.5	-0.95	-0.85	5.45	5.55	1767
-0.9	5.6	-0.9 5.6	-0.95	-0.85	5.55	5.65	1768
-0.9	5.7	-0.9 5.7	-0.95	-0.85	5.65	5.75	1769
-0.9	5.8	-0.9 5.8	-0.95	-0.85	5.75	5.85	1770
-0.9	5.9	-0.9 5.9	-0.95	-0.85	5.85	5.95	1771
-0.9	6	-0.9 6	-0.95	-0.85	5.95	6.05	1772
-0.9	6.1	-0.9 6.1	-0.95	-0.85	6.05	6.15	1773
-0.9	6.2	-0.9 6.2	-0.95	-0.85	6.15	6.25	1774
-0.9	6.3	-0.9 6.3	-0.95	-0.85	6.25	6.35	1775
-0.9	6.4	-0.9 6.4	-0.95	-0.85	6.35	6.45	1776
-0.9	6.5	-0.9 6.5	-0.95	-0.85	6.45	6.55	1777
-0.9	6.6	-0.9 6.6	-0.95	-0.85	6.55	6.65	1778
-0.9	6.7	-0.9 6.7	-0.95	-0.85	6.65	6.75	1779
-0.9	6.8	-0.9 6.8	-0.95	-0.85	6.75	6.85	1780
-0.9	6.9	-0.9 6.9	-0.95	-0.85	6.85	6.95	1781
-0.9	7	-0.9 7	-0.95	-0.85	6.95	7.05	1782
-0.8	-1	-0.8 -1	-0.85	-0.75	-1.05	-0.95	1783
-0.8	-0.9	-0.8 -0.9	-0.85	-0.75	-0.95	-0.85	1784
-0.8	-0.8	-0.8 -0.8	-0.85	-0.75	-0.85	-0.75	1785
-0.8	-0.7	-0.8 -0.7	-0.85	-0.75	-0.75	-0.65	1786
-0.8	-0.6	-0.8 -0.6	-0.85	-0.75	-0.65	-0.55	1787
-0.8	-0.5	-0.8 -0.5	-0.85	-0.75	-0.55	-0.45	1788
-0.8	-0.4	-0.8 -0.4	-0.85	-0.75	-0.45	-0.35	1789
-0.8	-0.3	-0.8 -0.3	-0.85	-0.75	-0.35	-0.25	1790
-0.8	-0.2	-0.8 -0.2	-0.85	-0.75	-0.25	-0.15	1791
-0.8	-0.1	-0.8 -0.1	-0.85	-0.75	-0.15	-0.0500000000000002	1792
-0.8	0	-0.8 0	-0.85	-0.75	-0.0499999999999998	0.0499999999999998	1793
-0.8	0.1	-0.8 0.1	-0.85	-0.75	0.0500000000000003	0.15	1794
-0.8	0.2	-0.8 0.2	-0.85	-0.75	0.15	0.25	1795
-0.8	0.3	-0.8 0.3	-0.85	-0.75	0.25	0.35	1796
-0.8	0.4	-0.8 0.4	-0.85	-0.75	0.35	0.45	1797
-0.8	0.5	-0.8 0.5	-0.85	-0.75	0.45	0.55	1798
-0.8	0.6	-0.8 0.6	-0.85	-0.75	0.55	0.65	1799
-0.8	0.7	-0.8 0.7	-0.85	-0.75	0.65	0.75	1800
-0.8	0.8	-0.8 0.8	-0.85	-0.75	0.75	0.85	1801
-0.8	0.9	-0.8 0.9	-0.85	-0.75	0.85	0.95	1802
-0.8	1	-0.8 1	-0.85	-0.75	0.95	1.05	1803
-0.8	1.1	-0.8 1.1	-0.85	-0.75	1.05	1.15	1804
-0.8	1.2	-0.8 1.2	-0.85	-0.75	1.15	1.25	1805
-0.8	1.3	-0.8 1.3	-0.85	-0.75	1.25	1.35	1806
-0.8	1.4	-0.8 1.4	-0.85	-0.75	1.35	1.45	1807
-0.8	1.5	-0.8 1.5	-0.85	-0.75	1.45	1.55	1808
-0.8	1.6	-0.8 1.6	-0.85	-0.75	1.55	1.65	1809
-0.8	1.7	-0.8 1.7	-0.85	-0.75	1.65	1.75	1810
-0.8	1.8	-0.8 1.8	-0.85	-0.75	1.75	1.85	1811
-0.8	1.9	-0.8 1.9	-0.85	-0.75	1.85	1.95	1812
-0.8	2	-0.8 2	-0.85	-0.75	1.95	2.05	1813
-0.8	2.1	-0.8 2.1	-0.85	-0.75	2.05	2.15	1814
-0.8	2.2	-0.8 2.2	-0.85	-0.75	2.15	2.25	1815
-0.8	2.3	-0.8 2.3	-0.85	-0.75	2.25	2.35	1816
-0.8	2.4	-0.8 2.4	-0.85	-0.75	2.35	2.45	1817
-0.8	2.5	-0.8 2.5	-0.85	-0.75	2.45	2.55	1818
-0.8	2.6	-0.8 2.6	-0.85	-0.75	2.55	2.65	1819
-0.8	2.7	-0.8 2.7	-0.85	-0.75	2.65	2.75	1820
-0.8	2.8	-0.8 2.8	-0.85	-0.75	2.75	2.85	1821
-0.8	2.9	-0.8 2.9	-0.85	-0.75	2.85	2.95	1822
-0.8	3	-0.8 3	-0.85	-0.75	2.95	3.05	1823
-0.8	3.1	-0.8 3.1	-0.85	-0.75	3.05	3.15	1824
-0.8	3.2	-0.8 3.2	-0.85	-0.75	3.15	3.25	1825
-0.8	3.3	-0.8 3.3	-0.85	-0.75	3.25	3.35	1826
-0.8	3.4	-0.8 3.4	-0.85	-0.75	3.35	3.45	1827
-0.8	3.5	-0.8 3.5	-0.85	-0.75	3.45	3.55	1828
-0.8	3.6	-0.8 3.6	-0.85	-0.75	3.55	3.65	1829
-0.8	3.7	-0.8 3.7	-0.85	-0.75	3.65	3.75	1830
-0.8	3.8	-0.8 3.8	-0.85	-0.75	3.75	3.85	1831
-0.8	3.9	-0.8 3.9	-0.85	-0.75	3.85	3.95	1832
-0.8	4	-0.8 4	-0.85	-0.75	3.95	4.05	1833
-0.8	4.1	-0.8 4.1	-0.85	-0.75	4.05	4.15	1834
-0.8	4.2	-0.8 4.2	-0.85	-0.75	4.15	4.25	1835
-0.8	4.3	-0.8 4.3	-0.85	-0.75	4.25	4.35	1836
-0.8	4.4	-0.8 4.4	-0.85	-0.75	4.35	4.45	1837
-0.8	4.5	-0.8 4.5	-0.85	-0.75	4.45	4.55	1838
-0.8	4.6	-0.8 4.6	-0.85	-0.75	4.55	4.65	1839
-0.8	4.7	-0.8 4.7	-0.85	-0.75	4.65	4.75	1840
-0.8	4.8	-0.8 4.8	-0.85	-0.75	4.75	4.85	1841
-0.8	4.9	-0.8 4.9	-0.85	-0.75	4.85	4.95	1842
-0.8	5	-0.8 5	-0.85	-0.75	4.95	5.05	1843
-0.8	5.1	-0.8 5.1	-0.85	-0.75	5.05	5.15	1844
-0.8	5.2	-0.8 5.2	-0.85	-0.75	5.15	5.25	1845
-0.8	5.3	-0.8 5.3	-0.85	-0.75	5.25	5.35	1846
-0.8	5.4	-0.8 5.4	-0.85	-0.75	5.35	5.45	1847
-0.8	5.5	-0.8 5.5	-0.85	-0.75	5.45	5.55	1848
-0.8	5.6	-0.8 5.6	-0.85	-0.75	5.55	5.65	1849
-0.8	5.7	-0.8 5.7	-0.85	-0.75	5.65	5.75	1850
-0.8	5.8	-0.8 5.8	-0.85	-0.75	5.75	5.85	1851
-0.8	5.9	-0.8 5.9	-0.85	-0.75	5.85	5.95	1852
-0.8	6	-0.8 6	-0.85	-0.75	5.95	6.05	1853
-0.8	6.1	-0.8 6.1	-0.85	-0.75	6.05	6.15	1854
-0.8	6.2	-0.8 6.2	-0.85	-0.75	6.15	6.25	1855
-0.8	6.3	-0.8 6.3	-0.85	-0.75	6.25	6.35	1856
-0.8	6.4	-0.8 6.4	-0.85	-0.75	6.35	6.45	1857
-0.8	6.5	-0.8 6.5	-0.85	-0.75	6.45	6.55	1858
-0.8	6.6	-0.8 6.6	-0.85	-0.75	6.55	6.65	1859
-0.8	6.7	-0.8 6.7	-0.85	-0.75	6.65	6.75	1860
-0.8	6.8	-0.8 6.8	-0.85	-0.75	6.75	6.85	1861
-0.8	6.9	-0.8 6.9	-0.85	-0.75	6.85	6.95	1862
-0.8	7	-0.8 7	-0.85	-0.75	6.95	7.05	1863
-0.7	-1	-0.7 -1	-0.75	-0.65	-1.05	-0.95	1864
-0.7	-0.9	-0.7 -0.9	-0.75	-0.65	-0.95	-0.85	1865
-0.7	-0.8	-0.7 -0.8	-0.75	-0.65	-0.85	-0.75	1866
-0.7	-0.7	-0.7 -0.7	-0.75	-0.65	-0.75	-0.65	1867
-0.7	-0.6	-0.7 -0.6	-0.75	-0.65	-0.65	-0.55	1868
-0.7	-0.5	-0.7 -0.5	-0.75	-0.65	-0.55	-0.45	1869
-0.7	-0.4	-0.7 -0.4	-0.75	-0.65	-0.45	-0.35	1870
-0.7	-0.3	-0.7 -0.3	-0.75	-0.65	-0.35	-0.25	1871
-0.7	-0.2	-0.7 -0.2	-0.75	-0.65	-0.25	-0.15	1872
-0.7	-0.1	-0.7 -0.1	-0.75	-0.65	-0.15	-0.0500000000000002	1873
-0.7	0	-0.7 0	-0.75	-0.65	-0.0499999999999998	0.0499999999999998	1874
-0.7	0.1	-0.7 0.1	-0.75	-0.65	0.0500000000000003	0.15	1875
-0.7	0.2	-0.7 0.2	-0.75	-0.65	0.15	0.25	1876
-0.7	0.3	-0.7 0.3	-0.75	-0.65	0.25	0.35	1877
-0.7	0.4	-0.7 0.4	-0.75	-0.65	0.35	0.45	1878
-0.7	0.5	-0.7 0.5	-0.75	-0.65	0.45	0.55	1879
-0.7	0.6	-0.7 0.6	-0.75	-0.65	0.55	0.65	1880
-0.7	0.7	-0.7 0.7	-0.75	-0.65	0.65	0.75	1881
-0.7	0.8	-0.7 0.8	-0.75	-0.65	0.75	0.85	1882
-0.7	0.9	-0.7 0.9	-0.75	-0.65	0.85	0.95	1883
-0.7	1	-0.7 1	-0.75	-0.65	0.95	1.05	1884
-0.7	1.1	-0.7 1.1	-0.75	-0.65	1.05	1.15	1885
-0.7	1.2	-0.7 1.2	-0.75	-0.65	1.15	1.25	1886
-0.7	1.3	-0.7 1.3	-0.75	-0.65	1.25	1.35	1887
-0.7	1.4	-0.7 1.4	-0.75	-0.65	1.35	1.45	1888
-0.7	1.5	-0.7 1.5	-0.75	-0.65	1.45	1.55	1889
-0.7	1.6	-0.7 1.6	-0.75	-0.65	1.55	1.65	1890
-0.7	1.7	-0.7 1.7	-0.75	-0.65	1.65	1.75	1891
-0.7	1.8	-0.7 1.8	-0.75	-0.65	1.75	1.85	1892
-0.7	1.9	-0.7 1.9	-0.75	-0.65	1.85	1.95	1893
-0.7	2	-0.7 2	-0.75	-0.65	1.95	2.05	1894
-0.7	2.1	-0.7 2.1	-0.75	-0.65	2.05	2.15	1895
-0.7	2.2	-0.7 2.2	-0.75	-0.65	2.15	2.25	1896
-0.7	2.3	-0.7 2.3	-0.75	-0.65	2.25	2.35	1897
-0.7	2.4	-0.7 2.4	-0.75	-0.65	2.35	2.45	1898
-0.7	2.5	-0.7 2.5	-0.75	-0.65	2.45	2.55	1899
-0.7	2.6	-0.7 2.6	-0.75	-0.65	2.55	2.65	1900
-0.7	2.7	-0.7 2.7	-0.75	-0.65	2.65	2.75	1901
-0.7	2.8	-0.7 2.8	-0.75	-0.65	2.75	2.85	1902
-0.7	2.9	-0.7 2.9	-0.75	-0.65	2.85	2.95	1903
-0.7	3	-0.7 3	-0.75	-0.65	2.95	3.05	1904
-0.7	3.1	-0.7 3.1	-0.75	-0.65	3.05	3.15	1905
-0.7	3.2	-0.7 3.2	-0.75	-0.65	3.15	3.25	1906
-0.7	3.3	-0.7 3.3	-0.75	-0.65	3.25	3.35	1907
-0.7	3.4	-0.7 3.4	-0.75	-0.65	3.35	3.45	1908
-0.7	3.5	-0.7 3.5	-0.75	-0.65	3.45	3.55	1909
-0.7	3.6	-0.7 3.6	-0.75	-0.65	3.55	3.65	1910
-0.7	3.7	-0.7 3.7	-0.75	-0.65	3.65	3.75	1911
-0.7	3.8	-0.7 3.8	-0.75	-0.65	3.75	3.85	1912
-0.7	3.9	-0.7 3.9	-0.75	-0.65	3.85	3.95	1913
-0.7	4	-0.7 4	-0.75	-0.65	3.95	4.05	1914
-0.7	4.1	-0.7 4.1	-0.75	-0.65	4.05	4.15	1915
-0.7	4.2	-0.7 4.2	-0.75	-0.65	4.15	4.25	1916
-0.7	4.3	-0.7 4.3	-0.75	-0.65	4.25	4.35	1917
-0.7	4.4	-0.7 4.4	-0.75	-0.65	4.35	4.45	1918
-0.7	4.5	-0.7 4.5	-0.75	-0.65	4.45	4.55	1919
-0.7	4.6	-0.7 4.6	-0.75	-0.65	4.55	4.65	1920
-0.7	4.7	-0.7 4.7	-0.75	-0.65	4.65	4.75	1921
-0.7	4.8	-0.7 4.8	-0.75	-0.65	4.75	4.85	1922
-0.7	4.9	-0.7 4.9	-0.75	-0.65	4.85	4.95	1923
-0.7	5	-0.7 5	-0.75	-0.65	4.95	5.05	1924
-0.7	5.1	-0.7 5.1	-0.75	-0.65	5.05	5.15	1925
-0.7	5.2	-0.7 5.2	-0.75	-0.65	5.15	5.25	1926
-0.7	5.3	-0.7 5.3	-0.75	-0.65	5.25	5.35	1927
-0.7	5.4	-0.7 5.4	-0.75	-0.65	5.35	5.45	1928
-0.7	5.5	-0.7 5.5	-0.75	-0.65	5.45	5.55	1929
-0.7	5.6	-0.7 5.6	-0.75	-0.65	5.55	5.65	1930
-0.7	5.7	-0.7 5.7	-0.75	-0.65	5.65	5.75	1931
-0.7	5.8	-0.7 5.8	-0.75	-0.65	5.75	5.85	1932
-0.7	5.9	-0.7 5.9	-0.75	-0.65	5.85	5.95	1933
-0.7	6	-0.7 6	-0.75	-0.65	5.95	6.05	1934
-0.7	6.1	-0.7 6.1	-0.75	-0.65	6.05	6.15	1935
-0.7	6.2	-0.7 6.2	-0.75	-0.65	6.15	6.25	1936
-0.7	6.3	-0.7 6.3	-0.75	-0.65	6.25	6.35	1937
-0.7	6.4	-0.7 6.4	-0.75	-0.65	6.35	6.45	1938
-0.7	6.5	-0.7 6.5	-0.75	-0.65	6.45	6.55	1939
-0.7	6.6	-0.7 6.6	-0.75	-0.65	6.55	6.65	1940
-0.7	6.7	-0.7 6.7	-0.75	-0.65	6.65	6.75	1941
-0.7	6.8	-0.7 6.8	-0.75	-0.65	6.75	6.85	1942
-0.7	6.9	-0.7 6.9	-0.75	-0.65	6.85	6.95	1943
-0.7	7	-0.7 7	-0.75	-0.65	6.95	7.05	1944
-0.6	-1	-0.6 -1	-0.65	-0.55	-1.05	-0.95	1945
-0.6	-0.9	-0.6 -0.9	-0.65	-0.55	-0.95	-0.85	1946
-0.6	-0.8	-0.6 -0.8	-0.65	-0.55	-0.85	-0.75	1947
-0.6	-0.7	-0.6 -0.7	-0.65	-0.55	-0.75	-0.65	1948
-0.6	-0.6	-0.6 -0.6	-0.65	-0.55	-0.65	-0.55	1949
-0.6	-0.5	-0.6 -0.5	-0.65	-0.55	-0.55	-0.45	1950
-0.6	-0.4	-0.6 -0.4	-0.65	-0.55	-0.45	-0.35	1951
-0.6	-0.3	-0.6 -0.3	-0.65	-0.55	-0.35	-0.25	1952
-0.6	-0.2	-0.6 -0.2	-0.65	-0.55	-0.25	-0.15	1953
-0.6	-0.1	-0.6 -0.1	-0.65	-0.55	-0.15	-0.0500000000000002	1954
-0.6	0	-0.6 0	-0.65	-0.55	-0.0499999999999998	0.0499999999999998	1955
-0.6	0.1	-0.6 0.1	-0.65	-0.55	0.0500000000000003	0.15	1956
-0.6	0.2	-0.6 0.2	-0.65	-0.55	0.15	0.25	1957
-0.6	0.3	-0.6 0.3	-0.65	-0.55	0.25	0.35	1958
-0.6	0.4	-0.6 0.4	-0.65	-0.55	0.35	0.45	1959
-0.6	0.5	-0.6 0.5	-0.65	-0.55	0.45	0.55	1960
-0.6	0.6	-0.6 0.6	-0.65	-0.55	0.55	0.65	1961
-0.6	0.7	-0.6 0.7	-0.65	-0.55	0.65	0.75	1962
-0.6	0.8	-0.6 0.8	-0.65	-0.55	0.75	0.85	1963
-0.6	0.9	-0.6 0.9	-0.65	-0.55	0.85	0.95	1964
-0.6	1	-0.6 1	-0.65	-0.55	0.95	1.05	1965
-0.6	1.1	-0.6 1.1	-0.65	-0.55	1.05	1.15	1966
-0.6	1.2	-0.6 1.2	-0.65	-0.55	1.15	1.25	1967
-0.6	1.3	-0.6 1.3	-0.65	-0.55	1.25	1.35	1968
-0.6	1.4	-0.6 1.4	-0.65	-0.55	1.35	1.45	1969
-0.6	1.5	-0.6 1.5	-0.65	-0.55	1.45	1.55	1970
-0.6	1.6	-0.6 1.6	-0.65	-0.55	1.55	1.65	1971
-0.6	1.7	-0.6 1.7	-0.65	-0.55	1.65	1.75	1972
-0.6	1.8	-0.6 1.8	-0.65	-0.55	1.75	1.85	1973
-0.6	1.9	-0.6 1.9	-0.65	-0.55	1.85	1.95	1974
-0.6	2	-0.6 2	-0.65	-0.55	1.95	2.05	1975
-0.6	2.1	-0.6 2.1	-0.65	-0.55	2.05	2.15	1976
-0.6	2.2	-0.6 2.2	-0.65	-0.55	2.15	2.25	1977
-0.6	2.3	-0.6 2.3	-0.65	-0.55	2.25	2.35	1978
-0.6	2.4	-0.6 2.4	-0.65	-0.55	2.35	2.45	1979
-0.6	2.5	-0.6 2.5	-0.65	-0.55	2.45	2.55	1980
-0.6	2.6	-0.6 2.6	-0.65	-0.55	2.55	2.65	1981
-0.6	2.7	-0.6 2.7	-0.65	-0.55	2.65	2.75	1982
-0.6	2.8	-0.6 2.8	-0.65	-0.55	2.75	2.85	1983
-0.6	2.9	-0.6 2.9	-0.65	-0.55	2.85	2.95	1984
-0.6	3	-0.6 3	-0.65	-0.55	2.95	3.05	1985
-0.6	3.1	-0.6 3.1	-0.65	-0.55	3.05	3.15	1986
-0.6	3.2	-0.6 3.2	-0.65	-0.55	3.15	3.25	1987
-0.6	3.3	-0.6 3.3	-0.65	-0.55	3.25	3.35	1988
-0.6	3.4	-0.6 3.4	-0.65	-0.55	3.35	3.45	1989
-0.6	3.5	-0.6 3.5	-0.65	-0.55	3.45	3.55	1990
-0.6	3.6	-0.6 3.6	-0.65	-0.55	3.55	3.65	1991
-0.6	3.7	-0.6 3.7	-0.65	-0.55	3.65	3.75	1992
-0.6	3.8	-0.6 3.8	-0.65	-0.55	3.75	3.85	1993
-0.6	3.9	-0.6 3.9	-0.65	-0.55	3.85	3.95	1994
-0.6	4	-0.6 4	-0.65	-0.55	3.95	4.05	1995
-0.6	4.1	-0.6 4.1	-0.65	-0.55	4.05	4.15	1996
-0.6	4.2	-0.6 4.2	-0.65	-0.55	4.15	4.25	1997
-0.6	4.3	-0.6 4.3	-0.65	-0.55	4.25	4.35	1998
-0.6	4.4	-0.6 4.4	-0.65	-0.55	4.35	4.45	1999
-0.6	4.5	-0.6 4.5	-0.65	-0.55	4.45	4.55	2000
-0.6	4.6	-0.6 4.6	-0.65	-0.55	4.55	4.65	2001
-0.6	4.7	-0.6 4.7	-0.65	-0.55	4.65	4.75	2002
-0.6	4.8	-0.6 4.8	-0.65	-0.55	4.75	4.85	2003
-0.6	4.9	-0.6 4.9	-0.65	-0.55	4.85	4.95	2004
-0.6	5	-0.6 5	-0.65	-0.55	4.95	5.05	2005
-0.6	5.1	-0.6 5.1	-0.65	-0.55	5.05	5.15	2006
-0.6	5.2	-0.6 5.2	-0.65	-0.55	5.15	5.25	2007
-0.6	5.3	-0.6 5.3	-0.65	-0.55	5.25	5.35	2008
-0.6	5.4	-0.6 5.4	-0.65	-0.55	5.35	5.45	2009
-0.6	5.5	-0.6 5.5	-0.65	-0.55	5.45	5.55	2010
-0.6	5.6	-0.6 5.6	-0.65	-0.55	5.55	5.65	2011
-0.6	5.7	-0.6 5.7	-0.65	-0.55	5.65	5.75	2012
-0.6	5.8	-0.6 5.8	-0.65	-0.55	5.75	5.85	2013
-0.6	5.9	-0.6 5.9	-0.65	-0.55	5.85	5.95	2014
-0.6	6	-0.6 6	-0.65	-0.55	5.95	6.05	2015
-0.6	6.1	-0.6 6.1	-0.65	-0.55	6.05	6.15	2016
-0.6	6.2	-0.6 6.2	-0.65	-0.55	6.15	6.25	2017
-0.6	6.3	-0.6 6.3	-0.65	-0.55	6.25	6.35	2018
-0.6	6.4	-0.6 6.4	-0.65	-0.55	6.35	6.45	2019
-0.6	6.5	-0.6 6.5	-0.65	-0.55	6.45	6.55	2020
-0.6	6.6	-0.6 6.6	-0.65	-0.55	6.55	6.65	2021
-0.6	6.7	-0.6 6.7	-0.65	-0.55	6.65	6.75	2022
-0.6	6.8	-0.6 6.8	-0.65	-0.55	6.75	6.85	2023
-0.6	6.9	-0.6 6.9	-0.65	-0.55	6.85	6.95	2024
-0.6	7	-0.6 7	-0.65	-0.55	6.95	7.05	2025
-0.5	-1	-0.5 -1	-0.55	-0.45	-1.05	-0.95	2026
-0.5	-0.9	-0.5 -0.9	-0.55	-0.45	-0.95	-0.85	2027
-0.5	-0.8	-0.5 -0.8	-0.55	-0.45	-0.85	-0.75	2028
-0.5	-0.7	-0.5 -0.7	-0.55	-0.45	-0.75	-0.65	2029
-0.5	-0.6	-0.5 -0.6	-0.55	-0.45	-0.65	-0.55	2030
-0.5	-0.5	-0.5 -0.5	-0.55	-0.45	-0.55	-0.45	2031
-0.5	-0.4	-0.5 -0.4	-0.55	-0.45	-0.45	-0.35	2032
-0.5	-0.3	-0.5 -0.3	-0.55	-0.45	-0.35	-0.25	2033
-0.5	-0.2	-0.5 -0.2	-0.55	-0.45	-0.25	-0.15	2034
-0.5	-0.1	-0.5 -0.1	-0.55	-0.45	-0.15	-0.0500000000000002	2035
-0.5	0	-0.5 0	-0.55	-0.45	-0.0499999999999998	0.0499999999999998	2036
-0.5	0.1	-0.5 0.1	-0.55	-0.45	0.0500000000000003	0.15	2037
-0.5	0.2	-0.5 0.2	-0.55	-0.45	0.15	0.25	2038
-0.5	0.3	-0.5 0.3	-0.55	-0.45	0.25	0.35	2039
-0.5	0.4	-0.5 0.4	-0.55	-0.45	0.35	0.45	2040
-0.5	0.5	-0.5 0.5	-0.55	-0.45	0.45	0.55	2041
-0.5	0.6	-0.5 0.6	-0.55	-0.45	0.55	0.65	2042
-0.5	0.7	-0.5 0.7	-0.55	-0.45	0.65	0.75	2043
-0.5	0.8	-0.5 0.8	-0.55	-0.45	0.75	0.85	2044
-0.5	0.9	-0.5 0.9	-0.55	-0.45	0.85	0.95	2045
-0.5	1	-0.5 1	-0.55	-0.45	0.95	1.05	2046
-0.5	1.1	-0.5 1.1	-0.55	-0.45	1.05	1.15	2047
-0.5	1.2	-0.5 1.2	-0.55	-0.45	1.15	1.25	2048
-0.5	1.3	-0.5 1.3	-0.55	-0.45	1.25	1.35	2049
-0.5	1.4	-0.5 1.4	-0.55	-0.45	1.35	1.45	2050
-0.5	1.5	-0.5 1.5	-0.55	-0.45	1.45	1.55	2051
-0.5	1.6	-0.5 1.6	-0.55	-0.45	1.55	1.65	2052
-0.5	1.7	-0.5 1.7	-0.55	-0.45	1.65	1.75	2053
-0.5	1.8	-0.5 1.8	-0.55	-0.45	1.75	1.85	2054
-0.5	1.9	-0.5 1.9	-0.55	-0.45	1.85	1.95	2055
-0.5	2	-0.5 2	-0.55	-0.45	1.95	2.05	2056
-0.5	2.1	-0.5 2.1	-0.55	-0.45	2.05	2.15	2057
-0.5	2.2	-0.5 2.2	-0.55	-0.45	2.15	2.25	2058
-0.5	2.3	-0.5 2.3	-0.55	-0.45	2.25	2.35	2059
-0.5	2.4	-0.5 2.4	-0.55	-0.45	2.35	2.45	2060
-0.5	2.5	-0.5 2.5	-0.55	-0.45	2.45	2.55	2061
-0.5	2.6	-0.5 2.6	-0.55	-0.45	2.55	2.65	2062
-0.5	2.7	-0.5 2.7	-0.55	-0.45	2.65	2.75	2063
-0.5	2.8	-0.5 2.8	-0.55	-0.45	2.75	2.85	2064
-0.5	2.9	-0.5 2.9	-0.55	-0.45	2.85	2.95	2065
-0.5	3	-0.5 3	-0.55	-0.45	2.95	3.05	2066
-0.5	3.1	-0.5 3.1	-0.55	-0.45	3.05	3.15	2067
-0.5	3.2	-0.5 3.2	-0.55	-0.45	3.15	3.25	2068
-0.5	3.3	-0.5 3.3	-0.55	-0.45	3.25	3.35	2069
-0.5	3.4	-0.5 3.4	-0.55	-0.45	3.35	3.45	2070
-0.5	3.5	-0.5 3.5	-0.55	-0.45	3.45	3.55	2071
-0.5	3.6	-0.5 3.6	-0.55	-0.45	3.55	3.65	2072
-0.5	3.7	-0.5 3.7	-0.55	-0.45	3.65	3.75	2073
-0.5	3.8	-0.5 3.8	-0.55	-0.45	3.75	3.85	2074
-0.5	3.9	-0.5 3.9	-0.55	-0.45	3.85	3.95	2075
-0.5	4	-0.5 4	-0.55	-0.45	3.95	4.05	2076
-0.5	4.1	-0.5 4.1	-0.55	-0.45	4.05	4.15	2077
-0.5	4.2	-0.5 4.2	-0.55	-0.45	4.15	4.25	2078
-0.5	4.3	-0.5 4.3	-0.55	-0.45	4.25	4.35	2079
-0.5	4.4	-0.5 4.4	-0.55	-0.45	4.35	4.45	2080
-0.5	4.5	-0.5 4.5	-0.55	-0.45	4.45	4.55	2081
-0.5	4.6	-0.5 4.6	-0.55	-0.45	4.55	4.65	2082
-0.5	4.7	-0.5 4.7	-0.55	-0.45	4.65	4.75	2083
-0.5	4.8	-0.5 4.8	-0.55	-0.45	4.75	4.85	2084
-0.5	4.9	-0.5 4.9	-0.55	-0.45	4.85	4.95	2085
-0.5	5	-0.5 5	-0.55	-0.45	4.95	5.05	2086
-0.5	5.1	-0.5 5.1	-0.55	-0.45	5.05	5.15	2087
-0.5	5.2	-0.5 5.2	-0.55	-0.45	5.15	5.25	2088
-0.5	5.3	-0.5 5.3	-0.55	-0.45	5.25	5.35	2089
-0.5	5.4	-0.5 5.4	-0.55	-0.45	5.35	5.45	2090
-0.5	5.5	-0.5 5.5	-0.55	-0.45	5.45	5.55	2091
-0.5	5.6	-0.5 5.6	-0.55	-0.45	5.55	5.65	2092
-0.5	5.7	-0.5 5.7	-0.55	-0.45	5.65	5.75	2093
-0.5	5.8	-0.5 5.8	-0.55	-0.45	5.75	5.85	2094
-0.5	5.9	-0.5 5.9	-0.55	-0.45	5.85	5.95	2095
-0.5	6	-0.5 6	-0.55	-0.45	5.95	6.05	2096
-0.5	6.1	-0.5 6.1	-0.55	-0.45	6.05	6.15	2097
-0.5	6.2	-0.5 6.2	-0.55	-0.45	6.15	6.25	2098
-0.5	6.3	-0.5 6.3	-0.55	-0.45	6.25	6.35	2099
-0.5	6.4	-0.5 6.4	-0.55	-0.45	6.35	6.45	2100
-0.5	6.5	-0.5 6.5	-0.55	-0.45	6.45	6.55	2101
-0.5	6.6	-0.5 6.6	-0.55	-0.45	6.55	6.65	2102
-0.5	6.7	-0.5 6.7	-0.55	-0.45	6.65	6.75	2103
-0.5	6.8	-0.5 6.8	-0.55	-0.45	6.75	6.85	2104
-0.5	6.9	-0.5 6.9	-0.55	-0.45	6.85	6.95	2105
-0.5	7	-0.5 7	-0.55	-0.45	6.95	7.05	2106
-0.4	-1	-0.4 -1	-0.45	-0.35	-1.05	-0.95	2107
-0.4	-0.9	-0.4 -0.9	-0.45	-0.35	-0.95	-0.85	2108
-0.4	-0.8	-0.4 -0.8	-0.45	-0.35	-0.85	-0.75	2109
-0.4	-0.7	-0.4 -0.7	-0.45	-0.35	-0.75	-0.65	2110
-0.4	-0.6	-0.4 -0.6	-0.45	-0.35	-0.65	-0.55	2111
-0.4	-0.5	-0.4 -0.5	-0.45	-0.35	-0.55	-0.45	2112
-0.4	-0.4	-0.4 -0.4	-0.45	-0.35	-0.45	-0.35	2113
-0.4	-0.3	-0.4 -0.3	-0.45	-0.35	-0.35	-0.25	2114
-0.4	-0.2	-0.4 -0.2	-0.45	-0.35	-0.25	-0.15	2115
-0.4	-0.1	-0.4 -0.1	-0.45	-0.35	-0.15	-0.0500000000000002	2116
-0.4	0	-0.4 0	-0.45	-0.35	-0.0499999999999998	0.0499999999999998	2117
-0.4	0.1	-0.4 0.1	-0.45	-0.35	0.0500000000000003	0.15	2118
-0.4	0.2	-0.4 0.2	-0.45	-0.35	0.15	0.25	2119
-0.4	0.3	-0.4 0.3	-0.45	-0.35	0.25	0.35	2120
-0.4	0.4	-0.4 0.4	-0.45	-0.35	0.35	0.45	2121
-0.4	0.5	-0.4 0.5	-0.45	-0.35	0.45	0.55	2122
-0.4	0.6	-0.4 0.6	-0.45	-0.35	0.55	0.65	2123
-0.4	0.7	-0.4 0.7	-0.45	-0.35	0.65	0.75	2124
-0.4	0.8	-0.4 0.8	-0.45	-0.35	0.75	0.85	2125
-0.4	0.9	-0.4 0.9	-0.45	-0.35	0.85	0.95	2126
-0.4	1	-0.4 1	-0.45	-0.35	0.95	1.05	2127
-0.4	1.1	-0.4 1.1	-0.45	-0.35	1.05	1.15	2128
-0.4	1.2	-0.4 1.2	-0.45	-0.35	1.15	1.25	2129
-0.4	1.3	-0.4 1.3	-0.45	-0.35	1.25	1.35	2130
-0.4	1.4	-0.4 1.4	-0.45	-0.35	1.35	1.45	2131
-0.4	1.5	-0.4 1.5	-0.45	-0.35	1.45	1.55	2132
-0.4	1.6	-0.4 1.6	-0.45	-0.35	1.55	1.65	2133
-0.4	1.7	-0.4 1.7	-0.45	-0.35	1.65	1.75	2134
-0.4	1.8	-0.4 1.8	-0.45	-0.35	1.75	1.85	2135
-0.4	1.9	-0.4 1.9	-0.45	-0.35	1.85	1.95	2136
-0.4	2	-0.4 2	-0.45	-0.35	1.95	2.05	2137
-0.4	2.1	-0.4 2.1	-0.45	-0.35	2.05	2.15	2138
-0.4	2.2	-0.4 2.2	-0.45	-0.35	2.15	2.25	2139
-0.4	2.3	-0.4 2.3	-0.45	-0.35	2.25	2.35	2140
-0.4	2.4	-0.4 2.4	-0.45	-0.35	2.35	2.45	2141
-0.4	2.5	-0.4 2.5	-0.45	-0.35	2.45	2.55	2142
-0.4	2.6	-0.4 2.6	-0.45	-0.35	2.55	2.65	2143
-0.4	2.7	-0.4 2.7	-0.45	-0.35	2.65	2.75	2144
-0.4	2.8	-0.4 2.8	-0.45	-0.35	2.75	2.85	2145
-0.4	2.9	-0.4 2.9	-0.45	-0.35	2.85	2.95	2146
-0.4	3	-0.4 3	-0.45	-0.35	2.95	3.05	2147
-0.4	3.1	-0.4 3.1	-0.45	-0.35	3.05	3.15	2148
-0.4	3.2	-0.4 3.2	-0.45	-0.35	3.15	3.25	2149
-0.4	3.3	-0.4 3.3	-0.45	-0.35	3.25	3.35	2150
-0.4	3.4	-0.4 3.4	-0.45	-0.35	3.35	3.45	2151
-0.4	3.5	-0.4 3.5	-0.45	-0.35	3.45	3.55	2152
-0.4	3.6	-0.4 3.6	-0.45	-0.35	3.55	3.65	2153
-0.4	3.7	-0.4 3.7	-0.45	-0.35	3.65	3.75	2154
-0.4	3.8	-0.4 3.8	-0.45	-0.35	3.75	3.85	2155
-0.4	3.9	-0.4 3.9	-0.45	-0.35	3.85	3.95	2156
-0.4	4	-0.4 4	-0.45	-0.35	3.95	4.05	2157
-0.4	4.1	-0.4 4.1	-0.45	-0.35	4.05	4.15	2158
-0.4	4.2	-0.4 4.2	-0.45	-0.35	4.15	4.25	2159
-0.4	4.3	-0.4 4.3	-0.45	-0.35	4.25	4.35	2160
-0.4	4.4	-0.4 4.4	-0.45	-0.35	4.35	4.45	2161
-0.4	4.5	-0.4 4.5	-0.45	-0.35	4.45	4.55	2162
-0.4	4.6	-0.4 4.6	-0.45	-0.35	4.55	4.65	2163
-0.4	4.7	-0.4 4.7	-0.45	-0.35	4.65	4.75	2164
-0.4	4.8	-0.4 4.8	-0.45	-0.35	4.75	4.85	2165
-0.4	4.9	-0.4 4.9	-0.45	-0.35	4.85	4.95	2166
-0.4	5	-0.4 5	-0.45	-0.35	4.95	5.05	2167
-0.4	5.1	-0.4 5.1	-0.45	-0.35	5.05	5.15	2168
-0.4	5.2	-0.4 5.2	-0.45	-0.35	5.15	5.25	2169
-0.4	5.3	-0.4 5.3	-0.45	-0.35	5.25	5.35	2170
-0.4	5.4	-0.4 5.4	-0.45	-0.35	5.35	5.45	2171
-0.4	5.5	-0.4 5.5	-0.45	-0.35	5.45	5.55	2172
-0.4	5.6	-0.4 5.6	-0.45	-0.35	5.55	5.65	2173
-0.4	5.7	-0.4 5.7	-0.45	-0.35	5.65	5.75	2174
-0.4	5.8	-0.4 5.8	-0.45	-0.35	5.75	5.85	2175
-0.4	5.9	-0.4 5.9	-0.45	-0.35	5.85	5.95	2176
-0.4	6	-0.4 6	-0.45	-0.35	5.95	6.05	2177
-0.4	6.1	-0.4 6.1	-0.45	-0.35	6.05	6.15	2178
-0.4	6.2	-0.4 6.2	-0.45	-0.35	6.15	6.25	2179
-0.4	6.3	-0.4 6.3	-0.45	-0.35	6.25	6.35	2180
-0.4	6.4	-0.4 6.4	-0.45	-0.35	6.35	6.45	2181
-0.4	6.5	-0.4 6.5	-0.45	-0.35	6.45	6.55	2182
-0.4	6.6	-0.4 6.6	-0.45	-0.35	6.55	6.65	2183
-0.4	6.7	-0.4 6.7	-0.45	-0.35	6.65	6.75	2184
-0.4	6.8	-0.4 6.8	-0.45	-0.35	6.75	6.85	2185
-0.4	6.9	-0.4 6.9	-0.45	-0.35	6.85	6.95	2186
-0.4	7	-0.4 7	-0.45	-0.35	6.95	7.05	2187
-0.3	-1	-0.3 -1	-0.35	-0.25	-1.05	-0.95	2188
-0.3	-0.9	-0.3 -0.9	-0.35	-0.25	-0.95	-0.85	2189
-0.3	-0.8	-0.3 -0.8	-0.35	-0.25	-0.85	-0.75	2190
-0.3	-0.7	-0.3 -0.7	-0.35	-0.25	-0.75	-0.65	2191
-0.3	-0.6	-0.3 -0.6	-0.35	-0.25	-0.65	-0.55	2192
-0.3	-0.5	-0.3 -0.5	-0.35	-0.25	-0.55	-0.45	2193
-0.3	-0.4	-0.3 -0.4	-0.35	-0.25	-0.45	-0.35	2194
-0.3	-0.3	-0.3 -0.3	-0.35	-0.25	-0.35	-0.25	2195
-0.3	-0.2	-0.3 -0.2	-0.35	-0.25	-0.25	-0.15	2196
-0.3	-0.1	-0.3 -0.1	-0.35	-0.25	-0.15	-0.0500000000000002	2197
-0.3	0	-0.3 0	-0.35	-0.25	-0.0499999999999998	0.0499999999999998	2198
-0.3	0.1	-0.3 0.1	-0.35	-0.25	0.0500000000000003	0.15	2199
-0.3	0.2	-0.3 0.2	-0.35	-0.25	0.15	0.25	2200
-0.3	0.3	-0.3 0.3	-0.35	-0.25	0.25	0.35	2201
-0.3	0.4	-0.3 0.4	-0.35	-0.25	0.35	0.45	2202
-0.3	0.5	-0.3 0.5	-0.35	-0.25	0.45	0.55	2203
-0.3	0.6	-0.3 0.6	-0.35	-0.25	0.55	0.65	2204
-0.3	0.7	-0.3 0.7	-0.35	-0.25	0.65	0.75	2205
-0.3	0.8	-0.3 0.8	-0.35	-0.25	0.75	0.85	2206
-0.3	0.9	-0.3 0.9	-0.35	-0.25	0.85	0.95	2207
-0.3	1	-0.3 1	-0.35	-0.25	0.95	1.05	2208
-0.3	1.1	-0.3 1.1	-0.35	-0.25	1.05	1.15	2209
-0.3	1.2	-0.3 1.2	-0.35	-0.25	1.15	1.25	2210
-0.3	1.3	-0.3 1.3	-0.35	-0.25	1.25	1.35	2211
-0.3	1.4	-0.3 1.4	-0.35	-0.25	1.35	1.45	2212
-0.3	1.5	-0.3 1.5	-0.35	-0.25	1.45	1.55	2213
-0.3	1.6	-0.3 1.6	-0.35	-0.25	1.55	1.65	2214
-0.3	1.7	-0.3 1.7	-0.35	-0.25	1.65	1.75	2215
-0.3	1.8	-0.3 1.8	-0.35	-0.25	1.75	1.85	2216
-0.3	1.9	-0.3 1.9	-0.35	-0.25	1.85	1.95	2217
-0.3	2	-0.3 2	-0.35	-0.25	1.95	2.05	2218
-0.3	2.1	-0.3 2.1	-0.35	-0.25	2.05	2.15	2219
-0.3	2.2	-0.3 2.2	-0.35	-0.25	2.15	2.25	2220
-0.3	2.3	-0.3 2.3	-0.35	-0.25	2.25	2.35	2221
-0.3	2.4	-0.3 2.4	-0.35	-0.25	2.35	2.45	2222
-0.3	2.5	-0.3 2.5	-0.35	-0.25	2.45	2.55	2223
-0.3	2.6	-0.3 2.6	-0.35	-0.25	2.55	2.65	2224
-0.3	2.7	-0.3 2.7	-0.35	-0.25	2.65	2.75	2225
-0.3	2.8	-0.3 2.8	-0.35	-0.25	2.75	2.85	2226
-0.3	2.9	-0.3 2.9	-0.35	-0.25	2.85	2.95	2227
-0.3	3	-0.3 3	-0.35	-0.25	2.95	3.05	2228
-0.3	3.1	-0.3 3.1	-0.35	-0.25	3.05	3.15	2229
-0.3	3.2	-0.3 3.2	-0.35	-0.25	3.15	3.25	2230
-0.3	3.3	-0.3 3.3	-0.35	-0.25	3.25	3.35	2231
-0.3	3.4	-0.3 3.4	-0.35	-0.25	3.35	3.45	2232
-0.3	3.5	-0.3 3.5	-0.35	-0.25	3.45	3.55	2233
-0.3	3.6	-0.3 3.6	-0.35	-0.25	3.55	3.65	2234
-0.3	3.7	-0.3 3.7	-0.35	-0.25	3.65	3.75	2235
-0.3	3.8	-0.3 3.8	-0.35	-0.25	3.75	3.85	2236
-0.3	3.9	-0.3 3.9	-0.35	-0.25	3.85	3.95	2237
-0.3	4	-0.3 4	-0.35	-0.25	3.95	4.05	2238
-0.3	4.1	-0.3 4.1	-0.35	-0.25	4.05	4.15	2239
-0.3	4.2	-0.3 4.2	-0.35	-0.25	4.15	4.25	2240
-0.3	4.3	-0.3 4.3	-0.35	-0.25	4.25	4.35	2241
-0.3	4.4	-0.3 4.4	-0.35	-0.25	4.35	4.45	2242
-0.3	4.5	-0.3 4.5	-0.35	-0.25	4.45	4.55	2243
-0.3	4.6	-0.3 4.6	-0.35	-0.25	4.55	4.65	2244
-0.3	4.7	-0.3 4.7	-0.35	-0.25	4.65	4.75	2245
-0.3	4.8	-0.3 4.8	-0.35	-0.25	4.75	4.85	2246
-0.3	4.9	-0.3 4.9	-0.35	-0.25	4.85	4.95	2247
-0.3	5	-0.3 5	-0.35	-0.25	4.95	5.05	2248
-0.3	5.1	-0.3 5.1	-0.35	-0.25	5.05	5.15	2249
-0.3	5.2	-0.3 5.2	-0.35	-0.25	5.15	5.25	2250
-0.3	5.3	-0.3 5.3	-0.35	-0.25	5.25	5.35	2251
-0.3	5.4	-0.3 5.4	-0.35	-0.25	5.35	5.45	2252
-0.3	5.5	-0.3 5.5	-0.35	-0.25	5.45	5.55	2253
-0.3	5.6	-0.3 5.6	-0.35	-0.25	5.55	5.65	2254
-0.3	5.7	-0.3 5.7	-0.35	-0.25	5.65	5.75	2255
-0.3	5.8	-0.3 5.8	-0.35	-0.25	5.75	5.85	2256
-0.3	5.9	-0.3 5.9	-0.35	-0.25	5.85	5.95	2257
-0.3	6	-0.3 6	-0.35	-0.25	5.95	6.05	2258
-0.3	6.1	-0.3 6.1	-0.35	-0.25	6.05	6.15	2259
-0.3	6.2	-0.3 6.2	-0.35	-0.25	6.15	6.25	2260
-0.3	6.3	-0.3 6.3	-0.35	-0.25	6.25	6.35	2261
-0.3	6.4	-0.3 6.4	-0.35	-0.25	6.35	6.45	2262
-0.3	6.5	-0.3 6.5	-0.35	-0.25	6.45	6.55	2263
-0.3	6.6	-0.3 6.6	-0.35	-0.25	6.55	6.65	2264
-0.3	6.7	-0.3 6.7	-0.35	-0.25	6.65	6.75	2265
-0.3	6.8	-0.3 6.8	-0.35	-0.25	6.75	6.85	2266
-0.3	6.9	-0.3 6.9	-0.35	-0.25	6.85	6.95	2267
-0.3	7	-0.3 7	-0.35	-0.25	6.95	7.05	2268
-0.2	-1	-0.2 -1	-0.25	-0.15	-1.05	-0.95	2269
-0.2	-0.9	-0.2 -0.9	-0.25	-0.15	-0.95	-0.85	2270
-0.2	-0.8	-0.2 -0.8	-0.25	-0.15	-0.85	-0.75	2271
-0.2	-0.7	-0.2 -0.7	-0.25	-0.15	-0.75	-0.65	2272
-0.2	-0.6	-0.2 -0.6	-0.25	-0.15	-0.65	-0.55	2273
-0.2	-0.5	-0.2 -0.5	-0.25	-0.15	-0.55	-0.45	2274
-0.2	-0.4	-0.2 -0.4	-0.25	-0.15	-0.45	-0.35	2275
-0.2	-0.3	-0.2 -0.3	-0.25	-0.15	-0.35	-0.25	2276
-0.2	-0.2	-0.2 -0.2	-0.25	-0.15	-0.25	-0.15	2277
-0.2	-0.1	-0.2 -0.1	-0.25	-0.15	-0.15	-0.0500000000000002	2278
-0.2	0	-0.2 0	-0.25	-0.15	-0.0499999999999998	0.0499999999999998	2279
-0.2	0.1	-0.2 0.1	-0.25	-0.15	0.0500000000000003	0.15	2280
-0.2	0.2	-0.2 0.2	-0.25	-0.15	0.15	0.25	2281
-0.2	0.3	-0.2 0.3	-0.25	-0.15	0.25	0.35	2282
-0.2	0.4	-0.2 0.4	-0.25	-0.15	0.35	0.45	2283
-0.2	0.5	-0.2 0.5	-0.25	-0.15	0.45	0.55	2284
-0.2	0.6	-0.2 0.6	-0.25	-0.15	0.55	0.65	2285
-0.2	0.7	-0.2 0.7	-0.25	-0.15	0.65	0.75	2286
-0.2	0.8	-0.2 0.8	-0.25	-0.15	0.75	0.85	2287
-0.2	0.9	-0.2 0.9	-0.25	-0.15	0.85	0.95	2288
-0.2	1	-0.2 1	-0.25	-0.15	0.95	1.05	2289
-0.2	1.1	-0.2 1.1	-0.25	-0.15	1.05	1.15	2290
-0.2	1.2	-0.2 1.2	-0.25	-0.15	1.15	1.25	2291
-0.2	1.3	-0.2 1.3	-0.25	-0.15	1.25	1.35	2292
-0.2	1.4	-0.2 1.4	-0.25	-0.15	1.35	1.45	2293
-0.2	1.5	-0.2 1.5	-0.25	-0.15	1.45	1.55	2294
-0.2	1.6	-0.2 1.6	-0.25	-0.15	1.55	1.65	2295
-0.2	1.7	-0.2 1.7	-0.25	-0.15	1.65	1.75	2296
-0.2	1.8	-0.2 1.8	-0.25	-0.15	1.75	1.85	2297
-0.2	1.9	-0.2 1.9	-0.25	-0.15	1.85	1.95	2298
-0.2	2	-0.2 2	-0.25	-0.15	1.95	2.05	2299
-0.2	2.1	-0.2 2.1	-0.25	-0.15	2.05	2.15	2300
-0.2	2.2	-0.2 2.2	-0.25	-0.15	2.15	2.25	2301
-0.2	2.3	-0.2 2.3	-0.25	-0.15	2.25	2.35	2302
-0.2	2.4	-0.2 2.4	-0.25	-0.15	2.35	2.45	2303
-0.2	2.5	-0.2 2.5	-0.25	-0.15	2.45	2.55	2304
-0.2	2.6	-0.2 2.6	-0.25	-0.15	2.55	2.65	2305
-0.2	2.7	-0.2 2.7	-0.25	-0.15	2.65	2.75	2306
-0.2	2.8	-0.2 2.8	-0.25	-0.15	2.75	2.85	2307
-0.2	2.9	-0.2 2.9	-0.25	-0.15	2.85	2.95	2308
-0.2	3	-0.2 3	-0.25	-0.15	2.95	3.05	2309
-0.2	3.1	-0.2 3.1	-0.25	-0.15	3.05	3.15	2310
-0.2	3.2	-0.2 3.2	-0.25	-0.15	3.15	3.25	2311
-0.2	3.3	-0.2 3.3	-0.25	-0.15	3.25	3.35	2312
-0.2	3.4	-0.2 3.4	-0.25	-0.15	3.35	3.45	2313
-0.2	3.5	-0.2 3.5	-0.25	-0.15	3.45	3.55	2314
-0.2	3.6	-0.2 3.6	-0.25	-0.15	3.55	3.65	2315
-0.2	3.7	-0.2 3.7	-0.25	-0.15	3.65	3.75	2316
-0.2	3.8	-0.2 3.8	-0.25	-0.15	3.75	3.85	2317
-0.2	3.9	-0.2 3.9	-0.25	-0.15	3.85	3.95	2318
-0.2	4	-0.2 4	-0.25	-0.15	3.95	4.05	2319
-0.2	4.1	-0.2 4.1	-0.25	-0.15	4.05	4.15	2320
-0.2	4.2	-0.2 4.2	-0.25	-0.15	4.15	4.25	2321
-0.2	4.3	-0.2 4.3	-0.25	-0.15	4.25	4.35	2322
-0.2	4.4	-0.2 4.4	-0.25	-0.15	4.35	4.45	2323
-0.2	4.5	-0.2 4.5	-0.25	-0.15	4.45	4.55	2324
-0.2	4.6	-0.2 4.6	-0.25	-0.15	4.55	4.65	2325
-0.2	4.7	-0.2 4.7	-0.25	-0.15	4.65	4.75	2326
-0.2	4.8	-0.2 4.8	-0.25	-0.15	4.75	4.85	2327
-0.2	4.9	-0.2 4.9	-0.25	-0.15	4.85	4.95	2328
-0.2	5	-0.2 5	-0.25	-0.15	4.95	5.05	2329
-0.2	5.1	-0.2 5.1	-0.25	-0.15	5.05	5.15	2330
-0.2	5.2	-0.2 5.2	-0.25	-0.15	5.15	5.25	2331
-0.2	5.3	-0.2 5.3	-0.25	-0.15	5.25	5.35	2332
-0.2	5.4	-0.2 5.4	-0.25	-0.15	5.35	5.45	2333
-0.2	5.5	-0.2 5.5	-0.25	-0.15	5.45	5.55	2334
-0.2	5.6	-0.2 5.6	-0.25	-0.15	5.55	5.65	2335
-0.2	5.7	-0.2 5.7	-0.25	-0.15	5.65	5.75	2336
-0.2	5.8	-0.2 5.8	-0.25	-0.15	5.75	5.85	2337
-0.2	5.9	-0.2 5.9	-0.25	-0.15	5.85	5.95	2338
-0.2	6	-0.2 6	-0.25	-0.15	5.95	6.05	2339
-0.2	6.1	-0.2 6.1	-0.25	-0.15	6.05	6.15	2340
-0.2	6.2	-0.2 6.2	-0.25	-0.15	6.15	6.25	2341
-0.2	6.3	-0.2 6.3	-0.25	-0.15	6.25	6.35	2342
-0.2	6.4	-0.2 6.4	-0.25	-0.15	6.35	6.45	2343
-0.2	6.5	-0.2 6.5	-0.25	-0.15	6.45	6.55	2344
-0.2	6.6	-0.2 6.6	-0.25	-0.15	6.55	6.65	2345
-0.2	6.7	-0.2 6.7	-0.25	-0.15	6.65	6.75	2346
-0.2	6.8	-0.2 6.8	-0.25	-0.15	6.75	6.85	2347
-0.2	6.9	-0.2 6.9	-0.25	-0.15	6.85	6.95	2348
-0.2	7	-0.2 7	-0.25	-0.15	6.95	7.05	2349
-0.0999999999999996	-1	-0.0999999999999996 -1	-0.149999999999999	-0.0499999999999998	-1.05	-0.95	2350
-0.0999999999999996	-0.9	-0.0999999999999996 -0.9	-0.149999999999999	-0.0499999999999998	-0.95	-0.85	2351
-0.0999999999999996	-0.8	-0.0999999999999996 -0.8	-0.149999999999999	-0.0499999999999998	-0.85	-0.75	2352
-0.0999999999999996	-0.7	-0.0999999999999996 -0.7	-0.149999999999999	-0.0499999999999998	-0.75	-0.65	2353
-0.0999999999999996	-0.6	-0.0999999999999996 -0.6	-0.149999999999999	-0.0499999999999998	-0.65	-0.55	2354
-0.0999999999999996	-0.5	-0.0999999999999996 -0.5	-0.149999999999999	-0.0499999999999998	-0.55	-0.45	2355
-0.0999999999999996	-0.4	-0.0999999999999996 -0.4	-0.149999999999999	-0.0499999999999998	-0.45	-0.35	2356
-0.0999999999999996	-0.3	-0.0999999999999996 -0.3	-0.149999999999999	-0.0499999999999998	-0.35	-0.25	2357
-0.0999999999999996	-0.2	-0.0999999999999996 -0.2	-0.149999999999999	-0.0499999999999998	-0.25	-0.15	2358
-0.0999999999999996	-0.1	-0.0999999999999996 -0.1	-0.149999999999999	-0.0499999999999998	-0.15	-0.0500000000000002	2359
-0.0999999999999996	0	-0.0999999999999996 0	-0.149999999999999	-0.0499999999999998	-0.0499999999999998	0.0499999999999998	2360
-0.0999999999999996	0.1	-0.0999999999999996 0.1	-0.149999999999999	-0.0499999999999998	0.0500000000000003	0.15	2361
-0.0999999999999996	0.2	-0.0999999999999996 0.2	-0.149999999999999	-0.0499999999999998	0.15	0.25	2362
-0.0999999999999996	0.3	-0.0999999999999996 0.3	-0.149999999999999	-0.0499999999999998	0.25	0.35	2363
-0.0999999999999996	0.4	-0.0999999999999996 0.4	-0.149999999999999	-0.0499999999999998	0.35	0.45	2364
-0.0999999999999996	0.5	-0.0999999999999996 0.5	-0.149999999999999	-0.0499999999999998	0.45	0.55	2365
-0.0999999999999996	0.6	-0.0999999999999996 0.6	-0.149999999999999	-0.0499999999999998	0.55	0.65	2366
-0.0999999999999996	0.7	-0.0999999999999996 0.7	-0.149999999999999	-0.0499999999999998	0.65	0.75	2367
-0.0999999999999996	0.8	-0.0999999999999996 0.8	-0.149999999999999	-0.0499999999999998	0.75	0.85	2368
-0.0999999999999996	0.9	-0.0999999999999996 0.9	-0.149999999999999	-0.0499999999999998	0.85	0.95	2369
-0.0999999999999996	1	-0.0999999999999996 1	-0.149999999999999	-0.0499999999999998	0.95	1.05	2370
-0.0999999999999996	1.1	-0.0999999999999996 1.1	-0.149999999999999	-0.0499999999999998	1.05	1.15	2371
-0.0999999999999996	1.2	-0.0999999999999996 1.2	-0.149999999999999	-0.0499999999999998	1.15	1.25	2372
-0.0999999999999996	1.3	-0.0999999999999996 1.3	-0.149999999999999	-0.0499999999999998	1.25	1.35	2373
-0.0999999999999996	1.4	-0.0999999999999996 1.4	-0.149999999999999	-0.0499999999999998	1.35	1.45	2374
-0.0999999999999996	1.5	-0.0999999999999996 1.5	-0.149999999999999	-0.0499999999999998	1.45	1.55	2375
-0.0999999999999996	1.6	-0.0999999999999996 1.6	-0.149999999999999	-0.0499999999999998	1.55	1.65	2376
-0.0999999999999996	1.7	-0.0999999999999996 1.7	-0.149999999999999	-0.0499999999999998	1.65	1.75	2377
-0.0999999999999996	1.8	-0.0999999999999996 1.8	-0.149999999999999	-0.0499999999999998	1.75	1.85	2378
-0.0999999999999996	1.9	-0.0999999999999996 1.9	-0.149999999999999	-0.0499999999999998	1.85	1.95	2379
-0.0999999999999996	2	-0.0999999999999996 2	-0.149999999999999	-0.0499999999999998	1.95	2.05	2380
-0.0999999999999996	2.1	-0.0999999999999996 2.1	-0.149999999999999	-0.0499999999999998	2.05	2.15	2381
-0.0999999999999996	2.2	-0.0999999999999996 2.2	-0.149999999999999	-0.0499999999999998	2.15	2.25	2382
-0.0999999999999996	2.3	-0.0999999999999996 2.3	-0.149999999999999	-0.0499999999999998	2.25	2.35	2383
-0.0999999999999996	2.4	-0.0999999999999996 2.4	-0.149999999999999	-0.0499999999999998	2.35	2.45	2384
-0.0999999999999996	2.5	-0.0999999999999996 2.5	-0.149999999999999	-0.0499999999999998	2.45	2.55	2385
-0.0999999999999996	2.6	-0.0999999999999996 2.6	-0.149999999999999	-0.0499999999999998	2.55	2.65	2386
-0.0999999999999996	2.7	-0.0999999999999996 2.7	-0.149999999999999	-0.0499999999999998	2.65	2.75	2387
-0.0999999999999996	2.8	-0.0999999999999996 2.8	-0.149999999999999	-0.0499999999999998	2.75	2.85	2388
-0.0999999999999996	2.9	-0.0999999999999996 2.9	-0.149999999999999	-0.0499999999999998	2.85	2.95	2389
-0.0999999999999996	3	-0.0999999999999996 3	-0.149999999999999	-0.0499999999999998	2.95	3.05	2390
-0.0999999999999996	3.1	-0.0999999999999996 3.1	-0.149999999999999	-0.0499999999999998	3.05	3.15	2391
-0.0999999999999996	3.2	-0.0999999999999996 3.2	-0.149999999999999	-0.0499999999999998	3.15	3.25	2392
-0.0999999999999996	3.3	-0.0999999999999996 3.3	-0.149999999999999	-0.0499999999999998	3.25	3.35	2393
-0.0999999999999996	3.4	-0.0999999999999996 3.4	-0.149999999999999	-0.0499999999999998	3.35	3.45	2394
-0.0999999999999996	3.5	-0.0999999999999996 3.5	-0.149999999999999	-0.0499999999999998	3.45	3.55	2395
-0.0999999999999996	3.6	-0.0999999999999996 3.6	-0.149999999999999	-0.0499999999999998	3.55	3.65	2396
-0.0999999999999996	3.7	-0.0999999999999996 3.7	-0.149999999999999	-0.0499999999999998	3.65	3.75	2397
-0.0999999999999996	3.8	-0.0999999999999996 3.8	-0.149999999999999	-0.0499999999999998	3.75	3.85	2398
-0.0999999999999996	3.9	-0.0999999999999996 3.9	-0.149999999999999	-0.0499999999999998	3.85	3.95	2399
-0.0999999999999996	4	-0.0999999999999996 4	-0.149999999999999	-0.0499999999999998	3.95	4.05	2400
-0.0999999999999996	4.1	-0.0999999999999996 4.1	-0.149999999999999	-0.0499999999999998	4.05	4.15	2401
-0.0999999999999996	4.2	-0.0999999999999996 4.2	-0.149999999999999	-0.0499999999999998	4.15	4.25	2402
-0.0999999999999996	4.3	-0.0999999999999996 4.3	-0.149999999999999	-0.0499999999999998	4.25	4.35	2403
-0.0999999999999996	4.4	-0.0999999999999996 4.4	-0.149999999999999	-0.0499999999999998	4.35	4.45	2404
-0.0999999999999996	4.5	-0.0999999999999996 4.5	-0.149999999999999	-0.0499999999999998	4.45	4.55	2405
-0.0999999999999996	4.6	-0.0999999999999996 4.6	-0.149999999999999	-0.0499999999999998	4.55	4.65	2406
-0.0999999999999996	4.7	-0.0999999999999996 4.7	-0.149999999999999	-0.0499999999999998	4.65	4.75	2407
-0.0999999999999996	4.8	-0.0999999999999996 4.8	-0.149999999999999	-0.0499999999999998	4.75	4.85	2408
-0.0999999999999996	4.9	-0.0999999999999996 4.9	-0.149999999999999	-0.0499999999999998	4.85	4.95	2409
-0.0999999999999996	5	-0.0999999999999996 5	-0.149999999999999	-0.0499999999999998	4.95	5.05	2410
-0.0999999999999996	5.1	-0.0999999999999996 5.1	-0.149999999999999	-0.0499999999999998	5.05	5.15	2411
-0.0999999999999996	5.2	-0.0999999999999996 5.2	-0.149999999999999	-0.0499999999999998	5.15	5.25	2412
-0.0999999999999996	5.3	-0.0999999999999996 5.3	-0.149999999999999	-0.0499999999999998	5.25	5.35	2413
-0.0999999999999996	5.4	-0.0999999999999996 5.4	-0.149999999999999	-0.0499999999999998	5.35	5.45	2414
-0.0999999999999996	5.5	-0.0999999999999996 5.5	-0.149999999999999	-0.0499999999999998	5.45	5.55	2415
-0.0999999999999996	5.6	-0.0999999999999996 5.6	-0.149999999999999	-0.0499999999999998	5.55	5.65	2416
-0.0999999999999996	5.7	-0.0999999999999996 5.7	-0.149999999999999	-0.0499999999999998	5.65	5.75	2417
-0.0999999999999996	5.8	-0.0999999999999996 5.8	-0.149999999999999	-0.0499999999999998	5.75	5.85	2418
-0.0999999999999996	5.9	-0.0999999999999996 5.9	-0.149999999999999	-0.0499999999999998	5.85	5.95	2419
-0.0999999999999996	6	-0.0999999999999996 6	-0.149999999999999	-0.0499999999999998	5.95	6.05	2420
-0.0999999999999996	6.1	-0.0999999999999996 6.1	-0.149999999999999	-0.0499999999999998	6.05	6.15	2421
-0.0999999999999996	6.2	-0.0999999999999996 6.2	-0.149999999999999	-0.0499999999999998	6.15	6.25	2422
-0.0999999999999996	6.3	-0.0999999999999996 6.3	-0.149999999999999	-0.0499999999999998	6.25	6.35	2423
-0.0999999999999996	6.4	-0.0999999999999996 6.4	-0.149999999999999	-0.0499999999999998	6.35	6.45	2424
-0.0999999999999996	6.5	-0.0999999999999996 6.5	-0.149999999999999	-0.0499999999999998	6.45	6.55	2425
-0.0999999999999996	6.6	-0.0999999999999996 6.6	-0.149999999999999	-0.0499999999999998	6.55	6.65	2426
-0.0999999999999996	6.7	-0.0999999999999996 6.7	-0.149999999999999	-0.0499999999999998	6.65	6.75	2427
-0.0999999999999996	6.8	-0.0999999999999996 6.8	-0.149999999999999	-0.0499999999999998	6.75	6.85	2428
-0.0999999999999996	6.9	-0.0999999999999996 6.9	-0.149999999999999	-0.0499999999999998	6.85	6.95	2429
-0.0999999999999996	7	-0.0999999999999996 7	-0.149999999999999	-0.0499999999999998	6.95	7.05	2430
0	-1	0 -1	-0.0499999999999998	0.0499999999999998	-1.05	-0.95	2431
0	-0.9	0 -0.9	-0.0499999999999998	0.0499999999999998	-0.95	-0.85	2432
0	-0.8	0 -0.8	-0.0499999999999998	0.0499999999999998	-0.85	-0.75	2433
0	-0.7	0 -0.7	-0.0499999999999998	0.0499999999999998	-0.75	-0.65	2434
0	-0.6	0 -0.6	-0.0499999999999998	0.0499999999999998	-0.65	-0.55	2435
0	-0.5	0 -0.5	-0.0499999999999998	0.0499999999999998	-0.55	-0.45	2436
0	-0.4	0 -0.4	-0.0499999999999998	0.0499999999999998	-0.45	-0.35	2437
0	-0.3	0 -0.3	-0.0499999999999998	0.0499999999999998	-0.35	-0.25	2438
0	-0.2	0 -0.2	-0.0499999999999998	0.0499999999999998	-0.25	-0.15	2439
0	-0.1	0 -0.1	-0.0499999999999998	0.0499999999999998	-0.15	-0.0500000000000002	2440
0	0	0 0	-0.0499999999999998	0.0499999999999998	-0.0499999999999998	0.0499999999999998	2441
0	0.1	0 0.1	-0.0499999999999998	0.0499999999999998	0.0500000000000003	0.15	2442
0	0.2	0 0.2	-0.0499999999999998	0.0499999999999998	0.15	0.25	2443
0	0.3	0 0.3	-0.0499999999999998	0.0499999999999998	0.25	0.35	2444
0	0.4	0 0.4	-0.0499999999999998	0.0499999999999998	0.35	0.45	2445
0	0.5	0 0.5	-0.0499999999999998	0.0499999999999998	0.45	0.55	2446
0	0.6	0 0.6	-0.0499999999999998	0.0499999999999998	0.55	0.65	2447
0	0.7	0 0.7	-0.0499999999999998	0.0499999999999998	0.65	0.75	2448
0	0.8	0 0.8	-0.0499999999999998	0.0499999999999998	0.75	0.85	2449
0	0.9	0 0.9	-0.0499999999999998	0.0499999999999998	0.85	0.95	2450
0	1	0 1	-0.0499999999999998	0.0499999999999998	0.95	1.05	2451
0	1.1	0 1.1	-0.0499999999999998	0.0499999999999998	1.05	1.15	2452
0	1.2	0 1.2	-0.0499999999999998	0.0499999999999998	1.15	1.25	2453
0	1.3	0 1.3	-0.0499999999999998	0.0499999999999998	1.25	1.35	2454
0	1.4	0 1.4	-0.0499999999999998	0.0499999999999998	1.35	1.45	2455
0	1.5	0 1.5	-0.0499999999999998	0.0499999999999998	1.45	1.55	2456
0	1.6	0 1.6	-0.0499999999999998	0.0499999999999998	1.55	1.65	2457
0	1.7	0 1.7	-0.0499999999999998	0.0499999999999998	1.65	1.75	2458
0	1.8	0 1.8	-0.0499999999999998	0.0499999999999998	1.75	1.85	2459
0	1.9	0 1.9	-0.0499999999999998	0.0499999999999998	1.85	1.95	2460
0	2	0 2	-0.0499999999999998	0.0499999999999998	1.95	2.05	2461
0	2.1	0 2.1	-0.0499999999999998	0.0499999999999998	2.05	2.15	2462
0	2.2	0 2.2	-0.0499999999999998	0.0499999999999998	2.15	2.25	2463
0	2.3	0 2.3	-0.0499999999999998	0.0499999999999998	2.25	2.35	2464
0	2.4	0 2.4	-0.0499999999999998	0.0499999999999998	2.35	2.45	2465
0	2.5	0 2.5	-0.0499999999999998	0.0499999999999998	2.45	2.55	2466
0	2.6	0 2.6	-0.0499999999999998	0.0499999999999998	2.55	2.65	2467
0	2.7	0 2.7	-0.0499999999999998	0.0499999999999998	2.65	2.75	2468
0	2.8	0 2.8	-0.0499999999999998	0.0499999999999998	2.75	2.85	2469
0	2.9	0 2.9	-0.0499999999999998	0.0499999999999998	2.85	2.95	2470
0	3	0 3	-0.0499999999999998	0.0499999999999998	2.95	3.05	2471
0	3.1	0 3.1	-0.0499999999999998	0.0499999999999998	3.05	3.15	2472
0	3.2	0 3.2	-0.0499999999999998	0.0499999999999998	3.15	3.25	2473
0	3.3	0 3.3	-0.0499999999999998	0.0499999999999998	3.25	3.35	2474
0	3.4	0 3.4	-0.0499999999999998	0.0499999999999998	3.35	3.45	2475
0	3.5	0 3.5	-0.0499999999999998	0.0499999999999998	3.45	3.55	2476
0	3.6	0 3.6	-0.0499999999999998	0.0499999999999998	3.55	3.65	2477
0	3.7	0 3.7	-0.0499999999999998	0.0499999999999998	3.65	3.75	2478
0	3.8	0 3.8	-0.0499999999999998	0.0499999999999998	3.75	3.85	2479
0	3.9	0 3.9	-0.0499999999999998	0.0499999999999998	3.85	3.95	2480
0	4	0 4	-0.0499999999999998	0.0499999999999998	3.95	4.05	2481
0	4.1	0 4.1	-0.0499999999999998	0.0499999999999998	4.05	4.15	2482
0	4.2	0 4.2	-0.0499999999999998	0.0499999999999998	4.15	4.25	2483
0	4.3	0 4.3	-0.0499999999999998	0.0499999999999998	4.25	4.35	2484
0	4.4	0 4.4	-0.0499999999999998	0.0499999999999998	4.35	4.45	2485
0	4.5	0 4.5	-0.0499999999999998	0.0499999999999998	4.45	4.55	2486
0	4.6	0 4.6	-0.0499999999999998	0.0499999999999998	4.55	4.65	2487
0	4.7	0 4.7	-0.0499999999999998	0.0499999999999998	4.65	4.75	2488
0	4.8	0 4.8	-0.0499999999999998	0.0499999999999998	4.75	4.85	2489
0	4.9	0 4.9	-0.0499999999999998	0.0499999999999998	4.85	4.95	2490
0	5	0 5	-0.0499999999999998	0.0499999999999998	4.95	5.05	2491
0	5.1	0 5.1	-0.0499999999999998	0.0499999999999998	5.05	5.15	2492
0	5.2	0 5.2	-0.0499999999999998	0.0499999999999998	5.15	5.25	2493
0	5.3	0 5.3	-0.0499999999999998	0.0499999999999998	5.25	5.35	2494
0	5.4	0 5.4	-0.0499999999999998	0.0499999999999998	5.35	5.45	2495
0	5.5	0 5.5	-0.0499999999999998	0.0499999999999998	5.45	5.55	2496
0	5.6	0 5.6	-0.0499999999999998	0.0499999999999998	5.55	5.65	2497
0	5.7	0 5.7	-0.0499999999999998	0.0499999999999998	5.65	5.75	2498
0	5.8	0 5.8	-0.0499999999999998	0.0499999999999998	5.75	5.85	2499
0	5.9	0 5.9	-0.0499999999999998	0.0499999999999998	5.85	5.95	2500
0	6	0 6	-0.0499999999999998	0.0499999999999998	5.95	6.05	2501
0	6.1	0 6.1	-0.0499999999999998	0.0499999999999998	6.05	6.15	2502
0	6.2	0 6.2	-0.0499999999999998	0.0499999999999998	6.15	6.25	2503
0	6.3	0 6.3	-0.0499999999999998	0.0499999999999998	6.25	6.35	2504
0	6.4	0 6.4	-0.0499999999999998	0.0499999999999998	6.35	6.45	2505
0	6.5	0 6.5	-0.0499999999999998	0.0499999999999998	6.45	6.55	2506
0	6.6	0 6.6	-0.0499999999999998	0.0499999999999998	6.55	6.65	2507
0	6.7	0 6.7	-0.0499999999999998	0.0499999999999998	6.65	6.75	2508
0	6.8	0 6.8	-0.0499999999999998	0.0499999999999998	6.75	6.85	2509
0	6.9	0 6.9	-0.0499999999999998	0.0499999999999998	6.85	6.95	2510
0	7	0 7	-0.0499999999999998	0.0499999999999998	6.95	7.05	2511
0.1	-1	0.1 -1	0.0500000000000003	0.15	-1.05	-0.95	2512
0.1	-0.9	0.1 -0.9	0.0500000000000003	0.15	-0.95	-0.85	2513
0.1	-0.8	0.1 -0.8	0.0500000000000003	0.15	-0.85	-0.75	2514
0.1	-0.7	0.1 -0.7	0.0500000000000003	0.15	-0.75	-0.65	2515
0.1	-0.6	0.1 -0.6	0.0500000000000003	0.15	-0.65	-0.55	2516
0.1	-0.5	0.1 -0.5	0.0500000000000003	0.15	-0.55	-0.45	2517
0.1	-0.4	0.1 -0.4	0.0500000000000003	0.15	-0.45	-0.35	2518
0.1	-0.3	0.1 -0.3	0.0500000000000003	0.15	-0.35	-0.25	2519
0.1	-0.2	0.1 -0.2	0.0500000000000003	0.15	-0.25	-0.15	2520
0.1	-0.1	0.1 -0.1	0.0500000000000003	0.15	-0.15	-0.0500000000000002	2521
0.1	0	0.1 0	0.0500000000000003	0.15	-0.0499999999999998	0.0499999999999998	2522
0.1	0.1	0.1 0.1	0.0500000000000003	0.15	0.0500000000000003	0.15	2523
0.1	0.2	0.1 0.2	0.0500000000000003	0.15	0.15	0.25	2524
0.1	0.3	0.1 0.3	0.0500000000000003	0.15	0.25	0.35	2525
0.1	0.4	0.1 0.4	0.0500000000000003	0.15	0.35	0.45	2526
0.1	0.5	0.1 0.5	0.0500000000000003	0.15	0.45	0.55	2527
0.1	0.6	0.1 0.6	0.0500000000000003	0.15	0.55	0.65	2528
0.1	0.7	0.1 0.7	0.0500000000000003	0.15	0.65	0.75	2529
0.1	0.8	0.1 0.8	0.0500000000000003	0.15	0.75	0.85	2530
0.1	0.9	0.1 0.9	0.0500000000000003	0.15	0.85	0.95	2531
0.1	1	0.1 1	0.0500000000000003	0.15	0.95	1.05	2532
0.1	1.1	0.1 1.1	0.0500000000000003	0.15	1.05	1.15	2533
0.1	1.2	0.1 1.2	0.0500000000000003	0.15	1.15	1.25	2534
0.1	1.3	0.1 1.3	0.0500000000000003	0.15	1.25	1.35	2535
0.1	1.4	0.1 1.4	0.0500000000000003	0.15	1.35	1.45	2536
0.1	1.5	0.1 1.5	0.0500000000000003	0.15	1.45	1.55	2537
0.1	1.6	0.1 1.6	0.0500000000000003	0.15	1.55	1.65	2538
0.1	1.7	0.1 1.7	0.0500000000000003	0.15	1.65	1.75	2539
0.1	1.8	0.1 1.8	0.0500000000000003	0.15	1.75	1.85	2540
0.1	1.9	0.1 1.9	0.0500000000000003	0.15	1.85	1.95	2541
0.1	2	0.1 2	0.0500000000000003	0.15	1.95	2.05	2542
0.1	2.1	0.1 2.1	0.0500000000000003	0.15	2.05	2.15	2543
0.1	2.2	0.1 2.2	0.0500000000000003	0.15	2.15	2.25	2544
0.1	2.3	0.1 2.3	0.0500000000000003	0.15	2.25	2.35	2545
0.1	2.4	0.1 2.4	0.0500000000000003	0.15	2.35	2.45	2546
0.1	2.5	0.1 2.5	0.0500000000000003	0.15	2.45	2.55	2547
0.1	2.6	0.1 2.6	0.0500000000000003	0.15	2.55	2.65	2548
0.1	2.7	0.1 2.7	0.0500000000000003	0.15	2.65	2.75	2549
0.1	2.8	0.1 2.8	0.0500000000000003	0.15	2.75	2.85	2550
0.1	2.9	0.1 2.9	0.0500000000000003	0.15	2.85	2.95	2551
0.1	3	0.1 3	0.0500000000000003	0.15	2.95	3.05	2552
0.1	3.1	0.1 3.1	0.0500000000000003	0.15	3.05	3.15	2553
0.1	3.2	0.1 3.2	0.0500000000000003	0.15	3.15	3.25	2554
0.1	3.3	0.1 3.3	0.0500000000000003	0.15	3.25	3.35	2555
0.1	3.4	0.1 3.4	0.0500000000000003	0.15	3.35	3.45	2556
0.1	3.5	0.1 3.5	0.0500000000000003	0.15	3.45	3.55	2557
0.1	3.6	0.1 3.6	0.0500000000000003	0.15	3.55	3.65	2558
0.1	3.7	0.1 3.7	0.0500000000000003	0.15	3.65	3.75	2559
0.1	3.8	0.1 3.8	0.0500000000000003	0.15	3.75	3.85	2560
0.1	3.9	0.1 3.9	0.0500000000000003	0.15	3.85	3.95	2561
0.1	4	0.1 4	0.0500000000000003	0.15	3.95	4.05	2562
0.1	4.1	0.1 4.1	0.0500000000000003	0.15	4.05	4.15	2563
0.1	4.2	0.1 4.2	0.0500000000000003	0.15	4.15	4.25	2564
0.1	4.3	0.1 4.3	0.0500000000000003	0.15	4.25	4.35	2565
0.1	4.4	0.1 4.4	0.0500000000000003	0.15	4.35	4.45	2566
0.1	4.5	0.1 4.5	0.0500000000000003	0.15	4.45	4.55	2567
0.1	4.6	0.1 4.6	0.0500000000000003	0.15	4.55	4.65	2568
0.1	4.7	0.1 4.7	0.0500000000000003	0.15	4.65	4.75	2569
0.1	4.8	0.1 4.8	0.0500000000000003	0.15	4.75	4.85	2570
0.1	4.9	0.1 4.9	0.0500000000000003	0.15	4.85	4.95	2571
0.1	5	0.1 5	0.0500000000000003	0.15	4.95	5.05	2572
0.1	5.1	0.1 5.1	0.0500000000000003	0.15	5.05	5.15	2573
0.1	5.2	0.1 5.2	0.0500000000000003	0.15	5.15	5.25	2574
0.1	5.3	0.1 5.3	0.0500000000000003	0.15	5.25	5.35	2575
0.1	5.4	0.1 5.4	0.0500000000000003	0.15	5.35	5.45	2576
0.1	5.5	0.1 5.5	0.0500000000000003	0.15	5.45	5.55	2577
0.1	5.6	0.1 5.6	0.0500000000000003	0.15	5.55	5.65	2578
0.1	5.7	0.1 5.7	0.0500000000000003	0.15	5.65	5.75	2579
0.1	5.8	0.1 5.8	0.0500000000000003	0.15	5.75	5.85	2580
0.1	5.9	0.1 5.9	0.0500000000000003	0.15	5.85	5.95	2581
0.1	6	0.1 6	0.0500000000000003	0.15	5.95	6.05	2582
0.1	6.1	0.1 6.1	0.0500000000000003	0.15	6.05	6.15	2583
0.1	6.2	0.1 6.2	0.0500000000000003	0.15	6.15	6.25	2584
0.1	6.3	0.1 6.3	0.0500000000000003	0.15	6.25	6.35	2585
0.1	6.4	0.1 6.4	0.0500000000000003	0.15	6.35	6.45	2586
0.1	6.5	0.1 6.5	0.0500000000000003	0.15	6.45	6.55	2587
0.1	6.6	0.1 6.6	0.0500000000000003	0.15	6.55	6.65	2588
0.1	6.7	0.1 6.7	0.0500000000000003	0.15	6.65	6.75	2589
0.1	6.8	0.1 6.8	0.0500000000000003	0.15	6.75	6.85	2590
0.1	6.9	0.1 6.9	0.0500000000000003	0.15	6.85	6.95	2591
0.1	7	0.1 7	0.0500000000000003	0.15	6.95	7.05	2592
0.2	-1	0.2 -1	0.15	0.25	-1.05	-0.95	2593
0.2	-0.9	0.2 -0.9	0.15	0.25	-0.95	-0.85	2594
0.2	-0.8	0.2 -0.8	0.15	0.25	-0.85	-0.75	2595
0.2	-0.7	0.2 -0.7	0.15	0.25	-0.75	-0.65	2596
0.2	-0.6	0.2 -0.6	0.15	0.25	-0.65	-0.55	2597
0.2	-0.5	0.2 -0.5	0.15	0.25	-0.55	-0.45	2598
0.2	-0.4	0.2 -0.4	0.15	0.25	-0.45	-0.35	2599
0.2	-0.3	0.2 -0.3	0.15	0.25	-0.35	-0.25	2600
0.2	-0.2	0.2 -0.2	0.15	0.25	-0.25	-0.15	2601
0.2	-0.1	0.2 -0.1	0.15	0.25	-0.15	-0.0500000000000002	2602
0.2	0	0.2 0	0.15	0.25	-0.0499999999999998	0.0499999999999998	2603
0.2	0.1	0.2 0.1	0.15	0.25	0.0500000000000003	0.15	2604
0.2	0.2	0.2 0.2	0.15	0.25	0.15	0.25	2605
0.2	0.3	0.2 0.3	0.15	0.25	0.25	0.35	2606
0.2	0.4	0.2 0.4	0.15	0.25	0.35	0.45	2607
0.2	0.5	0.2 0.5	0.15	0.25	0.45	0.55	2608
0.2	0.6	0.2 0.6	0.15	0.25	0.55	0.65	2609
0.2	0.7	0.2 0.7	0.15	0.25	0.65	0.75	2610
0.2	0.8	0.2 0.8	0.15	0.25	0.75	0.85	2611
0.2	0.9	0.2 0.9	0.15	0.25	0.85	0.95	2612
0.2	1	0.2 1	0.15	0.25	0.95	1.05	2613
0.2	1.1	0.2 1.1	0.15	0.25	1.05	1.15	2614
0.2	1.2	0.2 1.2	0.15	0.25	1.15	1.25	2615
0.2	1.3	0.2 1.3	0.15	0.25	1.25	1.35	2616
0.2	1.4	0.2 1.4	0.15	0.25	1.35	1.45	2617
0.2	1.5	0.2 1.5	0.15	0.25	1.45	1.55	2618
0.2	1.6	0.2 1.6	0.15	0.25	1.55	1.65	2619
0.2	1.7	0.2 1.7	0.15	0.25	1.65	1.75	2620
0.2	1.8	0.2 1.8	0.15	0.25	1.75	1.85	2621
0.2	1.9	0.2 1.9	0.15	0.25	1.85	1.95	2622
0.2	2	0.2 2	0.15	0.25	1.95	2.05	2623
0.2	2.1	0.2 2.1	0.15	0.25	2.05	2.15	2624
0.2	2.2	0.2 2.2	0.15	0.25	2.15	2.25	2625
0.2	2.3	0.2 2.3	0.15	0.25	2.25	2.35	2626
0.2	2.4	0.2 2.4	0.15	0.25	2.35	2.45	2627
0.2	2.5	0.2 2.5	0.15	0.25	2.45	2.55	2628
0.2	2.6	0.2 2.6	0.15	0.25	2.55	2.65	2629
0.2	2.7	0.2 2.7	0.15	0.25	2.65	2.75	2630
0.2	2.8	0.2 2.8	0.15	0.25	2.75	2.85	2631
0.2	2.9	0.2 2.9	0.15	0.25	2.85	2.95	2632
0.2	3	0.2 3	0.15	0.25	2.95	3.05	2633
0.2	3.1	0.2 3.1	0.15	0.25	3.05	3.15	2634
0.2	3.2	0.2 3.2	0.15	0.25	3.15	3.25	2635
0.2	3.3	0.2 3.3	0.15	0.25	3.25	3.35	2636
0.2	3.4	0.2 3.4	0.15	0.25	3.35	3.45	2637
0.2	3.5	0.2 3.5	0.15	0.25	3.45	3.55	2638
0.2	3.6	0.2 3.6	0.15	0.25	3.55	3.65	2639
0.2	3.7	0.2 3.7	0.15	0.25	3.65	3.75	2640
0.2	3.8	0.2 3.8	0.15	0.25	3.75	3.85	2641
0.2	3.9	0.2 3.9	0.15	0.25	3.85	3.95	2642
0.2	4	0.2 4	0.15	0.25	3.95	4.05	2643
0.2	4.1	0.2 4.1	0.15	0.25	4.05	4.15	2644
0.2	4.2	0.2 4.2	0.15	0.25	4.15	4.25	2645
0.2	4.3	0.2 4.3	0.15	0.25	4.25	4.35	2646
0.2	4.4	0.2 4.4	0.15	0.25	4.35	4.45	2647
0.2	4.5	0.2 4.5	0.15	0.25	4.45	4.55	2648
0.2	4.6	0.2 4.6	0.15	0.25	4.55	4.65	2649
0.2	4.7	0.2 4.7	0.15	0.25	4.65	4.75	2650
0.2	4.8	0.2 4.8	0.15	0.25	4.75	4.85	2651
0.2	4.9	0.2 4.9	0.15	0.25	4.85	4.95	2652
0.2	5	0.2 5	0.15	0.25	4.95	5.05	2653
0.2	5.1	0.2 5.1	0.15	0.25	5.05	5.15	2654
0.2	5.2	0.2 5.2	0.15	0.25	5.15	5.25	2655
0.2	5.3	0.2 5.3	0.15	0.25	5.25	5.35	2656
0.2	5.4	0.2 5.4	0.15	0.25	5.35	5.45	2657
0.2	5.5	0.2 5.5	0.15	0.25	5.45	5.55	2658
0.2	5.6	0.2 5.6	0.15	0.25	5.55	5.65	2659
0.2	5.7	0.2 5.7	0.15	0.25	5.65	5.75	2660
0.2	5.8	0.2 5.8	0.15	0.25	5.75	5.85	2661
0.2	5.9	0.2 5.9	0.15	0.25	5.85	5.95	2662
0.2	6	0.2 6	0.15	0.25	5.95	6.05	2663
0.2	6.1	0.2 6.1	0.15	0.25	6.05	6.15	2664
0.2	6.2	0.2 6.2	0.15	0.25	6.15	6.25	2665
0.2	6.3	0.2 6.3	0.15	0.25	6.25	6.35	2666
0.2	6.4	0.2 6.4	0.15	0.25	6.35	6.45	2667
0.2	6.5	0.2 6.5	0.15	0.25	6.45	6.55	2668
0.2	6.6	0.2 6.6	0.15	0.25	6.55	6.65	2669
0.2	6.7	0.2 6.7	0.15	0.25	6.65	6.75	2670
0.2	6.8	0.2 6.8	0.15	0.25	6.75	6.85	2671
0.2	6.9	0.2 6.9	0.15	0.25	6.85	6.95	2672
0.2	7	0.2 7	0.15	0.25	6.95	7.05	2673
0.3	-1	0.3 -1	0.25	0.35	-1.05	-0.95	2674
0.3	-0.9	0.3 -0.9	0.25	0.35	-0.95	-0.85	2675
0.3	-0.8	0.3 -0.8	0.25	0.35	-0.85	-0.75	2676
0.3	-0.7	0.3 -0.7	0.25	0.35	-0.75	-0.65	2677
0.3	-0.6	0.3 -0.6	0.25	0.35	-0.65	-0.55	2678
0.3	-0.5	0.3 -0.5	0.25	0.35	-0.55	-0.45	2679
0.3	-0.4	0.3 -0.4	0.25	0.35	-0.45	-0.35	2680
0.3	-0.3	0.3 -0.3	0.25	0.35	-0.35	-0.25	2681
0.3	-0.2	0.3 -0.2	0.25	0.35	-0.25	-0.15	2682
0.3	-0.1	0.3 -0.1	0.25	0.35	-0.15	-0.0500000000000002	2683
0.3	0	0.3 0	0.25	0.35	-0.0499999999999998	0.0499999999999998	2684
0.3	0.1	0.3 0.1	0.25	0.35	0.0500000000000003	0.15	2685
0.3	0.2	0.3 0.2	0.25	0.35	0.15	0.25	2686
0.3	0.3	0.3 0.3	0.25	0.35	0.25	0.35	2687
0.3	0.4	0.3 0.4	0.25	0.35	0.35	0.45	2688
0.3	0.5	0.3 0.5	0.25	0.35	0.45	0.55	2689
0.3	0.6	0.3 0.6	0.25	0.35	0.55	0.65	2690
0.3	0.7	0.3 0.7	0.25	0.35	0.65	0.75	2691
0.3	0.8	0.3 0.8	0.25	0.35	0.75	0.85	2692
0.3	0.9	0.3 0.9	0.25	0.35	0.85	0.95	2693
0.3	1	0.3 1	0.25	0.35	0.95	1.05	2694
0.3	1.1	0.3 1.1	0.25	0.35	1.05	1.15	2695
0.3	1.2	0.3 1.2	0.25	0.35	1.15	1.25	2696
0.3	1.3	0.3 1.3	0.25	0.35	1.25	1.35	2697
0.3	1.4	0.3 1.4	0.25	0.35	1.35	1.45	2698
0.3	1.5	0.3 1.5	0.25	0.35	1.45	1.55	2699
0.3	1.6	0.3 1.6	0.25	0.35	1.55	1.65	2700
0.3	1.7	0.3 1.7	0.25	0.35	1.65	1.75	2701
0.3	1.8	0.3 1.8	0.25	0.35	1.75	1.85	2702
0.3	1.9	0.3 1.9	0.25	0.35	1.85	1.95	2703
0.3	2	0.3 2	0.25	0.35	1.95	2.05	2704
0.3	2.1	0.3 2.1	0.25	0.35	2.05	2.15	2705
0.3	2.2	0.3 2.2	0.25	0.35	2.15	2.25	2706
0.3	2.3	0.3 2.3	0.25	0.35	2.25	2.35	2707
0.3	2.4	0.3 2.4	0.25	0.35	2.35	2.45	2708
0.3	2.5	0.3 2.5	0.25	0.35	2.45	2.55	2709
0.3	2.6	0.3 2.6	0.25	0.35	2.55	2.65	2710
0.3	2.7	0.3 2.7	0.25	0.35	2.65	2.75	2711
0.3	2.8	0.3 2.8	0.25	0.35	2.75	2.85	2712
0.3	2.9	0.3 2.9	0.25	0.35	2.85	2.95	2713
0.3	3	0.3 3	0.25	0.35	2.95	3.05	2714
0.3	3.1	0.3 3.1	0.25	0.35	3.05	3.15	2715
0.3	3.2	0.3 3.2	0.25	0.35	3.15	3.25	2716
0.3	3.3	0.3 3.3	0.25	0.35	3.25	3.35	2717
0.3	3.4	0.3 3.4	0.25	0.35	3.35	3.45	2718
0.3	3.5	0.3 3.5	0.25	0.35	3.45	3.55	2719
0.3	3.6	0.3 3.6	0.25	0.35	3.55	3.65	2720
0.3	3.7	0.3 3.7	0.25	0.35	3.65	3.75	2721
0.3	3.8	0.3 3.8	0.25	0.35	3.75	3.85	2722
0.3	3.9	0.3 3.9	0.25	0.35	3.85	3.95	2723
0.3	4	0.3 4	0.25	0.35	3.95	4.05	2724
0.3	4.1	0.3 4.1	0.25	0.35	4.05	4.15	2725
0.3	4.2	0.3 4.2	0.25	0.35	4.15	4.25	2726
0.3	4.3	0.3 4.3	0.25	0.35	4.25	4.35	2727
0.3	4.4	0.3 4.4	0.25	0.35	4.35	4.45	2728
0.3	4.5	0.3 4.5	0.25	0.35	4.45	4.55	2729
0.3	4.6	0.3 4.6	0.25	0.35	4.55	4.65	2730
0.3	4.7	0.3 4.7	0.25	0.35	4.65	4.75	2731
0.3	4.8	0.3 4.8	0.25	0.35	4.75	4.85	2732
0.3	4.9	0.3 4.9	0.25	0.35	4.85	4.95	2733
0.3	5	0.3 5	0.25	0.35	4.95	5.05	2734
0.3	5.1	0.3 5.1	0.25	0.35	5.05	5.15	2735
0.3	5.2	0.3 5.2	0.25	0.35	5.15	5.25	2736
0.3	5.3	0.3 5.3	0.25	0.35	5.25	5.35	2737
0.3	5.4	0.3 5.4	0.25	0.35	5.35	5.45	2738
0.3	5.5	0.3 5.5	0.25	0.35	5.45	5.55	2739
0.3	5.6	0.3 5.6	0.25	0.35	5.55	5.65	2740
0.3	5.7	0.3 5.7	0.25	0.35	5.65	5.75	2741
0.3	5.8	0.3 5.8	0.25	0.35	5.75	5.85	2742
0.3	5.9	0.3 5.9	0.25	0.35	5.85	5.95	2743
0.3	6	0.3 6	0.25	0.35	5.95	6.05	2744
0.3	6.1	0.3 6.1	0.25	0.35	6.05	6.15	2745
0.3	6.2	0.3 6.2	0.25	0.35	6.15	6.25	2746
0.3	6.3	0.3 6.3	0.25	0.35	6.25	6.35	2747
0.3	6.4	0.3 6.4	0.25	0.35	6.35	6.45	2748
0.3	6.5	0.3 6.5	0.25	0.35	6.45	6.55	2749
0.3	6.6	0.3 6.6	0.25	0.35	6.55	6.65	2750
0.3	6.7	0.3 6.7	0.25	0.35	6.65	6.75	2751
0.3	6.8	0.3 6.8	0.25	0.35	6.75	6.85	2752
0.3	6.9	0.3 6.9	0.25	0.35	6.85	6.95	2753
0.3	7	0.3 7	0.25	0.35	6.95	7.05	2754
0.4	-1	0.4 -1	0.350000000000001	0.45	-1.05	-0.95	2755
0.4	-0.9	0.4 -0.9	0.350000000000001	0.45	-0.95	-0.85	2756
0.4	-0.8	0.4 -0.8	0.350000000000001	0.45	-0.85	-0.75	2757
0.4	-0.7	0.4 -0.7	0.350000000000001	0.45	-0.75	-0.65	2758
0.4	-0.6	0.4 -0.6	0.350000000000001	0.45	-0.65	-0.55	2759
0.4	-0.5	0.4 -0.5	0.350000000000001	0.45	-0.55	-0.45	2760
0.4	-0.4	0.4 -0.4	0.350000000000001	0.45	-0.45	-0.35	2761
0.4	-0.3	0.4 -0.3	0.350000000000001	0.45	-0.35	-0.25	2762
0.4	-0.2	0.4 -0.2	0.350000000000001	0.45	-0.25	-0.15	2763
0.4	-0.1	0.4 -0.1	0.350000000000001	0.45	-0.15	-0.0500000000000002	2764
0.4	0	0.4 0	0.350000000000001	0.45	-0.0499999999999998	0.0499999999999998	2765
0.4	0.1	0.4 0.1	0.350000000000001	0.45	0.0500000000000003	0.15	2766
0.4	0.2	0.4 0.2	0.350000000000001	0.45	0.15	0.25	2767
0.4	0.3	0.4 0.3	0.350000000000001	0.45	0.25	0.35	2768
0.4	0.4	0.4 0.4	0.350000000000001	0.45	0.35	0.45	2769
0.4	0.5	0.4 0.5	0.350000000000001	0.45	0.45	0.55	2770
0.4	0.6	0.4 0.6	0.350000000000001	0.45	0.55	0.65	2771
0.4	0.7	0.4 0.7	0.350000000000001	0.45	0.65	0.75	2772
0.4	0.8	0.4 0.8	0.350000000000001	0.45	0.75	0.85	2773
0.4	0.9	0.4 0.9	0.350000000000001	0.45	0.85	0.95	2774
0.4	1	0.4 1	0.350000000000001	0.45	0.95	1.05	2775
0.4	1.1	0.4 1.1	0.350000000000001	0.45	1.05	1.15	2776
0.4	1.2	0.4 1.2	0.350000000000001	0.45	1.15	1.25	2777
0.4	1.3	0.4 1.3	0.350000000000001	0.45	1.25	1.35	2778
0.4	1.4	0.4 1.4	0.350000000000001	0.45	1.35	1.45	2779
0.4	1.5	0.4 1.5	0.350000000000001	0.45	1.45	1.55	2780
0.4	1.6	0.4 1.6	0.350000000000001	0.45	1.55	1.65	2781
0.4	1.7	0.4 1.7	0.350000000000001	0.45	1.65	1.75	2782
0.4	1.8	0.4 1.8	0.350000000000001	0.45	1.75	1.85	2783
0.4	1.9	0.4 1.9	0.350000000000001	0.45	1.85	1.95	2784
0.4	2	0.4 2	0.350000000000001	0.45	1.95	2.05	2785
0.4	2.1	0.4 2.1	0.350000000000001	0.45	2.05	2.15	2786
0.4	2.2	0.4 2.2	0.350000000000001	0.45	2.15	2.25	2787
0.4	2.3	0.4 2.3	0.350000000000001	0.45	2.25	2.35	2788
0.4	2.4	0.4 2.4	0.350000000000001	0.45	2.35	2.45	2789
0.4	2.5	0.4 2.5	0.350000000000001	0.45	2.45	2.55	2790
0.4	2.6	0.4 2.6	0.350000000000001	0.45	2.55	2.65	2791
0.4	2.7	0.4 2.7	0.350000000000001	0.45	2.65	2.75	2792
0.4	2.8	0.4 2.8	0.350000000000001	0.45	2.75	2.85	2793
0.4	2.9	0.4 2.9	0.350000000000001	0.45	2.85	2.95	2794
0.4	3	0.4 3	0.350000000000001	0.45	2.95	3.05	2795
0.4	3.1	0.4 3.1	0.350000000000001	0.45	3.05	3.15	2796
0.4	3.2	0.4 3.2	0.350000000000001	0.45	3.15	3.25	2797
0.4	3.3	0.4 3.3	0.350000000000001	0.45	3.25	3.35	2798
0.4	3.4	0.4 3.4	0.350000000000001	0.45	3.35	3.45	2799
0.4	3.5	0.4 3.5	0.350000000000001	0.45	3.45	3.55	2800
0.4	3.6	0.4 3.6	0.350000000000001	0.45	3.55	3.65	2801
0.4	3.7	0.4 3.7	0.350000000000001	0.45	3.65	3.75	2802
0.4	3.8	0.4 3.8	0.350000000000001	0.45	3.75	3.85	2803
0.4	3.9	0.4 3.9	0.350000000000001	0.45	3.85	3.95	2804
0.4	4	0.4 4	0.350000000000001	0.45	3.95	4.05	2805
0.4	4.1	0.4 4.1	0.350000000000001	0.45	4.05	4.15	2806
0.4	4.2	0.4 4.2	0.350000000000001	0.45	4.15	4.25	2807
0.4	4.3	0.4 4.3	0.350000000000001	0.45	4.25	4.35	2808
0.4	4.4	0.4 4.4	0.350000000000001	0.45	4.35	4.45	2809
0.4	4.5	0.4 4.5	0.350000000000001	0.45	4.45	4.55	2810
0.4	4.6	0.4 4.6	0.350000000000001	0.45	4.55	4.65	2811
0.4	4.7	0.4 4.7	0.350000000000001	0.45	4.65	4.75	2812
0.4	4.8	0.4 4.8	0.350000000000001	0.45	4.75	4.85	2813
0.4	4.9	0.4 4.9	0.350000000000001	0.45	4.85	4.95	2814
0.4	5	0.4 5	0.350000000000001	0.45	4.95	5.05	2815
0.4	5.1	0.4 5.1	0.350000000000001	0.45	5.05	5.15	2816
0.4	5.2	0.4 5.2	0.350000000000001	0.45	5.15	5.25	2817
0.4	5.3	0.4 5.3	0.350000000000001	0.45	5.25	5.35	2818
0.4	5.4	0.4 5.4	0.350000000000001	0.45	5.35	5.45	2819
0.4	5.5	0.4 5.5	0.350000000000001	0.45	5.45	5.55	2820
0.4	5.6	0.4 5.6	0.350000000000001	0.45	5.55	5.65	2821
0.4	5.7	0.4 5.7	0.350000000000001	0.45	5.65	5.75	2822
0.4	5.8	0.4 5.8	0.350000000000001	0.45	5.75	5.85	2823
0.4	5.9	0.4 5.9	0.350000000000001	0.45	5.85	5.95	2824
0.4	6	0.4 6	0.350000000000001	0.45	5.95	6.05	2825
0.4	6.1	0.4 6.1	0.350000000000001	0.45	6.05	6.15	2826
0.4	6.2	0.4 6.2	0.350000000000001	0.45	6.15	6.25	2827
0.4	6.3	0.4 6.3	0.350000000000001	0.45	6.25	6.35	2828
0.4	6.4	0.4 6.4	0.350000000000001	0.45	6.35	6.45	2829
0.4	6.5	0.4 6.5	0.350000000000001	0.45	6.45	6.55	2830
0.4	6.6	0.4 6.6	0.350000000000001	0.45	6.55	6.65	2831
0.4	6.7	0.4 6.7	0.350000000000001	0.45	6.65	6.75	2832
0.4	6.8	0.4 6.8	0.350000000000001	0.45	6.75	6.85	2833
0.4	6.9	0.4 6.9	0.350000000000001	0.45	6.85	6.95	2834
0.4	7	0.4 7	0.350000000000001	0.45	6.95	7.05	2835
0.5	-1	0.5 -1	0.45	0.55	-1.05	-0.95	2836
0.5	-0.9	0.5 -0.9	0.45	0.55	-0.95	-0.85	2837
0.5	-0.8	0.5 -0.8	0.45	0.55	-0.85	-0.75	2838
0.5	-0.7	0.5 -0.7	0.45	0.55	-0.75	-0.65	2839
0.5	-0.6	0.5 -0.6	0.45	0.55	-0.65	-0.55	2840
0.5	-0.5	0.5 -0.5	0.45	0.55	-0.55	-0.45	2841
0.5	-0.4	0.5 -0.4	0.45	0.55	-0.45	-0.35	2842
0.5	-0.3	0.5 -0.3	0.45	0.55	-0.35	-0.25	2843
0.5	-0.2	0.5 -0.2	0.45	0.55	-0.25	-0.15	2844
0.5	-0.1	0.5 -0.1	0.45	0.55	-0.15	-0.0500000000000002	2845
0.5	0	0.5 0	0.45	0.55	-0.0499999999999998	0.0499999999999998	2846
0.5	0.1	0.5 0.1	0.45	0.55	0.0500000000000003	0.15	2847
0.5	0.2	0.5 0.2	0.45	0.55	0.15	0.25	2848
0.5	0.3	0.5 0.3	0.45	0.55	0.25	0.35	2849
0.5	0.4	0.5 0.4	0.45	0.55	0.35	0.45	2850
0.5	0.5	0.5 0.5	0.45	0.55	0.45	0.55	2851
0.5	0.6	0.5 0.6	0.45	0.55	0.55	0.65	2852
0.5	0.7	0.5 0.7	0.45	0.55	0.65	0.75	2853
0.5	0.8	0.5 0.8	0.45	0.55	0.75	0.85	2854
0.5	0.9	0.5 0.9	0.45	0.55	0.85	0.95	2855
0.5	1	0.5 1	0.45	0.55	0.95	1.05	2856
0.5	1.1	0.5 1.1	0.45	0.55	1.05	1.15	2857
0.5	1.2	0.5 1.2	0.45	0.55	1.15	1.25	2858
0.5	1.3	0.5 1.3	0.45	0.55	1.25	1.35	2859
0.5	1.4	0.5 1.4	0.45	0.55	1.35	1.45	2860
0.5	1.5	0.5 1.5	0.45	0.55	1.45	1.55	2861
0.5	1.6	0.5 1.6	0.45	0.55	1.55	1.65	2862
0.5	1.7	0.5 1.7	0.45	0.55	1.65	1.75	2863
0.5	1.8	0.5 1.8	0.45	0.55	1.75	1.85	2864
0.5	1.9	0.5 1.9	0.45	0.55	1.85	1.95	2865
0.5	2	0.5 2	0.45	0.55	1.95	2.05	2866
0.5	2.1	0.5 2.1	0.45	0.55	2.05	2.15	2867
0.5	2.2	0.5 2.2	0.45	0.55	2.15	2.25	2868
0.5	2.3	0.5 2.3	0.45	0.55	2.25	2.35	2869
0.5	2.4	0.5 2.4	0.45	0.55	2.35	2.45	2870
0.5	2.5	0.5 2.5	0.45	0.55	2.45	2.55	2871
0.5	2.6	0.5 2.6	0.45	0.55	2.55	2.65	2872
0.5	2.7	0.5 2.7	0.45	0.55	2.65	2.75	2873
0.5	2.8	0.5 2.8	0.45	0.55	2.75	2.85	2874
0.5	2.9	0.5 2.9	0.45	0.55	2.85	2.95	2875
0.5	3	0.5 3	0.45	0.55	2.95	3.05	2876
0.5	3.1	0.5 3.1	0.45	0.55	3.05	3.15	2877
0.5	3.2	0.5 3.2	0.45	0.55	3.15	3.25	2878
0.5	3.3	0.5 3.3	0.45	0.55	3.25	3.35	2879
0.5	3.4	0.5 3.4	0.45	0.55	3.35	3.45	2880
0.5	3.5	0.5 3.5	0.45	0.55	3.45	3.55	2881
0.5	3.6	0.5 3.6	0.45	0.55	3.55	3.65	2882
0.5	3.7	0.5 3.7	0.45	0.55	3.65	3.75	2883
0.5	3.8	0.5 3.8	0.45	0.55	3.75	3.85	2884
0.5	3.9	0.5 3.9	0.45	0.55	3.85	3.95	2885
0.5	4	0.5 4	0.45	0.55	3.95	4.05	2886
0.5	4.1	0.5 4.1	0.45	0.55	4.05	4.15	2887
0.5	4.2	0.5 4.2	0.45	0.55	4.15	4.25	2888
0.5	4.3	0.5 4.3	0.45	0.55	4.25	4.35	2889
0.5	4.4	0.5 4.4	0.45	0.55	4.35	4.45	2890
0.5	4.5	0.5 4.5	0.45	0.55	4.45	4.55	2891
0.5	4.6	0.5 4.6	0.45	0.55	4.55	4.65	2892
0.5	4.7	0.5 4.7	0.45	0.55	4.65	4.75	2893
0.5	4.8	0.5 4.8	0.45	0.55	4.75	4.85	2894
0.5	4.9	0.5 4.9	0.45	0.55	4.85	4.95	2895
0.5	5	0.5 5	0.45	0.55	4.95	5.05	2896
0.5	5.1	0.5 5.1	0.45	0.55	5.05	5.15	2897
0.5	5.2	0.5 5.2	0.45	0.55	5.15	5.25	2898
0.5	5.3	0.5 5.3	0.45	0.55	5.25	5.35	2899
0.5	5.4	0.5 5.4	0.45	0.55	5.35	5.45	2900
0.5	5.5	0.5 5.5	0.45	0.55	5.45	5.55	2901
0.5	5.6	0.5 5.6	0.45	0.55	5.55	5.65	2902
0.5	5.7	0.5 5.7	0.45	0.55	5.65	5.75	2903
0.5	5.8	0.5 5.8	0.45	0.55	5.75	5.85	2904
0.5	5.9	0.5 5.9	0.45	0.55	5.85	5.95	2905
0.5	6	0.5 6	0.45	0.55	5.95	6.05	2906
0.5	6.1	0.5 6.1	0.45	0.55	6.05	6.15	2907
0.5	6.2	0.5 6.2	0.45	0.55	6.15	6.25	2908
0.5	6.3	0.5 6.3	0.45	0.55	6.25	6.35	2909
0.5	6.4	0.5 6.4	0.45	0.55	6.35	6.45	2910
0.5	6.5	0.5 6.5	0.45	0.55	6.45	6.55	2911
0.5	6.6	0.5 6.6	0.45	0.55	6.55	6.65	2912
0.5	6.7	0.5 6.7	0.45	0.55	6.65	6.75	2913
0.5	6.8	0.5 6.8	0.45	0.55	6.75	6.85	2914
0.5	6.9	0.5 6.9	0.45	0.55	6.85	6.95	2915
0.5	7	0.5 7	0.45	0.55	6.95	7.05	2916
0.6	-1	0.6 -1	0.55	0.65	-1.05	-0.95	2917
0.6	-0.9	0.6 -0.9	0.55	0.65	-0.95	-0.85	2918
0.6	-0.8	0.6 -0.8	0.55	0.65	-0.85	-0.75	2919
0.6	-0.7	0.6 -0.7	0.55	0.65	-0.75	-0.65	2920
0.6	-0.6	0.6 -0.6	0.55	0.65	-0.65	-0.55	2921
0.6	-0.5	0.6 -0.5	0.55	0.65	-0.55	-0.45	2922
0.6	-0.4	0.6 -0.4	0.55	0.65	-0.45	-0.35	2923
0.6	-0.3	0.6 -0.3	0.55	0.65	-0.35	-0.25	2924
0.6	-0.2	0.6 -0.2	0.55	0.65	-0.25	-0.15	2925
0.6	-0.1	0.6 -0.1	0.55	0.65	-0.15	-0.0500000000000002	2926
0.6	0	0.6 0	0.55	0.65	-0.0499999999999998	0.0499999999999998	2927
0.6	0.1	0.6 0.1	0.55	0.65	0.0500000000000003	0.15	2928
0.6	0.2	0.6 0.2	0.55	0.65	0.15	0.25	2929
0.6	0.3	0.6 0.3	0.55	0.65	0.25	0.35	2930
0.6	0.4	0.6 0.4	0.55	0.65	0.35	0.45	2931
0.6	0.5	0.6 0.5	0.55	0.65	0.45	0.55	2932
0.6	0.6	0.6 0.6	0.55	0.65	0.55	0.65	2933
0.6	0.7	0.6 0.7	0.55	0.65	0.65	0.75	2934
0.6	0.8	0.6 0.8	0.55	0.65	0.75	0.85	2935
0.6	0.9	0.6 0.9	0.55	0.65	0.85	0.95	2936
0.6	1	0.6 1	0.55	0.65	0.95	1.05	2937
0.6	1.1	0.6 1.1	0.55	0.65	1.05	1.15	2938
0.6	1.2	0.6 1.2	0.55	0.65	1.15	1.25	2939
0.6	1.3	0.6 1.3	0.55	0.65	1.25	1.35	2940
0.6	1.4	0.6 1.4	0.55	0.65	1.35	1.45	2941
0.6	1.5	0.6 1.5	0.55	0.65	1.45	1.55	2942
0.6	1.6	0.6 1.6	0.55	0.65	1.55	1.65	2943
0.6	1.7	0.6 1.7	0.55	0.65	1.65	1.75	2944
0.6	1.8	0.6 1.8	0.55	0.65	1.75	1.85	2945
0.6	1.9	0.6 1.9	0.55	0.65	1.85	1.95	2946
0.6	2	0.6 2	0.55	0.65	1.95	2.05	2947
0.6	2.1	0.6 2.1	0.55	0.65	2.05	2.15	2948
0.6	2.2	0.6 2.2	0.55	0.65	2.15	2.25	2949
0.6	2.3	0.6 2.3	0.55	0.65	2.25	2.35	2950
0.6	2.4	0.6 2.4	0.55	0.65	2.35	2.45	2951
0.6	2.5	0.6 2.5	0.55	0.65	2.45	2.55	2952
0.6	2.6	0.6 2.6	0.55	0.65	2.55	2.65	2953
0.6	2.7	0.6 2.7	0.55	0.65	2.65	2.75	2954
0.6	2.8	0.6 2.8	0.55	0.65	2.75	2.85	2955
0.6	2.9	0.6 2.9	0.55	0.65	2.85	2.95	2956
0.6	3	0.6 3	0.55	0.65	2.95	3.05	2957
0.6	3.1	0.6 3.1	0.55	0.65	3.05	3.15	2958
0.6	3.2	0.6 3.2	0.55	0.65	3.15	3.25	2959
0.6	3.3	0.6 3.3	0.55	0.65	3.25	3.35	2960
0.6	3.4	0.6 3.4	0.55	0.65	3.35	3.45	2961
0.6	3.5	0.6 3.5	0.55	0.65	3.45	3.55	2962
0.6	3.6	0.6 3.6	0.55	0.65	3.55	3.65	2963
0.6	3.7	0.6 3.7	0.55	0.65	3.65	3.75	2964
0.6	3.8	0.6 3.8	0.55	0.65	3.75	3.85	2965
0.6	3.9	0.6 3.9	0.55	0.65	3.85	3.95	2966
0.6	4	0.6 4	0.55	0.65	3.95	4.05	2967
0.6	4.1	0.6 4.1	0.55	0.65	4.05	4.15	2968
0.6	4.2	0.6 4.2	0.55	0.65	4.15	4.25	2969
0.6	4.3	0.6 4.3	0.55	0.65	4.25	4.35	2970
0.6	4.4	0.6 4.4	0.55	0.65	4.35	4.45	2971
0.6	4.5	0.6 4.5	0.55	0.65	4.45	4.55	2972
0.6	4.6	0.6 4.6	0.55	0.65	4.55	4.65	2973
0.6	4.7	0.6 4.7	0.55	0.65	4.65	4.75	2974
0.6	4.8	0.6 4.8	0.55	0.65	4.75	4.85	2975
0.6	4.9	0.6 4.9	0.55	0.65	4.85	4.95	2976
0.6	5	0.6 5	0.55	0.65	4.95	5.05	2977
0.6	5.1	0.6 5.1	0.55	0.65	5.05	5.15	2978
0.6	5.2	0.6 5.2	0.55	0.65	5.15	5.25	2979
0.6	5.3	0.6 5.3	0.55	0.65	5.25	5.35	2980
0.6	5.4	0.6 5.4	0.55	0.65	5.35	5.45	2981
0.6	5.5	0.6 5.5	0.55	0.65	5.45	5.55	2982
0.6	5.6	0.6 5.6	0.55	0.65	5.55	5.65	2983
0.6	5.7	0.6 5.7	0.55	0.65	5.65	5.75	2984
0.6	5.8	0.6 5.8	0.55	0.65	5.75	5.85	2985
0.6	5.9	0.6 5.9	0.55	0.65	5.85	5.95	2986
0.6	6	0.6 6	0.55	0.65	5.95	6.05	2987
0.6	6.1	0.6 6.1	0.55	0.65	6.05	6.15	2988
0.6	6.2	0.6 6.2	0.55	0.65	6.15	6.25	2989
0.6	6.3	0.6 6.3	0.55	0.65	6.25	6.35	2990
0.6	6.4	0.6 6.4	0.55	0.65	6.35	6.45	2991
0.6	6.5	0.6 6.5	0.55	0.65	6.45	6.55	2992
0.6	6.6	0.6 6.6	0.55	0.65	6.55	6.65	2993
0.6	6.7	0.6 6.7	0.55	0.65	6.65	6.75	2994
0.6	6.8	0.6 6.8	0.55	0.65	6.75	6.85	2995
0.6	6.9	0.6 6.9	0.55	0.65	6.85	6.95	2996
0.6	7	0.6 7	0.55	0.65	6.95	7.05	2997
0.7	-1	0.7 -1	0.65	0.75	-1.05	-0.95	2998
0.7	-0.9	0.7 -0.9	0.65	0.75	-0.95	-0.85	2999
0.7	-0.8	0.7 -0.8	0.65	0.75	-0.85	-0.75	3000
0.7	-0.7	0.7 -0.7	0.65	0.75	-0.75	-0.65	3001
0.7	-0.6	0.7 -0.6	0.65	0.75	-0.65	-0.55	3002
0.7	-0.5	0.7 -0.5	0.65	0.75	-0.55	-0.45	3003
0.7	-0.4	0.7 -0.4	0.65	0.75	-0.45	-0.35	3004
0.7	-0.3	0.7 -0.3	0.65	0.75	-0.35	-0.25	3005
0.7	-0.2	0.7 -0.2	0.65	0.75	-0.25	-0.15	3006
0.7	-0.1	0.7 -0.1	0.65	0.75	-0.15	-0.0500000000000002	3007
0.7	0	0.7 0	0.65	0.75	-0.0499999999999998	0.0499999999999998	3008
0.7	0.1	0.7 0.1	0.65	0.75	0.0500000000000003	0.15	3009
0.7	0.2	0.7 0.2	0.65	0.75	0.15	0.25	3010
0.7	0.3	0.7 0.3	0.65	0.75	0.25	0.35	3011
0.7	0.4	0.7 0.4	0.65	0.75	0.35	0.45	3012
0.7	0.5	0.7 0.5	0.65	0.75	0.45	0.55	3013
0.7	0.6	0.7 0.6	0.65	0.75	0.55	0.65	3014
0.7	0.7	0.7 0.7	0.65	0.75	0.65	0.75	3015
0.7	0.8	0.7 0.8	0.65	0.75	0.75	0.85	3016
0.7	0.9	0.7 0.9	0.65	0.75	0.85	0.95	3017
0.7	1	0.7 1	0.65	0.75	0.95	1.05	3018
0.7	1.1	0.7 1.1	0.65	0.75	1.05	1.15	3019
0.7	1.2	0.7 1.2	0.65	0.75	1.15	1.25	3020
0.7	1.3	0.7 1.3	0.65	0.75	1.25	1.35	3021
0.7	1.4	0.7 1.4	0.65	0.75	1.35	1.45	3022
0.7	1.5	0.7 1.5	0.65	0.75	1.45	1.55	3023
0.7	1.6	0.7 1.6	0.65	0.75	1.55	1.65	3024
0.7	1.7	0.7 1.7	0.65	0.75	1.65	1.75	3025
0.7	1.8	0.7 1.8	0.65	0.75	1.75	1.85	3026
0.7	1.9	0.7 1.9	0.65	0.75	1.85	1.95	3027
0.7	2	0.7 2	0.65	0.75	1.95	2.05	3028
0.7	2.1	0.7 2.1	0.65	0.75	2.05	2.15	3029
0.7	2.2	0.7 2.2	0.65	0.75	2.15	2.25	3030
0.7	2.3	0.7 2.3	0.65	0.75	2.25	2.35	3031
0.7	2.4	0.7 2.4	0.65	0.75	2.35	2.45	3032
0.7	2.5	0.7 2.5	0.65	0.75	2.45	2.55	3033
0.7	2.6	0.7 2.6	0.65	0.75	2.55	2.65	3034
0.7	2.7	0.7 2.7	0.65	0.75	2.65	2.75	3035
0.7	2.8	0.7 2.8	0.65	0.75	2.75	2.85	3036
0.7	2.9	0.7 2.9	0.65	0.75	2.85	2.95	3037
0.7	3	0.7 3	0.65	0.75	2.95	3.05	3038
0.7	3.1	0.7 3.1	0.65	0.75	3.05	3.15	3039
0.7	3.2	0.7 3.2	0.65	0.75	3.15	3.25	3040
0.7	3.3	0.7 3.3	0.65	0.75	3.25	3.35	3041
0.7	3.4	0.7 3.4	0.65	0.75	3.35	3.45	3042
0.7	3.5	0.7 3.5	0.65	0.75	3.45	3.55	3043
0.7	3.6	0.7 3.6	0.65	0.75	3.55	3.65	3044
0.7	3.7	0.7 3.7	0.65	0.75	3.65	3.75	3045
0.7	3.8	0.7 3.8	0.65	0.75	3.75	3.85	3046
0.7	3.9	0.7 3.9	0.65	0.75	3.85	3.95	3047
0.7	4	0.7 4	0.65	0.75	3.95	4.05	3048
0.7	4.1	0.7 4.1	0.65	0.75	4.05	4.15	3049
0.7	4.2	0.7 4.2	0.65	0.75	4.15	4.25	3050
0.7	4.3	0.7 4.3	0.65	0.75	4.25	4.35	3051
0.7	4.4	0.7 4.4	0.65	0.75	4.35	4.45	3052
0.7	4.5	0.7 4.5	0.65	0.75	4.45	4.55	3053
0.7	4.6	0.7 4.6	0.65	0.75	4.55	4.65	3054
0.7	4.7	0.7 4.7	0.65	0.75	4.65	4.75	3055
0.7	4.8	0.7 4.8	0.65	0.75	4.75	4.85	3056
0.7	4.9	0.7 4.9	0.65	0.75	4.85	4.95	3057
0.7	5	0.7 5	0.65	0.75	4.95	5.05	3058
0.7	5.1	0.7 5.1	0.65	0.75	5.05	5.15	3059
0.7	5.2	0.7 5.2	0.65	0.75	5.15	5.25	3060
0.7	5.3	0.7 5.3	0.65	0.75	5.25	5.35	3061
0.7	5.4	0.7 5.4	0.65	0.75	5.35	5.45	3062
0.7	5.5	0.7 5.5	0.65	0.75	5.45	5.55	3063
0.7	5.6	0.7 5.6	0.65	0.75	5.55	5.65	3064
0.7	5.7	0.7 5.7	0.65	0.75	5.65	5.75	3065
0.7	5.8	0.7 5.8	0.65	0.75	5.75	5.85	3066
0.7	5.9	0.7 5.9	0.65	0.75	5.85	5.95	3067
0.7	6	0.7 6	0.65	0.75	5.95	6.05	3068
0.7	6.1	0.7 6.1	0.65	0.75	6.05	6.15	3069
0.7	6.2	0.7 6.2	0.65	0.75	6.15	6.25	3070
0.7	6.3	0.7 6.3	0.65	0.75	6.25	6.35	3071
0.7	6.4	0.7 6.4	0.65	0.75	6.35	6.45	3072
0.7	6.5	0.7 6.5	0.65	0.75	6.45	6.55	3073
0.7	6.6	0.7 6.6	0.65	0.75	6.55	6.65	3074
0.7	6.7	0.7 6.7	0.65	0.75	6.65	6.75	3075
0.7	6.8	0.7 6.8	0.65	0.75	6.75	6.85	3076
0.7	6.9	0.7 6.9	0.65	0.75	6.85	6.95	3077
0.7	7	0.7 7	0.65	0.75	6.95	7.05	3078
0.8	-1	0.8 -1	0.75	0.85	-1.05	-0.95	3079
0.8	-0.9	0.8 -0.9	0.75	0.85	-0.95	-0.85	3080
0.8	-0.8	0.8 -0.8	0.75	0.85	-0.85	-0.75	3081
0.8	-0.7	0.8 -0.7	0.75	0.85	-0.75	-0.65	3082
0.8	-0.6	0.8 -0.6	0.75	0.85	-0.65	-0.55	3083
0.8	-0.5	0.8 -0.5	0.75	0.85	-0.55	-0.45	3084
0.8	-0.4	0.8 -0.4	0.75	0.85	-0.45	-0.35	3085
0.8	-0.3	0.8 -0.3	0.75	0.85	-0.35	-0.25	3086
0.8	-0.2	0.8 -0.2	0.75	0.85	-0.25	-0.15	3087
0.8	-0.1	0.8 -0.1	0.75	0.85	-0.15	-0.0500000000000002	3088
0.8	0	0.8 0	0.75	0.85	-0.0499999999999998	0.0499999999999998	3089
0.8	0.1	0.8 0.1	0.75	0.85	0.0500000000000003	0.15	3090
0.8	0.2	0.8 0.2	0.75	0.85	0.15	0.25	3091
0.8	0.3	0.8 0.3	0.75	0.85	0.25	0.35	3092
0.8	0.4	0.8 0.4	0.75	0.85	0.35	0.45	3093
0.8	0.5	0.8 0.5	0.75	0.85	0.45	0.55	3094
0.8	0.6	0.8 0.6	0.75	0.85	0.55	0.65	3095
0.8	0.7	0.8 0.7	0.75	0.85	0.65	0.75	3096
0.8	0.8	0.8 0.8	0.75	0.85	0.75	0.85	3097
0.8	0.9	0.8 0.9	0.75	0.85	0.85	0.95	3098
0.8	1	0.8 1	0.75	0.85	0.95	1.05	3099
0.8	1.1	0.8 1.1	0.75	0.85	1.05	1.15	3100
0.8	1.2	0.8 1.2	0.75	0.85	1.15	1.25	3101
0.8	1.3	0.8 1.3	0.75	0.85	1.25	1.35	3102
0.8	1.4	0.8 1.4	0.75	0.85	1.35	1.45	3103
0.8	1.5	0.8 1.5	0.75	0.85	1.45	1.55	3104
0.8	1.6	0.8 1.6	0.75	0.85	1.55	1.65	3105
0.8	1.7	0.8 1.7	0.75	0.85	1.65	1.75	3106
0.8	1.8	0.8 1.8	0.75	0.85	1.75	1.85	3107
0.8	1.9	0.8 1.9	0.75	0.85	1.85	1.95	3108
0.8	2	0.8 2	0.75	0.85	1.95	2.05	3109
0.8	2.1	0.8 2.1	0.75	0.85	2.05	2.15	3110
0.8	2.2	0.8 2.2	0.75	0.85	2.15	2.25	3111
0.8	2.3	0.8 2.3	0.75	0.85	2.25	2.35	3112
0.8	2.4	0.8 2.4	0.75	0.85	2.35	2.45	3113
0.8	2.5	0.8 2.5	0.75	0.85	2.45	2.55	3114
0.8	2.6	0.8 2.6	0.75	0.85	2.55	2.65	3115
0.8	2.7	0.8 2.7	0.75	0.85	2.65	2.75	3116
0.8	2.8	0.8 2.8	0.75	0.85	2.75	2.85	3117
0.8	2.9	0.8 2.9	0.75	0.85	2.85	2.95	3118
0.8	3	0.8 3	0.75	0.85	2.95	3.05	3119
0.8	3.1	0.8 3.1	0.75	0.85	3.05	3.15	3120
0.8	3.2	0.8 3.2	0.75	0.85	3.15	3.25	3121
0.8	3.3	0.8 3.3	0.75	0.85	3.25	3.35	3122
0.8	3.4	0.8 3.4	0.75	0.85	3.35	3.45	3123
0.8	3.5	0.8 3.5	0.75	0.85	3.45	3.55	3124
0.8	3.6	0.8 3.6	0.75	0.85	3.55	3.65	3125
0.8	3.7	0.8 3.7	0.75	0.85	3.65	3.75	3126
0.8	3.8	0.8 3.8	0.75	0.85	3.75	3.85	3127
0.8	3.9	0.8 3.9	0.75	0.85	3.85	3.95	3128
0.8	4	0.8 4	0.75	0.85	3.95	4.05	3129
0.8	4.1	0.8 4.1	0.75	0.85	4.05	4.15	3130
0.8	4.2	0.8 4.2	0.75	0.85	4.15	4.25	3131
0.8	4.3	0.8 4.3	0.75	0.85	4.25	4.35	3132
0.8	4.4	0.8 4.4	0.75	0.85	4.35	4.45	3133
0.8	4.5	0.8 4.5	0.75	0.85	4.45	4.55	3134
0.8	4.6	0.8 4.6	0.75	0.85	4.55	4.65	3135
0.8	4.7	0.8 4.7	0.75	0.85	4.65	4.75	3136
0.8	4.8	0.8 4.8	0.75	0.85	4.75	4.85	3137
0.8	4.9	0.8 4.9	0.75	0.85	4.85	4.95	3138
0.8	5	0.8 5	0.75	0.85	4.95	5.05	3139
0.8	5.1	0.8 5.1	0.75	0.85	5.05	5.15	3140
0.8	5.2	0.8 5.2	0.75	0.85	5.15	5.25	3141
0.8	5.3	0.8 5.3	0.75	0.85	5.25	5.35	3142
0.8	5.4	0.8 5.4	0.75	0.85	5.35	5.45	3143
0.8	5.5	0.8 5.5	0.75	0.85	5.45	5.55	3144
0.8	5.6	0.8 5.6	0.75	0.85	5.55	5.65	3145
0.8	5.7	0.8 5.7	0.75	0.85	5.65	5.75	3146
0.8	5.8	0.8 5.8	0.75	0.85	5.75	5.85	3147
0.8	5.9	0.8 5.9	0.75	0.85	5.85	5.95	3148
0.8	6	0.8 6	0.75	0.85	5.95	6.05	3149
0.8	6.1	0.8 6.1	0.75	0.85	6.05	6.15	3150
0.8	6.2	0.8 6.2	0.75	0.85	6.15	6.25	3151
0.8	6.3	0.8 6.3	0.75	0.85	6.25	6.35	3152
0.8	6.4	0.8 6.4	0.75	0.85	6.35	6.45	3153
0.8	6.5	0.8 6.5	0.75	0.85	6.45	6.55	3154
0.8	6.6	0.8 6.6	0.75	0.85	6.55	6.65	3155
0.8	6.7	0.8 6.7	0.75	0.85	6.65	6.75	3156
0.8	6.8	0.8 6.8	0.75	0.85	6.75	6.85	3157
0.8	6.9	0.8 6.9	0.75	0.85	6.85	6.95	3158
0.8	7	0.8 7	0.75	0.85	6.95	7.05	3159
0.9	-1	0.9 -1	0.85	0.95	-1.05	-0.95	3160
0.9	-0.9	0.9 -0.9	0.85	0.95	-0.95	-0.85	3161
0.9	-0.8	0.9 -0.8	0.85	0.95	-0.85	-0.75	3162
0.9	-0.7	0.9 -0.7	0.85	0.95	-0.75	-0.65	3163
0.9	-0.6	0.9 -0.6	0.85	0.95	-0.65	-0.55	3164
0.9	-0.5	0.9 -0.5	0.85	0.95	-0.55	-0.45	3165
0.9	-0.4	0.9 -0.4	0.85	0.95	-0.45	-0.35	3166
0.9	-0.3	0.9 -0.3	0.85	0.95	-0.35	-0.25	3167
0.9	-0.2	0.9 -0.2	0.85	0.95	-0.25	-0.15	3168
0.9	-0.1	0.9 -0.1	0.85	0.95	-0.15	-0.0500000000000002	3169
0.9	0	0.9 0	0.85	0.95	-0.0499999999999998	0.0499999999999998	3170
0.9	0.1	0.9 0.1	0.85	0.95	0.0500000000000003	0.15	3171
0.9	0.2	0.9 0.2	0.85	0.95	0.15	0.25	3172
0.9	0.3	0.9 0.3	0.85	0.95	0.25	0.35	3173
0.9	0.4	0.9 0.4	0.85	0.95	0.35	0.45	3174
0.9	0.5	0.9 0.5	0.85	0.95	0.45	0.55	3175
0.9	0.6	0.9 0.6	0.85	0.95	0.55	0.65	3176
0.9	0.7	0.9 0.7	0.85	0.95	0.65	0.75	3177
0.9	0.8	0.9 0.8	0.85	0.95	0.75	0.85	3178
0.9	0.9	0.9 0.9	0.85	0.95	0.85	0.95	3179
0.9	1	0.9 1	0.85	0.95	0.95	1.05	3180
0.9	1.1	0.9 1.1	0.85	0.95	1.05	1.15	3181
0.9	1.2	0.9 1.2	0.85	0.95	1.15	1.25	3182
0.9	1.3	0.9 1.3	0.85	0.95	1.25	1.35	3183
0.9	1.4	0.9 1.4	0.85	0.95	1.35	1.45	3184
0.9	1.5	0.9 1.5	0.85	0.95	1.45	1.55	3185
0.9	1.6	0.9 1.6	0.85	0.95	1.55	1.65	3186
0.9	1.7	0.9 1.7	0.85	0.95	1.65	1.75	3187
0.9	1.8	0.9 1.8	0.85	0.95	1.75	1.85	3188
0.9	1.9	0.9 1.9	0.85	0.95	1.85	1.95	3189
0.9	2	0.9 2	0.85	0.95	1.95	2.05	3190
0.9	2.1	0.9 2.1	0.85	0.95	2.05	2.15	3191
0.9	2.2	0.9 2.2	0.85	0.95	2.15	2.25	3192
0.9	2.3	0.9 2.3	0.85	0.95	2.25	2.35	3193
0.9	2.4	0.9 2.4	0.85	0.95	2.35	2.45	3194
0.9	2.5	0.9 2.5	0.85	0.95	2.45	2.55	3195
0.9	2.6	0.9 2.6	0.85	0.95	2.55	2.65	3196
0.9	2.7	0.9 2.7	0.85	0.95	2.65	2.75	3197
0.9	2.8	0.9 2.8	0.85	0.95	2.75	2.85	3198
0.9	2.9	0.9 2.9	0.85	0.95	2.85	2.95	3199
0.9	3	0.9 3	0.85	0.95	2.95	3.05	3200
0.9	3.1	0.9 3.1	0.85	0.95	3.05	3.15	3201
0.9	3.2	0.9 3.2	0.85	0.95	3.15	3.25	3202
0.9	3.3	0.9 3.3	0.85	0.95	3.25	3.35	3203
0.9	3.4	0.9 3.4	0.85	0.95	3.35	3.45	3204
0.9	3.5	0.9 3.5	0.85	0.95	3.45	3.55	3205
0.9	3.6	0.9 3.6	0.85	0.95	3.55	3.65	3206
0.9	3.7	0.9 3.7	0.85	0.95	3.65	3.75	3207
0.9	3.8	0.9 3.8	0.85	0.95	3.75	3.85	3208
0.9	3.9	0.9 3.9	0.85	0.95	3.85	3.95	3209
0.9	4	0.9 4	0.85	0.95	3.95	4.05	3210
0.9	4.1	0.9 4.1	0.85	0.95	4.05	4.15	3211
0.9	4.2	0.9 4.2	0.85	0.95	4.15	4.25	3212
0.9	4.3	0.9 4.3	0.85	0.95	4.25	4.35	3213
0.9	4.4	0.9 4.4	0.85	0.95	4.35	4.45	3214
0.9	4.5	0.9 4.5	0.85	0.95	4.45	4.55	3215
0.9	4.6	0.9 4.6	0.85	0.95	4.55	4.65	3216
0.9	4.7	0.9 4.7	0.85	0.95	4.65	4.75	3217
0.9	4.8	0.9 4.8	0.85	0.95	4.75	4.85	3218
0.9	4.9	0.9 4.9	0.85	0.95	4.85	4.95	3219
0.9	5	0.9 5	0.85	0.95	4.95	5.05	3220
0.9	5.1	0.9 5.1	0.85	0.95	5.05	5.15	3221
0.9	5.2	0.9 5.2	0.85	0.95	5.15	5.25	3222
0.9	5.3	0.9 5.3	0.85	0.95	5.25	5.35	3223
0.9	5.4	0.9 5.4	0.85	0.95	5.35	5.45	3224
0.9	5.5	0.9 5.5	0.85	0.95	5.45	5.55	3225
0.9	5.6	0.9 5.6	0.85	0.95	5.55	5.65	3226
0.9	5.7	0.9 5.7	0.85	0.95	5.65	5.75	3227
0.9	5.8	0.9 5.8	0.85	0.95	5.75	5.85	3228
0.9	5.9	0.9 5.9	0.85	0.95	5.85	5.95	3229
0.9	6	0.9 6	0.85	0.95	5.95	6.05	3230
0.9	6.1	0.9 6.1	0.85	0.95	6.05	6.15	3231
0.9	6.2	0.9 6.2	0.85	0.95	6.15	6.25	3232
0.9	6.3	0.9 6.3	0.85	0.95	6.25	6.35	3233
0.9	6.4	0.9 6.4	0.85	0.95	6.35	6.45	3234
0.9	6.5	0.9 6.5	0.85	0.95	6.45	6.55	3235
0.9	6.6	0.9 6.6	0.85	0.95	6.55	6.65	3236
0.9	6.7	0.9 6.7	0.85	0.95	6.65	6.75	3237
0.9	6.8	0.9 6.8	0.85	0.95	6.75	6.85	3238
0.9	6.9	0.9 6.9	0.85	0.95	6.85	6.95	3239
0.9	7	0.9 7	0.85	0.95	6.95	7.05	3240
1	-1	1 -1	0.95	1.05	-1.05	-0.95	3241
1	-0.9	1 -0.9	0.95	1.05	-0.95	-0.85	3242
1	-0.8	1 -0.8	0.95	1.05	-0.85	-0.75	3243
1	-0.7	1 -0.7	0.95	1.05	-0.75	-0.65	3244
1	-0.6	1 -0.6	0.95	1.05	-0.65	-0.55	3245
1	-0.5	1 -0.5	0.95	1.05	-0.55	-0.45	3246
1	-0.4	1 -0.4	0.95	1.05	-0.45	-0.35	3247
1	-0.3	1 -0.3	0.95	1.05	-0.35	-0.25	3248
1	-0.2	1 -0.2	0.95	1.05	-0.25	-0.15	3249
1	-0.1	1 -0.1	0.95	1.05	-0.15	-0.0500000000000002	3250
1	0	1 0	0.95	1.05	-0.0499999999999998	0.0499999999999998	3251
1	0.1	1 0.1	0.95	1.05	0.0500000000000003	0.15	3252
1	0.2	1 0.2	0.95	1.05	0.15	0.25	3253
1	0.3	1 0.3	0.95	1.05	0.25	0.35	3254
1	0.4	1 0.4	0.95	1.05	0.35	0.45	3255
1	0.5	1 0.5	0.95	1.05	0.45	0.55	3256
1	0.6	1 0.6	0.95	1.05	0.55	0.65	3257
1	0.7	1 0.7	0.95	1.05	0.65	0.75	3258
1	0.8	1 0.8	0.95	1.05	0.75	0.85	3259
1	0.9	1 0.9	0.95	1.05	0.85	0.95	3260
1	1	1 1	0.95	1.05	0.95	1.05	3261
1	1.1	1 1.1	0.95	1.05	1.05	1.15	3262
1	1.2	1 1.2	0.95	1.05	1.15	1.25	3263
1	1.3	1 1.3	0.95	1.05	1.25	1.35	3264
1	1.4	1 1.4	0.95	1.05	1.35	1.45	3265
1	1.5	1 1.5	0.95	1.05	1.45	1.55	3266
1	1.6	1 1.6	0.95	1.05	1.55	1.65	3267
1	1.7	1 1.7	0.95	1.05	1.65	1.75	3268
1	1.8	1 1.8	0.95	1.05	1.75	1.85	3269
1	1.9	1 1.9	0.95	1.05	1.85	1.95	3270
1	2	1 2	0.95	1.05	1.95	2.05	3271
1	2.1	1 2.1	0.95	1.05	2.05	2.15	3272
1	2.2	1 2.2	0.95	1.05	2.15	2.25	3273
1	2.3	1 2.3	0.95	1.05	2.25	2.35	3274
1	2.4	1 2.4	0.95	1.05	2.35	2.45	3275
1	2.5	1 2.5	0.95	1.05	2.45	2.55	3276
1	2.6	1 2.6	0.95	1.05	2.55	2.65	3277
1	2.7	1 2.7	0.95	1.05	2.65	2.75	3278
1	2.8	1 2.8	0.95	1.05	2.75	2.85	3279
1	2.9	1 2.9	0.95	1.05	2.85	2.95	3280
1	3	1 3	0.95	1.05	2.95	3.05	3281
1	3.1	1 3.1	0.95	1.05	3.05	3.15	3282
1	3.2	1 3.2	0.95	1.05	3.15	3.25	3283
1	3.3	1 3.3	0.95	1.05	3.25	3.35	3284
1	3.4	1 3.4	0.95	1.05	3.35	3.45	3285
1	3.5	1 3.5	0.95	1.05	3.45	3.55	3286
1	3.6	1 3.6	0.95	1.05	3.55	3.65	3287
1	3.7	1 3.7	0.95	1.05	3.65	3.75	3288
1	3.8	1 3.8	0.95	1.05	3.75	3.85	3289
1	3.9	1 3.9	0.95	1.05	3.85	3.95	3290
1	4	1 4	0.95	1.05	3.95	4.05	3291
1	4.1	1 4.1	0.95	1.05	4.05	4.15	3292
1	4.2	1 4.2	0.95	1.05	4.15	4.25	3293
1	4.3	1 4.3	0.95	1.05	4.25	4.35	3294
1	4.4	1 4.4	0.95	1.05	4.35	4.45	3295
1	4.5	1 4.5	0.95	1.05	4.45	4.55	3296
1	4.6	1 4.6	0.95	1.05	4.55	4.65	3297
1	4.7	1 4.7	0.95	1.05	4.65	4.75	3298
1	4.8	1 4.8	0.95	1.05	4.75	4.85	3299
1	4.9	1 4.9	0.95	1.05	4.85	4.95	3300
1	5	1 5	0.95	1.05	4.95	5.05	3301
1	5.1	1 5.1	0.95	1.05	5.05	5.15	3302
1	5.2	1 5.2	0.95	1.05	5.15	5.25	3303
1	5.3	1 5.3	0.95	1.05	5.25	5.35	3304
1	5.4	1 5.4	0.95	1.05	5.35	5.45	3305
1	5.5	1 5.5	0.95	1.05	5.45	5.55	3306
1	5.6	1 5.6	0.95	1.05	5.55	5.65	3307
1	5.7	1 5.7	0.95	1.05	5.65	5.75	3308
1	5.8	1 5.8	0.95	1.05	5.75	5.85	3309
1	5.9	1 5.9	0.95	1.05	5.85	5.95	3310
1	6	1 6	0.95	1.05	5.95	6.05	3311
1	6.1	1 6.1	0.95	1.05	6.05	6.15	3312
1	6.2	1 6.2	0.95	1.05	6.15	6.25	3313
1	6.3	1 6.3	0.95	1.05	6.25	6.35	3314
1	6.4	1 6.4	0.95	1.05	6.35	6.45	3315
1	6.5	1 6.5	0.95	1.05	6.45	6.55	3316
1	6.6	1 6.6	0.95	1.05	6.55	6.65	3317
1	6.7	1 6.7	0.95	1.05	6.65	6.75	3318
1	6.8	1 6.8	0.95	1.05	6.75	6.85	3319
1	6.9	1 6.9	0.95	1.05	6.85	6.95	3320
1	7	1 7	0.95	1.05	6.95	7.05	3321
1.1	-1	1.1 -1	1.05	1.15	-1.05	-0.95	3322
1.1	-0.9	1.1 -0.9	1.05	1.15	-0.95	-0.85	3323
1.1	-0.8	1.1 -0.8	1.05	1.15	-0.85	-0.75	3324
1.1	-0.7	1.1 -0.7	1.05	1.15	-0.75	-0.65	3325
1.1	-0.6	1.1 -0.6	1.05	1.15	-0.65	-0.55	3326
1.1	-0.5	1.1 -0.5	1.05	1.15	-0.55	-0.45	3327
1.1	-0.4	1.1 -0.4	1.05	1.15	-0.45	-0.35	3328
1.1	-0.3	1.1 -0.3	1.05	1.15	-0.35	-0.25	3329
1.1	-0.2	1.1 -0.2	1.05	1.15	-0.25	-0.15	3330
1.1	-0.1	1.1 -0.1	1.05	1.15	-0.15	-0.0500000000000002	3331
1.1	0	1.1 0	1.05	1.15	-0.0499999999999998	0.0499999999999998	3332
1.1	0.1	1.1 0.1	1.05	1.15	0.0500000000000003	0.15	3333
1.1	0.2	1.1 0.2	1.05	1.15	0.15	0.25	3334
1.1	0.3	1.1 0.3	1.05	1.15	0.25	0.35	3335
1.1	0.4	1.1 0.4	1.05	1.15	0.35	0.45	3336
1.1	0.5	1.1 0.5	1.05	1.15	0.45	0.55	3337
1.1	0.6	1.1 0.6	1.05	1.15	0.55	0.65	3338
1.1	0.7	1.1 0.7	1.05	1.15	0.65	0.75	3339
1.1	0.8	1.1 0.8	1.05	1.15	0.75	0.85	3340
1.1	0.9	1.1 0.9	1.05	1.15	0.85	0.95	3341
1.1	1	1.1 1	1.05	1.15	0.95	1.05	3342
1.1	1.1	1.1 1.1	1.05	1.15	1.05	1.15	3343
1.1	1.2	1.1 1.2	1.05	1.15	1.15	1.25	3344
1.1	1.3	1.1 1.3	1.05	1.15	1.25	1.35	3345
1.1	1.4	1.1 1.4	1.05	1.15	1.35	1.45	3346
1.1	1.5	1.1 1.5	1.05	1.15	1.45	1.55	3347
1.1	1.6	1.1 1.6	1.05	1.15	1.55	1.65	3348
1.1	1.7	1.1 1.7	1.05	1.15	1.65	1.75	3349
1.1	1.8	1.1 1.8	1.05	1.15	1.75	1.85	3350
1.1	1.9	1.1 1.9	1.05	1.15	1.85	1.95	3351
1.1	2	1.1 2	1.05	1.15	1.95	2.05	3352
1.1	2.1	1.1 2.1	1.05	1.15	2.05	2.15	3353
1.1	2.2	1.1 2.2	1.05	1.15	2.15	2.25	3354
1.1	2.3	1.1 2.3	1.05	1.15	2.25	2.35	3355
1.1	2.4	1.1 2.4	1.05	1.15	2.35	2.45	3356
1.1	2.5	1.1 2.5	1.05	1.15	2.45	2.55	3357
1.1	2.6	1.1 2.6	1.05	1.15	2.55	2.65	3358
1.1	2.7	1.1 2.7	1.05	1.15	2.65	2.75	3359
1.1	2.8	1.1 2.8	1.05	1.15	2.75	2.85	3360
1.1	2.9	1.1 2.9	1.05	1.15	2.85	2.95	3361
1.1	3	1.1 3	1.05	1.15	2.95	3.05	3362
1.1	3.1	1.1 3.1	1.05	1.15	3.05	3.15	3363
1.1	3.2	1.1 3.2	1.05	1.15	3.15	3.25	3364
1.1	3.3	1.1 3.3	1.05	1.15	3.25	3.35	3365
1.1	3.4	1.1 3.4	1.05	1.15	3.35	3.45	3366
1.1	3.5	1.1 3.5	1.05	1.15	3.45	3.55	3367
1.1	3.6	1.1 3.6	1.05	1.15	3.55	3.65	3368
1.1	3.7	1.1 3.7	1.05	1.15	3.65	3.75	3369
1.1	3.8	1.1 3.8	1.05	1.15	3.75	3.85	3370
1.1	3.9	1.1 3.9	1.05	1.15	3.85	3.95	3371
1.1	4	1.1 4	1.05	1.15	3.95	4.05	3372
1.1	4.1	1.1 4.1	1.05	1.15	4.05	4.15	3373
1.1	4.2	1.1 4.2	1.05	1.15	4.15	4.25	3374
1.1	4.3	1.1 4.3	1.05	1.15	4.25	4.35	3375
1.1	4.4	1.1 4.4	1.05	1.15	4.35	4.45	3376
1.1	4.5	1.1 4.5	1.05	1.15	4.45	4.55	3377
1.1	4.6	1.1 4.6	1.05	1.15	4.55	4.65	3378
1.1	4.7	1.1 4.7	1.05	1.15	4.65	4.75	3379
1.1	4.8	1.1 4.8	1.05	1.15	4.75	4.85	3380
1.1	4.9	1.1 4.9	1.05	1.15	4.85	4.95	3381
1.1	5	1.1 5	1.05	1.15	4.95	5.05	3382
1.1	5.1	1.1 5.1	1.05	1.15	5.05	5.15	3383
1.1	5.2	1.1 5.2	1.05	1.15	5.15	5.25	3384
1.1	5.3	1.1 5.3	1.05	1.15	5.25	5.35	3385
1.1	5.4	1.1 5.4	1.05	1.15	5.35	5.45	3386
1.1	5.5	1.1 5.5	1.05	1.15	5.45	5.55	3387
1.1	5.6	1.1 5.6	1.05	1.15	5.55	5.65	3388
1.1	5.7	1.1 5.7	1.05	1.15	5.65	5.75	3389
1.1	5.8	1.1 5.8	1.05	1.15	5.75	5.85	3390
1.1	5.9	1.1 5.9	1.05	1.15	5.85	5.95	3391
1.1	6	1.1 6	1.05	1.15	5.95	6.05	3392
1.1	6.1	1.1 6.1	1.05	1.15	6.05	6.15	3393
1.1	6.2	1.1 6.2	1.05	1.15	6.15	6.25	3394
1.1	6.3	1.1 6.3	1.05	1.15	6.25	6.35	3395
1.1	6.4	1.1 6.4	1.05	1.15	6.35	6.45	3396
1.1	6.5	1.1 6.5	1.05	1.15	6.45	6.55	3397
1.1	6.6	1.1 6.6	1.05	1.15	6.55	6.65	3398
1.1	6.7	1.1 6.7	1.05	1.15	6.65	6.75	3399
1.1	6.8	1.1 6.8	1.05	1.15	6.75	6.85	3400
1.1	6.9	1.1 6.9	1.05	1.15	6.85	6.95	3401
1.1	7	1.1 7	1.05	1.15	6.95	7.05	3402
1.2	-1	1.2 -1	1.15	1.25	-1.05	-0.95	3403
1.2	-0.9	1.2 -0.9	1.15	1.25	-0.95	-0.85	3404
1.2	-0.8	1.2 -0.8	1.15	1.25	-0.85	-0.75	3405
1.2	-0.7	1.2 -0.7	1.15	1.25	-0.75	-0.65	3406
1.2	-0.6	1.2 -0.6	1.15	1.25	-0.65	-0.55	3407
1.2	-0.5	1.2 -0.5	1.15	1.25	-0.55	-0.45	3408
1.2	-0.4	1.2 -0.4	1.15	1.25	-0.45	-0.35	3409
1.2	-0.3	1.2 -0.3	1.15	1.25	-0.35	-0.25	3410
1.2	-0.2	1.2 -0.2	1.15	1.25	-0.25	-0.15	3411
1.2	-0.1	1.2 -0.1	1.15	1.25	-0.15	-0.0500000000000002	3412
1.2	0	1.2 0	1.15	1.25	-0.0499999999999998	0.0499999999999998	3413
1.2	0.1	1.2 0.1	1.15	1.25	0.0500000000000003	0.15	3414
1.2	0.2	1.2 0.2	1.15	1.25	0.15	0.25	3415
1.2	0.3	1.2 0.3	1.15	1.25	0.25	0.35	3416
1.2	0.4	1.2 0.4	1.15	1.25	0.35	0.45	3417
1.2	0.5	1.2 0.5	1.15	1.25	0.45	0.55	3418
1.2	0.6	1.2 0.6	1.15	1.25	0.55	0.65	3419
1.2	0.7	1.2 0.7	1.15	1.25	0.65	0.75	3420
1.2	0.8	1.2 0.8	1.15	1.25	0.75	0.85	3421
1.2	0.9	1.2 0.9	1.15	1.25	0.85	0.95	3422
1.2	1	1.2 1	1.15	1.25	0.95	1.05	3423
1.2	1.1	1.2 1.1	1.15	1.25	1.05	1.15	3424
1.2	1.2	1.2 1.2	1.15	1.25	1.15	1.25	3425
1.2	1.3	1.2 1.3	1.15	1.25	1.25	1.35	3426
1.2	1.4	1.2 1.4	1.15	1.25	1.35	1.45	3427
1.2	1.5	1.2 1.5	1.15	1.25	1.45	1.55	3428
1.2	1.6	1.2 1.6	1.15	1.25	1.55	1.65	3429
1.2	1.7	1.2 1.7	1.15	1.25	1.65	1.75	3430
1.2	1.8	1.2 1.8	1.15	1.25	1.75	1.85	3431
1.2	1.9	1.2 1.9	1.15	1.25	1.85	1.95	3432
1.2	2	1.2 2	1.15	1.25	1.95	2.05	3433
1.2	2.1	1.2 2.1	1.15	1.25	2.05	2.15	3434
1.2	2.2	1.2 2.2	1.15	1.25	2.15	2.25	3435
1.2	2.3	1.2 2.3	1.15	1.25	2.25	2.35	3436
1.2	2.4	1.2 2.4	1.15	1.25	2.35	2.45	3437
1.2	2.5	1.2 2.5	1.15	1.25	2.45	2.55	3438
1.2	2.6	1.2 2.6	1.15	1.25	2.55	2.65	3439
1.2	2.7	1.2 2.7	1.15	1.25	2.65	2.75	3440
1.2	2.8	1.2 2.8	1.15	1.25	2.75	2.85	3441
1.2	2.9	1.2 2.9	1.15	1.25	2.85	2.95	3442
1.2	3	1.2 3	1.15	1.25	2.95	3.05	3443
1.2	3.1	1.2 3.1	1.15	1.25	3.05	3.15	3444
1.2	3.2	1.2 3.2	1.15	1.25	3.15	3.25	3445
1.2	3.3	1.2 3.3	1.15	1.25	3.25	3.35	3446
1.2	3.4	1.2 3.4	1.15	1.25	3.35	3.45	3447
1.2	3.5	1.2 3.5	1.15	1.25	3.45	3.55	3448
1.2	3.6	1.2 3.6	1.15	1.25	3.55	3.65	3449
1.2	3.7	1.2 3.7	1.15	1.25	3.65	3.75	3450
1.2	3.8	1.2 3.8	1.15	1.25	3.75	3.85	3451
1.2	3.9	1.2 3.9	1.15	1.25	3.85	3.95	3452
1.2	4	1.2 4	1.15	1.25	3.95	4.05	3453
1.2	4.1	1.2 4.1	1.15	1.25	4.05	4.15	3454
1.2	4.2	1.2 4.2	1.15	1.25	4.15	4.25	3455
1.2	4.3	1.2 4.3	1.15	1.25	4.25	4.35	3456
1.2	4.4	1.2 4.4	1.15	1.25	4.35	4.45	3457
1.2	4.5	1.2 4.5	1.15	1.25	4.45	4.55	3458
1.2	4.6	1.2 4.6	1.15	1.25	4.55	4.65	3459
1.2	4.7	1.2 4.7	1.15	1.25	4.65	4.75	3460
1.2	4.8	1.2 4.8	1.15	1.25	4.75	4.85	3461
1.2	4.9	1.2 4.9	1.15	1.25	4.85	4.95	3462
1.2	5	1.2 5	1.15	1.25	4.95	5.05	3463
1.2	5.1	1.2 5.1	1.15	1.25	5.05	5.15	3464
1.2	5.2	1.2 5.2	1.15	1.25	5.15	5.25	3465
1.2	5.3	1.2 5.3	1.15	1.25	5.25	5.35	3466
1.2	5.4	1.2 5.4	1.15	1.25	5.35	5.45	3467
1.2	5.5	1.2 5.5	1.15	1.25	5.45	5.55	3468
1.2	5.6	1.2 5.6	1.15	1.25	5.55	5.65	3469
1.2	5.7	1.2 5.7	1.15	1.25	5.65	5.75	3470
1.2	5.8	1.2 5.8	1.15	1.25	5.75	5.85	3471
1.2	5.9	1.2 5.9	1.15	1.25	5.85	5.95	3472
1.2	6	1.2 6	1.15	1.25	5.95	6.05	3473
1.2	6.1	1.2 6.1	1.15	1.25	6.05	6.15	3474
1.2	6.2	1.2 6.2	1.15	1.25	6.15	6.25	3475
1.2	6.3	1.2 6.3	1.15	1.25	6.25	6.35	3476
1.2	6.4	1.2 6.4	1.15	1.25	6.35	6.45	3477
1.2	6.5	1.2 6.5	1.15	1.25	6.45	6.55	3478
1.2	6.6	1.2 6.6	1.15	1.25	6.55	6.65	3479
1.2	6.7	1.2 6.7	1.15	1.25	6.65	6.75	3480
1.2	6.8	1.2 6.8	1.15	1.25	6.75	6.85	3481
1.2	6.9	1.2 6.9	1.15	1.25	6.85	6.95	3482
1.2	7	1.2 7	1.15	1.25	6.95	7.05	3483
1.3	-1	1.3 -1	1.25	1.35	-1.05	-0.95	3484
1.3	-0.9	1.3 -0.9	1.25	1.35	-0.95	-0.85	3485
1.3	-0.8	1.3 -0.8	1.25	1.35	-0.85	-0.75	3486
1.3	-0.7	1.3 -0.7	1.25	1.35	-0.75	-0.65	3487
1.3	-0.6	1.3 -0.6	1.25	1.35	-0.65	-0.55	3488
1.3	-0.5	1.3 -0.5	1.25	1.35	-0.55	-0.45	3489
1.3	-0.4	1.3 -0.4	1.25	1.35	-0.45	-0.35	3490
1.3	-0.3	1.3 -0.3	1.25	1.35	-0.35	-0.25	3491
1.3	-0.2	1.3 -0.2	1.25	1.35	-0.25	-0.15	3492
1.3	-0.1	1.3 -0.1	1.25	1.35	-0.15	-0.0500000000000002	3493
1.3	0	1.3 0	1.25	1.35	-0.0499999999999998	0.0499999999999998	3494
1.3	0.1	1.3 0.1	1.25	1.35	0.0500000000000003	0.15	3495
1.3	0.2	1.3 0.2	1.25	1.35	0.15	0.25	3496
1.3	0.3	1.3 0.3	1.25	1.35	0.25	0.35	3497
1.3	0.4	1.3 0.4	1.25	1.35	0.35	0.45	3498
1.3	0.5	1.3 0.5	1.25	1.35	0.45	0.55	3499
1.3	0.6	1.3 0.6	1.25	1.35	0.55	0.65	3500
1.3	0.7	1.3 0.7	1.25	1.35	0.65	0.75	3501
1.3	0.8	1.3 0.8	1.25	1.35	0.75	0.85	3502
1.3	0.9	1.3 0.9	1.25	1.35	0.85	0.95	3503
1.3	1	1.3 1	1.25	1.35	0.95	1.05	3504
1.3	1.1	1.3 1.1	1.25	1.35	1.05	1.15	3505
1.3	1.2	1.3 1.2	1.25	1.35	1.15	1.25	3506
1.3	1.3	1.3 1.3	1.25	1.35	1.25	1.35	3507
1.3	1.4	1.3 1.4	1.25	1.35	1.35	1.45	3508
1.3	1.5	1.3 1.5	1.25	1.35	1.45	1.55	3509
1.3	1.6	1.3 1.6	1.25	1.35	1.55	1.65	3510
1.3	1.7	1.3 1.7	1.25	1.35	1.65	1.75	3511
1.3	1.8	1.3 1.8	1.25	1.35	1.75	1.85	3512
1.3	1.9	1.3 1.9	1.25	1.35	1.85	1.95	3513
1.3	2	1.3 2	1.25	1.35	1.95	2.05	3514
1.3	2.1	1.3 2.1	1.25	1.35	2.05	2.15	3515
1.3	2.2	1.3 2.2	1.25	1.35	2.15	2.25	3516
1.3	2.3	1.3 2.3	1.25	1.35	2.25	2.35	3517
1.3	2.4	1.3 2.4	1.25	1.35	2.35	2.45	3518
1.3	2.5	1.3 2.5	1.25	1.35	2.45	2.55	3519
1.3	2.6	1.3 2.6	1.25	1.35	2.55	2.65	3520
1.3	2.7	1.3 2.7	1.25	1.35	2.65	2.75	3521
1.3	2.8	1.3 2.8	1.25	1.35	2.75	2.85	3522
1.3	2.9	1.3 2.9	1.25	1.35	2.85	2.95	3523
1.3	3	1.3 3	1.25	1.35	2.95	3.05	3524
1.3	3.1	1.3 3.1	1.25	1.35	3.05	3.15	3525
1.3	3.2	1.3 3.2	1.25	1.35	3.15	3.25	3526
1.3	3.3	1.3 3.3	1.25	1.35	3.25	3.35	3527
1.3	3.4	1.3 3.4	1.25	1.35	3.35	3.45	3528
1.3	3.5	1.3 3.5	1.25	1.35	3.45	3.55	3529
1.3	3.6	1.3 3.6	1.25	1.35	3.55	3.65	3530
1.3	3.7	1.3 3.7	1.25	1.35	3.65	3.75	3531
1.3	3.8	1.3 3.8	1.25	1.35	3.75	3.85	3532
1.3	3.9	1.3 3.9	1.25	1.35	3.85	3.95	3533
1.3	4	1.3 4	1.25	1.35	3.95	4.05	3534
1.3	4.1	1.3 4.1	1.25	1.35	4.05	4.15	3535
1.3	4.2	1.3 4.2	1.25	1.35	4.15	4.25	3536
1.3	4.3	1.3 4.3	1.25	1.35	4.25	4.35	3537
1.3	4.4	1.3 4.4	1.25	1.35	4.35	4.45	3538
1.3	4.5	1.3 4.5	1.25	1.35	4.45	4.55	3539
1.3	4.6	1.3 4.6	1.25	1.35	4.55	4.65	3540
1.3	4.7	1.3 4.7	1.25	1.35	4.65	4.75	3541
1.3	4.8	1.3 4.8	1.25	1.35	4.75	4.85	3542
1.3	4.9	1.3 4.9	1.25	1.35	4.85	4.95	3543
1.3	5	1.3 5	1.25	1.35	4.95	5.05	3544
1.3	5.1	1.3 5.1	1.25	1.35	5.05	5.15	3545
1.3	5.2	1.3 5.2	1.25	1.35	5.15	5.25	3546
1.3	5.3	1.3 5.3	1.25	1.35	5.25	5.35	3547
1.3	5.4	1.3 5.4	1.25	1.35	5.35	5.45	3548
1.3	5.5	1.3 5.5	1.25	1.35	5.45	5.55	3549
1.3	5.6	1.3 5.6	1.25	1.35	5.55	5.65	3550
1.3	5.7	1.3 5.7	1.25	1.35	5.65	5.75	3551
1.3	5.8	1.3 5.8	1.25	1.35	5.75	5.85	3552
1.3	5.9	1.3 5.9	1.25	1.35	5.85	5.95	3553
1.3	6	1.3 6	1.25	1.35	5.95	6.05	3554
1.3	6.1	1.3 6.1	1.25	1.35	6.05	6.15	3555
1.3	6.2	1.3 6.2	1.25	1.35	6.15	6.25	3556
1.3	6.3	1.3 6.3	1.25	1.35	6.25	6.35	3557
1.3	6.4	1.3 6.4	1.25	1.35	6.35	6.45	3558
1.3	6.5	1.3 6.5	1.25	1.35	6.45	6.55	3559
1.3	6.6	1.3 6.6	1.25	1.35	6.55	6.65	3560
1.3	6.7	1.3 6.7	1.25	1.35	6.65	6.75	3561
1.3	6.8	1.3 6.8	1.25	1.35	6.75	6.85	3562
1.3	6.9	1.3 6.9	1.25	1.35	6.85	6.95	3563
1.3	7	1.3 7	1.25	1.35	6.95	7.05	3564
1.4	-1	1.4 -1	1.35	1.45	-1.05	-0.95	3565
1.4	-0.9	1.4 -0.9	1.35	1.45	-0.95	-0.85	3566
1.4	-0.8	1.4 -0.8	1.35	1.45	-0.85	-0.75	3567
1.4	-0.7	1.4 -0.7	1.35	1.45	-0.75	-0.65	3568
1.4	-0.6	1.4 -0.6	1.35	1.45	-0.65	-0.55	3569
1.4	-0.5	1.4 -0.5	1.35	1.45	-0.55	-0.45	3570
1.4	-0.4	1.4 -0.4	1.35	1.45	-0.45	-0.35	3571
1.4	-0.3	1.4 -0.3	1.35	1.45	-0.35	-0.25	3572
1.4	-0.2	1.4 -0.2	1.35	1.45	-0.25	-0.15	3573
1.4	-0.1	1.4 -0.1	1.35	1.45	-0.15	-0.0500000000000002	3574
1.4	0	1.4 0	1.35	1.45	-0.0499999999999998	0.0499999999999998	3575
1.4	0.1	1.4 0.1	1.35	1.45	0.0500000000000003	0.15	3576
1.4	0.2	1.4 0.2	1.35	1.45	0.15	0.25	3577
1.4	0.3	1.4 0.3	1.35	1.45	0.25	0.35	3578
1.4	0.4	1.4 0.4	1.35	1.45	0.35	0.45	3579
1.4	0.5	1.4 0.5	1.35	1.45	0.45	0.55	3580
1.4	0.6	1.4 0.6	1.35	1.45	0.55	0.65	3581
1.4	0.7	1.4 0.7	1.35	1.45	0.65	0.75	3582
1.4	0.8	1.4 0.8	1.35	1.45	0.75	0.85	3583
1.4	0.9	1.4 0.9	1.35	1.45	0.85	0.95	3584
1.4	1	1.4 1	1.35	1.45	0.95	1.05	3585
1.4	1.1	1.4 1.1	1.35	1.45	1.05	1.15	3586
1.4	1.2	1.4 1.2	1.35	1.45	1.15	1.25	3587
1.4	1.3	1.4 1.3	1.35	1.45	1.25	1.35	3588
1.4	1.4	1.4 1.4	1.35	1.45	1.35	1.45	3589
1.4	1.5	1.4 1.5	1.35	1.45	1.45	1.55	3590
1.4	1.6	1.4 1.6	1.35	1.45	1.55	1.65	3591
1.4	1.7	1.4 1.7	1.35	1.45	1.65	1.75	3592
1.4	1.8	1.4 1.8	1.35	1.45	1.75	1.85	3593
1.4	1.9	1.4 1.9	1.35	1.45	1.85	1.95	3594
1.4	2	1.4 2	1.35	1.45	1.95	2.05	3595
1.4	2.1	1.4 2.1	1.35	1.45	2.05	2.15	3596
1.4	2.2	1.4 2.2	1.35	1.45	2.15	2.25	3597
1.4	2.3	1.4 2.3	1.35	1.45	2.25	2.35	3598
1.4	2.4	1.4 2.4	1.35	1.45	2.35	2.45	3599
1.4	2.5	1.4 2.5	1.35	1.45	2.45	2.55	3600
1.4	2.6	1.4 2.6	1.35	1.45	2.55	2.65	3601
1.4	2.7	1.4 2.7	1.35	1.45	2.65	2.75	3602
1.4	2.8	1.4 2.8	1.35	1.45	2.75	2.85	3603
1.4	2.9	1.4 2.9	1.35	1.45	2.85	2.95	3604
1.4	3	1.4 3	1.35	1.45	2.95	3.05	3605
1.4	3.1	1.4 3.1	1.35	1.45	3.05	3.15	3606
1.4	3.2	1.4 3.2	1.35	1.45	3.15	3.25	3607
1.4	3.3	1.4 3.3	1.35	1.45	3.25	3.35	3608
1.4	3.4	1.4 3.4	1.35	1.45	3.35	3.45	3609
1.4	3.5	1.4 3.5	1.35	1.45	3.45	3.55	3610
1.4	3.6	1.4 3.6	1.35	1.45	3.55	3.65	3611
1.4	3.7	1.4 3.7	1.35	1.45	3.65	3.75	3612
1.4	3.8	1.4 3.8	1.35	1.45	3.75	3.85	3613
1.4	3.9	1.4 3.9	1.35	1.45	3.85	3.95	3614
1.4	4	1.4 4	1.35	1.45	3.95	4.05	3615
1.4	4.1	1.4 4.1	1.35	1.45	4.05	4.15	3616
1.4	4.2	1.4 4.2	1.35	1.45	4.15	4.25	3617
1.4	4.3	1.4 4.3	1.35	1.45	4.25	4.35	3618
1.4	4.4	1.4 4.4	1.35	1.45	4.35	4.45	3619
1.4	4.5	1.4 4.5	1.35	1.45	4.45	4.55	3620
1.4	4.6	1.4 4.6	1.35	1.45	4.55	4.65	3621
1.4	4.7	1.4 4.7	1.35	1.45	4.65	4.75	3622
1.4	4.8	1.4 4.8	1.35	1.45	4.75	4.85	3623
1.4	4.9	1.4 4.9	1.35	1.45	4.85	4.95	3624
1.4	5	1.4 5	1.35	1.45	4.95	5.05	3625
1.4	5.1	1.4 5.1	1.35	1.45	5.05	5.15	3626
1.4	5.2	1.4 5.2	1.35	1.45	5.15	5.25	3627
1.4	5.3	1.4 5.3	1.35	1.45	5.25	5.35	3628
1.4	5.4	1.4 5.4	1.35	1.45	5.35	5.45	3629
1.4	5.5	1.4 5.5	1.35	1.45	5.45	5.55	3630
1.4	5.6	1.4 5.6	1.35	1.45	5.55	5.65	3631
1.4	5.7	1.4 5.7	1.35	1.45	5.65	5.75	3632
1.4	5.8	1.4 5.8	1.35	1.45	5.75	5.85	3633
1.4	5.9	1.4 5.9	1.35	1.45	5.85	5.95	3634
1.4	6	1.4 6	1.35	1.45	5.95	6.05	3635
1.4	6.1	1.4 6.1	1.35	1.45	6.05	6.15	3636
1.4	6.2	1.4 6.2	1.35	1.45	6.15	6.25	3637
1.4	6.3	1.4 6.3	1.35	1.45	6.25	6.35	3638
1.4	6.4	1.4 6.4	1.35	1.45	6.35	6.45	3639
1.4	6.5	1.4 6.5	1.35	1.45	6.45	6.55	3640
1.4	6.6	1.4 6.6	1.35	1.45	6.55	6.65	3641
1.4	6.7	1.4 6.7	1.35	1.45	6.65	6.75	3642
1.4	6.8	1.4 6.8	1.35	1.45	6.75	6.85	3643
1.4	6.9	1.4 6.9	1.35	1.45	6.85	6.95	3644
1.4	7	1.4 7	1.35	1.45	6.95	7.05	3645
1.5	-1	1.5 -1	1.45	1.55	-1.05	-0.95	3646
1.5	-0.9	1.5 -0.9	1.45	1.55	-0.95	-0.85	3647
1.5	-0.8	1.5 -0.8	1.45	1.55	-0.85	-0.75	3648
1.5	-0.7	1.5 -0.7	1.45	1.55	-0.75	-0.65	3649
1.5	-0.6	1.5 -0.6	1.45	1.55	-0.65	-0.55	3650
1.5	-0.5	1.5 -0.5	1.45	1.55	-0.55	-0.45	3651
1.5	-0.4	1.5 -0.4	1.45	1.55	-0.45	-0.35	3652
1.5	-0.3	1.5 -0.3	1.45	1.55	-0.35	-0.25	3653
1.5	-0.2	1.5 -0.2	1.45	1.55	-0.25	-0.15	3654
1.5	-0.1	1.5 -0.1	1.45	1.55	-0.15	-0.0500000000000002	3655
1.5	0	1.5 0	1.45	1.55	-0.0499999999999998	0.0499999999999998	3656
1.5	0.1	1.5 0.1	1.45	1.55	0.0500000000000003	0.15	3657
1.5	0.2	1.5 0.2	1.45	1.55	0.15	0.25	3658
1.5	0.3	1.5 0.3	1.45	1.55	0.25	0.35	3659
1.5	0.4	1.5 0.4	1.45	1.55	0.35	0.45	3660
1.5	0.5	1.5 0.5	1.45	1.55	0.45	0.55	3661
1.5	0.6	1.5 0.6	1.45	1.55	0.55	0.65	3662
1.5	0.7	1.5 0.7	1.45	1.55	0.65	0.75	3663
1.5	0.8	1.5 0.8	1.45	1.55	0.75	0.85	3664
1.5	0.9	1.5 0.9	1.45	1.55	0.85	0.95	3665
1.5	1	1.5 1	1.45	1.55	0.95	1.05	3666
1.5	1.1	1.5 1.1	1.45	1.55	1.05	1.15	3667
1.5	1.2	1.5 1.2	1.45	1.55	1.15	1.25	3668
1.5	1.3	1.5 1.3	1.45	1.55	1.25	1.35	3669
1.5	1.4	1.5 1.4	1.45	1.55	1.35	1.45	3670
1.5	1.5	1.5 1.5	1.45	1.55	1.45	1.55	3671
1.5	1.6	1.5 1.6	1.45	1.55	1.55	1.65	3672
1.5	1.7	1.5 1.7	1.45	1.55	1.65	1.75	3673
1.5	1.8	1.5 1.8	1.45	1.55	1.75	1.85	3674
1.5	1.9	1.5 1.9	1.45	1.55	1.85	1.95	3675
1.5	2	1.5 2	1.45	1.55	1.95	2.05	3676
1.5	2.1	1.5 2.1	1.45	1.55	2.05	2.15	3677
1.5	2.2	1.5 2.2	1.45	1.55	2.15	2.25	3678
1.5	2.3	1.5 2.3	1.45	1.55	2.25	2.35	3679
1.5	2.4	1.5 2.4	1.45	1.55	2.35	2.45	3680
1.5	2.5	1.5 2.5	1.45	1.55	2.45	2.55	3681
1.5	2.6	1.5 2.6	1.45	1.55	2.55	2.65	3682
1.5	2.7	1.5 2.7	1.45	1.55	2.65	2.75	3683
1.5	2.8	1.5 2.8	1.45	1.55	2.75	2.85	3684
1.5	2.9	1.5 2.9	1.45	1.55	2.85	2.95	3685
1.5	3	1.5 3	1.45	1.55	2.95	3.05	3686
1.5	3.1	1.5 3.1	1.45	1.55	3.05	3.15	3687
1.5	3.2	1.5 3.2	1.45	1.55	3.15	3.25	3688
1.5	3.3	1.5 3.3	1.45	1.55	3.25	3.35	3689
1.5	3.4	1.5 3.4	1.45	1.55	3.35	3.45	3690
1.5	3.5	1.5 3.5	1.45	1.55	3.45	3.55	3691
1.5	3.6	1.5 3.6	1.45	1.55	3.55	3.65	3692
1.5	3.7	1.5 3.7	1.45	1.55	3.65	3.75	3693
1.5	3.8	1.5 3.8	1.45	1.55	3.75	3.85	3694
1.5	3.9	1.5 3.9	1.45	1.55	3.85	3.95	3695
1.5	4	1.5 4	1.45	1.55	3.95	4.05	3696
1.5	4.1	1.5 4.1	1.45	1.55	4.05	4.15	3697
1.5	4.2	1.5 4.2	1.45	1.55	4.15	4.25	3698
1.5	4.3	1.5 4.3	1.45	1.55	4.25	4.35	3699
1.5	4.4	1.5 4.4	1.45	1.55	4.35	4.45	3700
1.5	4.5	1.5 4.5	1.45	1.55	4.45	4.55	3701
1.5	4.6	1.5 4.6	1.45	1.55	4.55	4.65	3702
1.5	4.7	1.5 4.7	1.45	1.55	4.65	4.75	3703
1.5	4.8	1.5 4.8	1.45	1.55	4.75	4.85	3704
1.5	4.9	1.5 4.9	1.45	1.55	4.85	4.95	3705
1.5	5	1.5 5	1.45	1.55	4.95	5.05	3706
1.5	5.1	1.5 5.1	1.45	1.55	5.05	5.15	3707
1.5	5.2	1.5 5.2	1.45	1.55	5.15	5.25	3708
1.5	5.3	1.5 5.3	1.45	1.55	5.25	5.35	3709
1.5	5.4	1.5 5.4	1.45	1.55	5.35	5.45	3710
1.5	5.5	1.5 5.5	1.45	1.55	5.45	5.55	3711
1.5	5.6	1.5 5.6	1.45	1.55	5.55	5.65	3712
1.5	5.7	1.5 5.7	1.45	1.55	5.65	5.75	3713
1.5	5.8	1.5 5.8	1.45	1.55	5.75	5.85	3714
1.5	5.9	1.5 5.9	1.45	1.55	5.85	5.95	3715
1.5	6	1.5 6	1.45	1.55	5.95	6.05	3716
1.5	6.1	1.5 6.1	1.45	1.55	6.05	6.15	3717
1.5	6.2	1.5 6.2	1.45	1.55	6.15	6.25	3718
1.5	6.3	1.5 6.3	1.45	1.55	6.25	6.35	3719
1.5	6.4	1.5 6.4	1.45	1.55	6.35	6.45	3720
1.5	6.5	1.5 6.5	1.45	1.55	6.45	6.55	3721
1.5	6.6	1.5 6.6	1.45	1.55	6.55	6.65	3722
1.5	6.7	1.5 6.7	1.45	1.55	6.65	6.75	3723
1.5	6.8	1.5 6.8	1.45	1.55	6.75	6.85	3724
1.5	6.9	1.5 6.9	1.45	1.55	6.85	6.95	3725
1.5	7	1.5 7	1.45	1.55	6.95	7.05	3726
1.6	-1	1.6 -1	1.55	1.65	-1.05	-0.95	3727
1.6	-0.9	1.6 -0.9	1.55	1.65	-0.95	-0.85	3728
1.6	-0.8	1.6 -0.8	1.55	1.65	-0.85	-0.75	3729
1.6	-0.7	1.6 -0.7	1.55	1.65	-0.75	-0.65	3730
1.6	-0.6	1.6 -0.6	1.55	1.65	-0.65	-0.55	3731
1.6	-0.5	1.6 -0.5	1.55	1.65	-0.55	-0.45	3732
1.6	-0.4	1.6 -0.4	1.55	1.65	-0.45	-0.35	3733
1.6	-0.3	1.6 -0.3	1.55	1.65	-0.35	-0.25	3734
1.6	-0.2	1.6 -0.2	1.55	1.65	-0.25	-0.15	3735
1.6	-0.1	1.6 -0.1	1.55	1.65	-0.15	-0.0500000000000002	3736
1.6	0	1.6 0	1.55	1.65	-0.0499999999999998	0.0499999999999998	3737
1.6	0.1	1.6 0.1	1.55	1.65	0.0500000000000003	0.15	3738
1.6	0.2	1.6 0.2	1.55	1.65	0.15	0.25	3739
1.6	0.3	1.6 0.3	1.55	1.65	0.25	0.35	3740
1.6	0.4	1.6 0.4	1.55	1.65	0.35	0.45	3741
1.6	0.5	1.6 0.5	1.55	1.65	0.45	0.55	3742
1.6	0.6	1.6 0.6	1.55	1.65	0.55	0.65	3743
1.6	0.7	1.6 0.7	1.55	1.65	0.65	0.75	3744
1.6	0.8	1.6 0.8	1.55	1.65	0.75	0.85	3745
1.6	0.9	1.6 0.9	1.55	1.65	0.85	0.95	3746
1.6	1	1.6 1	1.55	1.65	0.95	1.05	3747
1.6	1.1	1.6 1.1	1.55	1.65	1.05	1.15	3748
1.6	1.2	1.6 1.2	1.55	1.65	1.15	1.25	3749
1.6	1.3	1.6 1.3	1.55	1.65	1.25	1.35	3750
1.6	1.4	1.6 1.4	1.55	1.65	1.35	1.45	3751
1.6	1.5	1.6 1.5	1.55	1.65	1.45	1.55	3752
1.6	1.6	1.6 1.6	1.55	1.65	1.55	1.65	3753
1.6	1.7	1.6 1.7	1.55	1.65	1.65	1.75	3754
1.6	1.8	1.6 1.8	1.55	1.65	1.75	1.85	3755
1.6	1.9	1.6 1.9	1.55	1.65	1.85	1.95	3756
1.6	2	1.6 2	1.55	1.65	1.95	2.05	3757
1.6	2.1	1.6 2.1	1.55	1.65	2.05	2.15	3758
1.6	2.2	1.6 2.2	1.55	1.65	2.15	2.25	3759
1.6	2.3	1.6 2.3	1.55	1.65	2.25	2.35	3760
1.6	2.4	1.6 2.4	1.55	1.65	2.35	2.45	3761
1.6	2.5	1.6 2.5	1.55	1.65	2.45	2.55	3762
1.6	2.6	1.6 2.6	1.55	1.65	2.55	2.65	3763
1.6	2.7	1.6 2.7	1.55	1.65	2.65	2.75	3764
1.6	2.8	1.6 2.8	1.55	1.65	2.75	2.85	3765
1.6	2.9	1.6 2.9	1.55	1.65	2.85	2.95	3766
1.6	3	1.6 3	1.55	1.65	2.95	3.05	3767
1.6	3.1	1.6 3.1	1.55	1.65	3.05	3.15	3768
1.6	3.2	1.6 3.2	1.55	1.65	3.15	3.25	3769
1.6	3.3	1.6 3.3	1.55	1.65	3.25	3.35	3770
1.6	3.4	1.6 3.4	1.55	1.65	3.35	3.45	3771
1.6	3.5	1.6 3.5	1.55	1.65	3.45	3.55	3772
1.6	3.6	1.6 3.6	1.55	1.65	3.55	3.65	3773
1.6	3.7	1.6 3.7	1.55	1.65	3.65	3.75	3774
1.6	3.8	1.6 3.8	1.55	1.65	3.75	3.85	3775
1.6	3.9	1.6 3.9	1.55	1.65	3.85	3.95	3776
1.6	4	1.6 4	1.55	1.65	3.95	4.05	3777
1.6	4.1	1.6 4.1	1.55	1.65	4.05	4.15	3778
1.6	4.2	1.6 4.2	1.55	1.65	4.15	4.25	3779
1.6	4.3	1.6 4.3	1.55	1.65	4.25	4.35	3780
1.6	4.4	1.6 4.4	1.55	1.65	4.35	4.45	3781
1.6	4.5	1.6 4.5	1.55	1.65	4.45	4.55	3782
1.6	4.6	1.6 4.6	1.55	1.65	4.55	4.65	3783
1.6	4.7	1.6 4.7	1.55	1.65	4.65	4.75	3784
1.6	4.8	1.6 4.8	1.55	1.65	4.75	4.85	3785
1.6	4.9	1.6 4.9	1.55	1.65	4.85	4.95	3786
1.6	5	1.6 5	1.55	1.65	4.95	5.05	3787
1.6	5.1	1.6 5.1	1.55	1.65	5.05	5.15	3788
1.6	5.2	1.6 5.2	1.55	1.65	5.15	5.25	3789
1.6	5.3	1.6 5.3	1.55	1.65	5.25	5.35	3790
1.6	5.4	1.6 5.4	1.55	1.65	5.35	5.45	3791
1.6	5.5	1.6 5.5	1.55	1.65	5.45	5.55	3792
1.6	5.6	1.6 5.6	1.55	1.65	5.55	5.65	3793
1.6	5.7	1.6 5.7	1.55	1.65	5.65	5.75	3794
1.6	5.8	1.6 5.8	1.55	1.65	5.75	5.85	3795
1.6	5.9	1.6 5.9	1.55	1.65	5.85	5.95	3796
1.6	6	1.6 6	1.55	1.65	5.95	6.05	3797
1.6	6.1	1.6 6.1	1.55	1.65	6.05	6.15	3798
1.6	6.2	1.6 6.2	1.55	1.65	6.15	6.25	3799
1.6	6.3	1.6 6.3	1.55	1.65	6.25	6.35	3800
1.6	6.4	1.6 6.4	1.55	1.65	6.35	6.45	3801
1.6	6.5	1.6 6.5	1.55	1.65	6.45	6.55	3802
1.6	6.6	1.6 6.6	1.55	1.65	6.55	6.65	3803
1.6	6.7	1.6 6.7	1.55	1.65	6.65	6.75	3804
1.6	6.8	1.6 6.8	1.55	1.65	6.75	6.85	3805
1.6	6.9	1.6 6.9	1.55	1.65	6.85	6.95	3806
1.6	7	1.6 7	1.55	1.65	6.95	7.05	3807
1.7	-1	1.7 -1	1.65	1.75	-1.05	-0.95	3808
1.7	-0.9	1.7 -0.9	1.65	1.75	-0.95	-0.85	3809
1.7	-0.8	1.7 -0.8	1.65	1.75	-0.85	-0.75	3810
1.7	-0.7	1.7 -0.7	1.65	1.75	-0.75	-0.65	3811
1.7	-0.6	1.7 -0.6	1.65	1.75	-0.65	-0.55	3812
1.7	-0.5	1.7 -0.5	1.65	1.75	-0.55	-0.45	3813
1.7	-0.4	1.7 -0.4	1.65	1.75	-0.45	-0.35	3814
1.7	-0.3	1.7 -0.3	1.65	1.75	-0.35	-0.25	3815
1.7	-0.2	1.7 -0.2	1.65	1.75	-0.25	-0.15	3816
1.7	-0.1	1.7 -0.1	1.65	1.75	-0.15	-0.0500000000000002	3817
1.7	0	1.7 0	1.65	1.75	-0.0499999999999998	0.0499999999999998	3818
1.7	0.1	1.7 0.1	1.65	1.75	0.0500000000000003	0.15	3819
1.7	0.2	1.7 0.2	1.65	1.75	0.15	0.25	3820
1.7	0.3	1.7 0.3	1.65	1.75	0.25	0.35	3821
1.7	0.4	1.7 0.4	1.65	1.75	0.35	0.45	3822
1.7	0.5	1.7 0.5	1.65	1.75	0.45	0.55	3823
1.7	0.6	1.7 0.6	1.65	1.75	0.55	0.65	3824
1.7	0.7	1.7 0.7	1.65	1.75	0.65	0.75	3825
1.7	0.8	1.7 0.8	1.65	1.75	0.75	0.85	3826
1.7	0.9	1.7 0.9	1.65	1.75	0.85	0.95	3827
1.7	1	1.7 1	1.65	1.75	0.95	1.05	3828
1.7	1.1	1.7 1.1	1.65	1.75	1.05	1.15	3829
1.7	1.2	1.7 1.2	1.65	1.75	1.15	1.25	3830
1.7	1.3	1.7 1.3	1.65	1.75	1.25	1.35	3831
1.7	1.4	1.7 1.4	1.65	1.75	1.35	1.45	3832
1.7	1.5	1.7 1.5	1.65	1.75	1.45	1.55	3833
1.7	1.6	1.7 1.6	1.65	1.75	1.55	1.65	3834
1.7	1.7	1.7 1.7	1.65	1.75	1.65	1.75	3835
1.7	1.8	1.7 1.8	1.65	1.75	1.75	1.85	3836
1.7	1.9	1.7 1.9	1.65	1.75	1.85	1.95	3837
1.7	2	1.7 2	1.65	1.75	1.95	2.05	3838
1.7	2.1	1.7 2.1	1.65	1.75	2.05	2.15	3839
1.7	2.2	1.7 2.2	1.65	1.75	2.15	2.25	3840
1.7	2.3	1.7 2.3	1.65	1.75	2.25	2.35	3841
1.7	2.4	1.7 2.4	1.65	1.75	2.35	2.45	3842
1.7	2.5	1.7 2.5	1.65	1.75	2.45	2.55	3843
1.7	2.6	1.7 2.6	1.65	1.75	2.55	2.65	3844
1.7	2.7	1.7 2.7	1.65	1.75	2.65	2.75	3845
1.7	2.8	1.7 2.8	1.65	1.75	2.75	2.85	3846
1.7	2.9	1.7 2.9	1.65	1.75	2.85	2.95	3847
1.7	3	1.7 3	1.65	1.75	2.95	3.05	3848
1.7	3.1	1.7 3.1	1.65	1.75	3.05	3.15	3849
1.7	3.2	1.7 3.2	1.65	1.75	3.15	3.25	3850
1.7	3.3	1.7 3.3	1.65	1.75	3.25	3.35	3851
1.7	3.4	1.7 3.4	1.65	1.75	3.35	3.45	3852
1.7	3.5	1.7 3.5	1.65	1.75	3.45	3.55	3853
1.7	3.6	1.7 3.6	1.65	1.75	3.55	3.65	3854
1.7	3.7	1.7 3.7	1.65	1.75	3.65	3.75	3855
1.7	3.8	1.7 3.8	1.65	1.75	3.75	3.85	3856
1.7	3.9	1.7 3.9	1.65	1.75	3.85	3.95	3857
1.7	4	1.7 4	1.65	1.75	3.95	4.05	3858
1.7	4.1	1.7 4.1	1.65	1.75	4.05	4.15	3859
1.7	4.2	1.7 4.2	1.65	1.75	4.15	4.25	3860
1.7	4.3	1.7 4.3	1.65	1.75	4.25	4.35	3861
1.7	4.4	1.7 4.4	1.65	1.75	4.35	4.45	3862
1.7	4.5	1.7 4.5	1.65	1.75	4.45	4.55	3863
1.7	4.6	1.7 4.6	1.65	1.75	4.55	4.65	3864
1.7	4.7	1.7 4.7	1.65	1.75	4.65	4.75	3865
1.7	4.8	1.7 4.8	1.65	1.75	4.75	4.85	3866
1.7	4.9	1.7 4.9	1.65	1.75	4.85	4.95	3867
1.7	5	1.7 5	1.65	1.75	4.95	5.05	3868
1.7	5.1	1.7 5.1	1.65	1.75	5.05	5.15	3869
1.7	5.2	1.7 5.2	1.65	1.75	5.15	5.25	3870
1.7	5.3	1.7 5.3	1.65	1.75	5.25	5.35	3871
1.7	5.4	1.7 5.4	1.65	1.75	5.35	5.45	3872
1.7	5.5	1.7 5.5	1.65	1.75	5.45	5.55	3873
1.7	5.6	1.7 5.6	1.65	1.75	5.55	5.65	3874
1.7	5.7	1.7 5.7	1.65	1.75	5.65	5.75	3875
1.7	5.8	1.7 5.8	1.65	1.75	5.75	5.85	3876
1.7	5.9	1.7 5.9	1.65	1.75	5.85	5.95	3877
1.7	6	1.7 6	1.65	1.75	5.95	6.05	3878
1.7	6.1	1.7 6.1	1.65	1.75	6.05	6.15	3879
1.7	6.2	1.7 6.2	1.65	1.75	6.15	6.25	3880
1.7	6.3	1.7 6.3	1.65	1.75	6.25	6.35	3881
1.7	6.4	1.7 6.4	1.65	1.75	6.35	6.45	3882
1.7	6.5	1.7 6.5	1.65	1.75	6.45	6.55	3883
1.7	6.6	1.7 6.6	1.65	1.75	6.55	6.65	3884
1.7	6.7	1.7 6.7	1.65	1.75	6.65	6.75	3885
1.7	6.8	1.7 6.8	1.65	1.75	6.75	6.85	3886
1.7	6.9	1.7 6.9	1.65	1.75	6.85	6.95	3887
1.7	7	1.7 7	1.65	1.75	6.95	7.05	3888
1.8	-1	1.8 -1	1.75	1.85	-1.05	-0.95	3889
1.8	-0.9	1.8 -0.9	1.75	1.85	-0.95	-0.85	3890
1.8	-0.8	1.8 -0.8	1.75	1.85	-0.85	-0.75	3891
1.8	-0.7	1.8 -0.7	1.75	1.85	-0.75	-0.65	3892
1.8	-0.6	1.8 -0.6	1.75	1.85	-0.65	-0.55	3893
1.8	-0.5	1.8 -0.5	1.75	1.85	-0.55	-0.45	3894
1.8	-0.4	1.8 -0.4	1.75	1.85	-0.45	-0.35	3895
1.8	-0.3	1.8 -0.3	1.75	1.85	-0.35	-0.25	3896
1.8	-0.2	1.8 -0.2	1.75	1.85	-0.25	-0.15	3897
1.8	-0.1	1.8 -0.1	1.75	1.85	-0.15	-0.0500000000000002	3898
1.8	0	1.8 0	1.75	1.85	-0.0499999999999998	0.0499999999999998	3899
1.8	0.1	1.8 0.1	1.75	1.85	0.0500000000000003	0.15	3900
1.8	0.2	1.8 0.2	1.75	1.85	0.15	0.25	3901
1.8	0.3	1.8 0.3	1.75	1.85	0.25	0.35	3902
1.8	0.4	1.8 0.4	1.75	1.85	0.35	0.45	3903
1.8	0.5	1.8 0.5	1.75	1.85	0.45	0.55	3904
1.8	0.6	1.8 0.6	1.75	1.85	0.55	0.65	3905
1.8	0.7	1.8 0.7	1.75	1.85	0.65	0.75	3906
1.8	0.8	1.8 0.8	1.75	1.85	0.75	0.85	3907
1.8	0.9	1.8 0.9	1.75	1.85	0.85	0.95	3908
1.8	1	1.8 1	1.75	1.85	0.95	1.05	3909
1.8	1.1	1.8 1.1	1.75	1.85	1.05	1.15	3910
1.8	1.2	1.8 1.2	1.75	1.85	1.15	1.25	3911
1.8	1.3	1.8 1.3	1.75	1.85	1.25	1.35	3912
1.8	1.4	1.8 1.4	1.75	1.85	1.35	1.45	3913
1.8	1.5	1.8 1.5	1.75	1.85	1.45	1.55	3914
1.8	1.6	1.8 1.6	1.75	1.85	1.55	1.65	3915
1.8	1.7	1.8 1.7	1.75	1.85	1.65	1.75	3916
1.8	1.8	1.8 1.8	1.75	1.85	1.75	1.85	3917
1.8	1.9	1.8 1.9	1.75	1.85	1.85	1.95	3918
1.8	2	1.8 2	1.75	1.85	1.95	2.05	3919
1.8	2.1	1.8 2.1	1.75	1.85	2.05	2.15	3920
1.8	2.2	1.8 2.2	1.75	1.85	2.15	2.25	3921
1.8	2.3	1.8 2.3	1.75	1.85	2.25	2.35	3922
1.8	2.4	1.8 2.4	1.75	1.85	2.35	2.45	3923
1.8	2.5	1.8 2.5	1.75	1.85	2.45	2.55	3924
1.8	2.6	1.8 2.6	1.75	1.85	2.55	2.65	3925
1.8	2.7	1.8 2.7	1.75	1.85	2.65	2.75	3926
1.8	2.8	1.8 2.8	1.75	1.85	2.75	2.85	3927
1.8	2.9	1.8 2.9	1.75	1.85	2.85	2.95	3928
1.8	3	1.8 3	1.75	1.85	2.95	3.05	3929
1.8	3.1	1.8 3.1	1.75	1.85	3.05	3.15	3930
1.8	3.2	1.8 3.2	1.75	1.85	3.15	3.25	3931
1.8	3.3	1.8 3.3	1.75	1.85	3.25	3.35	3932
1.8	3.4	1.8 3.4	1.75	1.85	3.35	3.45	3933
1.8	3.5	1.8 3.5	1.75	1.85	3.45	3.55	3934
1.8	3.6	1.8 3.6	1.75	1.85	3.55	3.65	3935
1.8	3.7	1.8 3.7	1.75	1.85	3.65	3.75	3936
1.8	3.8	1.8 3.8	1.75	1.85	3.75	3.85	3937
1.8	3.9	1.8 3.9	1.75	1.85	3.85	3.95	3938
1.8	4	1.8 4	1.75	1.85	3.95	4.05	3939
1.8	4.1	1.8 4.1	1.75	1.85	4.05	4.15	3940
1.8	4.2	1.8 4.2	1.75	1.85	4.15	4.25	3941
1.8	4.3	1.8 4.3	1.75	1.85	4.25	4.35	3942
1.8	4.4	1.8 4.4	1.75	1.85	4.35	4.45	3943
1.8	4.5	1.8 4.5	1.75	1.85	4.45	4.55	3944
1.8	4.6	1.8 4.6	1.75	1.85	4.55	4.65	3945
1.8	4.7	1.8 4.7	1.75	1.85	4.65	4.75	3946
1.8	4.8	1.8 4.8	1.75	1.85	4.75	4.85	3947
1.8	4.9	1.8 4.9	1.75	1.85	4.85	4.95	3948
1.8	5	1.8 5	1.75	1.85	4.95	5.05	3949
1.8	5.1	1.8 5.1	1.75	1.85	5.05	5.15	3950
1.8	5.2	1.8 5.2	1.75	1.85	5.15	5.25	3951
1.8	5.3	1.8 5.3	1.75	1.85	5.25	5.35	3952
1.8	5.4	1.8 5.4	1.75	1.85	5.35	5.45	3953
1.8	5.5	1.8 5.5	1.75	1.85	5.45	5.55	3954
1.8	5.6	1.8 5.6	1.75	1.85	5.55	5.65	3955
1.8	5.7	1.8 5.7	1.75	1.85	5.65	5.75	3956
1.8	5.8	1.8 5.8	1.75	1.85	5.75	5.85	3957
1.8	5.9	1.8 5.9	1.75	1.85	5.85	5.95	3958
1.8	6	1.8 6	1.75	1.85	5.95	6.05	3959
1.8	6.1	1.8 6.1	1.75	1.85	6.05	6.15	3960
1.8	6.2	1.8 6.2	1.75	1.85	6.15	6.25	3961
1.8	6.3	1.8 6.3	1.75	1.85	6.25	6.35	3962
1.8	6.4	1.8 6.4	1.75	1.85	6.35	6.45	3963
1.8	6.5	1.8 6.5	1.75	1.85	6.45	6.55	3964
1.8	6.6	1.8 6.6	1.75	1.85	6.55	6.65	3965
1.8	6.7	1.8 6.7	1.75	1.85	6.65	6.75	3966
1.8	6.8	1.8 6.8	1.75	1.85	6.75	6.85	3967
1.8	6.9	1.8 6.9	1.75	1.85	6.85	6.95	3968
1.8	7	1.8 7	1.75	1.85	6.95	7.05	3969
1.9	-1	1.9 -1	1.85	1.95	-1.05	-0.95	3970
1.9	-0.9	1.9 -0.9	1.85	1.95	-0.95	-0.85	3971
1.9	-0.8	1.9 -0.8	1.85	1.95	-0.85	-0.75	3972
1.9	-0.7	1.9 -0.7	1.85	1.95	-0.75	-0.65	3973
1.9	-0.6	1.9 -0.6	1.85	1.95	-0.65	-0.55	3974
1.9	-0.5	1.9 -0.5	1.85	1.95	-0.55	-0.45	3975
1.9	-0.4	1.9 -0.4	1.85	1.95	-0.45	-0.35	3976
1.9	-0.3	1.9 -0.3	1.85	1.95	-0.35	-0.25	3977
1.9	-0.2	1.9 -0.2	1.85	1.95	-0.25	-0.15	3978
1.9	-0.1	1.9 -0.1	1.85	1.95	-0.15	-0.0500000000000002	3979
1.9	0	1.9 0	1.85	1.95	-0.0499999999999998	0.0499999999999998	3980
1.9	0.1	1.9 0.1	1.85	1.95	0.0500000000000003	0.15	3981
1.9	0.2	1.9 0.2	1.85	1.95	0.15	0.25	3982
1.9	0.3	1.9 0.3	1.85	1.95	0.25	0.35	3983
1.9	0.4	1.9 0.4	1.85	1.95	0.35	0.45	3984
1.9	0.5	1.9 0.5	1.85	1.95	0.45	0.55	3985
1.9	0.6	1.9 0.6	1.85	1.95	0.55	0.65	3986
1.9	0.7	1.9 0.7	1.85	1.95	0.65	0.75	3987
1.9	0.8	1.9 0.8	1.85	1.95	0.75	0.85	3988
1.9	0.9	1.9 0.9	1.85	1.95	0.85	0.95	3989
1.9	1	1.9 1	1.85	1.95	0.95	1.05	3990
1.9	1.1	1.9 1.1	1.85	1.95	1.05	1.15	3991
1.9	1.2	1.9 1.2	1.85	1.95	1.15	1.25	3992
1.9	1.3	1.9 1.3	1.85	1.95	1.25	1.35	3993
1.9	1.4	1.9 1.4	1.85	1.95	1.35	1.45	3994
1.9	1.5	1.9 1.5	1.85	1.95	1.45	1.55	3995
1.9	1.6	1.9 1.6	1.85	1.95	1.55	1.65	3996
1.9	1.7	1.9 1.7	1.85	1.95	1.65	1.75	3997
1.9	1.8	1.9 1.8	1.85	1.95	1.75	1.85	3998
1.9	1.9	1.9 1.9	1.85	1.95	1.85	1.95	3999
1.9	2	1.9 2	1.85	1.95	1.95	2.05	4000
1.9	2.1	1.9 2.1	1.85	1.95	2.05	2.15	4001
1.9	2.2	1.9 2.2	1.85	1.95	2.15	2.25	4002
1.9	2.3	1.9 2.3	1.85	1.95	2.25	2.35	4003
1.9	2.4	1.9 2.4	1.85	1.95	2.35	2.45	4004
1.9	2.5	1.9 2.5	1.85	1.95	2.45	2.55	4005
1.9	2.6	1.9 2.6	1.85	1.95	2.55	2.65	4006
1.9	2.7	1.9 2.7	1.85	1.95	2.65	2.75	4007
1.9	2.8	1.9 2.8	1.85	1.95	2.75	2.85	4008
1.9	2.9	1.9 2.9	1.85	1.95	2.85	2.95	4009
1.9	3	1.9 3	1.85	1.95	2.95	3.05	4010
1.9	3.1	1.9 3.1	1.85	1.95	3.05	3.15	4011
1.9	3.2	1.9 3.2	1.85	1.95	3.15	3.25	4012
1.9	3.3	1.9 3.3	1.85	1.95	3.25	3.35	4013
1.9	3.4	1.9 3.4	1.85	1.95	3.35	3.45	4014
1.9	3.5	1.9 3.5	1.85	1.95	3.45	3.55	4015
1.9	3.6	1.9 3.6	1.85	1.95	3.55	3.65	4016
1.9	3.7	1.9 3.7	1.85	1.95	3.65	3.75	4017
1.9	3.8	1.9 3.8	1.85	1.95	3.75	3.85	4018
1.9	3.9	1.9 3.9	1.85	1.95	3.85	3.95	4019
1.9	4	1.9 4	1.85	1.95	3.95	4.05	4020
1.9	4.1	1.9 4.1	1.85	1.95	4.05	4.15	4021
1.9	4.2	1.9 4.2	1.85	1.95	4.15	4.25	4022
1.9	4.3	1.9 4.3	1.85	1.95	4.25	4.35	4023
1.9	4.4	1.9 4.4	1.85	1.95	4.35	4.45	4024
1.9	4.5	1.9 4.5	1.85	1.95	4.45	4.55	4025
1.9	4.6	1.9 4.6	1.85	1.95	4.55	4.65	4026
1.9	4.7	1.9 4.7	1.85	1.95	4.65	4.75	4027
1.9	4.8	1.9 4.8	1.85	1.95	4.75	4.85	4028
1.9	4.9	1.9 4.9	1.85	1.95	4.85	4.95	4029
1.9	5	1.9 5	1.85	1.95	4.95	5.05	4030
1.9	5.1	1.9 5.1	1.85	1.95	5.05	5.15	4031
1.9	5.2	1.9 5.2	1.85	1.95	5.15	5.25	4032
1.9	5.3	1.9 5.3	1.85	1.95	5.25	5.35	4033
1.9	5.4	1.9 5.4	1.85	1.95	5.35	5.45	4034
1.9	5.5	1.9 5.5	1.85	1.95	5.45	5.55	4035
1.9	5.6	1.9 5.6	1.85	1.95	5.55	5.65	4036
1.9	5.7	1.9 5.7	1.85	1.95	5.65	5.75	4037
1.9	5.8	1.9 5.8	1.85	1.95	5.75	5.85	4038
1.9	5.9	1.9 5.9	1.85	1.95	5.85	5.95	4039
1.9	6	1.9 6	1.85	1.95	5.95	6.05	4040
1.9	6.1	1.9 6.1	1.85	1.95	6.05	6.15	4041
1.9	6.2	1.9 6.2	1.85	1.95	6.15	6.25	4042
1.9	6.3	1.9 6.3	1.85	1.95	6.25	6.35	4043
1.9	6.4	1.9 6.4	1.85	1.95	6.35	6.45	4044
1.9	6.5	1.9 6.5	1.85	1.95	6.45	6.55	4045
1.9	6.6	1.9 6.6	1.85	1.95	6.55	6.65	4046
1.9	6.7	1.9 6.7	1.85	1.95	6.65	6.75	4047
1.9	6.8	1.9 6.8	1.85	1.95	6.75	6.85	4048
1.9	6.9	1.9 6.9	1.85	1.95	6.85	6.95	4049
1.9	7	1.9 7	1.85	1.95	6.95	7.05	4050
2	-1	2 -1	1.95	2.05	-1.05	-0.95	4051
2	-0.9	2 -0.9	1.95	2.05	-0.95	-0.85	4052
2	-0.8	2 -0.8	1.95	2.05	-0.85	-0.75	4053
2	-0.7	2 -0.7	1.95	2.05	-0.75	-0.65	4054
2	-0.6	2 -0.6	1.95	2.05	-0.65	-0.55	4055
2	-0.5	2 -0.5	1.95	2.05	-0.55	-0.45	4056
2	-0.4	2 -0.4	1.95	2.05	-0.45	-0.35	4057
2	-0.3	2 -0.3	1.95	2.05	-0.35	-0.25	4058
2	-0.2	2 -0.2	1.95	2.05	-0.25	-0.15	4059
2	-0.1	2 -0.1	1.95	2.05	-0.15	-0.0500000000000002	4060
2	0	2 0	1.95	2.05	-0.0499999999999998	0.0499999999999998	4061
2	0.1	2 0.1	1.95	2.05	0.0500000000000003	0.15	4062
2	0.2	2 0.2	1.95	2.05	0.15	0.25	4063
2	0.3	2 0.3	1.95	2.05	0.25	0.35	4064
2	0.4	2 0.4	1.95	2.05	0.35	0.45	4065
2	0.5	2 0.5	1.95	2.05	0.45	0.55	4066
2	0.6	2 0.6	1.95	2.05	0.55	0.65	4067
2	0.7	2 0.7	1.95	2.05	0.65	0.75	4068
2	0.8	2 0.8	1.95	2.05	0.75	0.85	4069
2	0.9	2 0.9	1.95	2.05	0.85	0.95	4070
2	1	2 1	1.95	2.05	0.95	1.05	4071
2	1.1	2 1.1	1.95	2.05	1.05	1.15	4072
2	1.2	2 1.2	1.95	2.05	1.15	1.25	4073
2	1.3	2 1.3	1.95	2.05	1.25	1.35	4074
2	1.4	2 1.4	1.95	2.05	1.35	1.45	4075
2	1.5	2 1.5	1.95	2.05	1.45	1.55	4076
2	1.6	2 1.6	1.95	2.05	1.55	1.65	4077
2	1.7	2 1.7	1.95	2.05	1.65	1.75	4078
2	1.8	2 1.8	1.95	2.05	1.75	1.85	4079
2	1.9	2 1.9	1.95	2.05	1.85	1.95	4080
2	2	2 2	1.95	2.05	1.95	2.05	4081
2	2.1	2 2.1	1.95	2.05	2.05	2.15	4082
2	2.2	2 2.2	1.95	2.05	2.15	2.25	4083
2	2.3	2 2.3	1.95	2.05	2.25	2.35	4084
2	2.4	2 2.4	1.95	2.05	2.35	2.45	4085
2	2.5	2 2.5	1.95	2.05	2.45	2.55	4086
2	2.6	2 2.6	1.95	2.05	2.55	2.65	4087
2	2.7	2 2.7	1.95	2.05	2.65	2.75	4088
2	2.8	2 2.8	1.95	2.05	2.75	2.85	4089
2	2.9	2 2.9	1.95	2.05	2.85	2.95	4090
2	3	2 3	1.95	2.05	2.95	3.05	4091
2	3.1	2 3.1	1.95	2.05	3.05	3.15	4092
2	3.2	2 3.2	1.95	2.05	3.15	3.25	4093
2	3.3	2 3.3	1.95	2.05	3.25	3.35	4094
2	3.4	2 3.4	1.95	2.05	3.35	3.45	4095
2	3.5	2 3.5	1.95	2.05	3.45	3.55	4096
2	3.6	2 3.6	1.95	2.05	3.55	3.65	4097
2	3.7	2 3.7	1.95	2.05	3.65	3.75	4098
2	3.8	2 3.8	1.95	2.05	3.75	3.85	4099
2	3.9	2 3.9	1.95	2.05	3.85	3.95	4100
2	4	2 4	1.95	2.05	3.95	4.05	4101
2	4.1	2 4.1	1.95	2.05	4.05	4.15	4102
2	4.2	2 4.2	1.95	2.05	4.15	4.25	4103
2	4.3	2 4.3	1.95	2.05	4.25	4.35	4104
2	4.4	2 4.4	1.95	2.05	4.35	4.45	4105
2	4.5	2 4.5	1.95	2.05	4.45	4.55	4106
2	4.6	2 4.6	1.95	2.05	4.55	4.65	4107
2	4.7	2 4.7	1.95	2.05	4.65	4.75	4108
2	4.8	2 4.8	1.95	2.05	4.75	4.85	4109
2	4.9	2 4.9	1.95	2.05	4.85	4.95	4110
2	5	2 5	1.95	2.05	4.95	5.05	4111
2	5.1	2 5.1	1.95	2.05	5.05	5.15	4112
2	5.2	2 5.2	1.95	2.05	5.15	5.25	4113
2	5.3	2 5.3	1.95	2.05	5.25	5.35	4114
2	5.4	2 5.4	1.95	2.05	5.35	5.45	4115
2	5.5	2 5.5	1.95	2.05	5.45	5.55	4116
2	5.6	2 5.6	1.95	2.05	5.55	5.65	4117
2	5.7	2 5.7	1.95	2.05	5.65	5.75	4118
2	5.8	2 5.8	1.95	2.05	5.75	5.85	4119
2	5.9	2 5.9	1.95	2.05	5.85	5.95	4120
2	6	2 6	1.95	2.05	5.95	6.05	4121
2	6.1	2 6.1	1.95	2.05	6.05	6.15	4122
2	6.2	2 6.2	1.95	2.05	6.15	6.25	4123
2	6.3	2 6.3	1.95	2.05	6.25	6.35	4124
2	6.4	2 6.4	1.95	2.05	6.35	6.45	4125
2	6.5	2 6.5	1.95	2.05	6.45	6.55	4126
2	6.6	2 6.6	1.95	2.05	6.55	6.65	4127
2	6.7	2 6.7	1.95	2.05	6.65	6.75	4128
2	6.8	2 6.8	1.95	2.05	6.75	6.85	4129
2	6.9	2 6.9	1.95	2.05	6.85	6.95	4130
2	7	2 7	1.95	2.05	6.95	7.05	4131
2.1	-1	2.1 -1	2.05	2.15	-1.05	-0.95	4132
2.1	-0.9	2.1 -0.9	2.05	2.15	-0.95	-0.85	4133
2.1	-0.8	2.1 -0.8	2.05	2.15	-0.85	-0.75	4134
2.1	-0.7	2.1 -0.7	2.05	2.15	-0.75	-0.65	4135
2.1	-0.6	2.1 -0.6	2.05	2.15	-0.65	-0.55	4136
2.1	-0.5	2.1 -0.5	2.05	2.15	-0.55	-0.45	4137
2.1	-0.4	2.1 -0.4	2.05	2.15	-0.45	-0.35	4138
2.1	-0.3	2.1 -0.3	2.05	2.15	-0.35	-0.25	4139
2.1	-0.2	2.1 -0.2	2.05	2.15	-0.25	-0.15	4140
2.1	-0.1	2.1 -0.1	2.05	2.15	-0.15	-0.0500000000000002	4141
2.1	0	2.1 0	2.05	2.15	-0.0499999999999998	0.0499999999999998	4142
2.1	0.1	2.1 0.1	2.05	2.15	0.0500000000000003	0.15	4143
2.1	0.2	2.1 0.2	2.05	2.15	0.15	0.25	4144
2.1	0.3	2.1 0.3	2.05	2.15	0.25	0.35	4145
2.1	0.4	2.1 0.4	2.05	2.15	0.35	0.45	4146
2.1	0.5	2.1 0.5	2.05	2.15	0.45	0.55	4147
2.1	0.6	2.1 0.6	2.05	2.15	0.55	0.65	4148
2.1	0.7	2.1 0.7	2.05	2.15	0.65	0.75	4149
2.1	0.8	2.1 0.8	2.05	2.15	0.75	0.85	4150
2.1	0.9	2.1 0.9	2.05	2.15	0.85	0.95	4151
2.1	1	2.1 1	2.05	2.15	0.95	1.05	4152
2.1	1.1	2.1 1.1	2.05	2.15	1.05	1.15	4153
2.1	1.2	2.1 1.2	2.05	2.15	1.15	1.25	4154
2.1	1.3	2.1 1.3	2.05	2.15	1.25	1.35	4155
2.1	1.4	2.1 1.4	2.05	2.15	1.35	1.45	4156
2.1	1.5	2.1 1.5	2.05	2.15	1.45	1.55	4157
2.1	1.6	2.1 1.6	2.05	2.15	1.55	1.65	4158
2.1	1.7	2.1 1.7	2.05	2.15	1.65	1.75	4159
2.1	1.8	2.1 1.8	2.05	2.15	1.75	1.85	4160
2.1	1.9	2.1 1.9	2.05	2.15	1.85	1.95	4161
2.1	2	2.1 2	2.05	2.15	1.95	2.05	4162
2.1	2.1	2.1 2.1	2.05	2.15	2.05	2.15	4163
2.1	2.2	2.1 2.2	2.05	2.15	2.15	2.25	4164
2.1	2.3	2.1 2.3	2.05	2.15	2.25	2.35	4165
2.1	2.4	2.1 2.4	2.05	2.15	2.35	2.45	4166
2.1	2.5	2.1 2.5	2.05	2.15	2.45	2.55	4167
2.1	2.6	2.1 2.6	2.05	2.15	2.55	2.65	4168
2.1	2.7	2.1 2.7	2.05	2.15	2.65	2.75	4169
2.1	2.8	2.1 2.8	2.05	2.15	2.75	2.85	4170
2.1	2.9	2.1 2.9	2.05	2.15	2.85	2.95	4171
2.1	3	2.1 3	2.05	2.15	2.95	3.05	4172
2.1	3.1	2.1 3.1	2.05	2.15	3.05	3.15	4173
2.1	3.2	2.1 3.2	2.05	2.15	3.15	3.25	4174
2.1	3.3	2.1 3.3	2.05	2.15	3.25	3.35	4175
2.1	3.4	2.1 3.4	2.05	2.15	3.35	3.45	4176
2.1	3.5	2.1 3.5	2.05	2.15	3.45	3.55	4177
2.1	3.6	2.1 3.6	2.05	2.15	3.55	3.65	4178
2.1	3.7	2.1 3.7	2.05	2.15	3.65	3.75	4179
2.1	3.8	2.1 3.8	2.05	2.15	3.75	3.85	4180
2.1	3.9	2.1 3.9	2.05	2.15	3.85	3.95	4181
2.1	4	2.1 4	2.05	2.15	3.95	4.05	4182
2.1	4.1	2.1 4.1	2.05	2.15	4.05	4.15	4183
2.1	4.2	2.1 4.2	2.05	2.15	4.15	4.25	4184
2.1	4.3	2.1 4.3	2.05	2.15	4.25	4.35	4185
2.1	4.4	2.1 4.4	2.05	2.15	4.35	4.45	4186
2.1	4.5	2.1 4.5	2.05	2.15	4.45	4.55	4187
2.1	4.6	2.1 4.6	2.05	2.15	4.55	4.65	4188
2.1	4.7	2.1 4.7	2.05	2.15	4.65	4.75	4189
2.1	4.8	2.1 4.8	2.05	2.15	4.75	4.85	4190
2.1	4.9	2.1 4.9	2.05	2.15	4.85	4.95	4191
2.1	5	2.1 5	2.05	2.15	4.95	5.05	4192
2.1	5.1	2.1 5.1	2.05	2.15	5.05	5.15	4193
2.1	5.2	2.1 5.2	2.05	2.15	5.15	5.25	4194
2.1	5.3	2.1 5.3	2.05	2.15	5.25	5.35	4195
2.1	5.4	2.1 5.4	2.05	2.15	5.35	5.45	4196
2.1	5.5	2.1 5.5	2.05	2.15	5.45	5.55	4197
2.1	5.6	2.1 5.6	2.05	2.15	5.55	5.65	4198
2.1	5.7	2.1 5.7	2.05	2.15	5.65	5.75	4199
2.1	5.8	2.1 5.8	2.05	2.15	5.75	5.85	4200
2.1	5.9	2.1 5.9	2.05	2.15	5.85	5.95	4201
2.1	6	2.1 6	2.05	2.15	5.95	6.05	4202
2.1	6.1	2.1 6.1	2.05	2.15	6.05	6.15	4203
2.1	6.2	2.1 6.2	2.05	2.15	6.15	6.25	4204
2.1	6.3	2.1 6.3	2.05	2.15	6.25	6.35	4205
2.1	6.4	2.1 6.4	2.05	2.15	6.35	6.45	4206
2.1	6.5	2.1 6.5	2.05	2.15	6.45	6.55	4207
2.1	6.6	2.1 6.6	2.05	2.15	6.55	6.65	4208
2.1	6.7	2.1 6.7	2.05	2.15	6.65	6.75	4209
2.1	6.8	2.1 6.8	2.05	2.15	6.75	6.85	4210
2.1	6.9	2.1 6.9	2.05	2.15	6.85	6.95	4211
2.1	7	2.1 7	2.05	2.15	6.95	7.05	4212
2.2	-1	2.2 -1	2.15	2.25	-1.05	-0.95	4213
2.2	-0.9	2.2 -0.9	2.15	2.25	-0.95	-0.85	4214
2.2	-0.8	2.2 -0.8	2.15	2.25	-0.85	-0.75	4215
2.2	-0.7	2.2 -0.7	2.15	2.25	-0.75	-0.65	4216
2.2	-0.6	2.2 -0.6	2.15	2.25	-0.65	-0.55	4217
2.2	-0.5	2.2 -0.5	2.15	2.25	-0.55	-0.45	4218
2.2	-0.4	2.2 -0.4	2.15	2.25	-0.45	-0.35	4219
2.2	-0.3	2.2 -0.3	2.15	2.25	-0.35	-0.25	4220
2.2	-0.2	2.2 -0.2	2.15	2.25	-0.25	-0.15	4221
2.2	-0.1	2.2 -0.1	2.15	2.25	-0.15	-0.0500000000000002	4222
2.2	0	2.2 0	2.15	2.25	-0.0499999999999998	0.0499999999999998	4223
2.2	0.1	2.2 0.1	2.15	2.25	0.0500000000000003	0.15	4224
2.2	0.2	2.2 0.2	2.15	2.25	0.15	0.25	4225
2.2	0.3	2.2 0.3	2.15	2.25	0.25	0.35	4226
2.2	0.4	2.2 0.4	2.15	2.25	0.35	0.45	4227
2.2	0.5	2.2 0.5	2.15	2.25	0.45	0.55	4228
2.2	0.6	2.2 0.6	2.15	2.25	0.55	0.65	4229
2.2	0.7	2.2 0.7	2.15	2.25	0.65	0.75	4230
2.2	0.8	2.2 0.8	2.15	2.25	0.75	0.85	4231
2.2	0.9	2.2 0.9	2.15	2.25	0.85	0.95	4232
2.2	1	2.2 1	2.15	2.25	0.95	1.05	4233
2.2	1.1	2.2 1.1	2.15	2.25	1.05	1.15	4234
2.2	1.2	2.2 1.2	2.15	2.25	1.15	1.25	4235
2.2	1.3	2.2 1.3	2.15	2.25	1.25	1.35	4236
2.2	1.4	2.2 1.4	2.15	2.25	1.35	1.45	4237
2.2	1.5	2.2 1.5	2.15	2.25	1.45	1.55	4238
2.2	1.6	2.2 1.6	2.15	2.25	1.55	1.65	4239
2.2	1.7	2.2 1.7	2.15	2.25	1.65	1.75	4240
2.2	1.8	2.2 1.8	2.15	2.25	1.75	1.85	4241
2.2	1.9	2.2 1.9	2.15	2.25	1.85	1.95	4242
2.2	2	2.2 2	2.15	2.25	1.95	2.05	4243
2.2	2.1	2.2 2.1	2.15	2.25	2.05	2.15	4244
2.2	2.2	2.2 2.2	2.15	2.25	2.15	2.25	4245
2.2	2.3	2.2 2.3	2.15	2.25	2.25	2.35	4246
2.2	2.4	2.2 2.4	2.15	2.25	2.35	2.45	4247
2.2	2.5	2.2 2.5	2.15	2.25	2.45	2.55	4248
2.2	2.6	2.2 2.6	2.15	2.25	2.55	2.65	4249
2.2	2.7	2.2 2.7	2.15	2.25	2.65	2.75	4250
2.2	2.8	2.2 2.8	2.15	2.25	2.75	2.85	4251
2.2	2.9	2.2 2.9	2.15	2.25	2.85	2.95	4252
2.2	3	2.2 3	2.15	2.25	2.95	3.05	4253
2.2	3.1	2.2 3.1	2.15	2.25	3.05	3.15	4254
2.2	3.2	2.2 3.2	2.15	2.25	3.15	3.25	4255
2.2	3.3	2.2 3.3	2.15	2.25	3.25	3.35	4256
2.2	3.4	2.2 3.4	2.15	2.25	3.35	3.45	4257
2.2	3.5	2.2 3.5	2.15	2.25	3.45	3.55	4258
2.2	3.6	2.2 3.6	2.15	2.25	3.55	3.65	4259
2.2	3.7	2.2 3.7	2.15	2.25	3.65	3.75	4260
2.2	3.8	2.2 3.8	2.15	2.25	3.75	3.85	4261
2.2	3.9	2.2 3.9	2.15	2.25	3.85	3.95	4262
2.2	4	2.2 4	2.15	2.25	3.95	4.05	4263
2.2	4.1	2.2 4.1	2.15	2.25	4.05	4.15	4264
2.2	4.2	2.2 4.2	2.15	2.25	4.15	4.25	4265
2.2	4.3	2.2 4.3	2.15	2.25	4.25	4.35	4266
2.2	4.4	2.2 4.4	2.15	2.25	4.35	4.45	4267
2.2	4.5	2.2 4.5	2.15	2.25	4.45	4.55	4268
2.2	4.6	2.2 4.6	2.15	2.25	4.55	4.65	4269
2.2	4.7	2.2 4.7	2.15	2.25	4.65	4.75	4270
2.2	4.8	2.2 4.8	2.15	2.25	4.75	4.85	4271
2.2	4.9	2.2 4.9	2.15	2.25	4.85	4.95	4272
2.2	5	2.2 5	2.15	2.25	4.95	5.05	4273
2.2	5.1	2.2 5.1	2.15	2.25	5.05	5.15	4274
2.2	5.2	2.2 5.2	2.15	2.25	5.15	5.25	4275
2.2	5.3	2.2 5.3	2.15	2.25	5.25	5.35	4276
2.2	5.4	2.2 5.4	2.15	2.25	5.35	5.45	4277
2.2	5.5	2.2 5.5	2.15	2.25	5.45	5.55	4278
2.2	5.6	2.2 5.6	2.15	2.25	5.55	5.65	4279
2.2	5.7	2.2 5.7	2.15	2.25	5.65	5.75	4280
2.2	5.8	2.2 5.8	2.15	2.25	5.75	5.85	4281
2.2	5.9	2.2 5.9	2.15	2.25	5.85	5.95	4282
2.2	6	2.2 6	2.15	2.25	5.95	6.05	4283
2.2	6.1	2.2 6.1	2.15	2.25	6.05	6.15	4284
2.2	6.2	2.2 6.2	2.15	2.25	6.15	6.25	4285
2.2	6.3	2.2 6.3	2.15	2.25	6.25	6.35	4286
2.2	6.4	2.2 6.4	2.15	2.25	6.35	6.45	4287
2.2	6.5	2.2 6.5	2.15	2.25	6.45	6.55	4288
2.2	6.6	2.2 6.6	2.15	2.25	6.55	6.65	4289
2.2	6.7	2.2 6.7	2.15	2.25	6.65	6.75	4290
2.2	6.8	2.2 6.8	2.15	2.25	6.75	6.85	4291
2.2	6.9	2.2 6.9	2.15	2.25	6.85	6.95	4292
2.2	7	2.2 7	2.15	2.25	6.95	7.05	4293
2.3	-1	2.3 -1	2.25	2.35	-1.05	-0.95	4294
2.3	-0.9	2.3 -0.9	2.25	2.35	-0.95	-0.85	4295
2.3	-0.8	2.3 -0.8	2.25	2.35	-0.85	-0.75	4296
2.3	-0.7	2.3 -0.7	2.25	2.35	-0.75	-0.65	4297
2.3	-0.6	2.3 -0.6	2.25	2.35	-0.65	-0.55	4298
2.3	-0.5	2.3 -0.5	2.25	2.35	-0.55	-0.45	4299
2.3	-0.4	2.3 -0.4	2.25	2.35	-0.45	-0.35	4300
2.3	-0.3	2.3 -0.3	2.25	2.35	-0.35	-0.25	4301
2.3	-0.2	2.3 -0.2	2.25	2.35	-0.25	-0.15	4302
2.3	-0.1	2.3 -0.1	2.25	2.35	-0.15	-0.0500000000000002	4303
2.3	0	2.3 0	2.25	2.35	-0.0499999999999998	0.0499999999999998	4304
2.3	0.1	2.3 0.1	2.25	2.35	0.0500000000000003	0.15	4305
2.3	0.2	2.3 0.2	2.25	2.35	0.15	0.25	4306
2.3	0.3	2.3 0.3	2.25	2.35	0.25	0.35	4307
2.3	0.4	2.3 0.4	2.25	2.35	0.35	0.45	4308
2.3	0.5	2.3 0.5	2.25	2.35	0.45	0.55	4309
2.3	0.6	2.3 0.6	2.25	2.35	0.55	0.65	4310
2.3	0.7	2.3 0.7	2.25	2.35	0.65	0.75	4311
2.3	0.8	2.3 0.8	2.25	2.35	0.75	0.85	4312
2.3	0.9	2.3 0.9	2.25	2.35	0.85	0.95	4313
2.3	1	2.3 1	2.25	2.35	0.95	1.05	4314
2.3	1.1	2.3 1.1	2.25	2.35	1.05	1.15	4315
2.3	1.2	2.3 1.2	2.25	2.35	1.15	1.25	4316
2.3	1.3	2.3 1.3	2.25	2.35	1.25	1.35	4317
2.3	1.4	2.3 1.4	2.25	2.35	1.35	1.45	4318
2.3	1.5	2.3 1.5	2.25	2.35	1.45	1.55	4319
2.3	1.6	2.3 1.6	2.25	2.35	1.55	1.65	4320
2.3	1.7	2.3 1.7	2.25	2.35	1.65	1.75	4321
2.3	1.8	2.3 1.8	2.25	2.35	1.75	1.85	4322
2.3	1.9	2.3 1.9	2.25	2.35	1.85	1.95	4323
2.3	2	2.3 2	2.25	2.35	1.95	2.05	4324
2.3	2.1	2.3 2.1	2.25	2.35	2.05	2.15	4325
2.3	2.2	2.3 2.2	2.25	2.35	2.15	2.25	4326
2.3	2.3	2.3 2.3	2.25	2.35	2.25	2.35	4327
2.3	2.4	2.3 2.4	2.25	2.35	2.35	2.45	4328
2.3	2.5	2.3 2.5	2.25	2.35	2.45	2.55	4329
2.3	2.6	2.3 2.6	2.25	2.35	2.55	2.65	4330
2.3	2.7	2.3 2.7	2.25	2.35	2.65	2.75	4331
2.3	2.8	2.3 2.8	2.25	2.35	2.75	2.85	4332
2.3	2.9	2.3 2.9	2.25	2.35	2.85	2.95	4333
2.3	3	2.3 3	2.25	2.35	2.95	3.05	4334
2.3	3.1	2.3 3.1	2.25	2.35	3.05	3.15	4335
2.3	3.2	2.3 3.2	2.25	2.35	3.15	3.25	4336
2.3	3.3	2.3 3.3	2.25	2.35	3.25	3.35	4337
2.3	3.4	2.3 3.4	2.25	2.35	3.35	3.45	4338
2.3	3.5	2.3 3.5	2.25	2.35	3.45	3.55	4339
2.3	3.6	2.3 3.6	2.25	2.35	3.55	3.65	4340
2.3	3.7	2.3 3.7	2.25	2.35	3.65	3.75	4341
2.3	3.8	2.3 3.8	2.25	2.35	3.75	3.85	4342
2.3	3.9	2.3 3.9	2.25	2.35	3.85	3.95	4343
2.3	4	2.3 4	2.25	2.35	3.95	4.05	4344
2.3	4.1	2.3 4.1	2.25	2.35	4.05	4.15	4345
2.3	4.2	2.3 4.2	2.25	2.35	4.15	4.25	4346
2.3	4.3	2.3 4.3	2.25	2.35	4.25	4.35	4347
2.3	4.4	2.3 4.4	2.25	2.35	4.35	4.45	4348
2.3	4.5	2.3 4.5	2.25	2.35	4.45	4.55	4349
2.3	4.6	2.3 4.6	2.25	2.35	4.55	4.65	4350
2.3	4.7	2.3 4.7	2.25	2.35	4.65	4.75	4351
2.3	4.8	2.3 4.8	2.25	2.35	4.75	4.85	4352
2.3	4.9	2.3 4.9	2.25	2.35	4.85	4.95	4353
2.3	5	2.3 5	2.25	2.35	4.95	5.05	4354
2.3	5.1	2.3 5.1	2.25	2.35	5.05	5.15	4355
2.3	5.2	2.3 5.2	2.25	2.35	5.15	5.25	4356
2.3	5.3	2.3 5.3	2.25	2.35	5.25	5.35	4357
2.3	5.4	2.3 5.4	2.25	2.35	5.35	5.45	4358
2.3	5.5	2.3 5.5	2.25	2.35	5.45	5.55	4359
2.3	5.6	2.3 5.6	2.25	2.35	5.55	5.65	4360
2.3	5.7	2.3 5.7	2.25	2.35	5.65	5.75	4361
2.3	5.8	2.3 5.8	2.25	2.35	5.75	5.85	4362
2.3	5.9	2.3 5.9	2.25	2.35	5.85	5.95	4363
2.3	6	2.3 6	2.25	2.35	5.95	6.05	4364
2.3	6.1	2.3 6.1	2.25	2.35	6.05	6.15	4365
2.3	6.2	2.3 6.2	2.25	2.35	6.15	6.25	4366
2.3	6.3	2.3 6.3	2.25	2.35	6.25	6.35	4367
2.3	6.4	2.3 6.4	2.25	2.35	6.35	6.45	4368
2.3	6.5	2.3 6.5	2.25	2.35	6.45	6.55	4369
2.3	6.6	2.3 6.6	2.25	2.35	6.55	6.65	4370
2.3	6.7	2.3 6.7	2.25	2.35	6.65	6.75	4371
2.3	6.8	2.3 6.8	2.25	2.35	6.75	6.85	4372
2.3	6.9	2.3 6.9	2.25	2.35	6.85	6.95	4373
2.3	7	2.3 7	2.25	2.35	6.95	7.05	4374
2.4	-1	2.4 -1	2.35	2.45	-1.05	-0.95	4375
2.4	-0.9	2.4 -0.9	2.35	2.45	-0.95	-0.85	4376
2.4	-0.8	2.4 -0.8	2.35	2.45	-0.85	-0.75	4377
2.4	-0.7	2.4 -0.7	2.35	2.45	-0.75	-0.65	4378
2.4	-0.6	2.4 -0.6	2.35	2.45	-0.65	-0.55	4379
2.4	-0.5	2.4 -0.5	2.35	2.45	-0.55	-0.45	4380
2.4	-0.4	2.4 -0.4	2.35	2.45	-0.45	-0.35	4381
2.4	-0.3	2.4 -0.3	2.35	2.45	-0.35	-0.25	4382
2.4	-0.2	2.4 -0.2	2.35	2.45	-0.25	-0.15	4383
2.4	-0.1	2.4 -0.1	2.35	2.45	-0.15	-0.0500000000000002	4384
2.4	0	2.4 0	2.35	2.45	-0.0499999999999998	0.0499999999999998	4385
2.4	0.1	2.4 0.1	2.35	2.45	0.0500000000000003	0.15	4386
2.4	0.2	2.4 0.2	2.35	2.45	0.15	0.25	4387
2.4	0.3	2.4 0.3	2.35	2.45	0.25	0.35	4388
2.4	0.4	2.4 0.4	2.35	2.45	0.35	0.45	4389
2.4	0.5	2.4 0.5	2.35	2.45	0.45	0.55	4390
2.4	0.6	2.4 0.6	2.35	2.45	0.55	0.65	4391
2.4	0.7	2.4 0.7	2.35	2.45	0.65	0.75	4392
2.4	0.8	2.4 0.8	2.35	2.45	0.75	0.85	4393
2.4	0.9	2.4 0.9	2.35	2.45	0.85	0.95	4394
2.4	1	2.4 1	2.35	2.45	0.95	1.05	4395
2.4	1.1	2.4 1.1	2.35	2.45	1.05	1.15	4396
2.4	1.2	2.4 1.2	2.35	2.45	1.15	1.25	4397
2.4	1.3	2.4 1.3	2.35	2.45	1.25	1.35	4398
2.4	1.4	2.4 1.4	2.35	2.45	1.35	1.45	4399
2.4	1.5	2.4 1.5	2.35	2.45	1.45	1.55	4400
2.4	1.6	2.4 1.6	2.35	2.45	1.55	1.65	4401
2.4	1.7	2.4 1.7	2.35	2.45	1.65	1.75	4402
2.4	1.8	2.4 1.8	2.35	2.45	1.75	1.85	4403
2.4	1.9	2.4 1.9	2.35	2.45	1.85	1.95	4404
2.4	2	2.4 2	2.35	2.45	1.95	2.05	4405
2.4	2.1	2.4 2.1	2.35	2.45	2.05	2.15	4406
2.4	2.2	2.4 2.2	2.35	2.45	2.15	2.25	4407
2.4	2.3	2.4 2.3	2.35	2.45	2.25	2.35	4408
2.4	2.4	2.4 2.4	2.35	2.45	2.35	2.45	4409
2.4	2.5	2.4 2.5	2.35	2.45	2.45	2.55	4410
2.4	2.6	2.4 2.6	2.35	2.45	2.55	2.65	4411
2.4	2.7	2.4 2.7	2.35	2.45	2.65	2.75	4412
2.4	2.8	2.4 2.8	2.35	2.45	2.75	2.85	4413
2.4	2.9	2.4 2.9	2.35	2.45	2.85	2.95	4414
2.4	3	2.4 3	2.35	2.45	2.95	3.05	4415
2.4	3.1	2.4 3.1	2.35	2.45	3.05	3.15	4416
2.4	3.2	2.4 3.2	2.35	2.45	3.15	3.25	4417
2.4	3.3	2.4 3.3	2.35	2.45	3.25	3.35	4418
2.4	3.4	2.4 3.4	2.35	2.45	3.35	3.45	4419
2.4	3.5	2.4 3.5	2.35	2.45	3.45	3.55	4420
2.4	3.6	2.4 3.6	2.35	2.45	3.55	3.65	4421
2.4	3.7	2.4 3.7	2.35	2.45	3.65	3.75	4422
2.4	3.8	2.4 3.8	2.35	2.45	3.75	3.85	4423
2.4	3.9	2.4 3.9	2.35	2.45	3.85	3.95	4424
2.4	4	2.4 4	2.35	2.45	3.95	4.05	4425
2.4	4.1	2.4 4.1	2.35	2.45	4.05	4.15	4426
2.4	4.2	2.4 4.2	2.35	2.45	4.15	4.25	4427
2.4	4.3	2.4 4.3	2.35	2.45	4.25	4.35	4428
2.4	4.4	2.4 4.4	2.35	2.45	4.35	4.45	4429
2.4	4.5	2.4 4.5	2.35	2.45	4.45	4.55	4430
2.4	4.6	2.4 4.6	2.35	2.45	4.55	4.65	4431
2.4	4.7	2.4 4.7	2.35	2.45	4.65	4.75	4432
2.4	4.8	2.4 4.8	2.35	2.45	4.75	4.85	4433
2.4	4.9	2.4 4.9	2.35	2.45	4.85	4.95	4434
2.4	5	2.4 5	2.35	2.45	4.95	5.05	4435
2.4	5.1	2.4 5.1	2.35	2.45	5.05	5.15	4436
2.4	5.2	2.4 5.2	2.35	2.45	5.15	5.25	4437
2.4	5.3	2.4 5.3	2.35	2.45	5.25	5.35	4438
2.4	5.4	2.4 5.4	2.35	2.45	5.35	5.45	4439
2.4	5.5	2.4 5.5	2.35	2.45	5.45	5.55	4440
2.4	5.6	2.4 5.6	2.35	2.45	5.55	5.65	4441
2.4	5.7	2.4 5.7	2.35	2.45	5.65	5.75	4442
2.4	5.8	2.4 5.8	2.35	2.45	5.75	5.85	4443
2.4	5.9	2.4 5.9	2.35	2.45	5.85	5.95	4444
2.4	6	2.4 6	2.35	2.45	5.95	6.05	4445
2.4	6.1	2.4 6.1	2.35	2.45	6.05	6.15	4446
2.4	6.2	2.4 6.2	2.35	2.45	6.15	6.25	4447
2.4	6.3	2.4 6.3	2.35	2.45	6.25	6.35	4448
2.4	6.4	2.4 6.4	2.35	2.45	6.35	6.45	4449
2.4	6.5	2.4 6.5	2.35	2.45	6.45	6.55	4450
2.4	6.6	2.4 6.6	2.35	2.45	6.55	6.65	4451
2.4	6.7	2.4 6.7	2.35	2.45	6.65	6.75	4452
2.4	6.8	2.4 6.8	2.35	2.45	6.75	6.85	4453
2.4	6.9	2.4 6.9	2.35	2.45	6.85	6.95	4454
2.4	7	2.4 7	2.35	2.45	6.95	7.05	4455
2.5	-1	2.5 -1	2.45	2.55	-1.05	-0.95	4456
2.5	-0.9	2.5 -0.9	2.45	2.55	-0.95	-0.85	4457
2.5	-0.8	2.5 -0.8	2.45	2.55	-0.85	-0.75	4458
2.5	-0.7	2.5 -0.7	2.45	2.55	-0.75	-0.65	4459
2.5	-0.6	2.5 -0.6	2.45	2.55	-0.65	-0.55	4460
2.5	-0.5	2.5 -0.5	2.45	2.55	-0.55	-0.45	4461
2.5	-0.4	2.5 -0.4	2.45	2.55	-0.45	-0.35	4462
2.5	-0.3	2.5 -0.3	2.45	2.55	-0.35	-0.25	4463
2.5	-0.2	2.5 -0.2	2.45	2.55	-0.25	-0.15	4464
2.5	-0.1	2.5 -0.1	2.45	2.55	-0.15	-0.0500000000000002	4465
2.5	0	2.5 0	2.45	2.55	-0.0499999999999998	0.0499999999999998	4466
2.5	0.1	2.5 0.1	2.45	2.55	0.0500000000000003	0.15	4467
2.5	0.2	2.5 0.2	2.45	2.55	0.15	0.25	4468
2.5	0.3	2.5 0.3	2.45	2.55	0.25	0.35	4469
2.5	0.4	2.5 0.4	2.45	2.55	0.35	0.45	4470
2.5	0.5	2.5 0.5	2.45	2.55	0.45	0.55	4471
2.5	0.6	2.5 0.6	2.45	2.55	0.55	0.65	4472
2.5	0.7	2.5 0.7	2.45	2.55	0.65	0.75	4473
2.5	0.8	2.5 0.8	2.45	2.55	0.75	0.85	4474
2.5	0.9	2.5 0.9	2.45	2.55	0.85	0.95	4475
2.5	1	2.5 1	2.45	2.55	0.95	1.05	4476
2.5	1.1	2.5 1.1	2.45	2.55	1.05	1.15	4477
2.5	1.2	2.5 1.2	2.45	2.55	1.15	1.25	4478
2.5	1.3	2.5 1.3	2.45	2.55	1.25	1.35	4479
2.5	1.4	2.5 1.4	2.45	2.55	1.35	1.45	4480
2.5	1.5	2.5 1.5	2.45	2.55	1.45	1.55	4481
2.5	1.6	2.5 1.6	2.45	2.55	1.55	1.65	4482
2.5	1.7	2.5 1.7	2.45	2.55	1.65	1.75	4483
2.5	1.8	2.5 1.8	2.45	2.55	1.75	1.85	4484
2.5	1.9	2.5 1.9	2.45	2.55	1.85	1.95	4485
2.5	2	2.5 2	2.45	2.55	1.95	2.05	4486
2.5	2.1	2.5 2.1	2.45	2.55	2.05	2.15	4487
2.5	2.2	2.5 2.2	2.45	2.55	2.15	2.25	4488
2.5	2.3	2.5 2.3	2.45	2.55	2.25	2.35	4489
2.5	2.4	2.5 2.4	2.45	2.55	2.35	2.45	4490
2.5	2.5	2.5 2.5	2.45	2.55	2.45	2.55	4491
2.5	2.6	2.5 2.6	2.45	2.55	2.55	2.65	4492
2.5	2.7	2.5 2.7	2.45	2.55	2.65	2.75	4493
2.5	2.8	2.5 2.8	2.45	2.55	2.75	2.85	4494
2.5	2.9	2.5 2.9	2.45	2.55	2.85	2.95	4495
2.5	3	2.5 3	2.45	2.55	2.95	3.05	4496
2.5	3.1	2.5 3.1	2.45	2.55	3.05	3.15	4497
2.5	3.2	2.5 3.2	2.45	2.55	3.15	3.25	4498
2.5	3.3	2.5 3.3	2.45	2.55	3.25	3.35	4499
2.5	3.4	2.5 3.4	2.45	2.55	3.35	3.45	4500
2.5	3.5	2.5 3.5	2.45	2.55	3.45	3.55	4501
2.5	3.6	2.5 3.6	2.45	2.55	3.55	3.65	4502
2.5	3.7	2.5 3.7	2.45	2.55	3.65	3.75	4503
2.5	3.8	2.5 3.8	2.45	2.55	3.75	3.85	4504
2.5	3.9	2.5 3.9	2.45	2.55	3.85	3.95	4505
2.5	4	2.5 4	2.45	2.55	3.95	4.05	4506
2.5	4.1	2.5 4.1	2.45	2.55	4.05	4.15	4507
2.5	4.2	2.5 4.2	2.45	2.55	4.15	4.25	4508
2.5	4.3	2.5 4.3	2.45	2.55	4.25	4.35	4509
2.5	4.4	2.5 4.4	2.45	2.55	4.35	4.45	4510
2.5	4.5	2.5 4.5	2.45	2.55	4.45	4.55	4511
2.5	4.6	2.5 4.6	2.45	2.55	4.55	4.65	4512
2.5	4.7	2.5 4.7	2.45	2.55	4.65	4.75	4513
2.5	4.8	2.5 4.8	2.45	2.55	4.75	4.85	4514
2.5	4.9	2.5 4.9	2.45	2.55	4.85	4.95	4515
2.5	5	2.5 5	2.45	2.55	4.95	5.05	4516
2.5	5.1	2.5 5.1	2.45	2.55	5.05	5.15	4517
2.5	5.2	2.5 5.2	2.45	2.55	5.15	5.25	4518
2.5	5.3	2.5 5.3	2.45	2.55	5.25	5.35	4519
2.5	5.4	2.5 5.4	2.45	2.55	5.35	5.45	4520
2.5	5.5	2.5 5.5	2.45	2.55	5.45	5.55	4521
2.5	5.6	2.5 5.6	2.45	2.55	5.55	5.65	4522
2.5	5.7	2.5 5.7	2.45	2.55	5.65	5.75	4523
2.5	5.8	2.5 5.8	2.45	2.55	5.75	5.85	4524
2.5	5.9	2.5 5.9	2.45	2.55	5.85	5.95	4525
2.5	6	2.5 6	2.45	2.55	5.95	6.05	4526
2.5	6.1	2.5 6.1	2.45	2.55	6.05	6.15	4527
2.5	6.2	2.5 6.2	2.45	2.55	6.15	6.25	4528
2.5	6.3	2.5 6.3	2.45	2.55	6.25	6.35	4529
2.5	6.4	2.5 6.4	2.45	2.55	6.35	6.45	4530
2.5	6.5	2.5 6.5	2.45	2.55	6.45	6.55	4531
2.5	6.6	2.5 6.6	2.45	2.55	6.55	6.65	4532
2.5	6.7	2.5 6.7	2.45	2.55	6.65	6.75	4533
2.5	6.8	2.5 6.8	2.45	2.55	6.75	6.85	4534
2.5	6.9	2.5 6.9	2.45	2.55	6.85	6.95	4535
2.5	7	2.5 7	2.45	2.55	6.95	7.05	4536
2.6	-1	2.6 -1	2.55	2.65	-1.05	-0.95	4537
2.6	-0.9	2.6 -0.9	2.55	2.65	-0.95	-0.85	4538
2.6	-0.8	2.6 -0.8	2.55	2.65	-0.85	-0.75	4539
2.6	-0.7	2.6 -0.7	2.55	2.65	-0.75	-0.65	4540
2.6	-0.6	2.6 -0.6	2.55	2.65	-0.65	-0.55	4541
2.6	-0.5	2.6 -0.5	2.55	2.65	-0.55	-0.45	4542
2.6	-0.4	2.6 -0.4	2.55	2.65	-0.45	-0.35	4543
2.6	-0.3	2.6 -0.3	2.55	2.65	-0.35	-0.25	4544
2.6	-0.2	2.6 -0.2	2.55	2.65	-0.25	-0.15	4545
2.6	-0.1	2.6 -0.1	2.55	2.65	-0.15	-0.0500000000000002	4546
2.6	0	2.6 0	2.55	2.65	-0.0499999999999998	0.0499999999999998	4547
2.6	0.1	2.6 0.1	2.55	2.65	0.0500000000000003	0.15	4548
2.6	0.2	2.6 0.2	2.55	2.65	0.15	0.25	4549
2.6	0.3	2.6 0.3	2.55	2.65	0.25	0.35	4550
2.6	0.4	2.6 0.4	2.55	2.65	0.35	0.45	4551
2.6	0.5	2.6 0.5	2.55	2.65	0.45	0.55	4552
2.6	0.6	2.6 0.6	2.55	2.65	0.55	0.65	4553
2.6	0.7	2.6 0.7	2.55	2.65	0.65	0.75	4554
2.6	0.8	2.6 0.8	2.55	2.65	0.75	0.85	4555
2.6	0.9	2.6 0.9	2.55	2.65	0.85	0.95	4556
2.6	1	2.6 1	2.55	2.65	0.95	1.05	4557
2.6	1.1	2.6 1.1	2.55	2.65	1.05	1.15	4558
2.6	1.2	2.6 1.2	2.55	2.65	1.15	1.25	4559
2.6	1.3	2.6 1.3	2.55	2.65	1.25	1.35	4560
2.6	1.4	2.6 1.4	2.55	2.65	1.35	1.45	4561
2.6	1.5	2.6 1.5	2.55	2.65	1.45	1.55	4562
2.6	1.6	2.6 1.6	2.55	2.65	1.55	1.65	4563
2.6	1.7	2.6 1.7	2.55	2.65	1.65	1.75	4564
2.6	1.8	2.6 1.8	2.55	2.65	1.75	1.85	4565
2.6	1.9	2.6 1.9	2.55	2.65	1.85	1.95	4566
2.6	2	2.6 2	2.55	2.65	1.95	2.05	4567
2.6	2.1	2.6 2.1	2.55	2.65	2.05	2.15	4568
2.6	2.2	2.6 2.2	2.55	2.65	2.15	2.25	4569
2.6	2.3	2.6 2.3	2.55	2.65	2.25	2.35	4570
2.6	2.4	2.6 2.4	2.55	2.65	2.35	2.45	4571
2.6	2.5	2.6 2.5	2.55	2.65	2.45	2.55	4572
2.6	2.6	2.6 2.6	2.55	2.65	2.55	2.65	4573
2.6	2.7	2.6 2.7	2.55	2.65	2.65	2.75	4574
2.6	2.8	2.6 2.8	2.55	2.65	2.75	2.85	4575
2.6	2.9	2.6 2.9	2.55	2.65	2.85	2.95	4576
2.6	3	2.6 3	2.55	2.65	2.95	3.05	4577
2.6	3.1	2.6 3.1	2.55	2.65	3.05	3.15	4578
2.6	3.2	2.6 3.2	2.55	2.65	3.15	3.25	4579
2.6	3.3	2.6 3.3	2.55	2.65	3.25	3.35	4580
2.6	3.4	2.6 3.4	2.55	2.65	3.35	3.45	4581
2.6	3.5	2.6 3.5	2.55	2.65	3.45	3.55	4582
2.6	3.6	2.6 3.6	2.55	2.65	3.55	3.65	4583
2.6	3.7	2.6 3.7	2.55	2.65	3.65	3.75	4584
2.6	3.8	2.6 3.8	2.55	2.65	3.75	3.85	4585
2.6	3.9	2.6 3.9	2.55	2.65	3.85	3.95	4586
2.6	4	2.6 4	2.55	2.65	3.95	4.05	4587
2.6	4.1	2.6 4.1	2.55	2.65	4.05	4.15	4588
2.6	4.2	2.6 4.2	2.55	2.65	4.15	4.25	4589
2.6	4.3	2.6 4.3	2.55	2.65	4.25	4.35	4590
2.6	4.4	2.6 4.4	2.55	2.65	4.35	4.45	4591
2.6	4.5	2.6 4.5	2.55	2.65	4.45	4.55	4592
2.6	4.6	2.6 4.6	2.55	2.65	4.55	4.65	4593
2.6	4.7	2.6 4.7	2.55	2.65	4.65	4.75	4594
2.6	4.8	2.6 4.8	2.55	2.65	4.75	4.85	4595
2.6	4.9	2.6 4.9	2.55	2.65	4.85	4.95	4596
2.6	5	2.6 5	2.55	2.65	4.95	5.05	4597
2.6	5.1	2.6 5.1	2.55	2.65	5.05	5.15	4598
2.6	5.2	2.6 5.2	2.55	2.65	5.15	5.25	4599
2.6	5.3	2.6 5.3	2.55	2.65	5.25	5.35	4600
2.6	5.4	2.6 5.4	2.55	2.65	5.35	5.45	4601
2.6	5.5	2.6 5.5	2.55	2.65	5.45	5.55	4602
2.6	5.6	2.6 5.6	2.55	2.65	5.55	5.65	4603
2.6	5.7	2.6 5.7	2.55	2.65	5.65	5.75	4604
2.6	5.8	2.6 5.8	2.55	2.65	5.75	5.85	4605
2.6	5.9	2.6 5.9	2.55	2.65	5.85	5.95	4606
2.6	6	2.6 6	2.55	2.65	5.95	6.05	4607
2.6	6.1	2.6 6.1	2.55	2.65	6.05	6.15	4608
2.6	6.2	2.6 6.2	2.55	2.65	6.15	6.25	4609
2.6	6.3	2.6 6.3	2.55	2.65	6.25	6.35	4610
2.6	6.4	2.6 6.4	2.55	2.65	6.35	6.45	4611
2.6	6.5	2.6 6.5	2.55	2.65	6.45	6.55	4612
2.6	6.6	2.6 6.6	2.55	2.65	6.55	6.65	4613
2.6	6.7	2.6 6.7	2.55	2.65	6.65	6.75	4614
2.6	6.8	2.6 6.8	2.55	2.65	6.75	6.85	4615
2.6	6.9	2.6 6.9	2.55	2.65	6.85	6.95	4616
2.6	7	2.6 7	2.55	2.65	6.95	7.05	4617
2.7	-1	2.7 -1	2.65	2.75	-1.05	-0.95	4618
2.7	-0.9	2.7 -0.9	2.65	2.75	-0.95	-0.85	4619
2.7	-0.8	2.7 -0.8	2.65	2.75	-0.85	-0.75	4620
2.7	-0.7	2.7 -0.7	2.65	2.75	-0.75	-0.65	4621
2.7	-0.6	2.7 -0.6	2.65	2.75	-0.65	-0.55	4622
2.7	-0.5	2.7 -0.5	2.65	2.75	-0.55	-0.45	4623
2.7	-0.4	2.7 -0.4	2.65	2.75	-0.45	-0.35	4624
2.7	-0.3	2.7 -0.3	2.65	2.75	-0.35	-0.25	4625
2.7	-0.2	2.7 -0.2	2.65	2.75	-0.25	-0.15	4626
2.7	-0.1	2.7 -0.1	2.65	2.75	-0.15	-0.0500000000000002	4627
2.7	0	2.7 0	2.65	2.75	-0.0499999999999998	0.0499999999999998	4628
2.7	0.1	2.7 0.1	2.65	2.75	0.0500000000000003	0.15	4629
2.7	0.2	2.7 0.2	2.65	2.75	0.15	0.25	4630
2.7	0.3	2.7 0.3	2.65	2.75	0.25	0.35	4631
2.7	0.4	2.7 0.4	2.65	2.75	0.35	0.45	4632
2.7	0.5	2.7 0.5	2.65	2.75	0.45	0.55	4633
2.7	0.6	2.7 0.6	2.65	2.75	0.55	0.65	4634
2.7	0.7	2.7 0.7	2.65	2.75	0.65	0.75	4635
2.7	0.8	2.7 0.8	2.65	2.75	0.75	0.85	4636
2.7	0.9	2.7 0.9	2.65	2.75	0.85	0.95	4637
2.7	1	2.7 1	2.65	2.75	0.95	1.05	4638
2.7	1.1	2.7 1.1	2.65	2.75	1.05	1.15	4639
2.7	1.2	2.7 1.2	2.65	2.75	1.15	1.25	4640
2.7	1.3	2.7 1.3	2.65	2.75	1.25	1.35	4641
2.7	1.4	2.7 1.4	2.65	2.75	1.35	1.45	4642
2.7	1.5	2.7 1.5	2.65	2.75	1.45	1.55	4643
2.7	1.6	2.7 1.6	2.65	2.75	1.55	1.65	4644
2.7	1.7	2.7 1.7	2.65	2.75	1.65	1.75	4645
2.7	1.8	2.7 1.8	2.65	2.75	1.75	1.85	4646
2.7	1.9	2.7 1.9	2.65	2.75	1.85	1.95	4647
2.7	2	2.7 2	2.65	2.75	1.95	2.05	4648
2.7	2.1	2.7 2.1	2.65	2.75	2.05	2.15	4649
2.7	2.2	2.7 2.2	2.65	2.75	2.15	2.25	4650
2.7	2.3	2.7 2.3	2.65	2.75	2.25	2.35	4651
2.7	2.4	2.7 2.4	2.65	2.75	2.35	2.45	4652
2.7	2.5	2.7 2.5	2.65	2.75	2.45	2.55	4653
2.7	2.6	2.7 2.6	2.65	2.75	2.55	2.65	4654
2.7	2.7	2.7 2.7	2.65	2.75	2.65	2.75	4655
2.7	2.8	2.7 2.8	2.65	2.75	2.75	2.85	4656
2.7	2.9	2.7 2.9	2.65	2.75	2.85	2.95	4657
2.7	3	2.7 3	2.65	2.75	2.95	3.05	4658
2.7	3.1	2.7 3.1	2.65	2.75	3.05	3.15	4659
2.7	3.2	2.7 3.2	2.65	2.75	3.15	3.25	4660
2.7	3.3	2.7 3.3	2.65	2.75	3.25	3.35	4661
2.7	3.4	2.7 3.4	2.65	2.75	3.35	3.45	4662
2.7	3.5	2.7 3.5	2.65	2.75	3.45	3.55	4663
2.7	3.6	2.7 3.6	2.65	2.75	3.55	3.65	4664
2.7	3.7	2.7 3.7	2.65	2.75	3.65	3.75	4665
2.7	3.8	2.7 3.8	2.65	2.75	3.75	3.85	4666
2.7	3.9	2.7 3.9	2.65	2.75	3.85	3.95	4667
2.7	4	2.7 4	2.65	2.75	3.95	4.05	4668
2.7	4.1	2.7 4.1	2.65	2.75	4.05	4.15	4669
2.7	4.2	2.7 4.2	2.65	2.75	4.15	4.25	4670
2.7	4.3	2.7 4.3	2.65	2.75	4.25	4.35	4671
2.7	4.4	2.7 4.4	2.65	2.75	4.35	4.45	4672
2.7	4.5	2.7 4.5	2.65	2.75	4.45	4.55	4673
2.7	4.6	2.7 4.6	2.65	2.75	4.55	4.65	4674
2.7	4.7	2.7 4.7	2.65	2.75	4.65	4.75	4675
2.7	4.8	2.7 4.8	2.65	2.75	4.75	4.85	4676
2.7	4.9	2.7 4.9	2.65	2.75	4.85	4.95	4677
2.7	5	2.7 5	2.65	2.75	4.95	5.05	4678
2.7	5.1	2.7 5.1	2.65	2.75	5.05	5.15	4679
2.7	5.2	2.7 5.2	2.65	2.75	5.15	5.25	4680
2.7	5.3	2.7 5.3	2.65	2.75	5.25	5.35	4681
2.7	5.4	2.7 5.4	2.65	2.75	5.35	5.45	4682
2.7	5.5	2.7 5.5	2.65	2.75	5.45	5.55	4683
2.7	5.6	2.7 5.6	2.65	2.75	5.55	5.65	4684
2.7	5.7	2.7 5.7	2.65	2.75	5.65	5.75	4685
2.7	5.8	2.7 5.8	2.65	2.75	5.75	5.85	4686
2.7	5.9	2.7 5.9	2.65	2.75	5.85	5.95	4687
2.7	6	2.7 6	2.65	2.75	5.95	6.05	4688
2.7	6.1	2.7 6.1	2.65	2.75	6.05	6.15	4689
2.7	6.2	2.7 6.2	2.65	2.75	6.15	6.25	4690
2.7	6.3	2.7 6.3	2.65	2.75	6.25	6.35	4691
2.7	6.4	2.7 6.4	2.65	2.75	6.35	6.45	4692
2.7	6.5	2.7 6.5	2.65	2.75	6.45	6.55	4693
2.7	6.6	2.7 6.6	2.65	2.75	6.55	6.65	4694
2.7	6.7	2.7 6.7	2.65	2.75	6.65	6.75	4695
2.7	6.8	2.7 6.8	2.65	2.75	6.75	6.85	4696
2.7	6.9	2.7 6.9	2.65	2.75	6.85	6.95	4697
2.7	7	2.7 7	2.65	2.75	6.95	7.05	4698
2.8	-1	2.8 -1	2.75	2.85	-1.05	-0.95	4699
2.8	-0.9	2.8 -0.9	2.75	2.85	-0.95	-0.85	4700
2.8	-0.8	2.8 -0.8	2.75	2.85	-0.85	-0.75	4701
2.8	-0.7	2.8 -0.7	2.75	2.85	-0.75	-0.65	4702
2.8	-0.6	2.8 -0.6	2.75	2.85	-0.65	-0.55	4703
2.8	-0.5	2.8 -0.5	2.75	2.85	-0.55	-0.45	4704
2.8	-0.4	2.8 -0.4	2.75	2.85	-0.45	-0.35	4705
2.8	-0.3	2.8 -0.3	2.75	2.85	-0.35	-0.25	4706
2.8	-0.2	2.8 -0.2	2.75	2.85	-0.25	-0.15	4707
2.8	-0.1	2.8 -0.1	2.75	2.85	-0.15	-0.0500000000000002	4708
2.8	0	2.8 0	2.75	2.85	-0.0499999999999998	0.0499999999999998	4709
2.8	0.1	2.8 0.1	2.75	2.85	0.0500000000000003	0.15	4710
2.8	0.2	2.8 0.2	2.75	2.85	0.15	0.25	4711
2.8	0.3	2.8 0.3	2.75	2.85	0.25	0.35	4712
2.8	0.4	2.8 0.4	2.75	2.85	0.35	0.45	4713
2.8	0.5	2.8 0.5	2.75	2.85	0.45	0.55	4714
2.8	0.6	2.8 0.6	2.75	2.85	0.55	0.65	4715
2.8	0.7	2.8 0.7	2.75	2.85	0.65	0.75	4716
2.8	0.8	2.8 0.8	2.75	2.85	0.75	0.85	4717
2.8	0.9	2.8 0.9	2.75	2.85	0.85	0.95	4718
2.8	1	2.8 1	2.75	2.85	0.95	1.05	4719
2.8	1.1	2.8 1.1	2.75	2.85	1.05	1.15	4720
2.8	1.2	2.8 1.2	2.75	2.85	1.15	1.25	4721
2.8	1.3	2.8 1.3	2.75	2.85	1.25	1.35	4722
2.8	1.4	2.8 1.4	2.75	2.85	1.35	1.45	4723
2.8	1.5	2.8 1.5	2.75	2.85	1.45	1.55	4724
2.8	1.6	2.8 1.6	2.75	2.85	1.55	1.65	4725
2.8	1.7	2.8 1.7	2.75	2.85	1.65	1.75	4726
2.8	1.8	2.8 1.8	2.75	2.85	1.75	1.85	4727
2.8	1.9	2.8 1.9	2.75	2.85	1.85	1.95	4728
2.8	2	2.8 2	2.75	2.85	1.95	2.05	4729
2.8	2.1	2.8 2.1	2.75	2.85	2.05	2.15	4730
2.8	2.2	2.8 2.2	2.75	2.85	2.15	2.25	4731
2.8	2.3	2.8 2.3	2.75	2.85	2.25	2.35	4732
2.8	2.4	2.8 2.4	2.75	2.85	2.35	2.45	4733
2.8	2.5	2.8 2.5	2.75	2.85	2.45	2.55	4734
2.8	2.6	2.8 2.6	2.75	2.85	2.55	2.65	4735
2.8	2.7	2.8 2.7	2.75	2.85	2.65	2.75	4736
2.8	2.8	2.8 2.8	2.75	2.85	2.75	2.85	4737
2.8	2.9	2.8 2.9	2.75	2.85	2.85	2.95	4738
2.8	3	2.8 3	2.75	2.85	2.95	3.05	4739
2.8	3.1	2.8 3.1	2.75	2.85	3.05	3.15	4740
2.8	3.2	2.8 3.2	2.75	2.85	3.15	3.25	4741
2.8	3.3	2.8 3.3	2.75	2.85	3.25	3.35	4742
2.8	3.4	2.8 3.4	2.75	2.85	3.35	3.45	4743
2.8	3.5	2.8 3.5	2.75	2.85	3.45	3.55	4744
2.8	3.6	2.8 3.6	2.75	2.85	3.55	3.65	4745
2.8	3.7	2.8 3.7	2.75	2.85	3.65	3.75	4746
2.8	3.8	2.8 3.8	2.75	2.85	3.75	3.85	4747
2.8	3.9	2.8 3.9	2.75	2.85	3.85	3.95	4748
2.8	4	2.8 4	2.75	2.85	3.95	4.05	4749
2.8	4.1	2.8 4.1	2.75	2.85	4.05	4.15	4750
2.8	4.2	2.8 4.2	2.75	2.85	4.15	4.25	4751
2.8	4.3	2.8 4.3	2.75	2.85	4.25	4.35	4752
2.8	4.4	2.8 4.4	2.75	2.85	4.35	4.45	4753
2.8	4.5	2.8 4.5	2.75	2.85	4.45	4.55	4754
2.8	4.6	2.8 4.6	2.75	2.85	4.55	4.65	4755
2.8	4.7	2.8 4.7	2.75	2.85	4.65	4.75	4756
2.8	4.8	2.8 4.8	2.75	2.85	4.75	4.85	4757
2.8	4.9	2.8 4.9	2.75	2.85	4.85	4.95	4758
2.8	5	2.8 5	2.75	2.85	4.95	5.05	4759
2.8	5.1	2.8 5.1	2.75	2.85	5.05	5.15	4760
2.8	5.2	2.8 5.2	2.75	2.85	5.15	5.25	4761
2.8	5.3	2.8 5.3	2.75	2.85	5.25	5.35	4762
2.8	5.4	2.8 5.4	2.75	2.85	5.35	5.45	4763
2.8	5.5	2.8 5.5	2.75	2.85	5.45	5.55	4764
2.8	5.6	2.8 5.6	2.75	2.85	5.55	5.65	4765
2.8	5.7	2.8 5.7	2.75	2.85	5.65	5.75	4766
2.8	5.8	2.8 5.8	2.75	2.85	5.75	5.85	4767
2.8	5.9	2.8 5.9	2.75	2.85	5.85	5.95	4768
2.8	6	2.8 6	2.75	2.85	5.95	6.05	4769
2.8	6.1	2.8 6.1	2.75	2.85	6.05	6.15	4770
2.8	6.2	2.8 6.2	2.75	2.85	6.15	6.25	4771
2.8	6.3	2.8 6.3	2.75	2.85	6.25	6.35	4772
2.8	6.4	2.8 6.4	2.75	2.85	6.35	6.45	4773
2.8	6.5	2.8 6.5	2.75	2.85	6.45	6.55	4774
2.8	6.6	2.8 6.6	2.75	2.85	6.55	6.65	4775
2.8	6.7	2.8 6.7	2.75	2.85	6.65	6.75	4776
2.8	6.8	2.8 6.8	2.75	2.85	6.75	6.85	4777
2.8	6.9	2.8 6.9	2.75	2.85	6.85	6.95	4778
2.8	7	2.8 7	2.75	2.85	6.95	7.05	4779
2.9	-1	2.9 -1	2.85	2.95	-1.05	-0.95	4780
2.9	-0.9	2.9 -0.9	2.85	2.95	-0.95	-0.85	4781
2.9	-0.8	2.9 -0.8	2.85	2.95	-0.85	-0.75	4782
2.9	-0.7	2.9 -0.7	2.85	2.95	-0.75	-0.65	4783
2.9	-0.6	2.9 -0.6	2.85	2.95	-0.65	-0.55	4784
2.9	-0.5	2.9 -0.5	2.85	2.95	-0.55	-0.45	4785
2.9	-0.4	2.9 -0.4	2.85	2.95	-0.45	-0.35	4786
2.9	-0.3	2.9 -0.3	2.85	2.95	-0.35	-0.25	4787
2.9	-0.2	2.9 -0.2	2.85	2.95	-0.25	-0.15	4788
2.9	-0.1	2.9 -0.1	2.85	2.95	-0.15	-0.0500000000000002	4789
2.9	0	2.9 0	2.85	2.95	-0.0499999999999998	0.0499999999999998	4790
2.9	0.1	2.9 0.1	2.85	2.95	0.0500000000000003	0.15	4791
2.9	0.2	2.9 0.2	2.85	2.95	0.15	0.25	4792
2.9	0.3	2.9 0.3	2.85	2.95	0.25	0.35	4793
2.9	0.4	2.9 0.4	2.85	2.95	0.35	0.45	4794
2.9	0.5	2.9 0.5	2.85	2.95	0.45	0.55	4795
2.9	0.6	2.9 0.6	2.85	2.95	0.55	0.65	4796
2.9	0.7	2.9 0.7	2.85	2.95	0.65	0.75	4797
2.9	0.8	2.9 0.8	2.85	2.95	0.75	0.85	4798
2.9	0.9	2.9 0.9	2.85	2.95	0.85	0.95	4799
2.9	1	2.9 1	2.85	2.95	0.95	1.05	4800
2.9	1.1	2.9 1.1	2.85	2.95	1.05	1.15	4801
2.9	1.2	2.9 1.2	2.85	2.95	1.15	1.25	4802
2.9	1.3	2.9 1.3	2.85	2.95	1.25	1.35	4803
2.9	1.4	2.9 1.4	2.85	2.95	1.35	1.45	4804
2.9	1.5	2.9 1.5	2.85	2.95	1.45	1.55	4805
2.9	1.6	2.9 1.6	2.85	2.95	1.55	1.65	4806
2.9	1.7	2.9 1.7	2.85	2.95	1.65	1.75	4807
2.9	1.8	2.9 1.8	2.85	2.95	1.75	1.85	4808
2.9	1.9	2.9 1.9	2.85	2.95	1.85	1.95	4809
2.9	2	2.9 2	2.85	2.95	1.95	2.05	4810
2.9	2.1	2.9 2.1	2.85	2.95	2.05	2.15	4811
2.9	2.2	2.9 2.2	2.85	2.95	2.15	2.25	4812
2.9	2.3	2.9 2.3	2.85	2.95	2.25	2.35	4813
2.9	2.4	2.9 2.4	2.85	2.95	2.35	2.45	4814
2.9	2.5	2.9 2.5	2.85	2.95	2.45	2.55	4815
2.9	2.6	2.9 2.6	2.85	2.95	2.55	2.65	4816
2.9	2.7	2.9 2.7	2.85	2.95	2.65	2.75	4817
2.9	2.8	2.9 2.8	2.85	2.95	2.75	2.85	4818
2.9	2.9	2.9 2.9	2.85	2.95	2.85	2.95	4819
2.9	3	2.9 3	2.85	2.95	2.95	3.05	4820
2.9	3.1	2.9 3.1	2.85	2.95	3.05	3.15	4821
2.9	3.2	2.9 3.2	2.85	2.95	3.15	3.25	4822
2.9	3.3	2.9 3.3	2.85	2.95	3.25	3.35	4823
2.9	3.4	2.9 3.4	2.85	2.95	3.35	3.45	4824
2.9	3.5	2.9 3.5	2.85	2.95	3.45	3.55	4825
2.9	3.6	2.9 3.6	2.85	2.95	3.55	3.65	4826
2.9	3.7	2.9 3.7	2.85	2.95	3.65	3.75	4827
2.9	3.8	2.9 3.8	2.85	2.95	3.75	3.85	4828
2.9	3.9	2.9 3.9	2.85	2.95	3.85	3.95	4829
2.9	4	2.9 4	2.85	2.95	3.95	4.05	4830
2.9	4.1	2.9 4.1	2.85	2.95	4.05	4.15	4831
2.9	4.2	2.9 4.2	2.85	2.95	4.15	4.25	4832
2.9	4.3	2.9 4.3	2.85	2.95	4.25	4.35	4833
2.9	4.4	2.9 4.4	2.85	2.95	4.35	4.45	4834
2.9	4.5	2.9 4.5	2.85	2.95	4.45	4.55	4835
2.9	4.6	2.9 4.6	2.85	2.95	4.55	4.65	4836
2.9	4.7	2.9 4.7	2.85	2.95	4.65	4.75	4837
2.9	4.8	2.9 4.8	2.85	2.95	4.75	4.85	4838
2.9	4.9	2.9 4.9	2.85	2.95	4.85	4.95	4839
2.9	5	2.9 5	2.85	2.95	4.95	5.05	4840
2.9	5.1	2.9 5.1	2.85	2.95	5.05	5.15	4841
2.9	5.2	2.9 5.2	2.85	2.95	5.15	5.25	4842
2.9	5.3	2.9 5.3	2.85	2.95	5.25	5.35	4843
2.9	5.4	2.9 5.4	2.85	2.95	5.35	5.45	4844
2.9	5.5	2.9 5.5	2.85	2.95	5.45	5.55	4845
2.9	5.6	2.9 5.6	2.85	2.95	5.55	5.65	4846
2.9	5.7	2.9 5.7	2.85	2.95	5.65	5.75	4847
2.9	5.8	2.9 5.8	2.85	2.95	5.75	5.85	4848
2.9	5.9	2.9 5.9	2.85	2.95	5.85	5.95	4849
2.9	6	2.9 6	2.85	2.95	5.95	6.05	4850
2.9	6.1	2.9 6.1	2.85	2.95	6.05	6.15	4851
2.9	6.2	2.9 6.2	2.85	2.95	6.15	6.25	4852
2.9	6.3	2.9 6.3	2.85	2.95	6.25	6.35	4853
2.9	6.4	2.9 6.4	2.85	2.95	6.35	6.45	4854
2.9	6.5	2.9 6.5	2.85	2.95	6.45	6.55	4855
2.9	6.6	2.9 6.6	2.85	2.95	6.55	6.65	4856
2.9	6.7	2.9 6.7	2.85	2.95	6.65	6.75	4857
2.9	6.8	2.9 6.8	2.85	2.95	6.75	6.85	4858
2.9	6.9	2.9 6.9	2.85	2.95	6.85	6.95	4859
2.9	7	2.9 7	2.85	2.95	6.95	7.05	4860
3	-1	3 -1	2.95	3.05	-1.05	-0.95	4861
3	-0.9	3 -0.9	2.95	3.05	-0.95	-0.85	4862
3	-0.8	3 -0.8	2.95	3.05	-0.85	-0.75	4863
3	-0.7	3 -0.7	2.95	3.05	-0.75	-0.65	4864
3	-0.6	3 -0.6	2.95	3.05	-0.65	-0.55	4865
3	-0.5	3 -0.5	2.95	3.05	-0.55	-0.45	4866
3	-0.4	3 -0.4	2.95	3.05	-0.45	-0.35	4867
3	-0.3	3 -0.3	2.95	3.05	-0.35	-0.25	4868
3	-0.2	3 -0.2	2.95	3.05	-0.25	-0.15	4869
3	-0.1	3 -0.1	2.95	3.05	-0.15	-0.0500000000000002	4870
3	0	3 0	2.95	3.05	-0.0499999999999998	0.0499999999999998	4871
3	0.1	3 0.1	2.95	3.05	0.0500000000000003	0.15	4872
3	0.2	3 0.2	2.95	3.05	0.15	0.25	4873
3	0.3	3 0.3	2.95	3.05	0.25	0.35	4874
3	0.4	3 0.4	2.95	3.05	0.35	0.45	4875
3	0.5	3 0.5	2.95	3.05	0.45	0.55	4876
3	0.6	3 0.6	2.95	3.05	0.55	0.65	4877
3	0.7	3 0.7	2.95	3.05	0.65	0.75	4878
3	0.8	3 0.8	2.95	3.05	0.75	0.85	4879
3	0.9	3 0.9	2.95	3.05	0.85	0.95	4880
3	1	3 1	2.95	3.05	0.95	1.05	4881
3	1.1	3 1.1	2.95	3.05	1.05	1.15	4882
3	1.2	3 1.2	2.95	3.05	1.15	1.25	4883
3	1.3	3 1.3	2.95	3.05	1.25	1.35	4884
3	1.4	3 1.4	2.95	3.05	1.35	1.45	4885
3	1.5	3 1.5	2.95	3.05	1.45	1.55	4886
3	1.6	3 1.6	2.95	3.05	1.55	1.65	4887
3	1.7	3 1.7	2.95	3.05	1.65	1.75	4888
3	1.8	3 1.8	2.95	3.05	1.75	1.85	4889
3	1.9	3 1.9	2.95	3.05	1.85	1.95	4890
3	2	3 2	2.95	3.05	1.95	2.05	4891
3	2.1	3 2.1	2.95	3.05	2.05	2.15	4892
3	2.2	3 2.2	2.95	3.05	2.15	2.25	4893
3	2.3	3 2.3	2.95	3.05	2.25	2.35	4894
3	2.4	3 2.4	2.95	3.05	2.35	2.45	4895
3	2.5	3 2.5	2.95	3.05	2.45	2.55	4896
3	2.6	3 2.6	2.95	3.05	2.55	2.65	4897
3	2.7	3 2.7	2.95	3.05	2.65	2.75	4898
3	2.8	3 2.8	2.95	3.05	2.75	2.85	4899
3	2.9	3 2.9	2.95	3.05	2.85	2.95	4900
3	3	3 3	2.95	3.05	2.95	3.05	4901
3	3.1	3 3.1	2.95	3.05	3.05	3.15	4902
3	3.2	3 3.2	2.95	3.05	3.15	3.25	4903
3	3.3	3 3.3	2.95	3.05	3.25	3.35	4904
3	3.4	3 3.4	2.95	3.05	3.35	3.45	4905
3	3.5	3 3.5	2.95	3.05	3.45	3.55	4906
3	3.6	3 3.6	2.95	3.05	3.55	3.65	4907
3	3.7	3 3.7	2.95	3.05	3.65	3.75	4908
3	3.8	3 3.8	2.95	3.05	3.75	3.85	4909
3	3.9	3 3.9	2.95	3.05	3.85	3.95	4910
3	4	3 4	2.95	3.05	3.95	4.05	4911
3	4.1	3 4.1	2.95	3.05	4.05	4.15	4912
3	4.2	3 4.2	2.95	3.05	4.15	4.25	4913
3	4.3	3 4.3	2.95	3.05	4.25	4.35	4914
3	4.4	3 4.4	2.95	3.05	4.35	4.45	4915
3	4.5	3 4.5	2.95	3.05	4.45	4.55	4916
3	4.6	3 4.6	2.95	3.05	4.55	4.65	4917
3	4.7	3 4.7	2.95	3.05	4.65	4.75	4918
3	4.8	3 4.8	2.95	3.05	4.75	4.85	4919
3	4.9	3 4.9	2.95	3.05	4.85	4.95	4920
3	5	3 5	2.95	3.05	4.95	5.05	4921
3	5.1	3 5.1	2.95	3.05	5.05	5.15	4922
3	5.2	3 5.2	2.95	3.05	5.15	5.25	4923
3	5.3	3 5.3	2.95	3.05	5.25	5.35	4924
3	5.4	3 5.4	2.95	3.05	5.35	5.45	4925
3	5.5	3 5.5	2.95	3.05	5.45	5.55	4926
3	5.6	3 5.6	2.95	3.05	5.55	5.65	4927
3	5.7	3 5.7	2.95	3.05	5.65	5.75	4928
3	5.8	3 5.8	2.95	3.05	5.75	5.85	4929
3	5.9	3 5.9	2.95	3.05	5.85	5.95	4930
3	6	3 6	2.95	3.05	5.95	6.05	4931
3	6.1	3 6.1	2.95	3.05	6.05	6.15	4932
3	6.2	3 6.2	2.95	3.05	6.15	6.25	4933
3	6.3	3 6.3	2.95	3.05	6.25	6.35	4934
3	6.4	3 6.4	2.95	3.05	6.35	6.45	4935
3	6.5	3 6.5	2.95	3.05	6.45	6.55	4936
3	6.6	3 6.6	2.95	3.05	6.55	6.65	4937
3	6.7	3 6.7	2.95	3.05	6.65	6.75	4938
3	6.8	3 6.8	2.95	3.05	6.75	6.85	4939
3	6.9	3 6.9	2.95	3.05	6.85	6.95	4940
3	7	3 7	2.95	3.05	6.95	7.05	4941
3.1	-1	3.1 -1	3.05	3.15	-1.05	-0.95	4942
3.1	-0.9	3.1 -0.9	3.05	3.15	-0.95	-0.85	4943
3.1	-0.8	3.1 -0.8	3.05	3.15	-0.85	-0.75	4944
3.1	-0.7	3.1 -0.7	3.05	3.15	-0.75	-0.65	4945
3.1	-0.6	3.1 -0.6	3.05	3.15	-0.65	-0.55	4946
3.1	-0.5	3.1 -0.5	3.05	3.15	-0.55	-0.45	4947
3.1	-0.4	3.1 -0.4	3.05	3.15	-0.45	-0.35	4948
3.1	-0.3	3.1 -0.3	3.05	3.15	-0.35	-0.25	4949
3.1	-0.2	3.1 -0.2	3.05	3.15	-0.25	-0.15	4950
3.1	-0.1	3.1 -0.1	3.05	3.15	-0.15	-0.0500000000000002	4951
3.1	0	3.1 0	3.05	3.15	-0.0499999999999998	0.0499999999999998	4952
3.1	0.1	3.1 0.1	3.05	3.15	0.0500000000000003	0.15	4953
3.1	0.2	3.1 0.2	3.05	3.15	0.15	0.25	4954
3.1	0.3	3.1 0.3	3.05	3.15	0.25	0.35	4955
3.1	0.4	3.1 0.4	3.05	3.15	0.35	0.45	4956
3.1	0.5	3.1 0.5	3.05	3.15	0.45	0.55	4957
3.1	0.6	3.1 0.6	3.05	3.15	0.55	0.65	4958
3.1	0.7	3.1 0.7	3.05	3.15	0.65	0.75	4959
3.1	0.8	3.1 0.8	3.05	3.15	0.75	0.85	4960
3.1	0.9	3.1 0.9	3.05	3.15	0.85	0.95	4961
3.1	1	3.1 1	3.05	3.15	0.95	1.05	4962
3.1	1.1	3.1 1.1	3.05	3.15	1.05	1.15	4963
3.1	1.2	3.1 1.2	3.05	3.15	1.15	1.25	4964
3.1	1.3	3.1 1.3	3.05	3.15	1.25	1.35	4965
3.1	1.4	3.1 1.4	3.05	3.15	1.35	1.45	4966
3.1	1.5	3.1 1.5	3.05	3.15	1.45	1.55	4967
3.1	1.6	3.1 1.6	3.05	3.15	1.55	1.65	4968
3.1	1.7	3.1 1.7	3.05	3.15	1.65	1.75	4969
3.1	1.8	3.1 1.8	3.05	3.15	1.75	1.85	4970
3.1	1.9	3.1 1.9	3.05	3.15	1.85	1.95	4971
3.1	2	3.1 2	3.05	3.15	1.95	2.05	4972
3.1	2.1	3.1 2.1	3.05	3.15	2.05	2.15	4973
3.1	2.2	3.1 2.2	3.05	3.15	2.15	2.25	4974
3.1	2.3	3.1 2.3	3.05	3.15	2.25	2.35	4975
3.1	2.4	3.1 2.4	3.05	3.15	2.35	2.45	4976
3.1	2.5	3.1 2.5	3.05	3.15	2.45	2.55	4977
3.1	2.6	3.1 2.6	3.05	3.15	2.55	2.65	4978
3.1	2.7	3.1 2.7	3.05	3.15	2.65	2.75	4979
3.1	2.8	3.1 2.8	3.05	3.15	2.75	2.85	4980
3.1	2.9	3.1 2.9	3.05	3.15	2.85	2.95	4981
3.1	3	3.1 3	3.05	3.15	2.95	3.05	4982
3.1	3.1	3.1 3.1	3.05	3.15	3.05	3.15	4983
3.1	3.2	3.1 3.2	3.05	3.15	3.15	3.25	4984
3.1	3.3	3.1 3.3	3.05	3.15	3.25	3.35	4985
3.1	3.4	3.1 3.4	3.05	3.15	3.35	3.45	4986
3.1	3.5	3.1 3.5	3.05	3.15	3.45	3.55	4987
3.1	3.6	3.1 3.6	3.05	3.15	3.55	3.65	4988
3.1	3.7	3.1 3.7	3.05	3.15	3.65	3.75	4989
3.1	3.8	3.1 3.8	3.05	3.15	3.75	3.85	4990
3.1	3.9	3.1 3.9	3.05	3.15	3.85	3.95	4991
3.1	4	3.1 4	3.05	3.15	3.95	4.05	4992
3.1	4.1	3.1 4.1	3.05	3.15	4.05	4.15	4993
3.1	4.2	3.1 4.2	3.05	3.15	4.15	4.25	4994
3.1	4.3	3.1 4.3	3.05	3.15	4.25	4.35	4995
3.1	4.4	3.1 4.4	3.05	3.15	4.35	4.45	4996
3.1	4.5	3.1 4.5	3.05	3.15	4.45	4.55	4997
3.1	4.6	3.1 4.6	3.05	3.15	4.55	4.65	4998
3.1	4.7	3.1 4.7	3.05	3.15	4.65	4.75	4999
3.1	4.8	3.1 4.8	3.05	3.15	4.75	4.85	5000
3.1	4.9	3.1 4.9	3.05	3.15	4.85	4.95	5001
3.1	5	3.1 5	3.05	3.15	4.95	5.05	5002
3.1	5.1	3.1 5.1	3.05	3.15	5.05	5.15	5003
3.1	5.2	3.1 5.2	3.05	3.15	5.15	5.25	5004
3.1	5.3	3.1 5.3	3.05	3.15	5.25	5.35	5005
3.1	5.4	3.1 5.4	3.05	3.15	5.35	5.45	5006
3.1	5.5	3.1 5.5	3.05	3.15	5.45	5.55	5007
3.1	5.6	3.1 5.6	3.05	3.15	5.55	5.65	5008
3.1	5.7	3.1 5.7	3.05	3.15	5.65	5.75	5009
3.1	5.8	3.1 5.8	3.05	3.15	5.75	5.85	5010
3.1	5.9	3.1 5.9	3.05	3.15	5.85	5.95	5011
3.1	6	3.1 6	3.05	3.15	5.95	6.05	5012
3.1	6.1	3.1 6.1	3.05	3.15	6.05	6.15	5013
3.1	6.2	3.1 6.2	3.05	3.15	6.15	6.25	5014
3.1	6.3	3.1 6.3	3.05	3.15	6.25	6.35	5015
3.1	6.4	3.1 6.4	3.05	3.15	6.35	6.45	5016
3.1	6.5	3.1 6.5	3.05	3.15	6.45	6.55	5017
3.1	6.6	3.1 6.6	3.05	3.15	6.55	6.65	5018
3.1	6.7	3.1 6.7	3.05	3.15	6.65	6.75	5019
3.1	6.8	3.1 6.8	3.05	3.15	6.75	6.85	5020
3.1	6.9	3.1 6.9	3.05	3.15	6.85	6.95	5021
3.1	7	3.1 7	3.05	3.15	6.95	7.05	5022
3.2	-1	3.2 -1	3.15	3.25	-1.05	-0.95	5023
3.2	-0.9	3.2 -0.9	3.15	3.25	-0.95	-0.85	5024
3.2	-0.8	3.2 -0.8	3.15	3.25	-0.85	-0.75	5025
3.2	-0.7	3.2 -0.7	3.15	3.25	-0.75	-0.65	5026
3.2	-0.6	3.2 -0.6	3.15	3.25	-0.65	-0.55	5027
3.2	-0.5	3.2 -0.5	3.15	3.25	-0.55	-0.45	5028
3.2	-0.4	3.2 -0.4	3.15	3.25	-0.45	-0.35	5029
3.2	-0.3	3.2 -0.3	3.15	3.25	-0.35	-0.25	5030
3.2	-0.2	3.2 -0.2	3.15	3.25	-0.25	-0.15	5031
3.2	-0.1	3.2 -0.1	3.15	3.25	-0.15	-0.0500000000000002	5032
3.2	0	3.2 0	3.15	3.25	-0.0499999999999998	0.0499999999999998	5033
3.2	0.1	3.2 0.1	3.15	3.25	0.0500000000000003	0.15	5034
3.2	0.2	3.2 0.2	3.15	3.25	0.15	0.25	5035
3.2	0.3	3.2 0.3	3.15	3.25	0.25	0.35	5036
3.2	0.4	3.2 0.4	3.15	3.25	0.35	0.45	5037
3.2	0.5	3.2 0.5	3.15	3.25	0.45	0.55	5038
3.2	0.6	3.2 0.6	3.15	3.25	0.55	0.65	5039
3.2	0.7	3.2 0.7	3.15	3.25	0.65	0.75	5040
3.2	0.8	3.2 0.8	3.15	3.25	0.75	0.85	5041
3.2	0.9	3.2 0.9	3.15	3.25	0.85	0.95	5042
3.2	1	3.2 1	3.15	3.25	0.95	1.05	5043
3.2	1.1	3.2 1.1	3.15	3.25	1.05	1.15	5044
3.2	1.2	3.2 1.2	3.15	3.25	1.15	1.25	5045
3.2	1.3	3.2 1.3	3.15	3.25	1.25	1.35	5046
3.2	1.4	3.2 1.4	3.15	3.25	1.35	1.45	5047
3.2	1.5	3.2 1.5	3.15	3.25	1.45	1.55	5048
3.2	1.6	3.2 1.6	3.15	3.25	1.55	1.65	5049
3.2	1.7	3.2 1.7	3.15	3.25	1.65	1.75	5050
3.2	1.8	3.2 1.8	3.15	3.25	1.75	1.85	5051
3.2	1.9	3.2 1.9	3.15	3.25	1.85	1.95	5052
3.2	2	3.2 2	3.15	3.25	1.95	2.05	5053
3.2	2.1	3.2 2.1	3.15	3.25	2.05	2.15	5054
3.2	2.2	3.2 2.2	3.15	3.25	2.15	2.25	5055
3.2	2.3	3.2 2.3	3.15	3.25	2.25	2.35	5056
3.2	2.4	3.2 2.4	3.15	3.25	2.35	2.45	5057
3.2	2.5	3.2 2.5	3.15	3.25	2.45	2.55	5058
3.2	2.6	3.2 2.6	3.15	3.25	2.55	2.65	5059
3.2	2.7	3.2 2.7	3.15	3.25	2.65	2.75	5060
3.2	2.8	3.2 2.8	3.15	3.25	2.75	2.85	5061
3.2	2.9	3.2 2.9	3.15	3.25	2.85	2.95	5062
3.2	3	3.2 3	3.15	3.25	2.95	3.05	5063
3.2	3.1	3.2 3.1	3.15	3.25	3.05	3.15	5064
3.2	3.2	3.2 3.2	3.15	3.25	3.15	3.25	5065
3.2	3.3	3.2 3.3	3.15	3.25	3.25	3.35	5066
3.2	3.4	3.2 3.4	3.15	3.25	3.35	3.45	5067
3.2	3.5	3.2 3.5	3.15	3.25	3.45	3.55	5068
3.2	3.6	3.2 3.6	3.15	3.25	3.55	3.65	5069
3.2	3.7	3.2 3.7	3.15	3.25	3.65	3.75	5070
3.2	3.8	3.2 3.8	3.15	3.25	3.75	3.85	5071
3.2	3.9	3.2 3.9	3.15	3.25	3.85	3.95	5072
3.2	4	3.2 4	3.15	3.25	3.95	4.05	5073
3.2	4.1	3.2 4.1	3.15	3.25	4.05	4.15	5074
3.2	4.2	3.2 4.2	3.15	3.25	4.15	4.25	5075
3.2	4.3	3.2 4.3	3.15	3.25	4.25	4.35	5076
3.2	4.4	3.2 4.4	3.15	3.25	4.35	4.45	5077
3.2	4.5	3.2 4.5	3.15	3.25	4.45	4.55	5078
3.2	4.6	3.2 4.6	3.15	3.25	4.55	4.65	5079
3.2	4.7	3.2 4.7	3.15	3.25	4.65	4.75	5080
3.2	4.8	3.2 4.8	3.15	3.25	4.75	4.85	5081
3.2	4.9	3.2 4.9	3.15	3.25	4.85	4.95	5082
3.2	5	3.2 5	3.15	3.25	4.95	5.05	5083
3.2	5.1	3.2 5.1	3.15	3.25	5.05	5.15	5084
3.2	5.2	3.2 5.2	3.15	3.25	5.15	5.25	5085
3.2	5.3	3.2 5.3	3.15	3.25	5.25	5.35	5086
3.2	5.4	3.2 5.4	3.15	3.25	5.35	5.45	5087
3.2	5.5	3.2 5.5	3.15	3.25	5.45	5.55	5088
3.2	5.6	3.2 5.6	3.15	3.25	5.55	5.65	5089
3.2	5.7	3.2 5.7	3.15	3.25	5.65	5.75	5090
3.2	5.8	3.2 5.8	3.15	3.25	5.75	5.85	5091
3.2	5.9	3.2 5.9	3.15	3.25	5.85	5.95	5092
3.2	6	3.2 6	3.15	3.25	5.95	6.05	5093
3.2	6.1	3.2 6.1	3.15	3.25	6.05	6.15	5094
3.2	6.2	3.2 6.2	3.15	3.25	6.15	6.25	5095
3.2	6.3	3.2 6.3	3.15	3.25	6.25	6.35	5096
3.2	6.4	3.2 6.4	3.15	3.25	6.35	6.45	5097
3.2	6.5	3.2 6.5	3.15	3.25	6.45	6.55	5098
3.2	6.6	3.2 6.6	3.15	3.25	6.55	6.65	5099
3.2	6.7	3.2 6.7	3.15	3.25	6.65	6.75	5100
3.2	6.8	3.2 6.8	3.15	3.25	6.75	6.85	5101
3.2	6.9	3.2 6.9	3.15	3.25	6.85	6.95	5102
3.2	7	3.2 7	3.15	3.25	6.95	7.05	5103
3.3	-1	3.3 -1	3.25	3.35	-1.05	-0.95	5104
3.3	-0.9	3.3 -0.9	3.25	3.35	-0.95	-0.85	5105
3.3	-0.8	3.3 -0.8	3.25	3.35	-0.85	-0.75	5106
3.3	-0.7	3.3 -0.7	3.25	3.35	-0.75	-0.65	5107
3.3	-0.6	3.3 -0.6	3.25	3.35	-0.65	-0.55	5108
3.3	-0.5	3.3 -0.5	3.25	3.35	-0.55	-0.45	5109
3.3	-0.4	3.3 -0.4	3.25	3.35	-0.45	-0.35	5110
3.3	-0.3	3.3 -0.3	3.25	3.35	-0.35	-0.25	5111
3.3	-0.2	3.3 -0.2	3.25	3.35	-0.25	-0.15	5112
3.3	-0.1	3.3 -0.1	3.25	3.35	-0.15	-0.0500000000000002	5113
3.3	0	3.3 0	3.25	3.35	-0.0499999999999998	0.0499999999999998	5114
3.3	0.1	3.3 0.1	3.25	3.35	0.0500000000000003	0.15	5115
3.3	0.2	3.3 0.2	3.25	3.35	0.15	0.25	5116
3.3	0.3	3.3 0.3	3.25	3.35	0.25	0.35	5117
3.3	0.4	3.3 0.4	3.25	3.35	0.35	0.45	5118
3.3	0.5	3.3 0.5	3.25	3.35	0.45	0.55	5119
3.3	0.6	3.3 0.6	3.25	3.35	0.55	0.65	5120
3.3	0.7	3.3 0.7	3.25	3.35	0.65	0.75	5121
3.3	0.8	3.3 0.8	3.25	3.35	0.75	0.85	5122
3.3	0.9	3.3 0.9	3.25	3.35	0.85	0.95	5123
3.3	1	3.3 1	3.25	3.35	0.95	1.05	5124
3.3	1.1	3.3 1.1	3.25	3.35	1.05	1.15	5125
3.3	1.2	3.3 1.2	3.25	3.35	1.15	1.25	5126
3.3	1.3	3.3 1.3	3.25	3.35	1.25	1.35	5127
3.3	1.4	3.3 1.4	3.25	3.35	1.35	1.45	5128
3.3	1.5	3.3 1.5	3.25	3.35	1.45	1.55	5129
3.3	1.6	3.3 1.6	3.25	3.35	1.55	1.65	5130
3.3	1.7	3.3 1.7	3.25	3.35	1.65	1.75	5131
3.3	1.8	3.3 1.8	3.25	3.35	1.75	1.85	5132
3.3	1.9	3.3 1.9	3.25	3.35	1.85	1.95	5133
3.3	2	3.3 2	3.25	3.35	1.95	2.05	5134
3.3	2.1	3.3 2.1	3.25	3.35	2.05	2.15	5135
3.3	2.2	3.3 2.2	3.25	3.35	2.15	2.25	5136
3.3	2.3	3.3 2.3	3.25	3.35	2.25	2.35	5137
3.3	2.4	3.3 2.4	3.25	3.35	2.35	2.45	5138
3.3	2.5	3.3 2.5	3.25	3.35	2.45	2.55	5139
3.3	2.6	3.3 2.6	3.25	3.35	2.55	2.65	5140
3.3	2.7	3.3 2.7	3.25	3.35	2.65	2.75	5141
3.3	2.8	3.3 2.8	3.25	3.35	2.75	2.85	5142
3.3	2.9	3.3 2.9	3.25	3.35	2.85	2.95	5143
3.3	3	3.3 3	3.25	3.35	2.95	3.05	5144
3.3	3.1	3.3 3.1	3.25	3.35	3.05	3.15	5145
3.3	3.2	3.3 3.2	3.25	3.35	3.15	3.25	5146
3.3	3.3	3.3 3.3	3.25	3.35	3.25	3.35	5147
3.3	3.4	3.3 3.4	3.25	3.35	3.35	3.45	5148
3.3	3.5	3.3 3.5	3.25	3.35	3.45	3.55	5149
3.3	3.6	3.3 3.6	3.25	3.35	3.55	3.65	5150
3.3	3.7	3.3 3.7	3.25	3.35	3.65	3.75	5151
3.3	3.8	3.3 3.8	3.25	3.35	3.75	3.85	5152
3.3	3.9	3.3 3.9	3.25	3.35	3.85	3.95	5153
3.3	4	3.3 4	3.25	3.35	3.95	4.05	5154
3.3	4.1	3.3 4.1	3.25	3.35	4.05	4.15	5155
3.3	4.2	3.3 4.2	3.25	3.35	4.15	4.25	5156
3.3	4.3	3.3 4.3	3.25	3.35	4.25	4.35	5157
3.3	4.4	3.3 4.4	3.25	3.35	4.35	4.45	5158
3.3	4.5	3.3 4.5	3.25	3.35	4.45	4.55	5159
3.3	4.6	3.3 4.6	3.25	3.35	4.55	4.65	5160
3.3	4.7	3.3 4.7	3.25	3.35	4.65	4.75	5161
3.3	4.8	3.3 4.8	3.25	3.35	4.75	4.85	5162
3.3	4.9	3.3 4.9	3.25	3.35	4.85	4.95	5163
3.3	5	3.3 5	3.25	3.35	4.95	5.05	5164
3.3	5.1	3.3 5.1	3.25	3.35	5.05	5.15	5165
3.3	5.2	3.3 5.2	3.25	3.35	5.15	5.25	5166
3.3	5.3	3.3 5.3	3.25	3.35	5.25	5.35	5167
3.3	5.4	3.3 5.4	3.25	3.35	5.35	5.45	5168
3.3	5.5	3.3 5.5	3.25	3.35	5.45	5.55	5169
3.3	5.6	3.3 5.6	3.25	3.35	5.55	5.65	5170
3.3	5.7	3.3 5.7	3.25	3.35	5.65	5.75	5171
3.3	5.8	3.3 5.8	3.25	3.35	5.75	5.85	5172
3.3	5.9	3.3 5.9	3.25	3.35	5.85	5.95	5173
3.3	6	3.3 6	3.25	3.35	5.95	6.05	5174
3.3	6.1	3.3 6.1	3.25	3.35	6.05	6.15	5175
3.3	6.2	3.3 6.2	3.25	3.35	6.15	6.25	5176
3.3	6.3	3.3 6.3	3.25	3.35	6.25	6.35	5177
3.3	6.4	3.3 6.4	3.25	3.35	6.35	6.45	5178
3.3	6.5	3.3 6.5	3.25	3.35	6.45	6.55	5179
3.3	6.6	3.3 6.6	3.25	3.35	6.55	6.65	5180
3.3	6.7	3.3 6.7	3.25	3.35	6.65	6.75	5181
3.3	6.8	3.3 6.8	3.25	3.35	6.75	6.85	5182
3.3	6.9	3.3 6.9	3.25	3.35	6.85	6.95	5183
3.3	7	3.3 7	3.25	3.35	6.95	7.05	5184
3.4	-1	3.4 -1	3.35	3.45	-1.05	-0.95	5185
3.4	-0.9	3.4 -0.9	3.35	3.45	-0.95	-0.85	5186
3.4	-0.8	3.4 -0.8	3.35	3.45	-0.85	-0.75	5187
3.4	-0.7	3.4 -0.7	3.35	3.45	-0.75	-0.65	5188
3.4	-0.6	3.4 -0.6	3.35	3.45	-0.65	-0.55	5189
3.4	-0.5	3.4 -0.5	3.35	3.45	-0.55	-0.45	5190
3.4	-0.4	3.4 -0.4	3.35	3.45	-0.45	-0.35	5191
3.4	-0.3	3.4 -0.3	3.35	3.45	-0.35	-0.25	5192
3.4	-0.2	3.4 -0.2	3.35	3.45	-0.25	-0.15	5193
3.4	-0.1	3.4 -0.1	3.35	3.45	-0.15	-0.0500000000000002	5194
3.4	0	3.4 0	3.35	3.45	-0.0499999999999998	0.0499999999999998	5195
3.4	0.1	3.4 0.1	3.35	3.45	0.0500000000000003	0.15	5196
3.4	0.2	3.4 0.2	3.35	3.45	0.15	0.25	5197
3.4	0.3	3.4 0.3	3.35	3.45	0.25	0.35	5198
3.4	0.4	3.4 0.4	3.35	3.45	0.35	0.45	5199
3.4	0.5	3.4 0.5	3.35	3.45	0.45	0.55	5200
3.4	0.6	3.4 0.6	3.35	3.45	0.55	0.65	5201
3.4	0.7	3.4 0.7	3.35	3.45	0.65	0.75	5202
3.4	0.8	3.4 0.8	3.35	3.45	0.75	0.85	5203
3.4	0.9	3.4 0.9	3.35	3.45	0.85	0.95	5204
3.4	1	3.4 1	3.35	3.45	0.95	1.05	5205
3.4	1.1	3.4 1.1	3.35	3.45	1.05	1.15	5206
3.4	1.2	3.4 1.2	3.35	3.45	1.15	1.25	5207
3.4	1.3	3.4 1.3	3.35	3.45	1.25	1.35	5208
3.4	1.4	3.4 1.4	3.35	3.45	1.35	1.45	5209
3.4	1.5	3.4 1.5	3.35	3.45	1.45	1.55	5210
3.4	1.6	3.4 1.6	3.35	3.45	1.55	1.65	5211
3.4	1.7	3.4 1.7	3.35	3.45	1.65	1.75	5212
3.4	1.8	3.4 1.8	3.35	3.45	1.75	1.85	5213
3.4	1.9	3.4 1.9	3.35	3.45	1.85	1.95	5214
3.4	2	3.4 2	3.35	3.45	1.95	2.05	5215
3.4	2.1	3.4 2.1	3.35	3.45	2.05	2.15	5216
3.4	2.2	3.4 2.2	3.35	3.45	2.15	2.25	5217
3.4	2.3	3.4 2.3	3.35	3.45	2.25	2.35	5218
3.4	2.4	3.4 2.4	3.35	3.45	2.35	2.45	5219
3.4	2.5	3.4 2.5	3.35	3.45	2.45	2.55	5220
3.4	2.6	3.4 2.6	3.35	3.45	2.55	2.65	5221
3.4	2.7	3.4 2.7	3.35	3.45	2.65	2.75	5222
3.4	2.8	3.4 2.8	3.35	3.45	2.75	2.85	5223
3.4	2.9	3.4 2.9	3.35	3.45	2.85	2.95	5224
3.4	3	3.4 3	3.35	3.45	2.95	3.05	5225
3.4	3.1	3.4 3.1	3.35	3.45	3.05	3.15	5226
3.4	3.2	3.4 3.2	3.35	3.45	3.15	3.25	5227
3.4	3.3	3.4 3.3	3.35	3.45	3.25	3.35	5228
3.4	3.4	3.4 3.4	3.35	3.45	3.35	3.45	5229
3.4	3.5	3.4 3.5	3.35	3.45	3.45	3.55	5230
3.4	3.6	3.4 3.6	3.35	3.45	3.55	3.65	5231
3.4	3.7	3.4 3.7	3.35	3.45	3.65	3.75	5232
3.4	3.8	3.4 3.8	3.35	3.45	3.75	3.85	5233
3.4	3.9	3.4 3.9	3.35	3.45	3.85	3.95	5234
3.4	4	3.4 4	3.35	3.45	3.95	4.05	5235
3.4	4.1	3.4 4.1	3.35	3.45	4.05	4.15	5236
3.4	4.2	3.4 4.2	3.35	3.45	4.15	4.25	5237
3.4	4.3	3.4 4.3	3.35	3.45	4.25	4.35	5238
3.4	4.4	3.4 4.4	3.35	3.45	4.35	4.45	5239
3.4	4.5	3.4 4.5	3.35	3.45	4.45	4.55	5240
3.4	4.6	3.4 4.6	3.35	3.45	4.55	4.65	5241
3.4	4.7	3.4 4.7	3.35	3.45	4.65	4.75	5242
3.4	4.8	3.4 4.8	3.35	3.45	4.75	4.85	5243
3.4	4.9	3.4 4.9	3.35	3.45	4.85	4.95	5244
3.4	5	3.4 5	3.35	3.45	4.95	5.05	5245
3.4	5.1	3.4 5.1	3.35	3.45	5.05	5.15	5246
3.4	5.2	3.4 5.2	3.35	3.45	5.15	5.25	5247
3.4	5.3	3.4 5.3	3.35	3.45	5.25	5.35	5248
3.4	5.4	3.4 5.4	3.35	3.45	5.35	5.45	5249
3.4	5.5	3.4 5.5	3.35	3.45	5.45	5.55	5250
3.4	5.6	3.4 5.6	3.35	3.45	5.55	5.65	5251
3.4	5.7	3.4 5.7	3.35	3.45	5.65	5.75	5252
3.4	5.8	3.4 5.8	3.35	3.45	5.75	5.85	5253
3.4	5.9	3.4 5.9	3.35	3.45	5.85	5.95	5254
3.4	6	3.4 6	3.35	3.45	5.95	6.05	5255
3.4	6.1	3.4 6.1	3.35	3.45	6.05	6.15	5256
3.4	6.2	3.4 6.2	3.35	3.45	6.15	6.25	5257
3.4	6.3	3.4 6.3	3.35	3.45	6.25	6.35	5258
3.4	6.4	3.4 6.4	3.35	3.45	6.35	6.45	5259
3.4	6.5	3.4 6.5	3.35	3.45	6.45	6.55	5260
3.4	6.6	3.4 6.6	3.35	3.45	6.55	6.65	5261
3.4	6.7	3.4 6.7	3.35	3.45	6.65	6.75	5262
3.4	6.8	3.4 6.8	3.35	3.45	6.75	6.85	5263
3.4	6.9	3.4 6.9	3.35	3.45	6.85	6.95	5264
3.4	7	3.4 7	3.35	3.45	6.95	7.05	5265
3.5	-1	3.5 -1	3.45	3.55	-1.05	-0.95	5266
3.5	-0.9	3.5 -0.9	3.45	3.55	-0.95	-0.85	5267
3.5	-0.8	3.5 -0.8	3.45	3.55	-0.85	-0.75	5268
3.5	-0.7	3.5 -0.7	3.45	3.55	-0.75	-0.65	5269
3.5	-0.6	3.5 -0.6	3.45	3.55	-0.65	-0.55	5270
3.5	-0.5	3.5 -0.5	3.45	3.55	-0.55	-0.45	5271
3.5	-0.4	3.5 -0.4	3.45	3.55	-0.45	-0.35	5272
3.5	-0.3	3.5 -0.3	3.45	3.55	-0.35	-0.25	5273
3.5	-0.2	3.5 -0.2	3.45	3.55	-0.25	-0.15	5274
3.5	-0.1	3.5 -0.1	3.45	3.55	-0.15	-0.0500000000000002	5275
3.5	0	3.5 0	3.45	3.55	-0.0499999999999998	0.0499999999999998	5276
3.5	0.1	3.5 0.1	3.45	3.55	0.0500000000000003	0.15	5277
3.5	0.2	3.5 0.2	3.45	3.55	0.15	0.25	5278
3.5	0.3	3.5 0.3	3.45	3.55	0.25	0.35	5279
3.5	0.4	3.5 0.4	3.45	3.55	0.35	0.45	5280
3.5	0.5	3.5 0.5	3.45	3.55	0.45	0.55	5281
3.5	0.6	3.5 0.6	3.45	3.55	0.55	0.65	5282
3.5	0.7	3.5 0.7	3.45	3.55	0.65	0.75	5283
3.5	0.8	3.5 0.8	3.45	3.55	0.75	0.85	5284
3.5	0.9	3.5 0.9	3.45	3.55	0.85	0.95	5285
3.5	1	3.5 1	3.45	3.55	0.95	1.05	5286
3.5	1.1	3.5 1.1	3.45	3.55	1.05	1.15	5287
3.5	1.2	3.5 1.2	3.45	3.55	1.15	1.25	5288
3.5	1.3	3.5 1.3	3.45	3.55	1.25	1.35	5289
3.5	1.4	3.5 1.4	3.45	3.55	1.35	1.45	5290
3.5	1.5	3.5 1.5	3.45	3.55	1.45	1.55	5291
3.5	1.6	3.5 1.6	3.45	3.55	1.55	1.65	5292
3.5	1.7	3.5 1.7	3.45	3.55	1.65	1.75	5293
3.5	1.8	3.5 1.8	3.45	3.55	1.75	1.85	5294
3.5	1.9	3.5 1.9	3.45	3.55	1.85	1.95	5295
3.5	2	3.5 2	3.45	3.55	1.95	2.05	5296
3.5	2.1	3.5 2.1	3.45	3.55	2.05	2.15	5297
3.5	2.2	3.5 2.2	3.45	3.55	2.15	2.25	5298
3.5	2.3	3.5 2.3	3.45	3.55	2.25	2.35	5299
3.5	2.4	3.5 2.4	3.45	3.55	2.35	2.45	5300
3.5	2.5	3.5 2.5	3.45	3.55	2.45	2.55	5301
3.5	2.6	3.5 2.6	3.45	3.55	2.55	2.65	5302
3.5	2.7	3.5 2.7	3.45	3.55	2.65	2.75	5303
3.5	2.8	3.5 2.8	3.45	3.55	2.75	2.85	5304
3.5	2.9	3.5 2.9	3.45	3.55	2.85	2.95	5305
3.5	3	3.5 3	3.45	3.55	2.95	3.05	5306
3.5	3.1	3.5 3.1	3.45	3.55	3.05	3.15	5307
3.5	3.2	3.5 3.2	3.45	3.55	3.15	3.25	5308
3.5	3.3	3.5 3.3	3.45	3.55	3.25	3.35	5309
3.5	3.4	3.5 3.4	3.45	3.55	3.35	3.45	5310
3.5	3.5	3.5 3.5	3.45	3.55	3.45	3.55	5311
3.5	3.6	3.5 3.6	3.45	3.55	3.55	3.65	5312
3.5	3.7	3.5 3.7	3.45	3.55	3.65	3.75	5313
3.5	3.8	3.5 3.8	3.45	3.55	3.75	3.85	5314
3.5	3.9	3.5 3.9	3.45	3.55	3.85	3.95	5315
3.5	4	3.5 4	3.45	3.55	3.95	4.05	5316
3.5	4.1	3.5 4.1	3.45	3.55	4.05	4.15	5317
3.5	4.2	3.5 4.2	3.45	3.55	4.15	4.25	5318
3.5	4.3	3.5 4.3	3.45	3.55	4.25	4.35	5319
3.5	4.4	3.5 4.4	3.45	3.55	4.35	4.45	5320
3.5	4.5	3.5 4.5	3.45	3.55	4.45	4.55	5321
3.5	4.6	3.5 4.6	3.45	3.55	4.55	4.65	5322
3.5	4.7	3.5 4.7	3.45	3.55	4.65	4.75	5323
3.5	4.8	3.5 4.8	3.45	3.55	4.75	4.85	5324
3.5	4.9	3.5 4.9	3.45	3.55	4.85	4.95	5325
3.5	5	3.5 5	3.45	3.55	4.95	5.05	5326
3.5	5.1	3.5 5.1	3.45	3.55	5.05	5.15	5327
3.5	5.2	3.5 5.2	3.45	3.55	5.15	5.25	5328
3.5	5.3	3.5 5.3	3.45	3.55	5.25	5.35	5329
3.5	5.4	3.5 5.4	3.45	3.55	5.35	5.45	5330
3.5	5.5	3.5 5.5	3.45	3.55	5.45	5.55	5331
3.5	5.6	3.5 5.6	3.45	3.55	5.55	5.65	5332
3.5	5.7	3.5 5.7	3.45	3.55	5.65	5.75	5333
3.5	5.8	3.5 5.8	3.45	3.55	5.75	5.85	5334
3.5	5.9	3.5 5.9	3.45	3.55	5.85	5.95	5335
3.5	6	3.5 6	3.45	3.55	5.95	6.05	5336
3.5	6.1	3.5 6.1	3.45	3.55	6.05	6.15	5337
3.5	6.2	3.5 6.2	3.45	3.55	6.15	6.25	5338
3.5	6.3	3.5 6.3	3.45	3.55	6.25	6.35	5339
3.5	6.4	3.5 6.4	3.45	3.55	6.35	6.45	5340
3.5	6.5	3.5 6.5	3.45	3.55	6.45	6.55	5341
3.5	6.6	3.5 6.6	3.45	3.55	6.55	6.65	5342
3.5	6.7	3.5 6.7	3.45	3.55	6.65	6.75	5343
3.5	6.8	3.5 6.8	3.45	3.55	6.75	6.85	5344
3.5	6.9	3.5 6.9	3.45	3.55	6.85	6.95	5345
3.5	7	3.5 7	3.45	3.55	6.95	7.05	5346
3.6	-1	3.6 -1	3.55	3.65	-1.05	-0.95	5347
3.6	-0.9	3.6 -0.9	3.55	3.65	-0.95	-0.85	5348
3.6	-0.8	3.6 -0.8	3.55	3.65	-0.85	-0.75	5349
3.6	-0.7	3.6 -0.7	3.55	3.65	-0.75	-0.65	5350
3.6	-0.6	3.6 -0.6	3.55	3.65	-0.65	-0.55	5351
3.6	-0.5	3.6 -0.5	3.55	3.65	-0.55	-0.45	5352
3.6	-0.4	3.6 -0.4	3.55	3.65	-0.45	-0.35	5353
3.6	-0.3	3.6 -0.3	3.55	3.65	-0.35	-0.25	5354
3.6	-0.2	3.6 -0.2	3.55	3.65	-0.25	-0.15	5355
3.6	-0.1	3.6 -0.1	3.55	3.65	-0.15	-0.0500000000000002	5356
3.6	0	3.6 0	3.55	3.65	-0.0499999999999998	0.0499999999999998	5357
3.6	0.1	3.6 0.1	3.55	3.65	0.0500000000000003	0.15	5358
3.6	0.2	3.6 0.2	3.55	3.65	0.15	0.25	5359
3.6	0.3	3.6 0.3	3.55	3.65	0.25	0.35	5360
3.6	0.4	3.6 0.4	3.55	3.65	0.35	0.45	5361
3.6	0.5	3.6 0.5	3.55	3.65	0.45	0.55	5362
3.6	0.6	3.6 0.6	3.55	3.65	0.55	0.65	5363
3.6	0.7	3.6 0.7	3.55	3.65	0.65	0.75	5364
3.6	0.8	3.6 0.8	3.55	3.65	0.75	0.85	5365
3.6	0.9	3.6 0.9	3.55	3.65	0.85	0.95	5366
3.6	1	3.6 1	3.55	3.65	0.95	1.05	5367
3.6	1.1	3.6 1.1	3.55	3.65	1.05	1.15	5368
3.6	1.2	3.6 1.2	3.55	3.65	1.15	1.25	5369
3.6	1.3	3.6 1.3	3.55	3.65	1.25	1.35	5370
3.6	1.4	3.6 1.4	3.55	3.65	1.35	1.45	5371
3.6	1.5	3.6 1.5	3.55	3.65	1.45	1.55	5372
3.6	1.6	3.6 1.6	3.55	3.65	1.55	1.65	5373
3.6	1.7	3.6 1.7	3.55	3.65	1.65	1.75	5374
3.6	1.8	3.6 1.8	3.55	3.65	1.75	1.85	5375
3.6	1.9	3.6 1.9	3.55	3.65	1.85	1.95	5376
3.6	2	3.6 2	3.55	3.65	1.95	2.05	5377
3.6	2.1	3.6 2.1	3.55	3.65	2.05	2.15	5378
3.6	2.2	3.6 2.2	3.55	3.65	2.15	2.25	5379
3.6	2.3	3.6 2.3	3.55	3.65	2.25	2.35	5380
3.6	2.4	3.6 2.4	3.55	3.65	2.35	2.45	5381
3.6	2.5	3.6 2.5	3.55	3.65	2.45	2.55	5382
3.6	2.6	3.6 2.6	3.55	3.65	2.55	2.65	5383
3.6	2.7	3.6 2.7	3.55	3.65	2.65	2.75	5384
3.6	2.8	3.6 2.8	3.55	3.65	2.75	2.85	5385
3.6	2.9	3.6 2.9	3.55	3.65	2.85	2.95	5386
3.6	3	3.6 3	3.55	3.65	2.95	3.05	5387
3.6	3.1	3.6 3.1	3.55	3.65	3.05	3.15	5388
3.6	3.2	3.6 3.2	3.55	3.65	3.15	3.25	5389
3.6	3.3	3.6 3.3	3.55	3.65	3.25	3.35	5390
3.6	3.4	3.6 3.4	3.55	3.65	3.35	3.45	5391
3.6	3.5	3.6 3.5	3.55	3.65	3.45	3.55	5392
3.6	3.6	3.6 3.6	3.55	3.65	3.55	3.65	5393
3.6	3.7	3.6 3.7	3.55	3.65	3.65	3.75	5394
3.6	3.8	3.6 3.8	3.55	3.65	3.75	3.85	5395
3.6	3.9	3.6 3.9	3.55	3.65	3.85	3.95	5396
3.6	4	3.6 4	3.55	3.65	3.95	4.05	5397
3.6	4.1	3.6 4.1	3.55	3.65	4.05	4.15	5398
3.6	4.2	3.6 4.2	3.55	3.65	4.15	4.25	5399
3.6	4.3	3.6 4.3	3.55	3.65	4.25	4.35	5400
3.6	4.4	3.6 4.4	3.55	3.65	4.35	4.45	5401
3.6	4.5	3.6 4.5	3.55	3.65	4.45	4.55	5402
3.6	4.6	3.6 4.6	3.55	3.65	4.55	4.65	5403
3.6	4.7	3.6 4.7	3.55	3.65	4.65	4.75	5404
3.6	4.8	3.6 4.8	3.55	3.65	4.75	4.85	5405
3.6	4.9	3.6 4.9	3.55	3.65	4.85	4.95	5406
3.6	5	3.6 5	3.55	3.65	4.95	5.05	5407
3.6	5.1	3.6 5.1	3.55	3.65	5.05	5.15	5408
3.6	5.2	3.6 5.2	3.55	3.65	5.15	5.25	5409
3.6	5.3	3.6 5.3	3.55	3.65	5.25	5.35	5410
3.6	5.4	3.6 5.4	3.55	3.65	5.35	5.45	5411
3.6	5.5	3.6 5.5	3.55	3.65	5.45	5.55	5412
3.6	5.6	3.6 5.6	3.55	3.65	5.55	5.65	5413
3.6	5.7	3.6 5.7	3.55	3.65	5.65	5.75	5414
3.6	5.8	3.6 5.8	3.55	3.65	5.75	5.85	5415
3.6	5.9	3.6 5.9	3.55	3.65	5.85	5.95	5416
3.6	6	3.6 6	3.55	3.65	5.95	6.05	5417
3.6	6.1	3.6 6.1	3.55	3.65	6.05	6.15	5418
3.6	6.2	3.6 6.2	3.55	3.65	6.15	6.25	5419
3.6	6.3	3.6 6.3	3.55	3.65	6.25	6.35	5420
3.6	6.4	3.6 6.4	3.55	3.65	6.35	6.45	5421
3.6	6.5	3.6 6.5	3.55	3.65	6.45	6.55	5422
3.6	6.6	3.6 6.6	3.55	3.65	6.55	6.65	5423
3.6	6.7	3.6 6.7	3.55	3.65	6.65	6.75	5424
3.6	6.8	3.6 6.8	3.55	3.65	6.75	6.85	5425
3.6	6.9	3.6 6.9	3.55	3.65	6.85	6.95	5426
3.6	7	3.6 7	3.55	3.65	6.95	7.05	5427
3.7	-1	3.7 -1	3.65	3.75	-1.05	-0.95	5428
3.7	-0.9	3.7 -0.9	3.65	3.75	-0.95	-0.85	5429
3.7	-0.8	3.7 -0.8	3.65	3.75	-0.85	-0.75	5430
3.7	-0.7	3.7 -0.7	3.65	3.75	-0.75	-0.65	5431
3.7	-0.6	3.7 -0.6	3.65	3.75	-0.65	-0.55	5432
3.7	-0.5	3.7 -0.5	3.65	3.75	-0.55	-0.45	5433
3.7	-0.4	3.7 -0.4	3.65	3.75	-0.45	-0.35	5434
3.7	-0.3	3.7 -0.3	3.65	3.75	-0.35	-0.25	5435
3.7	-0.2	3.7 -0.2	3.65	3.75	-0.25	-0.15	5436
3.7	-0.1	3.7 -0.1	3.65	3.75	-0.15	-0.0500000000000002	5437
3.7	0	3.7 0	3.65	3.75	-0.0499999999999998	0.0499999999999998	5438
3.7	0.1	3.7 0.1	3.65	3.75	0.0500000000000003	0.15	5439
3.7	0.2	3.7 0.2	3.65	3.75	0.15	0.25	5440
3.7	0.3	3.7 0.3	3.65	3.75	0.25	0.35	5441
3.7	0.4	3.7 0.4	3.65	3.75	0.35	0.45	5442
3.7	0.5	3.7 0.5	3.65	3.75	0.45	0.55	5443
3.7	0.6	3.7 0.6	3.65	3.75	0.55	0.65	5444
3.7	0.7	3.7 0.7	3.65	3.75	0.65	0.75	5445
3.7	0.8	3.7 0.8	3.65	3.75	0.75	0.85	5446
3.7	0.9	3.7 0.9	3.65	3.75	0.85	0.95	5447
3.7	1	3.7 1	3.65	3.75	0.95	1.05	5448
3.7	1.1	3.7 1.1	3.65	3.75	1.05	1.15	5449
3.7	1.2	3.7 1.2	3.65	3.75	1.15	1.25	5450
3.7	1.3	3.7 1.3	3.65	3.75	1.25	1.35	5451
3.7	1.4	3.7 1.4	3.65	3.75	1.35	1.45	5452
3.7	1.5	3.7 1.5	3.65	3.75	1.45	1.55	5453
3.7	1.6	3.7 1.6	3.65	3.75	1.55	1.65	5454
3.7	1.7	3.7 1.7	3.65	3.75	1.65	1.75	5455
3.7	1.8	3.7 1.8	3.65	3.75	1.75	1.85	5456
3.7	1.9	3.7 1.9	3.65	3.75	1.85	1.95	5457
3.7	2	3.7 2	3.65	3.75	1.95	2.05	5458
3.7	2.1	3.7 2.1	3.65	3.75	2.05	2.15	5459
3.7	2.2	3.7 2.2	3.65	3.75	2.15	2.25	5460
3.7	2.3	3.7 2.3	3.65	3.75	2.25	2.35	5461
3.7	2.4	3.7 2.4	3.65	3.75	2.35	2.45	5462
3.7	2.5	3.7 2.5	3.65	3.75	2.45	2.55	5463
3.7	2.6	3.7 2.6	3.65	3.75	2.55	2.65	5464
3.7	2.7	3.7 2.7	3.65	3.75	2.65	2.75	5465
3.7	2.8	3.7 2.8	3.65	3.75	2.75	2.85	5466
3.7	2.9	3.7 2.9	3.65	3.75	2.85	2.95	5467
3.7	3	3.7 3	3.65	3.75	2.95	3.05	5468
3.7	3.1	3.7 3.1	3.65	3.75	3.05	3.15	5469
3.7	3.2	3.7 3.2	3.65	3.75	3.15	3.25	5470
3.7	3.3	3.7 3.3	3.65	3.75	3.25	3.35	5471
3.7	3.4	3.7 3.4	3.65	3.75	3.35	3.45	5472
3.7	3.5	3.7 3.5	3.65	3.75	3.45	3.55	5473
3.7	3.6	3.7 3.6	3.65	3.75	3.55	3.65	5474
3.7	3.7	3.7 3.7	3.65	3.75	3.65	3.75	5475
3.7	3.8	3.7 3.8	3.65	3.75	3.75	3.85	5476
3.7	3.9	3.7 3.9	3.65	3.75	3.85	3.95	5477
3.7	4	3.7 4	3.65	3.75	3.95	4.05	5478
3.7	4.1	3.7 4.1	3.65	3.75	4.05	4.15	5479
3.7	4.2	3.7 4.2	3.65	3.75	4.15	4.25	5480
3.7	4.3	3.7 4.3	3.65	3.75	4.25	4.35	5481
3.7	4.4	3.7 4.4	3.65	3.75	4.35	4.45	5482
3.7	4.5	3.7 4.5	3.65	3.75	4.45	4.55	5483
3.7	4.6	3.7 4.6	3.65	3.75	4.55	4.65	5484
3.7	4.7	3.7 4.7	3.65	3.75	4.65	4.75	5485
3.7	4.8	3.7 4.8	3.65	3.75	4.75	4.85	5486
3.7	4.9	3.7 4.9	3.65	3.75	4.85	4.95	5487
3.7	5	3.7 5	3.65	3.75	4.95	5.05	5488
3.7	5.1	3.7 5.1	3.65	3.75	5.05	5.15	5489
3.7	5.2	3.7 5.2	3.65	3.75	5.15	5.25	5490
3.7	5.3	3.7 5.3	3.65	3.75	5.25	5.35	5491
3.7	5.4	3.7 5.4	3.65	3.75	5.35	5.45	5492
3.7	5.5	3.7 5.5	3.65	3.75	5.45	5.55	5493
3.7	5.6	3.7 5.6	3.65	3.75	5.55	5.65	5494
3.7	5.7	3.7 5.7	3.65	3.75	5.65	5.75	5495
3.7	5.8	3.7 5.8	3.65	3.75	5.75	5.85	5496
3.7	5.9	3.7 5.9	3.65	3.75	5.85	5.95	5497
3.7	6	3.7 6	3.65	3.75	5.95	6.05	5498
3.7	6.1	3.7 6.1	3.65	3.75	6.05	6.15	5499
3.7	6.2	3.7 6.2	3.65	3.75	6.15	6.25	5500
3.7	6.3	3.7 6.3	3.65	3.75	6.25	6.35	5501
3.7	6.4	3.7 6.4	3.65	3.75	6.35	6.45	5502
3.7	6.5	3.7 6.5	3.65	3.75	6.45	6.55	5503
3.7	6.6	3.7 6.6	3.65	3.75	6.55	6.65	5504
3.7	6.7	3.7 6.7	3.65	3.75	6.65	6.75	5505
3.7	6.8	3.7 6.8	3.65	3.75	6.75	6.85	5506
3.7	6.9	3.7 6.9	3.65	3.75	6.85	6.95	5507
3.7	7	3.7 7	3.65	3.75	6.95	7.05	5508
3.8	-1	3.8 -1	3.75	3.85	-1.05	-0.95	5509
3.8	-0.9	3.8 -0.9	3.75	3.85	-0.95	-0.85	5510
3.8	-0.8	3.8 -0.8	3.75	3.85	-0.85	-0.75	5511
3.8	-0.7	3.8 -0.7	3.75	3.85	-0.75	-0.65	5512
3.8	-0.6	3.8 -0.6	3.75	3.85	-0.65	-0.55	5513
3.8	-0.5	3.8 -0.5	3.75	3.85	-0.55	-0.45	5514
3.8	-0.4	3.8 -0.4	3.75	3.85	-0.45	-0.35	5515
3.8	-0.3	3.8 -0.3	3.75	3.85	-0.35	-0.25	5516
3.8	-0.2	3.8 -0.2	3.75	3.85	-0.25	-0.15	5517
3.8	-0.1	3.8 -0.1	3.75	3.85	-0.15	-0.0500000000000002	5518
3.8	0	3.8 0	3.75	3.85	-0.0499999999999998	0.0499999999999998	5519
3.8	0.1	3.8 0.1	3.75	3.85	0.0500000000000003	0.15	5520
3.8	0.2	3.8 0.2	3.75	3.85	0.15	0.25	5521
3.8	0.3	3.8 0.3	3.75	3.85	0.25	0.35	5522
3.8	0.4	3.8 0.4	3.75	3.85	0.35	0.45	5523
3.8	0.5	3.8 0.5	3.75	3.85	0.45	0.55	5524
3.8	0.6	3.8 0.6	3.75	3.85	0.55	0.65	5525
3.8	0.7	3.8 0.7	3.75	3.85	0.65	0.75	5526
3.8	0.8	3.8 0.8	3.75	3.85	0.75	0.85	5527
3.8	0.9	3.8 0.9	3.75	3.85	0.85	0.95	5528
3.8	1	3.8 1	3.75	3.85	0.95	1.05	5529
3.8	1.1	3.8 1.1	3.75	3.85	1.05	1.15	5530
3.8	1.2	3.8 1.2	3.75	3.85	1.15	1.25	5531
3.8	1.3	3.8 1.3	3.75	3.85	1.25	1.35	5532
3.8	1.4	3.8 1.4	3.75	3.85	1.35	1.45	5533
3.8	1.5	3.8 1.5	3.75	3.85	1.45	1.55	5534
3.8	1.6	3.8 1.6	3.75	3.85	1.55	1.65	5535
3.8	1.7	3.8 1.7	3.75	3.85	1.65	1.75	5536
3.8	1.8	3.8 1.8	3.75	3.85	1.75	1.85	5537
3.8	1.9	3.8 1.9	3.75	3.85	1.85	1.95	5538
3.8	2	3.8 2	3.75	3.85	1.95	2.05	5539
3.8	2.1	3.8 2.1	3.75	3.85	2.05	2.15	5540
3.8	2.2	3.8 2.2	3.75	3.85	2.15	2.25	5541
3.8	2.3	3.8 2.3	3.75	3.85	2.25	2.35	5542
3.8	2.4	3.8 2.4	3.75	3.85	2.35	2.45	5543
3.8	2.5	3.8 2.5	3.75	3.85	2.45	2.55	5544
3.8	2.6	3.8 2.6	3.75	3.85	2.55	2.65	5545
3.8	2.7	3.8 2.7	3.75	3.85	2.65	2.75	5546
3.8	2.8	3.8 2.8	3.75	3.85	2.75	2.85	5547
3.8	2.9	3.8 2.9	3.75	3.85	2.85	2.95	5548
3.8	3	3.8 3	3.75	3.85	2.95	3.05	5549
3.8	3.1	3.8 3.1	3.75	3.85	3.05	3.15	5550
3.8	3.2	3.8 3.2	3.75	3.85	3.15	3.25	5551
3.8	3.3	3.8 3.3	3.75	3.85	3.25	3.35	5552
3.8	3.4	3.8 3.4	3.75	3.85	3.35	3.45	5553
3.8	3.5	3.8 3.5	3.75	3.85	3.45	3.55	5554
3.8	3.6	3.8 3.6	3.75	3.85	3.55	3.65	5555
3.8	3.7	3.8 3.7	3.75	3.85	3.65	3.75	5556
3.8	3.8	3.8 3.8	3.75	3.85	3.75	3.85	5557
3.8	3.9	3.8 3.9	3.75	3.85	3.85	3.95	5558
3.8	4	3.8 4	3.75	3.85	3.95	4.05	5559
3.8	4.1	3.8 4.1	3.75	3.85	4.05	4.15	5560
3.8	4.2	3.8 4.2	3.75	3.85	4.15	4.25	5561
3.8	4.3	3.8 4.3	3.75	3.85	4.25	4.35	5562
3.8	4.4	3.8 4.4	3.75	3.85	4.35	4.45	5563
3.8	4.5	3.8 4.5	3.75	3.85	4.45	4.55	5564
3.8	4.6	3.8 4.6	3.75	3.85	4.55	4.65	5565
3.8	4.7	3.8 4.7	3.75	3.85	4.65	4.75	5566
3.8	4.8	3.8 4.8	3.75	3.85	4.75	4.85	5567
3.8	4.9	3.8 4.9	3.75	3.85	4.85	4.95	5568
3.8	5	3.8 5	3.75	3.85	4.95	5.05	5569
3.8	5.1	3.8 5.1	3.75	3.85	5.05	5.15	5570
3.8	5.2	3.8 5.2	3.75	3.85	5.15	5.25	5571
3.8	5.3	3.8 5.3	3.75	3.85	5.25	5.35	5572
3.8	5.4	3.8 5.4	3.75	3.85	5.35	5.45	5573
3.8	5.5	3.8 5.5	3.75	3.85	5.45	5.55	5574
3.8	5.6	3.8 5.6	3.75	3.85	5.55	5.65	5575
3.8	5.7	3.8 5.7	3.75	3.85	5.65	5.75	5576
3.8	5.8	3.8 5.8	3.75	3.85	5.75	5.85	5577
3.8	5.9	3.8 5.9	3.75	3.85	5.85	5.95	5578
3.8	6	3.8 6	3.75	3.85	5.95	6.05	5579
3.8	6.1	3.8 6.1	3.75	3.85	6.05	6.15	5580
3.8	6.2	3.8 6.2	3.75	3.85	6.15	6.25	5581
3.8	6.3	3.8 6.3	3.75	3.85	6.25	6.35	5582
3.8	6.4	3.8 6.4	3.75	3.85	6.35	6.45	5583
3.8	6.5	3.8 6.5	3.75	3.85	6.45	6.55	5584
3.8	6.6	3.8 6.6	3.75	3.85	6.55	6.65	5585
3.8	6.7	3.8 6.7	3.75	3.85	6.65	6.75	5586
3.8	6.8	3.8 6.8	3.75	3.85	6.75	6.85	5587
3.8	6.9	3.8 6.9	3.75	3.85	6.85	6.95	5588
3.8	7	3.8 7	3.75	3.85	6.95	7.05	5589
3.9	-1	3.9 -1	3.85	3.95	-1.05	-0.95	5590
3.9	-0.9	3.9 -0.9	3.85	3.95	-0.95	-0.85	5591
3.9	-0.8	3.9 -0.8	3.85	3.95	-0.85	-0.75	5592
3.9	-0.7	3.9 -0.7	3.85	3.95	-0.75	-0.65	5593
3.9	-0.6	3.9 -0.6	3.85	3.95	-0.65	-0.55	5594
3.9	-0.5	3.9 -0.5	3.85	3.95	-0.55	-0.45	5595
3.9	-0.4	3.9 -0.4	3.85	3.95	-0.45	-0.35	5596
3.9	-0.3	3.9 -0.3	3.85	3.95	-0.35	-0.25	5597
3.9	-0.2	3.9 -0.2	3.85	3.95	-0.25	-0.15	5598
3.9	-0.1	3.9 -0.1	3.85	3.95	-0.15	-0.0500000000000002	5599
3.9	0	3.9 0	3.85	3.95	-0.0499999999999998	0.0499999999999998	5600
3.9	0.1	3.9 0.1	3.85	3.95	0.0500000000000003	0.15	5601
3.9	0.2	3.9 0.2	3.85	3.95	0.15	0.25	5602
3.9	0.3	3.9 0.3	3.85	3.95	0.25	0.35	5603
3.9	0.4	3.9 0.4	3.85	3.95	0.35	0.45	5604
3.9	0.5	3.9 0.5	3.85	3.95	0.45	0.55	5605
3.9	0.6	3.9 0.6	3.85	3.95	0.55	0.65	5606
3.9	0.7	3.9 0.7	3.85	3.95	0.65	0.75	5607
3.9	0.8	3.9 0.8	3.85	3.95	0.75	0.85	5608
3.9	0.9	3.9 0.9	3.85	3.95	0.85	0.95	5609
3.9	1	3.9 1	3.85	3.95	0.95	1.05	5610
3.9	1.1	3.9 1.1	3.85	3.95	1.05	1.15	5611
3.9	1.2	3.9 1.2	3.85	3.95	1.15	1.25	5612
3.9	1.3	3.9 1.3	3.85	3.95	1.25	1.35	5613
3.9	1.4	3.9 1.4	3.85	3.95	1.35	1.45	5614
3.9	1.5	3.9 1.5	3.85	3.95	1.45	1.55	5615
3.9	1.6	3.9 1.6	3.85	3.95	1.55	1.65	5616
3.9	1.7	3.9 1.7	3.85	3.95	1.65	1.75	5617
3.9	1.8	3.9 1.8	3.85	3.95	1.75	1.85	5618
3.9	1.9	3.9 1.9	3.85	3.95	1.85	1.95	5619
3.9	2	3.9 2	3.85	3.95	1.95	2.05	5620
3.9	2.1	3.9 2.1	3.85	3.95	2.05	2.15	5621
3.9	2.2	3.9 2.2	3.85	3.95	2.15	2.25	5622
3.9	2.3	3.9 2.3	3.85	3.95	2.25	2.35	5623
3.9	2.4	3.9 2.4	3.85	3.95	2.35	2.45	5624
3.9	2.5	3.9 2.5	3.85	3.95	2.45	2.55	5625
3.9	2.6	3.9 2.6	3.85	3.95	2.55	2.65	5626
3.9	2.7	3.9 2.7	3.85	3.95	2.65	2.75	5627
3.9	2.8	3.9 2.8	3.85	3.95	2.75	2.85	5628
3.9	2.9	3.9 2.9	3.85	3.95	2.85	2.95	5629
3.9	3	3.9 3	3.85	3.95	2.95	3.05	5630
3.9	3.1	3.9 3.1	3.85	3.95	3.05	3.15	5631
3.9	3.2	3.9 3.2	3.85	3.95	3.15	3.25	5632
3.9	3.3	3.9 3.3	3.85	3.95	3.25	3.35	5633
3.9	3.4	3.9 3.4	3.85	3.95	3.35	3.45	5634
3.9	3.5	3.9 3.5	3.85	3.95	3.45	3.55	5635
3.9	3.6	3.9 3.6	3.85	3.95	3.55	3.65	5636
3.9	3.7	3.9 3.7	3.85	3.95	3.65	3.75	5637
3.9	3.8	3.9 3.8	3.85	3.95	3.75	3.85	5638
3.9	3.9	3.9 3.9	3.85	3.95	3.85	3.95	5639
3.9	4	3.9 4	3.85	3.95	3.95	4.05	5640
3.9	4.1	3.9 4.1	3.85	3.95	4.05	4.15	5641
3.9	4.2	3.9 4.2	3.85	3.95	4.15	4.25	5642
3.9	4.3	3.9 4.3	3.85	3.95	4.25	4.35	5643
3.9	4.4	3.9 4.4	3.85	3.95	4.35	4.45	5644
3.9	4.5	3.9 4.5	3.85	3.95	4.45	4.55	5645
3.9	4.6	3.9 4.6	3.85	3.95	4.55	4.65	5646
3.9	4.7	3.9 4.7	3.85	3.95	4.65	4.75	5647
3.9	4.8	3.9 4.8	3.85	3.95	4.75	4.85	5648
3.9	4.9	3.9 4.9	3.85	3.95	4.85	4.95	5649
3.9	5	3.9 5	3.85	3.95	4.95	5.05	5650
3.9	5.1	3.9 5.1	3.85	3.95	5.05	5.15	5651
3.9	5.2	3.9 5.2	3.85	3.95	5.15	5.25	5652
3.9	5.3	3.9 5.3	3.85	3.95	5.25	5.35	5653
3.9	5.4	3.9 5.4	3.85	3.95	5.35	5.45	5654
3.9	5.5	3.9 5.5	3.85	3.95	5.45	5.55	5655
3.9	5.6	3.9 5.6	3.85	3.95	5.55	5.65	5656
3.9	5.7	3.9 5.7	3.85	3.95	5.65	5.75	5657
3.9	5.8	3.9 5.8	3.85	3.95	5.75	5.85	5658
3.9	5.9	3.9 5.9	3.85	3.95	5.85	5.95	5659
3.9	6	3.9 6	3.85	3.95	5.95	6.05	5660
3.9	6.1	3.9 6.1	3.85	3.95	6.05	6.15	5661
3.9	6.2	3.9 6.2	3.85	3.95	6.15	6.25	5662
3.9	6.3	3.9 6.3	3.85	3.95	6.25	6.35	5663
3.9	6.4	3.9 6.4	3.85	3.95	6.35	6.45	5664
3.9	6.5	3.9 6.5	3.85	3.95	6.45	6.55	5665
3.9	6.6	3.9 6.6	3.85	3.95	6.55	6.65	5666
3.9	6.7	3.9 6.7	3.85	3.95	6.65	6.75	5667
3.9	6.8	3.9 6.8	3.85	3.95	6.75	6.85	5668
3.9	6.9	3.9 6.9	3.85	3.95	6.85	6.95	5669
3.9	7	3.9 7	3.85	3.95	6.95	7.05	5670
4	-1	4 -1	3.95	4.05	-1.05	-0.95	5671
4	-0.9	4 -0.9	3.95	4.05	-0.95	-0.85	5672
4	-0.8	4 -0.8	3.95	4.05	-0.85	-0.75	5673
4	-0.7	4 -0.7	3.95	4.05	-0.75	-0.65	5674
4	-0.6	4 -0.6	3.95	4.05	-0.65	-0.55	5675
4	-0.5	4 -0.5	3.95	4.05	-0.55	-0.45	5676
4	-0.4	4 -0.4	3.95	4.05	-0.45	-0.35	5677
4	-0.3	4 -0.3	3.95	4.05	-0.35	-0.25	5678
4	-0.2	4 -0.2	3.95	4.05	-0.25	-0.15	5679
4	-0.1	4 -0.1	3.95	4.05	-0.15	-0.0500000000000002	5680
4	0	4 0	3.95	4.05	-0.0499999999999998	0.0499999999999998	5681
4	0.1	4 0.1	3.95	4.05	0.0500000000000003	0.15	5682
4	0.2	4 0.2	3.95	4.05	0.15	0.25	5683
4	0.3	4 0.3	3.95	4.05	0.25	0.35	5684
4	0.4	4 0.4	3.95	4.05	0.35	0.45	5685
4	0.5	4 0.5	3.95	4.05	0.45	0.55	5686
4	0.6	4 0.6	3.95	4.05	0.55	0.65	5687
4	0.7	4 0.7	3.95	4.05	0.65	0.75	5688
4	0.8	4 0.8	3.95	4.05	0.75	0.85	5689
4	0.9	4 0.9	3.95	4.05	0.85	0.95	5690
4	1	4 1	3.95	4.05	0.95	1.05	5691
4	1.1	4 1.1	3.95	4.05	1.05	1.15	5692
4	1.2	4 1.2	3.95	4.05	1.15	1.25	5693
4	1.3	4 1.3	3.95	4.05	1.25	1.35	5694
4	1.4	4 1.4	3.95	4.05	1.35	1.45	5695
4	1.5	4 1.5	3.95	4.05	1.45	1.55	5696
4	1.6	4 1.6	3.95	4.05	1.55	1.65	5697
4	1.7	4 1.7	3.95	4.05	1.65	1.75	5698
4	1.8	4 1.8	3.95	4.05	1.75	1.85	5699
4	1.9	4 1.9	3.95	4.05	1.85	1.95	5700
4	2	4 2	3.95	4.05	1.95	2.05	5701
4	2.1	4 2.1	3.95	4.05	2.05	2.15	5702
4	2.2	4 2.2	3.95	4.05	2.15	2.25	5703
4	2.3	4 2.3	3.95	4.05	2.25	2.35	5704
4	2.4	4 2.4	3.95	4.05	2.35	2.45	5705
4	2.5	4 2.5	3.95	4.05	2.45	2.55	5706
4	2.6	4 2.6	3.95	4.05	2.55	2.65	5707
4	2.7	4 2.7	3.95	4.05	2.65	2.75	5708
4	2.8	4 2.8	3.95	4.05	2.75	2.85	5709
4	2.9	4 2.9	3.95	4.05	2.85	2.95	5710
4	3	4 3	3.95	4.05	2.95	3.05	5711
4	3.1	4 3.1	3.95	4.05	3.05	3.15	5712
4	3.2	4 3.2	3.95	4.05	3.15	3.25	5713
4	3.3	4 3.3	3.95	4.05	3.25	3.35	5714
4	3.4	4 3.4	3.95	4.05	3.35	3.45	5715
4	3.5	4 3.5	3.95	4.05	3.45	3.55	5716
4	3.6	4 3.6	3.95	4.05	3.55	3.65	5717
4	3.7	4 3.7	3.95	4.05	3.65	3.75	5718
4	3.8	4 3.8	3.95	4.05	3.75	3.85	5719
4	3.9	4 3.9	3.95	4.05	3.85	3.95	5720
4	4	4 4	3.95	4.05	3.95	4.05	5721
4	4.1	4 4.1	3.95	4.05	4.05	4.15	5722
4	4.2	4 4.2	3.95	4.05	4.15	4.25	5723
4	4.3	4 4.3	3.95	4.05	4.25	4.35	5724
4	4.4	4 4.4	3.95	4.05	4.35	4.45	5725
4	4.5	4 4.5	3.95	4.05	4.45	4.55	5726
4	4.6	4 4.6	3.95	4.05	4.55	4.65	5727
4	4.7	4 4.7	3.95	4.05	4.65	4.75	5728
4	4.8	4 4.8	3.95	4.05	4.75	4.85	5729
4	4.9	4 4.9	3.95	4.05	4.85	4.95	5730
4	5	4 5	3.95	4.05	4.95	5.05	5731
4	5.1	4 5.1	3.95	4.05	5.05	5.15	5732
4	5.2	4 5.2	3.95	4.05	5.15	5.25	5733
4	5.3	4 5.3	3.95	4.05	5.25	5.35	5734
4	5.4	4 5.4	3.95	4.05	5.35	5.45	5735
4	5.5	4 5.5	3.95	4.05	5.45	5.55	5736
4	5.6	4 5.6	3.95	4.05	5.55	5.65	5737
4	5.7	4 5.7	3.95	4.05	5.65	5.75	5738
4	5.8	4 5.8	3.95	4.05	5.75	5.85	5739
4	5.9	4 5.9	3.95	4.05	5.85	5.95	5740
4	6	4 6	3.95	4.05	5.95	6.05	5741
4	6.1	4 6.1	3.95	4.05	6.05	6.15	5742
4	6.2	4 6.2	3.95	4.05	6.15	6.25	5743
4	6.3	4 6.3	3.95	4.05	6.25	6.35	5744
4	6.4	4 6.4	3.95	4.05	6.35	6.45	5745
4	6.5	4 6.5	3.95	4.05	6.45	6.55	5746
4	6.6	4 6.6	3.95	4.05	6.55	6.65	5747
4	6.7	4 6.7	3.95	4.05	6.65	6.75	5748
4	6.8	4 6.8	3.95	4.05	6.75	6.85	5749
4	6.9	4 6.9	3.95	4.05	6.85	6.95	5750
4	7	4 7	3.95	4.05	6.95	7.05	5751
