group	y	yend
1	0.72659511272592	0
2	0.955969342031826	0
3	-1.48018317295949	0
4	9.18937119752268	0
5	3.86278767333421	0
6	4.07277951095575	0
7	8.09335750718966	0
8	2.40746289272958	0
9	1.75169841125618	0
10	6.30234904471344	0
11	6.13579655870498	0
12	4.54584570886809	0
13	0.0167104651076917	0
14	-3.94584964160729	0
15	4.87117994637236	0
16	-0.0896766524990942	0
17	1.67250081881448	0
18	10.5986502421001	0
19	2.16053848443678	0
20	3.95893327242985	0
21	8.64082570944673	0
22	4.54730201138831	0
23	0.977307494202632	0
24	1.06882011005263	0
25	3.19035531022509	0
26	0.354662517959042	0
27	8.21281182966493	0
28	-2.44353143268069	0
29	3.96386746052535	0
30	1.75346706331009	0
31	2.72891950447322	0
32	0.15130527464686	0
33	0.776844952845669	0
34	3.43692809074676	0
35	1.10411931682987	0
36	0.19172838097893	0
37	2.32819553563234	0
38	5.41486842392824	0
39	4.00172788958346	0
40	1.80975166297802	0
41	3.37918766093409	0
42	0.271837861555728	0
43	4.27576087797144	0
44	1.21458901003792	0
45	-1.34571426500243	0
46	1.5991827235065	0
47	8.90883706034136	0
48	1.55573076680744	0
49	1.71821580999688	0
50	3.09945175602001	0
51	0.814243488014961	0
52	3.47294951502317	0
53	0.820190235673438	0
54	0.0858972810183634	0
55	9.50144070357534	0
56	9.73618464349955	0
57	0.480776128002462	0
58	-2.07576876510189	0
59	2.08428246714859	0
60	0.0423928969344883	0
61	10.9400305590002	0
62	1.45510443302963	0
63	1.43980085650073	0
64	1.06729994622673	0
65	-0.667118095738368	0
66	2.48559622194781	0
67	-3.59334622840611	0
68	5.4842791619212	0
69	6.52912929207117	0
70	9.41640296883018	0
71	1.8833297538254	0
72	2.72801818624204	0
73	2.06766699685338	0
74	-0.873487412559177	0
75	-2.48713331053373	0
76	6.12039571806073	0
77	3.89217324849871	0
78	0.437893522890534	0
79	2.91732636838642	0
80	6.45903992462169	0
81	-0.983639680156443	0
82	1.35549236184546	0
83	2.71621453822414	0
84	-1.94906625013054	0
85	3.56726923576964	0
86	3.84800896785591	0
87	3.73079781533223	0
88	4.54384424690582	0
89	3.07197709478683	0
90	5.11454114811392	0
91	1.35550223140033	0
92	9.41913541980507	0
93	3.04965937796903	0
94	6.49725403412085	0
95	5.97422921167153	0
96	4.29910421735747	0
97	-2.48117093495082	0
98	-0.855475425622786	0
99	1.02982585245596	0
100	-0.550405438180211	0
101	-0.378911573341857	0
102	0.860069221105435	0
103	0.0782511233260432	0
104	9.05461057364169	0
105	-0.667633028420721	0
106	6.49555919214203	0
107	6.37854978133696	0
108	1.83758599419501	0
109	7.24258033035268	0
110	3.71548639175473	0
111	6.89111419736346	0
112	1.01091020763872	0
113	3.60354287504806	0
114	-1.13234192349842	0
115	4.04042233026464	0
116	7.74974825111187	0
117	1.03288850154374	0
118	5.11043242136999	0
119	1.09225002588568	0
120	0.351957938008793	0
121	7.69667328978609	0
122	2.68677664636076	0
123	-0.420341071145105	0
124	3.47992365154558	0
125	2.13723221294091	0
126	1.50185514701769	0
127	-0.14263730175095	0
128	3.0038066445694	0
129	1.28722956868309	0
130	-0.318752239915457	0
131	0.322131339588853	0
132	5.2616944108093	0
133	8.82900430089372	0
134	-2.30272827027497	0
135	7.22671133846696	0
136	-2.72650320743043	0
137	-0.46843181378382	0
138	-1.03217188205283	0
139	7.16723598287619	0
140	-0.111691247546562	0
141	-2.6259055099788	0
142	2.72434890377882	0
143	-0.875120443972189	0
144	1.17835308185305	0
145	-0.338855688886291	0
146	-1.42065506517047	0
147	7.97386728885544	0
148	2.22575254380213	0
149	3.04465045166932	0
150	1.50293764620544	0
151	1.37353910564799	0
152	0.0804999982917752	0
153	0.419282683854408	0
154	-1.77964448430797	0
155	-2.97491361983617	0
156	1.51608146727065	0
157	2.03166462183689	0
158	5.25153152901144	0
159	-0.990726377760774	0
160	6.71007762971618	0
161	2.51754568958693	0
162	5.14228240478092	0
163	2.22102915390564	0
164	4.59494068903147	0
165	3.97686449291997	0
166	4.68391143616397	0
167	6.33941544000246	0
168	-1.87467214629883	0
169	1.51311956696982	0
170	1.36435275540902	0
171	5.22823915846488	0
172	4.38826261422772	0
173	5.47986906477806	0
174	0.270595138764477	0
175	-0.153860075129734	0
176	5.56012300122196	0
177	2.32505263054526	0
178	6.24277095251061	0
179	2.45398224816271	0
180	8.26490907575558	0
181	-0.930945882161437	0
182	5.39932265096741	0
183	5.81624554422744	0
184	-2.93409858024638	0
185	6.16025155235434	0
186	3.16011254647495	0
187	5.32739330739337	0
188	0.282227101930624	0
189	6.22767820949219	0
190	-1.77049189360083	0
191	1.25986883578969	0
192	1.24833832538136	0
193	4.27138506427479	0
194	8.23388103279801	0
195	-0.724592211437589	0
196	-1.80064293010617	0
197	8.34779430816257	0
198	2.14232647054823	0
199	2.01688935116643	0
200	2.11802353590613	0
201	0.72659511272592	0.0160000085534528
202	0.955969342031826	0.020887046141065
203	-1.48018317295949	0.0300880990709228
204	9.18937119752268	0.0454601016294643
205	3.86278767333421	0.0130743137921286
206	4.07277951095575	0.0450100585597868
207	8.09335750718966	0.0471317007794057
208	2.40746289272958	0.0341193027237422
209	1.75169841125618	0.0326669805664532
210	6.30234904471344	0.00666176551078666
211	6.13579655870498	0.0132710803387574
212	4.54584570886809	0.0119226238854761
213	0.0167104651076917	0.0353214088174328
214	-3.94584964160729	0.0214361780062954
215	4.87117994637236	0.0391176530896005
216	-0.0896766524990942	0.0266431785551529
217	1.67250081881448	0.0367238551581766
218	10.5986502421001	0.0492966711030207
219	2.16053848443678	0.0212496840060449
220	3.95893327242985	0.0394661967320233
221	8.64082570944673	0.0466746934171221
222	4.54730201138831	0.013553807149717
223	0.977307494202632	0.0337010748846648
224	1.06882011005263	0.00958480594433083
225	3.19035531022509	0.0160784835999967
226	0.354662517959042	0.021528329702796
227	8.21281182966493	0.00444338873377724
228	-2.44353143268069	0.0213575308121759
229	3.96386746052535	0.0436945589113944
230	1.75346706331009	0.0194305456430075
231	2.72891950447322	0.0259272278021572
232	0.15130527464686	0.0313125470063345
233	0.776844952845669	0.026452586802252
234	3.43692809074676	0.0123654586356214
235	1.10411931682987	0.041754804778516
236	0.19172838097893	0.0344708324595703
237	2.32819553563234	0.0402360307327681
238	5.41486842392824	0.00877752999530266
239	4.00172788958346	0.0370031207996502
240	1.80975166297802	0.0226816312117212
241	3.37918766093409	0.0414602023248956
242	0.271837861555728	0.033489597596632
243	4.27576087797144	0.0397177350661662
244	1.21458901003792	0.0291797234975123
245	-1.34571426500243	0.0281109293295141
246	1.5991827235065	0.0400121745612416
247	8.90883706034136	0.00489905907610847
248	1.55573076680744	0.0257049108092549
249	1.71821580999688	0.0373974562841773
250	3.09945175602001	0.0355830851069386
251	0.814243488014961	0.0257227673581665
252	3.47294951502317	0.0433057892578848
253	0.820190235673438	0.0239111312142234
254	0.0858972810183634	0.0150506384095404
255	9.50144070357534	0.00706939330686425
256	9.73618464349955	0.00838893925573956
257	0.480776128002462	0.0183268889548354
258	-2.07576876510189	0.0276027996976472
259	2.08428246714859	0.0341746422994256
260	0.0423928969344883	0.0224779156768648
261	10.9400305590002	0.0456740799346805
262	1.45510443302963	0.0172878160604327
263	1.43980085650073	0.0248722924211602
264	1.06729994622673	0.0190659347832438
265	-0.667118095738368	0.0336642532012792
266	2.48559622194781	0.0156565950581988
267	-3.59334622840611	0.0257651962819058
268	5.4842791619212	0.0389558103233493
269	6.52912929207117	0.00769131827071951
270	9.41640296883018	0.0439526494939029
271	1.8833297538254	0.0193720535574808
272	2.72801818624204	0.0423079343202768
273	2.06766699685338	0.0197209066066218
274	-0.873487412559177	0.0191292030941846
275	-2.48713331053373	0.0256646273907403
276	6.12039571806073	0.0447262590122237
277	3.89217324849871	0.0434492621595428
278	0.437893522890534	0.0217059729270173
279	2.91732636838642	0.0394604888605791
280	6.45903992462169	0.0478624848262302
281	-0.983639680156443	0.0237535572062397
282	1.35549236184546	0.0364899054182534
283	2.71621453822414	0.0221645749009387
284	-1.94906625013054	0.0187431190922699
285	3.56726923576964	0.0385330217688389
286	3.84800896785591	0.0131206251079525
287	3.73079781533223	0.0364260320614131
288	4.54384424690582	0.00940772542816438
289	3.07197709478683	0.015082323382164
290	5.11454114811392	0.0103983989943263
291	1.35550223140033	0.0148137535481165
292	9.41913541980507	0.00653104020647499
293	3.04965937796903	0.0332708612519576
294	6.49725403412085	0.0439960986134824
295	5.97422921167153	0.0395335537773442
296	4.29910421735747	0.0403767061989685
297	-2.48117093495082	0.0246985077679825
298	-0.855475425622786	0.0226270679650396
299	1.02982585245596	0.040998335491625
300	-0.550405438180211	0.031558581281944
301	-0.378911573341857	0.0338408884496835
302	0.860069221105435	0.0200194858933619
303	0.0782511233260432	0.0162178073928893
304	9.05461057364169	0.0493323315853728
305	-0.667633028420721	0.0328677156216443
306	6.49555919214203	0.0136026528449883
307	6.37854978133696	0.00975978144677293
308	1.83758599419501	0.0257456136146964
309	7.24258033035268	0.0461873997465812
310	3.71548639175473	0.0312756538491539
311	6.89111419736346	0.0485753906055866
312	1.01091020763872	0.0373735642498023
313	3.60354287504806	0.0201812778157787
314	-1.13234192349842	0.0236075265203212
315	4.04042233026464	0.0106233347542075
316	7.74974825111187	0.00442905252274338
317	1.03288850154374	0.0366297751526887
318	5.11043242136999	0.00855936869610396
319	1.09225002588568	0.0242864186282064
320	0.351957938008793	0.0331706035925095
321	7.69667328978609	0.0492935781884695
322	2.68677664636076	0.026546658952773
323	-0.420341071145105	0.0260312531455596
324	3.47992365154558	0.0117798649640202
325	2.13723221294091	0.0384291433538726
326	1.50185514701769	0.0246352986894685
327	-0.14263730175095	0.0272606423033797
328	3.0038066445694	0.0133430708006449
329	1.28722956868309	0.0143108515034286
330	-0.318752239915457	0.0311358948846929
331	0.322131339588853	0.0301806385850678
332	5.2616944108093	0.0073620847089451
333	8.82900430089372	0.00545871346990338
334	-2.30272827027497	0.0332941118685214
335	7.22671133846696	0.0463955380760325
336	-2.72650320743043	0.0312450090406353
337	-0.46843181378382	0.0295402141496659
338	-1.03217188205283	0.0279417017310988
339	7.16723598287619	0.0489844738651252
340	-0.111691247546562	0.0270989273297553
341	-2.6259055099788	0.0351272951898128
342	2.72434890377882	0.0314030951903246
343	-0.875120443972189	0.0147788828101104
344	1.17835308185305	0.0156634316222131
345	-0.338855688886291	0.0372597534106579
346	-1.42065506517047	0.0245745789203951
347	7.97386728885544	0.0118570761613358
348	2.22575254380213	0.0380568155441267
349	3.04465045166932	0.00864203330022362
350	1.50293764620544	0.0434586808945015
351	1.37353910564799	0.0320037460970181
352	0.0804999982917752	0.0293687243101187
353	0.419282683854408	0.0189001221743665
354	-1.77964448430797	0.0246002763911573
355	-2.97491361983617	0.0267688542150338
356	1.51608146727065	0.0121201680631527
357	2.03166462183689	0.028106850776708
358	5.25153152901144	0.00728009713680033
359	-0.990726377760774	0.0165613998554525
360	6.71007762971618	0.0135793388657366
361	2.51754568958693	0.0168838500343266
362	5.14228240478092	0.0448589954121775
363	2.22102915390564	0.0242841714032951
364	4.59494068903147	0.039582610254675
365	3.97686449291997	0.0441954861042819
366	4.68391143616397	0.0227664215662509
367	6.33941544000246	0.00675445973362701
368	-1.87467214629883	0.0192077035946633
369	1.51311956696982	0.0370038083974093
370	1.36435275540902	0.0193052397749027
371	5.22823915846488	0.0327265736707333
372	4.38826261422772	0.0423617575671785
373	5.47986906477806	0.0430730321068451
374	0.270595138764477	0.0217687590646588
375	-0.153860075129734	0.0212707102155223
376	5.56012300122196	0.0448750993856406
377	2.32505263054526	0.0333637981569878
378	6.24277095251061	0.037799222919559
379	2.45398224816271	0.0315755485333424
380	8.26490907575558	0.0452251274567148
381	-0.930945882161437	0.0172936275192526
382	5.39932265096741	0.0125965975354152
383	5.81624554422744	0.0444628095813439
384	-2.93409858024638	0.0269017164865628
385	6.16025155235434	0.0440322341612426
386	3.16011254647495	0.012501873721474
387	5.32739330739337	0.038579588872694
388	0.282227101930624	0.0370392387591151
389	6.22767820949219	0.0470881339633932
390	-1.77049189360083	0.0289326688766476
391	1.25986883578969	0.0364545729234582
392	1.24833832538136	0.0216562641138983
393	4.27138506427479	0.00845343187426164
394	8.23388103279801	0.0463353475887147
395	-0.724592211437589	0.0168124351942302
396	-1.80064293010617	0.0309003404476106
397	8.34779430816257	0.00888831967117611
398	2.14232647054823	0.0423568289703486
399	2.01688935116643	0.0184044459414535
400	2.11802353590613	0.0397140026868729
401	0.72659511272592	0.032044182842334
402	0.955969342031826	0.0416728799826302
403	-1.48018317295949	0.0598012758554197
404	9.18937119752268	0.0900879995448875
405	3.86278767333421	0.0262798259539915
406	4.07277951095575	0.0892013011431814
407	8.09335750718966	0.093381471646588
408	2.40746289272958	0.0677437642009653
409	1.75169841125618	0.0648823231025535
410	6.30234904471344	0.0136454878316328
411	6.13579655870498	0.026667505698799
412	4.54584570886809	0.0240107062445784
413	0.0167104651076917	0.070112216519808
414	-3.94584964160729	0.0427548083135668
415	4.87117994637236	0.0775917756007413
416	-0.0896766524990942	0.0530139132202679
417	1.67250081881448	0.072875389675007
418	10.5986502421001	0.0976470094473731
419	2.16053848443678	0.0423873680770836
420	3.95893327242985	0.0782784945205163
421	8.64082570944673	0.0924810518312241
422	4.54730201138831	0.0272245488537508
423	0.977307494202632	0.0669197498311303
424	1.06882011005263	0.0194046150245113
425	3.19035531022509	0.032198798484775
426	0.354662517959042	0.0429363704073019
427	8.21281182966493	0.00927472584219482
428	-2.44353143268069	0.0425998534969658
429	3.96386746052535	0.0866094349102217
430	1.75346706331009	0.0388032064986294
431	2.72891950447322	0.0516033095888498
432	0.15130527464686	0.0622137472397253
433	0.776844952845669	0.0526383993771222
434	3.43692809074676	0.0248832024380099
435	1.10411931682987	0.0827876298315238
436	0.19172838097893	0.068436366478197
437	2.32819553563234	0.0797952617457702
438	5.41486842392824	0.0178140777138222
439	4.00172788958346	0.0734256134527524
440	1.80975166297802	0.0452086653798301
441	3.37918766093409	0.0822071886640791
442	0.271837861555728	0.0665030862139563
443	4.27576087797144	0.0787740885066922
444	1.21458901003792	0.0580115467753357
445	-1.34571426500243	0.0559057525872461
446	1.5991827235065	0.0793542086046855
447	8.90883706034136	0.010172511390897
448	1.55573076680744	0.0511652890180189
449	1.71821580999688	0.0742025538556272
450	3.09945175602001	0.0706277848360482
451	0.814243488014961	0.0512004709249223
452	3.47294951502317	0.0858434605988166
453	0.820190235673438	0.0476310906110366
454	0.0858972810183634	0.0301736841146502
455	9.50144070357534	0.0144486174421655
456	9.73618464349955	0.0170484559080351
457	0.480776128002462	0.0366287243493191
458	-2.07576876510189	0.0549046090016803
459	2.08428246714859	0.067852797128291
460	0.0423928969344883	0.0448072943748518
461	10.9400305590002	0.0905095907969669
462	1.45510443302963	0.0345814885694561
463	1.43980085650073	0.0495248207079884
464	1.06729994622673	0.0380848311066277
465	-0.667118095738368	0.0668472018240482
466	2.48559622194781	0.0313675716069154
467	-3.59334622840611	0.0512840666103147
468	5.4842791619212	0.0772729045152127
469	6.52912929207117	0.0156739665444788
470	9.41640296883018	0.0871179384789349
471	1.8833297538254	0.0386879623314741
472	2.72801818624204	0.0838774345939152
473	2.06766699685338	0.0393752908605531
474	-0.873487412559177	0.0382094856429815
475	-2.48713331053373	0.0510859205192712
476	6.12039571806073	0.0886421444264486
477	3.89217324849871	0.0861261384160297
478	0.437893522890534	0.0432863723817882
479	2.91732636838642	0.0782672485735664
480	6.45903992462169	0.0948213006095714
481	-0.983639680156443	0.0473206300563842
482	1.35549236184546	0.0724144496573812
483	2.71621453822414	0.0441899339844293
484	-1.94906625013054	0.0374488027428594
485	3.56726923576964	0.0764399043852191
486	3.84800896785591	0.0263710709313919
487	3.73079781533223	0.072288603027941
488	4.54384424690582	0.0190557217268751
489	3.07197709478683	0.0302361115054411
490	5.11454114811392	0.021007598618031
491	1.35550223140033	0.0297069611670811
492	9.41913541980507	0.0133879259976537
493	3.04965937796903	0.0660721204236004
494	6.49725403412085	0.0872035442075472
495	5.97422921167153	0.0784112048952644
496	4.29910421735747	0.0800724279092854
497	-2.48117093495082	0.0491824210920492
498	-0.855475425622786	0.0451011620165206
499	1.02982585245596	0.0812971944647338
500	-0.550405438180211	0.0626984968418115
501	-0.378911573341857	0.0671952178318435
502	0.860069221105435	0.0399635673926743
503	0.0782511233260432	0.0324733015108211
504	9.05461057364169	0.0977172695954259
505	-0.667633028420721	0.0652778218105592
506	6.49555919214203	0.027320787198135
507	6.37854978133696	0.0197493609139755
508	1.83758599419501	0.0512454838148321
509	7.24258033035268	0.0915209603467805
510	3.71548639175473	0.0621410584112328
511	6.89111419736346	0.0962259048746153
512	1.01091020763872	0.0741554805194929
513	3.60354287504806	0.0402823383030201
514	-1.13234192349842	0.0470329127588001
515	4.04042233026464	0.0214507788205751
516	7.74974825111187	0.00924647988915891
517	1.03288850154374	0.0726900283260179
518	5.11043242136999	0.0173842449081482
519	1.09225002588568	0.0483705015087483
520	0.351957938008793	0.0658745875375697
521	7.69667328978609	0.0976409156253059
522	2.68677664636076	0.0528237452498446
523	-0.420341071145105	0.0518082657629286
524	3.47992365154558	0.0237294351485144
525	2.13723221294091	0.0762352376972322
526	1.50185514701769	0.0490578832585217
527	-0.14263730175095	0.0542304726021434
528	3.0038066445694	0.0268093450732827
529	1.28722956868309	0.0287161172472778
530	-0.318752239915457	0.0618656979873951
531	0.322131339588853	0.059983602047768
532	5.2616944108093	0.0150252933558824
533	8.82900430089372	0.0112751717581401
534	-2.30272827027497	0.0661179300048045
535	7.22671133846696	0.091931045373066
536	-2.72650320743043	0.0620806804061823
537	-0.46843181378382	0.0587218043187387
538	-1.03217188205283	0.0555723315190204
539	7.16723598287619	0.0970319021154073
540	-0.111691247546562	0.0539118533003341
541	-2.6259055099788	0.0697297636948297
542	2.72434890377882	0.0623921500092179
543	-0.875120443972189	0.0296382570146574
544	1.17835308185305	0.031381041363019
545	-0.338855688886291	0.0739312444497352
546	-1.42065506517047	0.0489382499926924
547	7.97386728885544	0.0238815606890823
548	2.22575254380213	0.0755016579666321
549	3.04465045166932	0.0175471150361186
550	1.50293764620544	0.0861446957004246
551	1.37353910564799	0.0635755838510724
552	0.0804999982917752	0.0583839260646766
553	0.419282683854408	0.0377581384294589
554	-1.77964448430797	0.0489888804940555
555	-2.97491361983617	0.0532615259805968
556	1.51608146727065	0.0243999181187614
557	2.03166462183689	0.0558977168091214
558	5.25153152901144	0.0148637571517306
559	-0.990726377760774	0.0331502653569955
560	6.71007762971618	0.027274852776448
561	2.51754568958693	0.0337855735697016
562	5.14228240478092	0.0889036686262805
563	2.22102915390564	0.0483660739086555
564	4.59494068903147	0.07850785853349
565	3.97686449291997	0.0875963878736854
566	4.68391143616397	0.0453757237724755
567	6.33941544000246	0.0138281188391469
568	-1.87467214629883	0.0383641514360965
569	1.51311956696982	0.0734269681938319
570	1.36435275540902	0.0385563223214049
571	5.22823915846488	0.064999736554461
572	4.38826261422772	0.0839834799709421
573	5.47986906477806	0.0853848702822042
574	0.270595138764477	0.0434100769150807
575	-0.153860075129734	0.0424287950150675
576	5.56012300122196	0.0889353975173422
577	2.32505263054526	0.0662552295762618
578	6.24277095251061	0.0749941355007064
579	2.45398224816271	0.0627319266082273
580	8.26490907575558	0.0896250411361099
581	-0.930945882161437	0.0345929386096731
582	5.39932265096741	0.0253386043913522
583	5.81624554422744	0.0881230825743043
584	-2.93409858024638	0.0535232981791915
585	6.16025155235434	0.0872747403543222
586	3.16011254647495	0.0251519745772649
587	5.32739330739337	0.0765316533295814
588	0.282227101930624	0.0734967749461476
589	6.22767820949219	0.0932956340263056
590	-1.77049189360083	0.0575247868356441
591	1.25986883578969	0.0723448357275731
592	1.24833832538136	0.0431884334774629
593	4.27138506427479	0.0171755226392401
594	8.23388103279801	0.0918124549258431
595	-0.724592211437589	0.0336448683153868
596	-1.80064293010617	0.0614015963114703
597	8.34779430816257	0.0180323613296391
598	2.14232647054823	0.0839737693916083
599	2.01688935116643	0.0367815311820622
600	2.11802353590613	0.0787667347777341
601	0.72659511272592	0.0481267831335547
602	0.955969342031826	0.0623557339102848
603	-1.48018317295949	0.0891452412316322
604	9.18937119752268	0.133901898782148
605	3.86278767333421	0.0396084187869939
606	4.07277951095575	0.132591566997084
607	8.09335750718966	0.138768876290819
608	2.40746289272958	0.100882371818133
609	1.75169841125618	0.0966538345667719
610	6.30234904471344	0.0209378372306113
611	6.13579655870498	0.0401813183107432
612	4.54584570886809	0.0362551933005856
613	0.0167104651076917	0.104382387549317
614	-3.94584964160729	0.0639545696344266
615	4.87117994637236	0.115435417512099
616	-0.0896766524990942	0.0791151148882439
617	1.67250081881448	0.10846570788228
618	10.5986502421001	0.145072338381204
619	2.16053848443678	0.0634115793459036
620	3.95893327242985	0.116450226635758
621	8.64082570944673	0.137438267482117
622	4.54730201138831	0.0410044971392839
623	0.977307494202632	0.0996646722958753
624	1.06882011005263	0.0294484733167179
625	3.19035531022509	0.0483552687047124
626	0.354662517959042	0.0642228757257944
627	8.21281182966493	0.0144788785264014
628	-2.44353143268069	0.0637255828435963
629	3.96386746052535	0.128761398022892
630	1.75346706331009	0.0581150311283633
631	2.72891950447322	0.0770305743377964
632	0.15130527464686	0.0927103067931915
633	0.776844952845669	0.0785601937070864
634	3.43692809074676	0.0375445375605962
635	1.10411931682987	0.123113668579262
636	0.19172838097893	0.101905875161003
637	2.32819553563234	0.118691652020048
638	5.41486842392824	0.027098033088659
639	4.00172788958346	0.109278809274467
640	1.80975166297802	0.0675807935046186
641	3.37918766093409	0.122255912988862
642	0.271837861555728	0.0990489414225456
643	4.27576087797144	0.117182598038846
644	1.21458901003792	0.0865004423961156
645	-1.34571426500243	0.0833885736342604
646	1.5991827235065	0.118039879164076
647	8.90883706034136	0.0158055945082637
648	1.55573076680744	0.0763832829077373
649	1.71821580999688	0.110426944540109
650	3.09945175602001	0.105144276316503
651	0.814243488014961	0.0764352734952763
652	3.47294951502317	0.12762946806244
653	0.820190235673438	0.0711605685118619
654	0.0858972810183634	0.0453626257469064
655	9.50144070357534	0.0221246739883881
656	9.73618464349955	0.0259666240486401
657	0.480776128002462	0.0549016577075784
658	-2.07576876510189	0.0819091187722066
659	2.08428246714859	0.101043496852325
660	0.0423928969344883	0.0669876615169958
661	10.9400305590002	0.134524911541437
662	1.45510443302963	0.0518763245066698
663	1.43980085650073	0.073959056400859
664	1.06729994622673	0.0570534411808273
665	-0.667118095738368	0.0995574633966152
666	2.48559622194781	0.0471269107911728
667	-3.59334622840611	0.0765588082658963
668	5.4842791619212	0.114964201010635
669	6.52912929207117	0.0239354518960407
670	9.41640296883018	0.129512846754074
671	1.8833297538254	0.0579447273418939
672	2.72801818624204	0.124724143817435
673	2.06766699685338	0.0589604373247928
674	-0.873487412559177	0.0572376512807017
675	-2.48713331053373	0.0762659949252149
676	6.12039571806073	0.131765264821105
677	3.89217324849871	0.128047199421958
678	0.437893522890534	0.0647400963626219
679	2.91732636838642	0.11643360776996
680	6.45903992462169	0.140896605010779
681	-0.983639680156443	0.070701780797813
682	1.35549236184546	0.107784546897958
683	2.71621453822414	0.0660753479943218
684	-1.94906625013054	0.0561135407821753
685	3.56726923576964	0.113733222647312
686	3.84800896785591	0.0397432574129405
687	3.73079781533223	0.107598575164749
688	4.54384424690582	0.0289328910436376
689	3.07197709478683	0.0454548787545293
690	5.11454114811392	0.0318173062248216
691	1.35550223140033	0.0446729189516288
692	9.41913541980507	0.020557221389833
693	3.04965937796903	0.0984120752995302
694	6.49725403412085	0.129639351896035
695	5.97422921167153	0.116646341370944
696	4.29910421735747	0.119101238451127
697	-2.48117093495082	0.0734530702627364
698	-0.855475425622786	0.067421928806459
699	1.02982585245596	0.120911155491463
700	-0.550405438180211	0.0934266527459848
701	-0.378911573341857	0.100071749241552
702	0.860069221105435	0.05982977174218
703	0.0782511233260432	0.0487609196446851
704	9.05461057364169	0.145176166362669
705	-0.667633028420721	0.0972382886799792
706	6.49555919214203	0.0411467147877492
707	6.37854978133696	0.0299579266955283
708	1.83758599419501	0.0765017919645472
709	7.24258033035268	0.136019477974642
710	3.71548639175473	0.0926028897929923
711	6.89111419736346	0.142972279908108
712	1.01091020763872	0.110357381215706
713	3.60354287504806	0.0603008402082741
714	-1.13234192349842	0.0702766022710314
715	4.04042233026464	0.0324722223775823
716	7.74974825111187	0.014437137648115
717	1.03288850154374	0.108191787384808
718	5.11043242136999	0.0264628412506517
719	1.09225002588568	0.0722532439916303
720	0.351957938008793	0.0981201681317002
721	7.69667328978609	0.145063333144777
722	2.68677664636076	0.0788340913342742
723	-0.420341071145105	0.0773334513802313
724	3.47992365154558	0.0358395407442224
725	2.13723221294091	0.113430773397266
726	1.50185514701769	0.0732690326222038
727	-0.14263730175095	0.0809129036554523
728	3.0038066445694	0.0403909235614145
729	1.28722956868309	0.0432086845742383
730	-0.318752239915457	0.092195971820648
731	0.322131339588853	0.0894146764811194
732	5.2616944108093	0.0229768654189466
733	8.82900430089372	0.0174350673082017
734	-2.30272827027497	0.0984797710912411
735	7.22671133846696	0.13662548723719
736	-2.72650320743043	0.0925136652957063
737	-0.46843181378382	0.087550036071836
738	-1.03217188205283	0.0828958556789045
739	7.16723598287619	0.144163354349261
740	-0.111691247546562	0.0804420592311337
741	-2.6259055099788	0.103817212184286
742	2.72434890377882	0.0929739441460499
743	-0.875120443972189	0.0445713903659075
744	1.17835308185305	0.0471468159241082
745	-0.338855688886291	0.11002601301994
746	-1.42065506517047	0.0730922427797213
747	7.97386728885544	0.0360643465302061
748	2.22575254380213	0.112346715011648
749	3.04465045166932	0.0267035250108868
750	1.50293764620544	0.128074622725688
751	1.37353910564799	0.094722781152543
752	0.0804999982917752	0.0870507314436473
753	0.419282683854408	0.0565706662056856
754	-1.77964448430797	0.0731670627580838
755	-2.97491361983617	0.0794810283370806
756	1.51608146727065	0.0368303569513658
757	2.03166462183689	0.0833766986433117
758	5.25153152901144	0.0227381528845252
759	-0.990726377760774	0.0497613130628694
760	6.71007762971618	0.0410788345111532
761	2.51754568958693	0.0507001492475506
762	5.14228240478092	0.132151736107107
763	2.22102915390564	0.0722467010395712
764	4.59494068903147	0.116789172726076
765	3.97686449291997	0.130219882481532
766	4.68391143616397	0.0678276665354302
767	6.33941544000246	0.021207722925255
768	-1.87467214629883	0.0574662109627657
769	1.51311956696982	0.109280811263298
770	1.36435275540902	0.0577501943540732
771	5.22823915846488	0.0968273440461309
772	4.38826261422772	0.124880853954625
773	5.47986906477806	0.126951779383828
774	0.270595138764477	0.0649229025813065
775	-0.153860075129734	0.0634727986212442
776	5.56012300122196	0.132198623948997
777	2.32505263054526	0.0986826675802951
778	6.24277095251061	0.11159671611974
779	2.45398224816271	0.0934760540817914
780	8.26490907575558	0.133217755090204
781	-0.930945882161437	0.0518932449743369
782	5.39932265096741	0.0382175145878428
783	5.81624554422744	0.130998213429144
784	-2.93409858024638	0.0798678661069521
785	6.16025155235434	0.129744563063568
786	3.16011254647495	0.0379417195971577
787	5.32739330739337	0.113868806017952
788	0.282227101930624	0.109383969232451
789	6.22767820949219	0.138642028467485
790	-1.77049189360083	0.0857811256369488
791	1.25986883578969	0.10768167387514
792	1.24833832538136	0.0645953656863459
793	4.27138506427479	0.0261543988054251
794	8.23388103279801	0.136450238435453
795	-0.724592211437589	0.0504922199598702
796	-1.80064293010617	0.0915101386486298
797	8.34779430816257	0.0274206049568536
798	2.14232647054823	0.124866504001216
799	2.01688935116643	0.0551274702832332
800	2.11802353590613	0.117171730956223
801	0.72659511272592	0.0642422650914311
802	0.955969342031826	0.0829339302505133
803	-1.48018317295949	0.118125597470721
804	9.18937119752268	0.176919564060449
805	3.86278767333421	0.0530522331229904
806	4.07277951095575	0.17519826476312
807	8.09335750718966	0.183313002013558
808	2.40746289272958	0.133543917366105
809	1.75169841125618	0.127989157661376
810	6.30234904471344	0.028525880881477
811	6.13579655870498	0.0538048146896673
812	4.54584570886809	0.0486473146593363
813	0.0167104651076917	0.138141664812516
814	-3.94584964160729	0.085034218772764
815	4.87117994637236	0.152661325348238
816	-0.0896766524990942	0.104949660182323
817	1.67250081881448	0.143505662313008
818	10.5986502421001	0.191593458147339
819	2.16053848443678	0.08432092706089
820	3.95893327242985	0.153994415372756
821	8.64082570944673	0.181565066083477
822	4.54730201138831	0.0548861722170468
823	0.977307494202632	0.131944303164639
824	1.06882011005263	0.0397057607270424
825	3.19035531022509	0.0645424120141926
826	0.354662517959042	0.0853866753733021
827	8.21281182966493	0.0200411587631836
828	-2.44353143268069	0.0847334134296847
829	3.96386746052535	0.170166816057472
830	1.75346706331009	0.0773631894641655
831	2.72891950447322	0.102211332206432
832	0.15130527464686	0.122808796730629
833	0.776844952845669	0.104220695617709
834	3.43692809074676	0.0503410439835192
835	1.10411931682987	0.162747754081232
836	0.19172838097893	0.134888428431912
837	2.32819553563234	0.15693883294926
838	5.41486842392824	0.036618137302892
839	4.00172788958346	0.144573781754956
840	1.80975166297802	0.0897977578022438
841	3.37918766093409	0.161620975266992
842	0.271837861555728	0.131135456785663
843	4.27576087797144	0.15495648497672
844	1.21458901003792	0.11465129391719
845	-1.34571426500243	0.110563430389633
846	1.5991827235065	0.156082640516328
847	8.90883706034136	0.0217839809349159
848	1.55573076680744	0.10136102673691
849	1.71821580999688	0.146082013829088
850	3.09945175602001	0.139142509495174
851	0.814243488014961	0.101429323455969
852	3.47294951502317	0.168679871859246
853	0.820190235673438	0.0945002799228256
854	0.0858972810183634	0.0606111678215797
855	9.50144070357534	0.0300849526375712
856	9.73618464349955	0.0351318774046164
857	0.480776128002462	0.0731419857398098
858	-2.07576876510189	0.108619964892183
859	2.08428246714859	0.133755577047492
860	0.0423928969344883	0.0890185981381371
861	10.9400305590002	0.177737976188595
862	1.45510443302963	0.0691677984597108
863	1.43980085650073	0.0981764749841244
864	1.06729994622673	0.0759686464548495
865	-0.667118095738368	0.131803469671117
866	2.48559622194781	0.0629287965638574
867	-3.59334622840611	0.101591603205486
868	5.4842791619212	0.152042318282923
869	6.52912929207117	0.0324636560893154
870	9.41640296883018	0.171153946330664
871	1.8833297538254	0.0771394722413035
872	2.72801818624204	0.164863332690735
873	2.06766699685338	0.078473745667151
874	-0.873487412559177	0.0762106315147321
875	-2.48713331053373	0.101206952994518
876	6.12039571806073	0.174112804293408
877	3.89217324849871	0.169228618904694
878	0.437893522890534	0.0860661151372484
879	2.91732636838642	0.153972584228654
880	6.45903992462169	0.186108063533336
881	-0.983639680156443	0.0938975997628711
882	1.35549236184546	0.142610864570141
883	2.71621453822414	0.0878201500477964
884	-1.94906625013054	0.0747339592449378
885	3.56726923576964	0.150425260514832
886	3.84800896785591	0.0532293620263265
887	3.73079781533223	0.142366565364899
888	4.54384424690582	0.0390284731770611
889	3.07197709478683	0.0607323547140966
890	5.11454114811392	0.0428175454419421
891	1.35550223140033	0.0597051439918849
892	9.41913541980507	0.0280258901258899
893	3.04965937796903	0.130298846377112
894	6.49725403412085	0.171320128067571
895	5.97422921167153	0.154252038792808
896	4.29910421735747	0.157476880521675
897	-2.48117093495082	0.0975117932646268
898	-0.855475425622786	0.0895890673801463
899	1.02982585245596	0.159854453106929
900	-0.550405438180211	0.123749814722593
901	-0.378911573341857	0.132479054186127
902	0.860069221105435	0.0796157348479444
903	0.0782511233260432	0.0650752897829342
904	9.05461057364169	0.191729850344777
905	-0.667633028420721	0.12875691775531
906	6.49555919214203	0.0550729944716555
907	6.37854978133696	0.0403749971395022
908	1.83758599419501	0.101516704526718
909	7.24258033035268	0.179701292793299
910	3.71548639175473	0.122667689868175
911	6.89111419736346	0.188834745266147
912	1.01091020763872	0.145990632926343
913	3.60354287504806	0.0802345474486341
914	-1.13234192349842	0.0933390698487449
915	4.04042233026464	0.0436778670233968
916	7.74974825111187	0.0199863264334766
917	1.03288850154374	0.14314583042524
918	5.11043242136999	0.0357837262957762
919	1.09225002588568	0.0959356580133009
920	0.351957938008793	0.129915386547626
921	7.69667328978609	0.191581628542569
922	2.68677664636076	0.104580497462243
923	-0.420341071145105	0.102609202460564
924	3.47992365154558	0.0481012984050132
925	2.13723221294091	0.150027952224279
926	1.50185514701769	0.0972700347535826
927	-0.14263730175095	0.107311300628671
928	3.0038066445694	0.0540801597395315
929	1.28722956868309	0.0577816726744243
930	-0.318752239915457	0.122133147679814
931	0.322131339588853	0.118479537374267
932	5.2616944108093	0.0312044221698918
933	8.82900430089372	0.0239245154297069
934	-2.30272827027497	0.130387774021265
935	7.22671133846696	0.180497368512204
936	-2.72650320743043	0.122550481336539
937	-0.46843181378382	0.116030078189306
938	-1.03217188205283	0.109916178235634
939	7.16723598287619	0.190399383796627
940	-0.111691247546562	0.106692782337373
941	-2.6259055099788	0.137399229980525
942	2.72434890377882	0.123155120307144
943	-0.875120443972189	0.0595717723639866
944	1.17835308185305	0.0629549446675099
945	-0.338855688886291	0.145555335661154
946	-1.42065506517047	0.0970377972125958
947	7.97386728885544	0.0483966114286765
948	2.22575254380213	0.148603893860818
949	3.04465045166932	0.0360998972015677
950	1.50293764620544	0.169264643149835
951	1.37353910564799	0.125452455947425
952	0.0804999982917752	0.115374173543283
953	0.419282683854408	0.0753344557598272
954	-1.77964448430797	0.0971360834463952
955	-2.97491361983617	0.105430337343287
956	1.51608146727065	0.049402870465295
957	2.03166462183689	0.110547830971372
958	5.25153152901144	0.0308908407377333
959	-0.990726377760774	0.0663894428145569
960	6.71007762971618	0.0549838244814751
961	2.51754568958693	0.0676227320344472
962	5.14228240478092	0.174620486973944
963	2.22102915390564	0.0959270629544691
964	4.59494068903147	0.154439667234725
965	3.97686449291997	0.172082734073381
966	4.68391143616397	0.0901220591580601
967	6.33941544000246	0.0288804125060966
968	-1.87467214629883	0.0765108757922647
969	1.51311956696982	0.144576411640003
970	1.36435275540902	0.0768839266618862
971	5.22823915846488	0.128217085998539
972	4.38826261422772	0.165069192803498
973	5.47986906477806	0.167789635462938
974	0.270595138764477	0.086306256007947
975	-0.153860075129734	0.0844013469185382
976	5.56012300122196	0.17468208054148
977	2.32505263054526	0.130654306198856
978	6.24277095251061	0.147618668149014
979	2.45398224816271	0.123814710106785
980	8.26490907575558	0.176020848124807
981	-0.930945882161437	0.0691900257989525
982	5.39932265096741	0.0512250909839221
983	5.81624554422744	0.173105177799837
984	-2.93409858024638	0.10593850145031
985	6.16025155235434	0.171458337268332
986	3.16011254647495	0.0508627966939686
987	5.32739330739337	0.150603367741774
988	0.282227101930624	0.144711923684999
989	6.22767820949219	0.183146370117986
990	-1.77049189360083	0.113706373366362
991	1.25986883578969	0.142475726840974
992	1.24833832538136	0.0858759916782776
993	4.27138506427479	0.0353785451269402
994	8.23388103279801	0.180267155338162
995	-0.724592211437589	0.0673495885902768
996	-1.80064293010617	0.121232212381948
997	8.34779430816257	0.0370418793935522
998	2.14232647054823	0.165050342184898
999	2.01688935116643	0.0734386213188542
1000	2.11802353590613	0.154942209583347
1001	0.72659511272592	0.0803852742240421
1002	0.955969342031826	0.103405878487683
1003	-1.48018317295949	0.146747840670251
1004	9.18937119752268	0.219158330930622
1005	3.86278767333421	0.0666036611119648
1006	4.07277951095575	0.217038383370795
1007	8.09335750718966	0.227032471824439
1008	2.40746289272958	0.16573700175895
1009	1.75169841125618	0.158895774727872
1010	6.30234904471344	0.0363970720158508
1011	6.13579655870498	0.0675305385343415
1012	4.54584570886809	0.0611785754439757
1013	0.0167104651076917	0.171399575080652
1014	-3.94584964160729	0.105992588152055
1015	4.87117994637236	0.18928194973216
1016	-0.0896766524990942	0.130520391936429
1017	1.67250081881448	0.178005859896854
1018	10.5986502421001	0.237230659206669
1019	2.16053848443678	0.105114100008605
1020	3.95893327242985	0.190923779801395
1021	8.64082570944673	0.224879718659747
1022	4.54730201138831	0.0688623355408387
1023	0.977307494202632	0.163766921234126
1024	1.06882011005263	0.0501661818008484
1025	3.19035531022509	0.0807549343624533
1026	0.354662517959042	0.106426672748159
1027	8.21281182966493	0.025947311199475
1028	-2.44353143268069	0.105622117104961
1029	3.96386746052535	0.21084166475104
1030	1.75346706331009	0.0965449691996989
1031	2.72891950447322	0.12714787460635
1032	0.15130527464686	0.152515656214374
1033	0.776844952845669	0.129622601149927
1034	3.43692809074676	0.0632645678994309
1035	1.10411931682987	0.201704368083843
1036	0.19172838097893	0.167392897951751
1037	2.32819553563234	0.194550116526278
1038	5.41486842392824	0.0463634731412629
1039	4.00172788958346	0.179321352913133
1040	1.80975166297802	0.111859349939128
1041	3.37918766093409	0.200316630343277
1042	0.271837861555728	0.162770748221074
1043	4.27576087797144	0.192108662123994
1044	1.21458901003792	0.142468897808987
1045	-1.34571426500243	0.137434296142909
1046	1.5991827235065	0.193495632241208
1047	8.90883706034136	0.0280937662732144
1048	1.55573076680744	0.126100640689496
1049	1.71821580999688	0.18117888745705
1050	3.09945175602001	0.172632212685314
1051	0.814243488014961	0.126184754744
1052	3.47294951502317	0.209010348297522
1053	0.820190235673438	0.117650963466205
1054	0.0858972810183634	0.0759132246457615
1055	9.50144070357534	0.038317220574591
1056	9.73618464349955	0.0445329994697133
1057	0.480776128002462	0.0913461461078257
1058	-2.07576876510189	0.135040729291799
1059	2.08428246714859	0.165997681250173
1060	0.0423928969344883	0.110899739003829
1061	10.9400305590002	0.220166285094485
1062	1.45510443302963	0.0864515478007132
1063	1.43980085650073	0.122178555362478
1064	1.06729994622673	0.0948274538005697
1065	-0.667118095738368	0.163593471084348
1066	2.48559622194781	0.0787676099373838
1067	-3.59334622840611	0.126384618044665
1068	5.4842791619212	0.188519582304448
1069	6.52912929207117	0.0412468253132331
1070	9.41640296883018	0.212057411726091
1071	1.8833297538254	0.0962694396730017
1072	2.72801818624204	0.204309908978327
1073	2.06766699685338	0.097912727216113
1074	-0.873487412559177	0.0951254819459414
1075	-2.48713331053373	0.125910883885013
1076	6.12039571806073	0.215701533191617
1077	3.89217324849871	0.209686183674765
1078	0.437893522890534	0.107263468924084
1079	2.91732636838642	0.190896892623355
1080	6.45903992462169	0.23047486203375
1081	-0.983639680156443	0.116908704210982
1082	1.35549236184546	0.176903829416465
1083	2.71621453822414	0.109423733576627
1084	-1.94906625013054	0.0933068163717024
1085	3.56726923576964	0.186528018330139
1086	3.84800896785591	0.0668218125903188
1087	3.73079781533223	0.176602951175926
1088	4.54384424690582	0.0493320362858227
1089	3.07197709478683	0.0760624780948698
1090	5.11454114811392	0.0539986474407835
1091	1.35550223140033	0.0747973681471927
1092	9.41913541980507	0.0357812847533523
1093	3.04965937796903	0.161740381104278
1094	6.49725403412085	0.212262080703874
1095	5.97422921167153	0.191241068108862
1096	4.29910421735747	0.195212774461468
1097	-2.48117093495082	0.121359935154187
1098	-0.855475425622786	0.111602327379616
1099	1.02982585245596	0.198140986427999
1100	-0.550405438180211	0.153674611428562
1101	-0.378911573341857	0.164425519146109
1102	0.860069221105435	0.0993191980029937
1103	0.0782511233260432	0.0814112251814193
1104	9.05461057364169	0.2373986394682
1105	-0.667633028420721	0.159841345983373
1106	6.49555919214203	0.0690924253244072
1107	6.37854978133696	0.0509904115566747
1108	1.83758599419501	0.126292373034437
1109	7.24258033035268	0.222584300515607
1110	3.71548639175473	0.152341869384159
1111	6.89111419736346	0.233833035882346
1112	1.01091020763872	0.181066342984342
1113	3.60354287504806	0.100081325928601
1114	-1.13234192349842	0.116220820279129
1115	4.04042233026464	0.0550582171740084
1116	7.74974825111187	0.0258797798504862
1117	1.03288850154374	0.177562691916942
1118	5.11043242136999	0.045335814801326
1119	1.09225002588568	0.119418771240863
1120	0.351957938008793	0.16126811301524
1121	7.69667328978609	0.237216089897424
1122	2.68677664636076	0.130065732128674
1123	-0.420341071145105	0.127637890535412
1124	3.47992365154558	0.0605061033016969
1125	2.13723221294091	0.1860386945139
1126	1.50185514701769	0.121062186025752
1127	-0.14263730175095	0.133428981923767
1128	3.0038066445694	0.067869652753162
1129	1.28722956868309	0.0724284260740886
1130	-0.318752239915457	0.151683528670491
1131	0.322131339588853	0.147183752098327
1132	5.2616944108093	0.0396959562233105
1133	8.82900430089372	0.030730042768533
1134	-2.30272827027497	0.161849904150337
1135	7.22671133846696	0.223564745218251
1136	-2.72650320743043	0.152197515673554
1137	-0.46843181378382	0.144167004789994
1138	-1.03217188205283	0.136637142140354
1139	7.16723598287619	0.235760040465366
1140	-0.111691247546562	0.132667216468811
1141	-2.6259055099788	0.170485194349276
1142	2.72434890377882	0.152942187394677
1143	-0.875120443972189	0.0746331080109387
1144	1.17835308185305	0.0787998138711322
1145	-0.338855688886291	0.180530232049673
1146	-1.42065506517047	0.120776162898293
1147	7.97386728885544	0.0608698100230507
1148	2.22575254380213	0.184284828084423
1149	3.04465045166932	0.0457252100339047
1150	1.50293764620544	0.209730551037663
1151	1.37353910564799	0.155771579756757
1152	0.0804999982917752	0.14335919440166
1153	0.419282683854408	0.0940463862555683
1154	-1.77964448430797	0.120897211958053
1155	-2.97491361983617	0.131112392628018
1156	1.51608146727065	0.062109115931409
1157	2.03166462183689	0.137415083941564
1158	5.25153152901144	0.0393097501794557
1159	-0.990726377760774	0.0830297325014132
1160	6.71007762971618	0.0689826038056359
1161	2.51754568958693	0.0845486481695507
1162	5.14228240478092	0.216326793808082
1163	2.22102915390564	0.119408185589648
1164	4.59494068903147	0.191472150790539
1165	3.97686449291997	0.213201304198379
1166	4.68391143616397	0.11225875861197
1167	6.33941544000246	0.0368337122060025
1168	-1.87467214629883	0.0954952619862255
1169	1.51311956696982	0.179324591872446
1170	1.36435275540902	0.0959547104284415
1171	5.22823915846488	0.159176490651554
1172	4.38826261422772	0.204563445736515
1173	5.47986906477806	0.20791393555922
1174	0.270595138764477	0.107559225771044
1175	-0.153860075129734	0.105213144887812
1176	5.56012300122196	0.216402652279297
1177	2.32505263054526	0.162178164459497
1178	6.24277095251061	0.183071426762027
1179	2.45398224816271	0.153754536408242
1180	8.26490907575558	0.218051474814607
1181	-0.930945882161437	0.0864789229316159
1182	5.39932265096741	0.0643533577944737
1183	5.81624554422744	0.214460543126974
1184	-2.93409858024638	0.131738246168042
1185	6.16025155235434	0.212432298781784
1186	3.16011254647495	0.0639071571266887
1187	5.32739330739337	0.1867473747092
1188	0.282227101930624	0.179491488140609
1189	6.22767820949219	0.226827248432462
1190	-1.77049189360083	0.141305136213854
1191	1.25986883578969	0.176737394154664
1192	1.24833832538136	0.10702931338615
1193	4.27138506427479	0.0448367947694847
1194	8.23388103279801	0.223281215295647
1195	-0.724592211437589	0.084212245442349
1196	-1.80064293010617	0.150573939193962
1197	8.34779430816257	0.0468853527542303
1198	2.14232647054823	0.204540229365623
1199	2.01688935116643	0.0917114816848103
1200	2.11802353590613	0.192091080588119
1201	0.72659511272592	0.0965506404790694
1202	0.955969342031826	0.123770072558009
1203	-1.48018317295949	0.175017363128034
1204	9.18937119752268	0.260635116635828
1205	3.86278767333421	0.0802553392025998
1206	4.07277951095575	0.258128502649732
1207	8.09335750718966	0.269945456224862
1208	2.40746289272958	0.197470039633414
1209	1.75169841125618	0.189381011544645
1210	6.30234904471344	0.0445392393634348
1211	6.13579655870498	0.0813512738164332
1212	4.54584570886809	0.0738407486396803
1213	0.0167104651076917	0.204165434252811
1214	-3.94584964160729	0.126828583412501
1215	4.87117994637236	0.225309452744353
1216	-0.0896766524990942	0.15583011966708
1217	1.67250081881448	0.211976667997564
1218	10.5986502421001	0.282003735217013
1219	2.16053848443678	0.125789864007965
1220	3.95893327242985	0.227250743317915
1221	8.64082570944673	0.267400053077404
1222	4.54730201138831	0.0829259830528254
1223	0.977307494202632	0.195140627580569
1224	1.06882011005263	0.0608197567767916
1225	3.19035531022509	0.096987724532752
1226	0.354662517959042	0.127341842580021
1227	8.21281182966493	0.0321835013678103
1228	-2.44353143268069	0.126390540544985
1229	3.96386746052535	0.250801537655632
1230	1.75346706331009	0.115657772280166
1231	2.72891950447322	0.151842474279938
1232	0.15130527464686	0.181837195555069
1233	0.776844952845669	0.154768576926741
1234	3.43692809074676	0.076307214302709
1235	1.10411931682987	0.239997649835419
1236	0.19172838097893	0.199427961911801
1237	2.32819553563234	0.231538503319689
1238	5.41486842392824	0.0563234555985005
1239	4.00172788958346	0.213532099488278
1240	1.80975166297802	0.133765409316709
1241	3.37918766093409	0.238356796591946
1242	0.271837861555728	0.193962758252852
1243	4.27576087797144	0.228651741464278
1244	1.21458901003792	0.169957965327352
1245	-1.34571426500243	0.164005080836359
1246	1.5991827235065	0.230291687074248
1247	8.90883706034136	0.034721457688202
1248	1.55573076680744	0.150604230828806
1249	1.71821580999688	0.215728437810825
1250	3.09945175602001	0.205622897974172
1251	0.814243488014961	0.150703686810379
1252	3.47294951502317	0.248636199454657
1253	0.820190235673438	0.140613380343982
1254	0.0858972810183634	0.0912629143900581
1255	9.50144070357534	0.0468096121424261
1256	9.73618464349955	0.0541591138981514
1257	0.480776128002462	0.10951071330556
1258	-2.07576876510189	0.161174940950192
1259	2.08428246714859	0.197778265587192
1260	0.0423928969344883	0.132630770782619
1261	10.9400305590002	0.261826915929527
1262	1.45510443302963	0.103723367993145
1263	1.43980085650073	0.145966779355163
1264	1.06729994622673	0.113626991801264
1265	-0.667118095738368	0.194935541105997
1266	2.48559622194781	0.094637923389937
1267	-3.59334622840611	0.150940004044942
1268	5.4842791619212	0.224408033816328
1269	6.52912929207117	0.0502735601903735
1270	9.41640296883018	0.252239029992219
1271	1.8833297538254	0.115331987728562
1272	2.72801818624204	0.243078426629725
1273	2.06766699685338	0.117275001610979
1274	-0.873487412559177	0.113979378592143
1275	-2.48713331053373	0.150379863458081
1276	6.12039571806073	0.256547818570586
1277	3.89217324849871	0.249435303376376
1278	0.437893522890534	0.128331265638324
1279	2.91732636838642	0.227218952070906
1280	6.45903992462169	0.274015718908606
1281	-0.983639680156443	0.139735737205204
1282	1.35549236184546	0.210673633400108
1283	2.71621453822414	0.130885550326467
1284	-1.94906625013054	0.111828998719166
1285	3.56726923576964	0.222053219854508
1286	3.84800896785591	0.0805132802748659
1287	3.73079781533223	0.210317876672848
1288	4.54384424690582	0.0598334678449213
1289	3.07197709478683	0.0914393908228234
1290	5.11454114811392	0.0653512424400869
1291	1.35550223140033	0.0899435319870251
1292	9.41913541980507	0.0438111359924417
1293	3.04965937796903	0.192744458010564
1294	6.49725403412085	0.252481029432182
1295	5.97422921167153	0.227625903215354
1296	4.29910421735747	0.232322026308569
1297	-2.48117093495082	0.144998847458031
1298	-0.855475425622786	0.133461507298271
1299	1.02982585245596	0.235784327550662
1300	-0.550405438180211	0.183207537635313
1301	-0.378911573341857	0.195919350021008
1302	0.860069221105435	0.1189380047023
1303	0.0782511233260432	0.097763719079476
1304	9.05461057364169	0.282202354126708
1305	-0.667633028420721	0.19049904964087
1306	6.49555919214203	0.0831980399095515
1307	6.37854978133696	0.0617943213711532
1308	1.83758599419501	0.150830934067379
1309	7.24258033035268	0.264685963666386
1310	3.71548639175473	0.181631710991454
1311	6.89111419736346	0.277986404644493
1312	1.01091020763872	0.215595365863814
1313	3.60354287504806	0.119839140444392
1314	-1.13234192349842	0.138922387140765
1315	4.04042233026464	0.066604071690619
1316	7.74974825111187	0.0321036526833036
1317	1.03288850154374	0.211452668688483
1318	5.11043242136999	0.0551083581986269
1319	1.09225002588568	0.142703626242823
1320	0.351957938008793	0.192186050897294
1321	7.69667328978609	0.281986508548292
1322	2.68677664636076	0.155292532485855
1323	-0.420341071145105	0.15242186633872
1324	3.47992365154558	0.0730456213879318
1325	2.13723221294091	0.221474646146008
1326	1.50185514701769	0.144646790575198
1327	-0.14263730175095	0.159269219992126
1328	3.0038066445694	0.081752240547822
1329	1.28722956868309	0.0871425082988831
1330	-0.318752239915457	0.180853292660847
1331	0.322131339588853	0.17553278233133
1332	5.2616944108093	0.0484398213634936
1333	8.82900430089372	0.0378385760828292
1334	-2.30272827027497	0.192873957439821
1335	7.22671133846696	0.26584523592897
1336	-2.72650320743043	0.18146102798174
1337	-0.46843181378382	0.171965797402607
1338	-1.03217188205283	0.163062530459292
1339	7.16723598287619	0.280264883947756
1340	-0.111691247546562	0.158368512833279
1341	-2.6259055099788	0.203084275655629
1342	2.72434890377882	0.182341523606532
1343	-0.875120443972189	0.0897493117323854
1344	1.17835308185305	0.0946760011387788
1345	-0.338855688886291	0.214961471331513
1346	-1.42065506517047	0.144308598449495
1347	7.97386728885544	0.0734756661550094
1348	2.22575254380213	0.219400884414736
1349	3.04465045166932	0.0555687769158619
1350	1.50293764620544	0.249487763094944
1351	1.37353910564799	0.185686981108095
1352	0.0804999982917752	0.17101064697536
1353	0.419282683854408	0.112703461960485
1354	-1.77964448430797	0.144451726172062
1355	-2.97491361983617	0.156530097931372
1356	1.51608146727065	0.0749410144408868
1357	2.03166462183689	0.163982364438317
1358	5.25153152901144	0.0479831735249404
1359	-0.990726377760774	0.099677432966449
1360	6.71007762971618	0.0830681875678507
1361	2.51754568958693	0.101473390248413
1362	5.14228240478092	0.257287123181646
1363	2.22102915390564	0.142691109828791
1364	4.59494068903147	0.227899134069179
1365	3.97686449291997	0.253591561971765
1366	4.68391143616397	0.13423766786899
1367	6.33941544000246	0.0450555202508805
1368	-1.87467214629883	0.114416604417121
1369	1.51311956696982	0.213535929215421
1370	1.36435275540902	0.114959853652608
1371	5.22823915846488	0.189712928462664
1372	4.38826261422772	0.243378207056423
1373	5.47986906477806	0.247339807243623
1374	0.270595138764477	0.128680966858826
1375	-0.153860075129734	0.12590697411209
1376	5.56012300122196	0.257376817808303
1377	2.32505263054526	0.19326209056991
1378	6.24277095251061	0.217966165564562
1379	2.45398224816271	0.183302040478544
1380	8.26490907575558	0.259326376234143
1381	-0.930945882161437	0.103755736192855
1382	5.39932265096741	0.0775945933070543
1383	5.81624554422744	0.255080478947857
1384	-2.93409858024638	0.157270103611889
1385	6.16025155235434	0.252682294323287
1386	3.16011254647495	0.0770670081650112
1387	5.32739330739337	0.222312585594545
1388	0.282227101930624	0.213733266417498
1389	6.22767820949219	0.269702801248695
1390	-1.77049189360083	0.168581940209505
1391	1.25986883578969	0.210476841289343
1392	1.24833832538136	0.128054401456667
1393	4.27138506427479	0.0545183197397239
1394	8.23388103279801	0.265509991754565
1395	-0.724592211437589	0.101075629569355
1396	-1.80064293010617	0.179541320349173
1397	8.34779430816257	0.0569405230966367
1398	2.14232647054823	0.243350756150992
1399	2.01688935116643	0.109942684022309
1400	2.11802353590613	0.228630953155851
1401	0.72659511272592	0.112733372985175
1402	0.955969342031826	0.14402508821844
1403	-1.48018317295949	0.202939455657958
1404	9.18937119752268	0.30136643069212
1405	3.86278767333421	0.0940001413106575
1406	4.07277951095575	0.298484803668266
1407	8.09335750718966	0.312069684687285
1408	2.40746289272958	0.228751263832112
1409	1.75169841125618	0.219452041029315
1410	6.30234904471344	0.0529405768726922
1411	6.13579655870498	0.0952600380546784
1412	4.54584570886809	0.0866258676428326
1413	0.0167104651076917	0.236448352485428
1414	-3.94584964160729	0.147541181075156
1415	4.87117994637236	0.260755715093341
1416	-0.0896766524990942	0.180881620037058
1417	1.67250081881448	0.245428220296498
1418	10.5986502421001	0.325931995676412
1419	2.16053848443678	0.146347059474097
1420	3.95893327242985	0.262987441002858
1421	8.64082570944673	0.309143465278551
1422	4.54730201138831	0.0970703386097184
1423	0.977307494202632	0.226073349818066
1424	1.06882011005263	0.0716568128790693
1425	3.19035531022509	0.113235848925935
1426	0.354662517959042	0.148131228643537
1427	8.21281182966493	0.0387363042142971
1428	-2.44353143268069	0.147037602872991
1429	3.96386746052535	0.290061655769567
1430	1.75346706331009	0.13469911148811
1431	2.72891950447322	0.176297385379119
1432	0.15130527464686	0.210779599185805
1433	0.776844952845669	0.179661260514409
1434	3.43692809074676	0.0894613397767218
1435	1.10411931682987	0.277641404674621
1436	0.19172838097893	0.231002109705988
1437	2.32819553563234	0.267916690245642
1438	5.41486842392824	0.0664878227375393
1439	4.00172788958346	0.247216358973716
1440	1.80975166297802	0.155515821405186
1441	3.37918766093409	0.275755064346673
1442	0.271837861555728	0.224719260156018
1443	4.27576087797144	0.264598041654304
1444	1.21458901003792	0.197123124340992
1445	-1.34571426500243	0.190279632317778
1446	1.5991827235065	0.266483338558236
1447	8.90883706034136	0.0416539626805665
1448	1.55573076680744	0.174873889056715
1449	1.71821580999688	0.249741290175284
1450	3.09945175602001	0.238123866493192
1451	0.814243488014961	0.174988224588942
1452	3.47294951502317	0.287572362599448
1453	0.820190235673438	0.16338831333263
1454	0.0858972810183634	0.10665455331954
1455	9.50144070357534	0.0555506187819986
1456	9.73618464349955	0.0639996751539163
1457	0.480776128002462	0.12763239465149
1458	-2.07576876510189	0.187026076875055
1459	2.08428246714859	0.22910560328876
1460	0.0423928969344883	0.154211430270262
1461	10.9400305590002	0.302736534374132
1462	1.45510443302963	0.120979208025573
1463	1.43980085650073	0.169542631207526
1464	1.06729994622673	0.132364507141377
1465	-0.667118095738368	0.225837580477181
1466	2.48559622194781	0.110534495422213
1467	-3.59334622840611	0.17525989710537
1468	5.4842791619212	0.259719435411978
1469	6.52912929207117	0.0595328060511836
1470	9.41640296883018	0.291714210485478
1471	1.8833297538254	0.134324586502187
1472	2.72801818624204	0.281183094665253
1473	2.06766699685338	0.13655829354378
1474	-0.873487412559177	0.132769614311878
1475	-2.48713331053373	0.174615954216194
1476	6.12039571806073	0.296667634377776
1477	3.89217324849871	0.288491019986851
1478	0.437893522890534	0.149268678701123
1479	2.91732636838642	0.262950893486163
1480	6.45903992462169	0.316748896966767
1481	-0.983639680156443	0.162379366522299
1482	1.35549236184546	0.243930239462643
1483	2.71621453822414	0.152205108412598
1484	-1.94906625013054	0.130297517376373
1485	3.56726923576964	0.257012319124361
1486	3.84800896785591	0.094296672794375
1487	3.73079781533223	0.243521258181569
1488	4.54384424690582	0.0705229658427204
1489	3.07197709478683	0.106857432287164
1490	5.11454114811392	0.0768662514356207
1491	1.35550223140033	0.105137778894572
1492	9.41913541980507	0.0521035423864684
1493	3.04965937796903	0.223318690734153
1494	6.49725403412085	0.291992415318701
1495	5.97422921167153	0.26341872835094
1496	4.29910421735747	0.268817435646047
1497	-2.48117093495082	0.168429887591039
1498	-0.855475425622786	0.15516645278529
1499	1.02982585245596	0.272797729731726
1500	-0.550405438180211	0.21235495733519
1501	-0.378911573341857	0.226968576462814
1502	0.860069221105435	0.138470097545228
1503	0.0782511233260432	0.114127939558401
1504	9.05461057364169	0.326160329843858
1505	-0.667633028420721	0.220737348144672
1506	6.49555919214203	0.0973830977320704
1507	6.37854978133696	0.0727771815067007
1508	1.83758599419501	0.175134509232893
1509	7.24258033035268	0.306023322554012
1510	3.71548639175473	0.210543372198012
1511	6.89111419736346	0.321313634650045
1512	1.01091020763872	0.249588309412889
1513	3.60354287504806	0.139506051673377
1514	-1.13234192349842	0.16144433163518
1515	4.04042233026464	0.0783065157302565
1516	7.74974825111187	0.0386445094152694
1517	1.03288850154374	0.244825825760321
1518	5.11043242136999	0.0650909353334504
1519	1.09225002588568	0.165791279685652
1520	0.351957938008793	0.222676740662527
1521	7.69667328978609	0.325912191735959
1522	2.68677664636076	0.180263604755212
1523	-0.420341071145105	0.176963459941558
1524	3.47992365154558	0.0857117818726459
1525	2.13723221294091	0.256347185345106
1526	1.50185514701769	0.168025159685931
1527	-0.14263730175095	0.184835242130196
1528	3.0038066445694	0.0957209931818921
1529	1.28722956868309	0.101917695707062
1530	-0.318752239915457	0.209648495160787
1531	0.322131339588853	0.203531986423792
1532	5.2616944108093	0.0574247226416364
1533	8.82900430089372	0.0452374313168765
1534	-2.30272827027497	0.223467564496523
1535	7.22671133846696	0.307356032854998
1536	-2.72650320743043	0.210347153404039
1537	-0.46843181378382	0.199431346986965
1538	-1.03217188205283	0.189196067535578
1539	7.16723598287619	0.323932995895931
1540	-0.111691247546562	0.183799780705378
1541	-2.6259055099788	0.235205442389181
1542	2.72434890377882	0.211359379459133
1543	-0.875120443972189	0.104914501462365
1544	1.17835308185305	0.110578269960566
1545	-0.338855688886291	0.248859578294063
1546	-1.42065506517047	0.167636370836079
1547	7.97386728885544	0.0862061653832909
1548	2.22575254380213	0.253963169346226
1549	3.04465045166932	0.0656202370229933
1550	1.50293764620544	0.288551328172925
1551	1.37353910564799	0.215205348881283
1552	0.0804999982917752	0.198333297068521
1553	0.419282683854408	0.131302808546665
1554	-1.77964448430797	0.16780091181267
1555	-2.97491361983617	0.181686321635981
1556	1.51608146727065	0.087890743560611
1557	2.03166462183689	0.190253517332843
1558	5.25153152901144	0.0568997559897072
1559	-0.990726377760774	0.116327963049539
1560	6.71007762971618	0.0972338182582338
1561	2.51754568958693	0.118392612439554
1562	5.14228240478092	0.297517545914977
1563	2.22102915390564	0.16577689069831
1564	4.59494068903147	0.263732837111403
1565	3.97686449291997	0.29326909397552
1566	4.68391143616397	0.156058734280502
1567	6.33941544000246	0.0535340982387323
1568	-1.87467214629883	0.133272253234254
1569	1.51311956696982	0.247220761664076
1570	1.36435275540902	0.133896777666956
1571	5.22823915846488	0.21983361584137
1572	4.38826261422772	0.281527725064504
1573	5.47986906477806	0.286082017915523
1574	0.270595138764477	0.14967069851465
1575	-0.153860075129734	0.146481690351722
1576	5.56012300122196	0.297620659701744
1577	2.32505263054526	0.223913765994928
1578	6.24277095251061	0.252313803056392
1579	2.45398224816271	0.212463598692972
1580	8.26490907575558	0.299861890412035
1581	-0.930945882161437	0.121016418812522
1582	5.39932265096741	0.0909413227934295
1583	5.81624554422744	0.294980766940875
1584	-2.93409858024638	0.182537039129226
1585	6.16025155235434	0.292223791331274
1586	3.16011254647495	0.0903348059499392
1587	5.32739330739337	0.257310488419552
1588	0.282227101930624	0.247447622368385
1589	6.22767820949219	0.311790726243475
1590	-1.77049189360083	0.195541232918107
1591	1.25986883578969	0.243704005400435
1592	1.24833832538136	0.148950393032797
1593	4.27138506427479	0.0644126215692571
1594	8.23388103279801	0.306970632997695
1595	-0.724592211437589	0.117935343020266
1596	-1.80064293010617	0.20814023944657
1597	8.34779430816257	0.0671972093395589
1598	2.14232647054823	0.281496167245327
1599	2.01688935116643	0.128128992251999
1600	2.11802353590613	0.264574143219333
1601	0.72659511272592	0.128928654935068
1602	0.955969342031826	0.164169580488474
1603	-1.48018317295949	0.230519309849263
1604	9.18937119752268	0.341368385196157
1605	3.86278767333421	0.10783117217022
1606	4.07277951095575	0.338123078805526
1607	8.09335750718966	0.353422456838156
1608	2.40746289272958	0.259588729773458
1609	1.75169841125618	0.249115886848264
1610	6.30234904471344	0.0615896337046215
1611	6.13579655870498	0.109250075769145
1612	4.54584570886809	0.0995262190092635
1613	0.0167104651076917	0.268257239191603
1614	-3.94584964160729	0.168129426271253
1615	4.87117994637236	0.295632343102636
1616	-0.0896766524990942	0.205677637310999
1617	1.67250081881448	0.278370422526243
1618	10.5986502421001	0.369034278239581
1619	2.16053848443678	0.166784599050025
1620	3.95893327242985	0.298145726790511
1621	8.64082570944673	0.350126930224566
1622	4.54730201138831	0.111288847585068
1623	0.977307494202632	0.256572846249532
1624	1.06882011005263	0.0826679758416331
1625	3.19035531022509	0.129494546484596
1626	0.354662517959042	0.168793941535926
1627	8.21281182966493	0.0455926929308977
1628	-2.44353143268069	0.167562293348033
1629	3.96386746052535	0.32863687692076
1630	1.75346706331009	0.153666607122636
1631	2.72891950447322	0.200514843546085
1632	0.15130527464686	0.239348928562498
1633	0.776844952845669	0.20430326077825
1634	3.43692809074676	0.102719545473928
1635	1.10411931682987	0.314649112398147
1636	0.19172838097893	0.262123646484868
1637	2.32819553563234	0.303697078140355
1638	5.41486842392824	0.0768466267910609
1639	4.00172788958346	0.280384235496649
1640	1.80975166297802	0.177110516124935
1641	3.37918766093409	0.312524704114035
1642	0.271837861555728	0.255047861996762
1643	4.27576087797144	0.299959595325066
1644	1.21458901003792	0.223968921115147
1645	-1.34571426500243	0.216261737564562
1646	1.5991827235065	0.30208282849852
1647	8.90883706034136	0.048878578157501
1648	1.55573076680744	0.198911693078
1649	1.71821580999688	0.283227828819629
1650	3.09945175602001	0.270144213554342
1651	0.814243488014961	0.19904045847003
1652	3.47294951502317	0.325833419371859
1653	0.820190235673438	0.185976565808269
1654	0.0858972810183634	0.122082650179744
1655	9.50144070357534	0.0645290792393729
1656	9.73618464349955	0.0740444594088417
1657	0.480776128002462	0.145708026390009
1658	-2.07576876510189	0.212597563060667
1659	2.08428246714859	0.259987789087378
1660	0.0423928969344883	0.17564150266448
1661	10.9400305590002	0.342911404538444
1662	1.45510443302963	0.138215165968999
1663	1.43980085650073	0.192907597119413
1664	1.06729994622673	0.151037361094844
1665	-0.667118095738368	0.256307321342125
1666	2.48559622194781	0.126452265260686
1667	-3.59334622840611	0.199346417758454
1668	5.4842791619212	0.294465278439317
1669	6.52912929207117	0.0690138434668027
1670	9.41640296883018	0.33049799438531
1671	1.8833297538254	0.153244814739304
1672	2.72801818624204	0.318637785833357
1673	2.06766699685338	0.155760429590522
1674	-0.873487412559177	0.151493595325866
1675	-2.48713331053373	0.198621205246167
1676	6.12039571806073	0.336076571376748
1677	3.89217324849871	0.326868017071512
1678	0.437893522890534	0.170074944910183
1679	2.91732636838642	0.298104566748455
1680	6.45903992462169	0.358692214994926
1681	-0.983639680156443	0.184840283595383
1682	1.35549236184546	0.276683387135157
1683	2.71621453822414	0.173381970430628
1684	-1.94906625013054	0.148709504284019
1685	3.56726923576964	0.291416507132114
1686	3.84800896785591	0.1081651277832
1687	3.73079781533223	0.27622278985656
1688	4.54384424690582	0.0813910302124448
1689	3.07197709478683	0.122311133742919
1690	5.11454114811392	0.0885348781503727
1691	1.35550223140033	0.120374449328715
1692	9.41913541980507	0.060646960227161
1693	3.04965937796903	0.253470531947566
1694	6.49725403412085	0.330811310409795
1695	5.97422921167153	0.298631445301387
1696	4.29910421735747	0.304711503248139
1697	-2.48117093495082	0.191654418293762
1698	-0.855475425622786	0.176717054998478
1699	1.02982585245596	0.309194135360455
1700	-0.550405438180211	0.241123106770645
1701	-0.378911573341857	0.257581056100152
1702	0.860069221105435	0.157913515223108
1703	0.0782511233260432	0.130499224538555
1704	9.05461057364169	0.369291429608122
1705	-0.667633028420721	0.250563407766433
1706	6.49555919214203	0.111641078866248
1707	6.37854978133696	0.083929742002561
1708	1.83758599419501	0.199205205151657
1709	7.24258033035268	0.346613005958931
1710	3.71548639175473	0.239082888250279
1711	6.89111419736346	0.363833051144944
1712	1.01091020763872	0.2830555409275
1713	3.60354287504806	0.159080213246362
1714	-1.13234192349842	0.183787241453041
1715	4.04042233026464	0.0901569128137372
1716	7.74974825111187	0.0454893130536807
1717	1.03288850154374	0.277692002029158
1718	5.11043242136999	0.0752734434533301
1719	1.09225002588568	0.188682801555427
1720	0.351957938008793	0.252747563758877
1721	7.69667328978609	0.369011974917888
1722	2.68677664636076	0.204981624632369
1723	-0.420341071145105	0.201264980887324
1724	3.47992365154558	0.0984967698935329
1725	2.13723221294091	0.290667429306784
1726	1.50185514701769	0.191198611193801
1727	-0.14263730175095	0.210130231258372
1728	3.0038066445694	0.109769206318573
1729	1.28722956868309	0.116747971488146
1730	-0.318752239915457	0.23807507212984
1731	0.322131339588853	0.23118662170645
1732	5.2616944108093	0.0666397067362842
1733	8.82900430089372	0.0529143029649707
1734	-2.30272827027497	0.253638194510561
1735	7.22671133846696	0.348113912641457
1736	-2.72650320743043	0.238861905416356
1737	-0.46843181378382	0.226568455906418
1738	-1.03217188205283	0.215041420124718
1739	7.16723598287619	0.366782992174881
1740	-0.111691247546562	0.208964088120694
1741	-2.6259055099788	0.266857466061722
1742	2.72434890377882	0.240001880735217
1743	-0.875120443972189	0.12012299288705
1744	1.17835308185305	0.126501564419767
1745	-0.338855688886291	0.282234839380283
1746	-1.42065506517047	0.190760754757631
1747	7.97386728885544	0.0990535476976128
1748	2.22575254380213	0.287982535567072
1749	3.04465045166932	0.0758695463290409
1750	1.50293764620544	0.326935936528143
1751	1.37353910564799	0.244333235570716
1752	0.0804999982917752	0.225331825215472
1753	0.419282683854408	0.149841669492211
1754	-1.77964448430797	0.190946061835346
1755	-2.97491361983617	0.206583897288406
1756	1.51608146727065	0.100950730184839
1757	2.03166462183689	0.216232326705073
1758	5.25153152901144	0.0660484860070673
1759	-0.990726377760774	0.132976904764423
1760	6.71007762971618	0.11147295938846
1761	2.51754568958693	0.135302125830287
1762	5.14228240478092	0.337033747069618
1763	2.22102915390564	0.188666596587821
1764	4.59494068903147	0.298985196553456
1765	3.97686449291997	0.332249113903953
1766	4.68391143616397	0.177721948003257
1767	6.33941544000246	0.0622580611819603
1768	-1.87467214629883	0.152059670426308
1769	1.51311956696982	0.280389193834089
1770	1.36435275540902	0.152763013751372
1771	5.22823915846488	0.249545618789912
1772	4.38826261422772	0.319025910746067
1773	5.47986906477806	0.324154983860619
1774	0.270595138764477	0.170527702140456
1775	-0.153860075129734	0.166936221187073
1776	5.56012300122196	0.337149874461673
1777	2.32505263054526	0.254140709430881
1778	6.24277095251061	0.286125008927926
1779	2.45398224816271	0.241245459347776
1780	8.26490907575558	0.33967396251567
1781	-0.930945882161437	0.138257072990166
1782	5.39932265096741	0.104386311610693
1783	5.81624554422744	0.334176810711053
1784	-2.93409858024638	0.207541980654017
1785	6.16025155235434	0.331071887523358
1786	3.16011254647495	0.10370324854531
1787	5.32739330739337	0.291752307258628
1788	0.282227101930624	0.280644685779223
1789	6.22767820949219	0.353108292092711
1790	-1.77049189360083	0.222187385093491
1791	1.25986883578969	0.276428600918278
1792	1.24833832538136	0.169716489598335
1793	4.27138506427479	0.0745095222464679
1794	8.23388103279801	0.34767987290991
1795	-0.724592211437589	0.134787146148194
1796	-1.80064293010617	0.236376465104178
1797	8.34779430816257	0.0776455424223708
1798	2.14232647054823	0.318990370132587
1799	2.01688935116643	0.146267297715952
1800	2.11802353590613	0.299932680758019
1801	0.72659511272592	0.145131838606528
1802	0.955969342031826	0.184202281162946
1803	-1.48018317295949	0.257762020270707
1804	9.18937119752268	0.38065670486716
1805	3.86278767333421	0.121741760862972
1806	4.07277951095575	0.377058741563927
1807	8.09335750718966	0.394020653352167
1808	2.40746289272958	0.28999031971124
1809	1.75169841125618	0.278379426935705
1810	6.30234904471344	0.0704753044924484
1811	6.13579655870498	0.123314852110842
1812	4.54584570886809	0.112534335396318
1813	0.0167104651076917	0.299600807913604
1814	-3.94584964160729	0.188592430534985
1815	4.87117994637236	0.329950675518844
1816	-0.0896766524990942	0.230220883803088
1817	1.67250081881448	0.310812958058179
1818	10.5986502421001	0.411328960716032
1819	2.16053848443678	0.187101465304356
1820	3.95893327242985	0.332737180454718
1821	8.64082570944673	0.390367012557339
1822	4.54730201138831	0.125575170643025
1823	0.977307494202632	0.286646709913028
1824	1.06882011005263	0.0938441616582627
1825	3.19035531022509	0.145759223754102
1826	0.354662517959042	0.189329156516739
1827	8.21281182966493	0.0527400280840287
1828	-2.44353143268069	0.187963669117667
1829	3.96386746052535	0.366541704908472
1830	1.75346706331009	0.172557983769573
1831	2.72891950447322	0.224497065995946
1832	0.15130527464686	0.267551124992368
1833	0.776844952845669	0.228697158233159
1834	3.43692809074676	0.116074670283735
1835	1.10411931682987	0.35103393541345
1836	0.19172838097893	0.29280069759443
1837	2.32819553563234	0.338891779138453
1838	5.41486842392824	0.0873902254999583
1839	4.00172788958346	0.313045605548109
1840	1.80975166297802	0.198549466274313
1841	3.37918766093409	0.348678674576018
1842	0.271837861555728	0.284956010570953
1843	4.27576087797144	0.334748156195887
1844	1.21458901003792	0.250499822052598
1845	-1.34571426500243	0.241955123879771
1846	1.5991827235065	0.337102114227199
1847	8.90883706034136	0.0563829797936377
1848	1.55573076680744	0.222719706369631
1849	1.71821580999688	0.316198202928417
1850	3.09945175602001	0.301692833656036
1851	0.814243488014961	0.222862464278896
1852	3.47294951502317	0.363433604726548
1853	0.820190235673438	0.208378960801354
1854	0.0858972810183634	0.137541900733627
1855	9.50144070357534	0.0737341700332862
1856	9.73618464349955	0.0842835556829426
1857	0.480776128002462	0.16373456989886
1858	-2.07576876510189	0.237892775424872
1859	2.08428246714859	0.290432743505629
1860	0.0423928969344883	0.196920819888897
1861	10.9400305590002	0.382367399113396
1862	1.45510443302963	0.155427484654498
1863	1.43980085650073	0.216063164789936
1864	1.06729994622673	0.169643026109343
1865	-0.667118095738368	0.286352331275713
1866	2.48559622194781	0.142386347703525
1867	-3.59334622840611	0.223201671170181
1868	5.4842791619212	0.328656789726351
1869	6.52912929207117	0.0787062790336964
1870	9.41640296883018	0.368605063967508
1871	1.8833297538254	0.172090356576901
1872	2.72801818624204	0.355456045045347
1873	2.06766699685338	0.174879335129398
1874	-0.873487412559177	0.170148837833509
1875	-2.48713331053373	0.222397652167912
1876	6.12039571806073	0.374789846814947
1877	3.89217324849871	0.364580628800364
1878	0.437893522890534	0.190749362370091
1879	2.91732636838642	0.33269154768448
1880	6.45903992462169	0.399863059024466
1881	-0.983639680156443	0.207119202488278
1882	1.35549236184546	0.308942598006534
1883	2.71621453822414	0.194415751620661
1884	-1.94906625013054	0.167062208654106
1885	3.56726923576964	0.325276718336194
1886	3.84800896785591	0.122112006348539
1887	3.73079781533223	0.308431949116573
1888	4.54384424690582	0.0924284544919664
1889	3.07197709478683	0.137795212864054
1890	5.11454114811392	0.100348601199453
1891	1.35550223140033	0.135648075240202
1892	9.41913541980507	0.0694301937477047
1893	3.04965937796903	0.283207277184645
1894	6.49725403412085	0.368952427027485
1895	5.97422921167153	0.333275680419738
1896	4.29910421735747	0.340016438530312
1897	-2.48117093495082	0.214673807088581
1898	-0.855475425622786	0.19811324900425
1899	1.02982585245596	0.344986183725579
1900	-0.550405438180211	0.269518097388176
1901	-0.378911573341857	0.2877644786559
1902	0.860069221105435	0.177266389589688
1903	0.0782511233260432	0.146873076911433
1904	9.05461057364169	0.41161405588919
1905	-0.667633028420721	0.279984245254022
1906	6.49555919214203	0.125965677754341
1907	6.37854978133696	0.0952430398527487
1908	1.83758599419501	0.223045113447719
1909	7.24258033035268	0.386471241546443
1910	3.71548639175473	0.267256174942873
1911	6.89111419736346	0.405562533153965
1912	1.01091020763872	0.316007193070222
1913	3.60354287504806	0.178559868900529
1914	-1.13234192349842	0.205951729674048
1915	4.04042233026464	0.102146897105259
1916	7.74974825111187	0.0526254142510811
1917	1.03288850154374	0.310060815807536
1918	5.11043242136999	0.0856460894347923
1919	1.09225002588568	0.21137927440388
1920	0.351957938008793	0.282405746389334
1921	7.69667328978609	0.411304233764757
1922	2.68677664636076	0.229449237685629
1923	-0.420341071145105	0.225328718327435
1924	3.47992365154558	0.11139301938633
1925	2.13723221294091	0.32444624065477
1926	1.50185514701769	0.21416846891042
1927	-0.14263730175095	0.235157326683518
1928	3.0038066445694	0.123890394892202
1929	1.28722956868309	0.131627519822685
1930	-0.318752239915457	0.266138842715562
1931	0.322131339588853	0.258501846741608
1932	5.2616944108093	0.0760741525700984
1933	8.82900430089372	0.0608572537177094
1934	-2.30272827027497	0.2833931590942
1935	7.22671133846696	0.388135246886863
1936	-2.72650320743043	0.267011178621602
1937	-0.46843181378382	0.253381839852665
1938	-1.03217188205283	0.240602198504364
1939	7.16723598287619	0.408833034701387
1940	-0.111691247546562	0.233864462555867
1941	-2.6259055099788	0.29804892598076
1942	2.72434890377882	0.268275031358495
1943	-0.875120443972189	0.13536929384314
1944	1.17835308185305	0.142441004042221
1945	-0.338855688886291	0.315097308549514
1946	-1.42065506517047	0.213683032036426
1947	7.97386728885544	0.112010300427318
1948	2.22575254380213	0.321469588226373
1949	3.04465045166932	0.0863069688753133
1950	1.50293764620544	0.36465592884391
1951	1.37353910564799	0.273077060466254
1952	0.0804999982917752	0.252010828518105
1953	0.419282683854408	0.168317402580952
1954	-1.77964448430797	0.213888475832849
1955	-2.97491361983617	0.231225624110909
1956	1.51608146727065	0.114113643577994
1957	2.03166462183689	0.241922517037636
1958	5.25153152901144	0.0754186858030856
1959	-0.990726377760774	0.149619998605962
1960	6.71007762971618	0.125779289278544
1961	2.51754568958693	0.152197893898386
1962	5.14228240478092	0.37585103568378
1963	2.22102915390564	0.211361308495038
1964	4.59494068903147	0.333667872672246
1965	3.97686449291997	0.370546471960862
1966	4.68391143616397	0.199227340470408
1967	6.33941544000246	0.0712163678143217
1968	-1.87467214629883	0.17077642647788
1969	1.51311956696982	0.313051102691986
1970	1.36435275540902	0.171556199839329
1971	5.22823915846488	0.278855856452727
1972	4.38826261422772	0.355886346232635
1973	5.47986906477806	0.361572779075781
1974	0.270595138764477	0.191251319259123
1975	-0.153860075129734	0.187269563726936
1976	5.56012300122196	0.37597978226263
1977	2.32505263054526	0.283950280679964
1978	6.24277095251061	0.319410210196083
1979	2.45398224816271	0.269653745622759
1980	8.26490907575558	0.378778154773352
1981	-0.930945882161437	0.155473945575644
1982	5.39932265096741	0.117922558486977
1983	5.81624554422744	0.372683645323515
1984	-2.93409858024638	0.232287819286336
1985	6.16025155235434	0.369241320210258
1986	3.16011254647495	0.117165269175207
1987	5.32739330739337	0.325649008772593
1988	0.282227101930624	0.313334358117581
1989	6.22767820949219	0.393672349343478
1990	-1.77049189360083	0.248524692293568
1991	1.25986883578969	0.308660124998393
1992	1.24833832538136	0.190351954882896
1993	4.27138506427479	0.0847991553897398
1994	8.23388103279801	0.387654041466394
1995	-0.724592211437589	0.151626953045643
1996	-1.80064293010617	0.264255653577369
1997	8.34779430816257	0.0882759566999864
1998	2.14232647054823	0.355846943536037
1999	2.01688935116643	0.164354615424639
2000	2.11802353590613	0.334718316910192
2001	0.72659511272592	0.161338440517723
2002	0.955969342031826	0.204121996393907
2003	-1.48018317295949	0.284672586621032
2004	9.18937119752268	0.419246736830003
2005	3.86278767333421	0.135725454520836
2006	4.07277951095575	0.415306836128801
2007	8.09335750718966	0.433880746565345
2008	2.40746289272958	0.319963746886682
2009	1.75169841125618	0.307249396924632
2010	6.30234904471344	0.0795868198602469
2011	6.13579655870498	0.137448046662053
2012	4.54584570886809	0.125642988693643
2013	0.0167104651076917	0.330487581071809
2014	-3.94584964160729	0.208929369658036
2015	4.87117994637236	0.36372179014555
2016	-0.0896766524990942	0.254514040317018
2017	1.67250081881448	0.34276529334778
2018	10.5986502421001	0.452833972758132
2019	2.16053848443678	0.20729670849322
2020	3.95893327242985	0.366773114415836
2021	8.64082570944673	0.429879876985449
2022	4.54730201138831	0.139923177679061
2023	0.977307494202632	0.316302372526169
2024	1.06882011005263	0.10517656855256
2025	3.19035531022509	0.162025450076889
2026	0.354662517959042	0.209736111408154
2027	8.21281182966493	0.0601660470316946
2028	-2.44353143268069	0.208240853033436
2029	3.96386746052535	0.403790298409762
2030	1.75346706331009	0.191371067160155
2031	2.72891950447322	0.248246251601206
2032	0.15130527464686	0.295392012392373
2033	0.776844952845669	0.252845505388937
2034	3.43692809074676	0.129519784183161
2035	1.10411931682987	0.386808726682049
2036	0.19172838097893	0.323041212902712
2037	2.32819553563234	0.37351262386216
2038	5.41486842392824	0.0981092736824949
2039	4.00172788958346	0.345210123566924
2040	1.80975166297802	0.2198326860026
2041	3.37918766093409	0.38422963038705
2042	0.271837861555728	0.314450995243533
2043	4.27576087797144	0.368975206006268
2044	1.21458901003792	0.276720215393095
2045	-1.34571426500243	0.267363460060867
2046	1.5991827235065	0.371552875681173
2047	8.90883706034136	0.0641552116744355
2048	1.55573076680744	0.24629997815486
2049	1.71821580999688	0.348662332381318
2050	3.09945175602001	0.332778425362003
2051	0.814243488014961	0.246456303258651
2052	3.47294951502317	0.400386815646286
2053	0.820190235673438	0.230596340080104
2054	0.0858972810183634	0.153027182445508
2055	9.50144070357534	0.0831553961761685
2056	9.73618464349955	0.0947073572206269
2057	0.480776128002462	0.181709107999819
2058	-2.07576876510189	0.262915040725516
2059	2.08428246714859	0.320448217035717
2060	0.0423928969344883	0.218049258964823
2061	10.9400305590002	0.421120009260056
2062	1.45510443302963	0.172612547467975
2063	1.43980085650073	0.239010822978136
2064	1.06729994622673	0.188179082483935
2065	-0.667118095738368	0.315980017209612
2066	2.48559622194781	0.15833202810541
2067	-3.59334622840611	0.246827747144037
2068	5.4842791619212	0.362304938134708
2069	6.52912929207117	0.0886000364034797
2070	9.41640296883018	0.406049751638821
2071	1.8833297538254	0.190858998373168
2072	2.72801818624204	0.391651097593351
2073	2.06766699685338	0.193913031343639
2074	-0.873487412559177	0.188732964721958
2075	-2.48713331053373	0.245947317088518
2076	6.12039571806073	0.412822313842419
2077	3.89217324849871	0.401642848732744
2078	0.437893522890534	0.211291288480817
2079	2.91732636838642	0.366723144872428
2080	6.45903992462169	0.440278393307411
2081	-0.983639680156443	0.229216858900689
2082	1.35549236184546	0.340717181052595
2083	2.71621453822414	0.215306118083504
2084	-1.94906625013054	0.185352993487301
2085	3.56726923576964	0.358603637004641
2086	3.84800896785591	0.136130886796059
2087	3.73079781533223	0.340158001942063
2088	4.54384424690582	0.103626317705872
2089	3.07197709478683	0.153304568443135
2090	5.11454114811392	0.112299166464062
2091	1.35550223140033	0.150953374637964
2092	9.41913541980507	0.0784423855764536
2093	3.04965937796903	0.31253606857134
2094	6.49725403412085	0.406430126825624
2095	5.97422921167153	0.367362791466704
2096	4.29910421735747	0.37474416680831
2097	-2.48117093495082	0.23748942575408
2098	-0.855475425622786	0.219355012223477
2099	1.02982585245596	0.380186218583
2100	-0.550405438180211	0.297545918718912
2101	-0.378911573341857	0.317526369961014
2102	0.860069221105435	0.196526942812235
2103	0.0782511233260432	0.163245159803128
2104	9.05461057364169	0.453146162343731
2105	-0.667633028420721	0.309006731362134
2106	6.49555919214203	0.140350797171543
2107	6.37854978133696	0.106708391062923
2108	1.83758599419501	0.246656310742794
2109	7.24258033035268	0.425613866010918
2110	3.71548639175473	0.295069031358692
2111	6.89111419736346	0.446519524810648
2112	1.01091020763872	0.348453169638173
2113	3.60354287504806	0.19794334971088
2114	-1.13234192349842	0.227938433699608
2115	4.04042233026464	0.114268365898055
2116	7.74974825111187	0.0600405407152761
2117	1.03288850154374	0.341941670222428
2118	5.11043242136999	0.0961993812441908
2119	1.09225002588568	0.233881792618155
2120	0.351957938008793	0.311658363192955
2121	7.69667328978609	0.452806895846987
2122	2.68677664636076	0.253669059748005
2123	-0.420341071145105	0.249156941157446
2124	3.47992365154558	0.124393206144719
2125	2.13723221294091	0.357694233732953
2126	1.50185514701769	0.23693606206616
2127	-0.14263730175095	0.259919624845515
2128	3.0038066445694	0.138078286944331
2129	1.28722956868309	0.146550720198864
2130	-0.318752239915457	0.293845511924266
2131	0.322131339588853	0.285482723519551
2132	5.2616944108093	0.0857177621762064
2133	8.82900430089372	0.069054704383264
2134	-2.30272827027497	0.312739616024184
2135	7.22671133846696	0.427436012390686
2136	-2.72650320743043	0.294800751474598
2137	-0.46843181378382	0.279876129724172
2138	-1.03217188205283	0.265881957559035
2139	7.16723598287619	0.450100842977065
2140	-0.111691247546562	0.258503891594841
2141	-2.6259055099788	0.328788213902082
2142	2.72434890377882	0.296184716197036
2143	-0.875120443972189	0.15064809886687
2144	1.17835308185305	0.158391878784531
2145	-0.338855688886291	0.347456812988862
2146	-1.42065506517047	0.236404491030257
2147	7.97386728885544	0.125069151339614
2148	2.22575254380213	0.354434691041303
2149	3.04465045166932	0.0969230682725658
2150	1.50293764620544	0.401725305019639
2151	1.37353910564799	0.301443112754848
2152	0.0804999982917752	0.278374822439149
2153	0.419282683854408	0.186727476497753
2154	-1.77964448430797	0.236629459460829
2155	-2.97491361983617	0.255614267503815
2156	1.51608146727065	0.127372388603532
2157	2.03166462183689	0.267327754382581
2158	5.25153152901144	0.0850000022222212
2159	-0.990726377760774	0.166253138984211
2160	6.71007762971618	0.140146695010238
2161	2.51754568958693	0.169076028106266
2162	5.14228240478092	0.413984354256969
2163	2.22102915390564	0.233862119294422
2164	4.59494068903147	0.367792256250091
2165	3.97686449291997	0.408175664014709
2166	4.68391143616397	0.220574982906552
2167	6.33941544000246	0.0803983111555752
2168	-1.87467214629883	0.189420197117521
2169	1.51311956696982	0.34521614313944
2170	1.36435275540902	0.19027407731435
2171	5.22823915846488	0.307771104576987
2172	4.38826261422772	0.392122293046623
2173	5.47986906477806	0.398349143866897
2174	0.270595138764477	0.211840949534139
2175	-0.153860075129734	0.207480782380911
2176	5.56012300122196	0.414125336444263
2177	2.32505263054526	0.31334968442717
2178	6.24277095251061	0.352179597183539
2179	2.45398224816271	0.297694458470297
2180	8.26490907575558	0.417189656140717
2181	-0.930945882161437	0.172663423866752
2182	5.39932265096741	0.13154328898688
2183	5.81624554422744	0.410515946591395
2184	-2.93409858024638	0.256777409860691
2185	6.16025155235434	0.406746475369911
2186	3.16011254647495	0.130714029642357
2187	5.32739330739337	0.359011308575417
2188	0.282227101930624	0.345526318134532
2189	6.22767820949219	0.433499341005474
2190	-1.77049189360083	0.274557376457085
2191	1.25986883578969	0.340407862833078
2192	1.24833832538136	0.210856112825731
2193	4.27138506427479	0.0952719576556911
2194	8.23388103279801	0.426909074950322
2195	-0.724592211437589	0.16845082710323
2196	-1.80064293010617	0.291783351312623
2197	8.34779430816257	0.0990791815670283
2198	2.14232647054823	0.392079145660485
2199	2.01688935116643	0.182388080406124
2200	2.11802353590613	0.36894253090296
2201	0.72659511272592	0.17754413671329
2202	0.955969342031826	0.223927604339738
2203	-1.48018317295949	0.311255915827071
2204	9.18937119752268	0.457153460146177
2205	3.86278767333421	0.149776012197381
2206	4.07277951095575	0.452882046681748
2207	8.09335750718966	0.473018810814287
2208	2.40746289272958	0.349516559575777
2209	1.75169841125618	0.335732393491902
2210	6.30234904471344	0.0889137371936828
2211	6.13579655870498	0.151643547402892
2212	4.54584570886809	0.138845183337718
2213	0.0167104651076917	0.360925894593291
2214	-3.94584964160729	0.229139481604225
2215	4.87117994637236	0.396956510307507
2216	-0.0896766524990942	0.278559756578381
2217	1.67250081881448	0.374236683241329
2218	10.5986502421001	0.493566807247169
2219	2.16053848443678	0.227369444384729
2220	3.95893327242985	0.400264580373451
2221	8.64082570944673	0.46868129840242
2222	4.54730201138831	0.154326941923227
2223	0.977307494202632	0.345547108331224
2224	1.06882011005263	0.116656669162074
2225	3.19035531022509	0.17828895291648
2226	0.354662517959042	0.230014104554168
2227	8.21281182966493	0.0678588536215767
2228	-2.44353143268069	0.228393031527475
2229	3.96386746052535	0.440396479656751
2230	1.75346706331009	0.21010378111587
2231	2.72891950447322	0.271764580977955
2232	0.15130527464686	0.322877299979385
2233	0.776844952845669	0.276750827090513
2234	3.43692809074676	0.143048181765498
2235	1.10411931682987	0.421986037458864
2236	0.19172838097893	0.352852971017106
2237	2.32819553563234	0.407571168426262
2238	5.41486842392824	0.108994715028086
2239	4.00172788958346	0.376887227381465
2240	1.80975166297802	0.240960229326845
2241	3.37918766093409	0.419189929770883
2242	0.271837861555728	0.343539951691368
2243	4.27576087797144	0.402651961270233
2244	1.21458901003792	0.302634412872245
2245	-1.34571426500243	0.292490357541804
2246	1.5991827235065	0.405446522298861
2247	8.90883706034136	0.0721836762145987
2248	1.55573076680744	0.269654543381921
2249	1.71821580999688	0.380629913385535
2250	3.09945175602001	0.363409496056409
2251	0.814243488014961	0.269824022057603
2252	3.47294951502317	0.436706619631238
2253	0.820190235673438	0.252629563261852
2254	0.0858972810183634	0.168533549308091
2255	9.50144070357534	0.0927825821419868
2256	9.73618464349955	0.105306553096582
2257	0.480776128002462	0.199628841369897
2258	-2.07576876510189	0.287667637456843
2259	2.08428246714859	0.350041794213562
2260	0.0423928969344883	0.23902674042961
2261	10.9400305590002	0.459184354244048
2262	1.45510443302963	0.189766874258938
2263	1.43980085650073	0.261752061079089
2264	1.06729994622673	0.206643215137623
2265	-0.667118095738368	0.345197629259567
2266	2.48559622194781	0.174284757497551
2267	-3.59334622840611	0.27022672012886
2268	5.4842791619212	0.395420440945565
2269	6.52912929207117	0.098685347551482
2270	9.41640296883018	0.442846048739014
2271	1.8833297538254	0.209548625624062
2272	2.72801818624204	0.427235857157106
2273	2.06766699685338	0.212859632306768
2274	-0.873487412559177	0.207243702365252
2275	-2.48713331053373	0.269272208561479
2276	6.12039571806073	0.450188470687947
2277	3.89217324849871	0.438068338375984
2278	0.437893522890534	0.231700137982806
2279	2.91732636838642	0.400210406271941
2280	6.45903992462169	0.479954771009013
2281	-0.983639680156443	0.251134009203375
2282	1.35549236184546	0.372016237829685
2283	2.71621453822414	0.236052785047508
2284	-1.94906625013054	0.203579332185392
2285	3.56726923576964	0.39140770339661
2286	3.84800896785591	0.150215558523707
2287	3.73079781533223	0.371410008037898
2288	4.54384424690582	0.114975976463965
2289	3.07197709478683	0.168834275233682
2290	5.11454114811392	0.124378579669009
2291	1.35550223140033	0.166285246301602
2292	9.41913541980507	0.0876730074444645
2293	3.04965937796903	0.341463898462793
2294	6.49725403412085	0.443258429612965
2295	5.97422921167153	0.400903874275952
2296	4.29910421735747	0.408906336371128
2297	-2.48117093495082	0.260102649817127
2298	-0.855475425622786	0.240442362921957
2299	1.02982585245596	0.414806295529346
2300	-0.550405438180211	0.325212441187763
2301	-0.378911573341857	0.346874095867236
2302	0.860069221105435	0.215693484601161
2303	0.0782511233260432	0.179611291965726
2304	9.05461057364169	0.493905265218705
2305	-0.667633028420721	0.337637594294439
2306	6.49555919214203	0.154790542352873
2307	6.37854978133696	0.118317382919119
2308	1.83758599419501	0.270040858654651
2309	7.24258033035268	0.464056334958431
2310	3.71548639175473	0.322527142541254
2311	6.89111419736346	0.486721046394598
2312	1.01091020763872	0.380403151183875
2313	3.60354287504806	0.217229071398091
2314	-1.13234192349842	0.249748014217386
2315	4.04042233026464	0.126513472300677
2316	7.74974825111187	0.0677227869004898
2317	1.03288850154374	0.373343758476456
2318	5.11043242136999	0.106924119626001
2319	1.09225002588568	0.256191461713629
2320	0.351957938008793	0.340512340833462
2321	7.69667328978609	0.493537452019307
2322	2.68677664636076	0.277643677302941
2323	-0.420341071145105	0.272751898153551
2324	3.47992365154558	0.137490241065836
2325	2.13723221294091	0.390421780736656
2326	1.50185514701769	0.259502724771659
2327	-0.14263730175095	0.284420180048211
2328	3.0038066445694	0.152326817625089
2329	1.28722956868309	0.161512141881824
2330	-0.318752239915457	0.321200673225771
2331	0.322131339588853	0.312134219601404
2332	5.2616944108093	0.095560551807571
2333	8.82900430089372	0.0774954240764091
2334	-2.30272827027497	0.34168457289006
2335	7.22671133846696	0.466031801136632
2336	-2.72650320743043	0.322236288939587
2337	-0.46843181378382	0.306055873459368
2338	-1.03217188205283	0.290884197840374
2339	7.16723598287619	0.490603705323481
2340	-0.111691247546562	0.282885323581619
2341	-2.6259055099788	0.35908353856448
2342	2.72434890377882	0.323736703797228
2343	-0.875120443972189	0.165954283889626
2344	1.17835308185305	0.174349644157404
2345	-0.338855688886291	0.379322958679039
2346	-1.42065506517047	0.258926426064598
2347	7.97386728885544	0.138223061922414
2348	2.22575254380213	0.38688797224835
2349	3.04465045166932	0.107708699429266
2350	1.50293764620544	0.43815773273406
2351	1.37353910564799	0.329437554544935
2352	0.0804999982917752	0.304428242552443
2353	0.419282683854408	0.205069467516894
2354	-1.77964448430797	0.259170323882409
2355	-2.97491361983617	0.279752559538663
2356	1.51608146727065	0.140720099134004
2357	2.03166462183689	0.292451647501487
2358	5.25153152901144	0.094782397797054
2359	-0.990726377760774	0.182872369781945
2360	6.71007762971618	0.154569266542634
2361	2.51754568958693	0.185932783614419
2362	5.14228240478092	0.451448287990297
2363	2.22102915390564	0.256170133028909
2364	4.59494068903147	0.401369475263738
2365	3.97686449291997	0.445150840518104
2366	4.68391143616397	0.241764984885576
2367	6.33941544000246	0.0897935093270448
2368	-1.87467214629883	0.20798876015483
2369	1.51311956696982	0.376893753455355
2370	1.36435275540902	0.208914487894271
2371	5.22823915846488	0.336297998886495
2372	4.38826261422772	0.427746700134156
2373	5.47986906477806	0.434497493225613
2374	0.270595138764477	0.232296048845056
2375	-0.153860075129734	0.227569006694026
2376	5.56012300122196	0.451601132759422
2377	2.32505263054526	0.34234597392231
2378	6.24277095251061	0.384443129345415
2379	2.45398224816271	0.325373479432679
2380	8.26490907575558	0.454923291718087
2381	-0.930945882161437	0.189822031520818
2382	5.39932265096741	0.145241949151894
2383	5.81624554422744	0.447688040124574
2384	-2.93409858024638	0.28101357150343
2385	6.16025155235434	0.443601396488021
2386	3.16011254647495	0.144342913922754
2387	5.32739330739337	0.391849677438225
2388	0.282227101930624	0.377230027323872
2389	6.22767820949219	0.472605312869188
2390	-1.77049189360083	0.300289587443054
2391	1.25986883578969	0.37168089282791
2392	1.24833832538136	0.23122834559678
2393	4.27138506427479	0.105918660376245
2394	8.23388103279801	0.465460525907033
2395	-0.724592211437589	0.185254976688592
2396	-1.80064293010617	0.318964997438384
2397	8.34779430816257	0.11004623330518
2398	2.14232647054823	0.427699922222711
2399	2.01688935116643	0.200364944154767
2400	2.11802353590613	0.402616536804795
2401	0.72659511272592	0.193744758177717
2402	0.955969342031826	0.243618052879711
2403	-1.48018317295949	0.337516824090852
2404	9.18937119752268	0.49439149509917
2405	3.86278767333421	0.16388739890357
2406	4.07277951095575	0.489798706474112
2407	8.09335750718966	0.511450532508654
2408	2.40746289272958	0.378656145034575
2409	1.75169841125618	0.363834877619667
2410	6.30234904471344	0.0984459316562521
2411	6.13579655870498	0.165895444839698
2412	4.54584570886809	0.152134149805303
2413	0.0167104651076917	0.390923902423154
2414	-3.94584964160729	0.249222064482632
2415	4.87117994637236	0.429665411149525
2416	-0.0896766524990942	0.302360651659634
2417	1.67250081881448	0.405236176147618
2418	10.5986502421001	0.533544531385277
2419	2.16053848443678	0.247318852144298
2420	3.95893327242985	0.433222375769384
2421	8.64082570944673	0.506786671744021
2422	4.54730201138831	0.168780734201679
2423	0.977307494202632	0.374388037843471
2424	1.06882011005263	0.128276202930924
2425	3.19035531022509	0.194545613307818
2426	0.354662517959042	0.250162492837126
2427	8.21281182966493	0.0758069081626947
2428	-2.44353143268069	0.248419452548615
2429	3.96386746052535	0.476373742890662
2430	1.75346706331009	0.228754144577194
2431	2.72891950447322	0.295054216573729
2432	0.15130527464686	0.350012584893845
2433	0.776844952845669	0.300415620853181
2434	3.43692809074676	0.156653375942272
2435	1.10411931682987	0.456578124832868
2436	0.19172838097893	0.382243583395169
2437	2.32819553563234	0.441078701263602
2438	5.41486842392824	0.120037774109798
2439	4.00172788958346	0.408086143512849
2440	1.80975166297802	0.261932188691457
2441	3.37918766093409	0.453571641922528
2442	0.271837861555728	0.372229865552025
2443	4.27576087797144	0.435789379857782
2444	1.21458901003792	0.328246651340875
2445	-1.34571426500243	0.317339371509129
2446	1.5991827235065	0.438794199740286
2447	8.90883706034136	0.0804571243443033
2448	1.55573076680744	0.292785422707198
2449	1.71821580999688	0.412110423964697
2450	3.09945175602001	0.393594366578398
2451	0.814243488014961	0.292967652720834
2452	3.47294951502317	0.472406262969938
2453	0.820190235673438	0.274479506951567
2454	0.0858972810183634	0.184056226808808
2455	9.50144070357534	0.102605863074425
2456	9.73618464349955	0.116072120045294
2457	0.480776128002462	0.217491085050384
2458	-2.07576876510189	0.31215379672633
2459	2.08428246714859	0.379220897590139
2460	0.0423928969344883	0.259853226800305
2461	10.9400305590002	0.496575190821693
2462	1.45510443302963	0.206887117360272
2463	1.43980085650073	0.284288368715019
2464	1.06729994622673	0.225033210466386
2465	-0.667118095738368	0.374012264456425
2466	2.48559622194781	0.190240147839368
2467	-3.59334622840611	0.293400649230397
2468	5.4842791619212	0.428013770082328
2469	6.52912929207117	0.108952744277775
2470	9.41640296883018	0.479007614116429
2471	1.8833297538254	0.228157219964499
2472	2.72801818624204	0.462222933605066
2473	2.06766699685338	0.231717342148049
2474	-0.873487412559177	0.225678877511152
2475	-2.48713331053373	0.292374321550891
2476	6.12039571806073	0.486902469598875
2477	3.89217324849871	0.473870435523936
2478	0.437893522890534	0.251975381057151
2479	2.91732636838642	0.433164125684428
2480	6.45903992462169	0.518908344624357
2481	-0.983639680156443	0.272871429502467
2482	1.35549236184546	0.402848667536221
2483	2.71621453822414	0.256655515184678
2484	-1.94906625013054	0.22173880525633
2485	3.56726923576964	0.423699119785965
2486	3.84800896785591	0.164360016079254
2487	3.73079781533223	0.402196825864822
2488	4.54384424690582	0.126469057270507
2489	3.07197709478683	0.184379578931429
2490	5.11454114811392	0.136579099158441
2491	1.35550223140033	0.181638764636186
2492	9.41913541980507	0.0971118511401802
2493	3.04965937796903	0.369997612989116
2494	6.49725403412085	0.479451021949187
2495	5.97422921167153	0.433909769248832
2496	4.29910421735747	0.442514325372763
2497	-2.48117093495082	0.282514858062148
2498	-0.855475425622786	0.261375358744303
2499	1.02982585245596	0.448858189186423
2500	-0.550405438180211	0.352523418852921
2501	-0.378911573341857	0.375814866061283
2502	0.860069221105435	0.234764409516069
2503	0.0782511233260432	0.195967443293237
2504	9.05461057364169	0.53390845446008
2505	-0.667633028420721	0.365883423059535
2506	6.49555919214203	0.169279215277693
2507	6.37854978133696	0.130061866462763
2508	1.83758599419501	0.293200803799443
2509	7.24258033035268	0.501813732534609
2510	3.71548639175473	0.349636082100983
2511	6.89111419736346	0.526183705083774
2512	1.01091020763872	0.4118666004929
2513	3.60354287504806	0.236415531710739
2514	-1.13234192349842	0.271381154196869
2515	4.04042233026464	0.138874618118641
2516	7.74974825111187	0.0756606039722759
2517	1.03288850154374	0.404276068975298
2518	5.11043242136999	0.117811390012592
2519	1.09225002588568	0.278309397649148
2520	0.351957938008793	0.368974461497818
2521	7.69667328978609	0.533512967511225
2522	2.68677664636076	0.301375647863834
2523	-0.420341071145105	0.296115818109418
2524	3.47992365154558	0.150677263576486
2525	2.13723221294091	0.422639017687319
2526	1.50185514701769	0.281869795497342
2527	-0.14263730175095	0.308662005175141
2528	3.0038066445694	0.166630123355482
2529	1.28722956868309	0.176506538531658
2530	-0.318752239915457	0.348209811093885
2531	0.322131339588853	0.338461210209803
2532	5.2616944108093	0.105592843282992
2533	8.82900430089372	0.0861685206682749
2534	-2.30272827027497	0.370234890650909
2535	7.22671133846696	0.503937830018496
2536	-2.72650320743043	0.349323345082097
2537	-0.46843181378382	0.331925537825756
2538	-1.03217188205283	0.315612366603566
2539	7.16723598287619	0.530358489827058
2540	-0.111691247546562	0.30701166825984
2541	-2.6259055099788	0.38894293010968
2542	2.72434890377882	0.350936649050076
2543	-0.875120443972189	0.181282901076335
2544	1.17835308185305	0.190309916480538
2545	-0.338855688886291	0.410705135818408
2546	-1.42065506517047	0.28125013688352
2547	7.97386728885544	0.151465220846914
2548	2.22575254380213	0.41883933040268
2549	3.04465045166932	0.11865500050029
2550	1.50293764620544	0.473966555788185
2551	1.37353910564799	0.357066423815565
2552	0.0804999982917752	0.330175446251299
2553	0.419282683854408	0.223341056281036
2554	-1.77964448430797	0.281512385231204
2555	-2.97491361983617	0.303643199442363
2556	1.51608146727065	0.154150131637509
2557	2.03166462183689	0.31729774897965
2558	5.25153152901144	0.104756142055679
2559	-0.990726377760774	0.199473880032383
2560	6.71007762971618	0.169041290985716
2561	2.51754568958693	0.202764555110975
2562	5.14228240478092	0.488257073788816
2563	2.22102915390564	0.278286464224092
2564	4.59494068903147	0.434410401402177
2565	3.97686449291997	0.481485815197707
2566	4.68391143616397	0.262797492930177
2567	6.33941544000246	0.0993918966115058
2568	-1.87467214629883	0.226479992404262
2569	1.51311956696982	0.40809316059939
2570	1.36435275540902	0.227475370600967
2571	5.22823915846488	0.364443038371183
2572	4.38826261422772	0.462772211691518
2573	5.47986906477806	0.470030924990703
2574	0.270595138764477	0.252616127417222
2575	-0.153860075129734	0.247533429241964
2576	5.56012300122196	0.488421418384085
2577	2.32505263054526	0.370946054569555
2578	6.24277095251061	0.416210540947348
2579	2.45398224816271	0.352696573389613
2580	8.26490907575558	0.491993531925201
2581	-0.930945882161437	0.206946424577206
2582	5.39932265096741	0.159012199311204
2583	5.81624554422744	0.484213910145466
2584	-2.93409858024638	0.304999088179446
2585	6.16025155235434	0.479819793171089
2586	3.16011254647495	0.158045521931853
2587	5.32739330739337	0.424174347334833
2588	0.282227101930624	0.408454735242324
2589	6.22767820949219	0.51100592355788
2590	-1.77049189360083	0.325725404533789
2591	1.25986883578969	0.402488091646659
2592	1.24833832538136	0.251468091673443
2593	4.27138506427479	0.116730281418517
2594	8.23388103279801	0.503323572841537
2595	-0.724592211437589	0.202035750942321
2596	-1.80064293010617	0.345805926194627
2597	8.34779430816257	0.121168407147854
2598	2.14232647054823	0.462721914275597
2599	2.01688935116643	0.218282571176787
2600	2.11802353590613	0.435751290105228
2601	0.72659511272592	0.209936286372647
2602	0.955969342031826	0.263192357392237
2603	-1.48018317295949	0.363460038886977
2604	9.18937119752268	0.530975112240649
2605	3.86278767333421	0.178053779803498
2606	4.07277951095575	0.526070806666783
2607	8.09335750718966	0.549191219943856
2608	2.40746289272958	0.407389733345062
2609	1.75169841125618	0.39156317777529
2610	6.30234904471344	0.108173587444561
2611	6.13579655870498	0.180198026291003
2612	4.54584570886809	0.16550333828107
2613	0.0167104651076917	0.420489580921628
2614	-3.94584964160729	0.269176474577659
2615	4.87117994637236	0.461858825774328
2616	-0.0896766524990942	0.325919314397823
2617	1.67250081881448	0.435772619078146
2618	10.5986502421001	0.572783797500862
2619	2.16053848443678	0.267144172279177
2620	3.95893327242985	0.46565705008538
2621	8.64082570944673	0.544211021591393
2622	4.54730201138831	0.18327901735229
2623	0.977307494202632	0.402832131505302
2624	1.06882011005263	0.140027168705437
2625	3.19035531022509	0.210791461430559
2626	0.354662517959042	0.270180689750027
2627	8.21281182966493	0.0839990176634535
2628	-2.44353143268069	0.268319423556374
2629	3.96386746052535	0.511735262598405
2630	1.75346706331009	0.247320268713968
2631	2.72891950447322	0.318117302756923
2632	0.15130527464686	0.376803354758614
2633	0.776844952845669	0.323842357192916
2634	3.43692809074676	0.17032909181394
2635	1.10411931682987	0.490596959074206
2636	0.19172838097893	0.411220498351701
2637	2.32819553563234	0.474046249775778
2638	5.41486842392824	0.131229948609805
2639	4.00172788958346	0.438815892343191
2640	1.80975166297802	0.282748693569357
2641	3.37918766093409	0.487386554220287
2642	0.271837861555728	0.400527575980897
2643	4.27576087797144	0.46839816740791
2644	1.21458901003792	0.353561094345883
2645	-1.34571426500243	0.341914001992733
2646	1.5991827235065	0.471606796435126
2647	8.90883706034136	0.0889646459561898
2648	1.55573076680744	0.315694622482705
2649	1.71821580999688	0.443113129307922
2650	3.09945175602001	0.42334117573919
2651	0.814243488014961	0.31588921268586
2652	3.47294951502317	0.507498678797607
2653	0.820190235673438	0.296147063906802
2654	0.0858972810183634	0.199590607031805
2655	9.50144070357534	0.112615676229082
2656	9.73618464349955	0.126995314508323
2657	0.480776128002462	0.23529326505115
2658	-2.07576876510189	0.336376703112434
2659	2.08428246714859	0.407992791602739
2660	0.0423928969344883	0.280528721081401
2661	10.9400305590002	0.533306922384309
2662	1.45510443302963	0.223970057716074
2663	1.43980085650073	0.306621235340976
2664	1.06729994622673	0.243346953286374
2665	-0.667118095738368	0.402430870383346
2666	2.48559622194781	0.206193967398327
2667	-3.59334622840611	0.316351578226423
2668	5.4842791619212	0.460095158174281
2669	6.52912929207117	0.119393049934553
2670	9.41640296883018	0.514547782482925
2671	1.8833297538254	0.246682856251908
2672	2.72801818624204	0.496624640595158
2673	2.06766699685338	0.250484452296013
2674	-0.873487412559177	0.24403641425334
2675	-2.48713331053373	0.315255637400462
2676	6.12039571806073	0.522978125550791
2677	3.89217324849871	0.509062162381088
2678	0.437893522890534	0.272116541479357
2679	2.91732636838642	0.465594849048135
2680	6.45903992462169	0.557154876126145
2681	-0.983639680156443	0.294429914732159
2682	1.35549236184546	0.433223171945603
2683	2.71621453822414	0.277114116974742
2684	-1.94906625013054	0.239829097109388
2685	3.56726923576964	0.455487856331064
2686	3.84800896785591	0.178558453377276
2687	3.73079781533223	0.432527117543082
2688	4.54384424690582	0.138097449038649
2689	3.07197709478683	0.199935891290837
2690	5.11454114811392	0.148893228864547
2691	1.35550223140033	0.197009174665614
2692	9.41913541980507	0.106749019704765
2693	3.04965937796903	0.398143915512217
2694	6.49725403412085	0.515021265519751
2695	5.97422921167153	0.466391067682947
2696	4.29910421735747	0.4755792485474
2697	-2.48117093495082	0.304727432057121
2698	-0.855475425622786	0.282154095290085
2699	1.02982585245596	0.48235340020146
2700	-0.550405438180211	0.379484492077534
2701	-0.378911573341857	0.404355737783063
2702	0.860069221105435	0.25373819434619
2703	0.0782511233260432	0.212309730458778
2704	9.05461057364169	0.57317240453461
2705	-0.667633028420721	0.393750670742907
2706	6.49555919214203	0.183811309107722
2707	6.37854978133696	0.141933949166542
2708	1.83758599419501	0.316138177797849
2709	7.24258033035268	0.538900780804315
2710	3.71548639175473	0.376401314757136
2711	6.89111419736346	0.564923705429182
2712	1.01091020763872	0.442852767921977
2713	3.60354287504806	0.255501307879931
2714	-1.13234192349842	0.29283855791509
2715	4.04042233026464	0.151344446926271
2716	7.74974825111187	0.0838427900389912
2717	1.03288850154374	0.434747390324742
2718	5.11043242136999	0.128852554649647
2719	1.09225002588568	0.300236726164056
2720	0.351957938008793	0.397051366307078
2721	7.69667328978609	0.572750092731041
2722	2.68677664636076	0.324867500347496
2723	-0.420341071145105	0.31925090997331
2724	3.47992365154558	0.163947635235323
2725	2.13723221294091	0.454355850254649
2726	1.50185514701769	0.304038616570422
2727	-0.14263730175095	0.332648072390384
2728	3.0038066445694	0.180982536146367
2729	1.28722956868309	0.191528842966164
2730	-0.318752239915457	0.374878303484249
2731	0.322131339588853	0.364468480268708
2732	5.2616944108093	0.115805255563514
2733	8.82900430089372	0.0950634314899697
2734	-2.30272827027497	0.398397287102832
2735	7.22671133846696	0.541168950315279
2736	-2.72650320743043	0.376067365596814
2737	-0.46843181378382	0.357489510166064
2738	-1.03217188205283	0.340069858820492
2739	7.16723598287619	0.569381655001359
2740	-0.111691247546562	0.330885797399476
2741	-2.6259055099788	0.418374244390432
2742	2.72434890377882	0.377790095791566
2743	-0.875120443972189	0.196629173802828
2744	1.17835308185305	0.206268468265601
2745	-0.338855688886291	0.441612524108908
2746	-1.42065506517047	0.303376928118861
2747	7.97386728885544	0.164789037605169
2748	2.22575254380213	0.450298440029555
2749	3.04465045166932	0.129753385050249
2750	1.50293764620544	0.509164802233735
2751	1.37353910564799	0.384335637292194
2752	0.0804999982917752	0.355620714416013
2753	0.419282683854408	0.241540024668371
2754	-1.77964448430797	0.303656964092271
2755	-2.97491361983617	0.327288854072536
2756	1.51608146727065	0.167656058935915
2757	2.03166462183689	0.341869556314956
2758	5.25153152901144	0.114911803060523
2759	-0.990726377760774	0.216053999713927
2760	6.71007762971618	0.183557247027675
2761	2.51754568958693	0.2195678727543
2762	5.14228240478092	0.524424609032061
2763	2.22102915390564	0.300212237224217
2764	4.59494068903147	0.46692565641771
2765	3.97686449291997	0.517194073520523
2766	4.68391143616397	0.283672689151886
2767	6.33941544000246	0.109183714750969
2768	-1.87467214629883	0.244891866693313
2769	1.51311956696982	0.438823385380524
2770	1.36435275540902	0.245954758813271
2771	5.22823915846488	0.392212588494345
2772	4.38826261422772	0.49721117479059
2773	5.47986906477806	0.504962227799663
2774	0.270595138764477	0.272800748004339
2775	-0.153860075129734	0.267373303585235
2776	5.56012300122196	0.524600100695277
2777	2.32505263054526	0.399156687426879
2778	6.24277095251061	0.447491346598787
2779	2.45398224816271	0.379669391237666
2780	8.26490907575558	0.528414501439651
2781	-0.930945882161437	0.22403338758782
2782	5.39932265096741	0.172847908058368
2783	5.81624554422744	0.520107208077889
2784	-2.93409858024638	0.328736709228451
2785	6.16025155235434	0.515415049537851
2786	3.16011254647495	0.171815663457818
2787	5.32739330739337	0.455995317332873
2788	0.282227101930624	0.439209484694357
2789	6.22767820949219	0.548716454320293
2790	-1.77049189360083	0.350868837902462
2791	1.25986883578969	0.432838139127996
2792	1.24833832538136	0.27157484397155
2793	4.27138506427479	0.127698117261663
2794	8.23388103279801	0.540513029666044
2795	-0.724592211437589	0.218789635687807
2796	-1.80064293010617	0.372311369302684
2797	8.34779430816257	0.132437269556447
2798	2.14232647054823	0.497157465831309
2799	2.01688935116643	0.236138435630126
2800	2.11802353590613	0.468357494126163
2801	0.72659511272592	0.226114848894854
2802	0.955969342031826	0.282649598595118
2803	-1.48018317295949	0.389090200911532
2804	9.18937119752268	0.566918241203645
2805	3.86278767333421	0.192269514565913
2806	4.07277951095575	0.561712004942428
2807	8.09335750718966	0.586255812860687
2808	2.40746289272958	0.435724401164182
2809	1.75169841125618	0.418923493011848
2810	6.30234904471344	0.118087189276358
2811	6.13579655870498	0.194545770326916
2812	4.54584570886809	0.17894641249484
2813	0.0167104651076917	0.449630733149889
2814	-3.94584964160729	0.28900212443448
2815	4.87117994637236	0.493546851223564
2816	-0.0896766524990942	0.349238303805188
2817	1.67250081881448	0.465854662559186
2818	10.5986502421001	0.61130085357499
2819	2.16053848443678	0.286844704640638
2820	3.95893327242985	0.497578910979752
2821	8.64082570944673	0.580969011526609
2822	4.54730201138831	0.19781644079028
2823	0.977307494202632	0.43088621324849
2824	1.06882011005263	0.15190181752744
2825	3.19035531022509	0.227022672302089
2826	0.354662517959042	0.290068163523135
2827	8.21281182966493	0.0924243263290758
2828	-2.44353143268069	0.288092309571291
2829	3.96386746052535	0.546493901537378
2830	1.75346706331009	0.265800354115249
2831	2.72891950447322	0.340955965907701
2832	0.15130527464686	0.403254990174659
2833	0.776844952845669	0.347033479951878
2834	3.43692809074676	0.18406926070487
2835	1.10411931682987	0.524054230792812
2836	0.19172838097893	0.439791004964737
2837	2.32819553563234	0.506484586813551
2838	5.41486842392824	0.142563001752207
2839	4.00172788958346	0.469085293152373
2840	1.80975166297802	0.303409909103586
2841	3.37918766093409	0.520646179252808
2842	0.271837861555728	0.428439779119042
2843	4.27576087797144	0.500488783577588
2844	1.21458901003792	0.37858183367352
2845	-1.34571426500243	0.366217694931873
2846	1.5991827235065	0.503894949963162
2847	8.90883706034136	0.0976956606062727
2848	1.55573076680744	0.338384134747713
2849	1.71821580999688	0.473647086982685
2850	3.09945175602001	0.452657884724742
2851	0.814243488014961	0.338590704782244
2852	3.47294951502317	0.541996494947353
2853	0.820190235673438	0.317633142228317
2854	0.0858972810183634	0.21513224389197
2855	9.50144070357534	0.122802752643526
2856	9.73618464349955	0.13806766489359
2857	0.480776128002462	0.253032915047664
2858	-2.07576876510189	0.360339495503716
2859	2.08428246714859	0.436364586348702
2860	0.0423928969344883	0.301053265315464
2861	10.9400305590002	0.569393607866947
2862	1.45510443302963	0.241012601114681
2863	1.43980085650073	0.328752149864664
2864	1.06729994622673	0.261582423860938
2865	-0.667118095738368	0.43046024872163
2866	2.48559622194781	0.222142136254563
2867	-3.59334622840611	0.339081535585293
2868	5.4842791619212	0.491674604465322
2869	6.52912929207117	0.129997371373905
2870	9.41640296883018	0.549479572553925
2871	1.8833297538254	0.265123699729966
2872	2.72801818624204	0.530453002980392
2873	2.06766699685338	0.269159338797967
2874	-0.873487412559177	0.262314331086712
2875	-2.48713331053373	0.337918123807146
2876	6.12039571806073	0.558428924733018
2877	3.89217324849871	0.543656233477821
2878	0.437893522890534	0.292123194825279
2879	2.91732636838642	0.497512880572243
2880	6.45903992462169	0.594709746850656
2881	-0.983639680156443	0.315810277774971
2882	1.35549236184546	0.463148260213821
2883	2.71621453822414	0.297428443115861
2884	-1.94906625013054	0.257847992938043
2885	3.56726923576964	0.486783656794698
2886	3.84800896785591	0.19280525807135
2887	3.73079781533223	0.462409353631512
2888	4.54384424690582	0.14985329580466
2889	3.07197709478683	0.215498785373271
2890	5.11454114811392	0.16131371146416
2891	1.35550223140033	0.212391887160864
2892	9.41913541980507	0.116574918861764
2893	3.04965937796903	0.425909369995965
2894	6.49725403412085	0.549982205295353
2895	5.97422921167153	0.498358117938876
2896	4.29910421735747	0.508111963752652
2897	-2.48117093495082	0.326741755695802
2898	-0.855475425622786	0.302778704731064
2899	1.02982585245596	0.515303162067921
2900	-0.550405438180211	0.406101190135249
2901	-0.378911573341857	0.432503619450371
2902	0.860069221105435	0.27261339556322
2903	0.0782511233260432	0.228634412669801
2904	9.05461057364169	0.611713384972145
2905	-0.667633028420721	0.421245657697068
2906	6.49555919214203	0.198381502774477
2907	6.37854978133696	0.153925987805835
2908	1.83758599419501	0.338854997284881
2909	7.24258033035268	0.575331848889598
2910	3.71548639175473	0.402828198817018
2911	6.89111419736346	0.602956859559171
2912	1.01091020763872	0.47337069660119
2913	3.60354287504806	0.27448505414439
2914	-1.13234192349842	0.314120950011688
2915	4.04042233026464	0.163915837323752
2916	7.74974825111187	0.0922584806428253
2917	1.03288850154374	0.464766316200742
2918	5.11043242136999	0.140039244931562
2919	1.09225002588568	0.321974582136406
2920	0.351957938008793	0.424749558641781
2921	7.69667328978609	0.611265073790844
2922	2.68677664636076	0.348121735441656
2923	-0.420341071145105	0.34215936298544
2924	3.47992365154558	0.177294933506334
2925	2.13723221294091	0.485581959430171
2926	1.50185514701769	0.32601053368891
2927	-0.14263730175095	0.356381313824893
2928	3.0038066445694	0.195378578069982
2929	1.28722956868309	0.206574162064529
2930	-0.318752239915457	0.401211424251134
2931	0.322131339588853	0.390160726393643
2932	5.2616944108093	0.126188696553187
2933	8.82900430089372	0.104169914283398
2934	-2.30272827027497	0.426178340259492
2935	7.22671133846696	0.577739656922094
2936	-2.72650320743043	0.40247369027311
2937	-0.46843181378382	0.382752100102502
2938	-1.03217188205283	0.364260018170181
2939	7.16723598287619	0.607689260174056
2940	-0.111691247546562	0.354510545410953
2941	-2.6259055099788	0.447385167169646
2942	2.72434890377882	0.404302479338784
2943	-0.875120443972189	0.211988491768523
2944	1.17835308185305	0.222221223723901
2945	-0.338855688886291	0.47205409790743
2946	-1.42065506517047	0.325308108777113
2947	7.97386728885544	0.178188136318065
2948	2.22575254380213	0.481274757131628
2949	3.04465045166932	0.140995534425799
2950	1.50293764620544	0.543765192292612
2951	1.37353910564799	0.411250993251021
2952	0.0804999982917752	0.380768253041551
2953	0.419282683854408	0.259664252745622
2954	-1.77964448430797	0.325605385000475
2955	-2.97491361983617	0.350692158384246
2956	1.51608146727065	0.181231664130311
2957	2.03166462183689	0.366170512982093
2958	5.25153152901144	0.125240239172485
2959	-0.990726377760774	0.232609195658813
2960	6.71007762971618	0.198111799511942
2961	2.51754568958693	0.236339398225632
2962	5.14228240478092	0.559964460118816
2963	2.22102915390564	0.321948585549393
2964	4.59494068903147	0.498925618314585
2965	3.97686449291997	0.552288780942384
2966	4.68391143616397	0.304390789930548
2967	6.33941544000246	0.119159504476106
2968	-1.87467214629883	0.263222448952872
2969	1.51311956696982	0.469093247494141
2970	1.36435275540902	0.264350777400873
2971	5.22823915846488	0.419612884319759
2972	4.38826261422772	0.531075646808496
2973	5.47986906477806	0.539303888835967
2974	0.270595138764477	0.292849524122439
2975	-0.153860075129734	0.287087942280751
2976	5.56012300122196	0.560150755823033
2977	2.32505263054526	0.426984492617718
2978	6.24277095251061	0.478294846645266
2979	2.45398224816271	0.406297472503395
2980	8.26490907575558	0.564199987905144
2981	-0.930945882161437	0.241079829852722
2982	5.39932265096741	0.186743146389515
2983	5.81624554422744	0.555381260914917
2984	-2.93409858024638	0.352229149891031
2985	6.16025155235434	0.550400232394855
2986	3.16011254647495	0.185647352257423
2987	5.32739330739337	0.487322359334534
2988	0.282227101930624	0.46950311678508
2989	6.22767820949219	0.585751818570824
2990	-1.77049189360083	0.37572383004607
2991	1.25986883578969	0.462739523077321
2992	1.24833832538136	0.291548148029096
2993	4.27138506427479	0.138813735284966
2994	8.23388103279801	0.577043354903981
2995	-0.724592211437589	0.235513249451993
2996	-1.80064293010617	0.398486458276862
2997	8.34779430816257	0.143844650702637
2998	2.14232647054823	0.531018631288734
2999	2.01688935116643	0.253930118056104
3000	2.11802353590613	0.500445606269179
3001	0.72659511272592	0.242276715251671
3002	0.955969342031826	0.301988920446118
3003	-1.48018317295949	0.414411865983782
3004	9.18937119752268	0.602234479288805
3005	3.86278767333421	0.206529151867395
3006	4.07277951095575	0.596735633896038
3007	8.09335750718966	0.622658891758473
3008	2.40746289272958	0.463667075378512
3009	1.75169841125618	0.445921895991248
3010	6.30234904471344	0.128177514105206
3011	6.13579655870498	0.208933341357871
3012	4.54584570886809	0.192457243723956
3013	0.0167104651076917	0.47835499304747
3014	-3.94584964160729	0.308698480998418
3015	4.87117994637236	0.524739354306021
3016	-0.0896766524990942	0.372320149472815
3017	1.67250081881448	0.495490765419053
3018	10.5986502421001	0.64911155349598
3019	2.16053848443678	0.306419806482241
3020	3.95893327242985	0.528998030267165
3021	8.64082570944673	0.617074953247089
3022	4.54730201138831	0.212387835219916
3023	0.977307494202632	0.458556963966985
3024	1.06882011005263	0.16389264562003
3025	3.19035531022509	0.243235561587077
3026	0.354662517959042	0.309824435303417
3027	8.21281182966493	0.101072306311602
3028	-2.44353143268069	0.307737531280099
3029	3.96386746052535	0.580662218553962
3030	1.75346706331009	0.284192688056526
3031	2.72891950447322	0.363572314510308
3032	0.15130527464686	0.42937276715519
3033	0.776844952845669	0.369991406619181
3034	3.43692809074676	0.197868014358285
3035	1.10411931682987	0.556961357913394
3036	0.19172838097893	0.467962236883086
3037	2.32819553563234	0.53840423699139
3038	5.41486842392824	0.154028954937744
3039	4.00172788958346	0.498902969026756
3040	1.80975166297802	0.32391603478826
3041	3.37918766093409	0.553361761665973
3042	0.271837861555728	0.455973031474018
3043	4.27576087797144	0.53207144813092
3044	1.21458901003792	0.403312890856068
3045	-1.34571426500243	0.390253843217083
3046	1.5991827235065	0.535669053271477
3047	8.90883706034136	0.10663990846209
3048	1.55573076680744	0.360855937224395
3049	1.71821580999688	0.503721152014999
3050	3.09945175602001	0.481552281386954
3051	0.814243488014961	0.361074117234996
3052	3.47294951502317	0.575912041599607
3053	0.820190235673438	0.338938664575696
3054	0.0858972810183634	0.230676848497531
3055	9.50144070357534	0.133158109029224
3056	9.73618464349955	0.149280964041117
3057	0.480776128002462	0.270707673168282
3058	-2.07576876510189	0.384045267919785
3059	2.08428246714859	0.464343241264151
3060	0.0423928969344883	0.321426939175515
3061	10.9400305590002	0.604848970427694
3062	1.45510443302963	0.258011774524114
3063	1.43980085650073	0.350682600280024
3064	1.06729994622673	0.279737695009301
3065	-0.667118095738368	0.458107058707508
3066	2.48559622194781	0.238080721926977
3067	-3.59334622840611	0.361592534487796
3068	5.4842791619212	0.522761880571805
3069	6.52912929207117	0.14075709111019
3070	9.41640296883018	0.58381569497914
3071	1.8833297538254	0.283478003270372
3072	2.72801818624204	0.563719764024379
3073	2.06766699685338	0.287740459713478
3074	-0.873487412559177	0.280510738043548
3075	-2.48713331053373	0.360363734799274
3076	6.12039571806073	0.593268032815756
3077	3.89217324849871	0.577665063382243
3078	0.437893522890534	0.311994966727811
3079	2.91732636838642	0.528928288714171
3080	6.45903992462169	0.631587967128678
3081	-0.983639680156443	0.337013348608845
3082	1.35549236184546	0.492632253564982
3083	2.71621453822414	0.317598388980748
3084	-1.94906625013054	0.27579337568827
3085	3.56726923576964	0.517596044118085
3086	3.84800896785591	0.207095006077379
3087	3.73079781533223	0.491851817785283
3088	4.54384424690582	0.161728989636685
3089	3.07197709478683	0.23106399092338
3090	5.11454114811392	0.173833521718313
3091	1.35550223140033	0.227782473899583
3092	9.41913541980507	0.126580248674927
3093	3.04965937796903	0.453300404291902
3094	6.49725403412085	0.584346577481543
3095	5.97422921167153	0.529821031449249
3096	4.29910421735747	0.540123078345275
3097	-2.48117093495082	0.348559214755736
3098	-0.855475425622786	0.323249354468431
3099	1.02982585245596	0.547718447771546
3100	-0.550405438180211	0.43237893375135
3101	-0.378911573341857	0.460265274192494
3102	0.860069221105435	0.291388646844641
3103	0.0782511233260432	0.244937887538235
3104	9.05461057364169	0.649547270635734
3105	-0.667633028420721	0.448374574651972
3106	6.49555919214203	0.212984655712213
3107	6.37854978133696	0.166030581520565
3108	1.83758599419501	0.361353263923226
3109	7.24258033035268	0.611120961872222
3110	3.71548639175473	0.428921988594078
3111	6.89111419736346	0.640298597120382
3112	1.01091020763872	0.503429227503772
3113	3.60354287504806	0.293365499344127
3114	-1.13234192349842	0.335229074572492
3115	4.04042233026464	0.176581896374493
3116	7.74974825111187	0.100897139503568
3117	1.03288850154374	0.494341250095777
3118	5.11043242136999	0.151363353941291
3119	1.09225002588568	0.343524108961769
3120	0.351957938008793	0.45207540738407
3121	7.69667328978609	0.649073762759768
3122	2.68677664636076	0.371140825966647
3123	-0.420341071145105	0.364843346815525
3124	3.47992365154558	0.190712945699133
3125	2.13723221294091	0.516326807056053
3126	1.50185514701769	0.347786895452126
3127	-0.14263730175095	0.379864622248656
3128	3.0038066445694	0.209812955880004
3129	1.28722956868309	0.221637771808232
3130	-0.318752239915457	0.427214345504774
3131	0.322131339588853	0.415542558833624
3132	5.2616944108093	0.136734355118266
3133	8.82900430089372	0.11347803839278
3134	-2.30272827027497	0.453584491647946
3135	7.22671133846696	0.613664097343193
3136	-2.72650320743043	0.428547555399817
3137	-0.46843181378382	0.407717541200203
3138	-1.03217188205283	0.388186138007131
3139	7.16723598287619	0.645296975605765
3140	-0.111691247546562	0.377888709946988
3141	-2.6259055099788	0.475983218213393
3142	2.72434890377882	0.430479128963437
3143	-0.875120443972189	0.227356406240848
3144	1.17835308185305	0.238164254395457
3145	-0.338855688886291	0.502038631246119
3146	-1.42065506517047	0.347044991743535
3147	7.97386728885544	0.191656349709182
3148	2.22575254380213	0.511777524555852
3149	3.04465045166932	0.152373390331439
3150	1.50293764620544	0.577780146072819
3151	1.37353910564799	0.437818174253701
3152	0.0804999982917752	0.405622194826407
3153	0.419282683854408	0.277711715804598
3154	-1.77964448430797	0.347358975955775
3155	-2.97491361983617	0.373855715888301
3156	1.51608146727065	0.194870934689276
3157	2.03166462183689	0.390204009472674
3158	5.25153152901144	0.135732591034497
3159	-0.990726377760774	0.249136067572667
3160	6.71007762971618	0.21269979415999
3161	2.51754568958693	0.253075920888861
3162	5.14228240478092	0.594889870791978
3163	2.22102915390564	0.343496651273423
3164	4.59494068903147	0.530420427379397
3165	3.97686449291997	0.586782790944277
3166	4.68391143616397	0.324952044632142
3167	6.33941544000246	0.129310097261229
3168	-1.87467214629883	0.281469895387525
3169	1.51311956696982	0.498911370431032
3170	1.36435275540902	0.282661639937045
3171	5.22823915846488	0.446650033560717
3172	4.38826261422772	0.564377402666523
3173	5.47986906477806	0.573068101377295
3174	0.270595138764477	0.312762118333871
3175	-0.153860075129734	0.306676714949235
3176	5.56012300122196	0.59508663698226
3177	2.32505263054526	0.454435952657105
3178	6.24277095251061	0.508630132423295
3179	2.45398224816271	0.432586247891854
3180	8.26490907575558	0.59936345041557
3181	-0.930945882161437	0.25808278175811
3182	5.39932265096741	0.200692181998798
3183	5.81624554422744	0.590049079371459
3184	-2.93409858024638	0.375479091824726
3185	6.16025155235434	0.584788099201807
3186	3.16011254647495	0.199534800310309
3187	5.32739330739337	0.518165023670801
3188	0.282227101930624	0.499344275844662
3189	6.22767820949219	0.622126571183735
3190	-1.77049189360083	0.400294257184679
3191	1.25986883578969	0.492200543936927
3192	1.24833832538136	0.311387600241319
3193	4.27138506427479	0.15006896626162
3194	8.23388103279801	0.612928660656849
3195	-0.724592211437589	0.252203339594096
3196	-1.80064293010617	0.424336226679338
3197	8.34779430816257	0.155382637151269
3198	2.14232647054823	0.564317182670267
3199	2.01688935116643	0.271655302200427
3200	2.11802353590613	0.532025844103075
3201	0.72659511272592	0.258418292750787
3202	0.955969342031826	0.321209528102265
3203	-1.48018317295949	0.439429506901814
3204	9.18937119752268	0.6369370998296
3205	3.86278767333421	0.220827424043217
3206	4.07277951095575	0.631154709209554
3207	8.09335750718966	0.658414686968148
3208	2.40746289272958	0.491224536666992
3209	1.75169841125618	0.472564335931958
3210	6.30234904471344	0.138435623055823
3211	6.13579655870498	0.223355584368806
3212	4.54584570886809	0.206029904956429
3213	0.0167104651076917	0.506669829504049
3214	-3.94584964160729	0.328265063806775
3215	4.87117994637236	0.555445977277009
3216	-0.0896766524990942	0.395167351967472
3217	1.67250081881448	0.524689199453787
3218	10.5986502421001	0.68623136704928
3219	2.16053848443678	0.325868890572697
3220	3.95893327242985	0.559924249745612
3221	8.64082570944673	0.652542815445153
3222	4.54730201138831	0.226988207488411
3223	0.977307494202632	0.485850924902553
3224	1.06882011005263	0.175992387560725
3225	3.19035531022509	0.2594265815205
3226	0.354662517959042	0.329449077385406
3227	8.21281182966493	0.10993274870582
3228	-2.44353143268069	0.327254563194255
3229	3.96386746052535	0.61425247620108
3230	1.75346706331009	0.302495641842234
3231	2.72891950447322	0.385968439246732
3232	0.15130527464686	0.455161859499829
3233	0.776844952845669	0.392718528647023
3234	3.43692809074676	0.21171967928693
3235	1.10411931682987	0.589329492471568
3236	0.19172838097893	0.495741176037922
3237	2.32819553563234	0.569815482840456
3238	5.41486842392824	0.165620080575098
3239	4.00172788958346	0.528277351643121
3240	1.80975166297802	0.344267303187822
3241	3.37918766093409	0.585544284834267
3242	0.271837861555728	0.483133753215963
3243	4.27576087797144	0.56315614687264
3244	1.21458901003792	0.427758218642821
3245	-1.34571426500243	0.414025787708552
3246	1.5991827235065	0.566939260732642
3247	8.90883706034136	0.115787441491596
3248	1.55573076680744	0.383111993317331
3249	1.71821580999688	0.533343981840349
3250	3.09945175602001	0.510031984426268
3251	0.814243488014961	0.383341423671645
3252	3.47294951502317	0.609257358735048
3253	0.820190235673438	0.360064567407244
3254	0.0858972810183634	0.24622028463782
3255	9.50144070357534	0.143673039879502
3256	9.73618464349955	0.160627261889773
3257	0.480776128002462	0.288315278869396
3258	-2.07576876510189	0.407497070314503
3259	2.08428246714859	0.491935568710166
3260	0.0423928969344883	0.341649858598006
3261	10.9400305590002	0.639686405903488
3262	1.45510443302963	0.274964722527212
3263	1.43980085650073	0.372414073314148
3264	1.06729994622673	0.297810929294665
3265	-0.667118095738368	0.485377820502177
3266	2.48559622194781	0.254005935117601
3267	-3.59334622840611	0.3838865728522
3268	5.4842791619212	0.553366536093381
3269	6.52912929207117	0.151663859691362
3270	9.41640296883018	0.617568560069427
3271	1.8833297538254	0.301744104690603
3272	2.72801818624204	0.596436392431699
3273	2.06766699685338	0.30622635257984
3274	-0.873487412559177	0.298623833908422
3275	-2.48713331053373	0.382594410719006
3276	6.12039571806073	0.627508303004524
3277	3.89217324849871	0.611100774213866
3278	0.437893522890534	0.331731531182968
3279	2.91732636838642	0.55985091200413
3280	6.45903992462169	0.667804185668051
3281	-0.983639680156443	0.35803997348031
3282	1.35549236184546	0.521683289857926
3283	2.71621453822414	0.337623891116957
3284	-1.94906625013054	0.293663223109946
3285	3.56726923576964	0.547934325852669
3286	3.84800896785591	0.221422456244055
3287	3.73079781533223	0.520862611295475
3288	4.54384424690582	0.173717163732909
3289	3.07197709478683	0.246627389870274
3290	5.11454114811392	0.18644585998993
3291	1.35550223140033	0.243176663053535
3292	9.41913541980507	0.136755995428191
3293	3.04965937796903	0.480323313342698
3294	6.49725403412085	0.618126817263979
3295	5.97422921167153	0.560789688574248
3296	4.29910421735747	0.571622955393717
3297	-2.48117093495082	0.370181196471577
3298	-0.855475425622786	0.343566245828941
3299	1.02982585245596	0.579609976266139
3300	-0.550405438180211	0.458323037581103
3301	-0.378911573341857	0.487647323295042
3302	0.860069221105435	0.310062656665631
3303	0.0782511233260432	0.261216687062508
3304	9.05461057364169	0.686689551726597
3305	-0.667633028420721	0.475143485747738
3306	6.49555919214203	0.227615802732504
3307	6.37854978133696	0.178240565062457
3308	1.83758599419501	0.383634964419993
3309	7.24258033035268	0.646281809466852
3310	3.71548639175473	0.454687836766453
3311	6.89111419736346	0.676963974962176
3312	1.01091020763872	0.533037004386918
3313	3.60354287504806	0.312141444580869
3314	-1.13234192349842	0.35616369424086
3315	4.04042233026464	0.189335953218079
3316	7.74974825111187	0.109748549508466
3317	1.03288850154374	0.523480409944692
3318	5.11043242136999	0.162817029189266
3319	1.09225002588568	0.364886457952057
3320	0.351957938008793	0.479035150078688
3321	7.69667328978609	0.686191627652554
3322	2.68677664636076	0.393927217231362
3323	-0.420341071145105	0.387305011700492
3324	3.47992365154558	0.204195663071656
3325	2.13723221294091	0.546599641212915
3326	1.50185514701769	0.369369052907267
3327	-0.14263730175095	0.403100851729003
3328	3.0038066445694	0.224280555776209
3329	1.28722956868309	0.236715112455524
3330	-0.318752239915457	0.452892139910716
3331	0.322131339588853	0.440618503365994
3332	5.2616944108093	0.147433693319123
3333	8.82900430089372	0.122978176190535
3334	-2.30272827027497	0.480622049521938
3335	7.22671133846696	0.648956080453302
3336	-2.72650320743043	0.454294096110792
3337	-0.46843181378382	0.432389992590859
3338	-1.03217188205283	0.411851462308028
3339	7.16723598287619	0.682220092347716
3340	-0.111691247546562	0.401023052492416
3341	-2.6259055099788	0.504175755280491
3342	2.72434890377882	0.456325270304359
3343	-0.875120443972189	0.242728625427925
3344	1.17835308185305	0.254093774896265
3345	-0.338855688886291	0.531574702724991
3346	-1.42065506517047	0.368588893303002
3347	7.97386728885544	0.205187713240188
3348	2.22575254380213	0.541815777223631
3349	3.04465045166932	0.163879147603429
3350	1.50293764620544	0.611221791086133
3351	1.37353910564799	0.464042749814209
3352	0.0804999982917752	0.430186600723628
3353	0.419282683854408	0.295680481480094
3354	-1.77964448430797	0.368919067954955
3355	-2.97491361983617	0.396782099101305
3356	1.51608146727065	0.208568056695685
3357	2.03166462183689	0.413973384311902
3358	5.25153152901144	0.146380273768701
3359	-0.990726377760774	0.265631344162032
3360	6.71007762971618	0.227316252436046
3361	2.51754568958693	0.269774354054596
3362	5.14228240478092	0.629213770249208
3363	2.22102915390564	0.36485758442167
3364	4.59494068903147	0.561419992057364
3365	3.97686449291997	0.620688652862025
3366	4.68391143616397	0.345356734363941
3367	6.33941544000246	0.139626607298883
3368	-1.87467214629883	0.299632449723709
3369	1.51311956696982	0.52828618626163
3370	1.36435275540902	0.300885645988093
3371	5.22823915846488	0.473330019552985
3372	4.38826261422772	0.597127941883282
3373	5.47986906477806	0.60626677214989
3374	0.270595138764477	0.332538240579975
3375	-0.153860075129734	0.326139046396993
3376	5.56012300122196	0.62942068259021
3377	2.32505263054526	0.481517415694475
3378	6.24277095251061	0.538506091381428
3379	2.45398224816271	0.458541041772134
3380	8.26490907575558	0.63391802778071
3381	-0.930945882161437	0.275039391213907
3382	5.39932265096741	0.214689473726945
3383	5.81624554422744	0.62412336582714
3384	-2.93409858024638	0.398489183610345
3385	6.16025155235434	0.618591105832113
3386	3.16011254647495	0.213472412227429
3387	5.32739330739337	0.548532644552983
3388	0.282227101930624	0.528741414227564
3389	6.22767820949219	0.657854917547776
3390	-1.77049189360083	0.424583930627785
3391	1.25986883578969	0.521229319337654
3392	1.24833832538136	0.331092846145735
3393	4.27138506427479	0.161455897052785
3394	8.23388103279801	0.648182721340069
3395	-0.724592211437589	0.268856778539432
3396	-1.80064293010617	0.449865612319765
3397	8.34779430816257	0.167043564738575
3398	2.14232647054823	0.597064616672876
3399	2.01688935116643	0.289311771921185
3400	2.11802353590613	0.563108191295785
3401	0.72659511272592	0.274536122501367
3402	0.955969342031826	0.340310685936292
3403	-1.48018317295949	0.464147515253322
3404	9.18937119752268	0.671039060342222
3405	3.86278767333421	0.235159241881964
3406	4.07277951095575	0.664981937616179
3407	8.09335750718966	0.693537087491489
3408	2.40746289272958	0.518403422974101
3409	1.75169841125618	0.498856641483267
3410	6.30234904471344	0.148852853574292
3411	6.13579655870498	0.237807519794929
3412	4.54584570886809	0.219658665210628
3413	0.0167104651076917	0.534582550328347
3414	-3.94584964160729	0.347701443231733
3415	4.87117994637236	0.585676143372752
3416	-0.0896766524990942	0.417782383221773
3417	1.67250081881448	0.553458053974391
3418	10.5986502421001	0.722675389649488
3419	2.16053848443678	0.345191423361862
3420	3.95893327242985	0.590367186874543
3421	8.64082570944673	0.687386232458791
3422	4.54730201138831	0.241612735578281
3423	0.977307494202632	0.512774500945473
3424	1.06882011005263	0.188194009637088
3425	3.19035531022509	0.275592316941132
3426	0.354662517959042	0.348941711492096
3427	8.21281182966493	0.118995754784662
3428	-2.44353143268069	0.346642931860405
3429	3.96386746052535	0.647276648160019
3430	1.75346706331009	0.320707668221569
3431	2.72891950447322	0.408146413091613
3432	0.15130527464686	0.480627341110329
3433	0.776844952845669	0.41521721176225
3434	3.43692809074676	0.225618771275386
3435	1.10411931682987	0.621169527235765
3436	0.19172838097893	0.523134656260928
3437	2.32819553563234	0.600728370804191
3438	5.41486842392824	0.177328895103605
3439	4.00172788958346	0.557216685931072
3440	1.80975166297802	0.364463978693536
3441	3.37918766093409	0.617204477361202
3442	0.271837861555728	0.509928231391086
3443	4.27576087797144	0.593752637429974
3444	1.21458901003792	0.451921702436273
3445	-1.34571426500243	0.437536818231561
3446	1.5991827235065	0.597715494047995
3447	8.90883706034136	0.125128614886465
3448	1.55573076680744	0.405154252116755
3449	1.71821580999688	0.562524041128711
3450	3.09945175602001	0.538104447468476
3451	0.814243488014961	0.405394583132848
3452	3.47294951502317	0.642044203396107
3453	0.820190235673438	0.381011800243509
3454	0.0858972810183634	0.261758564392898
3455	9.50144070357534	0.154339109787853
3456	9.73618464349955	0.172098858339737
3457	0.480776128002462	0.30585356989612
3458	-2.07576876510189	0.430697909361878
3459	2.08428246714859	0.519148237468771
3460	0.0423928969344883	0.361722174455307
3461	10.9400305590002	0.673918991048262
3462	1.45510443302963	0.291868703853828
3463	1.43980085650073	0.393948054087168
3464	1.06729994622673	0.315800376289667
3465	-0.667118095738368	0.512278918477319
3466	2.48559622194781	0.26991412557111
3467	-3.59334622840611	0.405965633362346
3468	5.4842791619212	0.583497904080658
3469	6.52912929207117	0.162709588273746
3470	9.41640296883018	0.650750285325035
3471	1.8833297538254	0.319920424145593
3472	2.72801818624204	0.628614089197903
3473	2.06766699685338	0.324615631947627
3474	-0.873487412559177	0.316651903509745
3475	-2.48713331053373	0.404612078208951
3476	6.12039571806073	0.661162283887443
3477	3.89217324849871	0.643975202964275
3478	0.437893522890534	0.351332608904047
3479	2.91732636838642	0.590290364720905
3480	6.45903992462169	0.703372698694261
3481	-0.983639680156443	0.378891014103028
3482	1.35549236184546	0.550309328036991
3483	2.71621453822414	0.357504925790157
3484	-1.94906625013054	0.311455604889182
3485	3.56726923576964	0.577807599453434
3486	3.84800896785591	0.235782545166582
3487	3.73079781533223	0.549449657513495
3488	4.54384424690582	0.185810685704159
3489	3.07197709478683	0.262185011950218
3490	5.11454114811392	0.199144145934953
3491	1.35550223140033	0.258570334700539
3492	9.41913541980507	0.147093423721983
3493	3.04965937796903	0.506984262305443
3494	6.49725403412085	0.651335066354593
3495	5.97422921167153	0.591273744307512
3496	4.29910421735747	0.602621719731727
3497	-2.48117093495082	0.391609089123316
3498	-0.855475425622786	0.363729612798914
3499	1.02982585245596	0.610988218783522
3500	-0.550405438180211	0.483938712626943
3501	-0.378911573341857	0.514656249558313
3502	0.860069221105435	0.328634205957744
3503	0.0782511233260432	0.27746747371849
3504	9.05461057364169	0.723155343530861
3505	-0.667633028420721	0.501558331491698
3506	6.49555919214203	0.242270149036752
3507	6.37854978133696	0.190549002222802
3508	1.83758599419501	0.405702070546734
3509	7.24258033035268	0.680827754470883
3510	3.71548639175473	0.480130796677472
3511	6.89111419736346	0.712967686571224
3512	1.01091020763872	0.562202478606956
3513	3.60354287504806	0.330811760943455
3514	-1.13234192349842	0.37692558935599
3515	4.04042233026464	0.202171552854145
3516	7.74974825111187	0.118802803941711
3517	1.03288850154374	0.552191832633142
3518	5.11043242136999	0.17439266554614
3519	1.09225002588568	0.3860627877538
3520	0.351957938008793	0.505634896014927
3521	7.69667328978609	0.722633762160298
3522	2.68677664636076	0.416483327383621
3523	-0.420341071145105	0.409546488582295
3524	3.47992365154558	0.217737275090978
3525	2.13723221294091	0.576409501470305
3526	1.50185514701769	0.390758359111556
3527	-0.14263730175095	0.426092818275405
3528	3.0038066445694	0.238776438309928
3529	1.28722956868309	0.251801783845984
3530	-0.318752239915457	0.478249782932696
3531	0.322131339588853	0.465393003145372
3532	5.2616944108093	0.158278438849251
3533	8.82900430089372	0.132660994731386
3534	-2.30272827027497	0.507297191994781
3535	7.22671133846696	0.683629085033275
3536	-2.72650320743043	0.479718348672783
3537	-0.46843181378382	0.456773540557568
3538	-1.03217188205283	0.435259186597394
3539	7.16723598287619	0.718473531845034
3540	-0.111691247546562	0.423916298942302
3541	-2.6259055099788	0.531969978011359
3542	2.72434890377882	0.481846027720572
3543	-0.875120443972189	0.258101009976126
3544	1.17835308185305	0.270006138780621
3545	-0.338855688886291	0.560670700280171
3546	-1.42065506517047	0.389941132677121
3547	7.97386728885544	0.218776459403493
3548	2.22575254380213	0.571398347227744
3549	3.04465045166932	0.17550524717663
3550	1.50293764620544	0.644101969572657
3551	1.37353910564799	0.4899301789996
3552	0.0804999982917752	0.454465461454936
3553	0.419282683854408	0.313568706946964
3554	-1.77964448430797	0.390286994539336
3555	-2.97491361983617	0.419473849987654
3556	1.51608146727065	0.222317409247861
3557	2.03166462183689	0.437481925052317
3558	5.25153152901144	0.157174969381657
3559	-0.990726377760774	0.282091879366997
3560	6.71007762971618	0.241956366549975
3561	2.51754568958693	0.286431731345774
3562	5.14228240478092	0.662948781044948
3563	2.22102915390564	0.386032542388417
3564	4.59494068903147	0.591933994678466
3565	3.97686449291997	0.654018619514685
3566	4.68391143616397	0.365605170765972
3567	6.33941544000246	0.150100423688284
3568	-1.87467214629883	0.317708440533626
3569	1.51311956696982	0.557225940298696
3570	1.36435275540902	0.319021178477492
3571	5.22823915846488	0.499658704153644
3572	4.38826261422772	0.629338495446911
3573	5.47986906477806	0.638911528494076
3574	0.270595138764477	0.352177646561134
3575	-0.153860075129734	0.345474414790571
3576	5.56012300122196	0.663165524175139
3577	2.32505263054526	0.508235098675282
3578	6.24277095251061	0.567931412070964
3579	2.45398224816271	0.484167074601537
3580	8.26490907575558	0.667876546579229
3581	-0.930945882161437	0.291946920188355
3582	5.39932265096741	0.228729666158884
3583	5.81624554422744	0.657616522064939
3584	-2.93409858024638	0.421262041248745
3585	6.16025155235434	0.651821414133959
3586	3.16011254647495	0.227454779809602
3587	5.32739330739337	0.578434345385217
3588	0.282227101930624	0.557702796989843
3589	6.22767820949219	0.692950722387456
3590	-1.77049189360083	0.448596598108623
3591	1.25986883578969	0.549833788535084
3592	1.24833832538136	0.35066357875579
3593	4.27138506427479	0.172966863496648
3594	8.23388103279801	0.682818982193816
3595	-0.724592211437589	0.285470560115575
3596	-1.80064293010617	0.475079459401009
3597	8.34779430816257	0.178820011640573
3598	2.14232647054823	0.629272161538276
3599	2.01688935116643	0.30689740818152
3600	2.11802353590613	0.593702403394695
3601	0.72659511272592	0.290626875523562
3602	0.955969342031826	0.3592917156087
3603	-1.48018317295949	0.488570203182657
3604	9.18937119752268	0.704553010465772
3605	3.86278767333421	0.249519689560132
3606	4.07277951095575	0.698229724659835
3607	8.09335750718966	0.728039649612589
3608	2.40746289272958	0.545210232895772
3609	1.75169841125618	0.524804523527968
3610	6.30234904471344	0.15942081178749
3611	6.13579655870498	0.252284338535334
3612	4.54584570886809	0.233337984007381
3613	0.0167104651076917	0.56210030611679
3614	-3.94584964160729	0.367007238772933
3615	4.87117994637236	0.615439062203559
3616	-0.0896766524990942	0.440167686917803
3617	1.67250081881448	0.581805240238692
3618	10.5986502421001	0.758458351821247
3619	2.16053848443678	0.364386923198423
3620	3.95893327242985	0.620336240308004
3621	8.64082570944673	0.72161851269961
3622	4.54730201138831	0.256256763734504
3623	0.977307494202632	0.539333963852498
3624	1.06882011005263	0.20049070337999
3625	3.19035531022509	0.291729481432563
3626	0.354662517959042	0.368302007104536
3627	8.21281182966493	0.128251727467768
3628	-2.44353143268069	0.365902214121384
3629	3.96386746052535	0.679746426471606
3630	1.75346706331009	0.338827298875637
3631	2.72891950447322	0.430108291408364
3632	0.15130527464686	0.505774188249344
3633	0.776844952845669	0.437489796273445
3634	3.43692809074676	0.239559990029997
3635	1.10411931682987	0.652492102159429
3636	0.19172838097893	0.550149366811376
3637	2.32819553563234	0.631152717080606
3638	5.41486842392824	0.189148152202338
3639	4.00172788958346	0.585729034617042
3640	1.80975166297802	0.384506356316221
3641	3.37918766093409	0.648352819413208
3642	0.271837861555728	0.536362623054707
3643	4.27576087797144	0.623870454886787
3644	1.21458901003792	0.475807161694376
3645	-1.34571426500243	0.460790174549536
3646	1.5991827235065	0.628007448000027
3647	8.90883706034136	0.134654078713649
3648	1.55573076680744	0.426984648405384
3649	1.71821580999688	0.591269606486918
3650	3.09945175602001	0.565776963038467
3651	0.814243488014961	0.427235540086388
3652	3.47294951502317	0.674284056762017
3653	0.820190235673438	0.401781324953762
3654	0.0858972810183634	0.277287843861807
3655	9.50144070357534	0.165148145971061
3656	9.73618464349955	0.183688296305527
3657	0.480776128002462	0.323320479326238
3658	-2.07576876510189	0.45365074922506
3659	2.08428246714859	0.545987776151079
3660	0.0423928969344883	0.381644071266636
3661	10.9400305590002	0.707559491559063
3662	1.45510443302963	0.308721088007493
3663	1.43980085650073	0.415286025784721
3664	1.06729994622673	0.333704369917111
3665	-0.667118095738368	0.538816604418278
3666	2.48559622194781	0.285801778046418
3667	-3.59334622840611	0.427831683498694
3668	5.4842791619212	0.613165106363369
3669	6.52912929207117	0.173886441394923
3670	9.41640296883018	0.68337270277043
3671	1.8833297538254	0.338005461591405
3672	2.72801818624204	0.660263794283845
3673	2.06766699685338	0.342906986984457
3674	-0.873487412559177	0.334593315085903
3675	-2.48713331053373	0.426418650202833
3676	6.12039571806073	0.694242227080718
3677	3.89217324849871	0.676299908629798
3678	0.437893522890534	0.370797965722551
3679	2.91732636838642	0.620256042422696
3680	6.45903992462169	0.738307458855385
3681	-0.983639680156443	0.399567346880992
3682	1.35549236184546	0.578518152469916
3683	2.71621453822414	0.377241507569223
3684	-1.94906625013054	0.32916867985942
3685	3.56726923576964	0.607224757437289
3686	3.84800896785591	0.250170382139873
3687	3.73079781533223	0.577620706163333
3688	4.54384424690582	0.198002651036054
3689	3.07197709478683	0.277733030447606
3690	5.11454114811392	0.211922012362333
3691	1.35550223140033	0.273959516457595
3692	9.41913541980507	0.157584068780153
3693	3.04965937796903	0.533289289596838
3694	6.49725403412085	0.683983180343864
3695	5.97422921167153	0.621282633836322
3696	4.29910421735747	0.633129263857131
3697	-2.48117093495082	0.412844281638954
3698	-0.855475425622786	0.383739720795058
3699	1.02982585245596	0.64186340498195
3700	-0.550405438180211	0.509231068596041
3701	-0.378911573341857	0.541298400571397
3702	0.860069221105435	0.347102145832573
3703	0.0782511233260432	0.293687036656463
3704	9.05461057364169	0.758959395914764
3705	-0.667633028420721	0.527624931641693
3706	6.49555919214203	0.25694306536295
3707	6.37854978133696	0.202949179436008
3708	1.83758599419501	0.427556539162628
3709	7.24258033035268	0.714771840996694
3710	3.71548639175473	0.50525582457961
3711	6.89111419736346	0.748324071262738
3712	1.01091020763872	0.590933913812111
3713	3.60354287504806	0.349375387296476
3714	-1.13234192349842	0.397515557117489
3715	4.04042233026464	0.215082450092712
3716	7.74974825111187	0.128050297947242
3717	1.03288850154374	0.580483378391669
3718	5.11043242136999	0.186082898364264
3719	1.09225002588568	0.407054263785341
3720	0.351957938008793	0.531880629231554
3721	7.69667328978609	0.758414895130102
3722	2.68677664636076	0.43881154775503
3723	-0.420341071145105	0.4315698892458
3724	3.47992365154558	0.23133216384808
3725	2.13723221294091	0.605765224003367
3726	1.50185514701769	0.411956168709539
3727	-0.14263730175095	0.448843300471059
3728	3.0038066445694	0.253295833426573
3729	1.28722956868309	0.266893540831683
3730	-0.318752239915457	0.503292155020468
3731	0.322131339588853	0.489870420507858
3732	5.2616944108093	0.169260577675928
3733	8.82900430089372	0.14251744762865
3734	-2.30272827027497	0.533615970093889
3735	7.22671133846696	0.717696268085937
3736	-2.72650320743043	0.504825252717077
3737	-0.46843181378382	0.480872200081857
3738	-1.03217188205283	0.458412458852682
3739	7.16723598287619	0.754071855292254
3740	-0.111691247546562	0.44657114016858
3741	-2.6259055099788	0.559372931718716
3742	2.72434890377882	0.507046426586418
3743	-0.875120443972189	0.273469568589195
3744	1.17835308185305	0.285897834515467
3745	-0.338855688886291	0.589334825830956
3746	-1.42065506517047	0.411103031577138
3747	7.97386728885544	0.23241701216803
3748	2.22575254380213	0.600533868799499
3749	3.04465045166932	0.187244369239169
3750	1.50293764620544	0.676432245637268
3751	1.37353910564799	0.515485812966348
3752	0.0804999982917752	0.478462698988887
3753	0.419282683854408	0.331374636194269
3754	-1.77964448430797	0.411464091358006
3755	-2.97491361983617	0.441933480393627
3756	1.51608146727065	0.236113559010999
3757	2.03166462183689	0.460732869245209
3758	5.25153152901144	0.168108619372076
3759	-0.990726377760774	0.29851464869615
3760	6.71007762971618	0.256615494594695
3761	2.51754568958693	0.303045203162098
3762	5.14228240478092	0.696107226789214
3763	2.22102915390564	0.407022689373153
3764	4.59494068903147	0.621971897037325
3765	3.97686449291997	0.686784654636886
3766	4.68391143616397	0.385697694837802
3767	6.33941544000246	0.160723202831972
3768	-1.87467214629883	0.335696278632906
3769	1.51311956696982	0.585738695641605
3770	1.36435275540902	0.337066701122725
3771	5.22823915846488	0.525641830567705
3772	4.38826261422772	0.661020032511014
3773	5.47986906477806	0.671013725345839
3774	0.270595138764477	0.37168013616291
3775	-0.153860075129734	0.364682349882888
3776	5.56012300122196	0.696333494081568
3777	2.32505263054526	0.534595090423515
3778	6.24277095251061	0.596914589009655
3779	2.45398224816271	0.509469465289963
3780	8.26490907575558	0.701251529004511
3781	-0.930945882161437	0.308802741337016
3782	5.39932265096741	0.242807584366498
3783	5.81624554422744	0.690540656810881
3784	-2.93409858024638	0.443800248648287
3785	6.16025155235434	0.684490899297088
3786	3.16011254647495	0.241476676752238
3787	5.32739330739337	0.607879043941561
3788	0.282227101930624	0.586236506447655
3789	6.22767820949219	0.727427518357021
3790	-1.77049189360083	0.472335945087209
3791	1.25986883578969	0.578021716733251
3792	1.24833832538136	0.370099536941832
3793	4.27138506427479	0.184594443487352
3794	8.23388103279801	0.71685056757469
3795	-0.724592211437589	0.302041795988117
3796	-1.80064293010617	0.499982520612376
3797	8.34779430816257	0.190704791626643
3798	2.14232647054823	0.66095078374689
3799	2.01688935116643	0.324410186124712
3800	2.11802353590613	0.623818013459293
3801	0.72659511272592	0.306687348963534
3802	0.955969342031826	0.378151994193944
3803	-1.48018317295949	0.512701805115247
3804	9.18937119752268	0.737491299698179
3805	3.86278767333421	0.26390401971301
3806	4.07277951095575	0.730910182255081
3807	8.09335750718966	0.761935605287485
3808	2.40746289272958	0.571651328980283
3809	1.75169841125618	0.5504135779153
3810	6.30234904471344	0.170131365066231
3811	6.13579655870498	0.266781397100833
3812	4.54584570886809	0.247062505990463
3813	0.0167104651076917	0.589230094024505
3814	-3.94584964160729	0.386182117398415
3815	4.87117994637236	0.644743735009411
3816	-0.0896766524990942	0.462325678864345
3817	1.67250081881448	0.609738495770789
3818	10.5986502421001	0.793594628435516
3819	2.16053848443678	0.3834549585979
3820	3.95893327242985	0.649840595286524
3821	8.64082570944673	0.755252646863741
3822	4.54730201138831	0.270915797722912
3823	0.977307494202632	0.565535455384199
3824	1.06882011005263	0.212875879269864
3825	3.19035531022509	0.307834913568912
3826	0.354662517959042	0.387529679838797
3827	8.21281182966493	0.137691363017092
3828	-2.44353143268069	0.385032035426391
3829	3.96386746052535	0.711673228581675
3830	1.75346706331009	0.356853141974056
3831	2.72891950447322	0.451856112046406
3832	0.15130527464686	0.530607281743689
3833	0.776844952845669	0.45953859737362
3834	3.43692809074676	0.253538213972545
3835	1.10411931682987	0.683307610667917
3836	0.19172838097893	0.576791855814489
3837	2.32819553563234	0.661098113315236
3838	5.41486842392824	0.201070836180656
3839	4.00172788958346	0.613822282652957
3840	1.80975166297802	0.404394760514247
3841	3.37918766093409	0.678999548891318
3842	0.271837861555728	0.562442958325886
3843	4.27576087797144	0.653518917273843
3844	1.21458901003792	0.499418351299728
3845	-1.34571426500243	0.483789047315258
3846	1.5991827235065	0.6578245960578
3847	8.90883706034136	0.144354769789175
3848	1.55573076680744	0.448605102668715
3849	1.71821580999688	0.619588771041531
3850	3.09945175602001	0.593056666433554
3851	0.814243488014961	0.448866224444459
3852	3.47294951502317	0.705988131042249
3853	0.820190235673438	0.422374115064809
3854	0.0858972810183634	0.29280441900633
3855	9.50144070357534	0.176092230991752
3856	9.73618464349955	0.195388354954587
3857	0.480776128002462	0.340714032695192
3858	-2.07576876510189	0.476358512308841
3859	2.08428246714859	0.572460576519823
3860	0.0423928969344883	0.401415765946383
3861	10.9400305590002	0.740620369895641
3862	1.45510443302963	0.325519351984068
3863	1.43980085650073	0.436429469342641
3864	1.06729994622673	0.351521325863981
3865	-0.667118095738368	0.564997000646996
3866	2.48559622194781	0.301665508397406
3867	-3.59334622840611	0.449486675572199
3868	5.4842791619212	0.642377058742674
3869	6.52912929207117	0.18518682993949
3870	9.41640296883018	0.715447366100696
3871	1.8833297538254	0.355997794318955
3872	2.72801818624204	0.691396193118888
3873	2.06766699685338	0.361099179145133
3874	-0.873487412559177	0.35244651772401
3875	-2.48713331053373	0.44801602592003
3876	6.12039571806073	0.726760094677576
3877	3.89217324849871	0.708086179161044
3878	0.437893522890534	0.390127411034632
3879	2.91732636838642	0.649757127336775
3880	6.45903992462169	0.772622083897499
3881	-0.983639680156443	0.420069862155719
3882	1.35549236184546	0.606317377175806
3883	2.71621453822414	0.396833687952029
3884	-1.94906625013054	0.3468006932892
3885	3.56726923576964	0.636194492410024
3886	3.84800896785591	0.26458124424754
3887	3.73079781533223	0.605383337544551
3888	4.54384424690582	0.210286376726006
3889	3.07197709478683	0.293267758051117
3890	5.11454114811392	0.224773299258456
3891	1.35550223140033	0.289340379232005
3892	9.41913541980507	0.168219728961988
3893	3.04965937796903	0.559244309862291
3894	6.49725403412085	0.716082735864209
3895	5.97422921167153	0.650825577959837
3896	4.29910421735747	0.663155253679802
3897	-2.48117093495082	0.433888163211231
3898	-0.855475425622786	0.403596865471122
3899	1.02982585245596	0.672245528937177
3900	-0.550405438180211	0.534205116199785
3901	-0.378911573341857	0.567579991904194
3902	0.860069221105435	0.365465395368663
3903	0.0782511233260432	0.309872288001323
3904	9.05461057364169	0.79411610257488
3905	-0.667633028420721	0.553348988017507
3906	6.49555919214203	0.271630083263185
3907	6.37854978133696	0.215434599554262
3908	1.83758599419501	0.449200312240693
3909	7.24258033035268	0.748126802491988
3910	3.71548639175473	0.530067781823322
3911	6.89111419736346	0.783047123134676
3912	1.01091020763872	0.619239390516043
3913	3.60354287504806	0.367831328130459
3914	-1.13234192349842	0.417934410775444
3915	4.04042233026464	0.228062603666568
3916	7.74974825111187	0.137481720218747
3917	1.03288850154374	0.608362735078358
3918	5.11043242136999	0.197880596782916
3919	1.09225002588568	0.427862057692408
3920	0.351957938008793	0.557778211446707
3921	7.69667328978609	0.793549399800137
3922	2.68677664636076	0.460914243200467
3923	-0.420341071145105	0.45337730645671
3924	3.47992365154558	0.24497489862252
3925	2.13723221294091	0.634675446579176
3926	1.50185514701769	0.432963837525095
3927	-0.14263730175095	0.471355040091588
3928	3.0038066445694	0.267834135641622
3929	1.28722956868309	0.281986288831642
3930	-0.318752239915457	0.528024043743982
3931	0.322131339588853	0.514055038731647
3932	5.2616944108093	0.180372346877237
3933	8.82900430089372	0.152538767146915
3934	-2.30272827027497	0.559584310738963
3935	7.22671133846696	0.751170472937821
3936	-2.72650320743043	0.529619653416354
3937	-0.46843181378382	0.50468991635385
3938	-1.03217188205283	0.481314380389306
3939	7.16723598287619	0.789029272747507
3940	-0.111691247546562	0.468990232575515
3941	-2.6259055099788	0.58639151108268
3942	2.72434890377882	0.531931395530232
3943	-0.875120443972189	0.288830453765737
3944	1.17835308185305	0.301765481563791
3945	-0.338855688886291	0.617575099808837
3946	-1.42065506517047	0.432075913772205
3947	7.97386728885544	0.246103981574113
3948	2.22575254380213	0.629230783149462
3949	3.04465045166932	0.199089426570004
3950	1.50293764620544	0.708223912202845
3951	1.37353910564799	0.540714897433917
3952	0.0804999982917752	0.502182167983973
3953	0.419282683854408	0.34909659737444
3954	-1.77964448430797	0.432451695746135
3955	-2.97491361983617	0.464163472473759
3956	1.51608146727065	0.24995125491492
3957	2.03166462183689	0.483729405390243
3958	5.25153152901144	0.179173417535772
3959	-0.990726377760774	0.314896745661145
3960	6.71007762971618	0.27128915581455
3961	2.51754568958693	0.319612033240707
3962	5.14228240478092	0.728701139648441
3963	2.22102915390564	0.427829195835269
3964	4.59494068903147	0.651542945830628
3965	3.97686449291997	0.718998440120197
3966	4.68391143616397	0.405634675799691
3967	6.33941544000246	0.171486861035197
3968	-1.87467214629883	0.353594454550062
3969	1.51311956696982	0.613832337605275
3970	1.36435275540902	0.355020755942875
3971	5.22823915846488	0.551285026104353
3972	4.38826261422772	0.692183266918919
3973	5.47986906477806	0.702584452039235
3974	0.270595138764477	0.391045551927043
3975	-0.153860075129734	0.383762431289466
3976	5.56012300122196	0.728936632977417
3977	2.32505263054526	0.560603354647138
3978	6.24277095251061	0.625463927421697
3979	2.45398224816271	0.534453233506024
3980	8.26490907575558	0.734055200508677
3981	-0.930945882161437	0.325604334723691
3982	5.39932265096741	0.256918228792686
3983	5.81624554422744	0.722907593079941
3984	-2.93409858024638	0.466106358103162
3985	6.16025155235434	0.716611157030325
3986	3.16011254647495	0.255533053492349
3987	5.32739330739337	0.636875457411164
3988	0.282227101930624	0.61435044662005
3989	6.22767820949219	0.761298514413037
3990	-1.77049189360083	0.495805596022915
3991	1.25986883578969	0.605800699298795
3992	1.24833832538136	0.389400503858108
3993	4.27138506427479	0.196331450238803
3994	8.23388103279801	0.750290289033913
3995	-0.724592211437589	0.31856771219341
3996	-1.80064293010617	0.524579459171683
3997	8.34779430816257	0.202690947493399
3998	2.14232647054823	0.692111194540178
3999	2.01688935116643	0.341848172229509
4000	2.11802353590613	0.653464337549976
4001	0.72659511272592	0.322714462411204
4002	0.955969342031826	0.396890952359299
4003	-1.48018317295949	0.536546479440476
4004	9.18937119752268	0.769865984933144
4005	3.86278767333421	0.278307648638242
4006	4.07277951095575	0.763035136052677
4007	8.09335750718966	0.795237870317691
4008	2.40746289272958	0.597732940946327
4009	1.75169841125618	0.575689288125933
4010	6.30234904471344	0.180976634786751
4011	6.13579655870498	0.28129421289245
4012	4.54584570886809	0.26082705569157
4013	0.0167104651076917	0.615978761441183
4014	-3.94584964160729	0.405225791932602
4015	4.87117994637236	0.673598959781535
4016	-0.0896766524990942	0.484258747367834
4017	1.67250081881448	0.637265388571005
4018	10.5986502421001	0.82809824770759
4019	2.16053848443678	0.40239514655962
4020	3.95893327242985	0.678889228891431
4021	8.64082570944673	0.788301315931336
4022	4.54730201138831	0.285585500216361
4023	0.977307494202632	0.591384990363755
4024	1.06882011005263	0.225343160611367
4025	3.19035531022509	0.323905573262468
4026	0.354662517959042	0.406624489869058
4027	8.21281182966493	0.147305642953572
4028	-2.44353143268069	0.404032068189031
4029	3.96386746052535	0.743068204205652
4030	1.75346706331009	0.374783879799143
4031	2.72891950447322	0.473391895439473
4032	0.15130527464686	0.555131409133519
4033	0.776844952845669	0.481365905438587
4034	3.43692809074676	0.267548495173862
4035	1.10411931682987	0.713626205784367
4036	0.19172838097893	0.603068533613387
4037	2.32819553563234	0.690573932148614
4038	5.41486842392824	0.213090155545432
4039	4.00172788958346	0.641504141532538
4040	1.80975166297802	0.424129544055824
4041	3.37918766093409	0.709154667444852
4042	0.271837861555728	0.588175143365692
4043	4.27576087797144	0.682707130918909
4044	1.21458901003792	0.52275896289651
4045	-1.34571426500243	0.506536579000782
4046	1.5991827235065	0.687176195839168
4047	8.90883706034136	0.154221903768355
4048	1.55573076680744	0.470017521108669
4049	1.71821580999688	0.647489448905322
4050	3.09945175602001	0.619950539498996
4051	0.814243488014961	0.470288551584106
4052	3.47294951502317	0.737167376193037
4053	0.820190235673438	0.442791155091508
4054	0.0858972810183634	0.308304721607195
4055	9.50144070357534	0.187163695675121
4056	9.73618464349955	0.207192043126532
4057	0.480776128002462	0.35803234519997
4058	-2.07576876510189	0.498824079996058
4059	2.08428246714859	0.5985728967285
4060	0.0423928969344883	0.421037506588821
4061	10.9400305590002	0.773113792898896
4062	1.45510443302963	0.342261077079918
4063	1.43980085650073	0.457379863143512
4064	1.06729994622673	0.369249739066772
4065	-0.667118095738368	0.590826103066786
4066	2.48559622194781	0.317502059759888
4067	-3.59334622840611	0.470932546760905
4068	5.4842791619212	0.671142476051097
4069	6.52912929207117	0.196603404292632
4070	9.41640296883018	0.746985557644402
4071	1.8833297538254	0.373896074555918
4072	2.72801818624204	0.722021722937421
4073	2.06766699685338	0.379191039906413
4074	-0.873487412559177	0.370210038869342
4075	-2.48713331053373	0.469406090863873
4076	6.12039571806073	0.758727566505748
4077	3.89217324849871	0.739345038234073
4078	0.437893522890534	0.409320796291829
4079	2.91732636838642	0.678802593611628
4080	6.45903992462169	0.806329865116527
4081	-0.983639680156443	0.440399463476753
4082	1.35549236184546	0.633714449945986
4083	2.71621453822414	0.416281554030828
4084	-1.94906625013054	0.364349974244559
4085	3.56726923576964	0.664725301965244
4086	3.84800896785591	0.279010571583095
4087	3.73079781533223	0.632744966628808
4088	4.54384424690582	0.222655395090447
4089	3.07197709478683	0.308785642821978
4090	5.11454114811392	0.237692047971637
4091	1.35550223140033	0.30470923308736
4092	9.41913541980507	0.178992458473923
4093	3.04965937796903	0.584855116870879
4094	6.49725403412085	0.7476450375694
4095	5.97422921167153	0.679911588369051
4096	4.29910421735747	0.692709134122711
4097	-2.48117093495082	0.454742122928
4098	-0.855475425622786	0.423301371559408
4099	1.02982585245596	0.702144354980243
4100	-0.550405438180211	0.558865769396655
4101	-0.378911573341857	0.593507110219453
4102	0.860069221105435	0.383722939459985
4103	0.0782511233260432	0.326020259253267
4104	9.05461057364169	0.828639510049717
4105	-0.667633028420721	0.578736087242305
4106	6.49555919214203	0.286326890508404
4107	6.37854978133696	0.227998975788839
4108	1.83758599419501	0.470635316896929
4109	7.24258033035268	0.78090506955372
4110	3.71548639175473	0.554571436992175
4111	6.89111419736346	0.817150499791081
4112	1.01091020763872	0.64712681055522
4113	3.60354287504806	0.386178651471951
4114	-1.13234192349842	0.438182978845326
4115	4.04042233026464	0.241106170501427
4116	7.74974825111187	0.147088044910875
4117	1.03288850154374	0.635837422352968
4118	5.11043242136999	0.209778857212451
4119	1.09225002588568	0.448487346821549
4120	0.351957938008793	0.583333384914667
4121	7.69667328978609	0.828051302796484
4122	2.68677664636076	0.482793752432276
4123	-0.420341071145105	0.474970814099478
4124	3.47992365154558	0.258660230593025
4125	2.13723221294091	0.663148613416112
4126	1.50185514701769	0.45378272216773
4127	-0.14263730175095	0.493630742711139
4128	3.0038066445694	0.282386899346529
4129	1.28722956868309	0.297076079506297
4130	-0.318752239915457	0.552450145875288
4131	0.322131339588853	0.537951063755149
4132	5.2616944108093	0.191606227670246
4133	8.82900430089372	0.162716456505368
4134	-2.30272827027497	0.585208019645803
4135	7.22671133846696	0.784064237132356
4136	-2.72650320743043	0.554106303608139
4137	-0.46843181378382	0.528230566246491
4138	-1.03217188205283	0.503968006726115
4139	7.16723598287619	0.823359652011645
4140	-0.111691247546562	0.491176198644215
4141	-2.6259055099788	0.613032463752693
4142	2.72434890377882	0.556505768618002
4143	-0.875120443972189	0.30417995765192
4144	1.17835308185305	0.3176058265742
4145	-0.338855688886291	0.645399365571539
4146	-1.42065506517047	0.452861104672554
4147	7.97386728885544	0.25983215847344
4148	2.22575254380213	0.657497343185038
4149	3.04465045166932	0.211033558054549
4150	1.50293764620544	0.73948799778502
4151	1.37353910564799	0.565622575097166
4152	0.0804999982917752	0.525627657197536
4153	0.419282683854408	0.366733000225469
4154	-1.77964448430797	0.45325114631793
4155	-2.97491361983617	0.486166279109661
4156	1.51608146727065	0.263825422994265
4157	2.03166462183689	0.506474673863814
4158	5.25153152901144	0.190361802962632
4159	-0.990726377760774	0.331235378308246
4160	6.71007762971618	0.285973026001203
4161	2.51754568958693	0.336129595310514
4162	5.14228240478092	0.760742267653511
4163	2.22102915390564	0.448453237966634
4164	4.59494068903147	0.680656177955765
4165	3.97686449291997	0.750671383068472
4166	4.68391143616397	0.42541650998717
4167	6.33941544000246	0.182383567302717
4168	-1.87467214629883	0.371401536065811
4169	1.51311956696982	0.64151457803673
4170	1.36435275540902	0.372881960835091
4171	5.22823915846488	0.576593804864624
4172	4.38826261422772	0.722838663560692
4173	5.47986906477806	0.733634538934283
4174	0.270595138764477	0.410273777566097
4175	-0.153860075129734	0.402714286813401
4176	5.56012300122196	0.76098669716818
4177	2.32505263054526	0.586265732868442
4178	6.24277095251061	0.653587547857213
4179	2.45398224816271	0.559123301926381
4180	8.26490907575558	0.766299497250053
4181	-0.930945882161437	0.342349284630813
4182	5.39932265096741	0.271056770273
4183	5.81624554422744	0.754728875333202
4184	-2.93409858024638	0.488182890762809
4185	6.16025155235434	0.748193510554753
4186	3.16011254647495	0.269619032194115
4187	5.32739330739337	0.665432107314927
4188	0.282227101930624	0.642052347559025
4189	6.22767820949219	0.794576603971345
4190	-1.77049189360083	0.519009115617322
4191	1.25986883578969	0.633178165868356
4192	1.24833832538136	0.408566305414573
4193	4.27138506427479	0.20817092572847
4194	8.23388103279801	0.783150653187592
4195	-0.724592211437589	0.335045645765706
4196	-1.80064293010617	0.548874850817449
4197	8.34779430816257	0.214771744674112
4198	2.14232647054823	0.722763856275776
4199	2.01688935116643	0.359209521543541
4200	2.11802353590613	0.682650480076724
4201	0.72659511272592	0.338705254318
4202	0.955969342031826	0.415508072594986
4203	-1.48018317295949	0.560108310154052
4204	9.18937119752268	0.801688837803294
4205	3.86278767333421	0.292726151628573
4206	4.07277951095575	0.794616132615826
4207	8.09335750718966	0.827959052313275
4208	2.40746289272958	0.623461168820376
4209	1.75169841125618	0.600637027870724
4210	6.30234904471344	0.191948989285334
4211	6.13579655870498	0.295818459607138
4212	4.54584570886809	0.274626632435946
4213	0.0167104651076917	0.642353009574253
4214	-3.94584964160729	0.424138019490075
4215	4.87117994637236	0.702013336253427
4216	-0.0896766524990942	0.505969253597171
4217	1.67250081881448	0.664393321219164
4218	10.5986502421001	0.861982899963056
4219	2.16053848443678	0.421207150931319
4220	3.95893327242985	0.707490915165129
4221	8.64082570944673	0.820776898960151
4222	4.54730201138831	0.300261686305292
4223	0.977307494202632	0.616888459659215
4224	1.06882011005263	0.237886377572021
4225	3.19035531022509	0.33993853821053
4226	0.354662517959042	0.425586240395557
4227	8.21281182966493	0.15708582618906
4228	-2.44353143268069	0.422902030191923
4229	3.96386746052535	0.773942242016943
4230	1.75346706331009	0.392618266435893
4231	2.72891950447322	0.494717644704909
4232	0.15130527464686	0.579351266768798
4233	0.776844952845669	0.502973986321092
4234	3.43692809074676	0.281586054423688
4235	1.10411931682987	0.743457806098724
4236	0.19172838097893	0.628985676036813
4237	2.32819553563234	0.71958933262206
4238	5.41486842392824	0.225199536740316
4239	4.00172788958346	0.668782153498145
4240	1.80975166297802	0.443711086914659
4241	3.37918766093409	0.738827946331178
4242	0.271837861555728	0.613564963281028
4243	4.27576087797144	0.711443995660322
4244	1.21458901003792	0.545832626195994
4245	-1.34571426500243	0.52903586480657
4246	1.5991827235065	0.716071294433543
4247	8.90883706034136	0.164246967446698
4248	1.55573076680744	0.491223795660439
4249	1.71821580999688	0.674979379530347
4250	3.09945175602001	0.646465414308208
4251	0.814243488014961	0.491504422370696
4252	3.47294951502317	0.767832486461595
4253	0.820190235673438	0.463033439888389
4254	0.0858972810183634	0.323785315329742
4255	9.50144070357534	0.198355112214724
4256	9.73618464349955	0.219092592928295
4257	0.480776128002462	0.375273618979789
4258	-2.07576876510189	0.521050293368292
4259	2.08428246714859	0.624330864479258
4260	0.0423928969344883	0.440509571288211
4261	10.9400305590002	0.805051639213374
4262	1.45510443302963	0.358943945787251
4263	1.43980085650073	0.478138682724739
4264	1.06729994622673	0.386888181266253
4265	-0.667118095738368	0.616309784130938
4266	2.48559622194781	0.333308298842004
4267	-3.59334622840611	0.492171219149157
4268	5.4842791619212	0.699469877083531
4269	6.52912929207117	0.208129047676562
4270	9.41640296883018	0.777998295147707
4271	1.8833297538254	0.391699027135025
4272	2.72801818624204	0.752150578953013
4273	2.06766699685338	0.397181468564668
4274	-0.873487412559177	0.387882481903555
4275	-2.48713331053373	0.49059071682356
4276	6.12039571806073	0.790156047198468
4277	3.89217324849871	0.770087251847818
4278	0.437893522890534	0.42837801353489
4279	2.91732636838642	0.707401212435116
4280	6.45903992462169	0.839443775592313
4281	-0.983639680156443	0.460557066894855
4282	1.35549236184546	0.660716656360515
4283	2.71621453822414	0.435585227196153
4284	-1.94906625013054	0.381814933024071
4285	3.56726923576964	0.692825493458579
4286	3.84800896785591	0.293453962599867
4287	3.73079781533223	0.659712847052688
4288	4.54384424690582	0.2351034477378
4289	3.07197709478683	0.324283264271386
4290	5.11454114811392	0.250672495552495
4291	1.35550223140033	0.320062523221364
4292	9.41913541980507	0.189894560275681
4293	3.04965937796903	0.610127386338059
4294	6.49725403412085	0.778681124934779
4295	5.97422921167153	0.708549472792057
4296	4.29910421735747	0.721800134579877
4297	-2.48117093495082	0.475407549415848
4298	-0.855475425622786	0.442853591746193
4299	1.02982585245596	0.731569423385957
4300	-0.550405438180211	0.58321784757993
4301	-0.378911573341857	0.619085716306884
4302	0.860069221105435	0.401873826724323
4303	0.0782511233260432	0.342128097786318
4304	9.05461057364169	0.862543326498899
4305	-0.667633028420721	0.603791703415833
4306	6.49555919214203	0.301029326617094
4307	6.37854978133696	0.240636225813632
4308	1.83758599419501	0.491863465422263
4309	7.24258033035268	0.813118777540961
4310	3.71548639175473	0.578771467985627
4311	6.89111419736346	0.850647530840546
4312	1.01091020763872	0.674603901433141
4313	3.60354287504806	0.404416486851914
4314	-1.13234192349842	0.458262104347013
4315	4.04042233026464	0.25420750013972
4316	7.74974825111187	0.156860523765849
4317	1.03288850154374	0.662914795745307
4318	5.11043242136999	0.221770996992658
4319	1.09225002588568	0.468931313710935
4320	0.351957938008793	0.608551775211394
4321	7.69667328978609	0.861934292897944
4322	2.68677664636076	0.504452388349287
4323	-0.420341071145105	0.496352467315191
4324	3.47992365154558	0.272383087690192
4325	2.13723221294091	0.691192979919543
4326	1.50185514701769	0.474414179652769
4327	-0.14263730175095	0.515673078296187
4328	3.0038066445694	0.296949834241137
4329	1.28722956868309	0.312159106548819
4330	-0.318752239915457	0.576575069419493
4331	0.322131339588853	0.561562625853676
4332	5.2616944108093	0.202954938625356
4333	8.82900430089372	0.173042282386265
4334	-2.30272827027497	0.610492784157651
4335	7.22671133846696	0.816389800119925
4336	-2.72650320743043	0.578289865866227
4337	-0.46843181378382	0.551497959754731
4338	-1.03217188205283	0.526376348431765
4339	7.16723598287619	0.857076527278417
4340	-0.111691247546562	0.51313162746646
4341	-2.6259055099788	0.639302393858716
4342	2.72434890377882	0.580774287483419
4343	-0.875120443972189	0.319514508006368
4344	1.17835308185305	0.333415739673842
4345	-0.338855688886291	0.672815293705033
4346	-1.42065506517047	0.473459930927163
4347	7.97386728885544	0.273596509410419
4348	2.22575254380213	0.685341618108071
4349	3.04465045166932	0.223070122373693
4350	1.50293764620544	0.770235273093094
4351	1.37353910564799	0.590213887979151
4352	0.0804999982917752	0.548802890861363
4353	0.419282683854408	0.384282333564178
4354	-1.77964448430797	0.473863782573839
4355	-2.97491361983617	0.507944324321435
4356	1.51608146727065	0.277731161367387
4357	2.03166462183689	0.528971767826674
4358	5.25153152901144	0.201666453220544
4359	-0.990726377760774	0.347527865844266
4360	6.71007762971618	0.300662933013672
4361	2.51754568958693	0.352595369837733
4362	5.14228240478092	0.792242081819982
4363	2.22102915390564	0.468895997181566
4364	4.59494068903147	0.70932042567429
4365	3.97686449291997	0.781814622672017
4366	4.68391143616397	0.445043619778145
4367	6.33941544000246	0.193405736327791
4368	-1.87467214629883	0.389116165820412
4369	1.51311956696982	0.668792959522202
4370	1.36435275540902	0.390649007218103
4371	5.22823915846488	0.601573570362272
4372	4.38826261422772	0.752996444567254
4373	5.47986906477806	0.764174563874855
4374	0.270595138764477	0.429364736520572
4375	-0.153860075129734	0.421537590817774
4376	5.56012300122196	0.792495165723114
4377	2.32505263054526	0.611587947281227
4378	6.24277095251061	0.681293390694328
4379	2.45398224816271	0.583484498429745
4380	8.26490907575558	0.797996073349176
4381	-0.930945882161437	0.359035276456939
4382	5.39932265096741	0.285218545191225
4383	5.81624554422744	0.78601577645115
4384	-2.93409858024638	0.510032337092602
4385	6.16025155235434	0.779249017417334
4386	3.16011254647495	0.283729901869334
4387	5.32739330739337	0.693557324296988
4388	0.282227101930624	0.66934976956976
4389	6.22767820949219	0.827274372853965
4390	-1.77049189360083	0.541950010028101
4391	1.25986883578969	0.660161384351987
4392	1.24833832538136	0.427596808792281
4393	4.27138506427479	0.220106134316459
4394	8.23388103279801	0.815443869384465
4395	-0.724592211437589	0.351473041456199
4396	-1.80064293010617	0.572873185752499
4397	8.34779430816257	0.22694066501906
4398	2.14232647054823	0.75291898861978
4399	2.01688935116643	0.376492474992773
4400	2.11802353590613	0.711385339011287
4401	0.72659511272592	0.35465687851196
4402	0.955969342031826	0.434002887494186
4403	-1.48018317295949	0.583391308460917
4404	9.18937119752268	0.832971351834553
4405	3.86278767333421	0.307155258430355
4406	4.07277951095575	0.825664446412026
4407	8.09335750718966	0.860111458450909
4408	2.40746289272958	0.648841985995417
4409	1.75169841125618	0.625262063624973
4410	6.30234904471344	0.203041037000982
4411	6.13579655870498	0.310349962767351
4412	4.54584570886809	0.288456405384978
4413	0.0167104651076917	0.668359396941742
4414	-3.94584964160729	0.442918599953908
4415	4.87117994637236	0.729995270764706
4416	-0.0896766524990942	0.527459531942519
4417	1.67250081881448	0.691129534873936
4418	10.5986502421001	0.895261946177716
4419	2.16053848443678	0.439890680820133
4420	3.95893327242985	0.735654230100824
4421	8.64082570944673	0.852691480678564
4422	4.54730201138831	0.314940319129409
4423	0.977307494202632	0.642051633091202
4424	1.06882011005263	0.250499561380519
4425	3.19035531022509	0.355931000438858
4426	0.354662517959042	0.444414776156195
4427	8.21281182966493	0.167023441367846
4428	-2.44353143268069	0.441641683036622
4429	3.96386746052535	0.804305976163701
4430	1.75346706331009	0.41035512552599
4431	2.72891950447322	0.515835345743905
4432	0.15130527464686	0.603271461854399
4433	0.776844952845669	0.524365081640775
4434	3.43692809074676	0.295646276433186
4435	1.10411931682987	0.772812101583972
4436	0.19172838097893	0.654549427584824
4437	2.32819553563234	0.748153265445418
4438	5.41486842392824	0.237392618052502
4439	4.00172788958346	0.695663695640975
4440	1.80975166297802	0.463139795198069
4441	3.37918766093409	0.768028932125564
4442	0.271837861555728	0.638618084955963
4443	4.27576087797144	0.739738209927553
4444	1.21458901003792	0.568642910251382
4445	-1.34571426500243	0.551289953550353
4446	1.5991827235065	0.744518733588798
4447	8.90883706034136	0.174421711265994
4448	1.55573076680744	0.512225804012439
4449	1.71821580999688	0.702066131950573
4450	3.09945175602001	0.672607976750131
4451	0.814243488014961	0.512515723184315
4452	3.47294951502317	0.797993906762479
4453	0.820190235673438	0.483101974021795
4454	0.0858972810183634	0.339242891896168
4455	9.50144070357534	0.209659287462359
4456	9.73618464349955	0.231083453500557
4457	0.480776128002462	0.392436140471532
4458	-2.07576876510189	0.543039953911216
4459	2.08428246714859	0.649740480101617
4460	0.0423928969344883	0.459832266993352
4461	10.9400305590002	0.836445506518921
4462	1.45510443302963	0.375565738774304
4463	1.43980085650073	0.498707400497804
4464	1.06729994622673	0.404435298629801
4465	-0.667118095738368	0.641453795737124
4466	2.48559622194781	0.349081212315302
4467	-3.59334622840611	0.513204599769317
4468	5.4842791619212	0.727367589402641
4469	6.52912929207117	0.219756869665004
4470	9.41640296883018	0.808496338384334
4471	1.8833297538254	0.40940544722694
4472	2.72801818624204	0.78179272037441
4473	2.06766699685338	0.415069430094758
4474	-0.873487412559177	0.405462523789871
4475	-2.48713331053373	0.511571761879553
4476	6.12039571806073	0.821056673083828
4477	3.89217324849871	0.800323334752253
4478	0.437893522890534	0.447298993969543
4479	2.91732636838642	0.735561557022141
4480	6.45903992462169	0.871976478210606
4481	-0.983639680156443	0.480543600277232
4482	1.35549236184546	0.687331123703048
4483	2.71621453822414	0.454744861878206
4484	-1.94906625013054	0.399194058664603
4485	3.56726923576964	0.7205031886604
4486	3.84800896785591	0.307907169586236
4487	3.73079781533223	0.686294075009497
4488	4.54384424690582	0.247624479702831
4489	3.07197709478683	0.339757329544196
4490	5.11454114811392	0.263709069246073
4491	1.35550223140033	0.335396826052529
4492	9.41913541980507	0.200918579175732
4493	3.04965937796903	0.635066678678003
4494	6.49725403412085	0.809201778882922
4495	5.97422921167153	0.736747840008101
4496	4.29910421735747	0.750437274234915
4497	-2.48117093495082	0.495885830496591
4498	-0.855475425622786	0.462253905580139
4499	1.02982585245596	0.760530055915942
4500	-0.550405438180211	0.607266077711647
4501	-0.378911573341857	0.64432164804135
4502	0.860069221105435	0.419917167469982
4503	0.0782511233260432	0.358193063442081
4504	9.05461057364169	0.895840930255963
4505	-0.667633028420721	0.628521200721159
4506	6.49555919214203	0.315733378504596
4507	6.37854978133696	0.253340466026645
4508	1.83758599419501	0.512886655317195
4509	7.24258033035268	0.844779773991934
4510	3.71548639175473	0.602672464050809
4511	6.89111419736346	0.883551226175648
4512	1.01091020763872	0.701678220554326
4513	3.60354287504806	0.422544023330856
4514	-1.13234192349842	0.478172644067289
4515	4.04042233026464	0.267361129313955
4516	7.74974825111187	0.166790678449806
4517	1.03288850154374	0.689602050620611
4518	5.11043242136999	0.233850548220734
4519	1.09225002588568	0.489195145598026
4520	0.351957938008793	0.633438893950651
4521	7.69667328978609	0.895211729574843
4522	2.68677664636076	0.525892438360752
4523	-0.420341071145105	0.517524302639367
4524	3.47992365154558	0.286138569587512
4525	2.13723221294091	0.718816617297032
4526	1.50185514701769	0.494859567035012
4527	-0.14263730175095	0.537484681787323
4528	3.0038066445694	0.311518800889252
4529	1.28722956868309	0.327231701590189
4530	-0.318752239915457	0.600403335596064
4531	0.322131339588853	0.584893781275771
4532	5.2616944108093	0.214411429061882
4533	8.82900430089372	0.183508267643125
4534	-2.30272827027497	0.635444176005912
4535	7.22671133846696	0.848159110750066
4536	-2.72650320743043	0.602174914521391
4537	-0.46843181378382	0.574495841400571
4538	-1.03217188205283	0.548542371952467
4539	7.16723598287619	0.890193107561644
4540	-0.111691247546562	0.534859075268091
4541	-2.6259055099788	0.665207765433985
4542	2.72434890377882	0.604741603405677
4543	-0.875120443972189	0.334830664274264
4544	1.17835308185305	0.349192210861961
4545	-0.338855688886291	0.69983038621642
4546	-1.42065506517047	0.49387372003549
4547	7.97386728885544	0.287392171641087
4548	2.22575254380213	0.712771497895594
4549	3.04465045166932	0.235192691861622
4550	1.50293764620544	0.800476257461611
4551	1.37353910564799	0.614493779725844
4552	0.0804999982917752	0.571711530024786
4553	0.419282683854408	0.40174316284867
4554	-1.77964448430797	0.494290944521564
4555	-2.97491361983617	0.529500003671861
4556	1.51608146727065	0.291663735350283
4557	2.03166462183689	0.551223734111319
4558	5.25153152901144	0.213080277721381
4559	-0.990726377760774	0.363771635354412
4560	6.71007762971618	0.315354852419221
4561	2.51754568958693	0.369006940860169
4562	5.14228240478092	0.823211783085377
4563	2.22102915390564	0.489158659623691
4564	4.59494068903147	0.737544321643682
4565	3.97686449291997	0.812439036905252
4566	4.68391143616397	0.46451645255163
4567	6.33941544000246	0.204546021668326
4568	-1.87467214629883	0.406737058987201
4569	1.51311956696982	0.695674859487578
4570	1.36435275540902	0.408320657740972
4571	5.22823915846488	0.626229618079532
4572	4.38826261422772	0.782666595345811
4573	5.47986906477806	0.794214858480982
4574	0.270595138764477	0.448318390557342
4575	-0.153860075129734	0.440232062644224
4576	5.56012300122196	0.823473247418349
4577	2.32505263054526	0.636575603536694
4578	6.24277095251061	0.708589220526884
4579	2.45398224816271	0.607541558236961
4580	8.26490907575558	0.829156307958312
4581	-0.930945882161437	0.375660093699032
4582	5.39932265096741	0.299399050765364
4583	5.81624554422744	0.816779304527888
4584	-2.93409858024638	0.531657157326021
4585	6.16025155235434	0.809788476129621
4586	3.16011254647495	0.297861113629202
4587	5.32739330739337	0.72125925279425
4588	0.282227101930624	0.696250107323869
4589	6.22767820949219	0.859404107031428
4590	-1.77049189360083	0.564631728054642
4591	1.25986883578969	0.686757464835254
4592	1.24833832538136	0.446491921001199
4593	4.27138506427479	0.232130556535228
4594	8.23388103279801	0.847181857176353
4595	-0.724592211437589	0.367847448541527
4596	-1.80064293010617	0.596578870540196
4597	8.34779430816257	0.239191400742301
4598	2.14232647054823	0.782586574580403
4599	2.01688935116643	0.393695356764943
4600	2.11802353590613	0.739677610966399
4601	0.72659511272592	0.370566600807603
4602	0.955969342031826	0.452374978081607
4603	-1.48018317295949	0.606399414339664
4604	9.18937119752268	0.863724749416648
4605	3.86278767333421	0.321590848824503
4606	4.07277951095575	0.856191086625297
4607	8.09335750718966	0.891707103032252
4608	2.40746289272958	0.673881242213086
4609	1.75169841125618	0.649569557099785
4610	6.30234904471344	0.214245619801185
4611	6.13579655870498	0.324884695371194
4612	4.54584570886809	0.302311708712112
4613	0.0167104651076917	0.694004342777179
4614	-3.94584964160729	0.461567374497347
4615	4.87117994637236	0.757552981001081
4616	-0.0896766524990942	0.548731890368201
4617	1.67250081881448	0.717481113170953
4618	10.5986502421001	0.927948426297346
4619	2.16053848443678	0.458445489048684
4620	3.95893327242985	0.763387556505074
4621	8.64082570944673	0.884056858883227
4622	4.54730201138831	0.329617505627265
4623	0.977307494202632	0.666880162267955
4624	1.06882011005263	0.263176938680479
4625	3.19035531022509	0.371880262939143
4626	0.354662517959042	0.463109981980636
4627	8.21281182966493	0.177110279412254
4628	-2.44353143268069	0.460250830637652
4629	3.96386746052535	0.834169792618413
4630	1.75346706331009	0.427993348084144
4631	2.72891950447322	0.536746967342615
4632	0.15130527464686	0.626896514445145
4633	0.776844952845669	0.54554140907005
4634	3.43692809074676	0.309724705166602
4635	1.10411931682987	0.801698559263553
4636	0.19172838097893	0.679765804534553
4637	2.32819553563234	0.776274478130341
4638	5.41486842392824	0.249663243682566
4639	4.00172788958346	0.722155983897393
4640	1.80975166297802	0.482416100106674
4641	3.37918766093409	0.796766952284977
4642	0.271837861555728	0.663340059812404
4643	4.27576087797144	0.767598275692214
4644	1.21458901003792	0.591193324702778
4645	-1.34571426500243	0.573301848536217
4646	1.5991827235065	0.772527154765818
4647	8.90883706034136	0.184738142020166
4648	1.55573076680744	0.533025409629231
4649	1.71821580999688	0.728757108916872
4650	3.09945175602001	0.698384770026156
4651	0.814243488014961	0.533324325948981
4652	3.47294951502317	0.827661838890449
4653	0.820190235673438	0.502997771161967
4654	0.0858972810183634	0.354674267361523
4655	9.50144070357534	0.22106925639719
4656	9.73618464349955	0.243158284950932
4657	0.480776128002462	0.409518277837942
4658	-2.07576876510189	0.564795824204986
4659	2.08428246714859	0.674807619554068
4660	0.0423928969344883	0.479005928395624
4661	10.9400305590002	0.867306718576441
4662	1.45510443302963	0.392124331948112
4663	1.43980085650073	0.519087485478373
4664	1.06729994622673	0.421889809439513
4665	-0.667118095738368	0.66626377204949
4666	2.48559622194781	0.364817903303835
4667	-3.59334622840611	0.534034580645895
4668	5.4842791619212	0.754843754021916
4669	6.52912929207117	0.231480199871037
4670	9.41640296883018	0.838490195595921
4671	1.8833297538254	0.427014198136035
4672	2.72801818624204	0.810957876267471
4673	2.06766699685338	0.432853953068482
4674	-0.873487412559177	0.42294891278344
4675	-2.48713331053373	0.532351070412344
4676	6.12039571806073	0.851440318897197
4677	3.89217324849871	0.830063556711729
4678	0.437893522890534	0.466083706583062
4679	2.91732636838642	0.763292007475182
4680	6.45903992462169	0.90394033347844
4681	-0.983639680156443	0.500360002644208
4682	1.35549236184546	0.713564824776669
4683	2.71621453822414	0.473760644324704
4684	-1.94906625013054	0.416485916515893
4685	3.56726923576964	0.747766328290182
4686	3.84800896785591	0.32236609426288
4687	3.73079781533223	0.712495593042624
4688	4.54384424690582	0.260212633738127
4689	3.07197709478683	0.35520466970606
4690	5.11454114811392	0.276796381131721
4691	1.35550223140033	0.350708845412859
4692	9.41913541980507	0.212057295111091
4693	3.04965937796903	0.659678441687343
4694	6.49725403412085	0.839217528239278
4695	5.97422921167153	0.76451510473381
4696	4.29910421735747	0.778629367243796
4697	-2.48117093495082	0.516178352856266
4698	-0.855475425622786	0.481502718412795
4699	1.02982585245596	0.789035361220009
4700	-0.550405438180211	0.631015096404165
4701	-0.378911573341857	0.669220623267082
4702	0.860069221105435	0.437852131719237
4703	0.0782511233260432	0.374212525216212
4704	9.05461057364169	0.928545378160665
4705	-0.667633028420721	0.652929835966643
4706	6.49555919214203	0.330435176249873
4707	6.37854978133696	0.266106005965285
4708	1.83758599419501	0.533706769329044
4709	7.24258033035268	0.875899625850296
4710	3.71548639175473	0.626278927764593
4711	6.89111419736346	0.91587428403905
4712	1.01091020763872	0.728357159350912
4713	3.60354287504806	0.440560507579187
4714	-1.13234192349842	0.497915467845154
4715	4.04042233026464	0.280561776665698
4716	7.74974825111187	0.176870293093362
4717	1.03288850154374	0.715906226044567
4718	5.11043242136999	0.246011251744409
4719	1.09225002588568	0.509280033943642
4720	0.351957938008793	0.658000141432494
4721	7.69667328978609	0.927896651307703
4722	2.68677664636076	0.547116164705306
4723	-0.420341071145105	0.538488338139657
4724	3.47992365154558	0.299921942827091
4725	2.13723221294091	0.74602741705616
4726	1.50185514701769	0.515120241055505
4727	-0.14263730175095	0.559068153669307
4728	3.0038066445694	0.326089806394108
4729	1.28722956868309	0.342290330215025
4730	-0.318752239915457	0.623939380771743
4731	0.322131339588853	0.60794851384017
4732	5.2616944108093	0.225968872620111
4733	8.82900430089372	0.194106684203407
4734	-2.30272827027497	0.660067654002084
4735	7.22671133846696	0.879383834570953
4736	-2.72650320743043	0.625765937632672
4737	-0.46843181378382	0.597227891604799
4738	-1.03217188205283	0.570469000421558
4739	7.16723598287619	0.922722284905187
4740	-0.111691247546562	0.55636106592219
4741	-2.6259055099788	0.690754905751644
4742	2.72434890377882	0.628412279336357
4743	-0.875120443972189	0.35012511376777
4744	1.17835308185305	0.364932346501399
4745	-0.338855688886291	0.72645198062051
4746	-1.42065506517047	0.514103799972887
4747	7.97386728885544	0.301214448285977
4748	2.22575254380213	0.739794697666707
4749	3.04465045166932	0.247395046528015
4750	1.50293764620544	0.830221225117002
4751	1.37353910564799	0.638467097844262
4752	0.0804999982917752	0.594357173866122
4753	0.419282683854408	0.419114127808129
4754	-1.77964448430797	0.514533972310507
4755	-2.97491361983617	0.550835684663492
4756	1.51608146727065	0.30561857270199
4757	2.03166462183689	0.57323357408964
4758	5.25153152901144	0.224596411264217
4759	-0.990726377760774	0.379964218609592
4760	6.71007762971618	0.33004490325193
4761	2.51754568958693	0.385361992907926
4762	5.14228240478092	0.853662309068286
4763	2.22102915390564	0.509242415689216
4764	4.59494068903147	0.765336303820836
4765	3.97686449291997	0.842555249052474
4766	4.68391143616397	0.483835479677263
4767	6.33941544000246	0.215797309105246
4768	-1.87467214629883	0.424263001010557
4769	1.51311956696982	0.722167494194967
4770	1.36435275540902	0.425895744055366
4771	5.22823915846488	0.650567137959453
4772	4.38826261422772	0.811858870460722
4773	5.47986906477806	0.823765514279861
4774	0.270595138764477	0.467134738408307
4775	-0.153860075129734	0.458797465076439
4776	5.56012300122196	0.853931887501655
4777	2.32505263054526	0.661234193459881
4778	6.24277095251061	0.735482630440735
4779	2.45398224816271	0.63129912599854
4780	8.26490907575558	0.859791312149321
4781	-0.930945882161437	0.392221615017278
4782	5.39932265096741	0.313593940460589
4783	5.81624554422744	0.847030209490904
4784	-2.93409858024638	0.553059781908473
4785	6.16025155235434	0.839822432636099
4786	3.16011254647495	0.312008276063946
4787	5.32739330739337	0.748545855587127
4788	0.282227101930624	0.722760593868423
4789	6.22767820949219	0.890977800165826
4790	-1.77049189360083	0.587057662296125
4791	1.25986883578969	0.712973363382642
4792	1.24833832538136	0.465251587479293
4793	4.27138506427479	0.244237883045454
4794	8.23388103279801	0.878376253596482
4795	-0.724592211437589	0.384166517719362
4796	-1.80064293010617	0.619996229954519
4797	8.34779430816257	0.25151784853048
4798	2.14232647054823	0.811776366387106
4799	2.01688935116643	0.410816571765039
4800	2.11802353590613	0.767535796145479
4801	0.72659511272592	0.386431795708067
4802	0.955969342031826	0.470623972189293
4803	-1.48018317295949	0.629136498069456
4804	9.18937119752268	0.893959988594509
4805	3.86278767333421	0.336028948326663
4806	4.07277951095575	0.886206803793458
4807	8.09335750718966	0.922757714847827
4808	2.40746289272958	0.698584666471157
4809	1.75169841125618	0.673564567652188
4810	6.30234904471344	0.225555806485959
4811	6.13579655870498	0.339418773659982
4812	4.54584570886809	0.316188036908603
4813	0.0167104651076917	0.719294130348763
4814	-3.94584964160729	0.480084224147686
4815	4.87117994637236	0.784694500613636
4816	-0.0896766524990942	0.569788610759833
4817	1.67250081881448	0.74345498602228
4818	10.5986502421001	0.960055067343017
4819	2.16053848443678	0.476871370655095
4820	3.95893327242985	0.79069908873644
4821	8.64082570944673	0.914884551646437
4822	4.54730201138831	0.344289492400639
4823	0.977307494202632	0.69137958334959
4824	1.06882011005263	0.275912926035546
4825	3.19035531022509	0.387783736398014
4826	0.354662517959042	0.481671781385734
4827	8.21281182966493	0.187338386266957
4828	-2.44353143268069	0.478729317759438
4829	3.96386746052535	0.863543835364651
4830	1.75346706331009	0.445531890375091
4831	2.72891950447322	0.557454461274084
4832	0.15130527464686	0.650230859392063
4833	0.776844952845669	0.566505162615955
4834	3.43692809074676	0.323817039298674
4835	1.10411931682987	0.830126428733801
4836	0.19172838097893	0.704640697968081
4837	2.32819553563234	0.803961519992595
4838	5.41486842392824	0.262005457973112
4839	4.00172788958346	0.748266076944045
4840	1.80975166297802	0.501540456924802
4841	3.37918766093409	0.82505112056963
4842	0.271837861555728	0.687736326501932
4843	4.27576087797144	0.795032503292863
4844	1.21458901003792	0.613487320993004
4845	-1.34571426500243	0.595074508404391
4846	1.5991827235065	0.800105004064142
4847	8.90883706034136	0.195188515755639
4848	1.55573076680744	0.553624461777323
4849	1.71821580999688	0.755059550927195
4850	3.09945175602001	0.723802198058917
4851	0.814243488014961	0.553932088164548
4852	3.47294951502317	0.856846247574085
4853	0.820190235673438	0.522721853494519
4854	0.0858972810183634	0.370076378490715
4855	9.50144070357534	0.232578275769398
4856	9.73618464349955	0.255310952449521
4857	0.480776128002462	0.426518478466657
4858	-2.07576876510189	0.586320628600004
4859	2.08428246714859	0.699538037350509
4860	0.0423928969344883	0.498030916849628
4861	10.9400305590002	0.897646332092578
4862	1.45510443302963	0.408617693597687
4863	1.43980085650073	0.539280403026951
4864	1.06729994622673	0.439250501844335
4865	-0.667118095738368	0.690745232250307
4866	2.48559622194781	0.380515587968689
4867	-3.59334622840611	0.554663038841994
4868	5.4842791619212	0.781906329969528
4869	6.52912929207117	0.243292581803734
4870	9.41640296883018	0.867990129767169
4871	1.8833297538254	0.444524209157352
4872	2.72801818624204	0.839655551267041
4873	2.06766699685338	0.450534127631018
4874	-0.873487412559177	0.440340466205138
4875	-2.48713331053373	0.552930473114448
4876	6.12039571806073	0.881317604321307
4877	3.89217324849871	0.859317948607711
4878	0.437893522890534	0.484732156800534
4879	2.91732636838642	0.790600755520999
4880	6.45903992462169	0.93534740713828
4881	-0.983639680156443	0.520007223526736
4882	1.35549236184546	0.739424581623246
4883	2.71621453822414	0.49263279141421
4884	-1.94906625013054	0.43368914588213
4885	3.56726923576964	0.774622676435573
4886	3.84800896785591	0.336826783498793
4887	3.73079781533223	0.738324193743036
4888	4.54384424690582	0.272862244758556
4889	3.07197709478683	0.370622236131281
4890	5.11454114811392	0.289929222906835
4891	1.35550223140033	0.365995408843728
4892	9.41913541980507	0.223303716606587
4893	3.04965937796903	0.683968013162096
4894	6.49725403412085	0.868738656022187
4895	5.97422921167153	0.791859492384917
4896	4.29910421735747	0.80638502778532
4897	-2.48117093495082	0.536286501726263
4898	-0.855475425622786	0.500600460370314
4899	1.02982585245596	0.817094240099526
4900	-0.550405438180211	0.654469451950681
4901	-0.378911573341857	0.693788242609826
4902	0.860069221105435	0.455677947287037
4903	0.0782511233260432	0.390183958035144
4904	9.05461057364169	0.96066941367651
4905	-0.667633028420721	0.67702276106479
4906	6.49555919214203	0.345130988976614
4907	6.37854978133696	0.278927342871389
4908	1.83758599419501	0.55432567549168
4909	7.24258033035268	0.906489626505619
4910	3.71548639175473	0.649595276967205
4911	6.89111419736346	0.947629098881802
4912	1.01091020763872	0.754647947304646
4913	3.60354287504806	0.458465242011325
4914	-1.13234192349842	0.517491457879323
4915	4.04042233026464	0.293804337606353
4916	7.74974825111187	0.18709140703101
4917	1.03288850154374	0.741834208550572
4918	5.11043242136999	0.258247051315863
4919	1.09225002588568	0.529187173971966
4920	0.351957938008793	0.68224080922586
4921	7.69667328978609	0.960001783691506
4922	2.68677664636076	0.568125804765037
4923	-0.420341071145105	0.559246573553402
4924	3.47992365154558	0.313728636076503
4925	2.13723221294091	0.772833095388028
4926	1.50185514701769	0.53519755780102
4927	-0.14263730175095	0.580426060529657
4928	3.0038066445694	0.340659000190582
4929	1.28722956868309	0.357331588085226
4930	-0.318752239915457	0.647187558346306
4931	0.322131339588853	0.630730736494413
4932	5.2616944108093	0.237620661005188
4933	8.82900430089372	0.204830046160544
4934	-2.30272827027497	0.684368566662645
4935	7.22671133846696	0.910075360941158
4936	-2.72650320743043	0.649067338910505
4937	-0.46843181378382	0.619697728026273
4938	-1.03217188205283	0.592159114451337
4939	7.16723598287619	0.954676642381343
4940	-0.111691247546562	0.577640091452285
4941	-2.6259055099788	0.715950008577442
4942	2.72434890377882	0.651790791876698
4943	-0.875120443972189	0.365394667949964
4944	1.17835308185305	0.380633365905466
4945	-0.338855688886291	0.752687253922829
4946	-1.42065506517047	0.534151498829285
4947	7.97386728885544	0.315058803613416
4948	2.22575254380213	0.766418761938567
4949	3.04465045166932	0.259671168240282
4950	1.50293764620544	0.859480211283546
4951	1.37353910564799	0.662138595885435
4952	0.0804999982917752	0.616743360973215
4953	0.419282683854408	0.43639394013816
4954	-1.77964448430797	0.53459420587926
4955	-2.97491361983617	0.571953707128828
4956	1.51608146727065	0.319591258997983
4957	2.03166462183689	0.595004244521316
4958	5.25153152901144	0.23620820775114
4959	-0.990726377760774	0.396103248960808
4960	6.71007762971618	0.34472934388581
4961	2.51754568958693	0.401658308008233
4962	5.14228240478092	0.883604340653912
4963	2.22102915390564	0.529148459566167
4964	4.59494068903147	0.792704620240584
4965	3.97686449291997	0.872173634066165
4966	4.68391143616397	0.503001195534744
4967	6.33941544000246	0.227152710178279
4968	-1.87467214629883	0.441692845406582
4969	1.51311956696982	0.748277922638057
4970	1.36435275540902	0.443373164649642
4971	5.22823915846488	0.674591216836417
4972	4.38826261422772	0.840582799363806
4973	5.47986906477806	0.852836388679757
4974	0.270595138764477	0.485813814448162
4975	-0.153860075129734	0.477233602847363
4976	5.56012300122196	0.883881774283498
4977	2.32505263054526	0.685569097698411
4978	6.24277095251061	0.761981046181512
4979	2.45398224816271	0.654761757830988
4980	8.26490907575558	0.889911935624585
4981	-0.930945882161437	0.408717811380251
4982	5.39932265096741	0.327799019525804
4983	5.81624554422744	0.876778989550934
4984	-2.93409858024638	0.574242611932961
4985	6.16025155235434	0.869361186616589
4986	3.16011254647495	0.32616715074695
4987	5.32739330739337	0.775424918234558
4988	0.282227101930624	0.748888304533438
4989	6.22767820949219	0.922007160959773
4990	-1.77049189360083	0.609231150282743
4991	1.25986883578969	0.738815885744816
4992	1.24833832538136	0.483875790731773
4993	4.27138506427479	0.256422008753674
4994	8.23388103279801	0.909038420250626
4995	-0.724592211437589	0.400427998088782
4996	-1.80064293010617	0.643129508785149
4997	8.34779430816257	0.263914103809412
4998	2.14232647054823	0.840497891219215
4999	2.01688935116643	0.427854603140888
5000	2.11802353590613	0.794968203166147
5001	0.72659511272592	0.402249943197055
5002	0.955969342031826	0.488749542878409
5003	-1.48018317295949	0.65160636172038
5004	9.18937119752268	0.923687769685216
5005	3.86278767333421	0.350465724003434
5006	4.07277951095575	0.915722096274979
5007	8.09335750718966	0.953274744351451
5008	2.40746289272958	0.722957869858312
5009	1.75169841125618	0.697252054635549
5010	6.30234904471344	0.236964886465481
5011	6.13579655870498	0.353948453000079
5012	4.54584570886809	0.330081040215647
5013	0.0167104651076917	0.744234910195045
5014	-3.94584964160729	0.498469068391189
5015	4.87117994637236	0.811427683720568
5016	-0.0896766524990942	0.590631949265783
5017	1.67250081881448	0.769057933319815
5018	10.5986502421001	0.991594291307547
5019	2.16053848443678	0.495168161435708
5020	3.95893327242985	0.817596837323453
5021	8.64082570944673	0.945185804338146
5022	4.54730201138831	0.358952661690673
5023	0.977307494202632	0.715555319743393
5024	1.06882011005263	0.28870212458186
5025	3.19035531022509	0.403638936015164
5026	0.354662517959042	0.500100135211192
5027	8.21281182966493	0.197700055836772
5028	-2.44353143268069	0.497077028595005
5029	3.96386746052535	0.892438012425216
5030	1.75346706331009	0.462969771849634
5031	2.72891950447322	0.577959762400949
5032	0.15130527464686	0.673278848241099
5033	0.776844952845669	0.587258512898056
5034	3.43692809074676	0.337919127794442
5035	1.10411931682987	0.858104747545169
5036	0.19172838097893	0.729179876724454
5037	2.32819553563234	0.83122274702677
5038	5.41486842392824	0.274413499792002
5039	4.00172788958346	0.774000879994392
5040	1.80975166297802	0.520513344040771
5041	3.37918766093409	0.85289034232596
5042	0.271837861555728	0.71181221353056
5043	4.27576087797144	0.822049016136856
5044	1.21458901003792	0.635528293555014
5045	-1.34571426500243	0.616610847962217
5046	1.5991827235065	0.827260537022016
5047	8.90883706034136	0.205765330861099
5048	1.55573076680744	0.57402479555372
5049	1.71821580999688	0.780980540154611
5050	3.09945175602001	0.748866528815235
5051	0.814243488014961	0.574340852941218
5052	3.47294951502317	0.885556866374266
5053	0.820190235673438	0.542275251150764
5054	0.0858972810183634	0.385446279233837
5055	9.50144070357534	0.244179817913744
5056	9.73618464349955	0.267535520482554
5057	0.480776128002462	0.443435266538169
5058	-2.07576876510189	0.607617053878428
5059	2.08428246714859	0.723937369413478
5060	0.0423928969344883	0.516907619325532
5061	10.9400305590002	0.927475143408023
5062	1.45510443302963	0.425043881615448
5063	1.43980085650073	0.559287614599743
5064	1.06729994622673	0.456516231674501
5065	-0.667118095738368	0.714903583222985
5066	2.48559622194781	0.396171592185402
5067	-3.59334622840611	0.575091836507963
5068	5.4842791619212	0.808563098736089
5069	6.52912929207117	0.255187766889149
5070	9.41640296883018	0.897006164740045
5071	1.8833297538254	0.461934473493137
5072	2.72801818624204	0.867895031142643
5073	2.06766699685338	0.4681091035338
5074	-0.873487412559177	0.457636068277103
5075	-2.48713331053373	0.573311787005527
5076	6.12039571806073	0.910698900358461
5077	3.89217324849871	0.888096308385107
5078	0.437893522890534	0.503244385179761
5079	2.91732636838642	0.817495809126696
5080	6.45903992462169	0.966209477586176
5081	-0.983639680156443	0.539486222344167
5082	1.35549236184546	0.764917069148806
5083	2.71621453822414	0.511361549503979
5084	-1.94906625013054	0.45080245772873
5085	3.56726923576964	0.801079824859148
5086	3.84800896785591	0.351285425142962
5087	3.73079781533223	0.763786523353335
5088	4.54384424690582	0.285567834434677
5089	3.07197709478683	0.386007096988709
5090	5.11454114811392	0.303102560810656
5091	1.35550223140033	0.381253463992211
5092	9.41913541980507	0.2346510744089
5093	3.04965937796903	0.707940623449474
5094	6.49725403412085	0.897775205571582
5095	5.97422921167153	0.818789043716697
5096	4.29910421735747	0.83371267498275
5097	-2.48117093495082	0.55621166057624
5098	-0.855475425622786	0.519547585355543
5099	1.02982585245596	0.844715390636359
5100	-0.550405438180211	0.677633606305996
5101	-0.378911573341857	0.718029992218759
5102	0.860069221105435	0.473393897913452
5103	0.0782511233260432	0.406104939620671
5104	9.05461057364169	0.9922254747991
5105	-0.667633028420721	0.700805025449618
5106	6.49555919214203	0.359817220845659
5107	6.37854978133696	0.291799156402047
5108	1.83758599419501	0.574745227167654
5109	7.24258033035268	0.936560802652894
5110	3.71548639175473	0.672625846648642
5111	6.89111419736346	0.978827769019245
5112	1.01091020763872	0.78055765586695
5113	3.60354287504806	0.476257582972107
5114	-1.13234192349842	0.536901508057302
5115	4.04042233026464	0.307083879315974
5116	7.74974825111187	0.197446307734134
5117	1.03288850154374	0.767392735811748
5118	5.11043242136999	0.270552087902213
5119	1.09225002588568	0.54891776422602
5120	0.351957938008793	0.70616608268694
5121	7.69667328978609	0.991539547331112
5122	2.68677664636076	0.588923571374761
5123	-0.420341071145105	0.579800990425023
5124	3.47992365154558	0.327554235513311
5125	2.13723221294091	0.799241197439361
5126	1.50185514701769	0.555092872375889
5127	-0.14263730175095	0.601560935606047
5128	3.0038066445694	0.355222669951046
5129	1.28722956868309	0.372352197168583
5130	-0.318752239915457	0.670152140592361
5131	0.322131339588853	0.65324429283606
5132	5.2616944108093	0.249360397898302
5133	8.82900430089372	0.215671103050346
5134	-2.30272827027497	0.708352154768613
5135	7.22671133846696	0.940244809958571
5136	-2.72650320743043	0.672083439592907
5137	-0.46843181378382	0.641908906869551
5138	-1.03217188205283	0.613615552907588
5139	7.16723598287619	0.986068461883186
5140	-0.111691247546562	0.598698612525812
5141	-2.6259055099788	0.74079913734067
5142	2.72434890377882	0.674881533206501
5143	-0.875120443972189	0.380636258819538
5144	1.17835308185305	0.396292598017634
5145	-0.338855688886291	0.778543226501736
5146	-1.42065506517047	0.55401814446078
5147	7.97386728885544	0.3289208584498
5148	2.22575254380213	0.79265106877432
5149	3.04465045166932	0.272015235061607
5150	1.50293764620544	0.888263018132848
5151	1.37353910564799	0.685512935573637
5152	0.0804999982917752	0.638873570593879
5153	0.419282683854408	0.453581381259935
5154	-1.77964448430797	0.554472984615762
5155	-2.97491361983617	0.592856383613688
5156	1.51608146727065	0.333577533128189
5157	2.03166462183689	0.616538658383421
5158	5.25153152901144	0.24790923407109
5159	-0.990726377760774	0.412186458318334
5160	6.71007762971618	0.359404568019463
5161	2.51754568958693	0.417893762772159
5162	5.14228240478092	0.91304830841054
5163	2.22102915390564	0.548877988789115
5164	4.59494068903147	0.819657333672487
5165	3.97686449291997	0.901304324762183
5166	4.68391143616397	0.5220141165624
5167	6.33941544000246	0.238605555894501
5168	-1.87467214629883	0.459025511624828
5169	1.51311956696982	0.774013050338868
5170	1.36435275540902	0.460751882743099
5171	5.22823915846488	0.698306840806432
5172	4.38826261422772	0.868847691977981
5173	5.47986906477806	0.881437110790854
5174	0.270595138764477	0.504355687410235
5175	-0.153860075129734	0.495540321188935
5176	5.56012300122196	0.913333345558887
5177	2.32505263054526	0.709585588305303
5178	6.24277095251061	0.788091730216651
5179	2.45398224816271	0.677933923303225
5180	8.26490907575558	0.919528773255596
5181	-0.930945882161437	0.425146743288286
5182	5.39932265096741	0.342010240650548
5183	5.81624554422744	0.906035897486302
5184	-2.93409858024638	0.595208019567776
5185	6.16025155235434	0.898414797626993
5186	3.16011254647495	0.340333647860066
5187	5.32739330739337	0.801904053396289
5188	0.282227101930624	0.77464016074045
5189	6.22767820949219	0.952503620316305
5190	-1.77049189360083	0.631155475580707
5191	1.25986883578969	0.764291690972205
5192	1.24833832538136	0.502364549009413
5193	4.27138506427479	0.268677027087436
5194	8.23388103279801	0.939179450225957
5195	-0.724592211437589	0.41662973421316
5196	-1.80064293010617	0.665982873598705
5197	8.34779430816257	0.276374455164265
5198	2.14232647054823	0.868760456787923
5199	2.01688935116643	0.444808009876989
5200	2.11802353590613	0.821982953760838
5201	0.72659511272592	0.418018625618222
5202	0.955969342031826	0.50675140690577
5203	-1.48018317295949	0.673812740608165
5204	9.18937119752268	0.952918541725022
5205	3.86278767333421	0.364897480401587
5206	4.07277951095575	0.94474721654985
5207	8.09335750718966	0.983269370650133
5208	2.40746289272958	0.747006348318058
5209	1.75169841125618	0.72063687969182
5210	6.30234904471344	0.248466363606724
5211	6.13579655870498	0.368470123876025
5212	4.54584570886809	0.343986520179566
5213	0.0167104651076917	0.768832703279243
5214	-3.94584964160729	0.516721863817955
5215	4.87117994637236	0.837760209294386
5216	-0.0896766524990942	0.611264136633103
5217	1.67250081881448	0.79429658854507
5218	10.5986502421001	1.02257822284851
5219	2.16053848443678	0.513335736529387
5220	3.95893327242985	0.844088633465025
5221	8.64082570944673	0.974971596467446
5222	4.54730201138831	0.37360352746281
5223	0.977307494202632	0.739412684731904
5224	1.06882011005263	0.301539314823999
5225	3.19035531022509	0.419443478408214
5226	0.354662517959042	0.518395040294353
5227	8.21281182966493	0.208187823112843
5228	-2.44353143268069	0.515293885385299
5229	3.96386746052535	0.92086200173576
5230	1.75346706331009	0.480306073138144
5231	2.72891950447322	0.598264788778842
5232	0.15130527464686	0.696044751085491
5233	0.776844952845669	0.607803607422475
5234	3.43692809074676	0.35202696560826
5235	1.10411931682987	0.885642346445894
5236	0.19172838097893	0.753388990277753
5237	2.32819553563234	0.858066326656696
5238	5.41486842392824	0.286881797066127
5239	4.00172788958346	0.799367148499186
5240	1.80975166297802	0.539335261996241
5241	3.37918766093409	0.880293319634612
5242	0.271837861555728	0.735572941818146
5243	4.27576087797144	0.848655755282444
5244	1.21458901003792	0.657319580971599
5245	-1.34571426500243	0.637913738996742
5246	1.5991827235065	0.854001823294109
5247	8.90883706034136	0.216461321341666
5248	1.55573076680744	0.594228231917132
5249	1.71821580999688	0.806527004275855
5250	3.09945175602001	0.773583897545421
5251	0.814243488014961	0.594552449036546
5252	3.47294951502317	0.913803203431538
5253	0.820190235673438	0.561659001656358
5254	0.0858972810183634	0.400781137297232
5255	9.50144070357534	0.255867564728598
5256	9.73618464349955	0.279826247259958
5257	0.480776128002462	0.460267240660908
5258	-2.07576876510189	0.628687749901741
5259	2.08428246714859	0.748011135856035
5260	0.0423928969344883	0.535636447392253
5261	10.9400305590002	0.956803695014032
5262	1.45510443302963	0.441401040794844
5263	1.43980085650073	0.579110577509465
5264	1.06729994622673	0.473685920316629
5265	-0.667118095738368	0.738744122168199
5266	2.48559622194781	0.41178334831182
5267	-3.59334622840611	0.595322820932185
5268	5.4842791619212	0.834821668609299
5269	6.52912929207117	0.267159708651313
5270	9.41640296883018	0.925548091171238
5271	1.8833297538254	0.479244046227352
5272	2.72801818624204	0.895685388221786
5273	2.06766699685338	0.48557808822232
5274	-0.873487412559177	0.474834668018381
5275	-2.48713331053373	0.593496815450512
5276	6.12039571806073	0.939594335539223
5277	3.89217324849871	0.916408206846241
5278	0.437893522890534	0.521620466143747
5279	2.91732636838642	0.843984996998269
5280	6.45903992462169	0.996538043098995
5281	-0.983639680156443	0.558797967801726
5282	1.35549236184546	0.790048818657335
5283	2.71621453822414	0.529947193311377
5284	-1.94906625013054	0.467824632452589
5285	3.56726923576964	0.827145197195749
5286	3.84800896785591	0.365738343968618
5287	3.73079781533223	0.788889085280826
5288	4.54384424690582	0.29832410593117
5289	3.07197709478683	0.401356433823095
5290	5.11454114811392	0.316311530684445
5291	1.35550223140033	0.396480075105212
5292	9.41913541980507	0.246092815290738
5293	3.04965937796903	0.73160139793626
5294	6.49725403412085	0.926336986520551
5295	5.97422921167153	0.845311619346243
5296	4.29910421735747	0.860620537699909
5297	-2.48117093495082	0.57595521081848
5298	-0.855475425622786	0.538344570079647
5299	1.02982585245596	0.871907313190862
5300	-0.550405438180211	0.700511937018791
5301	-0.378911573341857	0.741951246439979
5302	0.860069221105435	0.490999321448449
5303	0.0782511233260432	0.42197314744007
5304	9.05461057364169	1.02322570176072
5305	-0.667633028420721	0.724281578434095
5306	6.49555919214203	0.374490407155804
5307	6.37854978133696	0.30471630348237
5308	1.83758599419501	0.594967263092621
5309	7.24258033035268	0.96612392097575
5310	3.71548639175473	0.695374890789057
5311	6.89111419736346	1.00948210408977
5312	1.01091020763872	0.806093202279716
5313	3.60354287504806	0.493936938974102
5314	-1.13234192349842	0.556146523305427
5315	4.04042233026464	0.32039563587649
5316	7.74974825111187	0.207927523932542
5317	1.03288850154374	0.792588400220174
5318	5.11043242136999	0.282920694148426
5319	1.09225002588568	0.568473006138201
5320	0.351957938008793	0.729781043414992
5321	7.69667328978609	1.02252206553327
5322	2.68677664636076	0.609511653126602
5323	-0.420341071145105	0.600153552243211
5324	3.47992365154558	0.341394480333894
5325	2.13723221294091	0.825259101476112
5326	1.50185514701769	0.57480753858584
5327	-0.14263730175095	0.622475279322752
5328	3.0038066445694	0.369777237601863
5329	1.28722956868309	0.387349002069583
5330	-0.318752239915457	0.692837320450347
5331	0.322131339588853	0.675492958597464
5332	5.2616944108093	0.261181893030762
5333	8.82900430089372	0.226622833306931
5334	-2.30272827027497	0.732023553861474
5335	7.22671133846696	0.969903039211217
5336	-2.72650320743043	0.694818480275914
5337	-0.46843181378382	0.663864924161682
5338	-1.03217188205283	0.634841113667224
5339	7.16723598287619	1.01690973171618
5340	-0.111691247546562	0.619539058938053
5341	-2.6259055099788	0.765308228225439
5342	2.72434890377882	0.697688812965912
5343	-0.875120443972189	0.395846935393606
5344	1.17835308185305	0.411907478181617
5345	-0.338855688886291	0.804026765892251
5346	-1.42065506517047	0.573705064153746
5347	7.97386728885544	0.342796385713488
5348	2.22575254380213	0.818498833825788
5349	3.04465045166932	0.284421615740715
5350	1.50293764620544	0.916579220580863
5351	1.37353910564799	0.708594688883236
5352	0.0804999982917752	0.660751223856991
5353	0.419282683854408	0.470675300141429
5354	-1.77964448430797	0.574171647029754
5355	-2.97491361983617	0.613545999753952
5356	1.51608146727065	0.34757328291633
5357	2.03166462183689	0.637839685681696
5358	5.25153152901144	0.259693264147313
5359	-0.990726377760774	0.428211674213415
5360	6.71007762971618	0.374067100769308
5361	2.51754568958693	0.434066325561032
5362	5.14228240478092	0.942004398841346
5363	2.22102915390564	0.568432203808982
5364	4.59494068903147	0.846202326159051
5365	3.97686449291997	0.929957217856082
5366	4.68391143616397	0.540874780334067
5367	6.33941544000246	0.250149390605076
5368	-1.87467214629883	0.476259982969425
5369	1.51311956696982	0.799379633048461
5370	1.36435275540902	0.478030924238784
5371	5.22823915846488	0.721718897538734
5372	4.38826261422772	0.896662644138052
5373	5.47986906477806	0.909577087097038
5374	0.270595138764477	0.522760459139371
5375	-0.153860075129734	0.513717504423212
5376	5.56012300122196	0.942296794864406
5377	2.32505263054526	0.73328883125752
5378	6.24277095251061	0.813821785694423
5379	2.45398224816271	0.70082000737438
5380	8.26490907575558	0.948652171453662
5381	-0.930945882161437	0.441506558072987
5382	5.39932265096741	0.356223699739063
5383	5.81624554422744	0.934810946766065
5384	-2.93409858024638	0.615958348476383
5385	6.16025155235434	0.926993091082596
5386	3.16011254647495	0.354503821936921
5387	5.32739330739337	0.827990705045341
5388	0.282227101930624	0.800022933714727
5389	6.22767820949219	0.982478338314627
5390	-1.77049189360083	0.65283386887173
5391	1.25986883578969	0.789407294937332
5392	1.24833832538136	0.520717915024897
5393	4.27138506427479	0.28099722442381
5394	8.23388103279801	0.968810174822308
5395	-0.724592211437589	0.432769663263402
5396	-1.80064293010617	0.688560414457253
5397	8.34779430816257	0.288893378909311
5398	2.14232647054823	0.896573156775469
5399	2.01688935116643	0.461675424454778
5400	2.11802353590613	0.848587987357689
5401	0.72659511272592	0.433735524639667
5402	0.955969342031826	0.5246293232339
5403	-1.48018317295949	0.695759304714155
5404	9.18937119752268	0.981662508750855
5405	3.86278767333421	0.379320655587282
5406	4.07277951095575	0.973292177358748
5407	8.09335750718966	1.01275250831423
5408	2.40746289272958	0.7707354853436
5409	1.75169841125618	0.743723808987113
5410	6.30234904471344	0.260053950244653
5411	6.13579655870498	0.382980307991981
5412	4.54584570886809	0.357900425326799
5413	0.0167104651076917	0.793093404064295
5414	-3.94584964160729	0.53484260280565
5415	4.87117994637236	0.863699585437563
5416	-0.0896766524990942	0.63168737853801
5417	1.67250081881448	0.81917744228776
5418	10.5986502421001	1.05301869678308
5419	2.16053848443678	0.531374009042268
5420	3.95893327242985	0.870182133416319
5421	8.64082570944673	1.00425264834819
5422	4.54730201138831	0.388238731597661
5423	0.977307494202632	0.762956884035527
5424	1.06882011005263	0.314419451570617
5425	3.19035531022509	0.435195078602033
5426	0.354662517959042	0.536556528183076
5427	8.21281182966493	0.218794457482262
5428	-2.44353143268069	0.533379847078045
5429	3.96386746052535	0.948825256867926
5430	1.75346706331009	0.497539934099998
5431	2.72891950447322	0.618371441760455
5432	0.15130527464686	0.718532758372982
5433	0.776844952845669	0.628142570852099
5434	3.43692809074676	0.366136689498834
5435	1.10411931682987	0.912747854491668
5436	0.19172838097893	0.777273571543148
5437	2.32819553563234	0.884500242364787
5438	5.41486842392824	0.299404961461735
5439	4.00172788958346	0.824371491753377
5440	1.80975166297802	0.558006732563823
5441	3.37918766093409	0.907268556326943
5442	0.271837861555728	0.759023627194116
5443	4.27576087797144	0.874860483904202
5444	1.21458901003792	0.678864467108078
5445	-1.34571426500243	0.6589860110694
5446	1.5991827235065	0.880336751210066
5447	8.90883706034136	0.22726945027262
5448	1.55573076680744	0.614236577721725
5449	1.71821580999688	0.831705720202944
5450	3.09945175602001	0.797960309941082
5451	0.814243488014961	0.61456869089484
5452	3.47294951502317	0.941594547066302
5453	0.820190235673438	0.580874149397759
5454	0.0858972810183634	0.416078230807738
5455	9.50144070357534	0.267635401816052
5456	9.73618464349955	0.292177579272787
5457	0.480776128002462	0.477013071571628
5458	-2.07576876510189	0.649535330244733
5459	2.08428246714859	0.771764743694141
5460	0.0423928969344883	0.554217836230654
5461	10.9400305590002	0.985642281901598
5462	1.45510443302963	0.457687400202131
5463	1.43980085650073	0.598750744695768
5464	1.06729994622673	0.490758552647839
5465	-0.667118095738368	0.76227203915485
5466	2.48559622194781	0.427348392043985
5467	-3.59334622840611	0.615357824593895
5468	5.4842791619212	0.860689478898407
5469	6.52912929207117	0.279202557049046
5470	9.41640296883018	0.953625472336916
5471	1.8833297538254	0.496452042356603
5472	2.72801818624204	0.923035486674562
5473	2.06766699685338	0.502940344977394
5474	-0.873487412559177	0.491935277199054
5475	-2.48713331053373	0.613487348180615
5476	6.12039571806073	0.968013801971841
5477	3.89217324849871	0.944262993296405
5478	0.437893522890534	0.53986050674975
5479	2.91732636838642	0.870075972964684
5480	6.45903992462169	1.02634432887569
5481	-0.983639680156443	0.577943437307133
5482	1.35549236184546	0.814826221295382
5483	2.71621453822414	0.548390024827979
5484	-1.94906625013054	0.484754517714116
5485	3.56726923576964	0.852826053043237
5486	3.84800896785591	0.380181997727109
5487	3.73079781533223	0.813638243521917
5488	4.54384424690582	0.311125938786472
5489	3.07197709478683	0.416667538229358
5490	5.11454114811392	0.329551433164417
5491	1.35550223140033	0.411672419618795
5492	9.41913541980507	0.257622596020697
5493	3.04965937796903	0.754955359475352
5494	6.49725403412085	0.954433580613833
5495	5.97422921167153	0.871434904159646
5496	4.29910421735747	0.887116659215023
5497	-2.48117093495082	0.595518531523367
5498	-0.855475425622786	0.556991913122471
5499	1.02982585245596	0.898678315272309
5500	-0.550405438180211	0.723108739116656
5501	-0.378911573341857	0.765557270423339
5502	0.860069221105435	0.508493608087577
5503	0.0782511233260432	0.43778635573947
5504	9.05461057364169	1.05368194453647
5505	-0.667633028420721	0.747457271509193
5506	6.49555919214203	0.389147210550114
5507	6.37854978133696	0.317673813296463
5508	1.83758599419501	0.614993607421967
5509	7.24258033035268	0.995189494657973
5510	3.71548639175473	0.717846584154314
5511	6.89111419736346	1.03960363232155
5512	1.01091020763872	0.831261353299364
5513	3.60354287504806	0.511502768984477
5514	-1.13234192349842	0.57522741895931
5515	4.04042233026464	0.333735003535782
5516	7.74974825111187	0.218527818919543
5517	1.03288850154374	0.817427652375721
5518	5.11043242136999	0.295347388988651
5519	1.09225002588568	0.587854103615419
5520	0.351957938008793	0.753090671647185
5521	7.69667328978609	1.05296117180046
5522	2.68677664636076	0.629892214669952
5523	-0.420341071145105	0.620306204577887
5524	3.47992365154558	0.355245258383285
5525	2.13723221294091	0.850894022941368
5526	1.50185514701769	0.594342908633471
5527	-0.14263730175095	0.643171559816425
5528	3.0038066445694	0.384319255447613
5529	1.28722956868309	0.402318966459696
5530	-0.318752239915457	0.71524721327989
5531	0.322131339588853	0.697480443095006
5532	5.2616944108093	0.273079156416679
5533	8.82900430089372	0.237678437893447
5534	-2.30272827027497	0.755387796677082
5535	7.22671133846696	0.999060650354594
5536	-2.72650320743043	0.717276622699443
5537	-0.46843181378382	0.685569216998894
5538	-1.03217188205283	0.655838554359442
5539	7.16723598287619	1.04721215399428
5540	-0.111691247546562	0.640163830086752
5541	-2.6259055099788	0.789483093184343
5542	2.72434890377882	0.720216860091278
5543	-0.875120443972189	0.411023860286002
5544	1.17835308185305	0.427475544999422
5545	-0.338855688886291	0.829144590474119
5546	-1.42065506517047	0.593213584301111
5547	7.97386728885544	0.356681306069067
5548	2.22575254380213	0.843969114273618
5549	3.04465045166932	0.296884864349342
5550	1.50293764620544	0.94443817193643
5551	1.37353910564799	0.731388340064509
5552	0.0804999982917752	0.682379684964953
5553	0.419282683854408	0.48767461117911
5554	-1.77964448430797	0.593691530437184
5555	-2.97491361983617	0.634024814645799
5556	1.51608146727065	0.361574540857386
5557	2.03166462183689	0.658910154243936
5558	5.25153152901144	0.271554273144112
5559	-0.990726377760774	0.444176816940315
5560	6.71007762971618	0.388713594868519
5561	2.51754568958693	0.450174053730462
5562	5.14228240478092	0.970482560475788
5563	2.22102915390564	0.587812307577468
5564	4.59494068903147	0.872347303438414
5565	3.97686449291997	0.958141979844664
5566	4.68391143616397	0.559583744663522
5567	6.33941544000246	0.261777966045771
5568	-1.87467214629883	0.493395304578041
5569	1.51311956696982	0.824384280354061
5570	1.36435275540902	0.495209375733297
5571	5.22823915846488	0.744832178530202
5572	4.38826261422772	0.924036542892333
5573	5.47986906477806	0.937265506982469
5574	0.270595138764477	0.541028263380834
5575	-0.153860075129734	0.531765074593777
5576	5.56012300122196	0.970782077574702
5577	2.32505263054526	0.756683888911916
5578	6.24277095251061	0.839178160302614
5579	2.45398224816271	0.723424312284175
5580	8.26490907575558	0.977292234377094
5581	-0.930945882161437	0.45779548727084
5582	5.39932265096741	0.37043563179844
5583	5.81624554422744	0.963113917516102
5584	-2.93409858024638	0.636495914229673
5585	6.16025155235434	0.955105664087989
5586	3.16011254647495	0.368673867721104
5587	5.32739330739337	0.853692152573484
5588	0.282227101930624	0.825043248103597
5589	6.22767820949219	1.0119422110065
5590	-1.77049189360083	0.674269509007577
5591	1.25986883578969	0.814169073768242
5592	1.24833832538136	0.538935974706154
5593	4.27138506427479	0.293377074667219
5594	8.23388103279801	0.997941170110484
5595	-0.724592211437589	0.448845812239377
5596	-1.80064293010617	0.710866146595155
5597	8.34779430816257	0.301465533803288
5598	2.14232647054823	0.923944876135207
5599	2.01688935116643	0.478455550577541
5600	2.11802353590613	0.874791065544782
5601	0.72659511272592	0.449398418301289
5602	0.955969342031826	0.542383091583468
5603	-1.48018317295949	0.717449660071414
5604	9.18937119752268	1.00992963592059
5605	3.86278767333421	0.393731817292388
5606	4.07277951095575	1.00136675768471
5607	8.09335750718966	1.04173481401254
5608	2.40746289272958	0.794150554605456
5609	1.75169841125618	0.766517515392027
5610	6.30234904471344	0.271721561353653
5611	6.13579655870498	0.397475654478646
5612	4.54584570886809	0.371818846955527
5613	0.0167104651076917	0.817022783510687
5614	-3.94584964160729	0.552831312241054
5615	4.87117994637236	0.88925315354951
5616	-0.0896766524990942	0.651903855911055
5617	1.67250081881448	0.843706845675547
5618	10.5986502421001	1.08292726538988
5619	2.16053848443678	0.549282928711871
5620	3.95893327242985	0.895884822763067
5621	8.64082570944673	1.03303942759333
5622	4.54730201138831	0.402855040184994
5623	0.977307494202632	0.786193018311342
5624	1.06882011005263	0.327337659006076
5625	3.19035531022509	0.450891547100254
5626	0.354662517959042	0.554584663885664
5627	8.21281182966493	0.229512956216285
5628	-2.44353143268069	0.551334908025072
5629	3.96386746052535	0.976337012605882
5630	1.75346706331009	0.51467055192744
5631	2.72891950447322	0.638281606100212
5632	0.15130527464686	0.740746982669034
5633	0.776844952845669	0.648277505273054
5634	3.43692809074676	0.380244573957226
5635	1.10411931682987	0.939429704024777
5636	0.19172838097893	0.800839039612773
5637	2.32819553563234	0.910532298203448
5638	5.41486842392824	0.311977783207449
5639	4.00172788958346	0.849020376411873
5640	1.80975166297802	0.576528297852198
5641	3.37918766093409	0.933824362873429
5642	0.271837861555728	0.782169282831144
5643	4.27576087797144	0.900670791644809
5644	1.21458901003792	0.700166182218656
5645	-1.34571426500243	0.679830452293205
5646	1.5991827235065	0.906273032216961
5647	8.90883706034136	0.238182903427956
5648	1.55573076680744	0.634051625753324
5649	1.71821580999688	0.856523317720381
5650	3.09945175602001	0.822001645213546
5651	0.814243488014961	0.634391378688865
5652	3.47294951502317	0.968939971235614
5653	0.820190235673438	0.599921745105989
5654	0.0858972810183634	0.431334945067665
5655	9.50144070357534	0.279477412778877
5656	9.73618464349955	0.304584145996566
5657	0.480776128002462	0.493671499899376
5658	-2.07576876510189	0.670162372816201
5659	2.08428246714859	0.795203489491313
5660	0.0423928969344883	0.572652243675911
5661	10.9400305590002	1.01400095774762
5662	1.45510443302963	0.47390127062033
5663	1.43980085650073	0.618209564505019
5664	1.06729994622673	0.507733175027331
5665	-0.667118095738368	0.78549241960754
5666	2.48559622194781	0.442864359357722
5667	-3.59334622840611	0.635198665217951
5668	5.4842791619212	0.886173804051338
5669	6.52912929207117	0.291310652964445
5670	9.41640296883018	0.981247649788739
5671	1.8833297538254	0.513557634875997
5672	2.72801818624204	0.949953987663136
5673	2.06766699685338	0.520195191108446
5674	-0.873487412559177	0.508936968351299
5675	-2.48713331053373	0.633285161317126
5676	6.12039571806073	0.995966961236514
5677	3.89217324849871	0.97166980104485
5678	0.437893522890534	0.557964645493925
5679	2.91732636838642	0.895776220250427
5680	6.45903992462169	1.05563929389746
5681	-0.983639680156443	0.59692361640584
5682	1.35549236184546	0.839255531409752
5683	2.71621453822414	0.566690372265442
5684	-1.94906625013054	0.501591026329384
5685	3.56726923576964	0.878129491949413
5686	3.84800896785591	0.394612973308471
5687	3.73079781533223	0.838040226000135
5688	4.54384424690582	0.32396838392988
5689	3.07197709478683	0.43193780861732
5690	5.11454114811392	0.342817729003951
5691	1.35550223140033	0.426827784840204
5692	9.41913541980507	0.269234277494419
5693	3.04965937796903	0.778007430752077
5694	6.49725403412085	0.982074347377221
5695	5.97422921167153	0.897166411607051
5696	4.29910421735747	0.913208901775439
5697	-2.48117093495082	0.61490299914564
5698	-0.855475425622786	0.575490134020848
5699	1.02982585245596	0.925036516285059
5700	-0.550405438180211	0.745428226945066
5701	-0.378911573341857	0.788853222664309
5702	0.860069221105435	0.525876198657218
5703	0.0782511233260432	0.453542432658285
5704	9.05461057364169	1.08360577015706
5705	-0.667633028420721	0.770336860586044
5706	6.49555919214203	0.403784417324953
5707	6.37854978133696	0.330666882412953
5708	1.83758599419501	0.634826069779546
5709	7.24258033035268	1.02376778972777
5710	3.71548639175473	0.740045024047826
5711	6.89111419736346	1.06920360761227
5712	1.01091020763872	0.856068728826685
5713	3.60354287504806	0.528954580760059
5714	-1.13234192349842	0.594145120154097
5715	4.04042233026464	0.347097536099163
5716	7.74974825111187	0.229240184035759
5717	1.03288850154374	0.841916804486821
5718	5.11043242136999	0.307826872402051
5719	1.09225002588568	0.607062262638446
5720	0.351957938008793	0.776099848594032
5721	7.69667328978609	1.08286841713183
5722	2.68677664636076	0.650067397006917
5723	-0.420341071145105	0.640260875216915
5724	3.47992365154558	0.369102601902832
5725	2.13723221294091	0.876153018410271
5726	1.50185514701769	0.613700332825047
5727	-0.14263730175095	0.663652213451417
5728	3.0038066445694	0.39884540240017
5729	1.28722956868309	0.417259169604508
5730	-0.318752239915457	0.737385858568601
5731	0.322131339588853	0.719210390643709
5732	5.2616944108093	0.285046392740067
5733	8.82900430089372	0.248831334102986
5734	-2.30272827027497	0.778449815519133
5735	7.22671133846696	1.02772799552004
5736	-2.72650320743043	0.739461951489696
5737	-0.46843181378382	0.707025164763983
5738	-1.03217188205283	0.676610593090799
5739	7.16723598287619	1.07698715184565
5740	-0.111691247546562	0.660575295437646
5741	-2.6259055099788	0.813329422876503
5742	2.72434890377882	0.742469824606235
5743	-0.875120443972189	0.426164306378564
5744	1.17835308185305	0.442994437275039
5745	-0.338855688886291	0.853903273066606
5746	-1.42065506517047	0.612545030090447
5747	7.97386728885544	0.370571683698787
5748	2.22575254380213	0.869068812667542
5749	3.04465045166932	0.309399715063534
5750	1.50293764620544	0.971849009405163
5751	1.37353910564799	0.75389828761972
5752	0.0804999982917752	0.703762262358253
5753	0.419282683854408	0.504578292138441
5754	-1.77964448430797	0.613033970656212
5755	-2.97491361983617	0.654295061209571
5756	1.51608146727065	0.37557747997006
5757	2.03166462183689	0.679752850495931
5758	5.25153152901144	0.283486431828695
5759	-0.990726377760774	0.460079896776555
5760	6.71007762971618	0.403340826968881
5761	2.51754568958693	0.466215090949891
5762	5.14228240478092	0.99849250980476
5763	2.22102915390564	0.607019505145708
5764	4.59494068903147	0.898099799254517
5765	3.97686449291997	0.985868052736792
5766	4.68391143616397	0.578141586735714
5767	6.33941544000246	0.273485235536925
5768	-1.87467214629883	0.51043058145712
5769	1.51311956696982	0.849033459195019
5770	1.36435275540902	0.512286382582069
5771	5.22823915846488	0.767651381304048
5772	4.38826261422772	0.950978071668714
5773	5.47986906477806	0.964511348116696
5774	0.270595138764477	0.559159264604292
5775	-0.153860075129734	0.549682990136317
5776	5.56012300122196	0.998798916842596
5777	2.32505263054526	0.779775722400169
5778	6.24277095251061	0.864167650029456
5779	2.45398224816271	0.745751059397139
5780	8.26490907575558	1.00545882997912
5781	-0.930945882161437	0.474011844068963
5782	5.39932265096741	0.384642406937805
5783	5.81624554422744	0.990954362332256
5784	-2.93409858024638	0.656823004710756
5785	6.16025155235434	0.982761891117601
5786	3.16011254647495	0.382840116136177
5787	5.32739330739337	0.879015514792504
5788	0.282227101930624	0.849707585503323
5789	6.22767820949219	1.04090587703789
5790	-1.77049189360083	0.695465524040338
5791	1.25986883578969	0.838583267195313
5792	1.24833832538136	0.557018845985683
5793	4.27138506427479	0.305811233972641
5794	8.23388103279801	1.02658276332209
5795	-0.724592211437589	0.464856295267473
5796	-1.80064293010617	0.73290401205533
5797	8.34779430816257	0.314085755906543
5798	2.14232647054823	0.950884296256156
5799	2.01688935116643	0.495147160958279
5800	2.11802353590613	0.900599776420775
5801	0.72659511272592	0.465005178142794
5802	0.955969342031826	0.560012551026938
5803	-1.48018317295949	0.738887350117829
5804	9.18937119752268	1.03772965547627
5805	3.86278767333421	0.40812765916506
5806	4.07277951095575	1.0289805085814
5807	8.09335750718966	1.07022669297683
5808	2.40746289272958	0.817256722513524
5809	1.75169841125618	0.789022580608166
5810	6.30234904471344	0.283463308874946
5811	6.13579655870498	0.411952936202845
5812	4.54584570886809	0.385738015040855
5813	0.0167104651076917	0.840626491999043
5814	-3.94584964160729	0.570688052278404
5815	4.87117994637236	0.914428092387667
5816	-0.0896766524990942	0.67191572525707
5817	1.67250081881448	0.86789101371723
5818	10.5986502421001	1.1123152055228
5819	2.16053848443678	0.567062480609512
5820	3.95893327242985	0.921204020587196
5821	8.64082570944673	1.06134215544241
5822	4.54730201138831	0.417449339918107
5823	0.977307494202632	0.809126085589741
5824	1.06882011005263	0.340289225894514
5825	3.19035531022509	0.466530787036819
5826	0.354662517959042	0.572479544656842
5827	8.21281182966493	0.24033653813246
5828	-2.44353143268069	0.569159096717075
5829	3.96386746052535	1.00340629038005
5830	1.75346706331009	0.53169717930243
5831	2.72891950447322	0.657997150059497
5832	0.15130527464686	0.762691460377132
5833	0.776844952845669	0.668210490457484
5834	3.43692809074676	0.394347027244847
5835	1.10411931682987	0.9656961355261
5836	0.19172838097893	0.824090702423222
5837	2.32819553563234	0.936170123191574
5838	5.41486842392824	0.324595226056221
5839	4.00172788958346	0.873320129916473
5840	1.80975166297802	0.594900519437975
5841	3.37918766093409	0.959968861147312
5842	0.271837861555728	0.805014821618374
5843	4.27576087797144	0.926094098856114
5844	1.21458901003792	0.721227904027088
5845	-1.34571426500243	0.700449810092881
5846	1.5991827235065	0.931818205208673
5847	8.90883706034136	0.249195083079167
5848	1.55573076680744	0.653675154767974
5849	1.71821580999688	0.880986283030352
5850	3.09945175602001	0.845713659094921
5851	0.814243488014961	0.654022298363752
5852	3.47294951502317	0.99584834085033
5853	0.820190235673438	0.618802845357234
5854	0.0858972810183634	0.446548769398079
5855	9.50144070357534	0.291387873670202
5856	9.73618464349955	0.317040754736708
5857	0.480776128002462	0.510241333991348
5858	-2.07576876510189	0.690571420466692
5859	2.08428246714859	0.818332561937294
5860	0.0423928969344883	0.590940149288283
5861	10.9400305590002	1.04188954094233
5862	1.45510443302963	0.49004104206346
5863	1.43980085650073	0.637488480479152
5864	1.06729994622673	0.524608893343879
5865	-0.667118095738368	0.808410246732166
5866	2.48559622194781	0.458328983533661
5867	-3.59334622840611	0.654847145831469
5868	5.4842791619212	0.911281757667261
5869	6.52912929207117	0.303478522839083
5870	9.41640296883018	1.00842374886501
5871	1.8833297538254	0.530560052918442
5872	2.72801818624204	0.976449354359635
5873	2.06766699685338	0.537341996197439
5874	-0.873487412559177	0.52583887283586
5875	-2.48713331053373	0.652892017397891
5876	6.12039571806073	1.02346325012854
5877	3.89217324849871	0.998637552764956
5878	0.437893522890534	0.575933051150574
5879	2.91732636838642	0.921093055639422
5880	6.45903992462169	1.08443363761144
5881	-0.983639680156443	0.615739498234367
5882	1.35549236184546	0.863342869820532
5883	2.71621453822414	0.584848589032295
5884	-1.94906625013054	0.518333134220815
5885	3.56726923576964	0.903062457297782
5886	3.84800896785591	0.409027983005905
5887	3.73079781533223	0.862101127820007
5888	4.54384424690582	0.3368466588325
5889	3.07197709478683	0.447164747064489
5890	5.11454114811392	0.356106034521648
5891	1.35550223140033	0.441943564720104
5892	9.41913541980507	0.280921919022816
5893	3.04965937796903	0.800762436591816
5894	6.49725403412085	1.00926842964173
5895	5.97422921167153	0.922513487888491
5896	4.29910421735747	0.938904951036325
5897	-2.48117093495082	0.634109987261125
5898	-0.855475425622786	0.593839772384097
5899	1.02982585245596	0.950989852153688
5900	-0.550405438180211	0.767474535961482
5901	-0.378911573341857	0.81184415748255
5902	0.860069221105435	0.543146582948052
5903	0.0782511233260432	0.469239337422545
5904	9.05461057364169	1.1130084698334
5905	-0.667633028420721	0.792925008182655
5906	6.49555919214203	0.418398933839013
5907	6.37854978133696	0.343690870041522
5908	1.83758599419501	0.654466445308448
5909	7.24258033035268	1.05186883123911
5910	3.71548639175473	0.76197423201981
5911	6.89111419736346	1.09829301642659
5912	1.01091020763872	0.880521805444876
5913	3.60354287504806	0.546291929229336
5914	-1.13234192349842	0.612900561234014
5915	4.04042233026464	0.360478940444897
5916	7.74974825111187	0.240057832326945
5917	1.03288850154374	0.866062033685444
5918	5.11043242136999	0.320354020309328
5919	1.09225002588568	0.626098690875056
5920	0.351957938008793	0.798813358716943
5921	7.69667328978609	1.11225507713606
5922	2.68677664636076	0.67003931778331
5923	-0.420341071145105	0.660019474302527
5924	3.47992365154558	0.382962683392564
5925	2.13723221294091	0.901042989444633
5926	1.50185514701769	0.632881159288272
5927	-0.14263730175095	0.68391964532491
5928	3.0038066445694	0.41335248030989
5929	1.28722956868309	0.432166802985148
5930	-0.318752239915457	0.759257221599407
5931	0.322131339588853	0.740686381938082
5932	5.2616944108093	0.297077995892296
5933	8.82900430089372	0.260075149525209
5934	-2.30272827027497	0.801214444573759
5935	7.22671133846696	1.05591518355852
5936	-2.72650320743043	0.761378475859214
5937	-0.46843181378382	0.728236090315081
5938	-1.03217188205283	0.697159909154594
5939	7.16723598287619	1.10624587643285
5940	-0.111691247546562	0.680775794981087
5941	-2.6259055099788	0.836852789531942
5942	2.72434890377882	0.764451779369181
5943	-0.875120443972189	0.441265653582918
5944	1.17835308185305	0.458461891041514
5945	-0.338855688886291	0.878309244432401
5946	-1.42065506517047	0.631700725203537
5947	7.97386728885544	0.384463722188088
5948	2.22575254380213	0.893804680669326
5949	3.04465045166932	0.321961077084955
5950	1.50293764620544	0.998820659452448
5951	1.37353910564799	0.776128846230725
5952	0.0804999982917752	0.724902209852813
5953	0.419282683854408	0.521385382151653
5954	-1.77964448430797	0.632200301714484
5955	-2.97491361983617	0.674358946547413
5956	1.51608146727065	0.389578409761206
5957	2.03166462183689	0.70037052022037
5958	5.25153152901144	0.295484101084044
5959	-0.990726377760774	0.475919011279293
5960	6.71007762971618	0.417945694042823
5961	2.51754568958693	0.482187664595671
5962	5.14228240478092	1.02604373706355
5963	2.22102915390564	0.626055003276737
5964	4.59494068903147	0.923467179557645
5965	3.97686449291997	1.01314465963735
5966	4.68391143616397	0.596548902264044
5967	6.33941544000246	0.285265348338674
5968	-1.87467214629883	0.527364976571889
5969	1.51311956696982	0.873333497289963
5970	1.36435275540902	0.529261147018622
5971	5.22823915846488	0.790181111554197
5972	4.38826261422772	0.977495715308686
5973	5.47986906477806	0.991323381702003
5974	0.270595138764477	0.57715365686189
5975	-0.153860075129734	0.567471244587352
5976	5.56012300122196	1.02635680938687
5977	2.32505263054526	0.802569193964274
5978	6.24277095251061	0.888796902829323
5979	2.45398224816271	0.767804391001786
5980	8.26490907575558	1.03316159590064
5981	-0.930945882161437	0.490154020821082
5982	5.39932265096741	0.398840526475629
5983	5.81624554422744	1.01834161194447
5984	-2.93409858024638	0.676941880512436
5985	6.16025155235434	1.0099709295507
5986	3.16011254647495	0.396999030364584
5987	5.32739330739337	0.903967753833932
5988	0.282227101930624	0.874022287896881
5989	6.22767820949219	1.06937972410048
5990	-1.77049189360083	0.716424992228999
5991	1.25986883578969	0.862655981813687
5992	1.24833832538136	0.574966677624902
5993	4.27138506427479	0.318294535610367
5994	8.23388103279801	1.05474503907525
5995	-0.724592211437589	0.480799310972262
5996	-1.80064293010617	0.754677881285938
5997	8.34779430816257	0.32674905357621
5998	2.14232647054823	0.977399899995539
5999	2.01688935116643	0.51174909516881
6000	2.11802353590613	0.926021538834853
6001	0.72659511272592	0.480553766410217
6002	0.955969342031826	0.577517578622339
6003	-1.48018317295949	0.760075857017012
6004	9.18937119752268	1.0650720725544
6005	3.86278767333421	0.422504997121821
6006	4.07277951095575	1.05614275885192
6007	8.09335750718966	1.09823830530033
6008	2.40746289272958	0.840059050715299
6009	1.75169841125618	0.811243497242203
6010	6.30234904471344	0.295273496195916
6011	6.13579655870498	0.426409046177081
6012	4.54584570886809	0.39965429425055
6013	0.0167104651076917	0.863910062179407
6014	-3.94584964160729	0.588412915133535
6015	4.87117994637236	0.939231422025479
6016	-0.0896766524990942	0.691725118969996
6017	1.67250081881448	0.89173602856161
6018	10.5986502421001	1.14119352554172
6019	2.16053848443678	0.58471268387998
6020	3.95893327242985	0.94614688352659
6021	8.64082570944673	1.08917081292656
6022	4.54730201138831	0.432018634585958
6023	0.977307494202632	0.831760983650504
6024	1.06882011005263	0.353269600912823
6025	3.19035531022509	0.482110791405423
6026	0.354662517959042	0.59024129881881
6027	8.21281182966493	0.251258637426071
6028	-2.44353143268069	0.586852474554779
6029	3.96386746052535	1.03004190356177
6030	1.75346706331009	0.548619122605039
6031	2.72891950447322	0.677519925512395
6032	0.15130527464686	0.784370153417296
6033	0.776844952845669	0.687943584122727
6034	3.43692809074676	0.408440587538521
6035	1.10411931682987	0.991555202343244
6036	0.19172838097893	0.847033759356422
6037	2.32819553563234	0.961421175599141
6038	5.41486842392824	0.337252422382552
6039	4.00172788958346	0.897276943836292
6040	1.80975166297802	0.613123977523563
6041	3.37918766093409	0.985709989066699
6042	0.271837861555728	0.827565058475727
6043	4.27576087797144	0.951137660732356
6044	1.21458901003792	0.742052758782301
6045	-1.34571426500243	0.720846791948348
6046	1.5991827235065	0.956979640745092
6047	8.90883706034136	0.260299601959767
6048	1.55573076680744	0.673108929532747
6049	1.71821580999688	0.905100962208318
6050	3.09945175602001	0.869101986763807
6051	0.814243488014961	0.673463221683028
6052	3.47294951502317	1.0223283169562
6053	0.820190235673438	0.637518512089783
6054	0.0858972810183634	0.461717294068065
6055	9.50144070357534	0.303361247591874
6056	9.73618464349955	0.329542385612244
6057	0.480776128002462	0.526721447798969
6058	-2.07576876510189	0.710764981583588
6059	2.08428246714859	0.841157044362425
6060	0.0423928969344883	0.609082053451486
6061	10.9400305590002	1.069317620462
6062	1.45510443302963	0.50610518135916
6063	1.43980085650073	0.656588931153315
6064	1.06729994622673	0.541384871117748
6065	-0.667118095738368	0.831030403881241
6066	2.48559622194781	0.473740092263465
6067	-3.59334622840611	0.674305054822239
6068	5.4842791619212	0.936020296407281
6069	6.52912929207117	0.315700873454002
6070	9.41640296883018	1.03516268406067
6071	1.8833297538254	0.547458579945967
6072	2.72801818624204	1.00252985683582
6073	2.06766699685338	0.55438018039207
6074	-0.873487412559177	0.542640178962442
6075	-2.48713331053373	0.672309665406354
6076	6.12039571806073	1.05051188625427
6077	3.89217324849871	1.02517496571724
6078	0.437893522890534	0.593765921645083
6079	2.91732636838642	0.946033633533126
6080	6.45903992462169	1.1127378064426
6081	-0.983639680156443	0.634392082991228
6082	1.35549236184546	0.887094227011629
6083	2.71621453822414	0.602865052740808
6084	-1.94906625013054	0.53497987842482
6085	3.56726923576964	0.927631740094782
6086	3.84800896785591	0.423423860881376
6087	3.73079781533223	0.885826914438934
6088	4.54384424690582	0.349756142788516
6089	3.07197709478683	0.462345956254583
6090	5.11454114811392	0.369412117171921
6091	1.35550223140033	0.45701725671267
6092	9.41913541980507	0.292679772773207
6093	3.04965937796903	0.823225106210426
6094	6.49725403412085	1.0360247589263
6095	5.97422921167153	0.947483316033312
6096	4.29910421735747	0.964212320386339
6097	-2.48117093495082	0.653140866313629
6098	-0.855475425622786	0.612041387035958
6099	1.02982585245596	0.976546079830197
6100	-0.550405438180211	0.78925172448571
6101	-0.378911573341857	0.83453502743882
6102	0.860069221105435	0.560304298095458
6103	0.0782511233260432	0.48487511761502
6104	9.05461057364169	1.14190106589765
6105	-0.667633028420721	0.815226285556596
6106	6.49555919214203	0.432987783019698
6107	6.37854978133696	0.356741293416995
6108	1.83758599419501	0.67391651472369
6109	7.24258033035268	1.07950240929441
6110	3.71548639175473	0.783638155535011
6111	6.89111419736346	1.12688258451627
6112	1.01091020763872	0.904626919868154
6113	3.60354287504806	0.563514414920101
6114	-1.13234192349842	0.631494685180639
6115	4.04042233026464	0.37387507216048
6116	7.74974825111187	0.25097419237125
6117	1.03288850154374	0.889869385258484
6118	5.11043242136999	0.332923879606234
6119	1.09225002588568	0.644964597306574
6120	0.351957938008793	0.821235891949377
6121	7.69667328978609	1.14113215896118
6122	2.68677664636076	0.689810071575296
6123	-0.420341071145105	0.679583894467438
6124	3.47992365154558	0.396821811585237
6125	2.13723221294091	0.925570686349828
6126	1.50185514701769	0.651886733700721
6127	-0.14263730175095	0.703976229762068
6128	3.0038066445694	0.427837410396178
6129	1.28722956868309	0.447039167011495
6130	-0.318752239915457	0.780865195077473
6131	0.322131339588853	0.761911935400059
6132	5.2616944108093	0.309168543655937
6133	8.82900430089372	0.271403716174312
6134	-2.30272827027497	0.823686422166747
6135	7.22671133846696	1.08363208612404
6136	-2.72650320743043	0.783030131265667
6137	-0.46843181378382	0.749205261146567
6138	-1.03217188205283	0.717489143724924
6139	7.16723598287619	1.13499921379237
6140	-0.111691247546562	0.700767639679979
6141	-2.6259055099788	0.860058649744178
6142	2.72434890377882	0.786166721778223
6143	-0.875120443972189	0.456325385690377
6144	1.17835308185305	0.473875736669177
6145	-0.338855688886291	0.902368796692986
6146	-1.42065506517047	0.650681991527073
6147	7.97386728885544	0.398353760522187
6148	2.22575254380213	0.918183322700924
6149	3.04465045166932	0.334564029698544
6150	1.50293764620544	1.02536184302919
6151	1.37353910564799	0.798084248639342
6152	0.0804999982917752	0.745802727750815
6153	0.419282683854408	0.538094979771233
6154	-1.77964448430797	0.651191855567331
6155	-2.97491361983617	0.694218652294808
6156	1.51608146727065	0.403573772299255
6157	2.03166462183689	0.720765869299135
6158	5.25153152901144	0.307541826568816
6159	-0.990726377760774	0.491692342655794
6160	6.71007762971618	0.432525209882997
6161	2.51754568958693	0.498090083215712
6162	5.14228240478092	1.05314551186653
6163	2.22102915390564	0.644920010071385
6164	4.59494068903147	0.948456646598182
6165	3.97686449291997	1.03998081018819
6166	4.68391143616397	0.614806304673011
6167	6.33941544000246	0.297112644157336
6168	-1.87467214629883	0.544197708989685
6169	1.51311956696982	0.897290586477421
6170	1.36435275540902	0.54613292632638
6171	5.22823915846488	0.812425885236762
6172	4.38826261422772	1.00359776497273
6173	5.47986906477806	1.01771017758653
6174	0.270595138764477	0.595011662679533
6175	-0.153860075129734	0.585129865330042
6176	5.56012300122196	1.05346503113168
6177	2.32505263054526	0.825069069234112
6178	6.24277095251061	0.913072422195652
6179	2.45398224816271	0.789588372065938
6180	8.26490907575558	1.06040994521187
6181	-0.930945882161437	0.506220486631851
6182	5.39932265096741	0.413026619152301
6183	5.81624554422744	1.04528478073579
6184	-2.93409858024638	0.696854775327557
6185	6.16025155235434	1.03674172506466
6186	3.16011254647495	0.411147202032554
6187	5.32739330739337	0.928555678949871
6188	0.282227101930624	0.897993561004925
6189	6.22767820949219	1.09737389521737
6190	-1.77049189360083	0.737150943022916
6191	1.25986883578969	0.886393194263491
6192	1.24833832538136	0.592779648072564
6193	4.27138506427479	0.330821984968569
6194	8.23388103279801	1.08243784544047
6195	-0.724592211437589	0.496673139920286
6196	-1.80064293010617	0.776191554698509
6197	8.34779430816257	0.339450602595789
6198	2.14232647054823	1.00349997658275
6199	2.01688935116643	0.528260257548507
6200	2.11802353590613	0.951063606518856
6201	0.72659511272592	0.496042233338883
6202	0.955969342031826	0.59489808808607
6203	-1.48018317295949	0.78101860294784
6204	9.18937119752268	1.09196617084716
6205	3.86278767333421	0.436860765798467
6206	4.07277951095575	1.08286262058211
6207	8.09335750718966	1.12577957207432
6208	2.40746289272958	0.862562498531863
6209	1.75169841125618	0.833184670828837
6210	6.30234904471344	0.307146612777312
6211	6.13579655870498	0.440840994066395
6212	4.54584570886809	0.413564180068404
6213	0.0167104651076917	0.886878911749108
6214	-3.94584964160729	0.606006023912853
6215	4.87117994637236	0.963670007709885
6216	-0.0896766524990942	0.711334145642705
6217	1.67250081881448	0.915247842674198
6218	10.5986502421001	1.16957297206489
6219	2.16053848443678	0.602233590517472
6220	3.95893327242985	0.970720409731703
6221	8.64082570944673	1.11653514687513
6222	4.54730201138831	0.446560041660422
6223	0.977307494202632	0.854102512339846
6224	1.06882011005263	0.366274388109153
6225	3.19035531022509	0.497629640364785
6226	0.354662517959042	0.60787008461643
6227	8.21281182966493	0.262272897666451
6228	-2.44353143268069	0.604415134655553
6229	3.96386746052535	1.05625246262239
6230	1.75346706331009	0.56543574017204
6231	2.72891950447322	0.696851768051895
6232	0.15130527464686	0.805786950863841
6233	0.776844952845669	0.707478822186927
6234	3.43692809074676	0.422521919179792
6235	1.10411931682987	1.01701477529804
6236	0.19172838097893	0.8696733037756
6237	2.32819553563234	0.986292747122761
6238	5.41486842392824	0.349944668411413
6239	4.00172788958346	0.920896877123897
6240	1.80975166297802	0.631199270120347
6241	3.37918766093409	1.01105550511827
6242	0.271837861555728	0.849824712610805
6243	4.27576087797144	0.975808571338319
6244	1.21458901003792	0.762643822289597
6245	-1.34571426500243	0.741024066121957
6246	1.5991827235065	0.981764545164014
6247	8.90883706034136	0.271490277391191
6248	1.55573076680744	0.692354700868722
6249	1.71821580999688	0.928873564571296
6250	3.09945175602001	0.892172145697572
6251	0.814243488014961	0.69271590627667
6252	3.47294951502317	1.04838836178247
6253	0.820190235673438	0.656069812136867
6254	0.0858972810183634	0.476838207307691
6255	9.50144070357534	0.315392179437594
6256	9.73618464349955	0.34208418667423
6257	0.480776128002462	0.5431107788226
6258	-2.07576876510189	0.730745530673834
6259	2.08428246714859	0.863681917189373
6260	0.0423928969344883	0.627078476497936
6261	10.9400305590002	1.0962945615911
6262	1.45510443302963	0.522092229797892
6263	1.43980085650073	0.675512349862057
6264	1.06729994622673	0.558060327655587
6265	-0.667118095738368	0.853357676860466
6266	2.48559622194781	0.489095604835123
6267	-3.59334622840611	0.693574165998856
6268	5.4842791619212	0.960396223805916
6269	6.52912929207117	0.327972586849718
6270	9.41640296883018	1.06147316425987
6271	1.8833297538254	0.564252551991669
6272	2.72801818624204	1.02820357682788
6273	2.06766699685338	0.571309212746932
6274	-0.873487412559177	0.559340130162595
6275	-2.48713331053373	0.691539840803088
6276	6.12039571806073	1.07712187348363
6277	3.89217324849871	1.05129055683872
6278	0.437893522890534	0.611463482959622
6279	2.91732636838642	0.970604949905522
6280	6.45903992462169	1.14056200013821
6281	-0.983639680156443	0.652882377424956
6282	1.35549236184546	0.910515466240954
6283	2.71621453822414	0.620740164243118
6284	-1.94906625013054	0.551530355154879
6285	3.56726923576964	0.951843982661015
6286	3.84800896785591	0.437797559229694
6287	3.73079781533223	0.909223424759215
6288	4.54384424690582	0.362692372323336
6289	3.07197709478683	0.477479136499497
6290	5.11454114811392	0.38273189123488
6291	1.35550223140033	0.472046458721168
6292	9.41913541980507	0.304502278359346
6293	3.04965937796903	0.845400075408941
6294	6.49725403412085	1.06235206068271
6295	5.97422921167153	0.972082919875951
6296	4.29910421735747	0.989138355163191
6297	-2.48117093495082	0.671997003371708
6298	-0.855475425622786	0.63009555518225
6299	1.02982585245596	1.00171278168637
6300	-0.550405438180211	0.810763775407636
6301	-0.378911573341857	0.856930685691779
6302	0.860069221105435	0.57734892700559
6303	0.0782511233260432	0.500447906520121
6304	9.05461057364169	1.17029431856579
6305	-0.667633028420721	0.837245174785046
6306	6.49555919214203	0.447548100964286
6307	6.37854978133696	0.369813823307601
6308	1.83758599419501	0.693178044366781
6309	7.24258033035268	1.10667808491262
6310	3.71548639175473	0.805040669599981
6311	6.89111419736346	1.15498278346739
6312	1.01091020763872	0.928390272303241
6313	3.60354287504806	0.580621682431544
6314	-1.13234192349842	0.649928443059403
6315	4.04042233026464	0.387281931296497
6316	7.74974825111187	0.261982902271454
6317	1.03288850154374	0.913344775797713
6318	5.11043242136999	0.345531663330439
6319	1.09225002588568	0.66366119186744
6320	0.351957938008793	0.84337204586302
6321	7.69667328978609	1.16951040804606
6322	2.68677664636076	0.709381730171763
6323	-0.420341071145105	0.698956010970647
6324	3.47992365154558	0.4106764275291
6325	2.13723221294091	0.949742711836477
6326	1.50185514701769	0.670718399028634
6327	-0.14263730175095	0.723824310801469
6328	3.0038066445694	0.442297229774828
6329	1.28722956868309	0.461873667824747
6330	-0.318752239915457	0.802213600717722
6331	0.322131339588853	0.782890508494849
6332	5.2616944108093	0.321312792531137
6333	8.82900430089372	0.282811064774094
6334	-2.30272827027497	0.845870392964843
6335	7.22671133846696	1.11088834360097
6336	-2.72650320743043	0.804420781030402
6337	-0.46843181378382	0.769935890522785
6338	-1.03217188205283	0.737600900535802
6339	7.16723598287619	1.16325779149822
6340	-0.111691247546562	0.720553111909202
6341	-2.6259055099788	0.882952347192883
6342	2.72434890377882	0.807618575434693
6343	-0.875120443972189	0.471341087307615
6344	1.17835308185305	0.489233896052871
6345	-0.338855688886291	0.926088086657762
6346	-1.42065506517047	0.66949014887418
6347	7.97386728885544	0.412238269190811
6348	2.22575254380213	0.942211199500276
6349	3.04465045166932	0.347203817462893
6350	1.50293764620544	1.05148108066389
6351	1.37353910564799	0.819768647481687
6352	0.0804999982917752	0.766466963925643
6353	0.419282683854408	0.554706241077662
6354	-1.77964448430797	0.670009961826608
6355	-2.97491361983617	0.713876334966137
6356	1.51608146727065	0.417560138393762
6357	2.03166462183689	0.740941564439382
6358	5.25153152901144	0.319654333520394
6359	-0.990726377760774	0.507398155206046
6360	6.71007762971618	0.447076501696801
6361	2.51754568958693	0.513920734063795
6362	5.14228240478092	1.07980688869751
6363	2.22102915390564	0.663615734607202
6364	4.59494068903147	0.973075242916338
6365	3.97686449291997	1.0663853058697
6366	4.68391143616397	0.63291442430549
6367	6.33941544000246	0.309021647798986
6368	-1.87467214629883	0.56092805207516
6369	1.51311956696982	0.920910785972148
6370	1.36435275540902	0.562901031061609
6371	5.22823915846488	0.834390130609949
6372	4.38826261422772	1.02929232292045
6373	5.47986906477806	1.04368010924664
6374	0.270595138764477	0.612733531980434
6375	-0.153860075129734	0.602658912376108
6376	5.56012300122196	1.08013264270144
6377	2.32505263054526	0.847280019448579
6378	6.24277095251061	0.937000570643489
6379	2.45398224816271	0.81110699194928
6380	8.26490907575558	1.08721307200676
6381	-0.930945882161437	0.522209785007704
6382	5.39932265096741	0.427197437445164
6383	5.81624554422744	1.07179277212
6384	-2.93409858024638	0.71656389633234
6385	6.16025155235434	1.06308301689014
6386	3.16011254647495	0.425281347498198
6387	5.32739330739337	0.952785950217469
6388	0.282227101930624	0.921627477552197
6389	6.22767820949219	1.12489829486735
6390	-1.77049189360083	0.757646358022752
6391	1.25986883578969	0.909800754329964
6392	1.24833832538136	0.610457964356325
6393	4.27138506427479	0.343388754690045
6394	8.23388103279801	1.10967079985084
6395	-0.724592211437589	0.512476142134063
6396	-1.80064293010617	0.797448764188474
6397	8.34779430816257	0.352185741435569
6398	2.14232647054823	1.02919262639804
6399	2.01688935116643	0.544679615171062
6400	2.11802353590613	0.97573307211437
6401	0.72659511272592	0.511468714510755
6402	0.955969342031826	0.612154028503682
6403	-1.48018317295949	0.801718951363407
6404	9.18937119752268	1.11842101811855
6405	3.86278767333421	0.451192015097171
6406	4.07277951095575	1.10914899453197
6407	8.09335750718966	1.15286018136722
6408	2.40746289272958	0.884771925333241
6409	1.75169841125618	0.854850421803947
6410	6.30234904471344	0.319077328924441
6411	6.13579655870498	0.455245902789961
6412	4.54584570886809	0.427464295022389
6413	0.0167104651076917	0.909538346161034
6414	-3.94584964160729	0.623467531476198
6415	4.87117994637236	0.987750563620941
6416	-0.0896766524990942	0.730744890371901
6417	1.67250081881448	0.938432281933894
6418	10.5986502421001	1.19746403654752
6419	2.16053848443678	0.619625284176808
6420	3.95893327242985	0.994931442721714
6421	8.64082570944673	1.14344467576823
6422	4.54730201138831	0.461070788976194
6423	0.977307494202632	0.876155375829953
6424	1.06882011005263	0.379299342483623
6425	3.19035531022509	0.513085498617738
6426	0.354662517959042	0.625366089105603
6427	8.21281182966493	0.273373165953813
6428	-2.44353143268069	0.621847200694487
6429	3.96386746052535	1.08204638016049
6430	1.75346706331009	0.582146440604318
6431	2.72891950447322	0.715994497096521
6432	0.15130527464686	0.826945670543432
6433	0.776844952845669	0.726818219021155
6434	3.43692809074676	0.436587809025717
6435	1.10411931682987	1.04208254717648
6436	0.19172838097893	0.892014325497998
6437	2.32819553563234	1.01079196695502
6438	5.41486842392824	0.362667419575383
6439	4.00172788958346	0.944185859289321
6440	1.80975166297802	0.649127012256469
6441	3.37918766093409	1.03601299276563
6442	0.271837861555728	0.871798409719863
6443	4.27576087797144	1.00011376753514
6444	1.21458901003792	0.78300412091803
6445	-1.34571426500243	0.760984262369881
6446	1.5991827235065	1.00617996458849
6447	8.90883706034136	0.282761125565824
6448	1.55573076680744	0.711414205696047
6449	1.71821580999688	0.952310165961079
6450	3.09945175602001	0.914929538453106
6451	0.814243488014961	0.711782095691112
6452	3.47294951502317	1.07403674366133
6453	0.820190235673438	0.674457816774942
6454	0.0858972810183634	0.491909292402436
6455	9.50144070357534	0.327475490777002
6456	9.73618464349955	0.35466146915527
6457	0.480776128002462	0.559408326113306
6458	-2.07576876510189	0.750515508934607
6459	2.08428246714859	0.885912060323821
6460	0.0423928969344883	0.64492995786011
6461	10.9400305590002	1.12282951149764
6462	1.45510443302963	0.538000800846942
6463	1.43980085650073	0.694260164553801
6464	1.06729994622673	0.574634536256866
6465	-0.667118095738368	0.875396756178074
6466	2.48559622194781	0.504393529395194
6467	-3.59334622840611	0.712656238652465
6468	5.4842791619212	0.984416193985889
6469	6.52912929207117	0.340288715382545
6470	9.41640296883018	1.08736369783457
6471	1.8833297538254	0.58094135595093
6472	2.72801818624204	1.05347841237959
6473	2.06766699685338	0.588128609611345
6474	-0.873487412559177	0.575938023213674
6475	-2.48713331053373	0.710584265559689
6476	6.12039571806073	1.10330200726306
6477	3.89217324849871	1.07699264770216
6478	0.437893522890534	0.629025988070729
6479	2.91732636838642	0.994813846157682
6480	6.45903992462169	1.16791617794929
6481	-0.983639680156443	0.671211394338745
6482	1.35549236184546	0.933612326572298
6483	2.71621453822414	0.638474346695818
6484	-1.94906625013054	0.567983717918587
6485	3.56726923576964	0.97570568222895
6486	3.84800896785591	0.45214614513844
6487	3.73079781533223	0.932296374142232
6488	4.54384424690582	0.375651036725255
6489	3.07197709478683	0.492562082842508
6490	5.11454114811392	0.396061413622365
6491	1.35550223140033	0.487028866126793
6492	9.41913541980507	0.316384057576415
6493	3.04965937796903	0.867291888713962
6494	6.49725403412085	1.08825885940621
6495	5.97422921167153	0.996319167930736
6496	4.29910421735747	1.01369023676195
6497	-2.48117093495082	0.690679761895001
6498	-0.855475425622786	0.648002871603543
6499	1.02982585245596	1.02649736979423
6500	-0.550405438180211	0.832014597853414
6501	-0.378911573341857	0.879035888296249
6502	0.860069221105435	0.594280096825893
6503	0.0782511233260432	0.515955920541572
6504	9.05461057364169	1.19819873252609
6505	-0.667633028420721	0.858986070793539
6506	6.49555919214203	0.462077133633347
6507	6.37854978133696	0.382904279644146
6508	1.83758599419501	0.712252786262045
6509	7.24258033035268	1.13340519574673
6510	3.71548639175473	0.826185578350906
6511	6.89111419736346	1.18260383707919
6512	1.01091020763872	0.951817929725967
6513	3.60354287504806	0.597613418949575
6514	-1.13234192349842	0.668202793483785
6515	4.04042233026464	0.400695658234946
6516	7.74974825111187	0.273077803807823
6517	1.03288850154374	0.936493996270405
6518	5.11043242136999	0.358172745958261
6519	1.09225002588568	0.682189685097431
6520	0.351957938008793	0.865226327780418
6521	7.69667328978609	1.1974003146982
6522	2.68677664636076	0.728756342852493
6523	-0.420341071145105	0.71813768183286
6524	3.47992365154558	0.424523100776512
6525	2.13723221294091	0.973565524589386
6526	1.50185514701769	0.689377495275747
6527	-0.14263730175095	0.743466202671003
6528	3.0038066445694	0.456729088079556
6529	1.28722956868309	0.476667814186977
6530	-0.318752239915457	0.823306190793964
6531	0.322131339588853	0.803625499015518
6532	5.2616944108093	0.333505672700759
6533	8.82900430089372	0.294291419195977
6534	-2.30272827027497	0.867770910122594
6535	7.22671133846696	1.13769337087922
6536	-2.72650320743043	0.825554217917795
6537	-0.46843181378382	0.790431138585259
6538	-1.03217188205283	0.757497746545672
6539	7.16723598287619	1.19103198515407
6540	-0.111691247546562	0.740134465886738
6541	-2.6259055099788	0.905539115298401
6542	2.72434890377882	0.828811191766277
6543	-0.875120443972189	0.486310440875838
6544	1.17835308185305	0.504534379876099
6545	-0.338855688886291	0.949473139069128
6546	-1.42065506517047	0.688126514716434
6547	7.97386728885544	0.426113846398193
6548	2.22575254380213	0.965894631587132
6549	3.04465045166932	0.359875845529867
6550	1.50293764620544	1.07718669742445
6551	1.37353910564799	0.841186117077649
6552	0.0804999982917752	0.786898014881611
6553	0.419282683854408	0.571218377839932
6554	-1.77964448430797	0.688655947499819
6555	-2.97491361983617	0.733334126294384
6556	1.51608146727065	0.431534203878272
6557	2.03166462183689	0.760900233883797
6558	5.25153152901144	0.331816521697329
6559	-0.990726377760774	0.52303479283559
6560	6.71007762971618	0.461596806793355
6561	2.51754568958693	0.529678080701701
6562	5.14228240478092	1.1060367122593
6563	2.22102915390564	0.682143386590053
6564	4.59494068903147	0.997329855230535
6565	3.97686449291997	1.09236674516675
6566	4.68391143616397	0.650873907654006
6567	6.33941544000246	0.320987063966313
6568	-1.87467214629883	0.577555331735984
6569	1.51311956696982	0.944200025539332
6570	1.36435275540902	0.579564823326139
6571	5.22823915846488	0.856078190223709
6572	4.38826261422772	1.05458730716856
6573	5.47986906477806	1.069241358642
6574	0.270595138764477	0.63031954104009
6575	-0.153860075129734	0.62005847718287
6576	5.56012300122196	1.1063684947749
6577	2.32505263054526	0.869206623621714
6578	6.24277095251061	0.960587573103972
6579	2.45398224816271	0.832364166074248
6580	8.26490907575558	1.11357995685405
6581	-0.930945882161437	0.538120531572468
6582	5.39932265096741	0.441349853983323
6583	5.81624554422744	1.09787428378154
6584	-2.93409858024638	0.736071424562893
6585	6.16025155235434	1.08900334293172
6586	3.16011254647495	0.439398304240089
6587	5.32739330739337	0.976665082149524
6588	0.282227101930624	0.944929980451541
6589	6.22767820949219	1.15196259495188
6590	-1.77049189360083	0.777914171919434
6591	1.25986883578969	0.93288438796556
6592	1.24833832538136	0.628001861006555
6593	4.27138506427479	0.355990179939607
6594	8.23388103279801	1.1364532948605
6595	-0.724592211437589	0.52820675467444
6596	-1.80064293010617	0.818453174619058
6597	8.34779430816257	0.364949966640453
6598	2.14232647054823	1.05448576562924
6599	2.01688935116643	0.561006195867733
6600	2.11802353590613	1.0000368710975
6601	0.72659511272592	0.526831428284216
6602	0.955969342031826	0.629285383077623
6603	-1.48018317295949	0.822180208220149
6604	9.18937119752268	1.1444454715791
6605	3.86278767333421	0.465495906827244
6606	4.07277951095575	1.13501057538909
6607	8.09335750718966	1.17948959405013
6608	2.40746289272958	0.906692092854695
6609	1.75169841125618	0.876244987429208
6610	6.30234904471344	0.331060490698563
6611	6.13579655870498	0.469621005214918
6612	4.54584570886809	0.441351385014827
6613	0.0167104651076917	0.931893561264115
6614	-3.94584964160729	0.64079761933268
6615	4.87117994637236	1.01147965653609
6616	-0.0896766524990942	0.749959415058208
6617	1.67250081881448	0.961295048651681
6618	10.5986502421001	1.22487696169121
6619	2.16053848443678	0.636887879018969
6620	3.95893327242985	1.01878667514278
6621	8.64082570944673	1.16990869543901
6622	4.54730201138831	0.475548211500861
6623	0.977307494202632	0.897924184822477
6624	1.06882011005263	0.392340365688016
6625	3.19035531022509	0.528476612862169
6626	0.354662517959042	0.642729527073956
6627	8.21281182966493	0.284553487232376
6628	-2.44353143268069	0.63914882577902
6629	3.96386746052535	1.10743187580045
6630	1.75346706331009	0.598750681121818
6631	2.72891950447322	0.734949915997333
6632	0.15130527464686	0.847850060594426
6633	0.776844952845669	0.745963767698095
6634	3.43692809074676	0.450635162898457
6635	1.10411931682987	1.06676603710422
6636	0.19172838097893	0.914061713205961
6637	2.32819553563234	1.03492580575039
6638	5.41486842392824	0.375416285996633
6639	4.00172788958346	0.967149693494073
6640	1.80975166297802	0.666907835208542
6641	3.37918766093409	1.06058986474537
6642	0.271837861555728	0.893490684134275
6643	4.27576087797144	1.02406003280641
6644	1.21458901003792	0.803136632584564
6645	-1.34571426500243	0.780729972638032
6646	1.5991827235065	1.03023278883234
6647	8.90883706034136	0.294106355983015
6648	1.55573076680744	0.730289167080983
6649	1.71821580999688	0.975416711944594
6650	3.09945175602001	0.937379455377861
6651	0.814243488014961	0.73066351944111
6652	3.47294951502317	1.0992815418217
6653	0.820190235673438	0.692683601286985
6654	0.0858972810183634	0.506928424866938
6655	9.50144070357534	0.339606174876997
6656	9.73618464349955	0.367269702846699
6657	0.480776128002462	0.575613148330163
6658	-2.07576876510189	0.770077324812191
6659	2.08428246714859	0.907852255485677
6660	0.0423928969344883	0.662637055247322
6661	10.9400305590002	1.14893140466563
6662	1.45510443302963	0.553829577927504
6663	1.43980085650073	0.712833797613343
6664	1.06729994622673	0.591106822470493
6665	-0.667118095738368	0.897152239238393
6666	2.48559622194781	0.519631960285977
6667	-3.59334622840611	0.731553017620077
6668	5.4842791619212	1.00808671527875
6669	6.52912929207117	0.35264447691364
6670	9.41640296883018	1.11284259761277
6671	1.8833297538254	0.59752442792059
6672	2.72801818624204	1.07836208236692
6673	2.06766699685338	0.604837933062608
6674	-0.873487412559177	0.592433206512519
6675	-2.48713331053373	0.729444648194966
6676	6.12039571806073	1.12906087979228
6677	3.89217324849871	1.10228936934851
6678	0.437893522890534	0.646453715917901
6679	2.91732636838642	1.0186670128745
6680	6.45903992462169	1.1948100646532
6681	-0.983639680156443	0.689380152111251
6682	1.35549236184546	0.95639042583094
6683	2.71621453822414	0.656068044652225
6684	-1.94906625013054	0.584339175687198
6685	3.56726923576964	0.999223194449533
6686	3.84800896785591	0.466466797141219
6687	3.73079781533223	0.955051357346834
6688	4.54384424690582	0.388627973697397
6689	3.07197709478683	0.507592682240575
6690	5.11454114811392	0.409396879797047
6691	1.35550223140033	0.501962268898528
6692	9.41913541980507	0.328319909277161
6693	3.04965937796903	0.888905001465136
6694	6.49725403412085	1.11375348361547
6695	5.97422921167153	1.02019877716832
6696	4.29910421735747	1.03787498663886
6697	-2.48117093495082	0.709190501509875
6698	-0.855475425622786	0.665763947872159
6699	1.02982585245596	1.05090709009751
6700	-0.550405438180211	0.853008028811166
6701	-0.378911573341857	0.900855296444422
6702	0.860069221105435	0.611097477458882
6703	0.0782511233260432	0.531397456690924
6704	9.05461057364169	1.22562456335813
6705	-0.667633028420721	0.880453283334714
6706	6.49555919214203	0.476572233633998
6707	6.37854978133696	0.396008627266892
6708	1.83758599419501	0.731142478174649
6709	7.24258033035268	1.1596928616547
6710	3.71548639175473	0.847076616603008
6711	6.89111419736346	1.20975572757899
6712	1.01091020763872	0.974915829075188
6713	3.60354287504806	0.614489352804233
6714	-1.13234192349842	0.686318702096732
6715	4.04042233026464	0.414112529669007
6716	7.74974825111187	0.284252936747375
6717	1.03288850154374	0.959322715012658
6718	5.11043242136999	0.370842658827807
6719	1.09225002588568	0.700551287806157
6720	0.351957938008793	0.886803156835409
6721	7.69667328978609	1.22481212050226
6722	2.68677664636076	0.74793593666222
6723	-0.420341071145105	0.737130747971559
6724	3.47992365154558	0.43835852567561
6725	2.13723221294091	0.997045442746141
6726	1.50185514701769	0.707865359241883
6727	-0.14263730175095	0.762904190254485
6728	3.0038066445694	0.47113024417524
6729	1.28722956868309	0.491419214455368
6730	-0.318752239915457	0.844146649650605
6731	0.322131339588853	0.824120246337074
6732	5.2616944108093	0.34574228313064
6733	8.82900430089372	0.305839191045945
6734	-2.30272827027497	0.889392437376082
6735	7.22671133846696	1.16405636298124
6736	-2.72650320743043	0.846434165676384
6737	-0.46843181378382	0.81069411343407
6738	-1.03217188205283	0.777182212587693
6739	7.16723598287619	1.21833192471849
6740	-0.111691247546562	0.759513928096663
6741	-2.6259055099788	0.927824079809874
6742	2.72434890377882	0.84974835161078
6743	-0.875120443972189	0.501231223771241
6744	1.17835308185305	0.519775284950032
6745	-0.338855688886291	0.972529849765707
6746	-1.42065506517047	0.706592403926073
6747	7.97386728885544	0.439977214375563
6748	2.22575254380213	0.989239802641238
6749	3.04465045166932	0.372575675090043
6750	1.50293764620544	1.10248682775319
6751	1.37353910564799	0.862340655176642
6752	0.0804999982917752	0.80709892678909
6753	0.419282683854408	0.587630655727444
6754	-1.77964448430797	0.707131136739271
6755	-2.97491361983617	0.752594133565121
6756	1.51608146727065	0.445492785993753
6757	2.03166462183689	0.780644468105413
6758	5.25153152901144	0.344023460457486
6759	-0.990726377760774	0.53860067663669
6760	6.71007762971618	0.47608346936045
6761	2.51754568958693	0.54536066066735
6762	5.14228240478092	1.13184362268642
6763	2.22102915390564	0.700504176018015
6764	4.59494068903147	1.02122721822707
6765	3.97686449291997	1.11793352860234
6766	4.68391143616397	0.668685416615306
6767	6.33941544000246	0.33300377219502
6768	-1.87467214629883	0.594078924717692
6769	1.51311956696982	0.967164108588794
6770	1.36435275540902	0.59612371508851
6771	5.22823915846488	0.877494322860429
6772	4.38826261422772	1.07949045603011
6773	5.47986906477806	1.09440192094649
6774	0.270595138764477	0.647769991471802
6775	-0.153860075129734	0.637328681504455
6776	5.56012300122196	1.13218123330218
6777	2.32505263054526	0.890853370655244
6778	6.24277095251061	0.983839520233042
6779	2.45398224816271	0.853363737556307
6780	8.26490907575558	1.13951937210863
6781	-0.930945882161437	0.553951411846017
6782	5.39932265096741	0.455480858059571
6783	5.81624554422744	1.12353781278128
6784	-2.93409858024638	0.755379515285017
6785	6.16025155235434	1.11451104475763
6786	3.16011254647495	0.45349502734364
6787	5.32739330739337	1.00019944721365
6788	0.282227101930624	0.967906885907659
6789	6.22767820949219	1.17857624060887
6790	-1.77049189360083	0.797957273411691
6791	1.25986883578969	0.95564970023602
6792	1.24833832538136	0.645411599011526
6793	4.27138506427479	0.368621753798654
6794	8.23388103279801	1.16279450375546
6795	-0.724592211437589	0.543863489289467
6796	-1.80064293010617	0.839208385269462
6797	8.34779430816257	0.377738928341821
6798	2.14232647054823	1.07938713080951
6799	2.01688935116643	0.577239086305559
6800	2.11802353590613	1.02398178560399
6801	0.72659511272592	0.542128673294346
6802	0.955969342031826	0.646292167910935
6803	-1.48018317295949	0.842405623177909
6804	9.18937119752268	1.17004818312294
6805	3.86278767333421	0.479769711437072
6806	4.07277951095575	1.16045585688743
6807	8.09335750718966	1.20567704947285
6808	2.40746289272958	0.928327667455451
6809	1.75169841125618	0.89737252366941
6810	6.30234904471344	0.343091114964777
6811	6.13579655870498	0.483963640939977
6812	4.54584570886809	0.455222315751867
6813	0.0167104651076917	0.953949645877739
6814	-3.94584964160729	0.657996496568591
6815	4.87117994637236	1.03486370940153
6816	-0.0896766524990942	0.768979758701532
6817	1.67250081881448	0.983841724513356
6818	10.5986502421001	1.25182174768851
6819	2.16053848443678	0.654021518590037
6820	3.95893327242985	1.04229265243098
6821	8.64082570944673	1.19593628462962
6822	4.54730201138831	0.489989748192764
6823	0.977307494202632	0.919413458697436
6824	1.06882011005263	0.405393501841306
6825	3.19035531022509	0.543801309311906
6826	0.354662517959042	0.65996063999296
6827	8.21281182966493	0.295808098755669
6828	-2.44353143268069	0.656320191356197
6829	3.96386746052535	1.13241698096579
6830	1.75346706331009	0.615247965964743
6831	2.72891950447322	0.753719812145269
6832	0.15130527464686	0.868503800988502
6833	0.776844952845669	0.764917440237358
6834	3.43692809074676	0.464661002131062
6835	1.10411931682987	1.09107259481051
6836	0.19172838097893	0.935820256797983
6837	2.32819553563234	1.05870107949025
6838	5.41486842392824	0.388187028090449
6839	4.00172788958346	0.989794059567208
6840	1.80975166297802	0.684542385756641
6841	3.37918766093409	1.08479336725361
6842	0.271837861555728	0.914905980913885
6843	4.27576087797144	1.04765400098716
6844	1.21458901003792	0.823044287715576
6845	-1.34571426500243	0.800263751742879
6846	1.5991827235065	1.05392975520643
6847	8.90883706034136	0.305520366034045
6848	1.55573076680744	0.748981294284866
6849	1.71821580999688	0.998199020933536
6850	3.09945175602001	0.959527077253001
6851	0.814243488014961	0.749361893063385
6852	3.47294951502317	1.12413065106051
6853	0.820190235673438	0.710748244540367
6854	0.0858972810183634	0.521893569695954
6855	9.50144070357534	0.351779391856678
6856	9.73618464349955	0.379904511600063
6857	0.480776128002462	0.591724361851612
6858	-2.07576876510189	0.78943335454936
6859	2.08428246714859	0.929507188482339
6860	0.0423928969344883	0.680200343847217
6861	10.9400305590002	1.1746089681883
6862	1.45510443302963	0.569577312253156
6863	1.43980085650073	0.731234665692154
6864	1.06729994622673	0.607476562400256
6865	-0.667118095738368	0.918628632481072
6866	2.48559622194781	0.5348090754556
6867	-3.59334622840611	0.750266233349352
6868	5.4842791619212	1.03141415375377
6869	6.52912929207117	0.365035250127273
6870	9.41640296883018	1.13791798571964
6871	1.8833297538254	0.614001251584783
6872	2.72801818624204	1.10286213090729
6873	2.06766699685338	0.621436789383447
6874	-0.873487412559177	0.608825078397512
6875	-2.48713331053373	0.748122683813316
6876	6.12039571806073	1.15440688506865
6877	3.89217324849871	1.12718866699584
6878	0.437893522890534	0.663746970402358
6879	2.91732636838642	1.04217099348611
6880	6.45903992462169	1.22125315642161
6881	-0.983639680156443	0.707389674233086
6882	1.35549236184546	0.978855263484938
6883	2.71621453822414	0.673521723181588
6884	-1.94906625013054	0.600595991116305
6885	3.56726923576964	1.02240273681003
6886	3.84800896785591	0.480756801961756
6887	3.73079781533223	0.977493851393851
6888	4.54384424690582	0.401619165126736
6889	3.07197709478683	0.522568910823609
6890	5.11454114811392	0.422734619801625
6891	1.35550223140033	0.516844548781889
6892	9.41913541980507	0.340304804385452
6893	3.04965937796903	0.910243781851063
6894	6.49725403412085	1.13884407070513
6895	5.97422921167153	1.04372831669627
6896	4.29910421735747	1.06169947021337
6897	-2.48117093495082	0.727530577794078
6898	-0.855475425622786	0.683379411592826
6899	1.02982585245596	1.07494902647692
6900	-0.550405438180211	0.873747834717217
6901	-0.378911573341857	0.92239347865146
6902	0.860069221105435	0.627800780118
6903	0.0782511233260432	0.546770890145032
6904	9.05461057364169	1.25258182378674
6905	-0.667633028420721	0.901651038918354
6906	6.49555919214203	0.491030857090584
6907	6.37854978133696	0.409122971787038
6908	1.83758599419501	0.749848843670252
6909	7.24258033035268	1.18554999012745
6910	3.71548639175473	0.867717451362479
6911	6.89111419736346	1.23644820167733
6912	1.01091020763872	0.99768978036614
6913	3.60354287504806	0.631249252068039
6914	-1.13234192349842	0.704277141068804
6915	4.04042233026464	0.427528954691305
6916	7.74974825111187	0.295502533305419
6917	1.03288850154374	0.981836480647419
6918	5.11043242136999	0.383537085685211
6919	1.09225002588568	0.718747210749504
6920	0.351957938008793	0.908106865982711
6921	7.69667328978609	1.25175582456383
6922	2.68677664636076	0.766922516680642
6923	-0.420341071145105	0.755937033335657
6924	3.47992365154558	0.452179517762298
6925	2.13723221294091	1.02018864728767
6926	1.50185514701769	0.726183324291015
6927	-0.14263730175095	0.78214052954917
6928	3.0038066445694	0.485498062960441
6929	1.28722956868309	0.506125573638889
6930	-0.318752239915457	0.864738595177876
6931	0.322131339588853	0.844378032640831
6932	5.2616944108093	0.358017886801397
6933	8.82900430089372	0.317448974396497
6934	-2.30272827027497	0.910739351084951
6935	7.22671133846696	1.18998630054468
6936	-2.72650320743043	0.867064280542751
6937	-0.46843181378382	0.830727872184032
6938	-1.03217188205283	0.796656794006112
6939	7.16723598287619	1.24516750066751
6940	-0.111691247546562	0.778693697704199
6941	-2.6259055099788	0.949812261328691
6942	2.72434890377882	0.87043376676153
6943	-0.875120443972189	0.516101305484603
6944	1.17835308185305	0.534954791625393
6945	-0.338855688886291	0.99526398876581
6946	-1.42065506517047	0.724889128528119
6947	7.97386728885544	0.453825215793413
6948	2.22575254380213	1.01225276279512
6949	3.04465045166932	0.385299018940651
6950	1.50293764620544	1.12738942017823
6951	1.37353910564799	0.883236184660751
6952	0.0804999982917752	0.827072696495645
6953	0.419282683854408	0.603942392571906
6954	-1.77964448430797	0.725436850600931
6955	-2.97491361983617	0.771658439944872
6956	1.51608146727065	0.45943281986997
6957	2.03166462183689	0.800176820487359
6958	5.25153152901144	0.356270383968315
6959	-0.990726377760774	0.554094302536051
6960	6.71007762971618	0.490533937329125
6961	2.51754568958693	0.56096708320719
6962	5.14228240478092	1.15723606062421
6963	2.22102915390564	0.718699312857222
6964	4.59494068903147	1.04477391825361
6965	3.97686449291997	1.1430938636425
6966	4.68391143616397	0.686349627767624
6967	6.33941544000246	0.345066821926044
6968	-1.87467214629883	0.61049825694636
6969	1.51311956696982	0.989808715191234
6970	1.36435275540902	0.612577166552263
6971	5.22823915846488	0.898642705427906
6972	4.38826261422772	1.1040093325378
6973	5.47986906477806	1.11916960915841
6974	0.270595138764477	0.665085209241935
6975	-0.153860075129734	0.654469676276253
6976	5.56012300122196	1.15757930458808
6977	2.32505263054526	0.912224661398897
6978	6.24277095251061	1.00676237163659
6979	2.45398224816271	0.87410947879464
6980	8.26490907575558	1.16503988708685
6981	-0.930945882161437	0.569701179084268
6982	5.39932265096741	0.469587552236873
6983	5.81624554422744	1.14879166053165
6984	-2.93409858024638	0.774490298357469
6985	6.16025155235434	1.13961427246174
6986	3.16011254647495	0.467568586082707
6987	5.32739330739337	1.02339527926234
6988	0.282227101930624	0.990563886442659
6989	6.22767820949219	1.20474845587728
6990	-1.77049189360083	0.817778506102667
6991	1.25986883578969	0.978102178192385
6992	1.24833832538136	0.662687464803127
6993	4.27138506427479	0.381279122783587
6994	8.23388103279801	1.18870338602043
6995	-0.724592211437589	0.559444930128036
6996	-1.80064293010617	0.859717931248233
6997	8.34779430816257	0.390548425890145
6998	2.14232647054823	1.1039042832395
6999	2.01688935116643	0.593377430119094
7000	2.11802353590613	1.04757444815716
7001	0.72659511272592	0.557358826021824
7002	0.955969342031826	0.663174430825945
7003	-1.48018317295949	0.862398390771659
7004	9.18937119752268	1.19523760443061
7005	3.86278767333421	0.494010804834815
7006	4.07277951095575	1.18549313679514
7007	8.09335750718966	1.23143157099421
7008	2.40746289272958	0.949683222321335
7009	1.75169841125618	0.918237107023694
7010	6.30234904471344	0.355164384572807
7011	6.13579655870498	0.498271253166443
7012	4.54584570886809	0.469074069269663
7013	0.0167104651076917	0.975711584301817
7014	-3.94584964160729	0.67506439880652
7015	4.87117994637236	1.05790900481314
7016	-0.0896766524990942	0.787807937691795
7017	1.67250081881448	1.00607777344824
7018	10.5986502421001	1.27830815830694
7019	2.16053848443678	0.671026374732617
7020	3.95893327242985	1.0654557763823
7021	8.64082570944673	1.22153631040474
7022	4.54730201138831	0.504392938944318
7023	0.977307494202632	0.940627627608892
7024	1.06882011005263	0.418454933457966
7025	3.19035531022509	0.559057991285689
7026	0.354662517959042	0.677059695000611
7027	8.21281182966493	0.307131424700001
7028	-2.44353143268069	0.673361506151674
7029	3.96386746052535	1.15700954353056
7030	1.75346706331009	0.63163784483976
7031	2.72891950447322	0.772305957078787
7032	0.15130527464686	0.888910505015506
7033	0.776844952845669	0.783681187847469
7034	3.43692809074676	0.478662460206883
7035	1.10411931682987	1.1150094047835
7036	0.19172838097893	0.957294649681249
7037	2.32819553563234	1.08212445324987
7038	5.41486842392824	0.400975552287097
7039	4.00172788958346	1.01212451694546
7040	1.80975166297802	0.70203132546193
7041	3.37918766093409	1.10863058402598
7042	0.271837861555728	0.936048657888615
7043	4.27576087797144	1.0709021598982
7044	1.21458901003792	0.842729970186277
7045	-1.34571426500243	0.819588118037539
7046	1.5991827235065	1.07727745222838
7047	8.90883706034136	0.316997735732129
7048	1.55573076680744	0.767492282814888
7049	1.71821580999688	1.02066278722534
7050	3.09945175602001	0.981377477870376
7051	0.814243488014961	0.767878918171977
7052	3.47294951502317	1.14859178629458
7053	0.820190235673438	0.728652828578913
7054	0.0858972810183634	0.53680277869047
7055	9.50144070357534	0.363990463972372
7056	9.73618464349955	0.392561668949596
7057	0.480776128002462	0.607741138939426
7058	-2.07576876510189	0.808585942721518
7059	2.08428246714859	0.950881451425483
7060	0.0423928969344883	0.697620415551297
7061	10.9400305590002	1.19987072692568
7062	1.45510443302963	0.585242820728103
7063	1.43980085650073	0.749464179546232
7064	1.06729994622673	0.623743181057789
7065	-0.667118095738368	0.939830353467348
7066	2.48559622194781	0.549923133939096
7067	-3.59334622840611	0.768797601964802
7068	5.4842791619212	1.05440473665743
7069	6.52912929207117	0.3774565699749
7070	9.41640296883018	1.16259779829488
7071	1.8833297538254	0.630371356646185
7072	2.72801818624204	1.1269859316563
7073	2.06766699685338	0.637924827582482
7074	-0.873487412559177	0.625113085517724
7075	-2.48713331053373	0.766620054145213
7076	6.12039571806073	1.17934822380231
7077	3.89217324849871	1.15169830462799
7078	0.437893522890534	0.680906079415165
7079	2.91732636838642	1.06533218783644
7080	6.45903992462169	1.24725472653776
7081	-0.983639680156443	0.725240988858575
7082	1.35549236184546	1.00101222345401
7083	2.71621453822414	0.690835867014479
7084	-1.94906625013054	0.616753478816241
7085	3.56726923576964	1.04525039196542
7086	3.84800896785591	0.495013551346444
7087	3.73079781533223	0.999629218358644
7088	4.54384424690582	0.414620732967126
7089	3.07197709478683	0.537488831228693
7090	5.11454114811392	0.436071094395203
7091	1.35550223140033	0.53167367656446
7092	9.41913541980507	0.352333881043633
7093	3.04965937796903	0.931312512894963
7094	6.49725403412085	1.16353857167427
7095	5.97422921167153	1.06691421134636
7096	4.29910421735747	1.08517040067103
7097	-2.48117093495082	0.745701342070155
7098	-0.855475425622786	0.700849905666362
7099	1.02982585245596	1.09863010471201
7100	-0.550405438180211	0.894237713003868
7101	-0.378911573341857	0.943654912886945
7102	0.860069221105435	0.644389755924444
7103	0.0782511233260432	0.562074671870653
7104	9.05461057364169	1.27908028977515
7105	-0.667633028420721	0.922583482693953
7106	6.49555919214203	0.505450560600496
7107	6.37854978133696	0.422243555559778
7108	1.83758599419501	0.768373592176195
7109	7.24258033035268	1.21098528157774
7110	3.71548639175473	0.888111683301897
7111	6.89111419736346	1.26269077646751
7112	1.01091020763872	1.02014546972531
7113	3.60354287504806	0.647892923194192
7114	-1.13234192349842	0.722079088612585
7115	4.04042233026464	0.440941470987811
7116	7.74974825111187	0.306821012755351
7117	1.03288850154374	1.00404072492914
7118	5.11043242136999	0.396251858350697
7119	1.09225002588568	0.736778664317653
7120	0.351957938008793	0.92914170395794
7121	7.69667328978609	1.27824118959267
7122	2.68677664636076	0.785718066288477
7123	-0.420341071145105	0.774558345039742
7124	3.47992365154558	0.465983010249916
7125	2.13723221294091	1.04300118534307
7126	1.50185514701769	0.744332720128505
7127	-0.14263730175095	0.801177448114398
7128	3.0038066445694	0.49983001225683
7129	1.28722956868309	0.520784690535221
7130	-0.318752239915457	0.88508558025151
7131	0.322131339588853	0.864402084109797
7132	5.2616944108093	0.370327906068307
7133	8.82900430089372	0.329115540659761
7134	-2.30272827027497	0.931815942224011
7135	7.22671133846696	1.21549195516455
7136	-2.72650320743043	0.887448152709107
7137	-0.46843181378382	0.850535421996298
7138	-1.03217188205283	0.815923951279081
7139	7.16723598287619	1.27154836999882
7140	-0.111691247546562	0.797675946963
7141	-2.6259055099788	0.971508577768902
7142	2.72434890377882	0.890871081475387
7143	-0.875120443972189	0.530918644877895
7144	1.17835308185305	0.550071161275287
7145	-0.338855688886291	1.0176812032732
7146	-1.42065506517047	0.743017997462087
7147	7.97386728885544	0.467654810270915
7148	2.22575254380213	1.03493943184367
7149	3.04465045166932	0.398041737172785
7150	1.50293764620544	1.15190224190456
7151	1.37353910564799	0.903876555206348
7152	0.0804999982917752	0.846822272513788
7153	0.419282683854408	0.620152956677896
7154	-1.77964448430797	0.743574406812719
7155	-2.97491361983617	0.790529104803985
7156	1.51608146727065	0.473351355102164
7157	2.03166462183689	0.819499807987909
7158	5.25153152901144	0.368552686545766
7159	-0.990726377760774	0.569514239007279
7160	6.71007762971618	0.504945759323509
7161	2.51754568958693	0.576496027071126
7162	5.14228240478092	1.18222227217801
7163	2.22102915390564	0.736730006729318
7164	4.59494068903147	1.06797639691896
7165	3.97686449291997	1.16785576947582
7166	4.68391143616397	0.703867231669988
7167	6.33941544000246	0.357171427710057
7168	-1.87467214629883	0.626812801917826
7169	1.51311956696982	1.01213940501854
7170	1.36435275540902	0.628924684570106
7171	5.22823915846488	0.919527434805813
7172	4.38826261422772	1.1281513287545
7173	5.47986906477806	1.14355205859284
7174	0.270595138764477	0.682265543714086
7175	-0.153860075129734	0.671481640531725
7176	5.56012300122196	1.18257096024541
7177	2.32505263054526	0.933324810659834
7178	6.24277095251061	1.02936195901415
7179	2.45398224816271	0.89460509302426
7180	8.26490907575558	1.19014987310931
7181	-0.930945882161437	0.585368652178915
7182	5.39932265096741	0.483667149046895
7183	5.81624554422744	1.17364393764448
7184	-2.93409858024638	0.793405878588809
7185	6.16025155235434	1.16432098940129
7186	3.16011254647495	0.481616160593901
7187	5.32739330739337	1.04625867687629
7188	0.282227101930624	1.01290655384543
7189	6.22767820949219	1.23048824921632
7190	-1.77049189360083	0.837380669376167
7191	1.25986883578969	1.00024719367084
7192	1.24833832538136	0.679829769272263
7193	4.27138506427479	0.393958082484785
7194	8.23388103279801	1.21418869266558
7195	-0.724592211437589	0.574949731516546
7196	-1.80064293010617	0.879985284872702
7197	8.34779430816257	0.403374403605188
7198	2.14232647054823	1.12804461329651
7199	2.01688935116643	0.609420426094201
7200	2.11802353590613	1.07082134530138
7201	0.72659511272592	0.572520338428627
7202	0.955969342031826	0.679932250216994
7203	-1.48018317295949	0.882161651555582
7204	9.18937119752268	1.22002199194133
7205	3.86278767333421	0.508216665295518
7206	4.07277951095575	1.21013052177468
7207	8.09335750718966	1.25676197137062
7208	2.40746289272958	0.970763239612764
7209	1.75169841125618	0.93884273631186
7210	6.30234904471344	0.36727564366718
7211	6.13579655870498	0.512541385654323
7212	4.54584570886809	0.48290374055467
7213	0.0167104651076917	0.997184258764131
7214	-3.94584964160729	0.692001587194845
7215	4.87117994637236	1.08062168840919
7216	-0.0896766524990942	0.806445946095128
7217	1.67250081881448	1.0280085444258
7218	10.5986502421001	1.30434572681666
7219	2.16053848443678	0.687902646528879
7220	3.95893327242985	1.08828230863221
7221	8.64082570944673	1.24671743342627
7222	4.54730201138831	0.518755421608532
7223	0.977307494202632	0.96157103452879
7224	1.06882011005263	0.431520977486084
7225	3.19035531022509	0.574245136862412
7226	0.354662517959042	0.694026983913865
7227	8.21281182966493	0.318518070922191
7228	-2.44353143268069	0.690273005139618
7229	3.96386746052535	1.18121723235188
7230	1.75346706331009	0.64791991141002
7231	2.72891950447322	0.790710106591761
7232	0.15130527464686	0.909073720732474
7233	0.776844952845669	0.802256941164599
7234	3.43692809074676	0.492636779490162
7235	1.10411931682987	1.13858349031969
7236	0.19172838097893	0.978489491007159
7237	2.32819553563234	1.10520244486961
7238	5.41486842392824	0.41377790686889
7239	4.00172788958346	1.03414650753939
7240	1.80975166297802	0.719375329966302
7241	3.37918766093409	1.13210844031371
7242	0.271837861555728	0.956922987649633
7243	4.27576087797144	1.0938108548883
7244	1.21458901003792	0.862196518238579
7245	-1.34571426500243	0.838705554063484
7246	1.5991827235065	1.100282323238
7247	8.90883706034136	0.328533222583623
7248	1.55573076680744	0.785823814476633
7249	1.71821580999688	1.04281358396754
7250	3.09945175602001	1.00293562654504
7251	0.814243488014961	0.786216282515225
7252	3.47294951502317	1.17267248699641
7253	0.820190235673438	0.746398438228722
7254	0.0858972810183634	0.551654187856978
7255	9.50144070357534	0.376234871029326
7256	9.73618464349955	0.405237093852528
7257	0.480776128002462	0.623662705953881
7258	-2.07576876510189	0.827537402761867
7259	2.08428246714859	0.971979544892833
7260	0.0423928969344883	0.71489787820383
7261	10.9400305590002	1.22472500853011
7262	1.45510443302963	0.600824983903578
7263	1.43980085650073	0.767523743881289
7264	1.06729994622673	0.639906150761791
7265	-0.667118095738368	0.960761732914711
7266	2.48559622194781	0.564972473408587
7267	-3.59334622840611	0.787148825335342
7268	5.4842791619212	1.07706455576585
7269	6.52912929207117	0.389904123241737
7270	9.41640296883018	1.18688979008953
7271	1.8833297538254	0.646634317301466
7272	2.72801818624204	1.15074069199495
7273	2.06766699685338	0.654301737956552
7274	-0.873487412559177	0.641296721247887
7275	-2.48713331053373	0.7849384275897
7276	6.12039571806073	1.20389290820574
7277	3.89217324849871	1.17582586946598
7278	0.437893522890534	0.697931393893895
7279	2.91732636838642	1.08815685566135
7280	6.45903992462169	1.27282383096687
7281	-0.983639680156443	0.74293512837234
7282	1.35549236184546	1.02286657684789
7283	2.71621453822414	0.708010979713672
7284	-1.94906625013054	0.632811003670906
7285	3.56726923576964	1.06777211098553
7286	3.84800896785591	0.509234538982981
7287	3.73079781533223	1.02146270809355
7288	4.54384424690582	0.427628935233304
7289	3.07197709478683	0.552350590007249
7290	5.11454114811392	0.449402891294003
7291	1.35550223140033	0.546447709416183
7292	9.41913541980507	0.364402439890146
7293	3.04965937796903	0.952115394391372
7294	6.49725403412085	1.18784475573403
7295	5.97422921167153	1.08976274517084
7296	4.29910421735747	1.10829434266974
7297	-2.48117093495082	0.76370414120735
7298	-0.855475425622786	0.718176087575716
7299	1.02982585245596	1.12195709634226
7300	-0.550405438180211	0.914481293609683
7301	-0.378911573341857	0.964643988653529
7302	0.860069221105435	0.660864194543842
7303	0.0782511233260432	0.57730732631439
7304	9.05461057364169	1.3051295064615
7305	-0.667633028420721	0.943254680287015
7306	6.49555919214203	0.519828998272855
7307	6.37854978133696	0.435366753765987
7308	1.83758599419501	0.786718419044175
7309	7.24258033035268	1.23600723449351
7310	3.71548639175473	0.908262848200057
7311	6.89111419736346	1.28849274517366
7312	1.01091020763872	1.04228846234882
7313	3.60354287504806	0.664420209693542
7314	-1.13234192349842	0.739725528512901
7315	4.04042233026464	0.45434674113458
7316	7.74974825111187	0.318202976182823
7317	1.03288850154374	1.02594076551693
7318	5.11043242136999	0.408982952501327
7319	1.09225002588568	0.754646858234372
7320	0.351957938008793	0.949911837189346
7321	7.69667328978609	1.3042777478296
7322	2.68677664636076	0.804324547429612
7323	-0.420341071145105	0.792996473497882
7324	3.47992365154558	0.479766050613982
7325	2.13723221294091	1.06548897341087
7326	1.50185514701769	0.76231487258728
7327	-0.14263730175095	0.820017145511553
7328	3.0038066445694	0.514123659783228
7329	1.28722956868309	0.535394454945799
7330	-0.318752239915457	0.905191094137767
7331	0.322131339588853	0.884195572095804
7332	5.2616944108093	0.382667918145889
7333	8.82900430089372	0.340833833598085
7334	-2.30272827027497	0.952626418325729
7335	7.22671133846696	1.24058189459833
7336	-2.72650320743043	0.907589307755493
7337	-0.46843181378382	0.870119721086008
7338	-1.03217188205283	0.834986110628218
7339	7.16723598287619	1.29748396208164
7340	-0.111691247546562	0.816462821614836
7341	-2.6259055099788	0.992917846756232
7342	2.72434890377882	0.911063873944309
7343	-0.875120443972189	0.545681287515888
7344	1.17835308185305	0.56512273384708
7345	-0.338855688886291	1.03978702060716
7346	-1.42065506517047	0.760980316353037
7347	7.97386728885544	0.48146307097989
7348	2.22575254380213	1.05730560237273
7349	3.04465045166932	0.41079983297473
7350	1.50293764620544	1.17603288328783
7351	1.37353910564799	0.92426554490524
7352	0.0804999982917752	0.86635055598592
7353	0.419282683854408	0.636261765180786
7354	-1.77964448430797	0.761545119551951
7355	-2.97491361983617	0.809208164034127
7356	1.51608146727065	0.487245552420554
7357	2.03166462183689	0.83861591179117
7358	5.25153152901144	0.380865918118453
7359	-0.990726377760774	0.584859124846394
7360	6.71007762971618	0.519316581693705
7361	2.51754568958693	0.591946238368329
7362	5.14228240478092	1.20681031373564
7363	2.22102915390564	0.75459746661018
7364	4.59494068903147	1.09084095460165
7365	3.97686449291997	1.19222708167066
7366	4.68391143616397	0.721238932182976
7367	6.33941544000246	0.36931296454072
7368	-1.87467214629883	0.643022079132208
7369	1.51311956696982	1.03416162021011
7370	1.36435275540902	0.645165821102724
7371	5.22823915846488	0.940152529646856
7372	4.38826261422772	1.15192366997388
7373	5.47986906477806	1.16755673125944
7374	0.270595138764477	0.699311366721395
7375	-0.153860075129734	0.688364780350677
7376	5.56012300122196	1.2071642620215
7377	2.32505263054526	0.954158049162493
7378	6.24277095251061	1.05164398922337
7379	2.45398224816271	0.914854215830524
7380	8.26490907575558	1.21485750841456
7381	-0.930945882161437	0.600952713615277
7382	5.39932265096741	0.497716967778143
7383	5.81624554422744	1.19810256865482
7384	-2.93409858024638	0.81212833608798
7385	6.16025155235434	1.18863897681354
7386	3.16011254647495	0.495635038641134
7387	5.32739330739337	1.0687956066231
7388	0.282227101930624	1.03494034204679
7389	6.22767820949219	1.25580441888314
7390	-1.77049189360083	0.856766519252999
7391	1.25986883578969	1.02209000602228
7392	1.24833832538136	0.696838846813147
7393	4.27138506427479	0.406654573322965
7394	8.23388103279801	1.23925897141668
7395	-0.724592211437589	0.590376615796926
7396	-1.80064293010617	0.900013857015348
7397	8.34779430816257	0.416212946640662
7398	2.14232647054823	1.15181534463395
7399	2.01688935116643	0.625367326402538
7400	2.11802353590613	1.09372882114327
7401	0.72659511272592	0.587611735658757
7402	0.955969342031826	0.696565733936288
7403	-1.48018317295949	0.901698493220228
7404	9.18937119752268	1.24440941169791
7405	3.86278767333421	0.522384870452335
7406	4.07277951095575	1.23437593211864
7407	8.09335750718966	1.28167685800631
7408	2.40746289272958	0.991572112559478
7409	1.75169841125618	0.95919333441691
7410	6.30234904471344	0.379420393123382
7411	6.13579655870498	0.526771679761273
7412	4.54584570886809	0.496708534255587
7413	0.0167104651076917	1.01837245180659
7414	-3.94584964160729	0.708808347426742
7415	4.87117994637236	1.10300777217721
7416	-0.0896766524990942	0.824895755935611
7417	1.67250081881448	1.04963927418198
7418	10.5986502421001	1.32994376176575
7419	2.16053848443678	0.704650559274351
7420	3.95893327242985	1.11077837404703
7421	8.64082570944673	1.27148811309277
7422	4.54730201138831	0.533074929106517
7423	0.977307494202632	0.98224793724027
7424	1.06882011005263	0.444588081452363
7425	3.19035531022509	0.589361296600879
7426	0.354662517959042	0.71086282227
7427	8.21281182966493	0.329962819857755
7428	-2.44353143268069	0.707054948542651
7429	3.96386746052535	1.2050475416867
7430	1.75346706331009	0.6640938018278
7431	2.72891950447322	0.8089340008416
7432	0.15130527464686	0.928996932377713
7433	0.776844952845669	0.820646610488086
7434	3.43692809074676	0.506581308045351
7435	1.10411931682987	1.16180171747037
7436	0.19172838097893	0.999409287851315
7437	2.32819553563234	1.127941428533
7438	5.41486842392824	0.426590277919429
7439	4.00172788958346	1.05586535852747
7440	1.80975166297802	0.736575088313426
7441	3.37918766093409	1.15523370675859
7442	0.271837861555728	0.97753315949138
7443	4.27576087797144	1.11638629228658
7444	1.21458901003792	0.881446725377967
7445	-1.34571426500243	0.857618507188222
7446	1.5991827235065	1.12295066992112
7447	8.90883706034136	0.340121756596716
7448	1.55573076680744	0.803977557428284
7449	1.71821580999688	1.06465686604746
7450	3.09945175602001	1.02420639056498
7451	0.814243488014961	0.804375660034306
7452	3.47294951502317	1.19638012151662
7453	0.820190235673438	0.763986160717373
7454	0.0858972810183634	0.566446014877978
7455	9.50144070357534	0.388508245916716
7456	9.73618464349955	0.417926846544081
7457	0.480776128002462	0.639488341618757
7458	-2.07576876510189	0.84629001747586
7459	2.08428246714859	0.992805880036317
7460	0.0423928969344883	0.732033354873495
7461	10.9400305590002	1.24917994834307
7462	1.45510443302963	0.616322743990869
7463	1.43980085650073	0.785414757205043
7464	1.06729994622673	0.655964989582245
7465	-0.667118095738368	0.981427016681291
7466	2.48559622194781	0.579955507790726
7467	-3.59334622840611	0.80532159114311
7468	5.4842791619212	1.09939957065241
7469	6.52912929207117	0.402373744232588
7470	9.41640296883018	1.21080153894536
7471	1.8833297538254	0.662789750759749
7472	2.72801818624204	1.17413345711016
7473	2.06766699685338	0.670567250693772
7474	-0.873487412559177	0.657375524147959
7475	-2.48713331053373	0.803079459258838
7476	6.12039571806073	1.22804876666062
7477	3.89217324849871	1.19957877632536
7478	0.437893522890534	0.71482328690708
7479	2.91732636838642	1.11065111997862
7480	6.45903992462169	1.29796931378377
7481	-0.983639680156443	0.760473128970296
7482	1.35549236184546	1.04442348463593
7483	2.71621453822414	0.725047582869803
7484	-1.94906625013054	0.648767979203711
7485	3.56726923576964	1.08997371652012
7486	3.84800896785591	0.523417357502832
7487	3.73079781533223	1.04299946088199
7488	4.54384424690582	0.440640162102962
7489	3.07197709478683	0.567152415103221
7490	5.11454114811392	0.462726721513679
7491	1.35550223140033	0.561164788302399
7492	9.41913541980507	0.376505939463989
7493	3.04965937796903	0.972656544795128
7494	6.49725403412085	1.21177021479754
7495	5.97422921167153	1.11228006485016
7496	4.29910421735747	1.13107771595197
7497	-2.48117093495082	0.78154031743176
7498	-0.855475425622786	0.735358628693792
7499	1.02982585245596	1.14493662243001
7500	-0.550405438180211	0.934482140453238
7501	-0.378911573341857	0.985365009014148
7502	0.860069221105435	0.677223922861723
7503	0.0782511233260432	0.592467449156228
7504	9.05461057364169	1.33073879394283
7505	-0.667633028420721	0.963668619590278
7506	6.49555919214203	0.534163918847859
7507	6.37854978133696	0.448489070599656
7508	1.83758599419501	0.80488500561432
7509	7.24258033035268	1.26062415045918
7510	3.71548639175473	0.928174418347106
7511	6.89111419736346	1.31386318275112
7512	1.01091020763872	1.06412420538638
7513	3.60354287504806	0.68083099084929
7514	-1.13234192349842	0.757217449672399
7515	4.04042233026464	0.4677415489946
7516	7.74974825111187	0.329643201380449
7517	1.03288850154374	1.04754180867816
7518	5.11043242136999	0.421726483567331
7519	1.09225002588568	0.772353001267224
7520	0.351957938008793	0.97042135166248
7521	7.69667328978609	1.32987480682103
7522	2.68677664636076	0.822743900869443
7523	-0.420341071145105	0.811253192556967
7524	3.47992365154558	0.493525797269518
7525	2.13723221294091	1.08765780049893
7526	1.50185514701769	0.780131103422644
7527	-0.14263730175095	0.838661793735539
7528	3.0038066445694	0.528376670212006
7529	1.28722956868309	0.549952844966914
7530	-0.318752239915457	0.92505856386468
7531	0.322131339588853	0.903761614259099
7532	5.2616944108093	0.395033650713888
7533	8.82900430089372	0.352598964468436
7534	-2.30272827027497	0.973174905374851
7535	7.22671133846696	1.2652644878378
7536	-2.72650320743043	0.927491208047475
7537	-0.46843181378382	0.889483679706572
7538	-1.03217188205283	0.853845664615251
7539	7.16723598287619	1.32298348435636
7540	-0.111691247546562	0.835056441281858
7541	-2.6259055099788	1.01404478796726
7542	2.72434890377882	0.931015657731392
7543	-0.875120443972189	0.560387363070745
7544	1.17835308185305	0.580107925481503
7545	-0.338855688886291	1.06158685105877
7546	-1.42065506517047	0.778777387291667
7547	7.97386728885544	0.495247181340852
7548	2.22575254380213	1.07935694280867
7549	3.04465045166932	0.423569448548344
7550	1.50293764620544	1.19978876219391
7551	1.37353910564799	0.944406861846368
7552	0.0804999982917752	0.885660401627025
7553	0.419282683854408	0.65226828245075
7554	-1.77964448430797	0.779350299231665
7555	-2.97491361983617	0.827697630360497
7556	1.51608146727065	0.501112680450181
7557	2.03166462183689	0.857527577943777
7558	5.25153152901144	0.393205779813758
7559	-0.990726377760774	0.600127667008689
7560	6.71007762971618	0.533644145629484
7561	2.51754568958693	0.607316528482293
7562	5.14228240478092	1.23100805666662
7563	2.22102915390564	0.772302900539591
7564	4.59494068903147	1.11337375386949
7565	3.97686449291997	1.21621545671346
7566	4.68391143616397	0.738465445810326
7567	6.33941544000246	0.381486963313324
7568	-1.87467214629883	0.659125652572512
7569	1.51311956696982	1.0558806881671
7570	1.36435275540902	0.661300171721033
7571	5.22823915846488	0.960521932133765
7572	4.38826261422772	1.17533341881396
7573	5.47986906477806	1.19119092012849
7574	0.270595138764477	0.716223071666211
7575	-0.153860075129734	0.705119327838152
7576	5.56012300122196	1.23136708650126
7577	2.32505263054526	0.974728525460111
7578	6.24277095251061	1.07361404726708
7579	2.45398224816271	0.934860416626994
7580	8.26490907575558	1.23917078294705
7581	-0.930945882161437	0.616452307486729
7582	5.39932265096741	0.511734431351347
7583	5.81624554422744	1.22217529662408
7584	-2.93409858024638	0.830659726608745
7585	6.16025155235434	1.21257583831442
7586	3.16011254647495	0.509622612468032
7587	5.32739330739337	1.09101190623367
7588	0.282227101930624	1.05667058992232
7589	6.22767820949219	1.28070555817248
7590	-1.77049189360083	0.875938769227931
7591	1.25986883578969	1.04363576477332
7592	1.24833832538136	0.713715054395695
7593	4.27138506427479	0.419364676419829
7594	8.23388103279801	1.26392257177229
7595	-0.724592211437589	0.605724371224372
7596	-1.80064293010617	0.919806998417918
7597	8.34779430816257	0.429060276960337
7598	2.14232647054823	1.17522353827368
7599	2.01688935116643	0.641217434885365
7600	2.11802353590613	1.11630308080318
7601	0.72659511272592	0.602631613802248
7602	0.955969342031826	0.713075018211979
7603	-1.48018317295949	0.921011951683395
7604	9.18937119752268	1.2684077440677
7605	3.86278767333421	0.536513094369655
7606	4.07277951095575	1.25823710636436
7607	8.09335750718966	1.30618463806907
7608	2.40746289272958	1.01211414750339
7609	1.75169841125618	0.979292749984928
7610	6.30234904471344	0.391594286106669
7611	6.13579655870498	0.540959871562184
7612	4.54584570886809	0.510485761484502
7613	0.0167104651076917	1.03928084861193
7614	-3.94584964160729	0.725484988787946
7615	4.87117994637236	1.12507313767718
7616	-0.0896766524990942	0.843159317472646
7617	1.67250081881448	1.0709750898771
7618	10.5986502421001	1.35511135260717
7619	2.16053848443678	0.721270363481632
7620	3.95893327242985	1.13294996402943
7621	8.64082570944673	1.29585661254726
7622	4.54730201138831	0.547349286613836
7623	0.977307494202632	1.00266251028175
7624	1.06882011005263	0.457652819711206
7625	3.19035531022509	0.60440509132235
7626	0.354662517959042	0.727567548396135
7627	8.21281182966493	0.341460625555858
7628	-2.44353143268069	0.723707620861035
7629	3.96386746052535	1.22850779549584
7630	1.75346706331009	0.680159193308629
7631	2.72891950447322	0.826979364457554
7632	0.15130527464686	0.948683561750837
7633	0.776844952845669	0.838852086012803
7634	3.43692809074676	0.520493496542846
7635	1.10411931682987	1.18467079888751
7636	0.19172838097893	1.02005845733938
7637	2.32819553563234	1.15034763825402
7638	5.41486842392824	0.439408985382047
7639	4.00172788958346	1.07728628507993
7640	1.80975166297802	0.753631302290612
7641	3.37918766093409	1.17801300316935
7642	0.271837861555728	0.997883281305714
7643	4.27576087797144	1.13863454276741
7644	1.21458901003792	0.900483341249867
7645	-1.34571426500243	0.876329390229273
7646	1.5991827235065	1.145288655744
7647	8.90883706034136	0.351758435423982
7648	1.55573076680744	0.821955166236426
7649	1.71821580999688	1.08619797290921
7650	3.09945175602001	1.04519453757958
7651	0.814243488014961	0.822358710923253
7652	3.47294951502317	1.2197218912962
7653	0.820190235673438	0.781417085306137
7654	0.0858972810183634	0.581176556651794
7655	9.50144070357534	0.400806370262716
7656	9.73618464349955	0.430627124504155
7657	0.480776128002462	0.655217375334838
7658	-2.07576876510189	0.86484603954519
7659	2.08428246714859	1.01336478063798
7660	0.0423928969344883	0.749027483147143
7661	10.9400305590002	1.27324349416665
7662	1.45510443302963	0.631735102929444
7663	1.43980085650073	0.803138611686402
7664	1.06729994622673	0.671919259828448
7665	-0.667118095738368	1.00183036770124
7666	2.48559622194781	0.594870724949615
7667	-3.59334622840611	0.823317572953513
7668	5.4842791619212	1.12141561187275
7669	6.52912929207117	0.414861410573779
7670	9.41640296883018	1.2343404501598
7671	1.8833297538254	0.678837315802924
7672	2.72801818624204	1.19717111397134
7673	2.06766699685338	0.68672113451623
7674	-0.873487412559177	0.673349076466092
7675	-2.48713331053373	0.821044791023989
7676	6.12039571806073	1.25182344826559
7677	3.89217324849871	1.22296427186226
7678	0.437893522890534	0.731582152765673
7679	2.91732636838642	1.13282097039209
7680	6.45903992462169	1.32269981246106
7681	-0.983639680156443	0.777856030254644
7682	1.35549236184546	1.06568800024975
7683	2.71621453822414	0.741946215321133
7684	-1.94906625013054	0.664623865989364
7685	3.56726923576964	1.111860905884
7686	3.84800896785591	0.537559695565284
7687	3.73079781533223	1.06424451002607
7688	4.54384424690582	0.453650932124004
7689	3.07197709478683	0.581892613400376
7690	5.11454114811392	0.476039415810521
7691	1.35550223140033	0.575823135467742
7692	9.41913541980507	0.388639991732655
7693	3.04965937796903	0.992940003063858
7694	6.49725403412085	1.23532236785512
7695	5.97422921167153	1.13447218301442
7696	4.29910421735747	1.15352679886524
7697	-2.48117093495082	0.799211208144478
7698	-0.855475425622786	0.752398213612423
7699	1.02982585245596	1.16757515722774
7700	-0.550405438180211	0.954243752871254
7701	-0.378911573341857	1.00582219256913
7702	0.860069221105435	0.693468803696716
7703	0.0782511233260432	0.607553705124983
7704	9.05461057364169	1.35591725291042
7705	-0.667633028420721	0.983829212510994
7706	6.49555919214203	0.548453162894675
7707	6.37854978133696	0.461607135558294
7708	1.83758599419501	0.822875019280606
7709	7.24258033035268	1.28484413904833
7710	3.71548639175473	0.947849803915868
7711	6.89111419736346	1.33881095134304
7712	1.01091020763872	1.08565803075256
7713	3.60354287504806	0.697125180468403
7714	-1.13234192349842	0.774555845672063
7715	4.04042233026464	0.481122796212125
7716	7.74974825111187	0.341136637879371
7717	1.03288850154374	1.06884895192405
7718	5.11043242136999	0.434478702739035
7719	1.09225002588568	0.789898300948404
7720	0.351957938008793	0.990674254739009
7721	7.69667328978609	1.35504145504521
7722	2.68677664636076	0.840978046449452
7723	-0.420341071145105	0.829330259629584
7724	3.47992365154558	0.507259516338484
7725	2.13723221294091	1.10951333118504
7726	1.50185514701769	0.797782730115501
7727	-0.14263730175095	0.857113537637971
7728	3.0038066445694	0.542586802305676
7729	1.28722956868309	0.564457924354831
7730	-0.318752239915457	0.944691355560372
7731	0.322131339588853	0.923103275681087
7732	5.2616944108093	0.407420977641469
7733	8.82900430089372	0.364406207297121
7734	-2.30272827027497	0.993465449656378
7735	7.22671133846696	1.28954791005083
7736	-2.72650320743043	0.94715725410024
7737	-0.46843181378382	0.908630161111178
7738	-1.03217188205283	0.87250497272603
7739	7.16723598287619	1.34805592788773
7740	-0.111691247546562	0.853458899851598
7741	-2.6259055099788	1.03489402541028
7742	2.72434890377882	0.950729883172292
7743	-0.875120443972189	0.575035082797667
7744	1.17835308185305	0.595025226197185
7745	-0.338855688886291	1.08308599067542
7746	-1.42065506517047	0.796410508623192
7747	7.97386728885544	0.509004431808686
7748	2.22575254380213	1.10109900039107
7749	3.04465045166932	0.436346861135504
7750	1.50293764620544	1.22317712824722
7751	1.37353910564799	0.964304145659073
7752	0.0804999982917752	0.90475461864568
7753	0.419282683854408	0.668172018541644
7754	-1.77964448430797	0.796991252295574
7755	-2.97491361983617	0.845999493648877
7756	1.51608146727065	0.514950112558707
7757	2.03166462183689	0.876237217977904
7758	5.25153152901144	0.405568119662658
7759	-0.990726377760774	0.615318638505316
7760	6.71007762971618	0.547926284352668
7761	2.51754568958693	0.622605772043567
7762	5.14228240478092	1.25482319190111
7763	2.22102915390564	0.789847515341536
7764	4.59494068903147	1.13558082281258
7765	3.97686449291997	1.23982837643104
7766	4.68391143616397	0.755547501060823
7767	6.33941544000246	0.393689106405485
7768	-1.87467214629883	0.675123129226134
7769	1.51311956696982	1.07730182427643
7770	1.36435275540902	0.677327374150722
7771	5.22823915846488	0.980639509693247
7772	4.38826261422772	1.19838747920644
7773	5.47986906477806	1.21446175328812
7774	0.270595138764477	0.733001072646387
7775	-0.153860075129734	0.721745540133109
7776	5.56012300122196	1.25518712968998
7777	2.32505263054526	0.995040307799155
7778	6.24277095251061	1.09527759920516
7779	2.45398224816271	0.95462720009758
7780	8.26490907575558	1.26309750302257
7781	-0.930945882161437	0.63186643756421
7782	5.39932265096741	0.525717063279769
7783	5.81624554422744	1.24586968762541
7784	-2.93409858024638	0.849002081888114
7785	6.16025155235434	1.23613900428226
7786	3.16011254647495	0.523576375735876
7787	5.32739330739337	1.11291328769836
7788	0.282227101930624	1.07810252402472
7789	6.22767820949219	1.30520006052215
7790	-1.77049189360083	0.89490009108772
7791	1.25986883578969	1.06488951222066
7792	1.24833832538136	0.730458770665246
7793	4.27138506427479	0.432084609579966
7794	8.23388103279801	1.28818764993143
7795	-0.724592211437589	0.620991849923219
7796	-1.80064293010617	0.939368000974123
7797	8.34779430816257	0.441912749422646
7798	2.14232647054823	1.19827609659415
7799	2.01688935116643	0.656970105385366
7800	2.11802353590613	1.13855019377924
7801	0.72659511272592	0.617578637720801
7802	0.955969342031826	0.729460266597591
7803	-1.48018317295949	0.940105012155408
7804	9.18937119752268	1.29202468834274
7805	3.86278767333421	0.550599104695935
7806	4.07277951095575	1.28172160579067
7807	8.09335750718966	1.3302935234748
7808	2.40746289272958	1.03239356589085
7809	1.75169841125618	0.999144759083388
7810	6.30234904471344	0.403793123750299
7811	6.13579655870498	0.555103789047266
7812	4.54584570886809	0.524232836704899
7813	0.0167104651076917	1.05991403927247
7814	-3.94584964160729	0.742031843232455
7815	4.87117994637236	1.1468235391832
7816	-0.0896766524990942	0.861238559474055
7817	1.67250081881448	1.09202101168709
7818	10.5986502421001	1.37985737518119
7819	2.16053848443678	0.737762333913217
7820	3.95893327242985	1.15480293974024
7821	8.64082570944673	1.31983100355668
7822	4.54730201138831	0.561576408823606
7823	0.977307494202632	1.02281884684302
7824	1.06882011005263	0.470711889795114
7825	3.19035531022509	0.619375209954206
7826	0.354662517959042	0.74414152250613
7827	8.21281182966493	0.353006608847407
7828	-2.44353143268069	0.74023132993029
7829	3.96386746052535	1.25160515163815
7830	1.75346706331009	0.696115802745791
7831	2.72891950447322	0.844847906649169
7832	0.15130527464686	0.968136969559611
7833	0.776844952845669	0.85687523805842
7834	3.43692809074676	0.534370895248811
7835	1.10411931682987	1.20719729757191
7836	0.19172838097893	1.04044132872017
7837	2.32819553563234	1.17242717127601
7838	5.41486842392824	0.452230479224573
7839	4.00172788958346	1.09841439301418
7840	1.80975166297802	0.770544685790915
7841	3.37918766093409	1.20045280220201
7842	0.271837861555728	1.01797738142938
7843	4.27576087797144	1.16056154463008
7844	1.21458901003792	0.919309072496037
7845	-1.34571426500243	0.894840582064786
7846	1.5991827235065	1.16730230930073
7847	8.90883706034136	0.363438519635262
7848	1.55573076680744	0.839758281933379
7849	1.71821580999688	1.10744213129977
7850	3.09945175602001	1.06590473792855
7851	0.814243488014961	0.840167081690396
7852	3.47294951502317	1.2427048349713
7853	0.820190235673438	0.798692302934816
7854	0.0858972810183634	0.595844186899889
7855	9.50144070357534	0.413125170206463
7856	9.73618464349955	0.443334258532725
7857	0.480776128002462	0.670849185540624
7858	-2.07576876510189	0.883207692021554
7859	2.08428246714859	1.03366048511499
7860	0.0423928969344883	0.765880914445055
7861	10.9400305590002	1.29692341091295
7862	1.45510443302963	0.647061120508716
7863	1.43980085650073	0.820696693021328
7864	1.06729994622673	0.687768566579665
7865	-0.667118095738368	1.02197586787236
7866	2.48559622194781	0.609716684433459
7867	-3.59334622840611	0.84113843028642
7868	5.4842791619212	1.14311838406918
7869	6.52912929207117	0.427363239128143
7870	9.41640296883018	1.2575137607395
7871	1.8833297538254	0.694776711386698
7872	2.72801818624204	1.21986039520572
7873	2.06766699685338	0.702763195361257
7874	-0.873487412559177	0.689217002683837
7875	-2.48713331053373	0.838836051563889
7876	6.12039571806073	1.27522442726756
7877	3.89217324849871	1.24598943871118
7878	0.437893522890534	0.748208406160797
7879	2.91732636838642	1.15467226631219
7880	6.45903992462169	1.34702376302179
7881	-0.983639680156443	0.795084874842479
7882	1.35549236184546	1.08666507212071
7883	2.71621453822414	0.75870743239675
7884	-1.94906625013054	0.680378170110298
7885	3.56726923576964	1.13343925406433
7886	3.84800896785591	0.551659335020934
7887	3.73079781533223	1.08520278436928
7888	4.54384424690582	0.466657888524229
7889	3.07197709478683	0.596569568336904
7890	5.11454114811392	0.48933792121895
7891	1.35550223140033	0.590421051988969
7892	9.41913541980507	0.400800357740298
7893	3.04965937796903	1.01296973045515
7894	6.49725403412085	1.25850846523781
7895	5.97422921167153	1.15634498148061
7896	4.29910421735747	1.17564773179337
7897	-2.48117093495082	0.816718145747498
7898	-0.855475425622786	0.769295539491935
7899	1.02982585245596	1.18987903175231
7900	-0.550405438180211	0.973769567022024
7901	-0.378911573341857	1.02601967538443
7902	0.860069221105435	0.709598734550485
7903	0.0782511233260432	0.622564825874009
7904	9.05461057364169	1.38067377014041
7905	-0.667633028420721	1.0037402966754
7906	6.49555919214203	0.562694660085768
7907	6.37854978133696	0.474717699833568
7908	1.83758599419501	0.840690113557551
7909	7.24258033035268	1.30867512259115
7910	3.71548639175473	0.967292354300206
7911	6.89111419736346	1.36334470559695
7912	1.01091020763872	1.10689515786747
7913	3.60354287504806	0.71330272566874
7914	-1.13234192349842	0.791741714346235
7915	4.04042233026464	0.494487498801889
7916	7.74974825111187	0.352678402114057
7917	1.03288850154374	1.08986718657934
7918	5.11043242136999	0.447235993081455
7919	1.09225002588568	0.807283963305877
7920	0.351957938008793	1.01067447693083
7921	7.69667328978609	1.3797865673939
7922	2.68677664636076	0.85902888333811
7923	-0.420341071145105	0.847229415826389
7924	3.47992365154558	0.52096457850495
7925	2.13723221294091	1.13106110860029
7926	1.50185514701769	0.815271065683724
7927	-0.14263730175095	0.875374495342258
7928	3.0038066445694	0.556751906131527
7929	1.28722956868309	0.578907839962981
7930	-0.318752239915457	0.96409277575928
7931	0.322131339588853	0.942223569950881
7932	5.2616944108093	0.419825914826485
7933	8.82900430089372	0.376250994281364
7934	-2.30272827027497	1.01350201955809
7935	7.22671133846696	1.31344014739672
7936	-2.72650320743043	0.966590785909908
7937	-0.46843181378382	0.927561982492073
7938	-1.03217188205283	0.890966361942231
7939	7.16723598287619	1.37271007277551
7940	-0.111691247546562	0.871672265854862
7941	-2.6259055099788	1.05547008964941
7942	2.72434890377882	0.97020993874289
7943	-0.875120443972189	0.589622737079718
7944	1.17835308185305	0.609873197638879
7945	-0.338855688886291	1.1042896239752
7946	-1.42065506517047	0.813880974744751
7947	7.97386728885544	0.522732216745566
7948	2.22575254380213	1.12253720407046
7949	3.04465045166932	0.449128479151709
7950	1.50293764620544	1.24620506697068
7951	1.37353910564799	0.983960969018885
7952	0.0804999982917752	0.923635971643906
7953	0.419282683854408	0.683972527683519
7954	-1.77964448430797	0.814469281021375
7955	-2.97491361983617	0.864115721207633
7956	1.51608146727065	0.528755323789839
7957	2.03166462183689	0.894747209520943
7958	5.25153152901144	0.417948928420147
7959	-0.990726377760774	0.630430876358007
7960	6.71007762971618	0.5621609203861
7961	2.51754568958693	0.637812904958624
7962	5.14228240478092	1.27826323439189
7963	2.22102915390564	0.807232516354832
7964	4.59494068903147	1.15746805829194
7965	3.97686449291997	1.26307315229994
7966	4.68391143616397	0.772485837829906
7967	6.33941544000246	0.405915223376693
7968	-1.87467214629883	0.691014157648116
7969	1.51311956696982	1.09843013456638
7970	1.36435275540902	0.693247106857934
7971	5.22823915846488	1.000509056668
7972	4.38826261422772	1.22109260028433
7973	5.47986906477806	1.23737619799559
7974	0.270595138764477	0.749645803607465
7975	-0.153860075129734	0.73824369844608
7976	5.56012300122196	1.27863191147901
7977	2.32505263054526	1.01509738593787
7978	6.24277095251061	1.11663999499306
7979	2.45398224816271	0.974158007603867
7980	8.26490907575558	1.28664529587442
7981	-0.930945882161437	0.647194165419311
7982	5.39932265096741	0.539662484712184
7983	5.81624554422744	1.26919313511458
7984	-2.93409858024638	0.867157409978886
7985	6.16025155235434	1.25933573612969
7986	3.16011254647495	0.537493920544799
7987	5.32739330739337	1.13450534028487
7988	0.282227101930624	1.09924126124758
7989	6.22767820949219	1.32929612448757
7990	-1.77049189360083	0.913653115710694
7991	1.25986883578969	1.08585618596031
7992	1.24833832538136	0.747070395068884
7993	4.27138506427479	0.444810723381096
7994	8.23388103279801	1.31206217359495
7995	-0.724592211437589	0.636177965899385
7996	-1.80064293010617	0.958700098981691
7997	8.34779430816257	0.454766847970922
7998	2.14232647054823	1.22097976721695
7999	2.01688935116643	0.672624740125186
8000	2.11802353590613	1.16047609722612
8001	0.72659511272592	0.632451538933361
8002	0.955969342031826	0.745721668951959
8003	-1.48018317295949	0.958980610179425
8004	9.18937119752268	1.31526776722234
8005	3.86278767333421	0.564640759894145
8006	4.07277951095575	1.30483681879961
8007	8.09335750718966	1.35401153574436
8008	2.40746289272958	1.05241450621569
8009	1.75169841125618	1.01875306681895
8010	6.30234904471344	0.416012850950019
8011	6.13579655870498	0.569201349396555
8012	4.54584570886809	0.537947274704197
8013	0.0167104651076917	1.08027652100225
8014	-3.94584964160729	0.758449264485432
8015	4.87117994637236	1.1682646067458
8016	-0.0896766524990942	0.879135389484969
8017	1.67250081881448	1.11278195532975
8018	10.5986502421001	1.40419049705701
8019	2.16053848443678	0.754126768642631
8020	3.95893327242985	1.17634303523885
8021	8.64082570944673	1.34341917126643
8022	4.54730201138831	0.575754297284312
8023	0.977307494202632	1.04272096061462
8024	1.06882011005263	0.483762108863736
8025	3.19035531022509	0.634270407433119
8026	0.354662517959042	0.760585125824113
8027	8.21281182966493	0.364596052642791
8028	-2.44353143268069	0.756626406006484
8029	3.96386746052535	1.27434660595767
8030	1.75346706331009	0.711963385364104
8031	2.72891950447322	0.862541321314857
8032	0.15130527464686	0.987360456734452
8033	0.776844952845669	0.874717917295623
8034	3.43692809074676	0.548211151096894
8035	1.10411931682987	1.22938763052597
8036	0.19172838097893	1.06056214538744
8037	2.32819553563234	1.19418599138434
8038	5.41486842392824	0.465051335707603
8039	4.00172788958346	1.11925468138359
8040	1.80975166297802	0.787315964194937
8041	3.37918766093409	1.22255943294673
8042	0.271837861555728	1.03781941044603
8043	4.27576087797144	1.18217310699546
8044	1.21458901003792	0.937926583591468
8045	-1.34571426500243	0.913154428231102
8046	1.5991827235065	1.1889975275758
8047	8.90883706034136	0.375157428117437
8048	1.55573076680744	0.85738853207599
8049	1.71821580999688	1.12839445794609
8050	3.09945175602001	1.08634156691273
8051	0.814243488014961	0.857802405221149
8052	3.47294951502317	1.2653358323733
8053	0.820190235673438	0.815812905878852
8054	0.0858972810183634	0.610447353839857
8055	9.50144070357534	0.425460712283834
8056	9.73618464349955	0.456044708931106
8057	0.480776128002462	0.686383198118965
8058	-2.07576876510189	0.901377168810434
8059	2.08428246714859	1.05369714847503
8060	0.0423928969344883	0.782594313357118
8061	10.9400305590002	1.32022728513447
8062	1.45510443302963	0.662299912542006
8063	1.43980085650073	0.838090380305185
8064	1.06729994622673	0.70351255625726
8065	-0.667118095738368	1.04186751989725
8066	2.48559622194781	0.624492015283253
8067	-3.59334622840611	0.858785808688454
8068	5.4842791619212	1.16451346899676
8069	6.52912929207117	0.439875482020057
8070	9.41640296883018	1.28032854354526
8071	1.8833297538254	0.710607675281278
8072	2.72801818624204	1.242207882875
8073	2.06766699685338	0.718693275100226
8074	-0.873487412559177	0.704978968102443
8075	-2.48713331053373	0.856454856414418
8076	6.12039571806073	1.29825900738003
8077	3.89217324849871	1.26866119951722
8078	0.437893522890534	0.764702481327061
8079	2.91732636838642	1.17621074009501
8080	6.45903992462169	1.37094940505994
8081	-0.983639680156443	0.812160707987617
8082	1.35549236184546	1.10735954615367
8083	2.71621453822414	0.775331805182587
8084	-1.94906625013054	0.696030441656516
8085	3.56726923576964	1.15471421665192
8086	3.84800896785591	0.565714148152503
8087	3.73079781533223	1.10587911075608
8088	4.54384424690582	0.479657795620724
8089	3.07197709478683	0.611181737585506
8090	5.11454114811392	0.502619297682749
8091	1.35550223140033	0.604956915394911
8092	9.41913541980507	0.412982943372955
8093	3.04965937796903	1.03274961227958
8094	6.49725403412085	1.28133559277207
8095	5.97422921167153	1.17790421440811
8096	4.29910421735747	1.19744652050065
8097	-2.48117093495082	0.834062457477138
8098	-0.855475425622786	0.786051315430719
8099	1.02982585245596	1.21185443726828
8100	-0.550405438180211	0.993062957255003
8101	-0.378911573341857	1.04596151287232
8102	0.860069221105435	0.725613646393387
8103	0.0782511233260432	0.637499607915563
8104	9.05461057364169	1.40501702384346
8105	-0.667633028420721	1.02340563709147
8106	6.49555919214203	0.576886426545659
8107	6.37854978133696	0.48781763279953
8108	1.83758599419501	0.858331928148115
8109	7.24258033035268	1.33212484081984
8110	3.71548639175473	0.986505359421257
8111	6.89111419736346	1.3874728978449
8112	1.01091020763872	1.12784069632844
8113	3.60354287504806	0.729363605700956
8114	-1.13234192349842	0.808776057371745
8115	4.04042233026464	0.507832783830709
8116	7.74974825111187	0.364263772716831
8117	1.03288850154374	1.11060140028741
8118	5.11043242136999	0.459994865753719
8119	1.09225002588568	0.824511192604526
8120	0.351957938008793	1.03042587363066
8121	7.69667328978609	1.40411881051336
8122	2.68677664636076	0.876898290278154
8123	-0.420341071145105	0.864952386087979
8124	3.47992365154558	0.534638455955676
8125	2.13723221294091	1.15230655733717
8126	1.50185514701769	0.832597418501423
8127	-0.14263730175095	0.893446758650761
8128	3.0038066445694	0.570869920352254
8129	1.28722956868309	0.593300819249302
8130	-0.318752239915457	0.983266072677099
8131	0.322131339588853	0.961125460226338
8132	5.2616944108093	0.432244616146792
8133	8.82900430089372	0.388128911314398
8134	-2.30272827027497	1.03328850732877
8135	7.22671133846696	1.33694900171816
8136	-2.72650320743043	0.985795084252904
8137	-0.46843181378382	0.946281915898188
8138	-1.03217188205283	0.90923212730102
8139	7.16723598287619	1.3969544934262
8140	-0.111691247546562	0.88969858283668
8141	-2.6259055099788	1.0757774199733
8142	2.72434890377882	0.98945915239407
8143	-0.875120443972189	0.60414869303996
8144	1.17835308185305	0.624650470887677
8145	-0.338855688886291	1.12520282659318
8146	-1.42065506517047	0.831190075911082
8147	7.97386728885544	0.536428031378831
8148	2.22575254380213	1.14367686733307
8149	3.04465045166932	0.461910838424014
8150	1.50293764620544	1.26887950382003
8151	1.37353910564799	1.0033808391168
8152	0.0804999982917752	0.942307181496386
8153	0.419282683854408	0.699669406817637
8154	-1.77964448430797	0.831785683332183
8155	-2.97491361983617	0.882048258084745
8156	1.51608146727065	0.542525887880116
8157	2.03166462183689	0.913059896892156
8158	5.25153152901144	0.430344335498187
8159	-0.990726377760774	0.645463279610372
8160	6.71007762971618	0.576346062897181
8161	2.51754568958693	0.652936922493367
8162	5.14228240478092	1.30133552746228
8163	2.22102915390564	0.824459107173768
8164	4.59494068903147	1.17904122910585
8165	3.97686449291997	1.2859569296458
8166	4.68391143616397	0.789281206800445
8167	6.33941544000246	0.418161286783562
8168	-1.87467214629883	0.706798426565026
8169	1.51311956696982	1.11927061829551
8170	1.36435275540902	0.709059087674988
8171	5.22823915846488	1.02013429594785
8172	4.38826261422772	1.24345538017071
8173	5.47986906477806	1.25994106462527
8174	0.270595138764477	0.766157717520055
8175	-0.153860075129734	0.754614107125017
8176	5.56012300122196	1.30170877999723
8177	2.32505263054526	1.03490367292011
8178	6.24277095251061	1.13770647124883
8179	2.45398224816271	0.993456218558504
8180	8.26490907575558	1.30982161408331
8181	-0.930945882161437	0.662434608599551
8182	5.39932265096741	0.553568411556352
8183	5.81624554422744	1.29215286418917
8184	-2.93409858024638	0.885127695576447
8185	6.16025155235434	1.28217313046637
8186	3.16011254647495	0.551372934536046
8187	5.32739330739337	1.1557935334801
8188	0.282227101930624	1.12009181142224
8189	6.22767820949219	1.35300175858882
8190	-1.77049189360083	0.932200433848324
8191	1.25986883578969	1.1065406213536
8192	1.24833832538136	0.763550347007624
8193	4.27138506427479	0.457539497369761
8194	8.23388103279801	1.33555392664412
8195	-0.724592211437589	0.651281693107885
8196	-1.80064293010617	0.977806470364565
8197	8.34779430816257	0.467619181926489
8198	2.14232647054823	1.24334114679441
8199	2.01688935116643	0.688180788131441
8200	2.11802353590613	1.18208659915093
