group	y
1	0
2	-0.11899755013633
3	-0.233948161227771
4	-0.344966825443232
5	-0.45216544007374
6	-0.555652889252798
7	-0.655535123534071
8	-0.751915237382451
9	-0.844893544633051
10	-0.934567651971285
11	-1.02103253048577
12	-1.10438058534445
13	-1.18470172364309
14	-1.2620834204738
15	-1.33661078326029
16	-1.40836661440515
17	-1.4774314722932
18	-1.54388373069412
19	-1.607799636606
20	-1.66925336658078
21	-1.7283170815712
22	-1.78506098033795
23	-1.83955335145468
24	-1.89186062394766
25	-1.94204741660557
26	-1.99017658599454
27	-2.03630927321199
28	-2.08050494941255
29	-2.12282146013801
30	-2.16331506848264
31	-2.20204049712446
32	-2.23905096925192
33	-2.27439824841514
34	-2.30813267732975
35	-2.34030321566064
36	-2.37095747681253
37	-2.40014176375321
38	-2.4279011038948
39	-2.45427928305774
40	-2.47931887854144
41	-2.50306129132509
42	0
43	-0.118887182736677
44	-0.233730405201013
45	-0.344644580826751
46	-0.451741530234938
47	-0.555130062900263
48	-0.65491605667615
49	-0.751202535234587
50	-0.844089743475239
51	-0.933675220956938
52	-1.02005387340327
53	-1.10331804233264
54	-1.18355757286183
55	-1.26085987973089
56	-1.33531001159581
57	-1.40699071363432
58	-1.47598248850891
59	-1.54236365573014
60	-1.60621040946187
61	-1.66759687480949
62	-1.72659516263049
63	-1.78327542290628
64	-1.83770589671277
65	-1.88995296682646
66	-1.94008120700161
67	-1.98815342995344
68	-2.03423073408102
69	-2.078372548963
70	-2.12063667965819
71	-2.16107934984229
72	-2.19975524381125
73	-2.23671754738085
74	-2.27201798771155
75	-2.30570687208649
76	-2.33783312567028
77	-2.36844432827511
78	-2.39758675016023
79	-2.42530538689009
80	-2.45164399327574
81	-2.47664511642355
82	-2.50035012791463
83	0
84	-0.11537920209499
85	-0.22680912293031
86	-0.334402173376168
87	-0.438267737130998
88	-0.538512250671043
89	-0.635239281103544
90	-0.728549601978349
91	-0.818541267111337
92	-0.90530968247165
93	-0.988947676183368
94	-1.06954556669095
95	-1.14719122913646
96	-1.22197015999533
97	-1.29396554001627
98	-1.36325829550961
99	-1.4299271580273
100	-1.49404872247667
101	-1.55569750370894
102	-1.61494599162219
103	-1.67186470481802
104	-1.72652224284932
105	-1.77898533709634
106	-1.82931890030678
107	-1.87758607483488
108	-1.9238482796136
109	-1.96816525589296
110	-2.01059511177696
111	-2.05119436559033
112	-2.09001798810595
113	-2.12711944366251
114	-2.16255073020172
115	-2.19636241825316
116	-2.22860368889433
117	-2.25932237071287
118	-2.28856497579686
119	-2.31637673477879
120	-2.34280163095796
121	-2.36788243352539
122	-2.39166072991468
123	-2.41417695730193
124	0
125	-0.111070699660042
126	-0.218308402840263
127	-0.321822446761901
128	-0.421719222094611
129	-0.518102250797534
130	-0.611072261919046
131	-0.70072726540859
132	-0.787162623992558
133	-0.870471123164862
134	-0.950743039341509
135	-1.02806620622719
136	-1.10252607944066
137	-1.17420579944443
138	-1.24318625282317
139	-1.30954613195392
140	-1.37336199311038
141	-1.43470831304193
142	-1.49365754406761
143	-1.5502801677237
144	-1.60464474700278
145	-1.6568179772212
146	-1.70686473555071
147	-1.75484812924939
148	-1.80082954262572
149	-1.84486868276905
150	-1.88702362407871
151	-1.92735085162329
152	-1.96590530336053
153	-2.00274041124779
154	-2.0379081412721
155	-2.07145903242799
156	-2.10344223467081
157	-2.13390554587211
158	-2.16289544780348
159	-2.19045714117406
160	-2.21663457974658
161	-2.24147050355614
162	-2.26500647125501
163	-2.28728289160657
164	-2.30833905415049
165	0
166	-0.102815386368834
167	-0.202020583904619
168	-0.297719040558351
169	-0.390011412201892
170	-0.478995636429012
171	-0.564767004420661
172	-0.647418230925108
173	-0.72703952240223
174	-0.803718643380001
175	-0.877540981069908
176	-0.948589608286859
177	-1.01694534471793
178	-1.08268681658313
179	-1.14589051473026
180	-1.20663085120483
181	-1.26498021433492
182	-1.32100902236986
183	-1.37478577571052
184	-1.42637710776811
185	-1.47584783448733
186	-1.52326100256888
187	-1.56867793642526
188	-1.61215828390315
189	-1.65376006080448
190	-1.6935396942378
191	-1.7315520648304
192	-1.76785054783116
193	-1.80248705313296
194	-1.8355120642432
195	-1.86697467622962
196	-1.89692263266864
197	-1.92540236162193
198	-1.95245901066699
199	-1.97813648100627
200	-2.00247746067909
201	-2.02552345689976
202	-2.04731482754488
203	-2.06789081181201
204	-2.08728956007141
205	-2.10554816293209
206	0
207	-0.101808996893149
208	-0.200034967007904
209	-0.294780640345575
210	-0.386145973659778
211	-0.474228223764967
212	-0.559122018922062
213	-0.640919428351467
214	-0.719710029922461
215	-0.795580976066646
216	-0.868617057961927
217	-0.938900768032233
218	-1.00651236080706
219	-1.07152991218374
220	-1.13402937713418
221	-1.19408464589686
222	-1.25176759869357
223	-1.30714815900964
224	-1.36029434547515
225	-1.41127232238373
226	-1.46014644888464
227	-1.5069793268828
228	-1.55183184768063
229	-1.59476323739455
230	-1.63583110117832
231	-1.67509146628428
232	-1.71259882399307
233	-1.74840617044139
234	-1.78256504637653
235	-1.81512557586596
236	-1.84613650398916
237	-1.87564523353845
238	-1.90369786075465
239	-1.93033921012297
240	-1.9556128682536
241	-1.97956121687108
242	-2.00222546493569
243	-2.02364567991963
244	-2.04386081826016
245	-2.06290875501117
246	-2.0808263127142
247	0
248	-0.101095389907764
249	-0.198627013007959
250	-0.292697090220744
251	-0.383405082571515
252	-0.470847764150208
253	-0.555119293156818
254	-0.636311281083206
255	-0.714512860079914
256	-0.789810748555481
257	-0.862289315054487
258	-0.932030640459337
259	-0.999114578559655
260	-1.06361881503196
261	-1.12561892487125
262	-1.18518842831496
263	-1.24239884529872
264	-1.29731974848242
265	-1.35001881488385
266	-1.40056187615645
267	-1.44901296754664
268	-1.49543437556518
269	-1.53988668440634
270	-1.58242882114763
271	-1.62311809976185
272	-1.66201026397278
273	-1.69915952898456
274	-1.73461862211439
275	-1.76843882235716
276	-1.80066999890998
277	-1.83136064868393
278	-1.86055793282937
279	-1.88830771230081
280	-1.91465458248635
281	-1.93964190692626
282	-1.96331185014451
283	-1.98570540961648
284	-2.00686244689548
285	-2.02682171792014
286	-2.04562090252399
287	-2.06329663316831
288	0
289	-0.0986708720585633
290	-0.193843414089178
291	-0.285618117381605
292	-0.374092758698134
293	-0.459362472046361
294	-0.541519818569193
295	-0.620654854601305
296	-0.696855197940028
297	-0.77020609237736
298	-0.840790470538586
299	-0.908689015071806
300	-0.973980218231506
301	-1.03674043989819
302	-1.09704396407496
303	-1.15496305390095
304	-1.21056800522035
305	-1.26392719874485
306	-1.31510715084624
307	-1.3641725630152
308	-1.41118637002088
309	-1.45620978680552
310	-1.49930235414714
311	-1.54052198312246
312	-1.57992499840154
313	-1.61756618040465
314	-1.65349880635129
315	-1.68777469023009
316	-1.72044422171809
317	-1.75155640407685
318	-1.78115889105196
319	-1.8092980228024
320	-1.83601886088482
321	-1.86136522231768
322	-1.88537971274924
323	-1.90810375875294
324	-1.92957763927294
325	-1.94984051624214
326	-1.96893046439431
327	-1.98688450029144
328	-2.00373861058691
329	0
330	-0.0970487674625881
331	-0.190642984859914
332	-0.280881986286124
333	-0.367862421660524
334	-0.451678327706526
335	-0.532421197068549
336	-0.610180045615588
337	-0.685041477978871
338	-0.757089751369796
339	-0.826406837723141
340	-0.89307248420934
341	-0.957164272158507
342	-1.01875767443774
343	-1.07792611132219
344	-1.13474100489925
345	-1.18927183204436
346	-1.24158617600563
347	-1.2917497766338
348	-1.33982657929301
349	-1.38587878248677
350	-1.42996688423285
351	-1.47214972721981
352	-1.51248454277703
353	-1.55102699368935
354	-1.58783121588644
355	-1.62294985903651
356	-1.65643412607292
357	-1.68833381168161
358	-1.71869733977672
359	-1.74757179999066
360	-1.77500298320455
361	-1.80103541614421
362	-1.82571239506599
363	-1.84907601855649
364	-1.87116721946913
365	-1.89202579602043
366	-1.91169044206773
367	-1.93019877659008
368	-1.94758737239285
369	-1.96389178405671
370	0
371	-0.096417585686589
372	-0.189397656654878
373	-0.279039096719305
374	-0.36543811733007
375	-0.448688328243183
376	-0.528880806336552
377	-0.606104162620582
378	-0.680444607490531
379	-0.751986014266587
380	-0.820809981066487
381	-0.886995891054266
382	-0.950620971107639
383	-1.01176034894538
384	-1.07048710875495
385	-1.12687234535972
386	-1.18098521696383
387	-1.23289299651204
388	-1.28266112170077
389	-1.3303532436756
390	-1.37603127444958
391	-1.41975543307594
392	-1.46158429060766
393	-1.50157481387569
394	-1.5397824081168
395	-1.57626095848106
396	-1.61106287044842
397	-1.64423910918275
398	-1.6758392378513
399	-1.70591145493669
400	-1.7345026305676
401	-1.7616583418941
402	-1.78742290753241
403	-1.81183942110368
404	-1.83494978389026
405	-1.85679473663279
406	-1.87741389049043
407	-1.89684575718635
408	-1.91512777835952
409	-1.93229635414394
410	-1.9483868709952
411	0
412	-0.0938829792968258
413	-0.184396851901223
414	-0.271638693461002
415	-0.355702954686992
416	-0.43668153078269
417	-0.514663829052356
418	-0.589736834735179
419	-0.661985175111931
420	-0.731491181929283
421	-0.798334952185802
422	-0.862594407322482
423	-0.924345350859543
424	-0.983661524520152
425	-1.04061466288065
426	-1.09527454658585
427	-1.14770905416687
428	-1.19798421249825
429	-1.24616424592973
430	-1.29231162412748
431	-1.33648710865867
432	-1.37874979835198
433	-1.41915717346636
434	-1.4577651386991
435	-1.49462806506355
436	-1.52979883066622
437	-1.5633288604119
438	-1.59526816466496
439	-1.62566537689417
440	-1.65456779032753
441	-1.68202139364321
442	-1.70807090572164
443	-1.73275980948344
444	-1.75613038483718
445	-1.77822374076008
446	-1.7990798465346
447	-1.81873756216281
448	-1.8372346679802
449	-1.8546078934899
450	-1.87089294543759
451	-1.88612453514717
452	0
453	-0.088512340298982
454	-0.173800525331915
455	-0.255957799378459
456	-0.33507488227605
457	-0.411240036221255
458	-0.484539130818206
459	-0.555055706420002
460	-0.622871035807707
461	-0.688064184250449
462	-0.750712067988957
463	-0.810889511183789
464	-0.868669301368422
465	-0.924122243446305
466	-0.977317212269995
467	-1.02832120383945
468	-1.07719938515564
469	-1.1240151427646
470	-1.16883013002632
471	-1.21170431314168
472	-1.25269601597004
473	-1.29186196366912
474	-1.32925732518796
475	-1.36493575464302
476	-1.3989494316066
477	-1.43134910033609
478	-1.46218410797182
479	-1.49150244173035
480	-1.51935076511968
481	-1.54577445320194
482	-1.57081762692835
483	-1.59452318657098
484	-1.61693284427477
485	-1.63808715575294
486	-1.65802555114817
487	-1.67678636508143
488	-1.69440686590978
489	-1.71092328421367
490	-1.72637084053424
491	-1.74078377237988
492	-1.75419536052156
493	0
494	-0.0880158435198638
495	-0.172820932025745
496	-0.254508155600725
497	-0.333167889176056
498	-0.408888059089525
499	-0.481754207897271
500	-0.551849557484729
501	-0.619255070521207
502	-0.684049510301414
503	-0.74630949901615
504	-0.806109574493237
505	-0.863522245448732
506	-0.918618045287381
507	-0.971465584490283
508	-1.02213160162673
509	-1.07068101302621
510	-1.11717696114564
511	-1.161680861666
512	-1.20425244935156
513	-1.24494982270413
514	-1.28382948744386
515	-1.32094639884728
516	-1.35635400297252
517	-1.39010427680083
518	-1.42224776732272
519	-1.45283362959646
520	-1.48190966380567
521	-1.50952235134239
522	-1.53571688994102
523	-1.56053722788795
524	-1.58402609733129
525	-1.60622504671396
526	-1.62717447235334
527	-1.64691364918974
528	-1.66548076072541
529	-1.68291292817537
530	-1.69924623885069
531	-1.7145157737942
532	-1.72875563468848
533	-1.74199897005486
534	0
535	-0.087200288313081
536	-0.171211833125253
537	-0.252126942709454
538	-0.330035425447366
539	-0.405024655988657
540	-0.477179639674107
541	-0.546583075268013
542	-0.613315416044115
543	-0.677454929268108
544	-0.739077754118692
545	-0.798257958088001
546	-0.855067591901211
547	-0.909576742994046
548	-0.961853587585945
549	-1.0119644413856
550	-1.05997380896469
551	-1.10594443183462
552	-1.14993733526024
553	-1.19201187384358
554	-1.23222577590977
555	-1.27063518672655
556	-1.30729471058787
557	-1.34225745179123
558	-1.37557505453789
559	-1.40729774178399
560	-1.43747435307008
561	-1.46615238135588
562	-1.4933780088862
563	-1.51919614211349
564	-1.54365044570159
565	-1.5667833756349
566	-1.58863621145623
567	-1.60924908765633
568	-1.62866102423706
569	-1.64690995647013
570	-1.66403276387225
571	-1.68006529841732
572	-1.6950424120057
573	-1.70899798320976
574	-1.72196494331509
575	0
576	-0.0865638944026921
577	-0.169956221324887
578	-0.250268835041523
579	-0.327591101844409
580	-0.402009965890031
581	-0.473610013319363
582	-0.542473534694897
583	-0.608680585798904
584	-0.672309046835798
585	-0.733434680080351
586	-0.792131186012431
587	-0.848470257977838
588	-0.902521635413822
589	-0.954353155676829
590	-1.00403080450904
591	-1.05161876517934
592	-1.0971794663334
593	-1.14077362858661
594	-1.18246030989285
595	-1.22229694972106
596	-1.26033941207082
597	-1.29664202735739
598	-1.33125763319568
599	-1.36423761411213
600	-1.39563194021239
601	-1.42548920483232
602	-1.4538566611987
603	-1.48078025812585
604	-1.50630467477312
605	-1.53047335448804
606	-1.55332853775898
607	-1.57491129430071
608	-1.5952615542954
609	-1.61441813881142
610	-1.63241878942124
611	-1.64930019703958
612	-1.66509803000213
613	-1.67984696140476
614	-1.69358069572257
615	-1.70633199472776
616	0
617	-0.0855207723488887
618	-0.167898130669718
619	-0.247223185083031
620	-0.323584577245019
621	-0.397068545684837
622	-0.467758989427266
623	-0.53573752994558
624	-0.601083571488288
625	-0.663874359822307
626	-0.724185039433978
627	-0.782088709228284
628	-0.837656476765555
629	-0.890957511073933
630	-0.942059094074846
631	-0.991026670657806
632	-1.03792389743986
633	-1.0828126902441
634	-1.1257532703308
635	-1.16680420941377
636	-1.20602247349376
637	-1.24346346553982
638	-1.27918106704886
639	-1.31322767851268
640	-1.34565425882111
641	-1.37651036362912
642	-1.40584418271501
643	-1.43370257635602
644	-1.4601311107473
645	-1.48517409248894
646	-1.50887460216585
647	-1.53127452704393
648	-1.55241459290581
649	-1.57233439504873
650	-1.59107242846638
651	-1.60866611723616
652	-1.62515184313266
653	-1.64056497348759
654	-1.65493988831597
655	-1.66831000672763
656	-1.68070781264304
657	0
658	-0.0846678574186026
659	-0.166215320646409
660	-0.244732891341708
661	-0.320308618658084
662	-0.393028164164323
663	-0.462974865060578
664	-0.530229795735357
665	-0.594871827706728
666	-0.656977687990027
667	-0.716622015933221
668	-0.773877418560025
669	-0.828814524459808
670	-0.881502036262319
671	-0.932006781734257
672	-0.98039376353374
673	-1.02672620765781
674	-1.07106561061716
675	-1.11347178537138
676	-1.15400290605721
677	-1.19271555154131
678	-1.22966474782839
679	-1.26490400935463
680	-1.29848537919551
681	-1.33045946821657
682	-1.36087549319473
683	-1.38978131393703
684	-1.41722346942324
685	-1.44324721299762
686	-1.46789654663503
687	-1.49121425430534
688	-1.51324193445999
689	-1.5340200316635
690	-1.55358786739243
691	-1.57198367002357
692	-1.58924460403262
693	-1.60540679842389
694	-1.62050537441143
695	-1.63457447237092
696	-1.64764727808163
697	-1.65975604827689
698	0
699	-0.0806692093359255
700	-0.158325946414256
701	-0.233057860291772
702	-0.304950222342776
703	-0.37408598922213
704	-0.440545864175661
705	-0.504408356741181
706	-0.565749840882219
707	-0.624644611595466
708	-0.681164940031876
709	-0.735381127170302
710	-0.787361556081541
711	-0.837172742819678
712	-0.884879385976643
713	-0.930544414934964
714	-0.974229036852778
715	-1.01599278241429
716	-1.05589355037796
717	-1.09398765095394
718	-1.13032984804134
719	-1.1649734003552
720	-1.19797010147222
721	-1.22937031882356
722	-1.2592230316623
723	-1.2875758680323
724	-1.31447514076476
725	-1.33996588252777
726	-1.36409187995377
727	-1.38689570686904
728	-1.40841875664866
729	-1.42870127371992
730	-1.44778238423646
731	-1.46570012594486
732	-1.48249147726478
733	-1.49819238560331
734	-1.51283779492362
735	-1.52646167258728
736	-1.53909703548954
737	-1.55077597550575
738	-1.56152968426737
739	0
740	-0.0793059540063077
741	-0.155636229478194
742	-0.229077502937687
743	-0.299714098733416
744	-0.367628051336481
745	-0.432899166001138
746	-0.495605077833065
747	-0.555821309306869
748	-0.613621326273415
749	-0.669076592496474
750	-0.722256622757195
751	-0.773229034563839
752	-0.822059598503309
753	-0.868812287269983
754	-0.91354932340649
755	-0.95633122579012
756	-0.997216854897699
757	-1.0362634568809
758	-1.07352670648315
759	-1.10906074882836
760	-1.14291824011116
761	-1.17515038721725
762	-1.20580698630198
763	-1.23493646035428
764	-1.26258589577279
765	-1.28880107797965
766	-1.31362652609755
767	-1.33710552671424
768	-1.35928016675865
769	-1.38019136551168
770	-1.39987890577446
771	-1.41838146421604
772	-1.43573664092214
773	-1.45198098816569
774	-1.46715003841977
775	-1.48127833163255
776	-1.49439944178379
777	-1.50654600274158
778	-1.51774973343767
779	-1.52804146237931
780	0
781	-0.0779589041364477
782	-0.152978486082685
783	-0.225144461386829
784	-0.294540218629433
785	-0.361246881060135
786	-0.42534336661634
787	-0.486906446366248
788	-0.546010801417474
789	-0.602729078331379
790	-0.657131943082229
791	-0.709288133599254
792	-0.759264510928674
793	-0.807126109051815
794	-0.852936183394487
795	-0.896756258061858
796	-0.938646171832186
797	-0.978664122941895
798	-1.01686671269362
799	-1.05330898791804
800	-1.08804448231948
801	-1.12112525673451
802	-1.15260193833203
803	-1.18252375878247
804	-1.21093859142317
805	-1.2378929874462
806	-1.26343221113418
807	-1.28760027416903
808	-1.31043996903804
809	-1.33199290156069
810	-1.35229952255941
811	-1.37139915869665
812	-1.38933004250007
813	-1.40612934159712
814	-1.42183318717979
815	-1.43647670171954
816	-1.45009402595226
817	-1.46271834515211
818	-1.47438191471323
819	-1.48511608505703
820	-1.49495132588317
821	0
822	-0.0730425034271156
823	-0.143278376378314
824	-0.210789827083289
825	-0.27565682879928
826	-0.337957179041711
827	-0.397766557259715
828	-0.455158580997224
829	-0.51020486057926
830	-0.562975052362011
831	-0.613536910584269
832	-0.661956337856835
833	-0.708297434325526
834	-0.7526225455425
835	-0.794992309079701
836	-0.835465699917346
837	-0.874100074639508
838	-0.910951214468027
839	-0.946073367165144
840	-0.979519287834484
841	-1.01134027864921
842	-1.04158622753544
843	-1.0703056458383
844	-1.09754570499718
845	-1.12335227225621
846	-1.1477699454352
847	-1.17084208678561
848	-1.19261085595549
849	-1.21311724208688
850	-1.23240109506809
851	-1.2505011559634
852	-1.26745508664127
853	-1.28329949862246
854	-1.2980699811682
855	-1.31180112862852
856	-1.32452656706994
857	-1.33627898020154
858	-1.3470901346178
859	-1.35699090437591
860	-1.36601129492529
861	-1.37418046640604
862	0
863	-0.0713108342400241
864	-0.139861775071879
865	-0.205733795367196
866	-0.269005665427946
867	-0.329754011369619
868	-0.388053371971438
869	-0.443976254033698
870	-0.497593186281301
871	-0.548972771851532
872	-0.59818173940311
873	-0.6452849928826
874	-0.690345659983319
875	-0.733425139330958
876	-0.774583146429238
877	-0.81387775839805
878	-0.851365457535698
879	-0.887101173736
880	-0.921138325790245
881	-0.953528861603183
882	-0.984323297351476
883	-1.01357075561231
884	-1.04131900248908
885	-1.06761448376054
886	-1.09250236007873
887	-1.11602654124092
888	-1.13822971955951
889	-1.15915340235374
890	-1.17883794358601
891	-1.19732257466542
892	-1.21464543444014
893	-1.23084359839999
894	-1.24595310710989
895	-1.26000899389425
896	-1.27304531179207
897	-1.28509515980171
898	-1.29619070843399
899	-1.30636322459178
900	-1.31564309579375
901	-1.32405985375927
902	-1.33164219737152
903	0
904	-0.0624072800460141
905	-0.122294970096692
906	-0.179737691303878
907	-0.234808028852015
908	-0.287576585984057
909	-0.338112036608247
910	-0.386481176522889
911	-0.432748973295279
912	-0.476978614830016
913	-0.519231556660999
914	-0.559567568000508
915	-0.598044776577899
916	-0.634719712299609
917	-0.669647349761295
918	-0.702881149642187
919	-0.734473099010896
920	-0.764473750571173
921	-0.792932260875389
922	-0.819896427532738
923	-0.84541272543851
924	-0.86952634205004
925	-0.892281211734319
926	-0.913720049211562
927	-0.933884382118414
928	-0.952814582713845
929	-0.9705498987502
930	-0.987128483531249
931	-1.00258742517856
932	-1.01696277512689
933	-1.03028957586887
934	-1.04260188796851
935	-1.05393281636289
936	-1.06431453597045
937	-1.07377831662423
938	-1.08235454734766
939	-1.09007275999018
940	-1.09696165223936
941	-1.10304911002608
942	-1.10836222933838
943	-1.11292733745972
944	0
945	-0.0618128692179608
946	-0.121122191354178
947	-0.178002163512872
948	-0.232524957953403
949	-0.284760775825294
950	-0.334777899491713
951	-0.382642743478344
952	-0.428419904083636
953	-0.472172207685446
954	-0.513960757778204
955	-0.553844980773821
956	-0.591882670598697
957	-0.628130032118347
958	-0.662641723420324
959	-0.695470896985325
960	-0.726669239775606
961	-0.756287012269015
962	-0.78437308646628
963	-0.810974982898412
964	-0.836138906660422
965	-0.859909782496823
966	-0.882331288963773
967	-0.90344589169202
968	-0.9232948757742
969	-0.941918377299434
970	-0.959355414057543
971	-0.975643915434627
972	-0.990820751521214
973	-1.00492176145357
974	-1.0179817810083
975	-1.03003466946975
976	-1.04111333578931
977	-1.05124976405519
978	-1.06047503829061
979	-1.06881936659817
980	-1.07631210466743
981	-1.08298177866243
982	-1.08885610750532
983	-1.09396202457213
984	-1.09832569881578
985	0
986	-0.0613082497024261
987	-0.120126571804624
988	-0.176528803419546
989	-0.230586766257665
990	-0.282370320115047
991	-0.331947414956325
992	-0.37938414162936
993	-0.424744781247382
994	-0.468091853273501
995	-0.50948616234153
996	-0.548986843846212
997	-0.586651408335049
998	-0.622535784733105
999	-0.656694362431332
1000	-0.68918003226817
1001	-0.720044226433386
1002	-0.749336957322381
1003	-0.777106855368425
1004	-0.803401205879599
1005	-0.828265984906486
1006	-0.851745894166007
1007	-0.873884395046103
1008	-0.894723741715347
1009	-0.914305013360909
1010	-0.932668145577724
1011	-0.949851960931075
1012	-0.965894198714253
1013	-0.980831543922372
1014	-0.994699655462876
1015	-1.00753319362273
1016	-1.01936584681179
1017	-1.03023035760126
1018	-1.04015854807576
1019	-1.04918134451703
1020	-1.05732880143661
1021	-1.0646301249748
1022	-1.07111369568229
1023	-1.07680709070079
1024	-1.08173710535835
1025	-1.08592977419467
1026	0
1027	-0.0597874547618942
1028	-0.11712602757864
1029	-0.172088470641021
1030	-0.22474554919428
1031	-0.275166094281932
1032	-0.323417054103932
1033	-0.369563544025456
1034	-0.413668895271615
1035	-0.45579470234249
1036	-0.496000869181968
1037	-0.534345654133029
1038	-0.570885713711208
1039	-0.605676145227198
1040	-0.638770528288709
1041	-0.670220965210918
1042	-0.700078120364087
1043	-0.72839125848618
1044	-0.755208281987563
1045	-0.780575767274192
1046	-0.804539000114979
1047	-0.827142010078374
1048	-0.848427604062523
1049	-0.868437398942755
1050	-0.88721185335951
1051	-0.90479029866921
1052	-0.921210969080017
1053	-0.93651103099381
1054	-0.950726611575186
1055	-0.963892826567729
1056	-0.97604380737727
1057	-0.987212727441345
1058	-0.997431827903539
1059	-1.00673244261095
1060	-1.01514502245251
1061	-1.02269915905538
1062	-1.02942360785638
1063	-1.03534631056464
1064	-1.04049441703161
1065	-1.04489430654384
1066	-1.04857160855372
1067	0
1068	-0.0578990839379203
1069	-0.113400252313758
1070	-0.166574910170621
1071	-0.217492510941052
1072	-0.266220608266694
1073	-0.312824906456468
1074	-0.357369309618866
1075	-0.39991596950308
1076	-0.440525332082747
1077	-0.479256182915229
1078	-0.516165691308474
1079	-0.551309453326667
1080	-0.584741533665078
1081	-0.616514506423698
1082	-0.6466794948085
1083	-0.675286209788395
1084	-0.702382987735231
1085	-0.728016827073458
1086	-0.75223342396538
1087	-0.775077207057276
1088	-0.796591371310947
1089	-0.81681791094467
1090	-0.835797651506865
1091	-0.853570281105195
1092	-0.870174380813225
1093	-0.885647454276176
1094	-0.900025956536756
1095	-0.913345322101503
1096	-0.925639992267526
1097	-0.936943441729037
1098	-0.947288204482538
1099	-0.956705899049021
1100	-0.965227253031122
1101	-0.972882127022606
1102	-0.979699537887198
1103	-0.985707681423261
1104	-0.990933954430438
1105	-0.99540497619392
1106	-0.999146609401617
1107	-1.00218398050909
1108	0
1109	-0.0568488916476853
1110	-0.111328212008616
1111	-0.163508616927659
1112	-0.213458830290187
1113	-0.261245695327805
1114	-0.306934224575995
1115	-0.350587648518972
1116	-0.3922674629561
1117	-0.432033475123328
1118	-0.469943848602243
1119	-0.50605514704846
1120	-0.540422376770266
1121	-0.573099028187612
1122	-0.604137116200759
1123	-0.633587219497134
1124	-0.661498518824181
1125	-0.687918834255295
1126	-0.712894661475192
1127	-0.736471207110392
1128	-0.758692423129832
1129	-0.779601040339941
1130	-0.799238600997906
1131	-0.817645490566221
1132	-0.834860968631007
1133	-0.850923199006008
1134	-0.865869279043592
1135	-0.879735268173537
1136	-0.892556215689823
1137	-0.904366187805131
1138	-0.915198293992253
1139	-0.925084712631071
1140	-0.934056715979315
1141	-0.942144694484833
1142	-0.949378180456598
1143	-0.955785871111293
1144	-0.961395651011813
1145	-0.966234613913642
1146	-0.970329084034614
1147	-0.973704636763181
1148	-0.976386118819907
1149	0
1150	-0.0561196598440255
1151	-0.109889430079798
1152	-0.161379446324421
1153	-0.210657925880806
1154	-0.257791218686518
1155	-0.302843856923875
1156	-0.345878603326327
1157	-0.386956498215243
1158	-0.426136905300337
1159	-0.46347755627608
1160	-0.499034594245637
1161	-0.532862616002998
1162	-0.565014713203209
1163	-0.595542512449808
1164	-0.624496214327804
1165	-0.651924631409823
1166	-0.677875225262294
1167	-0.70239414247786
1168	-0.725526249759519
1169	-0.747315168081321
1170	-0.767803305949804
1171	-0.787031891789725
1172	-0.805041005477014
1173	-0.821869609041296
1174	-0.837555576559726
1175	-0.85213572326332
1176	-0.865645833876418
1177	-0.878120690209369
1178	-0.889594098023988
1179	-0.900098913190863
1180	-0.909667067157054
1181	-0.918329591742244
1182	-0.926116643280968
1183	-0.933057526128031
1184	-0.939180715543822
1185	-0.944513879975764
1186	-0.949083902751747
1187	-0.952916903200934
1188	-0.956038257216978
1189	-0.958472617278245
1190	0
1191	-0.0524419586089699
1192	-0.102633287314171
1193	-0.150641498091948
1194	-0.196532253421162
1195	-0.240369415432229
1196	-0.282215093764428
1197	-0.322129692165279
1198	-0.360171953864928
1199	-0.396399005757597
1200	-0.43086640142133
1201	-0.463628163006443
1202	-0.494736822022297
1203	-0.524243459051232
1204	-0.552197742417761
1205	-0.578647965840357
1206	-0.603641085092506
1207	-0.62722275369893
1208	-0.649437357692274
1209	-0.670328049454859
1210	-0.689936780669439
1211	-0.708304334402329
1212	-0.72547035634161
1213	-0.741473385212544
1214	-0.75635088239176
1215	-0.770139260741186
1216	-0.782873912682193
1217	-0.794589237529822
1218	-0.805318668106514
1219	-0.815094696654197
1220	-0.823948900063135
1221	-0.831911964435427
1222	-0.839013709000603
1223	-0.8452831094003
1224	-0.85074832035854
1225	-0.855436697753735
1226	-0.859374820108088
1227	-0.862588509509666
1228	-0.865102851982024
1229	-0.86694221731586
1230	-0.868130278376804
1231	0
1232	-0.0520854306888732
1233	-0.101929854021795
1234	-0.149600527631124
1235	-0.195162866323047
1236	-0.238680491052135
1237	-0.280215276608727
1238	-0.319827398052831
1239	-0.357575375927348
1240	-0.393516120282573
1241	-0.427704973543097
1242	-0.460195752247398
1243	-0.491040787689652
1244	-0.520290965492489
1245	-0.547995764138695
1246	-0.574203292489108
1247	-0.598960326313267
1248	-0.622312343858644
1249	-0.644303560483668
1250	-0.66497696237902
1251	-0.684374339401108
1252	-0.702536317040963
1253	-0.719502387551196
1254	-0.735310940253078
1255	-0.749999291045218
1256	-0.763603711134747
1257	-0.776159455011395
1258	-0.78770078768427
1259	-0.798261011200685
1260	-0.807872490465819
1261	-0.816566678381564
1262	-0.824374140322362
1263	-0.831324577965443
1264	-0.83744685249236
1265	-0.842769007178314
1266	-0.847318289385309
1267	-0.851121171974771
1268	-0.854203374154841
1269	-0.85658988177718
1270	-0.858304967097702
1271	-0.859372208015301
1272	0
1273	-0.050927150265346
1274	-0.0996445547061159
1275	-0.146218644647273
1276	-0.190714030261214
1277	-0.233193548975482
1278	-0.273718312608114
1279	-0.312347753263928
1280	-0.349139668024175
1281	-0.384150262461158
1282	-0.417434193008554
1283	-0.449044608217423
1284	-0.479033188927049
1285	-0.507450187379045
1286	-0.534344465302385
1287	-0.559763530996297
1288	-0.583753575437275
1289	-0.606359507435752
1290	-0.627624987867326
1291	-0.64759246300278
1292	-0.666303196960486
1293	-0.683797303304194
1294	-0.700113775808582
1295	-0.715290518414372
1296	-0.729364374394235
1297	-0.742371154750172
1298	-0.754345665862491
1299	-0.765321736410006
1300	-0.775332243580534
1301	-0.784409138590305
1302	-0.792583471530381
1303	-0.799885415557735
1304	-0.806344290448142
1305	-0.811988585527647
1306	-0.816845981998855
1307	-0.820943374677942
1308	-0.824306893157816
1309	-0.82696192241248
1310	-0.828933122857246
1311	-0.83024444987907
1312	-0.8309191728509
1313	0
1314	-0.0503729312977574
1315	-0.0985510749220845
1316	-0.14460046682285
1317	-0.188585332167835
1318	-0.230568133479224
1319	-0.270609617504803
1320	-0.308768860857017
1321	-0.345103314452095
1322	-0.379668846780697
1323	-0.412519786040638
1324	-0.443708961161502
1325	-0.473287741750136
1326	-0.501306076985299
1327	-0.527812533488962
1328	-0.552854332201069
1329	-0.576477384283838
1330	-0.598726326081032
1331	-0.619644553156938
1332	-0.639274253439155
1333	-0.657656439488674
1334	-0.674830979920091
1335	-0.690836629994234
1336	-0.705711061404862
1337	-0.719490891280571
1338	-0.732211710422441
1339	-0.743908110797471
1340	-0.754613712307289
1341	-0.764361188851127
1342	-0.773182293701556
1343	-0.781107884210993
1344	-0.788167945866516
1345	-0.794391615710065
1346	-0.799807205140668
1347	-0.804442222114888
1348	-0.808323392761266
1349	-0.811476682424124
1350	-0.813927316151684
1351	-0.815699798643085
1352	-0.816817933668468
1353	-0.817304842975968
1354	0
1355	-0.0487505763530349
1356	-0.0953501517521392
1357	-0.139863604772971
1358	-0.182354033566417
1359	-0.222882803201123
1360	-0.261509591761485
1361	-0.298292435233683
1362	-0.333287771211477
1363	-0.366550481452661
1364	-0.398133933316276
1365	-0.42809002010986
1366	-0.456469200375302
1367	-0.483320536141061
1368	-0.508691730167838
1369	-0.532629162214048
1370	-0.555177924346752
1371	-0.576381855323064
1372	-0.596283574066367
1373	-0.614924512261037
1374	-0.632344946088786
1375	-0.648584027129079
1376	-0.663679812445554
1377	-0.677669293879734
1378	-0.690588426572834
1379	-0.702472156735849
1380	-0.71335444868766
1381	-0.723268311180297
1382	-0.73224582303007
1383	-0.740318158072736
1384	-0.747515609460435
1385	-0.753867613317635
1386	-0.759402771772886
1387	-0.764148875382755
1388	-0.768132924963865
1389	-0.771381152848561
1390	-0.773919043579308
1391	-0.775771354056551
1392	-0.776962133154344
1393	-0.777514740817734
1394	-0.777451866655466
1395	0
1396	-0.0485540202965493
1397	-0.094962344609538
1398	-0.139289711293206
1399	-0.181599081954957
1400	-0.221951688701694
1401	-0.260407080144134
1402	-0.297023166191612
1403	-0.331856261669027
1404	-0.36496112878677
1405	-0.396391018493671
1406	-0.426197710742186
1407	-0.454431553694327
1408	-0.481141501896056
1409	-0.506375153447151
1410	-0.530178786192863
1411	-0.55259739296296
1412	-0.573674715883122
1413	-0.593453279782973
1414	-0.611974424724408
1415	-0.629278337673268
1416	-0.645404083336787
1417	-0.660389634188674
1418	-0.674271899703106
1419	-0.687086754818359
1420	-0.698869067650262
1421	-0.709652726475123
1422	-0.71947066600128
1423	-0.728354892947899
1424	-0.7363365109492
1425	-0.743445744801761
1426	-0.749711964072145
1427	-0.755163706081587
1428	-0.759828698284101
1429	-0.763733880053882
1430	-0.766905423897503
1431	-0.76936875610599
1432	-0.771148576861443
1433	-0.772268879812531
1434	-0.772752971132769
1435	-0.772623488075148
1436	0
1437	-0.0483745374987941
1438	-0.0946082231838845
1439	-0.138765667368011
1440	-0.180909706975537
1441	-0.221101452700951
1442	-0.25940033492764
1443	-0.295864148439383
1444	-0.330549095956171
1445	-0.363509830525123
1446	-0.394799496796485
1447	-0.424469771213884
1448	-0.452570901147278
1449	-0.479151742996275
1450	-0.504259799290796
1451	-0.52794125481531
1452	-0.550241011782246
1453	-0.571202724079451
1454	-0.590868830615967
1455	-0.609280587789722
1456	-0.62647810110016
1457	-0.642500355928181
1458	-0.657385247505218
1459	-0.671169610092696
1460	-0.683889245392546
1461	-0.695578950208932
1462	-0.706272543380805
1463	-0.716002892004392
1464	-0.724801936964226
1465	-0.732700717790832
1466	-0.739729396862734
1467	-0.745917282969941
1468	-0.751292854255671
1469	-0.755883780552598
1470	-0.759716945129506
1471	-0.762818465863786
1472	-0.765213715854857
1473	-0.766927343493152
1474	-0.767983291998939
1475	-0.768404818444907
1476	-0.768214512276022
1477	0
1478	-0.04292246622383
1479	-0.0838512298853489
1480	-0.12284701183605
1481	-0.159968861557566
1482	-0.195274201652008
1483	-0.228818871162283
1484	-0.260657167753018
1485	-0.290841888781918
1486	-0.319424371290615
1487	-0.346454530943296
1488	-0.371980899940662
1489	-0.396050663936046
1490	-0.418709697979833
1491	-0.440002601517611
1492	-0.459972732466852
1493	-0.478662240396248
1494	-0.496112098831209
1495	-0.512362136708411
1496	-0.52745106900169
1497	-0.541416526540976
1498	-0.554295085045432
1499	-0.566122293391361
1500	-0.576932701134945
1501	-0.58675988530934
1502	-0.59563647651514
1503	-0.60359418432273
1504	-0.610663822004558
1505	-0.616875330614898
1506	-0.622257802434191
1507	-0.626839503794638
1508	-0.630647897303255
1509	-0.633709663478189
1510	-0.636050721813675
1511	-0.637696251288622
1512	-0.638670710333416
1513	-0.638997856269136
1514	-0.638700764233037
1515	-0.637801845603767
1516	-0.63632286593943
1517	-0.634284962441293
1518	0
1519	-0.0393193246299675
1520	-0.0767421940668274
1521	-0.112326758711525
1522	-0.146129565016705
1523	-0.178205598213733
1524	-0.208608323915746
1525	-0.237389728626191
1526	-0.264600359181482
1527	-0.290289361155696
1528	-0.314504516254497
1529	-0.33729227872474
1530	-0.358697810805545
1531	-0.378765017245945
1532	-0.397536578913546
1533	-0.415053985518023
1534	-0.431357567472626
1535	-0.446486526916276
1536	-0.460478967918254
1537	-0.473371925886884
1538	-0.485201396203077
1539	-0.496002362099029
1540	-0.505808821801877
1541	-0.514653814961556
1542	-0.522569448381617
1543	-0.529586921071284
1544	-0.535736548636534
1545	-0.541047787027525
1546	-0.545549255659242
1547	-0.549268759921801
1548	-0.552233313096404
1549	-0.554469157692531
1550	-0.556001786221543
1551	-0.556855961421477
1552	-0.557055735947428
1553	-0.556624471541523
1554	-0.555584857696149
1555	-0.553958929823719
1556	-0.551768086945926
1557	-0.549033108915084
1558	-0.545774173179839
1559	0
1560	-0.039050872061251
1561	-0.0762125343582467
1562	-0.111542945780155
1563	-0.145098466291095
1564	-0.176933899525784
1565	-0.207102534264642
1566	-0.235656184817729
1567	-0.262645230346054
1568	-0.2881186531481
1569	-0.312124075938649
1570	-0.334707798146316
1571	-0.355914831255462
1572	-0.37578893321754
1573	-0.394372641956237
1574	-0.411707307990146
1575	-0.427833126196082
1576	-0.44278916673557
1577	-0.456613405166405
1578	-0.469342751760648
1579	-0.481013080049848
1580	-0.491659254617741
1581	-0.501315158160129
1582	-0.510013717831171
1583	-0.517786930894756
1584	-0.524665889699191
1585	-0.530680805992942
1586	-0.535861034598678
1587	-0.540235096462465
1588	-0.543830701094475
1589	-0.546674768417169
1590	-0.54879345003649
1591	-0.550212149951186
1592	-0.550955544715014
1593	-0.551047603066154
1594	-0.550511605037822
1595	-0.549370160563677
1596	-0.547645227591289
1597	-0.545358129716553
1598	-0.542529573351635
1599	-0.539179664438679
1600	0
1601	-0.0372272126500804
1602	-0.0726144353834855
1603	-0.106218326106279
1604	-0.13809397792358
1605	-0.168294960842727
1606	-0.196873362379241
1607	-0.223879827094303
1608	-0.249363595091735
1609	-0.273372539501719
1610	-0.295953202977809
1611	-0.317150833233057
1612	-0.337009417640425
1613	-0.355571716922003
1614	-0.372879297950882
1615	-0.388972565688938
1616	-0.403890794283159
1617	-0.417672157342558
1618	-0.430353757417147
1619	-0.441971654699863
1620	-0.452560894971826
1621	-0.462155536810743
1622	-0.470788678081774
1623	-0.478492481729656
1624	-0.485298200890417
1625	-0.491236203340486
1626	-0.496335995300597
1627	-0.500626244611377
1628	-0.504134803297102
1629	-0.50688872953366
1630	-0.508914309036338
1631	-0.510237075882652
1632	-0.510881832785031
1633	-0.51087267082778
1634	-0.510232988682383
1635	-0.508985511314816
1636	-0.5071523081982
1637	-0.504754811043779
1638	-0.501813831062841
1639	-0.49834957577191
1640	-0.494381665353174
1641	0
1642	-0.0369832857137179
1643	-0.0721331650024778
1644	-0.105506121756943
1645	-0.137157079631164
1646	-0.167139443626369
1647	-0.195505140580671
1648	-0.222304658593328
1649	-0.247587085411459
1650	-0.271400145806393
1651	-0.293790237966096
1652	-0.314802468929458
1653	-0.334480689087531
1654	-0.352867525776146
1655	-0.370004415983725
1656	-0.385931638197459
1657	-0.400688343410414
1658	-0.414312585311566
1659	-0.426841349680155
1660	-0.438310583005214
1661	-0.448755220350574
1662	-0.458209212485115
1663	-0.466705552297523
1664	-0.474276300514292
1665	-0.480952610739251
1666	-0.486764753832378
1667	-0.49174214164524
1668	-0.495913350129912
1669	-0.4993061418378
1670	-0.501947487824368
1671	-0.503863588975352
1672	-0.505079896769611
1673	-0.505621133493409
1674	-0.505511311920505
1675	-0.504773754472056
1676	-0.503431111869992
1677	-0.501505381297139
1678	-0.499017924077025
1679	-0.495989482885989
1680	-0.492440198509844
1681	-0.488389626157061
1682	0
1683	-0.0325622520508896
1684	-0.0634104196300859
1685	-0.0925978327004633
1686	-0.120176343714144
1687	-0.146196367032703
1688	-0.17070691730981
1689	-0.193755646863471
1690	-0.215388882064342
1691	-0.235651658765881
1692	-0.254587756801423
1693	-0.272239733572646
1694	-0.288648956753192
1695	-0.303855636130658
1696	-0.317898854609505
1697	-0.330816598396882
1698	-0.342645786392766
1699	-0.353422298805272
1700	-0.363181005011432
1701	-0.371955790683224
1702	-0.37977958419809
1703	-0.38668438235272
1704	-0.392701275398342
1705	-0.397860471415314
1706	-0.402191320044339
1707	-0.405722335591157
1708	-0.40848121952116
1709	-0.410494882359907
1710	-0.41178946501513
1711	-0.412390359535391
1712	-0.412322229320177
1713	-0.411609028795804
1714	-0.410274022571161
1715	-0.408339804086916
1716	-0.405828313771492
1717	-0.402760856716743
1718	-0.399158119885932
1719	-0.395040188866287
1720	-0.390426564178085
1721	-0.385336177151898
1722	-0.379787405385346
1723	0
1724	-0.0325096207251481
1725	-0.0633065774773074
1726	-0.0924441626726125
1727	-0.119974192201277
1728	-0.145947044822041
1729	-0.17041170051973
1730	-0.193415777853067
1731	-0.215005570319196
1732	-0.235226081760663
1733	-0.254121060839934
1734	-0.271733034605876
1735	-0.288103341175988
1736	-0.303272161557545
1737	-0.317278550630215
1738	-0.330160467312112
1739	-0.34195480393069
1740	-0.352697414819305
1741	-0.36242314415974
1742	-0.371165853090446
1743	-0.378958446099756
1744	-0.385832896722798
1745	-0.391820272560365
1746	-0.396950759637518
1747	-0.401253686119216
1748	-0.404757545399852
1749	-0.407490018583087
1750	-0.409477996367987
1751	-0.41074760035701
1752	-0.411324203801026
1753	-0.411232451796125
1754	-0.410496280946579
1755	-0.409138938507982
1756	-0.407183001024189
1757	-0.404650392471338
1758	-0.401562401921885
1759	-0.397939700741249
1760	-0.393802359329329
1761	-0.389169863418838
1762	-0.384061129942078
1763	-0.3784945224775
1764	0
1765	-0.0299184813650864
1766	-0.0581942325856059
1767	-0.084878697580926
1768	-0.110021892229587
1769	-0.133672442495689
1770	-0.155877621551506
1771	-0.176683385922631
1772	-0.196134410681246
1773	-0.214274123712447
1774	-0.231144739077915
1775	-0.246787289500562
1776	-0.261241657993204
1777	-0.274546608653662
1778	-0.286739816648154
1779	-0.297857897404223
1780	-0.307936435033938
1781	-0.317010010007518
1782	-0.325112226097041
1783	-0.332275736609353
1784	-0.338532269926816
1785	-0.343912654374041
1786	-0.34844684242826
1787	-0.352163934290561
1788	-0.355092200834735
1789	-0.357259105950045
1790	-0.358691328293831
1791	-0.359414782469402
1792	-0.359454639644301
1793	-0.358835347623621
1794	-0.357580650392662
1795	-0.355713607142843
1796	-0.353256610794432
1797	-0.350231406029303
1798	-0.34665910684655
1799	-0.342560213653506
1800	-0.337954629904343
1801	-0.33286167829813
1802	-0.327300116547909
1803	-0.321288152732057
1804	-0.314843460238885
1805	0
1806	-0.0293143407867836
1807	-0.0570022569447116
1808	-0.0831147614044046
1809	-0.107701450360264
1810	-0.130810541101199
1811	-0.152488908845311
1812	-0.172782122604627
1813	-0.191734480105283
1814	-0.209389041787898
1815	-0.225787663912244
1816	-0.24097103078966
1817	-0.254978686166073
1818	-0.267849063777879
1819	-0.279619517102351
1820	-0.290326348323684
1821	-0.300004836535232
1822	-0.308689265197942
1823	-0.316412948874502
1824	-0.323208259258157
1825	-0.329106650514702
1826	-0.33413868395565
1827	-0.338334052060101
1828	-0.341721601862399
1829	-0.34432935772219
1830	-0.346184543493086
1831	-0.347313604105708
1832	-0.347742226580447
1833	-0.347495360484918
1834	-0.346597237850661
1835	-0.345071392563278
1836	-0.342940679239815
1837	-0.340227291606842
1838	-0.336952780392333
1839	-0.333138070744096
1840	-0.328803479187189
1841	-0.323968730132406
1842	-0.318652971947623
1843	-0.31287479260348
1844	-0.306652234904561
1845	-0.300002811316972
1846	0
1847	-0.0282417557993705
1848	-0.0548860356152704
1849	-0.0799830872053188
1850	-0.103581761660999
1851	-0.125729550713481
1852	-0.146472623057107
1853	-0.165855859716293
1854	-0.183922888480871
1855	-0.200716117434308
1856	-0.216276767598536
1857	-0.230644904718558
1858	-0.243859470209346
1859	-0.255958311287009
1860	-0.266978210305568
1861	-0.276954913320189
1862	-0.285923157897126
1863	-0.293916700190113
1864	-0.30096834130245
1865	-0.307109952953484
1866	-0.312372502467728
1867	-0.316786077104382
1868	-0.320379907744529
1869	-0.323182391952866
1870	-0.325221116430356
1871	-0.326522878873781
1872	-0.32711370925774
1873	-0.327018890554246
1874	-0.326262978904673
1875	-0.324869823258407
1876	-0.322862584492201
1877	-0.32026375402386
1878	-0.317095171933501
1879	-0.313378044605335
1880	-0.309132961902535
1881	-0.304379913887452
1882	-0.299138307099102
1883	-0.293426980399551
1884	-0.287264220400514
1885	-0.280667776481186
1886	-0.273654875408032
1887	0
1888	-0.025596607332752
1889	-0.0496671301949201
1890	-0.0722599293177192
1891	-0.0934220182619358
1892	-0.113199099429252
1893	-0.131635599125058
1894	-0.148774701697606
1895	-0.164658382777693
1896	-0.179327441642446
1897	-0.192821532726148
1898	-0.205179196300464
1899	-0.216437888345821
1900	-0.226634009635142
1901	-0.235802934050571
1902	-0.243979036153299
1903	-0.251195718026055
1904	-0.257485435407332
1905	-0.262879723135912
1906	-0.267409219923775
1907	-0.271103692474986
1908	-0.273992058967723
1909	-0.276102411916133
1910	-0.277462040428279
1911	-0.278097451876023
1912	-0.278034392992252
1913	-0.277297870410483
1914	-0.275912170661464
1915	-0.273900879641006
1916	-0.271286901562942
1917	-0.268092477410693
1918	-0.264339202900619
1919	-0.260048045969945
1920	-0.255239363801762
1921	-0.249932919399228
1922	-0.244147897720818
1923	-0.237902921388136
1924	-0.231216065977516
1925	-0.224104874906332
1926	-0.216586373924662
1927	-0.208677085222674
1928	0
1929	-0.0236640103936879
1930	-0.0458540963452444
1931	-0.0666172398876758
1932	-0.0859991120460864
1933	-0.104044107903218
1934	-0.12079538074119
1935	-0.136294875283634
1936	-0.150583360061808
1937	-0.163700458927624
1938	-0.175684681735944
1939	-0.186573454217933
1940	-0.196403147066633
1941	-0.20520910425543
1942	-0.213025670609511
1943	-0.219886218649881
1944	-0.225823174729021
1945	-0.230868044476742
1946	-0.235051437574334
1947	-0.2384030918746
1948	-0.240951896884946
1949	-0.242725916630206
1950	-0.243752411911494
1951	-0.244057861976887
1952	-0.243667985619404
1953	-0.242607761717262
1954	-0.240901449231073
1955	-0.238572606672203
1956	-0.23564411105618
1957	-0.232138176354657
1958	-0.228076371459087
1959	-0.223479637668926
1960	-0.218368305716835
1961	-0.212762112343039
1962	-0.206680216430682
1963	-0.20014121471368
1964	-0.193163157068325
1965	-0.185763561399541
1966	-0.177959428132454
1967	-0.169767254319632
1968	-0.16120304737409
1969	0
1970	-0.0231142228536309
1971	-0.0447693598137965
1972	-0.065012000699751
1973	-0.0838874346104064
1974	-0.101439684720815
1975	-0.117711542161877
1976	-0.132744599007299
1977	-0.146579280391186
1978	-0.159254875779046
1979	-0.170809569414391
1980	-0.181280469962539
1981	-0.19070363937265
1982	-0.199114120978488
1983	-0.206545966857856
1984	-0.213032264470143
1985	-0.218605162590896
1986	-0.223295896561848
1987	-0.227134812874352
1988	-0.230151393103693
1989	-0.232374277211296
1990	-0.233831286231412
1991	-0.23454944435841
1992	-0.234555000450412
1993	-0.233873448964561
1994	-0.232529550338838
1995	-0.230547350834955
1996	-0.227950201856432
1997	-0.22476077875567
1998	-0.221001099143381
1999	-0.216692540713474
2000	-0.211855858596084
2001	-0.206511202251137
2002	-0.200678131914516
2003	-0.194375634608561
2004	-0.18762213972835
2005	-0.180435534214886
2006	-0.172833177326048
2007	-0.164831915015866
2008	-0.156448093932392
2009	-0.147697575044207
2010	0
2011	-0.0200042881753511
2012	-0.0386334263664924
2013	-0.0559317857917461
2014	-0.071942495141824
2015	-0.0867074738543541
2016	-0.100267464511395
2017	-0.11266206438292
2018	-0.123929756138652
2019	-0.134107937750033
2020	-0.143232951603563
2021	-0.151340112846164
2022	-0.158463736982716
2023	-0.164637166745344
2024	-0.169892798253559
2025	-0.174262106483849
2026	-0.177775670066803
2027	-0.180463195429423
2028	-0.182353540299774
2029	-0.183474736590702
2030	-0.18385401267891
2031	-0.18351781509523
2032	-0.182491829641552
2033	-0.180801001949443
2034	-0.1784695574951
2035	-0.175521021084894
2036	-0.171978235825418
2037	-0.167863381591528
2038	-0.163197993005584
2039	-0.158002976940698
2040	-0.152298629560493
2041	-0.14610465290753
2042	-0.139440171052252
2043	-0.132323745813986
2044	-0.124773392065243
2045	-0.116806592630238
2046	-0.10844031278831
2047	-0.0996910143925979
2048	-0.0905746696140953
2049	-0.0811067743209062
2050	-0.0713023611022991
2051	0
2052	-0.0199595486275986
2053	-0.0385451547737193
2054	-0.0558011577398717
2055	-0.0717706551371164
2056	-0.0864955361386959
2057	-0.100016513856227
2058	-0.11237315686242
2059	-0.123603919882686
2060	-0.133746173677419
2061	-0.142836234136145
2062	-0.150909390604217
2063	-0.157999933462152
2064	-0.164141180977202
2065	-0.169365505446251
2066	-0.173704358648591
2067	-0.177188296626695
2068	-0.17984700381258
2069	-0.181709316516952
2070	-0.1828032457978
2071	-0.183155999724756
2072	-0.182794005055034
2073	-0.181742928336397
2074	-0.180027696452186
2075	-0.177672516623024
2076	-0.174700895879477
2077	-0.171135660019536
2078	-0.166998972064435
2079	-0.162312350225984
2080	-0.157096685398212
2081	-0.151372258185839
2082	-0.145158755481698
2083	-0.138475286604969
2084	-0.131340399011753
2085	-0.123772093589201
2086	-0.115787839544153
2087	-0.107404588896915
2088	-0.0986387905905544
2089	-0.0895064042258128
2090	-0.0800229134314668
2091	-0.0702033388797129
2092	0
2093	-0.0120049797713452
2094	-0.0228507077344113
2095	-0.0325758484689846
2096	-0.0412179737093585
2097	-0.0488135917041175
2098	-0.0553981758011826
2099	-0.0610061922784298
2100	-0.065671127439655
2101	-0.0694255139951495
2102	-0.0723009567456384
2103	-0.0743281575878512
2104	-0.0755369398595104
2105	-0.0759562720410627
2106	-0.0756142908310224
2107	-0.0745383236113557
2108	-0.0727549103189048
2109	-0.0702898247384334
2110	-0.0671680952324665
2111	-0.0634140249227
2112	-0.0590512113373718
2113	-0.0541025655386058
2114	-0.0485903307433778
2115	-0.0425361004513914
2116	-0.0359608360928075
2117	-0.028884884208429
2118	-0.0213279931746199
2119	-0.0133093294849039
2120	-0.00484749359988983
2121	0.00403946462314647
2122	0.0133340309099786
2123	0.0230192119476994
2124	0.033078521151075
2125	0.043495964806783
2126	0.0542560285856134
2127	0.0653436644129592
2128	0.0767442776881842
2129	0.0884437148436973
2130	0.100428251234806
2131	0.112684579351651
2132	0.125199797344762
2133	0
2134	-0.0114079068824405
2135	-0.0216726767181666
2136	-0.0308325481402469
2137	-0.0389246781086152
2138	-0.0459851709776551
2139	-0.0520491067966812
2140	-0.0571505688634264
2141	-0.0613226705501174
2142	-0.0645975814212104
2143	-0.0670065526613574
2144	-0.0685799418316926
2145	-0.0693472369720496
2146	-0.0693370800662638
2147	-0.0685772898872651
2148	-0.0670948842382263
2149	-0.0649161016056115
2150	-0.0620664222395507
2151	-0.0585705886765663
2152	-0.0544526257192805
2153	-0.0497358598873548
2154	-0.0444429383535359
2155	-0.0385958473783206
2156	-0.0322159302564005
2157	-0.0253239047877002
2158	-0.0179398802854888
2159	-0.0100833741337215
2160	-0.00177332790544062
2161	0.00697187694623249
2162	0.0161344038132946
2163	0.025696946063312
2164	0.0356427125644862
2165	0.045955413594966
2166	0.0566192471263091
2167	0.0676188854712671
2168	0.0789394622863164
2169	0.0905665599196155
2170	0.102486197095308
2171	0.114684816925331
2172	0.12714927524012
2173	0.139866829229823
2174	0
2175	-0.00880062976441551
2176	-0.0165284918622552
2177	-0.0232199649172815
2178	-0.0289103946671843
2179	-0.0336341217552035
2180	-0.0374245087879823
2181	-0.0403139666788904
2182	-0.0423339802955522
2183	-0.0435151334298253
2184	-0.0438871331079973
2185	-0.0434788332585052
2186	-0.0423182577540262
2187	-0.0404326228443537
2188	-0.0378483589960357
2189	-0.0345911321543417
2190	-0.0306858644427122
2191	-0.0261567543144521
2192	-0.0210272961710393
2193	-0.0153202994610483
2194	-0.0090579072733189
2195	-0.00226161443764526
2196	0.00504771485408753
2197	0.0128498298937295
2198	0.0211250767573948
2199	0.0298543820487561
2200	0.0390192370734721
2201	0.0486016824334338
2202	0.0585842930297954
2203	0.0689501634640586
2204	0.0796828938267463
2205	0.0907665758634896
2206	0.102185779508609
2207	0.113925539776526
2208	0.125971344001619
2209	0.138309119417334
2210	0.150925221065671
2211	0.163806420028328
2212	0.176939891971055
2213	0.190313205992998
2214	0.203914313772984
2215	0
2216	-0.00759194067163306
2217	-0.0141437357181494
2218	-0.0196909014947992
2219	-0.0242679440876086
2220	-0.0279083865134872
2221	-0.0306447952020202
2222	-0.0325088057777811
2223	-0.0335311481615046
2224	-0.0337416710079853
2225	-0.033169365498095
2226	-0.0318423885018612
2227	-0.0297880851291019
2228	-0.0270330106836855
2229	-0.0236029520370587
2230	-0.0195229484362811
2231	-0.0148173117614026
2232	-0.00950964624663593
2233	-0.00362286767939302
2234	0.00282077790910798
2235	0.00979969604832204
2236	0.0172929261149451
2237	0.0252801240889152
2238	0.0337415457665222
2239	0.0426580304186218
2240	0.0520109848822686
2241	0.0617823680743799
2242	0.0719546759163525
2243	0.0825109266588311
2244	0.0934346465961219
2245	0.104709856160008
2246	0.116321056383001
2247	0.128253215721323
2248	0.140491757228159
2249	0.153022546067973
2250	0.165831877362931
2251	0.178906464362683
2252	0.192233426929026
2253	0.205800280327134
2254	0.219594924315331
2255	0.233605632525518
2256	0
2257	-0.0063154313883796
2258	-0.0116251696332689
2259	-0.0159638204390594
2260	-0.0193650031268099
2261	-0.0218613772096496
2262	-0.0234846682661863
2263	-0.0242656931303285
2264	-0.0242343844154482
2265	-0.0234198143903439
2266	-0.0218502182240027
2267	-0.0195530166157233
2268	-0.016554837826718
2269	-0.0128815391289011
2270	-0.00855822768615357
2271	-0.00360928088295346
2272	0.00194163388512212
2273	0.00807153994490338
2274	0.0147581325893885
2275	0.0219797608183645
2276	0.0297154095628467
2277	0.0379446823806323
2278	0.0466477846106017
2279	0.0558055069737188
2280	0.0653992096090013
2281	0.0754108065330372
2282	0.08582275051192
2283	0.0966180183347727
2284	0.107780096478307
2285	0.119292967152149
2286	0.131141094714911
2287	0.143309412451294
2288	0.155783309700699
2289	0.168548619328132
2290	0.181591605528396
2291	0.194898951954805
2292	0.208457750163885
2293	0.222255488367767
2294	0.236280040486156
2295	0.250519655490015
2296	0.264962947029282
2297	0
2298	-0.00582835994792284
2299	-0.0106641726182517
2300	-0.0145416962427579
2301	-0.0174942117839032
2302	-0.019554049271878
2303	-0.0207526134458711
2304	-0.021120408717818
2305	-0.0206870634763974
2306	-0.0194813537485778
2307	-0.017531226235568
2308	-0.0148638207395807
2309	-0.0115054919973913
2310	-0.00748183093625577
2311	-0.00281768536734368
2312	0.00246281986855367
2313	0.00833626328866594
2314	0.014779907675239
2315	0.021771681488252
2316	0.0292901607705794
2317	0.0373145515326724
2318	0.0458246726041682
2319	0.0548009389401674
2320	0.0642243453702409
2321	0.0740764507785384
2322	0.0843393627036765
2323	0.0949957223473774
2324	0.106028689981124
2325	0.117421930740374
2326	0.12915960079614
2327	0.141226333894043
2328	0.153607228251145
2329	0.166287833801196
2330	0.179254139779107
2331	0.192492562635748
2332	0.205989934274372
2333	0.219733490600222
2334	0.233710860375074
2335	0.247910054368698
2336	0.262319454799426
2337	0.276927805056226
2338	0
2339	-0.00522402341236288
2340	-0.00947181035165214
2341	-0.0127771879210979
2342	-0.0151730172628949
2343	-0.0166912195994874
2344	-0.0173628015868121
2345	-0.0172178799975448
2346	-0.0162857057519228
2347	-0.0145946873132555
2348	-0.012172413464788
2349	-0.00904567548414836
2350	-0.00524048873118086
2351	-0.000782113664559627
2352	0.00430492369783087
2353	0.00999681186015076
2354	0.0162704344572805
2355	0.0231033513770737
2356	0.0304737803827075
2357	0.0383605792220005
2358	0.0467432282109153
2359	0.0556018132787934
2360	0.0649170094631996
2361	0.0746700648425677
2362	0.0848427848951492
2363	0.0954175172730691
2364	0.10637713698058
2365	0.117705031945899
2366	0.129385088976291
2367	0.141401680086311
2368	0.153739649189422
2369	0.166384299143415
2370	0.17932137914035
2371	0.192537072431948
2372	0.206017984381616
2373	0.219751130834529
2374	0.233723926797383
2375	0.247924175419689
2376	0.26234005726868
2377	0.276960119890085
2378	0.291773267647278
2379	0
2380	-0.00447314059125674
2381	-0.00799031074035491
2382	-0.0105848018771105
2383	-0.0122889535207353
2384	-0.0131341789536506
2385	-0.0131509902168595
2386	-0.0123690224446727
2387	-0.0108170575561149
2388	-0.00852304731988714
2389	-0.00551413580931824
2390	-0.0018166812633101
2391	0.00254372263113972
2392	0.00754222601965861
2393	0.0131547027096838
2394	0.0193577305337169
2395	0.0261285722326313
2396	0.0334451568453807
2397	0.0412860615918171
2398	0.0496304942356702
2399	0.0584582759150836
2400	0.0677498244284284
2401	0.0774861379634398
2402	0.0876487792580324
2403	0.098219860181457
2404	0.109182026724757
2405	0.120518444389769
2406	0.132212783966198
2407	0.144249207686574
2408	0.156612355749154
2409	0.169287333199092
2410	0.182259697158483
2411	0.19551544439608
2412	0.209040999227778
2413	0.222823201739156
2414	0.2368492963216
2415	0.251106920513782
2416	0.265584094140443
2417	0.280269208740664
2418	0.295151017278009
2419	0.310218624125131
2420	0
2421	-0.00395877431786146
2422	-0.0069754607362265
2423	-0.00908298374038931
2424	-0.0103133255298009
2425	-0.01069755144016
2426	-0.0102658346936381
2427	-0.00904748049486311
2428	-0.00707094948982057
2429	-0.00436388060438549
2430	-0.000953113278758884
2431	0.00313529088634042
2432	0.00787602705629594
2433	0.0132445266469925
2434	0.019216937352358
2435	0.0257701037007918
2436	0.0328815481265993
2437	0.0405294525429116
2438	0.0486926404029275
2439	0.0573505592366558
2440	0.0664832636506723
2441	0.0760713987787342
2442	0.0860961841714101
2443	0.0965393981131953
2444	0.107383362355884
2445	0.118610927257265
2446	0.130205457314483
2447	0.142150817081712
2448	0.154431357462023
2449	0.167031902363625
2450	0.179937735710899
2451	0.193134588800894
2452	0.206608627996204
2453	0.22034644274539
2454	0.234335033922321
2455	0.248561802476054
2456	0.263014538383087
2457	0.277681409894021
2458	0.292550953066894
2459	0.307612061579647
2460	0.322853976814362
2461	0
2462	-0.00350847267507738
2463	-0.00608701091423115
2464	-0.00776821796139589
2465	-0.00858376320065442
2466	-0.00856440735795754
2467	-0.00774002703673576
2468	-0.00613963860487577
2469	-0.00379142145007547
2470	-0.000722740620147104
2471	0.00303983113559569
2472	0.00747049190815197
2473	0.0125441897385475
2474	0.0182366022805438
2475	0.0245241170018311
2476	0.0313838119095713
2477	0.0387934367865275
2478	0.0467313949243764
2479	0.0551767253411515
2480	0.0641090854701052
2481	0.0735087343076114
2482	0.0833565160080532
2483	0.0936338439139577
2484	0.104322685009944
2485	0.115405544789353
2486	0.126865452522714
2487	0.138685946917497
2488	0.150851062158861
2489	0.163345314321387
2490	0.176153688142055
2491	0.189261624144955
2492	0.202655006108491
2493	0.216320148866085
2494	0.23024378643159
2495	0.244413060440887
2496	0.258815508901352
2497	0.273439055241083
2498	0.288271997650009
2499	0.303302998705207
2500	0.318521075272931
2501	0.333915588680084
2502	0
2503	-0.00127312719648135
2504	-0.0016766510490573
2505	-0.00124158012522226
2506	1.96903985958872e-06
2507	0.00202474783557924
2508	0.00479835210563659
2509	0.00829519929859618
2510	0.0124885062229583
2511	0.0173522673908835
2512	0.0228612339351245
2513	0.0289908930841211
2514	0.035717448180612
2515	0.0430177992294941
2516	0.050869523961039
2517	0.0592508593959371
2518	0.0681406838989929
2519	0.0775184997086421
2520	0.0873644159297946
2521	0.0976591319778371
2522	0.108383921461943
2523	0.119520616496153
2524	0.131051592426988
2525	0.142959752966646
2526	0.155228515721138
2527	0.16784179810297
2528	0.180784003618276
2529	0.194040008518552
2530	0.207595148807413
2531	0.221435207593038
2532	0.235546402777203
2533	0.249915375072075
2534	0.26452917633612
2535	0.279375258220748
2536	0.294441461119519
2537	0.309716003411941
2538	0.325187470994123
2539	0.340844807088715
2540	0.356677302326807
2541	0.372674585094607
2542	0.388826612137941
2543	0
2544	0.00102548708799109
2545	0.00285853882777546
2546	0.00546978646372652
2547	0.00883071026114788
2548	0.0129136165234059
2549	0.0176916152172028
2550	0.0231385981900305
2551	0.0292292179642669
2552	0.0359388670927801
2553	0.0432436580613027
2554	0.0511204037232235
2555	0.0595465982528222
2556	0.0685003986033319
2557	0.0779606064565781
2558	0.0879066506512846
2559	0.0983185700774753
2560	0.109176997024731
2561	0.120463140972379
2562	0.132158772810011
2563	0.144246209477014
2564	0.156708299010113
2565	0.169528405988205
2566	0.182690397364034
2567	0.196178628672549
2568	0.209977930606038
2569	0.224073595946401
2570	0.238451366845164
2571	0.253097422442093
2572	0.267998366813517
2573	0.283141217241656
2574	0.29851339279655
2575	0.31410270322233
2576	0.329897338119846
2577	0.345885856417843
2578	0.362057176125091
2579	0.378400564356079
2580	0.394905627623067
2581	0.411562302387484
2582	0.42836084586384
2583	0.445291827069507
2584	0
2585	0.00227104309436987
2586	0.00531603377562999
2587	0.0091064918572082
2588	0.0136147628667652
2589	0.0188139956728835
2590	0.0246781207039722
2591	0.0311818287438445
2592	0.0383005502888323
2593	0.0460104354517006
2594	0.0542883343980059
2595	0.0631117783009219
2596	0.0724589608009192
2597	0.0823087199570436
2598	0.0926405206768824
2599	0.103434437612648
2600	0.114671138511135
2601	0.126331868005632
2602	0.138398431838168
2603	0.150853181500805
2604	0.163678999284943
2605	0.176859283727934
2606	0.190377935446554
2607	0.204219343347167
2608	0.218368371202677
2609	0.232810344586626
2610	0.24753103815505
2611	0.262516663266937
2612	0.277753855934402
2613	0.293229665093885
2614	0.308931541189934
2615	0.324847325063361
2616	0.340965237135743
2617	0.357273866882484
2618	0.373762162586826
2619	0.390419421367439
2620	0.407235279472361
2621	0.424199702832289
2622	0.441302977866392
2623	0.45853570253398
2624	0.475888777625578
2625	0
2626	0.00770440443615425
2627	0.0160361121815163
2628	0.0249705191632539
2629	0.0344837453543492
2630	0.0445526150592946
2631	0.0551546377225361
2632	0.0662679892459377
2633	0.0778714938018968
2634	0.0899446061290936
2635	0.102467394298196
2636	0.11542052293517
2637	0.128785236890185
2638	0.142543345340382
2639	0.156677206315133
2640	0.171169711632657
2641	0.186004272237208
2642	0.201164803926283
2643	0.216635713457604
2644	0.232401885025896
2645	0.248448667099717
2646	0.264761859608895
2647	0.281327701473325
2648	0.298132858464165
2649	0.315164411388673
2650	0.332409844590177
2651	0.349857034754877
2652	0.367494240017413
2653	0.385310089357317
2654	0.403293572278715
2655	0.421434028765795
2656	0.439721139506793
2657	0.458144916379431
2658	0.476695693190894
2659	0.495364116665667
2660	0.514141137674685
2661	0.533018002699443
2662	0.551986245524862
2663	0.571037679154895
2664	0.590164387944989
2665	0.609358719945689
2666	0
2667	0.0104961740382398
2668	0.0215443026262362
2669	0.0331217733158313
2670	0.0452066454654173
2671	0.0577776318918827
2672	0.0708140810096131
2673	0.0842959594437506
2674	0.0982038351052522
2675	0.112518860715611
2676	0.127222757769427
2677	0.14229780092331
2678	0.157726802799926
2679	0.17349309919625
2680	0.189580534685423
2681	0.205973448601841
2682	0.222656661399412
2683	0.239615461373166
2684	0.256835591734652
2685	0.274303238031817
2686	0.292005015904314
2687	0.309927959165397
2688	0.328059508201818
2689	0.346387498683351
2690	0.364900150573795
2691	0.383586057435522
2692	0.402434176019826
2693	0.421433816135561
2694	0.440574630788736
2695	0.459846606585921
2696	0.479240054394517
2697	0.498745600253126
2698	0.518354176525421
2699	0.538057013291108
2700	0.55784562996771
2701	0.577711827157117
2702	0.597647678710938
2703	0.617645524008919
2704	0.637697960444772
2705	0.657797836113973
2706	0.677938242698178
2707	0
2708	0.0106580444277798
2709	0.0218636745874042
2710	0.0335943935076735
2711	0.0458283729950387
2712	0.0585444353647641
2713	0.0717220356570758
2714	0.085341244325553
2715	0.0993827303853554
2716	0.113827745009202
2717	0.128658105559337
2718	0.143856180044017
2719	0.159404871987371
2720	0.175287605701756
2721	0.19148831195203
2722	0.207991414001435
2723	0.224781814029065
2724	0.241844879909118
2725	0.259166432342453
2726	0.276732732331151
2727	0.294530468987073
2728	0.31254674766562
2729	0.330769078416136
2730	0.34918536474062
2731	0.367783892652633
2732	0.386553320028492
2733	0.405482666243051
2734	0.42456130208259
2735	0.443778939927488
2736	0.463125624197595
2737	0.48259172205337
2738	0.502167914346043
2739	0.521845186810248
2740	0.541614821492719
2741	0.561468388410848
2742	0.581397737435013
2743	0.601394990388811
2744	0.621452533361406
2745	0.641563009226439
2746	0.661719310362015
2747	0.681914571566477
2748	0
2749	0.0113264332695951
2750	0.0231824127200548
2751	0.0355459182030904
2752	0.0483955858412509
2753	0.0617106900861849
2754	0.0754711262533427
2755	0.0896573935206
2756	0.104250578378611
2757	0.119232338521022
2758	0.134584887162982
2759	0.150290977776689
2760	0.166333889233022
2761	0.182697411338561
2762	0.199365830757615
2763	0.216323917309123
2764	0.23355691062858
2765	0.251050507185367
2766	0.268790847646152
2767	0.286764504575251
2768	0.304958470463077
2769	0.323360146074048
2770	0.341957329105542
2771	0.360738203149715
2772	0.379691326950199
2773	0.398805623945923
2774	0.41807037209449
2775	0.437475193967754
2776	0.457010047112411
2777	0.476665214668635
2778	0.496431296239961
2779	0.516299199007767
2780	0.536260129083949
2781	0.55630558309547
2782	0.576427339994684
2783	0.596617453089495
2784	0.616868242287519
2785	0.637172286548634
2786	0.657522416540404
2787	0.677911707491018
2788	0.698333472234549
2789	0
2790	0.0119318991269577
2791	0.0243770031503098
2792	0.0373137238559577
2793	0.0507211179712342
2794	0.0645788695194716
2795	0.0788672726432694
2796	0.0935672148841432
2797	0.108660160906563
2798	0.124128136654699
2799	0.139953713930503
2800	0.156119995382047
2801	0.172610599891332
2802	0.189409648351065
2803	0.206501749820175
2804	0.2238719880481
2805	0.241505908358157
2806	0.259389504880534
2807	0.27750920812572
2808	0.295851872889394
2809	0.314404766480075
2810	0.333155557261013
2811	0.352092303498067
2812	0.3712034425055
2813	0.390477780081855
2814	0.40990448022827
2815	0.429473055141785
2816	0.449173355476407
2817	0.468995560864879
2818	0.488930170694263
2819	0.508967995128676
2820	0.529100146372636
2821	0.549318030168703
2822	0.569613337523205
2823	0.589978036654061
2824	0.610404365154822
2825	0.630884822369245
2826	0.651412161970824
2827	0.671979384741881
2828	0.692579731546952
2829	0.713206676495327
2830	0
2831	0.0126413294703262
2832	0.0257767165921417
2833	0.039385079252917
2834	0.0534459670067771
2835	0.0679395437762542
2836	0.0828465710136691
2837	0.0981483913100622
2838	0.113826912439909
2839	0.129864591830168
2840	0.146244421442501
2841	0.162949913057808
2842	0.179965083952492
2843	0.197274442956156
2844	0.214862976880697
2845	0.23271613731103
2846	0.25081982774792
2847	0.269160391093676
2848	0.287724597471658
2849	0.306499632370832
2850	0.325473085106812
2851	0.344632937591055
2852	0.363967553400085
2853	0.383465667136876
2854	0.403116374076657
2855	0.422909120089687
2856	0.442833691833674
2857	0.46288020720875
2858	0.483039106068074
2859	0.503301141177329
2860	0.523657369416552
2861	0.544099143217909
2862	0.564618102233183
2863	0.585206165224932
2864	0.605855522175408
2865	0.626558626607487
2866	0.647308188112026
2867	0.668097165076193
2868	0.688918757607461
2869	0.709766400648111
2870	0.730633757275202
2871	0
2872	0.0136262332392573
2873	0.0277199419660918
2874	0.0422607466899404
2875	0.0572288811574914
2876	0.0726051755364337
2877	0.0883710400462442
2878	0.104508449024259
2879	0.12099992541559
2880	0.137828525675735
2881	0.154977825075044
2882	0.172431903394458
2883	0.190175331002241
2884	0.208193155301675
2885	0.226470887539969
2886	0.244994489968867
2887	0.263750363347713
2888	0.282725334779941
2889	0.301906645874241
2890	0.321281941221826
2891	0.3408392571815
2892	0.360567010964405
2893	0.380453990010568
2894	0.400489341649554
2895	0.420662563037741
2896	0.440963491364935
2897	0.461382294323217
2898	0.481909460831122
2899	0.502535792006411
2900	0.523252392380885
2901	0.544050661350861
2902	0.564922284857092
2903	0.585859227288074
2904	0.606853723600862
2905	0.627898271653637
2906	0.648985624744449
2907	0.670108784350688
2908	0.691260993063982
2909	0.712435727715368
2910	0.733626692685706
2911	0.754827813396441
2912	0
2913	0.0140089168110054
2914	0.0284749806310587
2915	0.0433780849728003
2916	0.0586987294253914
2917	0.0744180030255441
2918	0.0905175680706945
2919	0.106979644362697
2920	0.123786993870722
2921	0.140922905802327
2922	0.158371182071988
2923	0.176116123156606
2924	0.194142514327845
2925	0.21243561225136
2926	0.230981131943281
2927	0.249765234074541
2928	0.268774512613904
2929	0.287995982800768
2930	0.307417069439068
2931	0.327025595503829
2932	0.346809771052128
2933	0.366758182430452
2934	0.386859781770655
2935	0.407103876766886
2936	0.427480120726124
2937	0.447978502885071
2938	0.46858933898641
2939	0.489303262107578
2940	0.510111213735408
2941	0.531004435080148
2942	0.55197445862254
2943	0.57301309988783
2944	0.594112449440706
2945	0.615264865095341
2946	0.636462964334863
2947	0.657699616934726
2948	0.678967937784598
2949	0.700261279903523
2950	0.721573227643258
2951	0.742897590074807
2952	0.764228394553316
2953	0
2954	0.0144922762376595
2955	0.0294286538042577
2956	0.0447893710369362
2957	0.0605552633047929
2958	0.0767077466164604
2959	0.093228801663649
2960	0.110100958289191
2961	0.127307280368427
2962	0.14483135109306
2963	0.162657258646906
2964	0.180769582263212
2965	0.199153378653524
2966	0.217794168798319
2967	0.236677925089891
2968	0.255791058818201
2969	0.275120407990697
2970	0.294653225477282
2971	0.314377167471886
2972	0.334280282262307
2973	0.354350999300192
2974	0.374578118563264
2975	0.39495080020209
2976	0.4154585544639
2977	0.43609123188615
2978	0.456839013752721
2979	0.477692402805842
2980	0.498642214206976
2981	0.519679566740125
2982	0.540795874251152
2983	0.561982837316891
2984	0.583232435137988
2985	0.604536917649576
2986	0.625888797844025
2987	0.64728084430017
2988	0.668706073913582
2989	0.690157744822549
2990	0.711629349524621
2991	0.733114608178674
2992	0.75460746208759
2993	0.776102067356792
2994	0
2995	0.0175394666346454
2996	0.0354407921323566
2997	0.0536863886699708
2998	0.0722592084376134
2999	0.091142728737526
3000	0.1103209374799
3001	0.129778319065269
3002	0.149499840643293
3003	0.169470938738031
3004	0.189677506230044
3005	0.210105879685964
3006	0.230742827026346
3007	0.251575535522932
3008	0.272591600116628
3009	0.293779012047756
3010	0.315126147790365
3011	0.336621758282571
3012	0.35825495844515
3013	0.380015216980766
3014	0.401892346446456
3015	0.423876493592159
3016	0.445958129958272
3017	0.468128042725419
3018	0.490377325809761
3019	0.512697371197386
3020	0.535079860511463
3021	0.557516756806022
3022	0.580000296580383
3023	0.602522982008395
3024	0.625077573376835
3025	0.647657081727425
3026	0.670254761697104
3027	0.692864104551308
3028	0.71547883140516
3029	0.738092886627614
3030	0.760700431423699
3031	0.783295837590175
3032	0.805873681440002
3033	0.828428737891156
3034	0.850955974715461
3035	0
3036	0.0199517223249682
3037	0.0402001976842085
3038	0.0607295591372377
3039	0.0815244346190162
3040	0.102569933219298
3041	0.123851631828144
3042	0.145355562137963
3043	0.167068197992684
3044	0.188976443074937
3045	0.211067618922323
3046	0.233329453264115
3047	0.255750068669951
3048	0.278317971502297
3049	0.301022041164665
3050	0.323851519637815
3051	0.346796001296329
3052	0.369845422998172
3053	0.392990054440053
3054	0.416220488771551
3055	0.439527633461218
3056	0.462902701407972
3057	0.48633720229134
3058	0.50982293415423
3059	0.533351975212097
3060	0.556916675882535
3061	0.580509651029467
3062	0.604123772416266
3063	0.627752161362288
3064	0.651388181597454
3065	0.675025432309629
3066	0.698657741379716
3067	0.722279158799499
3068	0.745883950267404
3069	0.769466590957468
3070	0.793021759456942
3071	0.816544331868057
3072	0.840029376069618
3073	0.863472146134188
3074	0.886868076896749
3075	0.910212778670821
3076	0
3077	0.0210999720374773
3078	0.0424657063027816
3079	0.0640821550070022
3080	0.0859347437507583
3081	0.108009358365486
3082	0.130292332106207
3083	0.152770433186526
3084	0.175430852646841
3085	0.198261192546997
3086	0.221249454474822
3087	0.244384028362237
3088	0.267653681600832
3089	0.291047548449005
3090	0.314555119722994
3091	0.338166232764304
3092	0.361871061676252
3093	0.385660107822518
3094	0.409524190580814
3095	0.433454438344915
3096	0.457442279768515
3097	0.481479435244521
3098	0.505557908613573
3099	0.529669979095732
3100	0.553808193439447
3101	0.57796535828207
3102	0.602134532716312
3103	0.626309021057221
3104	0.650482365804363
3105	0.674648340794065
3106	0.698800944536674
3107	0.722934393733962
3108	0.747043116971897
3109	0.771121748584148
3110	0.795165122681795
3111	0.819168267344871
3112	0.843126398971417
3113	0.867034916779909
3114	0.890889397460981
3115	0.914685589974484
3116	0.93841941048805
3117	0
3118	0.0215200274927598
3119	0.0432944800824341
3120	0.065308609644099
3121	0.0875481335823326
3122	0.10999922187807
3123	0.132648484481571
3124	0.155482959042386
3125	0.17849009896744
3126	0.2016577617986
3127	0.224974197901293
3128	0.248428039455999
3129	0.272008289744613
3130	0.295704312723927
3131	0.319505822878643
3132	0.343402875346558
3133	0.367385856308738
3134	0.391445473637697
3135	0.415572747796764
3136	0.439759002984026
3137	0.463995858514371
3138	0.488275220433373
3139	0.512589273356869
3140	0.536930472530297
3141	0.561291536101968
3142	0.585665437604635
3143	0.610045398639847
3144	0.634424881759739
3145	0.658797583541031
3146	0.683157427846152
3147	0.707498559266558
3148	0.7318153367434
3149	0.756102327360875
3150	0.780354300307676
3151	0.804566221002094
3152	0.828733245376444
3153	0.852850714316596
3154	0.876914148252497
3155	0.900919241895693
3156	0.924861859119947
3157	0.948738027981173
3158	0
3159	0.0221727865043953
3160	0.0445823803976713
3161	0.0672144992276275
3162	0.0900553138572157
3163	0.113091435830845
3164	0.136309905078456
3165	0.159698177948461
3166	0.183244115560894
3167	0.206935972472323
3168	0.230762385644324
3169	0.2547123637075
3170	0.278775276513261
3171	0.302940844965781
3172	0.32719913112674
3173	0.351540528585656
3174	0.375955753088804
3175	0.400435833419898
3176	0.42497210252589
3177	0.449556188881424
3178	0.474180008085633
3179	0.498835754685164
3180	0.523515894217432
3181	0.548213155468306
3182	0.572920522938557
3183	0.597631229513545
3184	0.622338749330781
3185	0.647036790840137
3186	0.671719290051595
3187	0.696380403965594
3188	0.721014504181136
3189	0.745616170676942
3190	0.770180185761096
3191	0.794701528184698
3192	0.819175367415202
3193	0.843597058065192
3194	0.867962134472497
3195	0.892266305427622
3196	0.916505449044599
3197	0.94067560777145
3198	0.96477298353657
3199	0
3200	0.0286480376287284
3201	0.0573581181747318
3202	0.0861205785748531
3203	0.11492608791695
3204	0.143765637975094
3205	0.172630533999743
3206	0.201512385756164
3207	0.230403098804541
3208	0.259294866015377
3209	0.288180159313977
3210	0.317051721647964
3211	0.345902559171906
3212	0.374725933643347
3213	0.403515355024609
3214	0.432264574284967
3215	0.460967576397847
3216	0.489618573527923
3217	0.518211998403061
3218	0.546742497866228
3219	0.575204926602591
3220	0.60359434103717
3221	0.631905993398517
3222	0.660135325944033
3223	0.688277965342622
3224	0.716329717210518
3225	0.744286560796223
3226	0.772144643810586
3227	0.799900277398194
3228	0.827549931246291
3229	0.855090228827608
3230	0.882517942773511
3231	0.909829990374034
3232	0.937023429201407
3233	0.964095452853791
3234	0.991043386816046
3235	1.01786468443439
3236	1.04455692300193
3237	1.07111779995213
3238	1.09754512915731
3239	1.12383683732936
3240	0
3241	0.0297722556690637
3242	0.0595762120543021
3243	0.0894030081001404
3244	0.119244093865783
3245	0.149091221610587
3246	0.178936437120039
3247	0.208772071265981
3248	0.238590731794889
3249	0.268385295338171
3250	0.298148899638617
3251	0.327874935987285
3252	0.357557041865241
3253	0.387189093784753
3254	0.416765200324638
3255	0.446279695354633
3256	0.475727131443778
3257	0.505102273447947
3258	0.534400092271759
3259	0.563615758800269
3260	0.592744637995925
3261	0.621782283156414
3262	0.650724430329124
3263	0.67956699287807
3264	0.708306056199244
3265	0.73693787258043
3266	0.765458856201673
3267	0.793865578272642
3268	0.822154762303267
3269	0.8503232795041
3270	0.878368144312949
3271	0.906286510044433
3272	0.934075664659189
3273	0.961733026649532
3274	0.989256141038494
3275	1.01664267548919
3276	1.04389041652162
3277	1.07099726583396
3278	1.09796123672568
3279	1.12478045061967
3280	1.15145313368072
3281	0
3282	0.030985340037934
3283	0.0619696401238172
3284	0.0929449046061394
3285	0.123903426249078
3286	0.154837777911535
3287	0.185740804451273
3288	0.216605614848191
3289	0.247425574540942
3290	0.278194297971249
3291	0.308905641330417
3292	0.339553695502697
3293	0.370132779200266
3294	0.400637432284782
3295	0.43106240927053
3296	0.461402673004382
3297	0.49165338851786
3298	0.521809917046745
3299	0.551867810213794
3300	0.581822804370229
3301	0.611670815091789
3302	0.641407931825238
3303	0.67103041268134
3304	0.700534679370403
3305	0.729917312276612
3306	0.759175045667454
3307	0.788304763034654
3308	0.81730349256311
3309	0.846168402724439
3310	0.874896797991804
3311	0.903486114672801
3312	0.931933916857262
3313	0.960237892476909
3314	0.988395849473884
3315	1.01640571207525
3316	1.04426551717063
3317	1.07197341079025
3318	1.0995276446807
3319	1.1269265729758
3320	1.15416864896
3321	1.18125242192195
3322	0
3323	0.0338571919893686
3324	0.0676358338762405
3325	0.101329978763846
3326	0.134933914433348
3327	0.168442156428319
3328	0.201849441327603
3329	0.235150720201555
3330	0.268341152246802
3331	0.301416098594783
3332	0.334371116289461
3333	0.367201952429711
3334	0.39990453847201
3335	0.432474984689177
3336	0.464909574781009
3337	0.497204760632782
3338	0.529357157217678
3339	0.56136353763932
3340	0.593220828310677
3341	0.624926104265719
3342	0.656476584600278
3343	0.687869628038684
3344	0.719102728622824
3345	0.750173511520348
3346	0.781079728948867
3347	0.811819256213034
3348	0.842390087851501
3349	0.872790333890825
3350	0.903018216203458
3351	0.933072064967048
3352	0.962950315222341
3353	0.992651503527057
3354	1.02217426470316
3355	1.05151732867502
3356	1.08067951739608
3357	1.10965974186158
3358	1.13845699920512
3359	1.16707036987671
3360	1.19549901490027
3361	1.22374217320829
3362	1.25179915905171
3363	0
3364	0.0338744922627328
3365	0.0676699674954203
3366	0.101380491143161
3367	0.135000363005264
3368	0.168524110328196
3369	0.201946481086684
3370	0.235262437447989
3371	0.268467149414483
3372	0.301555988639809
3373	0.334524522414007
3374	0.367368507813125
3375	0.400083886008945
3376	0.432666776734573
3377	0.465113472901746
3378	0.497420435365829
3379	0.529584287834574
3380	0.561601811916812
3381	0.593469942307362
3382	0.625185762104527
3383	0.656746498256655
3384	0.688149517134309
3385	0.719392320224724
3386	0.750472539945278
3387	0.781387935572804
3388	0.812136389285657
3389	0.842715902315527
3390	0.873124591206075
3391	0.903360684175526
3392	0.933422517580456
3393	0.963308532478064
3394	0.993017271284296
3395	1.02254737452526
3396	1.05189757767942
3397	1.08106670810821
3398	1.11005368207254
3399	1.13885750183313
3400	1.16747725283217
3401	1.19591210095435
3402	1.22416128986499
3403	1.25222413842319
3404	0
3405	0.0360928958602311
3406	0.0720469008530815
3407	0.107857663013896
3408	0.143521023221723
3409	0.179033009377915
3410	0.214389830744522
3411	0.249587872438235
3412	0.28462369007573
3413	0.319494004566397
3414	0.354195697048523
3415	0.388725803965111
3416	0.423081512275612
3417	0.457260154799961
3418	0.49125920569137
3419	0.525076276034467
3420	0.558709109565423
3421	0.592155578510811
3422	0.625413679542046
3423	0.65848152984229
3424	0.691357363282848
3425	0.72403952670611
3426	0.75652647631219
3427	0.788816774146504
3428	0.820909084685573
3429	0.85280217151842
3430	0.884494894121015
3431	0.915986204721262
3432	0.947275145252103
3433	0.978360844390388
3434	1.00924251467919
3435	1.03991944973135
3436	1.07039102151203
3437	1.10065667769823
3438	1.13071593911311
3439	1.16056839723311
3440	1.19021371176605
3441	1.21965160829809
3442	1.24888187600787
3443	1.27790436544587
3444	1.3067189863774
3445	0
3446	0.0362907279805156
3447	0.0724372256828223
3448	0.108435282274016
3449	0.144280876063084
3450	0.179970168776324
3451	0.215499499990022
3452	0.250865381716219
3453	0.286064493137481
3454	0.321093675486718
3455	0.355949927068174
3456	0.390630398415848
3457	0.425132387585666
3458	0.45945333557785
3459	0.493590821886004
3460	0.527542560169552
3461	0.561306394046217
3462	0.59488029300135
3463	0.62826234841099
3464	0.661450769675604
3465	0.694443880461568
3466	0.727240115047486
3467	0.759838014772568
3468	0.792236224584317
3469	0.824433489682875
3470	0.856428652259438
3471	0.888220648326222
3472	0.919808504635526
3473	0.951191335685496
3474	0.982368340810277
3475	1.01333880135228
3476	1.04410207791433
3477	1.07465760768968
3478	1.10500490186752
3479	1.13514354311234
3480	1.16507318311474
3481	1.19479354021217
3482	1.22430439707735
3483	1.25360559847282
3484	1.2826970490697
3485	1.31157871132894
3486	0
3487	0.0365603473370763
3488	0.0729691874759479
3489	0.109222501927865
3490	0.145316456300884
3491	0.181247394707233
3492	0.217011834324491
3493	0.252606460106498
3494	0.288028119640001
3495	0.323273818143156
3496	0.358340713602117
3497	0.393226112042019
3498	0.42792746292878
3499	0.46244235469823
3500	0.496768510409182
3501	0.530903783517113
3502	0.564846153765265
3503	0.598593723190009
3504	0.632144712237424
3505	0.665497455988128
3506	0.698650400487452
3507	0.731602099178154
3508	0.764351209432916
3509	0.796896489183962
3510	0.829236793647194
3511	0.861371072138309
3512	0.893298364978437
3513	0.925017800486899
3514	0.956528592058741
3515	0.987830035324779
3516	1.01892150539193
3517	1.04980245416167
3518	1.08047240772455
3519	1.11093096382865
3520	1.14117778942007
3521	1.1712126182535
3522	1.20103524857089
3523	1.23064554084648
3524	1.26004341559645
3525	1.28922885125125
3526	1.31820188208915
3527	0
3528	0.0370469627763687
3529	0.0739292847959278
3530	0.11064329471724
3531	0.147185496190185
3532	0.183552562501464
3533	0.219741331367701
3534	0.255748799872217
3535	0.291572119541634
3536	0.327208591558595
3537	0.362655662106964
3538	0.397910917845984
3539	0.432972081509933
3540	0.467837007629946
3541	0.502503678374737
3542	0.536970199507037
3543	0.571234796452669
3544	0.605295810479239
3545	0.639151694981513
3546	0.672801011870637
3547	0.706242428064401
3548	0.739474712075864
3549	0.772496730697681
3550	0.805307445779598
3551	0.837905911096578
3552	0.870291269305172
3553	0.902462748985723
3554	0.934419661768134
3555	0.966161399538933
3556	0.997687431727462
3557	1.02899730266906
3558	1.06009062904316
3559	1.0909670973843
3560	1.12162646166408
3561	1.15206854094212
3562	1.18229321708426
3563	1.21230043254601
3564	1.2420901882197
3565	1.27166254134343
3566	1.30101760347028
3567	1.33015553849609
3568	0
3569	0.0383848448866033
3570	0.0765689401063985
3571	0.11454956875166
3572	0.152324163871685
3573	0.18989030377304
3574	0.227245707450299
3575	0.264388230143784
3576	0.301315859020932
3577	0.338026708977963
3578	0.374519018558648
3579	0.410791145987043
3580	0.446841565311136
3581	0.482668862654443
3582	0.518271732572655
3583	0.553648974512538
3584	0.588799489370321
3585	0.623722276146934
3586	0.658416428697466
3587	0.692881132572348
3588	0.727115661947769
3589	0.761119376642946
3590	0.794891719221908
3591	0.828432212177522
3592	0.861740455195547
3593	0.894816122496567
3594	0.927658960253696
3595	0.960268784084029
3596	0.992645476611833
3597	1.02478898510156
3598	1.05669931915876
3599	1.08837654849717
3600	1.11982080077
3601	1.15103225946384
3602	1.18201116185351
3603	1.21275779701603
3604	1.24327250390227
3605	1.27355566946468
3606	1.3036077268395
3607	1.33342915358214
3608	1.36302046995406
3609	0
3610	0.0444846400165623
3611	0.0886038993037799
3612	0.13235941249586
3613	0.175752850045382
3614	0.218785916508699
3615	0.261460348883827
3616	0.30377791499941
3617	0.345740411953317
3618	0.387349664599526
3619	0.428607524081946
3620	0.469515866413877
3621	0.510076591101855
3622	0.550291619812635
3623	0.590162895082129
3624	0.629692379065124
3625	0.668882052324641
3626	0.707733912659851
3627	0.746249973971438
3628	0.784432265163404
3629	0.822282829080258
3630	0.859803721478633
3631	0.896997010032332
3632	0.933864773369903
3633	0.970409100143786
3634	1.00663208813019
3635	1.04253584335878
3636	1.07812247927139
3637	1.11339411590891
3638	1.14835287912555
3639	1.18300089982966
3640	1.21734031325053
3641	1.25137325823016
3642	1.28510187653952
3643	1.31852831221849
3644	1.3516547109388
3645	1.38448321938941
3646	1.41701598468356
3647	1.44925515378689
3648	1.48120287296619
3649	1.51286128725791
3650	0
3651	0.0447947621360032
3652	0.0892157734690851
3653	0.133264889871933
3654	0.176943997232641
3655	0.220255009891871
3656	0.263199869128558
3657	0.305780541692811
3658	0.347999018384693
3659	0.389857312677627
3660	0.431357459385165
3661	0.472501513369936
3662	0.513291548293581
3663	0.553729655406541
3664	0.593817942376588
3665	0.633558532155007
3666	0.672953561879393
3667	0.71200518181201
3668	0.75071555431275
3669	0.789086852845686
3670	0.827121261018301
3671	0.864820971652457
3672	0.902188185886212
3673	0.939225112305627
3674	0.975933966105693
3675	1.01231696827957
3676	1.04837634483535
3677	1.08411432603948
3678	1.11953314568624
3679	1.15463504039239
3680	1.18942224891629
3681	1.22389701150093
3682	1.25806156923996
3683	1.29191816346626
3684	1.32546903516232
3685	1.35871642439176
3686	1.39166256975145
3687	1.42430970784367
3688	1.45666007276756
3689	1.48871589562952
3690	1.52047940407183
3691	0
3692	0.0449322308762084
3693	0.089487000722466
3694	0.13366626348049
3695	0.177472000535103
3696	0.220906219218675
3697	0.263970951362343
3698	0.306668251892714
3699	0.349000197472791
3700	0.390968885185889
3701	0.432576431261343
3702	0.473824969840848
3703	0.514716651784287
3704	0.555253643513958
3705	0.595438125896117
3706	0.635272293158785
3707	0.674758351844823
3708	0.713898519799262
3709	0.752695025189938
3710	0.791150105560493
3711	0.829266006914823
3712	0.867044982832096
3713	0.904489293611462
3714	0.941601205445631
3715	0.978382989622478
3716	1.01483692175391
3717	1.05096528103119
3718	1.08677034950597
3719	1.12225441139632
3720	1.15741975241704
3721	1.19226865913349
3722	1.22680341833838
3723	1.26102631645075
3724	1.29493963893659
3725	1.32854566975041
3726	1.36184669079719
3727	1.39484498141413
3728	1.42754281787153
3729	1.45994247289249
3730	1.49204621519048
3731	1.52385630902474
3732	0
3733	0.0451081129080125
3734	0.089834017799469
3735	0.134179794088831
3736	0.178147545342582
3737	0.221739397869744
3738	0.264957499356918
3739	0.30780401754663
3740	0.350281138957754
3741	0.392391067646853
3742	0.434136024009297
3743	0.475518243619023
3744	0.516539976105891
3745	0.557203484069548
3746	0.597511042028796
3747	0.637464935405461
3748	0.677067459541787
3749	0.716320918750419
3750	0.755227625396045
3751	0.793789899007817
3752	0.832010065421656
3753	0.869890455951629
3754	0.907433406589534
3755	0.94464125723192
3756	0.98151635093375
3757	1.01806103318795
3758	1.05427765123008
3759	1.0901685533675
3760	1.12573608833213
3761	1.16098260465643
3762	1.19591045007158
3763	1.23052197092755
3764	1.26481951163419
3765	1.29880541412282
3766	1.33248201732779
3767	1.36585165668729
3768	1.398916663663
3769	1.43167936527786
3770	1.46414208367166
3771	1.49630713567367
3772	1.52817683239201
3773	0
3774	0.0452588701794463
3775	0.0901314634630951
3776	0.134619966814362
3777	0.178726588527734
3778	0.222453556893059
3779	0.265803118902445
3780	0.308777538998573
3781	0.351379097863268
3782	0.393610091245209
3783	0.43547282882567
3784	0.476969633121234
3785	0.518102838422435
3786	0.558874789767329
3787	0.599287841948993
3788	0.639344358556014
3789	0.679046711045025
3790	0.718397277844377
3791	0.757398443488086
3792	0.796052597779175
3793	0.834362134981584
3794	0.872329453039841
3795	0.90995695282569
3796	0.947247037410924
3797	0.98420211136566
3798	1.02082458008133
3799	1.05711684911768
3800	1.0930813235731
3801	1.1287204074776
3802	1.16403650320776
3803	1.19903201092306
3804	1.23370932802297
3805	1.26807084862413
3806	1.30211896305715
3807	1.33585605738232
3808	1.36928451292384
3809	1.40240670582187
3810	1.43522500660198
3811	1.46774177976147
3812	1.49995938337205
3813	1.53188016869837
3814	0
3815	0.0465062707310755
3816	0.0925925977179024
3817	0.138262057808834
3818	0.183517725842081
3819	0.228362673920464
3820	0.272799970712822
3821	0.3168326807813
3822	0.360463863933782
3823	0.403696574600714
3824	0.446533861235625
3825	0.488978765738643
3826	0.531034322902334
3827	0.572703559879217
3828	0.613989495670302
3829	0.654895140634051
3830	0.695423496015141
3831	0.735577553492453
3832	0.77536029474571
3833	0.814774691040221
3834	0.853823702829168
3835	0.892510279372943
3836	0.930837358374989
3837	0.968807865633682
3838	1.00642471470974
3839	1.04369080660872
3840	1.08060902947812
3841	1.11718225831863
3842	1.1534133547092
3843	1.18930516654531
3844	1.22486052779024
3845	1.26008225823884
3846	1.29497316329336
3847	1.32953603375113
3848	1.36377364560356
3849	1.39768875984615
3850	1.43128412229926
3851	1.46456246343918
3852	1.49752649823918
3853	1.53017892602039
3854	1.56252243031195
3855	0
3856	0.0473071104105535
3857	0.0941726627300574
3858	0.140600305119076
3859	0.186593668742816
3860	0.232156367437791
3861	0.277291997394916
3862	0.322004136858503
3863	0.366296345840689
3864	0.4101721658508
3865	0.453635119639203
3866	0.496688710955177
3867	0.53933642431838
3868	0.581581724803479
3869	0.623428057837516
3870	0.664878849009633
3871	0.705937503892737
3872	0.746607407876739
3873	0.786891926012988
3874	0.826794402869552
3875	0.866318162396981
3876	0.905466507804214
3877	0.944242721444319
3878	0.982650064709705
3879	1.02069177793654
3880	1.05837108031804
3881	1.09569116982632
3882	1.13265522314258
3883	1.1692663955953
3884	1.20552782110615
3885	1.24144261214341
3886	1.27701385968265
3887	1.31224463317429
3888	1.34713798051805
3889	1.38169692804375
3890	1.41592448049848
3891	1.44982362103983
3892	1.48339731123487
3893	1.51664849106489
3894	1.54958007893544
3895	1.58219497169173
3896	0
3897	0.0505507498886167
3898	0.100572397137165
3899	0.150070903891008
3900	0.199052154605548
3901	0.247521957300288
3902	0.295486044787834
3903	0.342950075878431
3904	0.389919636560579
3905	0.436400241158296
3906	0.482397333465553
3907	0.5279162878584
3908	0.572962410385309
3909	0.617540939836208
3910	0.661657048790717
3911	0.705315844646035
3912	0.748522370624951
3913	0.791281606764435
3914	0.833598470885229
3915	0.875477819542882
3916	0.916924448960649
3917	0.95794309594464
3918	0.998538438781638
3919	1.03871509811997
3920	1.07847763783379
3921	1.11783056587119
3922	1.15677833508641
3923	1.19532534405661
3924	1.2334759378835
3925	1.27123440898005
3926	1.30860499784286
3927	1.34559189381024
3928	1.38219923580648
3929	1.41843111307256
3930	1.45429156588358
3931	1.48978458625323
3932	1.52491411862556
3933	1.55968406055435
3934	1.59409826337028
3935	1.62816053283628
3936	1.66187462979122
3937	0
3938	0.0512749648578447
3939	0.1020012807995
3940	0.152185426619125
3941	0.201833789869493
3942	0.250952668470471
3943	0.299548272283186
3944	0.3476267246507
3945	0.395194063905995
3946	0.442256244848037
3947	0.488819140186693
3948	0.534888541957225
3949	0.5804701629051
3950	0.625569637841802
3951	0.670192524972344
3952	0.714344307195139
3953	0.758030393374898
3954	0.801256119589165
3955	0.844026750349133
3956	0.886347479795335
3957	0.928223432868792
3958	0.969659666458205
3959	1.01066117052374
3960	1.05123286919798
3961	1.09137962186449
3962	1.13110622421467
3963	1.17041740928323
3964	1.20931784846292
3965	1.24781215249886
3966	1.28590487246312
3967	1.3236005007098
3968	1.36090347181122
3969	1.39781816347561
3970	1.43434889744666
3971	1.47049994038538
3972	1.5062755047348
3973	1.54167974956764
3974	1.57671678141761
3975	1.61139065509451
3976	1.64570537448364
3977	1.67966489332971
3978	0
3979	0.0520180215486971
3980	0.103467339374456
3981	0.154354962361755
3982	0.204687794249697
3983	0.254472635604131
3984	0.303716185745957
3985	0.352425044636693
3986	0.400605714722333
3987	0.448264602736521
3988	0.495408021464016
3989	0.542042191465432
3990	0.588173242764166
3991	0.633807216496451
3992	0.678950066525413
3993	0.723607661020004
3994	0.767785783999668
3995	0.811490136845545
3996	0.854726339779042
3997	0.897499933308534
3998	0.939816379644981
3999	0.981681064087183
4000	1.02309929637743
4001	1.0640763120282
4002	1.1046172736207
4003	1.14472727207579
4004	1.18441132789802
4005	1.22367439239348
4006	1.26252134886193
4007	1.30095701376396
4008	1.33898613786371
4009	1.37661340734772
4010	1.41384344492052
4011	1.45068081087746
4012	1.48713000415532
4013	1.5231954633613
4014	1.55888156778075
4015	1.59419263836428
4016	1.62913293869469
4017	1.6637066759341
4018	1.69791800175192
4019	0
4020	0.0529855363089024
4021	0.105376256053436
4022	0.157179858334873
4023	0.208403919005091
4024	0.259055893112177
4025	0.309143117289852
4026	0.358672812092107
4027	0.407652084274403
4028	0.456087929022749
4029	0.503987232131964
4030	0.551356772134353
4031	0.598203222380039
4032	0.644533153070123
4033	0.690353033243854
4034	0.735669232720919
4035	0.780488023999964
4036	0.824815584114427
4037	0.868657996446714
4038	0.91202125250175
4039	0.954911253640893
4040	0.997333812777181
4041	1.03929465603286
4042	1.0807994243601
4043	1.12185367512582
4044	1.16246288366146
4045	1.20263244477859
4046	1.24236767425117
4047	1.28167381026524
4048	1.32055601483688
4049	1.3590193751992
4050	1.39706890515906
4051	1.4347095464243
4052	1.47194616990217
4053	1.50878357696969
4054	1.54522650071651
4055	1.58127960716111
4056	1.61694749644079
4057	1.65223470397619
4058	1.68714570161093
4059	1.72168489872698
4060	0
4061	0.0540083772384871
4062	0.107394331839703
4063	0.160166292590935
4064	0.212332545890796
4065	0.263901238695391
4066	0.31488038139523
4067	0.365277850624614
4068	0.415101392005177
4069	0.46435862282524
4070	0.513057034656571
4071	0.56120399591011
4072	0.608806754332188
4073	0.655872439442717
4074	0.702408064916796
4075	0.748420530911137
4076	0.793916626336689
4077	0.838903031078793
4078	0.883386318166159
4079	0.927372955889957
4080	0.970869309874231
4081	1.01388164509886
4082	1.05641612787625
4083	1.09847882778282
4084	1.14007571954656
4085	1.18121268489156
4086	1.2218955143407
4087	1.26212990897744
4088	1.30192148216787
4089	1.34127576124375
4090	1.38019818914771
4091	1.41869412604151
4092	1.45676885087812
4093	1.49442756293868
4094	1.53167538333508
4095	1.5685173564791
4096	1.60495845151882
4097	1.64100356374316
4098	1.67665751595536
4099	1.71192505981603
4100	1.74681087715666
4101	0
4102	0.0555266060016556
4103	0.110389812971074
4104	0.164599132787023
4105	0.218163906530673
4106	0.271093308174772
4107	0.323396348184139
4108	0.375081877029736
4109	0.426158588618484
4110	0.476635023640959
4111	0.526519572839034
4112	0.575820480195485
4113	0.624545846047522
4114	0.672703630126168
4115	0.720301654523344
4116	0.767347606588475
4117	0.813849041756405
4118	0.859813386308318
4119	0.90524794006737
4120	0.950159879030658
4121	0.994556257939122
4122	1.03844401278694
4123	1.08182996327192
4124	1.12472081518837
4125	1.1671231627639
4126	1.20904349094153
4127	1.25048817760846
4128	1.2914634957729
4129	1.33197561569014
4130	1.37203060693929
4131	1.41163444045169
4132	1.45079299049245
4133	1.48951203659604
4134	1.5277972654573
4135	1.56565427277874
4136	1.60308856507546
4137	1.64010556143849
4138	1.67671059525784
4139	1.71290891590598
4140	1.748705690383
4141	1.78410600492416
4142	0
4143	0.0567715696173326
4144	0.112846139125917
4145	0.168234108550966
4146	0.222945683824489
4147	0.276990881083721
4148	0.330379530864975
4149	0.383121282195556
4150	0.435225606586333
4151	0.486701801927479
4152	0.537558996289851
4153	0.587806151634372
4154	0.637452067431775
4155	0.68650538419496
4156	0.734974586926176
4157	0.782868008481188
4158	0.830193832852522
4159	0.876960098373837
4160	0.923174700847407
4161	0.968845396596663
4162	1.01397980544567
4163	1.05858541362742
4164	1.10266957662266
4165	1.14623952193107
4166	1.1893023517765
4167	1.23186504574785
4168	1.27393446337727
4169	1.31551734665729
4170	1.35662032249825
4171	1.3972499051278
4172	1.43741249843359
4173	1.4771143982509
4174	1.51636179459634
4175	1.55516077384911
4176	1.59351732088106
4177	1.63143732113685
4178	1.66892656266553
4179	1.70599073810458
4180	1.74263544661779
4181	1.77886619578798
4182	1.81468840346577
4183	0
4184	0.0594056702027682
4185	0.118043246961853
4186	0.175925009447408
4187	0.2330629934474
4188	0.289468996955135
4189	0.345154585618516
4190	0.400131098054573
4191	0.454409651032707
4192	0.508001144529999
4193	0.56091626666185
4194	0.613165498491142
4195	0.664759118719002
4196	0.715707208260216
4197	0.766019654706203
4198	0.815706156678442
4199	0.864776228075126
4200	0.913239202213766
4201	0.961104235872399
4202	1.00838031323197
4203	1.05507624972242
4204	1.1012006957749
4205	1.14676214048253
4206	1.19176891517197
4207	1.23622919688819
4208	1.28015101179447
4209	1.3235422384899
4210	1.36641061124646
4211	1.4087637231677
4212	1.45060902927095
4213	1.49195384949514
4214	1.53280537163595
4215	1.57317065421023
4216	1.61305662925148
4217	1.65247010503805
4218	1.69141776875585
4219	1.72990618909717
4220	1.76794181879725
4221	1.80553099711014
4222	1.84267995222543
4223	1.87939480362726
4224	0
4225	0.0620147093750222
4226	0.123190908369074
4227	0.183542737418651
4228	0.243084044758026
4229	0.301828393283602
4230	0.359789067246639
4231	0.416979078778765
4232	0.47341117425456
4233	0.529097840495404
4234	0.584051310818638
4235	0.638283570936028
4236	0.691806364705375
4237	0.744631199739046
4238	0.796769352873091
4239	0.848231875500508
4240	0.899029598772138
4241	0.949173138668586
4242	0.998672900946447
4243	1.04753908596208
4244	1.09578169337603
4245	1.14341052674119
4246	1.19043519797758
4247	1.23686513173684
4248	1.28270956965895
4249	1.32797757452421
4250	1.37267803430303
4251	1.41681966610611
4252	1.46041102003758
4253	1.50346048295363
4254	1.5459762821289
4255	1.58796648883319
4256	1.6294390218205
4257	1.67040165073287
4258	1.71086199942109
4259	1.75082754918435
4260	1.790305641931
4261	1.82930348326227
4262	1.86782814548113
4263	1.90588657052791
4264	1.94348557284477
4265	0
4266	0.0632861102127992
4267	0.125699395437929
4268	0.18725490311842
4269	0.247967364704782
4270	0.307851203141553
4271	0.36692054016598
4272	0.425189203423648
4273	0.482670733405767
4274	0.539378390212705
4275	0.595325160148212
4276	0.650523762148712
4277	0.704986654051865
4278	0.758726038708546
4279	0.811753869942261
4280	0.864081858359887
4281	0.915721477017586
4282	0.966683966945577
4283	1.01698034253539
4284	1.06662139679315
4285	1.11561770646225
4286	1.1639796370189
4287	1.2117173475436
4288	1.25884079547194
4289	1.30535974122761
4290	1.35128375274078
4291	1.39662220985471
4292	1.44138430862343
4293	1.48557906550336
4294	1.52921532144148
4295	1.57230174586274
4296	1.61484684055927
4297	1.65685894348393
4298	1.69834623245058
4299	1.73931672874347
4300	1.77977830063807
4301	1.81973866683566
4302	1.85920539981373
4303	1.89818592909447
4304	1.93668754443333
4305	1.97471739892982
4306	0
4307	0.0633175089740546
4308	0.125761345520268
4309	0.187346579481282
4310	0.248087964119684
4311	0.307999943619927
4312	0.367096660401975
4313	0.425391962251503
4314	0.48289940927138
4315	0.53963228065902
4316	0.595603581314072
4317	0.650826048280818
4318	0.705312157029503
4319	0.759074127580747
4320	0.812123930477068
4321	0.864473292605419
4322	0.916133702874579
4323	0.967116417751112
4324	1.01743246665752
4325	1.0670926572361
4326	1.11610758048203
4327	1.16448761574886
4328	1.21224293562988
4329	1.25938351071842
4330	1.30591911425015
4331	1.35185932663051
4332	1.39721353985015
4333	1.44199096179119
4334	1.48620062042716
4335	1.52985136791937
4336	1.57295188461218
4337	1.61551068293001
4338	1.65753611117832
4339	1.69903635725125
4340	1.74001945224815
4341	1.78049327400135
4342	1.82046555051746
4343	1.85994386333443
4344	1.89893565079639
4345	1.93744821124851
4346	1.97548870615385
4347	0
4348	0.0696436754063599
4349	0.138242937650257
4350	0.205817369607625
4351	0.272386119199862
4352	0.337967909991684
4353	0.402581051519814
4354	0.466243449359468
4355	0.528972614935406
4356	0.59078567508414
4357	0.65169938137373
4358	0.711730119187418
4359	0.770893916577203
4360	0.82920645289328
4361	0.88668306719514
4362	0.94333876644995
4363	0.999188233523709
4364	1.05424583497051
4365	1.10852562862512
4366	1.16204137100396
4367	1.21480652451938
4368	1.26683426451209
4369	1.31813748610637
4370	1.36872881089274
4371	1.41862059344233
4372	1.4678249276575
4373	1.51635365296279
4374	1.5642183603403
4375	1.61143039821363
4376	1.65800087818411
4377	1.70394068062322
4378	1.74926046012488
4379	1.79397065082119
4380	1.8380814715651
4381	1.88160293098356
4382	1.92454483240425
4383	1.96691677865937
4384	2.00872817676951
4385	2.04998824251063
4386	2.09070600486732
4387	2.13089031037514
4388	0
4389	0.0715456267666323
4390	0.141995507454423
4391	0.211370581775219
4392	0.279691318897242
4393	0.346977728973729
4394	0.413249374378088
4395	0.478525380653177
4396	0.542824447182075
4397	0.606164857587556
4398	0.668564489867272
4399	0.730040826271475
4400	0.790610962929927
4401	0.850291619234475
4402	0.909099146983606
4403	0.96704953929512
4404	1.02415843929291
4405	1.08044114857369
4406	1.13591263545932
4407	1.19058754304027
4408	1.24448019701568
4409	1.29760461333511
4410	1.34997450564725
4411	1.40160329256048
4412	1.45250410472013
4413	1.5026897917072
4414	1.55217292876312
4415	1.60096582334505
4416	1.64908052151599
4417	1.69652881417416
4418	1.7433222431255
4419	1.78947210700361
4420	1.83498946704088
4421	1.87988515269463
4422	1.92416976713218
4423	1.96785369257818
4424	2.010947095528
4425	2.05345993183052
4426	2.09540195164361
4427	2.13678270426573
4428	2.17761154284664
4429	0
4430	0.0730006505640874
4431	0.144866284531441
4432	0.215618879615501
4433	0.28527991575985
4434	0.353870387378916
4435	0.421410815286598
4436	0.487921258320888
4437	0.553421324672345
4438	0.617930182924094
4439	0.681466572810787
4440	0.744048815703821
4441	0.805694824829859
4442	0.866422115229569
4443	0.926247813463278
4444	0.985188667070099
4445	1.04326105378687
4446	1.10048099053315
4447	1.15686414216826
4448	1.21242583002629
4449	1.26718104023483
4450	1.32114443182294
4451	1.37433034462381
4452	1.42675280697747
4453	1.47842554323867
4454	1.52936198109488
4455	1.57957525869949
4456	1.6290782316247
4457	1.67788347963908
4458	1.72600331331399
4459	1.77344978046356
4460	1.82023467242223
4461	1.86636953016433
4462	1.9118656502695
4463	1.9567340907381
4464	2.00098567666042
4465	2.04463100574333
4466	2.08768045369832
4467	2.13014417949413
4468	2.1720321304778
4469	2.21335404736723
4470	0
4471	0.0743208660389413
4472	0.147471083386665
4473	0.219473571587095
4474	0.290350727710581
4475	0.360124439240697
4476	0.428816096632076
4477	0.496446605547814
4478	0.563036398784711
4479	0.628605447894437
4480	0.693173274508498
4481	0.756758961374648
4482	0.819381163112216
4483	0.881058116693627
4484	0.941807651659169
4485	1.00164720007194
4486	1.06059380621965
4487	1.11866413606986
4488	1.17587448648498
4489	1.23224079420328
4490	1.28777864459194
4491	1.34250328017803
4492	1.39642960896308
4493	1.44957221252701
4494	1.50194535392664
4495	1.55356298539423
4496	1.60443875584113
4497	1.65458601817164
4498	1.70401783641191
4499	1.75274699265864
4500	1.80078599385231
4501	1.84814707837937
4502	1.89484222250787
4503	1.94088314666076
4504	1.98628132153108
4505	2.0310479740431
4506	2.07519409316338
4507	2.1187304355656
4508	2.16166753115298
4509	2.2040156884418
4510	2.24578499980983
4511	0
4512	0.0785387611246923
4513	0.155793034234904
4514	0.231788747885017
4515	0.306551229231081
4516	0.380105218981789
4517	0.45247488596656
4518	0.523683841330673
4519	0.593755152367087
4520	0.662711355994387
4521	0.730574471890002
4522	0.797366015287639
4523	0.863107009447617
4524	0.927817997808583
4525	0.991519055828849
4526	1.05422980252539
4527	1.11596941171833
4528	1.17675662298853
4529	1.23660975235573
4530	1.29554670268439
4531	1.35358497382446
4532	1.41074167249364
4533	1.46703352190816
4534	1.5224768711683
4535	1.57708770440514
4536	1.63088164969463
4537	1.68387398774515
4538	1.73607966036413
4539	1.78751327870978
4540	1.83818913133315
4541	1.88812119201624
4542	1.93732312741117
4543	1.98580830448568
4544	2.03358979778002
4545	2.08068039647986
4546	2.12709261131025
4547	2.17283868125508
4548	2.21793058010653
4549	2.26238002284904
4550	2.30619847188182
4551	2.3493971430844
4552	0
4553	0.079251177084333
4554	0.157198638328676
4555	0.233868820518892
4556	0.309287545711872
4557	0.383480036535148
4558	0.456470931094521
4559	0.528284297499855
4560	0.598943648018932
4561	0.668471952869005
4562	0.736891653655445
4563	0.804224676466608
4564	0.870492444633848
4565	0.935715891165327
4566	0.999915470862089
4567	1.06311117212461
4568	1.12532252845784
4569	1.18656862968256
4570	1.24686813286062
4571	1.3062392729415
4572	1.36469987313738
4573	1.42226735503375
4574	1.47895874844238
4575	1.5347907010034
4576	1.58977948754281
4577	1.64394101919194
4578	1.69729085227489
4579	1.74984419696992
4580	1.80161592575076
4581	1.85262058161345
4582	1.9028723860942
4583	1.95238524708374
4584	2.00117276644348
4585	2.04924824742836
4586	2.09662470192169
4587	2.14331485748659
4588	2.18933116423885
4589	2.23468580154587
4590	2.27939068455607
4591	2.3234574705632
4592	2.36689756520982
4593	0
4594	0.0847918058394761
4595	0.168130356456139
4596	0.250046041273252
4597	0.330568531309512
4598	0.409726797190164
4599	0.487549126695295
4600	0.5640631418573
4601	0.639295815619223
4602	0.713273488065371
4603	0.786021882235288
4604	0.8575661195319
4605	0.927930734734359
4606	0.997139690625827
4607	1.0652163922462
4608	1.1321837007795
4609	1.19806394708533
4610	1.26287894488379
4611	1.32665000360263
4612	1.38939794089554
4613	1.45114309484003
4614	1.51190533582323
4615	1.57170407812369
4616	1.63055829119701
4617	1.68848651067306
4618	1.74550684907218
4619	1.80163700624769
4620	1.85689427956168
4621	1.91129557380122
4622	1.96485741084142
4623	2.0175959390621
4624	2.06952694252438
4625	2.12066584991338
4626	2.17102774325309
4627	2.22062736639928
4628	2.26947913331634
4629	2.31759713614332
4630	2.36499515305501
4631	2.41168665592301
4632	2.45768481778219
4633	2.50300252010745
4634	0
4635	0.0866052229715209
4636	0.171708247307719
4637	0.255340756108206
4638	0.337533680135579
4639	0.418317216713996
4640	0.497720848141741
4641	0.575773359630387
4642	0.652502856782843
4643	0.727936782622254
4644	0.802101934183411
4645	0.875024478678018
4646	0.946729969244872
4647	1.01724336029573
4648	1.08658902246734
4649	1.15479075718986
4650	1.22187181088163
4651	1.2878548887799
4652	1.35276216841711
4653	1.41661531275174
4654	1.47943548296281
4655	1.54124335091668
4656	1.60205911131466
4657	1.66190249352973
4658	1.72079277314036
4659	1.77874878316932
4660	1.83578892503517
4661	1.89193117922375
4662	1.94719311568701
4663	2.00159190397623
4664	2.05514432311651
4665	2.10786677122914
4666	2.15977527490853
4667	2.21088549835991
4668	2.26121275230411
4669	2.31077200265527
4670	2.35957787897761
4671	2.40764468272671
4672	2.45498639528105
4673	2.50161668576917
4674	2.54754891869776
4675	0
4676	0.0874452389023838
4677	0.173365607471084
4678	0.25779338806593
4679	0.340760094991454
4680	0.422296493806563
4681	0.502432620137454
4682	0.581197798006667
4683	0.658620657690841
4684	0.734729153119398
4685	0.809550578826079
4686	0.883111586464922
4687	0.955438200902004
4688	1.02655583589393
4689	1.0964893093638
4690	1.16526285828511
4691	1.23290015318374
4692	1.29942431226793
4693	1.36485791519587
4694	1.4292230164904
4695	1.49254115860981
4696	1.55483338468381
4697	1.61612025092325
4698	1.67642183871205
4699	1.73575776638963
4700	1.79414720073186
4701	1.85160886813821
4702	1.90816106553292
4703	1.9638216709874
4704	2.01860815407123
4705	2.07253758593867
4706	2.12562664915763
4707	2.17789164728765
4708	2.22934851421353
4709	2.28001282324081
4710	2.32989979595931
4711	2.37902431088074
4712	2.42740091185621
4713	2.47504381627935
4714	2.52196692308056
4715	2.56818382051775
4716	0
4717	0.0876811581296505
4718	0.173831078558808
4719	0.258482211950069
4720	0.341666236496244
4721	0.423414077345478
4722	0.503755925526607
4723	0.582721256387716
4724	0.660338847560531
4725	0.736636796462959
4726	0.811642537351767
4727	0.885382857937059
4728	0.957883915569939
4729	1.02917125301442
4730	1.09926981381439
4731	1.16820395726607
4732	1.23599747300633
4733	1.30267359522666
4734	1.36825501652266
4735	1.43276390138835
4736	1.49622189936465
4737	1.55865015785093
4738	1.6200693345883
4739	1.68049960982326
4740	1.73996069815998
4741	1.79847186010916
4742	1.85605191334146
4743	1.91271924365312
4744	1.9684918156512
4745	2.02338718316567
4746	2.07742249939554
4747	2.13061452679578
4748	2.18297964671186
4749	2.23453386876833
4750	2.28529284001787
4751	2.33527185385703
4752	2.38448585871468
4753	2.43294946651891
4754	2.48067696094843
4755	2.52768230547368
4756	2.57397915119332
4757	0
4758	0.0879651803035283
4759	0.174391457260214
4760	0.259311484151656
4761	0.342757136475076
4762	0.424759531507439
4763	0.50534904736617
4764	0.584555341579546
4765	0.662407369179467
4766	0.738933400329031
4767	0.814161037496972
4768	0.888117232190724
4769	0.960828301259564
4770	1.03231994277899
4771	1.10261725152721
4772	1.17174473406429
4773	1.23972632342432
4774	1.30658539343055
4775	1.37234477264342
4776	1.43702675795082
4777	1.50065312781002
4778	1.56324515515015
4779	1.6248236199442
4780	1.68540882145896
4781	1.74502059019127
4782	1.80367829949882
4783	1.86140087693329
4784	1.91820681528356
4785	1.97411418333655
4786	2.02914063636299
4787	2.08330342633522
4788	2.13661941188394
4789	2.18910506800073
4790	2.24077649549292
4791	2.29164943019707
4792	2.34173925195759
4793	2.39106099337625
4794	2.4396293483388
4795	2.48745868032424
4796	2.53456303050251
4797	2.58095612562599
4798	0
4799	0.0886622659969972
4800	0.175766814579474
4801	0.261346796324031
4802	0.345434570979105
4803	0.428061727370234
4804	0.509259102793006
4805	0.589056801907
4806	0.667484215143658
4807	0.744570036640721
4808	0.820342281715524
4809	0.894828303889092
4810	0.968054811472727
4811	1.04004788372842
4812	1.11083298661413
4813	1.18043498812478
4814	1.24887817323934
4815	1.31618625848427
4816	1.38238240612334
4817	1.44748923798341
4818	1.51152884892567
4819	1.57452281997146
4820	1.63649223109179
4821	1.6974576736691
4822	1.75743926263979
4823	1.81645664832595
4824	1.87452902796407
4825	1.93167515693885
4826	1.98791335972961
4827	2.04326154057671
4828	2.09773719387534
4829	2.15135741430371
4830	2.20413890669242
4831	2.25609799564188
4832	2.30725063489412
4833	2.35761241646552
4834	2.4071985795465
4835	2.45602401917429
4836	2.50410329468464
4837	2.55145063794811
4838	2.59807996139667
4839	0
4840	0.0898592765302296
4841	0.178128528804192
4842	0.264841761335614
4843	0.35003216541174
4844	0.433732139584393
4845	0.515973309633422
4846	0.596786548016229
4847	0.676201992816719
4848	0.75424906620668
4849	0.830956492432241
4850	0.906352315337739
4851	0.980463915439014
4852	1.05331802655781
4853	1.12494075202866
4854	1.19535758048944
4855	1.26459340126622
4856	1.33267251936312
4857	1.3996186700673
4858	1.46545503317916
4859	1.53020424687731
4860	1.59388842122801
4861	1.6565291513481
4862	1.71814753023052
4863	1.7787641612411
4864	1.83839917029519
4865	1.89707221772241
4866	1.9548025098276
4867	2.01160881015584
4868	2.06750945046921
4869	2.12252234144275
4870	2.17666498308695
4871	2.22995447490373
4872	2.28240752578295
4873	2.3340404636461
4874	2.38486924484365
4875	2.43490946331261
4876	2.48417635950035
4877	2.53268482906076
4878	2.5804494313287
4879	2.62748439757846
4880	0
4881	0.0899898990086291
4882	0.178386248311865
4883	0.265223145608399
4884	0.350533872926247
4885	0.434350917177736
4886	0.516705990185207
4887	0.597630048191168
4888	0.67715331086629
4889	0.755305279828287
4890	0.832114756684375
4891	0.907609860609677
4892	0.981818045473623
4893	1.05476611652608
4894	1.12648024665462
4895	1.19698599222409
4896	1.2663083085093
4897	1.33447156473135
4898	1.40149955870796
4899	1.46741553112779
4900	1.53224217945836
4901	1.59600167149741
4902	1.65871565857649
4903	1.72040528842626
4904	1.78109121771186
4905	1.84079362424725
4906	1.89953221889659
4907	1.9573262571709
4908	2.01419455052782
4909	2.07015547738228
4910	2.12522699383541
4911	2.17942664412915
4912	2.23277157083349
4913	2.28527852477347
4914	2.3369638747025
4915	2.38784361672862
4916	2.43793338350018
4917	2.48724845315704
4918	2.53580375805346
4919	2.58361389325849
4920	2.63069312483973
4921	0
4922	0.0932863803124307
4923	0.184890240190433
4924	0.274848029014405
4925	0.3631953188107
4926	0.44996682641986
4927	0.535196435093422
4928	0.618917215534128
4929	0.701161446394005
4930	0.781960634244397
4931	0.861345533031666
4932	0.939346163031909
4933	1.01599182931772
4934	1.09131113974967
4935	1.16533202250477
4936	1.23808174315412
4937	1.3095869213012
4938	1.37987354679242
4939	1.44896699551091
4940	1.51689204476445
4941	1.58367288827794
4942	1.64933315080087
4943	1.71389590233954
4944	1.77738367202402
4945	1.8398184616191
4946	1.90122175868858
4947	1.96161454942192
4948	2.02101733113188
4949	2.07945012443182
4950	2.13693248510085
4951	2.19348351564502
4952	2.24912187656233
4953	2.30386579731934
4954	2.35773308704675
4955	2.41074114496132
4956	2.46290697052116
4957	2.51424717332134
4958	2.56477798273645
4959	2.61451525731689
4960	2.66347449394493
4961	2.71167083675705
4962	0
4963	0.0983922945305361
4964	0.194964262017563
4965	0.289755994357227
4966	0.382806610550364
4967	0.474154281369491
4968	0.563836253389091
4969	0.651888872395722
4970	0.73834760619409
4971	0.823247066824768
4972	0.906621032208855
4973	0.988502467234482
4974	1.06892354429964
4975	1.1479156633255
4976	1.2255094712539
4977	1.30173488104251
4978	1.37662109017066
4979	1.4501965986685
4980	1.52248922668198
4981	1.59352613158557
4982	1.66333382465465
4983	1.73193818730876
4984	1.79936448693711
4985	1.86563739231693
4986	1.93078098863551
4987	1.99481879212596
4988	2.05777376432687
4989	2.11966832597562
4990	2.18052437054474
4991	2.24036327743073
4992	2.2992059248042
4993	2.3570727021303
4994	2.41398352236777
4995	2.46995783385513
4996	2.52501463189209
4997	2.57917247002393
4998	2.63244947103678
4999	2.68486333767113
5000	2.73643136306094
5001	2.78717044090543
5002	2.83709707538048
5003	0
5004	0.0988510723722608
5005	0.195869435468176
5006	0.291095508472101
5007	0.384568729088481
5008	0.476327578433366
5009	0.566409605283348
5010	0.654851449698609
5011	0.741688866036377
5012	0.826956745370594
5013	0.910689137333274
5014	0.992919271392541
5015	1.07367957758201
5016	1.15300170669573
5017	1.23091654996268
5018	1.30745425821416
5019	1.38264426055741
5020	1.45651528256821
5021	1.529095364015
5022	1.60041187612661
5023	1.6704915384155
5024	1.7393604350681
5025	1.80704403091337
5026	1.87356718698065
5027	1.93895417565742
5028	2.00322869545727
5029	2.06641388540834
5030	2.12853233907202
5031	2.18960611820145
5032	2.24965676604922
5033	2.30870532033341
5034	2.36677232587072
5035	2.42387784688544
5036	2.48004147900261
5037	2.53528236093355
5038	2.58961918586177
5039	2.643070212537
5040	2.69565327608497
5041	2.74738579854018
5042	2.79828479910898
5043	2.84836690416986
5044	0
5045	0.0999376544591982
5046	0.198013273220475
5047	0.2942680506266
5048	0.388742179208434
5049	0.481474875108207
5050	0.572504402846312
5051	0.6618680994487
5052	0.749602397951481
5053	0.835742850298934
5054	0.920324149650684
5055	1.0033801521134
5056	1.084943897912
5057	1.16504763201485
5058	1.24372282422725
5059	1.32100018876694
5060	1.39690970333512
5061	1.47148062769609
5062	1.54474152177826
5063	1.61672026330894
5064	1.6874440649951
5065	1.7569394912618
5066	1.82523247455981
5067	1.89234833125367
5068	1.95831177710088
5069	2.02314694233319
5070	2.08687738634989
5071	2.14952611203351
5072	2.2111155796976
5073	2.27166772067609
5074	2.3312039505636
5075	2.3897451821158
5076	2.44731183781848
5077	2.50392386213406
5078	2.55960073343393
5079	2.6143614756246
5080	2.66822466947578
5081	2.72120846365801
5082	2.77333058549741
5083	2.82460835145489
5084	2.87505867733692
5085	0
5086	0.102269439172153
5087	0.202613908697502
5088	0.301076266394186
5089	0.397698324636355
5090	0.492520876918584
5091	0.585583723734005
5092	0.676925697783984
5093	0.76658468853675
5094	0.854597666151883
5095	0.941000704787155
5096	1.02582900530378
5097	1.1091169173857
5098	1.19089796108818
5099	1.27120484783043
5100	1.35006950084692
5101	1.42752307511115
5102	1.50359597674593
5103	1.57831788193313
5104	1.65171775533634
5105	1.72382386804862
5106	1.79466381507812
5107	1.86426453238322
5108	1.93265231346916
5109	1.99985282555729
5110	2.06589112533831
5111	2.1307916743201
5112	2.19457835378068
5113	2.25727447933672
5114	2.3189028151374
5115	2.37948558769333
5116	2.43904449935024
5117	2.49760074141634
5118	2.55517500695256
5119	2.61178750323439
5120	2.66745796389368
5121	2.72220566074892
5122	2.77604941533195
5123	2.82900761011895
5124	2.88109819947352
5125	2.93233872030913
5126	0
5127	0.103041273315946
5128	0.204136745486245
5129	0.303329824948944
5130	0.400662860255634
5131	0.496177167013585
5132	0.589913054131731
5133	0.6819098493886
5134	0.772205924339825
5135	0.860838718582403
5136	0.947844763392431
5137	1.0332597047526
5138	1.11711832578534
5139	1.19945456860697
5140	1.28030155561808
5141	1.3596916102446
5142	1.43765627714396
5143	1.51422634189018
5144	1.58943185015149
5145	1.66330212637359
5146	1.73586579198146
5147	1.80715078311216
5148	1.87718436789087
5149	1.94599316326199
5150	2.01360315138689
5151	2.08003969561952
5152	2.14532755607087
5153	2.20949090477292
5154	2.27255334045261
5155	2.33453790292573
5156	2.39546708712075
5157	2.45536285674225
5158	2.51424665758308
5159	2.5721394304946
5160	2.62906162402371
5161	2.68503320672544
5162	2.74007367915942
5163	2.79420208557843
5164	2.84743702531708
5165	2.89979666388844
5166	2.95129874379597
5167	0
5168	0.103220268315698
5169	0.204489904481369
5170	0.303852444628568
5171	0.401350361653062
5172	0.497025092244561
5173	0.590917063218013
5174	0.683065717164613
5175	0.773509537440223
5176	0.862286072508428
5177	0.949431959655011
5178	1.03498294809018
5179	1.11897392145448
5180	1.20143891974384
5181	1.28241116066898
5182	1.36192306046369
5183	1.44000625415644
5184	1.51669161531928
5185	1.59200927530752
5186	1.66598864200344
5187	1.738658418077
5188	1.810046618776
5189	1.88018058925798
5190	1.94908702147567
5191	2.01679197062774
5192	2.083320871186
5193	2.14869855251008
5194	2.21294925406031
5195	2.27609664021935
5196	2.33816381473245
5197	2.39917333477651
5198	2.45914722466746
5199	2.51810698921536
5200	2.57607362673628
5201	2.63306764173008
5202	2.68910905723248
5203	2.74421742685016
5204	2.79841184648679
5205	2.85171096576836
5206	2.9041329991753
5207	2.95569573688916
5208	0
5209	0.103756748591506
5210	0.205548385642127
5211	0.305418830003882
5212	0.403410927254445
5213	0.499566476989422
5214	0.593926259409335
5215	0.686530061219634
5216	0.777416700861621
5217	0.866624053091668
5218	0.954189072925692
5219	1.04014781896537
5220	1.12453547612215
5221	1.20738637775484
5222	1.28873402723573
5223	1.3686111189605
5224	1.44704955881598
5225	1.52408048412016
5226	1.59973428304791
5227	1.67404061355601
5228	1.74702842182029
5229	1.81872596019771
5230	1.8891608047256
5231	1.95835987217024
5232	2.02634943663626
5233	2.09315514574847
5234	2.15880203641717
5235	2.22331455019764
5236	2.28671654825452
5237	2.34903132594119
5238	2.4102816270043
5239	2.47048965742299
5240	2.52967709889245
5241	2.58786512196092
5242	2.64507439882927
5243	2.70132511582175
5244	2.75663698553656
5245	2.81102925868447
5246	2.86452073562369
5247	2.91712977759871
5248	2.96887431769093
5249	0
5250	0.104725216270901
5251	0.207459182440573
5252	0.308246508257636
5253	0.407130712074508
5254	0.504154248613647
5255	0.59935853601609
5256	0.692783982190993
5257	0.784470010484314
5258	0.874455084684372
5259	0.962776733381505
5260	1.04947157369863
5261	1.13457533440908
5262	1.21812287845756
5263	1.30014822489995
5264	1.3806845702767
5265	1.45976430943498
5266	1.53741905581354
5267	1.61367966120443
5268	1.68857623500517
5269	1.76213816297451
5270	1.83439412550481
5271	1.90537211542348
5272	1.97509945533578
5273	2.04360281452089
5274	2.11090822539285
5275	2.17704109953759
5276	2.24202624333725
5277	2.30588787319227
5278	2.36864963035189
5279	2.43033459536311
5280	2.49096530214806
5281	2.55056375171943
5282	2.60915142554331
5283	2.66674929855865
5284	2.72337785186223
5285	2.77905708506775
5286	2.83380652834767
5287	2.88764525416577
5288	2.94059188870873
5289	2.99266462302433
5290	0
5291	0.106069803405824
5292	0.210112066834451
5293	0.31217235925152
5294	0.412295133066712
5295	0.51052375255801
5296	0.606900521561075
5297	0.701466710442867
5298	0.794262582378116
5299	0.885327418946782
5300	0.974699545070153
5301	1.0624163533028
5302	1.14851432749708
5303	1.23302906585661
5304	1.31599530339446
5305	1.39744693381166
5306	1.47741703081101
5307	1.55593786886093
5308	1.63304094342357
5309	1.7087569906612
5310	1.78311600663436
5311	1.856147266005
5312	1.92787934025747
5313	1.99834011544991
5314	2.06755680950824
5315	2.13555598907454
5316	2.20236358592152
5317	2.26800491294433
5318	2.33250467974056
5319	2.39588700778931
5320	2.4581754452396
5321	2.51939298131829
5322	2.57956206036749
5323	2.63870459552088
5324	2.69684198202855
5325	2.75399511023928
5326	2.81018437824924
5327	2.8654297042258
5328	2.91975053841478
5329	2.97316587483945
5330	3.02569426269921
5331	0
5332	0.106353275338297
5333	0.210671359903846
5334	0.313000024888749
5335	0.41338391962486
5336	0.511866600146764
5337	0.608490557016264
5338	0.703297242427569
5339	0.796327096611903
5340	0.887619573559752
5341	0.977213166078496
5342	1.0651454302027
5343	1.1514530089739
5344	1.23617165560632
5345	1.31933625605435
5346	1.40098085099757
5347	1.48113865725819
5348	1.55984208866587
5349	1.63712277638423
5350	1.71301158871289
5351	1.78753865037898
5352	1.86073336133105
5353	1.93262441504851
5354	2.00323981637921
5355	2.07260689891721
5356	2.14075234193298
5357	2.20770218686736
5358	2.27348185340086
5359	2.33811615510911
5360	2.40162931471546
5361	2.46404497895087
5362	2.52538623303162
5363	2.58567561476452
5364	2.64493512828937
5365	2.70318625746816
5366	2.76044997893
5367	2.81674677478096
5368	2.87209664498723
5369	2.92651911944035
5370	2.98003326971256
5371	3.0326577205104
5372	0
5373	0.107429630839122
5374	0.212795020495442
5375	0.316142708023916
5376	0.417518090478615
5377	0.516965452002455
5378	0.614527992164675
5379	0.710247853565616
5380	0.804166148727866
5381	0.896322986292329
5382	0.986757496537309
5383	1.07550785623818
5384	1.16261131288486
5385	1.24810420827365
5386	1.33202200148992
5387	1.41439929129725
5388	1.49526983794861
5389	1.57466658443456
5390	1.65262167718308
5391	1.72916648622529
5392	1.804331624841
5393	1.87814696869754
5394	1.95064167449503
5395	2.02184419813099
5396	2.09178231239671
5397	2.16048312421756
5398	2.22797309144913
5399	2.29427803924067
5400	2.3594231759771
5401	2.42343310881058
5402	2.48633185879217
5403	2.54814287561418
5404	2.60888905197306
5405	2.66859273756285
5406	2.72727575270883
5407	2.78495940165046
5408	2.84166448548299
5409	2.89741131476646
5410	2.95221972181071
5411	3.00610907264488
5412	3.05909827867947
5413	0
5414	0.109573004662334
5415	0.21702391932852
5416	0.322400812118157
5417	0.4257505690434
5418	0.527118924147629
5419	0.626550488864451
5420	0.724088780617328
5421	0.819776250679576
5422	0.913654311313971
5423	1.00576336221072
5424	1.09614281624203
5425	1.18483112455104
5426	1.27186580099247
5427	1.35728344594177
5428	1.44111976948929
5429	1.52340961403536
5430	1.60418697630193
5431	1.68348502877592
5432	1.76133614059899
5433	1.83777189791825
5434	1.91282312371181
5435	1.98651989710283
5436	2.05889157217543
5437	2.12996679630537
5438	2.19977352801805
5439	2.26833905438621
5440	2.33569000797923
5441	2.40185238337569
5442	2.46685155325054
5443	2.5307122840479
5444	2.59345875125035
5445	2.65511455425502
5446	2.71570273086686
5447	2.77524577141893
5448	2.83376563252941
5449	2.89128375050481
5450	2.94782105439849
5451	3.00339797873349
5452	3.05803447589833
5453	3.11175002822438
5454	0
5455	0.109999036690715
5456	0.217864484949021
5457	0.32364471682214
5458	0.42738691427799
5459	0.529137099552344
5460	0.628940164710884
5461	0.726839900446568
5462	0.822879024132204
5463	0.917099207147603
5464	1.0095411015002
5465	1.10024436575747
5466	1.18924769030913
5467	1.27658882197646
5468	1.36230458798573
5469	1.44643091932241
5470	1.52900287348203
5471	1.61005465663359
5472	1.68961964521069
5473	1.76773040694521
5474	1.84441872135821
5475	1.91971559972191
5476	1.99365130450678
5477	2.06625536832681
5478	2.1375566123963
5479	2.20758316451065
5480	2.27636247656362
5481	2.34392134161309
5482	2.41028591050701
5483	2.47548170808101
5484	2.53953364893878
5485	2.60246605282605
5486	2.66430265960876
5487	2.72506664386559
5488	2.78478062910507
5489	2.84346670161675
5490	2.9011464239662
5491	2.95784084814283
5492	3.0135705283698
5493	3.06835553358457
5494	3.12221545959874
5495	0
5496	0.112279258270926
5497	0.222363385829158
5498	0.330302381412587
5499	0.436145011012562
5500	0.539938839336956
5501	0.641730260458974
5502	0.741564527672877
5503	0.839485782577273
5504	0.935537083406051
5505	1.02976043262655
5506	1.12219680382403
5507	1.21288616789095
5508	1.30186751853926
5509	1.38917889715317
5510	1.47485741699966
5511	1.55893928681338
5512	1.6414598337722
5513	1.72245352587931
5514	1.80195399376726
5515	1.87999405193894
5516	1.95660571946022
5517	2.03182024011843
5518	2.1056681020606
5519	2.17817905692501
5520	2.24938213847907
5521	2.31930568077666
5522	2.38797733584705
5523	2.45542409092786
5524	2.52167228525377
5525	2.58674762641255
5526	2.65067520627967
5527	2.71347951654239
5528	2.77518446382402
5529	2.8358133844188
5530	2.89538905864737
5531	2.9539337248428
5532	3.0114690929767
5533	3.06801635793488
5534	3.1235962124514
5535	3.17822885971026
5536	0
5537	0.117333040217538
5538	0.232334550142727
5539	0.34505813383849
5540	0.455556068055431
5541	0.563879336168154
5542	0.670077661232695
5543	0.774199538187961
5544	0.876292265223432
5545	0.976401974334845
5546	1.07457366108897
5547	1.1708512136181
5548	1.2652774408642
5549	1.3578941000924
5550	1.44874192369267
5551	1.5378606452883
5552	1.6252890251692
5553	1.71106487506759
5554	1.79522508229312
5555	1.87780563324414
5556	1.95884163631142
5557	2.03836734418991
5558	2.11641617561416
5559	2.19302073653222
5560	2.26821284073273
5561	2.34202352993936
5562	2.41448309338647
5563	2.48562108688944
5564	2.55546635142285
5565	2.62404703121931
5566	2.69139059140133
5567	2.75752383515844
5568	2.82247292048135
5569	2.8862633764646
5570	2.94892011918908
5571	3.01046746719511
5572	3.07092915655687
5573	3.13032835556856
5574	3.18868767905218
5575	3.24602920229703
5576	3.30237447464024
5577	0
5578	0.118827425049552
5579	0.235282986950079
5580	0.349421355845925
5581	0.461295846606361
5582	0.570958453493235
5583	0.678459883930628
5584	0.783849591399908
5585	0.887175807482929
5586	0.98848557307556
5587	1.08782476879313
5588	1.18523814458881
5589	1.28076934860543
5590	1.37446095528068
5591	1.4663544927251
5592	1.55649046939173
5593	1.64490840005608
5594	1.73164683112396
5595	1.81674336528508
5596	1.90023468552917
5597	1.98215657854122
5598	2.06254395749213
5599	2.14143088424038
5600	2.21885059096003
5601	2.29483550121007
5602	2.36941725045946
5603	2.44262670608228
5604	2.5144939868365
5605	2.58504848183994
5606	2.65431886905649
5607	2.72233313330525
5608	2.78911858380506
5609	2.85470187126646
5610	2.91910900454281
5611	2.98236536685212
5612	3.04449573158064
5613	3.10552427767913
5614	3.16547460466243
5615	3.2243697472225
5616	3.28223218946513
5617	3.33908387878002
5618	0
5619	0.12084194140644
5620	0.239257648662655
5621	0.355303229051811
5622	0.469033396886614
5623	0.580501509162822
5624	0.689759600289029
5625	0.796858415916748
5626	0.901847445894221
5627	1.00477495636676
5628	1.10568802104584
5629	1.20463255166856
5630	1.30165332766859
5631	1.39679402507904
5632	1.49009724468732
5633	1.58160453946143
5634	1.67135644126661
5635	1.75939248689081
5636	1.84575124339706
5637	1.93047033282009
5638	2.0135864562244
5639	2.09513541714031
5640	2.1751521443942
5641	2.25367071434868
5642	2.33072437256803
5643	2.40634555492395
5644	2.48056590815595
5645	2.55341630990085
5646	2.62492688820497
5647	2.69512704053253
5648	2.76404545228341
5649	2.83171011483296
5650	2.89814834310626
5651	2.96338679269903
5652	3.02745147655689
5653	3.09036778122446
5654	3.15216048267551
5655	3.21285376173498
5656	3.27247121910358
5657	3.3310358899952
5658	3.38857025839718
5659	0
5660	0.127331373181036
5661	0.252061365010089
5662	0.374250712275725
5663	0.493958637366561
5664	0.611242887100621
5665	0.72615977054797
5666	0.838764195872862
5667	0.94910970622092
5668	1.05724851467621
5669	1.1632315383124
5670	1.26710843136171
5671	1.36892761752436
5672	1.46873632144123
5673	1.5665805993512
5674	1.6625053689546
5675	1.75655443850334
5676	1.84877053513789
5677	1.93919533249062
5678	2.02786947757475
5679	2.11483261697735
5680	2.20012342237455
5681	2.28377961538666
5682	2.36583799179026
5683	2.44633444510406
5684	2.52530398956483
5685	2.60278078250923
5686	2.67879814617698
5687	2.75338858895048
5688	2.82658382604551
5689	2.89841479966721
5690	2.96891169864543
5691	3.03810397756278
5692	3.10602037538867
5693	3.17268893363223
5694	3.23813701402652
5695	3.30239131575628
5696	3.36547789224103
5697	3.42742216748518
5698	3.48824895200628
5699	3.54798245835243
5700	0
5701	0.127551095164782
5702	0.25249487876798
5703	0.374892244345952
5704	0.494802566923698
5705	0.612283741951738
5706	0.727392223233473
5707	0.840183059869311
5708	0.950709932243168
5709	1.05902518707626
5710	1.1651798715725
5711	1.26922376667908
5712	1.37120541948541
5713	1.47117217478264
5714	1.56917020580582
5715	1.66524454417985
5716	1.75943910908996
5717	1.85179673569694
5718	1.94235920281673
5719	2.03116725988359
5720	2.11826065321535
5721	2.20367815159906
5722	2.28745757121466
5723	2.36963579991382
5724	2.45024882087083
5725	2.52933173562188
5726	2.60691878650849
5727	2.6830433785408
5728	2.75773810069567
5729	2.8310347466643
5730	2.90296433506373
5731	2.97355712912617
5732	3.04284265587968
5733	3.11084972483342
5734	3.17760644618052
5735	3.24314024853082
5736	3.30747789618595
5737	3.37064550596856
5738	3.43266856361727
5739	3.49357193975863
5740	3.55337990546708
5741	0
5742	0.127823102570684
5743	0.253031552207279
5744	0.375686436493911
5745	0.495847319413579
5746	0.613572280418147
5747	0.728917952485342
5748	0.841939559189139
5749	0.952690950809206
5750	1.06122463950445
5751	1.16759183357499
5752	1.2718424708364
5753	1.37402525112909
5754	1.47418766798571
5755	1.57237603947807
5756	1.66863553826532
5757	1.76301022086389
5758	1.8555430561596
5759	1.94627595318164
5760	2.03524978815756
5761	2.12250443086807
5762	2.20807877031985
5763	2.29201073975401
5764	2.37433734100766
5765	2.45509466824529
5766	2.53431793107638
5767	2.61204147707526
5768	2.68829881371868
5769	2.76312262975633
5770	2.83654481602901
5771	2.90859648574873
5772	2.979307994255
5773	3.04870895826055
5774	3.1168282746001
5775	3.18369413849489
5776	3.24933406134566
5777	3.3137748880663
5778	3.37704281397008
5779	3.4391634012202
5780	3.50016159485584
5781	3.56006173840485
5782	0
5783	0.128899890492072
5784	0.255156065969141
5785	0.378830382186673
5786	0.499983151150276
5787	0.618673180712658
5788	0.734957813143826
5789	0.848892962701252
5790	0.960533152226057
5791	1.06993154879057
5792	1.17713999842194
5793	1.28220905992591
5794	1.38518803783412
5795	1.48612501449777
5796	1.58506688134988
5797	1.68205936935783
5798	1.77714707868711
5799	1.87037350759704
5800	1.96178108058817
5801	2.0514111758211
5802	2.13930415182553
5803	2.22549937351802
5804	2.31003523754648
5805	2.39294919697892
5806	2.47427778535347
5807	2.55405664010634
5808	2.6323205253939
5809	2.70910335432455
5810	2.78443821061586
5811	2.85835736969187
5812	2.93089231923512
5813	3.00207377920754
5814	3.07193172135407
5815	3.14049538820252
5816	3.20779331157258
5817	3.27385333060695
5818	3.33870260933686
5819	3.40236765379421
5820	3.464874328682
5821	3.52624787361459
5822	3.58651291893897
5823	0
5824	0.129624165932806
5825	0.256585068942386
5826	0.380945081476142
5827	0.50276501867906
5828	0.62210417834512
5829	0.739020379832682
5830	0.853570001970826
5831	0.965808019982922
5832	1.07578804145302
5833	1.18356234136
5834	1.28918189620368
5835	1.39269641724665
5836	1.49415438289472
5837	1.59360307023853
5838	1.69108858577802
5839	1.78665589535113
5840	1.88034885328747
5841	1.97221023080701
5842	2.06228174368352
5843	2.1506040791919
5844	2.23721692235804
5845	2.32215898152925
5846	2.40546801328313
5847	2.48718084669191
5848	2.56733340695915
5849	2.64596073844506
5850	2.72309702709639
5851	2.79877562229635
5852	2.87302905814965
5853	2.94588907421735
5854	3.01738663571589
5855	3.08755195319409
5856	3.15641450170185
5857	3.22400303946371
5858	3.2903456260701
5859	3.35546964019884
5860	3.41940179687922
5861	3.48216816431034
5862	3.54379418024546
5863	3.60430466795357
5864	0
5865	0.131774094012755
5866	0.260826899392134
5867	0.387222322325936
5868	0.511022671470339
5869	0.632288698953459
5870	0.751079640315388
5871	0.867453253412421
5872	0.981465856312441
5873	1.09317236420774
5874	1.20262632537085
5875	1.3098799561783
5876	1.41498417522658
5877	1.51798863656398
5878	1.61894176206117
5879	1.71789077294321
5880	1.81488172050452
5881	1.90995951602833
5882	2.00316795993114
5883	2.09454977015245
5884	2.18414660980943
5885	2.27199911413552
5886	2.35814691672178
5887	2.44262867507899
5888	2.52548209553824
5889	2.60674395750725
5890	2.68645013709905
5891	2.76463563014956
5892	2.84133457463974
5893	2.91658027253802
5894	2.99040521107785
5895	3.06284108348535
5896	3.13391880917106
5897	3.20366855339996
5898	3.27211974645322
5899	3.33930110229488
5900	3.40524063675647
5901	3.46996568525188
5902	3.53350292003493
5903	3.59587836701131
5904	3.6571174221167
5905	0
5906	0.131779387487893
5907	0.260837343473606
5908	0.387237777921257
5909	0.511043003164295
5910	0.632313774911644
5911	0.751109332190268
5912	0.867487436251851
5913	0.981504408470581
5914	1.0932151672583
5915	1.20267326402258
5916	1.30993091819275
5917	1.41503905133795
5918	1.51804732040109
5919	1.61900415007147
5920	1.7179567643188
5921	1.81495121711006
5922	1.91003242233088
5923	2.0032441829318
5924	2.09462921931983
5925	2.18422919701481
5926	2.27208475358976
5927	2.35823552491383
5928	2.44272017071606
5929	2.52557639948749
5930	2.60684099273901
5931	2.68654982863159
5932	2.76473790499521
5933	2.8414393617525
5934	2.91668750276248
5935	2.99051481709952
5936	3.06295299978219
5937	3.13403297196638
5938	3.20378490061649
5939	3.27223821766839
5940	3.33942163869732
5941	3.40536318110357
5942	3.47009018182853
5943	3.53362931461328
5944	3.59600660681165
5945	3.65724745576933
5946	0
5947	0.132052148322745
5948	0.261375503436057
5949	0.388034169889309
5950	0.512090649497341
5951	0.633605882480084
5952	0.75263928753512
5953	0.869248800870972
5954	0.983490914228171
5955	1.09542071191449
5956	1.20509190687995
5957	1.31255687585671
5958	1.41786669358808
5959	1.52107116617041
5960	1.62221886353099
5961	1.7213571510644
5962	1.81853222044921
5963	1.9137891196665
5964	2.00717178224072
5965	2.09872305572338
5966	2.18848472943919
5967	2.27649756151376
5968	2.36280130520169
5969	2.44743473453316
5970	2.53043566929686
5971	2.61184099937633
5972	2.6916867084568
5973	2.77000789711869
5974	2.84683880533385
5975	2.92221283437994
5976	2.99616256818837
5977	3.0687197941401
5978	3.13991552332413
5979	3.20978001027228
5980	3.27834277218406
5981	3.34563260765494
5982	3.41167761492074
5983	3.47650520963087
5984	3.54014214216271
5985	3.60261451448883
5986	3.66394779660899
5987	0
5988	0.133749781582929
5989	0.264724951504907
5990	0.39299082539243
5991	0.518611084371542
5992	0.641647817038263
5993	0.762161560340239
5994	0.880211339397982
5995	0.995854706293315
5996	1.10914777785191
5997	1.22014527244611
5998	1.32890054584358
5999	1.43546562612659
6000	1.53989124770614
6001	1.6422268844545
6002	1.74252078197915
6003	1.84081998906037
6004	1.93717038827441
6005	2.03161672582326
6006	2.12420264059184
6007	2.21497069245261
6008	2.30396238983719
6009	2.39121821659419
6010	2.4767776581516
6011	2.56067922700212
6012	2.64296048752878
6013	2.72365808018821
6014	2.80280774506816
6015	2.88044434483562
6016	2.95660188709134
6017	3.03131354614622
6018	3.10461168423465
6019	3.17652787217932
6020	3.24709290952193
6021	3.31633684413358
6022	3.38428899131839
6023	3.45097795242352
6024	3.51643163296857
6025	3.58067726030653
6026	3.64374140082887
6027	3.70564997672627
6028	0
6029	0.134625954955306
6030	0.266453650676229
6031	0.39554902784389
6032	0.52197637624411
6033	0.645798377166613
6034	0.767076144704271
6035	0.885869265981013
6036	1.00223584033632
6037	1.11623251749346
6038	1.22791453473796
6039	1.33733575313203
6040	1.44454869279014
6041	1.54960456724006
6042	1.6525533168933
6043	1.7534436416481
6044	1.85232303264747
6045	1.94923780321445
6046	2.04423311898581
6047	2.13735302726521
6048	2.22864048561608
6049	2.31813738971397
6050	2.40588460047773
6051	2.49192197049819
6052	2.57628836978272
6053	2.65902171083342
6054	2.74015897307624
6055	2.81973622665803
6056	2.89778865562785
6057	2.97435058051866
6058	3.04945548034488
6059	3.12313601403115
6060	3.19542404128692
6061	3.26635064294147
6062	3.33594614075326
6063	3.4042401167073
6064	3.47126143181393
6065	3.53703824442184
6066	3.60159802805819
6067	3.6649675888078
6068	3.72717308224371
6069	0
6070	0.134809887913613
6071	0.26681655231491
6072	0.39608606510122
6073	0.522682843832836
6074	0.646669694222243
6075	0.768107851521012
6076	0.887057020833092
6077	1.00357541638244
6078	1.11771979976223
6079	1.22954551719218
6080	1.33910653580977
6081	1.44645547902059
6082	1.55164366093223
6083	1.65472111989567
6084	1.75573665117729
6085	1.85473783878427
6086	1.95177108646525
6087	2.04688164790795
6088	2.14011365615439
6089	2.2315101522543
6090	2.32111311317641
6091	2.40896347899701
6092	2.49510117938454
6093	2.57956515939856
6094	2.66239340462097
6095	2.74362296563673
6096	2.82328998188118
6097	2.90142970487038
6098	2.97807652083036
6099	3.05326397274123
6100	3.12702478181108
6101	3.19939086839467
6102	3.27039337237131
6103	3.34006267299596
6104	3.40842840823731
6105	3.47551949361615
6106	3.541364140557
6107	3.60598987426573
6108	3.66942355114544
6109	3.73169137576255
6110	0
6111	0.13790289057028
6112	0.272919078707568
6113	0.405116842830963
6114	0.53456274914663
6115	0.661321695650691
6116	0.785456954990248
6117	0.907030216212284
6118	1.0261016254294
6119	1.14272982543062
6120	1.25697199426467
6121	1.36888388282264
6122	1.47851985144589
6123	1.58593290558475
6124	1.69117473053261
6125	1.79429572525962
6126	1.89534503536926
6127	1.99437058520073
6128	2.09141910909949
6129	2.1865361818773
6130	2.27976624848326
6131	2.37115265290604
6132	2.46073766632754
6133	2.54856251454734
6134	2.63466740469701
6135	2.71909155126264
6136	2.80187320143374
6137	2.88304965979596
6138	2.96265731238468
6139	3.04073165011613
6140	3.11730729161232
6141	3.19241800543539
6142	3.26609673174685
6143	3.3383756034067
6144	3.40928596652685
6145	3.47885840049327
6146	3.54712273747042
6147	3.61410808140165
6148	3.67984282651857
6149	3.74435467537214
6150	3.807670656398
6151	0
6152	0.139885968810136
6153	0.276831712688447
6154	0.410906924765173
6155	0.54217954885049
6156	0.670715824407894
6157	0.79658033036036
6158	0.919836027759681
6159	1.04054430134861
6160	1.15876500004461
6161	1.27455647637338
6162	1.38797562487937
6163	1.49907791954009
6164	1.60791745021
6165	1.71454695811945
6166	1.81901787045302
6167	1.92138033403144
6168	2.02168324812038
6169	2.11997429638877
6170	2.21629997803888
6171	2.31070563812969
6172	2.40323549711452
6173	2.49393267961345
6174	2.58283924244039
6175	2.66999620190417
6176	2.75544356040266
6177	2.83922033232824
6178	2.92136456930249
6179	3.0019133847577
6180	3.0809029778821
6181	3.15836865694535
6182	3.23434486202049
6183	3.30886518711801
6184	3.38196240174732
6185	3.45366847192056
6186	3.52401458061325
6187	3.59303114769582
6188	3.66074784934995
6189	3.72719363698298
6190	3.79239675565346
6191	3.85638476202068
6192	0
6193	0.142752336505405
6194	0.282487085946448
6195	0.419275986295688
6196	0.553188972570485
6197	0.684294223209142
6198	0.812658205243173
6199	0.938345718297065
6200	1.06141993744608
6201	1.18194245496182
6202	1.29997332097459
6203	1.41557108308066
6204	1.52879282492204
6205	1.63969420376542
6206	1.74832948710643
6207	1.8547515883245
6208	1.95901210141313
6209	2.06116133480965
6210	2.16124834434781
6211	2.25932096535621
6212	2.35542584392464
6213	2.44960846736011
6214	2.54191319385361
6215	2.63238328137819
6216	2.72106091583831
6217	2.80798723849004
6218	2.89320237265093
6219	2.97674544971828
6220	3.0586546345136
6221	3.13896714997084
6222	3.21771930118557
6223	3.29494649884165
6224	3.37068328203156
6225	3.44496334048629
6226	3.51781953622999
6227	3.58928392467455
6228	3.65938777516846
6229	3.72816159101429
6230	3.7956351289686
6231	3.86183741823765
6232	3.92679677898219
6233	0
6234	0.143552045055508
6235	0.284064919228589
6236	0.421610930997074
6237	0.556260570919546
6238	0.688082558402841
6239	0.817143887255462
6240	0.943509870058524
6241	1.06724418138504
6242	1.18840889989752
6243	1.3070645493532
6244	1.42327013854518
6245	1.53708320020734
6246	1.64855982891
6247	1.75775471797252
6248	1.86472119541851
6249	1.96951125899864
6250	2.07217561030516
6251	2.17276368800197
6252	2.27132370019317
6253	2.3679026559525
6254	2.46254639603558
6255	2.55529962279625
6256	2.64620592932758
6257	2.73530782784794
6258	2.82264677735161
6259	2.90826321054319
6260	2.99219656007438
6261	3.07448528410131
6262	3.15516689118013
6263	3.23427796451805
6264	3.31185418559661
6265	3.38793035718353
6266	3.46254042574902
6267	3.53571750330209
6268	3.60749388866194
6269	3.67790108817903
6270	3.74696983592035
6271	3.81473011333263
6272	3.88121116839715
6273	3.94644153428943
6274	0
6275	0.143910542161174
6276	0.284772237744562
6277	0.422657650976781
6278	0.557637521457042
6279	0.689780811100097
6280	0.819154749860513
6281	0.945824880270008
6282	1.06985510081879
6283	1.19130770821099
6284	1.31024343852353
6285	1.426721507297
6286	1.54079964858629
6287	1.65253415299824
6288	1.76197990474248
6289	1.86919041772127
6290	1.97421787068341
6291	2.07711314146652
6292	2.17792584035139
6293	2.27670434255165
6294	2.3734958198612
6295	2.46834627148129
6296	2.56130055404866
6297	2.65240241088558
6298	2.74169450049194
6299	2.82921842429922
6300	2.91501475370548
6301	2.99912305641016
6302	3.08158192206681
6303	3.16242898727165
6304	3.24170095990508
6305	3.31943364284309
6306	3.39566195705498
6307	3.47041996410322
6308	3.54374088806123
6309	3.61565713686393
6310	3.68620032310619
6311	3.75540128430314
6312	3.82329010262666
6313	3.88989612413155
6314	3.95524797748457
6315	0
6316	0.146806885072442
6317	0.290486752415314
6318	0.431114232481617
6319	0.568762076900916
6320	0.70350120683972
6321	0.835400760106144
6322	0.964528137031589
6323	1.09094904516128
6324	1.21472754278472
6325	1.33592608133625
6326	1.45460554669515
6327	1.57082529941401
6328	1.68464321390318
6329	1.79611571659859
6330	1.90529782313933
6331	2.01224317458087
6332	2.11700407266896
6333	2.21963151419875
6334	2.3201752244828
6335	2.41868368995144
6336	2.51520418990778
6337	2.60978282745965
6338	2.70246455964965
6339	2.79329322680441
6340	2.88231158112327
6341	2.96956131452615
6342	3.05508308578002
6343	3.13891654692259
6344	3.22110036900172
6345	3.30167226714807
6346	3.38066902499867
6347	3.45812651848807
6348	3.53407973902359
6349	3.60856281606075
6350	3.68160903909444
6351	3.75325087908101
6352	3.82352000930616
6353	3.89244732571299
6354	3.96006296670427
6355	4.0263963324326
6356	0
6357	0.14805283250036
6358	0.292945019641936
6359	0.434752080726017
6360	0.57354763291644
6361	0.709403440209707
6362	0.842389461133478
6363	0.972573895206541
6364	1.10002322819256
6365	1.224802276179
6366	1.34697422851184
6367	1.46660068961588
6368	1.58374171972973
6369	1.69845587458357
6370	1.81080024404753
6371	1.92083048977712
6372	2.02860088188222
6373	2.13416433464472
6374	2.23757244130982
6375	2.33887550797505
6376	2.43812258660039
6377	2.53536150716258
6378	2.63063890897578
6379	2.72400027120024
6380	2.81548994256027
6381	2.90515117029196
6382	2.99302612834082
6383	3.07915594482871
6384	3.16358072880929
6385	3.2463395963303
6386	3.32747069582087
6387	3.40701123282135
6388	3.48499749407278
6389	3.56146487098271
6390	3.6364478824835
6391	3.70998019729907
6392	3.78209465563534
6393	3.8528232903094
6394	3.92219734733204
6395	3.99024730595793
6396	4.05700289821709
6397	0
6398	0.150692155572645
6399	0.298152431498711
6400	0.442458229950107
6401	0.583685001574584
6402	0.721906295757502
6403	0.857193809578219
6404	0.989617435495108
6405	1.11924530779233
6406	1.24614384782062
6407	1.37037780806353
6408	1.49201031505965
6409	1.61110291121077
6410	1.72771559550477
6411	1.84190686318178
6412	1.95373374437086
6413	2.06325184172428
6414	2.17051536707528
6415	2.27557717714489
6416	2.37848880832256
6417	2.4793005105446
6418	2.57806128029412
6419	2.67481889274518
6420	2.76961993307353
6421	2.86250982695558
6422	2.95353287027679
6423	3.04273225807003
6424	3.13015011270399
6425	3.21582751134113
6426	3.29980451268414
6427	3.38212018302962
6428	3.46281262164676
6429	3.54191898549878
6430	3.61947551332416
6431	3.69551754909428
6432	3.77007956486389
6433	3.84319518302986
6434	3.91489719801405
6435	3.98521759738488
6436	4.05418758243247
6437	4.12183758821145
6438	0
6439	0.150736097652415
6440	0.298239129678866
6441	0.442586529599166
6442	0.583853778586734
6443	0.722114455751861
6444	0.857440287119047
6445	0.989901193332409
6446	1.11956533612232
6447	1.24649916356554
6448	1.37076745417028
6449	1.49243335981682
6450	1.61155844758345
6451	1.72820274048686
6452	1.84242475716518
6453	1.95428155053118
6454	2.06382874542261
6455	2.17112057527565
6456	2.27620991784695
6457	2.37914833000905
6458	2.47998608164339
6459	2.57877218865423
6460	2.67555444512656
6461	2.77037945465018
6462	2.86329266083166
6463	2.95433837701542
6464	3.04355981523443
6465	3.13099911441058
6466	3.21669736782435
6467	3.30069464987273
6468	3.38303004213386
6469	3.46374165875662
6470	3.54286667119257
6471	3.62044133228738
6472	3.69650099974854
6473	3.7710801590054
6474	3.84421244547756
6475	3.91593066626682
6476	3.9862668212878
6477	4.05525212385178
6478	4.12291702071804
6479	0
6480	0.15125464623703
6481	0.299262231426505
6482	0.444100559016386
6483	0.585845470405216
6484	0.724570895479167
6485	0.860348901836503
6486	0.993249742733682
6487	1.12334190378639
6488	1.25069214845793
6489	1.37536556236662
6490	1.49742559644288
6491	1.61693410896604
6492	1.73395140651008
6493	1.84853628382655
6494	1.96074606269264
6495	2.07063662975111
6496	2.17826247336843
6497	2.2836767195367
6498	2.38693116684431
6499	2.48807632053945
6500	2.58716142571022
6501	2.68423449960436
6502	2.77934236311084
6503	2.87253067142535
6504	2.96384394392076
6505	3.05332559324336
6506	3.14101795365502
6507	3.22696230864084
6508	3.31119891780149
6509	3.39376704304883
6510	3.47470497412291
6511	3.55405005344808
6512	3.63183870034537
6513	3.70810643461794
6514	3.78288789952578
6515	3.85621688416578
6516	3.92812634527247
6517	3.99864842845448
6518	4.06781448888163
6519	4.13565511143667
6520	0
6521	0.151632307798117
6522	0.300007361612235
6523	0.445203234310858
6524	0.587296029646316
6525	0.726359932976625
6526	0.862467260669958
6527	0.995688508226024
6528	1.12609239714782
6529	1.25374592059627
6530	1.37871438785954
6531	1.50106146766777
6532	1.62084923038352
6533	1.73813818909691
6534	1.85298733965436
6535	1.96545419964836
6536	2.07559484639557
6537	2.18346395392949
6538	2.28911482903337
6539	2.39259944633845
6540	2.49396848251173
6541	2.59327134955708
6542	2.69055622725277
6543	2.78587009474789
6544	2.87925876133952
6545	2.9707668964521
6546	3.06043805883965
6547	3.14831472503111
6548	3.23443831703858
6549	3.31884922934751
6550	3.40158685520771
6551	3.48268961224316
6552	3.56219496739858
6553	3.64013946123986
6554	3.71655873162522
6555	3.79148753676353
6556	3.86495977767562
6557	3.93700852007429
6558	4.00766601567787
6559	4.07696372297248
6560	4.14493232743685
6561	0
6562	0.152643833161511
6563	0.302003111668785
6564	0.448156630003913
6565	0.591181194605266
6566	0.731151675084384
6567	0.868141054112538
6568	1.00222047601161
6569	1.13345929408307
6570	1.26192511670791
6571	1.38768385224961
6572	1.51079975279119
6573	1.63133545673693
6574	1.7493520303081
6575	1.86490900796172
6576	1.97806443176025
6577	2.08887488971966
6578	2.19739555316233
6579	2.30368021310096
6580	2.40778131567837
6581	2.50974999668818
6582	2.60963611519993
6583	2.70748828631229
6584	2.80335391305678
6585	2.89727921747433
6586	2.98930927088617
6587	3.07948802337989
6588	3.16785833253134
6589	3.25446199138206
6590	3.33933975569177
6591	3.4225313704846
6592	3.50407559590777
6593	3.58401023242022
6594	3.66237214532895
6595	3.7391972886899
6596	3.81452072858991
6597	3.88837666582596
6598	3.96079845799723
6599	4.03181864102536
6600	4.10146895011787
6601	4.16978034018897
6602	0
6603	0.152672566904069
6604	0.302059803641534
6605	0.448240525192891
6606	0.591291557957257
6607	0.731287790983317
6608	0.868302225869579
6609	1.00240602536859
6610	1.13366856072892
6611	1.26215745780771
6612	1.38793864198598
6613	1.51107638191768
6614	1.63163333214308
6615	1.74967057459588
6616	1.86524765903307
6617	1.97842264241539
6618	2.08925212726589
6619	2.19779129903315
6620	2.30409396248502
6621	2.40821257715827
6622	2.51019829188861
6623	2.61010097844512
6624	2.70796926429229
6625	2.80385056450262
6626	2.89779111284157
6627	2.9898359920468
6628	3.08002916332225
6629	3.16841349506794
6630	3.25503079086499
6631	3.33992181673558
6632	3.42312632769651
6633	3.50468309362481
6634	3.58462992445333
6635	3.66300369471379
6636	3.73984036744416
6637	3.81517501747697
6638	3.88904185412473
6639	3.96147424327805
6640	4.03250472893177
6641	4.10216505415403
6642	4.17048618151273
6643	0
6644	0.154939310979596
6645	0.306532113264833
6646	0.454858838912141
6647	0.599997888981519
6648	0.742025685876798
6649	0.881016724326225
6650	1.01704362103879
6651	1.1501771630708
6652	1.28048635493633
6653	1.40803846449426
6654	1.53289906764375
6655	1.65513209185927
6656	1.77479985859531
6657	1.89196312459038
6658	2.00668112209872
6659	2.11901159807797
6660	2.22901085235973
6661	2.3367337748296
6662	2.44223388164263
6663	2.54556335049898
6664	2.64677305500468
6665	2.74591259814095
6666	2.84303034486551
6667	2.93817345386843
6668	3.03138790850453
6669	3.12271854692376
6670	3.21220909142048
6671	3.29990217702192
6672	3.38583937933572
6673	3.47006124167572
6674	3.55260730148492
6675	3.6335161160738
6676	3.71282528769186
6677	3.79057148794979
6678	3.86679048160904
6679	3.94151714975544
6680	4.01478551237272
6681	4.08662875033164
6682	4.15707922680996
6683	4.22616850815799
6684	0
6685	0.15666266894979
6686	0.309932316453937
6687	0.459890603997779
6688	0.606617129822953
6689	0.750189482111043
6690	0.890683290785513
6691	1.02817227796793
6692	1.16272830712354
6693	1.29442143093035
6694	1.423319937905
6695	1.54949039781776
6696	1.67299770592827
6697	1.79390512607269
6698	1.91227433263222
6699	2.02816545141213
6700	2.14163709945966
6701	2.25274642384842
6702	2.36154913945633
6703	2.46809956576309
6704	2.57245066269296
6705	2.67465406552758
6706	2.77476011891306
6707	2.87281790998494
6708	2.96887530063405
6709	3.06297895893557
6710	3.1551743897631
6711	3.24550596460895
6712	3.33401695063139
6713	3.42074953894887
6714	3.50574487220098
6715	3.58904307139501
6716	3.67068326205696
6717	3.7507035997049
6718	3.82914129466249
6719	3.90603263622968
6720	3.98141301622746
6721	4.05531695193282
6722	4.12777810841994
6723	4.19882932032291
6724	4.26850261303516
6725	0
6726	0.157745659801611
6727	0.312069068662022
6728	0.463052660663028
6729	0.610776786377923
6730	0.755319766585156
6731	0.896757944586405
6732	1.03516573716548
6733	1.17061568422342
6734	1.30317849712436
6735	1.43292310578562
6736	1.55991670454496
6737	1.68422479683657
6738	1.80591123870712
6739	1.92503828120193
6740	2.04166661165067
6741	2.15585539388138
6742	2.26766230739067
6743	2.37714358549724
6744	2.48435405250528
6745	2.58934715990351
6746	2.69217502162497
6747	2.79288844839205
6748	2.89153698117056
6749	2.98816892375604
6750	3.08283137451492
6751	3.17557025730258
6752	3.26643035157966
6753	3.35545532174755
6754	3.44268774572342
6755	3.52816914277449
6756	3.61194000063095
6757	3.69403980189618
6758	3.77450704977276
6759	3.85337929312179
6760	3.93069315087317
6761	4.00648433580353
6762	4.08078767769841
6763	4.1536371459146
6764	4.2250658713583
6765	4.29510616789433
6766	0
6767	0.162531276336996
6768	0.321511139831723
6769	0.477025438584084
6770	0.629157847637589
6771	0.777989925035013
6772	0.923601166417308
6773	1.06606905820373
6774	1.20546912939015
6775	1.34187500200159
6776	1.47535844023403
6777	1.60598939831958
6778	1.73383606714846
6779	1.85896491967997
6780	1.98144075517415
6781	2.1013267422748
6782	2.21868446097379
6783	2.33357394348584
6784	2.44605371406207
6785	2.55618082777009
6786	2.66401090826747
6787	2.76959818459478
6788	2.87299552701387
6789	2.97425448191614
6790	3.073425305825
6791	3.1705569985163
6792	3.26569733527951
6793	3.35889289834204
6794	3.45018910747868
6795	3.53963024982711
6796	3.62725950893043
6797	3.71311899302659
6798	3.7972497626045
6799	3.87969185724586
6800	3.96048432177127
6801	4.0396652317088
6802	4.1172717181026
6803	4.19333999167876
6804	4.2679053663852
6805	4.34100228232172
6806	4.41266432807629
6807	0
6808	0.166086960698329
6809	0.328526542037156
6810	0.487407128711348
6811	0.642814865825828
6812	0.79483371669134
6813	0.943545519117989
6814	1.08903004024574
6815	1.23136502995
6816	1.37062627285935
6817	1.50688763902178
6818	1.64022113325437
6819	1.77069694321103
6820	1.89838348620143
6821	2.02334745479386
6822	2.14565386123362
6823	2.2653660807078
6824	2.38254589348655
6825	2.49725352597004
6826	2.60954769066971
6827	2.71948562515154
6828	2.82712312996831
6829	2.93251460560732
6830	3.03571308847913
6831	3.13677028597226
6832	3.23573661059836
6833	3.33266121325128
6834	3.42759201560334
6835	3.52057574166121
6836	3.61165794850319
6837	3.70088305621933
6838	3.78829437707513
6839	3.87393414391898
6840	3.95784353785305
6841	4.04006271518687
6842	4.1206308336922
6843	4.19958607817744
6844	4.27696568539924
6845	4.35280596832864
6846	4.42714233978843
6847	4.50000933547823
6848	0
6849	0.168354959311113
6850	0.333001326875505
6851	0.49402910535895
6852	0.651526015398758
6853	0.805577554509457
6854	0.956267054457271
6855	1.1036757371433
6856	1.24788276903427
6857	1.38896531417874
6858	1.52699858584554
6859	1.66205589682046
6860	1.79420870839612
6861	1.923526678089
6862	2.05007770611691
6863	2.17392798066913
6864	2.29514202200074
6865	2.41378272538164
6866	2.52991140293035
6867	2.64358782436134
6868	2.75487025667449
6869	2.86381550281401
6870	2.97047893932381
6871	3.07491455302539
6872	3.1771749767438
6873	3.2773115241063
6874	3.37537422343807
6875	3.4714118507784
6876	3.56547196204021
6877	3.65760092433531
6878	3.74784394648712
6879	3.83624510875192
6880	3.92284739176933
6881	4.00769270476207
6882	4.09082191300456
6883	4.17227486457934
6884	4.2520904164399
6885	4.33030645979803
6886	4.40695994485317
6887	4.48208690488093
6888	4.55572247969753
6889	0
6890	0.172613230136717
6891	0.341402939478171
6892	0.506462168504303
6893	0.667881595986324
6894	0.825749599976341
6895	0.980152317211313
6896	1.13117370097271
6897	1.27889557744211
6898	1.4233977005919
6899	1.56475780564935
6900	1.70305166117116
6901	1.83835311976469
6902	1.97073416749128
6903	2.10026497198577
6904	2.22701392932592
6905	2.3510477096841
6906	2.4724313017932
6907	2.59122805625737
6908	2.70749972773802
6909	2.82130651604414
6910	2.93270710615553
6911	3.04175870720689
6912	3.14851709045967
6913	3.25303662628811
6914	3.35537032020518
6915	3.45556984795342
6916	3.553685589685
6917	3.64976666325481
6918	3.74386095664953
6919	3.83601515957542
6920	3.92627479422645
6921	4.01468424525443
6922	4.10128678896161
6923	4.18612462173631
6924	4.26923888775101
6925	4.3506697059423
6926	4.43045619629133
6927	4.50863650542293
6928	4.58524783154116
6929	4.66032644871869
6930	0
6931	0.172989645869758
6932	0.342145611632216
6933	0.507561206299095
6934	0.669327370129942
6935	0.827532735805959
6936	0.982263688013372
6937	1.13360442147779
6938	1.28163699748996
6939	1.42644139896217
6940	1.56809558405369
6941	1.70667553840246
6942	1.84225532599945
6943	1.97490713874091
6944	2.10470134469315
6945	2.23170653510328
6946	2.3559895701886
6947	2.47761562373651
6948	2.59664822654596
6949	2.71314930874046
6950	2.82717924098233
6951	2.93879687461653
6952	3.04805958077214
6953	3.15502328844863
6954	3.25974252161333
6955	3.36227043533576
6956	3.4626588509842
6957	3.56095829050861
6958	3.65721800983389
6959	3.75148603138655
6960	3.84380917577753
6961	3.93423309266289
6962	4.02280229080402
6963	4.10956016734807
6964	4.19454903634901
6965	4.27781015654897
6966	4.35938375843929
6967	4.43930907061988
6968	4.51762434547523
6969	4.5943668841849
6970	4.6695730610857
6971	0
6972	0.173027588699615
6973	0.342220473229931
6974	0.507671989670761
6975	0.669473104639761
6976	0.827712476484832
6977	0.982476514885566
6978	1.13384943890523
6979	1.28191333353363
6980	1.42674820476029
6981	1.56843203321609
6982	1.70704082642085
6983	1.84264866967305
6984	1.97532777561718
6985	2.10514853252311
6986	2.23217955131108
6987	2.35648771135497
6988	2.47813820509577
6989	2.59719458149609
6990	2.71371878836611
6991	2.82777121359019
6992	2.93941072528296
6993	3.04869471090261
6994	3.15567911534864
6995	3.26041847807059
6996	3.36296596921336
6997	3.46337342482436
6998	3.56169138114678
6999	3.65796910802304
7000	3.75225464143124
7001	3.84459481517754
7002	3.93503529176623
7003	4.02362059246897
7004	4.11039412661413
7005	4.19539822011641
7006	4.27867414326661
7007	4.36026213780082
7008	4.44020144326775
7009	4.51853032271251
7010	4.5952860876946
7011	4.67050512265752
7012	0
7013	0.178503339663152
7014	0.353024186800165
7015	0.523659783844988
7016	0.690504901307805
7017	0.853651901647186
7018	1.01319080148128
7019	1.16920933218135
7020	1.32179299888984
7021	1.47102513800396
7022	1.61698697316494
7023	1.75975766979175
7024	1.89941438819729
7025	2.036032335324
7026	2.16968481513489
7027	2.30044327769499
7028	2.42837736697732
7029	2.55355496742677
7030	2.67604224931408
7031	2.79590371291155
7032	2.91320223152116
7033	3.02799909338503
7034	3.14035404250726
7035	3.25032531841565
7036	3.3579696948908
7037	3.46334251768954
7038	3.56649774128889
7039	3.66748796467612
7040	3.76636446620963
7041	3.86317723757501
7042	3.95797501685974
7043	4.05080532076952
7044	4.14171447600862
7045	4.230747649846
7046	4.31794887988837
7047	4.40336110308094
7048	4.48702618395586
7049	4.56898494214804
7050	4.64927717919737
7051	4.72794170465596
7052	4.80501636151845
7053	0
7054	0.180295221873182
7055	0.356559589026759
7056	0.528891622208199
7057	0.697387336711714
7058	0.862140307127337
7059	1.02324173040612
7060	1.18078048728537
7061	1.33484320211668
7062	1.48551430113836
7063	1.63287606923282
7064	1.7770087052085
7065	1.91799037564458
7066	2.05589726733619
7067	2.19080363837641
7068	2.32278186791069
7069	2.45190250459819
7070	2.57823431381393
7071	2.7018443236243
7072	2.82279786956811
7073	2.94115863827425
7074	3.05698870994625
7075	3.17034859974321
7076	3.28129729808602
7077	3.38989230991675
7078	3.49618969293845
7079	3.60024409486209
7080	3.70210878968634
7081	3.80183571303546
7082	3.89947549657984
7083	3.99507750156309
7084	4.08868985145893
7085	4.18035946378056
7086	4.27013208106461
7087	4.35805230105108
7088	4.44416360608041
7089	4.52850839172776
7090	4.61112799469474
7091	4.69206271997756
7092	4.77135186733072
7093	4.84903375704447
7094	0
7095	0.181399748797291
7096	0.358738832129332
7097	0.532116558703694
7098	0.701629711106923
7099	0.867372611094141
7100	1.02943718318067
7101	1.18791301657993
7102	1.34288742553074
7103	1.49444550805596
7104	1.64267020319347
7105	1.78764234673913
7106	1.92944072554069
7107	2.06814213038034
7108	2.20382140748267
7109	2.33655150868383
7110	2.46640354029697
7111	2.59344681070768
7112	2.71774887673275
7113	2.83937558877426
7114	2.9583911348007
7115	3.07485808318533
7116	3.1888374244318
7117	3.30038861181603
7118	3.40956960097237
7119	3.5164368884518
7120	3.62104554927884
7121	3.72344927353324
7122	3.82370040198184
7123	3.92184996078553
7124	4.01794769530507
7125	4.11204210302964
7126	4.20418046565059
7127	4.29440888030297
7128	4.38277228999632
7129	4.46931451325595
7130	4.55407827299513
7131	4.63710522463845
7132	4.71843598351563
7133	4.79811015154486
7134	4.87616634322427
7135	0
7136	0.181472258980278
7137	0.358881895474092
7138	0.532328269917161
7139	0.701908215267376
7140	0.867716102329887
7141	1.02984390338329
7142	1.18838125415116
7143	1.34341551416218
7144	1.49503182554063
7145	1.6433131702685
7146	1.78834042595872
7147	1.93019242017856
7148	2.06894598336084
7149	2.20467600033991
7150	2.33745546054804
7151	2.46735550690735
7152	2.59444548345108
7153	2.71879298170751
7154	2.84046388587858
7155	2.95952241684479
7156	3.07603117502686
7157	3.19005118213397
7158	3.30164192182759
7159	3.41086137932922
7160	3.51776607999942
7161	3.62241112691505
7162	3.72485023747082
7163	3.82513577903047
7164	3.92331880365244
7165	4.01944908191411
7166	4.11357513585808
7167	4.20574427108333
7168	4.29600260800366
7169	4.38439511229493
7170	4.47096562455236
7171	4.55575688917839
7172	4.63881058252118
7173	4.72016734028328
7174	4.79986678421939
7175	4.87794754814183
7176	0
7177	0.183288167193278
7178	0.362464701254291
7179	0.537630258072222
7180	0.708882932079366
7181	0.876318322464895
7182	1.0400295976665
7183	1.2001075581848
7184	1.35664069776426
7185	1.5097152629831
7186	1.6594153112939
7187	1.80582276755499
7188	1.9490174790922
7189	2.08907726932914
7190	2.22607799002345
7191	2.36009357214516
7192	2.49119607543278
7193	2.61945573666141
7194	2.74494101665651
7195	2.86771864608602
7196	2.98785367006264
7197	3.10540949158729
7198	3.22044791386398
7199	3.33302918151547
7200	3.4432120207283
7201	3.5510536783552
7202	3.65660996000205
7203	3.75993526712568
7204	3.86108263316845
7205	3.96010375875469
7206	4.05704904597335
7207	4.15196763177074
7208	4.24490742047649
7209	4.33591511548539
7210	4.42503625011702
7211	4.51231521767459
7212	4.59779530072393
7213	4.68151869961286
7214	4.76352656025071
7215	4.84385900116732
7216	4.92255513987034
7217	0
7218	0.185275078965085
7219	0.366384898833558
7220	0.543431532940552
7221	0.716514455985449
7222	0.885730611218015
7223	1.05117447587701
7224	1.2129381249268
7225	1.3711112931364
7226	1.52578143554412
7227	1.67703378634987
7228	1.82495141627617
7229	1.9696152884378
7230	2.11110431275881
7231	2.24949539897501
7232	2.38486350825854
7233	2.51728170350066
7234	2.64682119828756
7235	2.77355140460335
7236	2.89753997929343
7237	3.01885286932039
7238	3.13755435584413
7239	3.25370709715665
7240	3.36737217050145
7241	3.4786091128066
7242	3.58747596035976
7243	3.69402928745273
7244	3.7983242440224
7245	3.9004145923142
7246	4.00035274259363
7247	4.09818978793046
7248	4.19397553808
7249	4.28775855248484
7250	4.37958617241991
7251	4.46950455230334
7252	4.55755869019473
7253	4.64379245750198
7254	4.72824862791743
7255	4.81096890560323
7256	4.89199395264557
7257	4.97136341579684
7258	0
7259	0.185609572251621
7260	0.367044857564874
7261	0.544408167899557
7262	0.717799210320716
7263	0.887315154348479
7264	1.05305069755608
7265	1.21509812946174
7266	1.3735473937589
7267	1.5284861489281
7268	1.67999982727269
7269	1.82817169241955
7270	1.97308289532463
7271	2.11481252882255
7272	2.25343768075797
7273	2.38903348573585
7274	2.52167317552654
7275	2.65142812816073
7276	2.77836791574854
7277	2.90256035105576
7278	3.02407153286994
7279	3.14296589018757
7280	3.25930622525328
7281	3.3731537554809
7282	3.48456815428549
7283	3.59360759085474
7284	3.70032876888745
7285	3.8047869643259
7286	3.9070360621083
7287	4.00712859196704
7288	4.10511576329736
7289	4.20104749912087
7290	4.29497246916731
7291	4.38693812209769
7292	4.47699071689103
7293	4.56517535341666
7294	4.65153600221307
7295	4.7361155334942
7296	4.81895574540311
7297	4.90009739153283
7298	4.97958020773318
7299	0
7300	0.185887761965201
7301	0.367593728761485
7302	0.545220410806825
7303	0.718867708418987
7304	0.88863297930151
7305	1.05461110427431
7306	1.21689455129469
7307	1.37557343781331
7308	1.53073559150853
7309	1.68246660944142
7310	1.83084991567254
7311	1.97596681738072
7312	2.11789655952268
7313	2.25671637807179
7314	2.39250155187273
7315	2.52532545314838
7316	2.65525959669385
7317	2.782373687792
7318	2.90673566888378
7319	3.02841176502572
7320	3.14746652816634
7321	3.26396288027207
7322	3.37796215533289
7323	3.48952414027668
7324	3.59870711482079
7325	3.70556789028859
7326	3.81016184741786
7327	3.91254297318736
7328	4.0127638966871
7329	4.11087592405734
7330	4.20692907252039
7331	4.3009721035291
7332	4.39305255505476
7333	4.48321677303712
7334	4.57150994201809
7335	4.6579761149806
7336	4.74265824241318
7337	4.82559820062052
7338	4.90683681929953
7339	4.9864139084002
7340	0
7341	0.187144557948388
7342	0.37007340030042
7343	0.548889934061625
7344	0.723694932620312
7345	0.894586603848595
7346	1.061660656432
7347	1.2250103644738
7348	1.38472663041909
7349	1.54089804634241
7350	1.69361095364151
7351	1.84294950117891
7352	1.98899570191164
7353	2.1318294880486
7354	2.27152876477389
7355	2.40816946257357
7356	2.5418255882021
7357	2.67256927432414
7358	2.80047082786598
7359	2.92559877711041
7360	3.04801991756777
7361	3.16779935665492
7362	3.28500055721346
7363	3.3996853798971
7364	3.51191412445805
7365	3.62174556996076
7366	3.7292370139512
7367	3.83444431060876
7368	3.93742190790741
7369	4.03822288381171
7370	4.13689898153311
7371	4.23350064387082
7372	4.32807704666109
7373	4.42067613135827
7374	4.51134463677015
7375	4.60012812996966
7376	4.68707103640437
7377	4.77221666922466
7378	4.85560725785098
7379	4.93728397579997
7380	5.01728696778871
7381	0
7382	0.189202549209799
7383	0.374133838451532
7384	0.554898742884178
7385	0.731599465540606
7386	0.904335606435754
7387	1.07320422987706
7388	1.23829993002404
7389	1.39971489474258
7390	1.55753896779854
7391	1.71185970943382
7392	1.8627624553671
7393	2.01033037426043
7394	2.15464452369145
7395	2.2957839046704
7396	2.43382551473973
7397	2.56884439969332
7398	2.70091370395117
7399	2.83010471962486
7400	2.95648693430758
7401	3.08012807762219
7402	3.20109416655968
7403	3.31944954963939
7404	3.43525694992187
7405	3.5485775069042
7406	3.65947081732686
7407	3.76799497492061
7408	3.87420660912095
7409	3.97816092277697
7410	4.079911728881
7411	4.17951148634438
7412	4.27701133484429
7413	4.37246112876583
7414	4.46590947026294
7415	4.55740374146105
7416	4.64699013582394
7417	4.73471368870638
7418	4.82061830711405
7419	4.90474679869106
7420	4.9871408999555
7421	5.06784130380231
7422	0
7423	0.191230716105326
7424	0.378135432818737
7425	0.560820472176214
7426	0.739389446136808
7427	0.913943326683373
7428	1.08458051409962
7429	1.25139690347107
7430	1.41448594945613
7431	1.57393872937248
7432	1.7298440046427
7433	1.88228828064176
7434	2.03135586498825
7435	2.17712892431974
7436	2.31968753959193
7437	2.45910975993991
7438	2.59547165513919
7439	2.72884736670284
7440	2.85930915765042
7441	2.98692746098317
7442	3.11177092689941
7443	3.23390646878267
7444	3.35339930799484
7445	3.47031301750532
7446	3.58470956438648
7447	3.6966493512051
7448	3.80619125633845
7449	3.9133926732431
7450	4.01830954870368
7451	4.12099642008826
7452	4.22150645163614
7453	4.31989146980336
7454	4.41620199769035
7455	4.51048728857579
7456	4.60279535857981
7457	4.69317301847936
7458	4.78166590469771
7459	4.86831850948966
7460	4.95317421034339
7461	5.03627529861942
7462	5.11766300744638
7463	0
7464	0.192252588011896
7465	0.380151596712523
7466	0.563804077132585
7467	0.743314351104707
7468	0.918784081864258
7469	1.09031234281344
7470	1.2579956844965
7471	1.42192819983279
7472	1.58220158765294
7473	1.73890521458255
7474	1.89212617531639
7475	2.04194935132509
7476	2.18845746803515
7477	2.33173115052212
7478	2.4718489777557
7479	2.60888753543445
7480	2.74292146744696
7481	2.87402352599519
7482	3.00226462041496
7483	3.12771386472742
7484	3.25043862395466
7485	3.3705045592317
7486	3.48797567174612
7487	3.60291434553597
7488	3.71538138917565
7489	3.82543607637885
7490	3.93313618554664
7491	4.03853803828822
7492	4.14169653694125
7493	4.24266520111759
7494	4.34149620330001
7495	4.43824040351459
7496	4.53294738310278
7497	4.62566547761672
7498	4.7164418088605
7499	4.80532231609983
7500	4.8923517864615
7501	4.97757388454404
7502	5.06103118125984
7503	5.14276518192897
7504	0
7505	0.192376564540353
7506	0.380396203691875
7507	0.564166056929073
7508	0.743790532208536
7509	0.919371376630437
7510	1.09100774526171
7511	1.2587962681688
7512	1.42283111570676
7513	1.58320406211001
7514	1.74000454742919
7515	1.89331973785709
7516	2.04323458448577
7517	2.18983188053565
7518	2.33319231709652
7519	2.47339453741919
7520	2.61051518979553
7521	2.74462897906381
7522	2.87580871677506
7523	3.00412537005542
7524	3.12964810919838
7525	3.25244435402019
7526	3.37257981901043
7527	3.49011855730939
7528	3.60512300354262
7529	3.71765401554259
7530	3.82777091498636
7531	3.93553152697759
7532	4.04099221860034
7533	4.14420793647145
7534	4.24523224331762
7535	4.34411735360263
7536	4.44091416822936
7537	4.53567230834083
7538	4.62844014824359
7539	4.71926484747649
7540	4.80819238204696
7541	4.89526757485655
7542	4.98053412533686
7543	5.06403463831635
7544	5.14581065213815
7545	0
7546	0.193415548486292
7547	0.382446129817214
7548	0.567199624669575
7549	0.747781162760925
7550	0.924293194019515
7551	1.09683555790265
7552	1.26550555091169
7553	1.4303979923508
7554	1.59160528837504
7555	1.7492174943727
7556	1.90332237572498
7557	2.05400546698557
7558	2.20135012952117
7559	2.34543760765316
7560	2.48634708333941
7561	2.62415572943441
7562	2.75893876156459
7563	2.89076948865516
7564	3.01971936214337
7565	3.14585802391266
7566	3.26925335298087
7567	3.38997151097505
7568	3.50807698642452
7569	3.62363263790292
7570	3.73669973604925
7571	3.84733800449721
7572	3.95560565974115
7573	4.06155944996645
7574	4.16525469287121
7575	4.26674531250569
7576	4.3660838751549
7577	4.46332162428944
7578	4.55850851460877
7579	4.65169324520057
7580	4.74292329183924
7581	4.83224493844598
7582	4.9197033077322
7583	5.00534239104771
7584	5.08920507745417
7585	5.17133318204421
7586	0
7587	0.19507125757456
7588	0.385712861059084
7589	0.572033872299152
7590	0.754140571199653
7591	0.932136527705023
7592	1.10612267190671
7593	1.27619736232667
7594	1.4424564524245
7595	1.6049933553745
7596	1.76389910715768
7597	1.91926242801283
7598	2.07116978228927
7599	2.21970543674299
7600	2.36495151731686
7601	2.5069880644442
7602	2.64589308691451
7603	2.78174261433852
7604	2.91461074824938
7605	3.04456971187524
7606	3.17168989861811
7607	3.29603991927254
7608	3.41768664801708
7609	3.53669526721042
7610	3.65312931102345
7611	3.76705070793743
7612	3.87851982213807
7613	3.98759549383399
7614	4.09433507852785
7615	4.19879448526727
7616	4.30102821390222
7617	4.40108939137473
7618	4.49902980706611
7619	4.59489994722633
7620	4.68874902850936
7621	4.78062503063778
7622	4.8705747282195
7623	4.95864372173842
7624	5.04487646774076
7625	5.12931630823792
7626	5.21200549934631
7627	0
7628	0.196880207538442
7629	0.389281938141442
7630	0.577315544144092
7631	0.761088562091928
7632	0.940705785606452
7633	1.11626933635473
7634	1.28787873317254
7635	1.45563095938914
7636	1.61962052840068
7637	1.77993954753775
7638	1.93667778027168
7639	2.0899227068028
7640	2.23975958307294
7641	2.38627149824313
7642	2.52953943067668
7643	2.66964230246639
7644	2.80665703254402
7645	2.94065858840889
7646	3.07172003651164
7647	3.19991259132814
7648	3.32530566315784
7649	3.44796690467954
7650	3.56796225629734
7651	3.68535599030792
7652	3.8002107539201
7653	3.91258761115661
7654	4.02254608366698
7655	4.13014419048022
7656	4.23543848672462
7657	4.33848410134189
7658	4.43933477382156
7659	4.53804288998135
7660	4.63465951681835
7661	4.72923443645511
7662	4.82181617920436
7663	4.91245205577523
7664	5.00118818864339
7665	5.08806954260681
7666	5.17313995454851
7667	5.25644216242676
7668	0
7669	0.198527520700407
7670	0.392532104133442
7671	0.582125277813386
7672	0.767415722640636
7673	0.948509346573394
7674	1.12550935638238
7675	1.29851632753856
7676	1.46762827228257
7677	1.63294070592326
7678	1.79454671141149
7679	1.95253700223419
7680	2.10699998367242
7681	2.25802181246617
7682	2.40568645492736
7683	2.5500757435415
7684	2.69126943209745
7685	2.82934524938367
7686	2.96437895148817
7687	3.09644437273882
7688	3.2256134753192
7689	3.35195639759468
7690	3.47554150118233
7691	3.59643541679725
7692	3.71470308890749
7693	3.83040781922831
7694	3.94361130908624
7695	4.05437370068232
7696	4.16275361728318
7697	4.26880820236796
7698	4.37259315775827
7699	4.47416278075762
7700	4.57357000032619
7701	4.67086641231614
7702	4.76610231379178
7703	4.85932673645857
7704	4.95058747922412
7705	5.03993113991383
7706	5.12740314616316
7707	5.21304778550799
7708	5.296908234694
7709	0
7710	0.202479316101287
7711	0.400329037537386
7712	0.593663510999784
7713	0.782594162620555
7714	0.967229573577995
7715	1.14767555373476
7716	1.32403521335983
7717	1.4964090329842
7718	1.6648949314391
7719	1.82958833212391
7720	1.99058222755019
7721	2.14796724220656
7722	2.30183169378827
7723	2.45226165283418
7724	2.59934100081256
7725	2.74315148669618
7726	2.88377278206613
7727	3.02128253478262
7728	3.15575642126022
7729	3.28726819738385
7730	3.41588974810102
7731	3.54169113572471
7732	3.66474064698059
7733	3.78510483883138
7734	3.90284858310998
7735	4.01803510999268
7736	4.13072605034251
7737	4.24098147695229
7738	4.34885994471593
7739	4.45441852975606
7740	4.55771286753503
7741	4.65879718997593
7742	4.75772436161927
7743	4.8545459148406
7744	4.94931208415338
7745	5.04207183962113
7746	5.13287291940186
7747	5.22176186144752
7748	5.30878403438046
7749	5.39398366756832
7750	0
7751	0.203618293379309
7752	0.402576251546331
7753	0.59698903372925
7754	0.786968857284427
7755	0.972625073859438
7756	1.15406424357404
7757	1.3313902072708
7758	1.50470415688562
7759	1.67410470398735
7760	1.83968794653401
7761	2.00154753389234
7762	2.15977473016579
7763	2.31445847587511
7764	2.46568544803456
7765	2.61354011866545
7766	2.75810481178783
7767	2.89945975892994
7768	3.03768315319418
7769	3.17285120191707
7770	3.30503817795996
7771	3.43431646966619
7772	3.56075662951936
7773	3.68442742153667
7774	3.80539586743029
7775	3.92372729156878
7776	4.03948536476993
7777	4.1527321469555
7778	4.26352812869735
7779	4.37193227168409
7780	4.47800204813618
7781	4.58179347919702
7782	4.68336117232661
7783	4.78275835772388
7784	4.8800369238029
7785	4.97524745174767
7786	5.06843924916954
7787	5.15966038289053
7788	5.24895771087542
7789	5.3363769133348
7790	5.42196252302055
7791	0
7792	0.204081670177642
7793	0.403490498786137
7794	0.598341975622734
7795	0.788748639942207
7796	0.974820156846659
7797	1.15666339168735
7798	1.33438248253035
7799	1.50807891073662
7800	1.6778515697055
7801	1.84379683182966
7802	2.00600861370807
7803	2.16457843966243
7804	2.31959550360125
7805	2.47114672927472
7806	2.6193168289623
7807	2.76418836063389
7808	2.90584178362432
7809	3.04435551286006
7810	3.17980597167571
7811	3.31226764325719
7812	3.4418131207473
7813	3.56851315604862
7814	3.69243670735766
7815	3.81365098546335
7816	3.93222149884195
7817	4.04821209758006
7818	4.16168501615587
7819	4.27270091510877
7820	4.38131892162601
7821	4.48759666907487
7822	4.59159033550762
7823	4.69335468116616
7824	4.79294308501236
7825	4.89040758030953
7826	4.98579888927968
7827	5.07916645686072
7828	5.17055848358696
7829	5.26002195761591
7830	5.34760268592338
7831	5.43334532468889
7832	0
7833	0.206230749109476
7834	0.407730653857829
7835	0.604616737176927
7836	0.797003031242852
7837	0.985000654917431
7838	1.16871788917431
7839	1.34826025056211
7840	1.52373056275593
7841	1.69522902624687
7842	1.86285328621837
7843	2.0266984986564
7844	2.18685739473969
7845	2.34342034355488
7846	2.49647541318008
7847	2.64610843017957
7848	2.79240303755101
7849	2.93544075116539
7850	3.07530101473922
7851	3.21206125337701
7852	3.3457969257215
7853	3.47658157474776
7854	3.60448687723669
7855	3.72958269196214
7856	3.85193710662539
7857	3.97161648356951
7858	4.08868550430538
7859	4.20320721288048
7860	4.31524305812051
7861	4.42485293477313
7862	4.53209522358273
7863	4.6370268303237
7864	4.73970322381969
7865	4.84017847297504
7866	4.93850528284424
7867	5.03473502976449
7868	5.12891779557572
7869	5.22110240095182
7870	5.31133643786643
7871	5.39966630121553
7872	5.48613721961909
7873	0
7874	0.209413623433461
7875	0.414010497984301
7876	0.613909917219841
7877	0.809228124394049
7878	1.00007839144672
7879	1.18657109594649
7880	1.36881379603138
7881	1.54691130339892
7882	1.72096575439695
7883	1.89107667926436
7884	2.05734106957025
7885	2.21985344389834
7886	2.37870591182238
7887	2.5339882362172
7888	2.68578789394879
7889	2.83419013498553
7890	2.97927803997196
7891	3.12113257630496
7892	3.2598326527515
7893	3.395455172646
7894	3.52807508570424
7895	3.65776543848989
7896	3.78459742356894
7897	3.90864042738599
7898	4.02996207689589
7899	4.14862828498317
7900	4.26470329470072
7901	4.37824972235866
7902	4.48932859949324
7903	4.59799941374507
7904	4.70432014867498
7905	4.80834732254533
7906	4.91013602609364
7907	5.00973995932479
7908	5.10721146734749
7909	5.20260157527974
7910	5.29596002224771
7911	5.38733529450154
7912	5.47677465767117
7913	5.56432418818447
7914	0
7915	0.209749022806635
7916	0.414672244433972
7917	0.614889197720392
7918	0.810516358914967
7919	1.00166722684078
7920	1.1884523999978
7921	1.37097965165909
7922	1.54935400301253
7923	1.72367779439929
7924	1.89405075469835
7925	2.06057006890569
7926	2.22333044395506
7927	2.38242417282621
7928	2.53794119698534
7929	2.68996916720101
7930	2.83859350277818
7931	2.98389744925135
7932	3.12596213457714
7933	3.26486662386531
7934	3.40068797268648
7935	3.53350127899348
7936	3.66337973369259
7937	3.79039466989978
7938	3.91461561091637
7939	4.03611031695728
7940	4.15494483066457
7941	4.27118352143782
7942	4.3848891286123
7943	4.49612280351478
7944	4.60494415042643
7945	4.7114112664812
7946	4.81558078052737
7947	4.91750789097939
7948	5.0172464026863
7949	5.11484876284232
7950	5.21036609596457
7951	5.30384823796226
7952	5.39534376932106
7953	5.48490004742557
7954	5.57256323804251
7955	0
7956	0.215374967818545
7957	0.42577229242288
7958	0.631315520152676
7959	0.832125035486276
7960	1.02831814295726
7961	1.22000914693867
7962	1.40730942935044
7963	1.59032752534425
7964	1.76916919701853
7965	1.94393750521493
7966	2.11473287944642
7967	2.28165318600553
7968	2.44479379430042
7969	2.60424764146478
7970	2.76010529528671
7971	2.91245501550031
7972	3.06138281348283
7973	3.2069725103987
7974	3.34930579383115
7975	3.48846227294077
7976	3.62451953218942
7977	3.75755318366687
7978	3.8876369180566
7979	4.01484255427631
7980	4.13924008782758
7981	4.26089773788839
7982	4.37988199318125
7983	4.49625765664891
7984	4.61008788896859
7985	4.72143425093521
7986	4.8303567447429
7987	4.93691385419366
7988	5.04116258386098
7989	5.14315849723582
7990	5.24295575388135
7991	5.34060714562234
7992	5.43616413179429
7993	5.52967687357694
7994	5.62119426743583
7995	5.71076397769536
7996	0
7997	0.220863276889824
7998	0.436600783270228
7999	0.647339980793865
8000	0.853205066555467
8001	1.05431705769431
8002	1.25079387379415
8003	1.44275041713808
8004	1.63029865087416
8005	1.81354767514651
8006	1.99260380124468
8007	2.16757062382309
8008	2.33854909124097
8009	2.50563757407154
8010	2.66893193182851
8011	2.82852557795604
8012	2.98450954312776
8013	3.13697253689866
8014	3.28600100775299
8015	3.43167920158996
8016	3.57408921868782
8017	3.71331106918626
8018	3.84942272712548
8019	3.98250018307976
8020	4.11261749542208
8021	4.23984684025549
8022	4.36425856004604
8023	4.48592121099099
8024	4.60490160915542
8025	4.72126487540926
8026	4.83507447919604
8027	4.94639228116375
8028	5.05527857468755
8029	5.16179212631321
8030	5.2659902151493
8031	5.36792867123571
8032	5.46766191291499
8033	5.56524298323262
8034	5.66072358539152
8035	5.75415411728533
8036	5.84558370513463
8037	0
8038	0.224012606617885
8039	0.442814443560253
8040	0.656535219184783
8041	0.865301318361343
8042	1.0692358886157
8043	1.26845892403041
8044	1.46308734696143
8045	1.65323508762736
8046	1.83901316162686
8047	2.02052974543816
8048	2.19789024995348
8049	2.37119739209936
8050	2.54055126459301
8051	2.70604940388326
8052	2.86778685632328
8053	3.02585624262143
8054	3.18034782061495
8055	3.33134954641025
8056	3.47894713393257
8057	3.6232241129261
8058	3.76426188544545
8059	3.90213978087737
8060	4.0369351095313
8061	4.16872321483595
8062	4.29757752417835
8063	4.42356959842059
8064	4.54676918012892
8065	4.66724424054864
8066	4.78506102535756
8067	4.90028409922973
8068	5.0129763892407
8069	5.12319922714422
8070	5.23101239055003
8071	5.33647414303124
8072	5.43964127318926
8073	5.54056913270344
8074	5.63931167339187
8075	5.73592148330913
8076	5.83044982190606
8077	5.92294665427604
8078	0
8079	0.226392247954659
8080	0.447509500653535
8081	0.663483164070183
8082	0.874441276162781
8083	1.08050859418239
8084	1.28180667970801
8085	1.47845398146765
8086	1.67056591600329
8087	1.85825494623574
8088	2.04163065798446
8089	2.22079983449541
8090	2.39586652902897
8091	2.56693213555865
8092	2.73409545762957
8093	2.89745277542499
8094	3.05709791108747
8095	3.21312229234012
8096	3.36561501445242
8097	3.51466290059367
8098	3.66035056061611
8099	3.80276044830867
8100	3.94197291716133
8101	4.07806627467865
8102	4.21111683528068
8103	4.34119897182767
8104	4.46838516580481
8105	4.59274605620169
8106	4.71435048712065
8107	4.83326555414708
8108	4.94955664951396
8109	5.06328750609213
8110	5.17452024023676
8111	5.28331539352005
8112	5.38973197337894
8113	5.49382749270631
8114	5.59565800841309
8115	5.69527815898822
8116	5.79274120108236
8117	5.88809904514113
8118	5.98140229011223
8119	0
8120	0.226416058774377
8121	0.447556479648347
8122	0.6635526855819
8123	0.874532731074106
8124	1.08062138948303
8125	1.28194023807211
8126	1.47860774084233
8127	1.67073932920789
8128	1.8584474805716
8129	2.04184179485486
8130	2.22102906903547
8131	2.39611336974524
8132	2.56719610397812
8133	2.73437608795786
8134	2.89774961421351
8135	3.05741051690921
8136	3.21345023547405
8137	3.36595787657601
8138	3.51502027448356
8139	3.66072204985655
8140	3.80314566700763
8141	3.942371489674
8142	4.07847783533823
8143	4.21154102813613
8144	4.34163545038844
8145	4.46883359279213
8146	4.59320610330646
8147	4.71482183476762
8148	4.83374789126523
8149	4.95004967331286
8150	5.06379092184418
8151	5.17503376106513
8152	5.28383874019217
8153	5.39026487410536
8154	5.49436968294489
8155	5.59620923067828
8156	5.69583816266532
8157	5.79330974224671
8158	5.88867588638192
8159	5.98198720036106
8160	0
8161	0.226690591194294
8162	0.448098134966544
8163	0.664354250125833
8164	0.875587181883305
8165	1.08192188930643
8166	1.28348013049623
8167	1.48038054554688
8168	1.67273873734544
8169	1.86066735026816
8170	2.0442761468281
8171	2.22367208232759
8172	2.39895937756747
8173	2.57023958966388
8174	2.73761168102187
8175	2.90117208651393
8176	3.06101477891024
8177	3.21723133260627
8178	3.369910985692
8179	3.51914070040621
8180	3.66500522201772
8181	3.80758713617478
8182	3.94696692476243
8183	4.08322302030682
8184	4.21643185896424
8185	4.34666793213196
8186	4.47400383671662
8187	4.59851032409528
8188	4.72025634780316
8189	4.83930910998127
8190	4.95573410661629
8191	5.06959517160421
8192	5.18095451966818
8193	5.28987278816082
8194	5.39640907777964
8195	5.50062099222426
8196	5.60256467682277
8197	5.70229485615419
8198	5.79986487069325
8199	5.89532671250283
8200	5.98873105999901
