group	y
1	0
2	0.0172153778984577
3	0.0345652120047094
4	0.0520401936197965
5	0.0696313146516869
6	0.0873298591953817
7	0.105127395338524
8	0.123015767186564
9	0.140987087101692
10	0.159033728149911
11	0.17714831675074
12	0.195323725524231
13	0.213553066330076
14	0.231829683493735
15	0.250147147214665
16	0.268499247151824
17	0.286879986181795
18	0.305283574324938
19	0.323704422835171
20	0.342137138449027
21	0.360576517789798
22	0.379017541922659
23	0.397455371056787
24	0.415885339390582
25	0.434302950096213
26	0.452703870439808
27	0.471083927033684
28	0.489439101217142
29	0.507765524562417
30	0.526059474502461
31	0.544317370077357
32	0.562535767796192
33	0.580711357611362
34	0.5988409590023
35	0.616921517165757
36	0.634950099309781
37	0.652923891048674
38	0.670840192896225
39	0.688696416854629
40	0.706490083096539
41	0.72421881673779
42	0
43	0.0172240462087522
44	0.0345822618581647
45	0.0520653463364398
46	0.069664299421608
47	0.0873704128673625
48	0.105175262214245
49	0.12307069882024
50	0.141048842105001
51	0.159102072002065
52	0.177223021613578
53	0.195404570062193
54	0.213639835534928
55	0.231922168513933
56	0.250245145189218
57	0.26860256104856
58	0.286988424639889
59	0.305396951501616
60	0.323822558256458
61	0.342259856864451
62	0.360703649030936
63	0.379148920765423
64	0.397590837087358
65	0.416024736874894
66	0.434446127852896
67	0.452850681716489
68	0.471234229386573
69	0.489592756393805
70	0.507922398387658
71	0.526219436767232
72	0.544480294430609
73	0.562701531639601
74	0.580879841996845
75	0.599012048532252
76	0.617095099895938
77	0.635126066654782
78	0.653102137689895
79	0.671020616692295
80	0.688878918754211
81	0.706674567053454
82	0.724405189628396
83	0
84	0.0174995647477851
85	0.0351241841654153
86	0.0528648146880382
87	0.0707127062402684
88	0.0886593940040548
89	0.106696690407128
90	0.124816677326214
91	0.143011698499343
92	0.161274352141758
93	0.179597483760027
94	0.197974179159157
95	0.216397757637594
96	0.234861765365175
97	0.253359968939171
98	0.271886349113761
99	0.290435094698314
100	0.309000596620059
101	0.327577442146773
102	0.346160409265278
103	0.364744461211616
104	0.383324741148905
105	0.401896566988966
106	0.420455426353914
107	0.438996971674029
108	0.457517015418279
109	0.476011525454008
110	0.49447662053235
111	0.512908565896058
112	0.531303769006497
113	0.549658775386649
114	0.567970264577058
115	0.586235046201712
116	0.604450056140974
117	0.622612352808688
118	0.640719113530732
119	0.658767631022307
120	0.676755309961348
121	0.694679663655507
122	0.712538310800223
123	0.730328972325467
124	0
125	0.0178379566654
126	0.0357897732375427
127	0.053846721856679
128	0.0720003596775013
129	0.0902425208605845
130	0.108565308778547
131	0.12696108843127
132	0.145422479064657
133	0.163942346987577
134	0.182513798581749
135	0.201130173499481
136	0.219785038044313
137	0.238472178729728
138	0.257185596011233
139	0.27591949818723
140	0.294668295464223
141	0.313426594182016
142	0.332189191194679
143	0.350951068403158
144	0.369707387435535
145	0.388453484471015
146	0.407184865203857
147	0.425897199943541
148	0.444586318847561
149	0.463248207283345
150	0.481879001315881
151	0.500474983317715
152	0.519032577698092
153	0.537548346748072
154	0.556018986598562
155	0.574441323288261
156	0.592812308938607
157	0.6111290180329
158	0.62938864379682
159	0.647588494677664
160	0.665725990919682
161	0.683798661232955
162	0.701804139553334
163	0.719740161891031
164	0.737604563265489
165	0
166	0.0184863330646948
167	0.0370650762915802
168	0.0557281067281978
169	0.0744675701979445
170	0.0932758737198912
171	0.112145678132094
172	0.131069890913029
173	0.150041659195922
174	0.169054362970884
175	0.188101608469897
176	0.207177221729819
177	0.22627524232871
178	0.245389917290903
179	0.264515695156363
180	0.283647220209985
181	0.30277932686662
182	0.321907034207699
183	0.341025540665456
184	0.36013021885084
185	0.379216610521329
186	0.398280421684923
187	0.417317517836742
188	0.436323919324689
189	0.455295796840787
190	0.474229467034847
191	0.493121388247234
192	0.511968156357576
193	0.530766500746337
194	0.549513280366274
195	0.568205479920861
196	0.586840206146831
197	0.605414684198101
198	0.623926254128361
199	0.642372367469731
200	0.660750583904923
201	0.679058568030436
202	0.697294086208349
203	0.715455003504381
204	0.733539280709903
205	0.751544971445689
206	0
207	0.0185653753931341
208	0.0372205460510694
209	0.0559574627644401
210	0.0747683431201203
211	0.0936456639732662
212	0.112582154121481
213	0.131570787175769
214	0.150604774623092
215	0.16967755907546
216	0.188782807700646
217	0.207914405829719
218	0.227066450736732
219	0.246233245586018
220	0.265409293542659
221	0.284589292041832
222	0.303768127212819
223	0.322940868453592
224	0.342102763152013
225	0.361249231549742
226	0.380375861745104
227	0.399478404831224
228	0.418552770165853
229	0.437595020769414
230	0.456601368847841
231	0.475568171436949
232	0.49449192616508
233	0.513369267130908
234	0.532196960893358
235	0.550971902570649
236	0.569691112045583
237	0.588351730274257
238	0.606951015695453
239	0.625486340738041
240	0.643955188423786
241	0.662355149063032
242	0.680683917040789
243	0.698939287690842
244	0.717119154255507
245	0.735221504928799
246	0.753244419980762
247	0
248	0.0186214224396087
249	0.0373307859820981
250	0.0561200937075859
251	0.0749816140887313
252	0.0939078734998074
253	0.112891648926925
254	0.131925960874104
255	0.151004066460015
256	0.170119452700378
257	0.189265829971095
258	0.208437125647357
259	0.227627477914084
260	0.246831229743151
261	0.266042923033025
262	0.28525729290649
263	0.304469262162305
264	0.323673935876716
265	0.34286659615086
266	0.36204269700021
267	0.38119785938229
268	0.400327866359019
269	0.419428658390108
270	0.438496328754049
271	0.457527119093314
272	0.476517415080475
273	0.49546374220205
274	0.514362761656938
275	0.53321126636643
276	0.552006177092817
277	0.570744538663734
278	0.589423516299418
279	0.608040392040163
280	0.626592561271314
281	0.645077529343199
282	0.663492908283488
283	0.681836413599526
284	0.700105861168245
285	0.718299164211322
286	0.736414330353339
287	0.754449458760707
288	0
289	0.0188118452736839
290	0.0377053320360858
291	0.0566726410236365
292	0.0757062135961686
293	0.0947987443718004
294	0.113943174059673
295	0.133132682485321
296	0.152360681803597
297	0.17162080989419
298	0.190906923934928
299	0.210213094148159
300	0.229533597715647
301	0.248862912857532
302	0.268195713071013
303	0.287526861524532
304	0.306851405603364
305	0.326164571602587
306	0.345461759563555
307	0.364738538250064
308	0.383990640260527
309	0.403213957272549
310	0.422404535416404
311	0.441558570774
312	0.46067240500001
313	0.479742521061926
314	0.498765539095902
315	0.517738212375298
316	0.536657423388952
317	0.555520180026265
318	0.574323611866268
319	0.59306496656791
320	0.611741606358887
321	0.63035100462039
322	0.648890742565232
323	0.667358506006865
324	0.685752082216887
325	0.704069356868673
326	0.722308311064849
327	0.740467018446379
328	0.758543642381095
329	0
330	0.0189392461729736
331	0.0379559191273618
332	0.0570423184591541
333	0.076191001196987
334	0.0953947745211995
335	0.114646688678538
336	0.133940030087345
337	0.153268314628209
338	0.172625281115174
339	0.192004884942738
340	0.211401291904016
341	0.230808872175521
342	0.250222194464178
343	0.269636020312281
344	0.289045298556217
345	0.308445159934885
346	0.327830911843872
347	0.347198033231503
348	0.366542169633041
349	0.385859128339356
350	0.405144873696522
351	0.424395522532874
352	0.443607339710137
353	0.462776733795358
354	0.481900252850431
355	0.500974580336106
356	0.519996531127434
357	0.538963047637718
358	0.557871196048066
359	0.576718162639764
360	0.595501250226734
361	0.61421787468542
362	0.632865561579523
363	0.651441942877052
364	0.669944753757258
365	0.688371829505047
366	0.706721102490555
367	0.724990599231624
368	0.743178437536959
369	0.761282823727847
370	0
371	0.0189888195026325
372	0.0380534257898214
373	0.0571861647073405
374	0.0763796382920462
375	0.0956266975236867
376	0.1149204352715
377	0.134254179430463
378	0.153621486242183
379	0.173016133795558
380	0.19243211570246
381	0.211863634943819
382	0.231305097881599
383	0.2507511084323
384	0.270196462397696
385	0.289636141948671
386	0.309065310258096
387	0.328479306278807
388	0.347873639662849
389	0.367243985818249
390	0.386586181099674
391	0.405896218129436
392	0.425170241245393
393	0.444404542072384
394	0.46359555521392
395	0.482739854060968
396	0.50183414671469
397	0.52087527202015
398	0.53986019570803
399	0.558786006641492
400	0.5776499131654
401	0.596449239555184
402	0.615181422562709
403	0.633844008056559
404	0.652434647754246
405	0.670951096043887
406	0.689391206892986
407	0.707752930841988
408	0.72603431208038
409	0.744233485603105
410	0.762348674445191
411	0
412	0.019187888745271
413	0.0384449786183603
414	0.0577638011880823
415	0.0771371392286449
416	0.0965580196029823
417	0.11601970633743
418	0.135515693882693
419	0.155039700556186
420	0.174585662160963
421	0.194147725776564
422	0.213720243717242
423	0.233297767653153
424	0.252875042890188
425	0.272447002804276
426	0.292008763426047
427	0.311555618171907
428	0.331083032717631
429	0.350586640010718
430	0.370062235417821
431	0.389505772003704
432	0.408913355938209
433	0.428281242027872
434	0.447605829368878
435	0.466883657118129
436	0.486111400379319
437	0.505285866200944
438	0.524403989683295
439	0.543462830191538
440	0.562459567672069
441	0.581391499069401
442	0.600256034840921
443	0.619050695566911
444	0.637773108653311
445	0.656421005124756
446	0.67499221650549
447	0.693484671785822
448	0.711896394471846
449	0.730225499716222
450	0.748470191527841
451	0.766628760058304
452	0
453	0.0196097013951969
454	0.0392746494103068
455	0.0589877691472018
456	0.0787422263488508
457	0.0985314205613399
458	0.118348978479933
459	0.138188747474308
460	0.158044789288246
461	0.177911373909152
462	0.197782973602929
463	0.217654257109839
464	0.237520083997086
465	0.25737549916398
466	0.27721572749566
467	0.297036168661424
468	0.316832392053867
469	0.336600131865075
470	0.356335282296271
471	0.376033892897362
472	0.395692164032963
473	0.415306442471531
474	0.434873217094371
475	0.454389114721307
476	0.47385089604996
477	0.493255451705593
478	0.512599798398608
479	0.531881075186831
480	0.551096539839809
481	0.570243565302415
482	0.58931963625511
483	0.608322345768315
484	0.627249392048386
485	0.646098575272741
486	0.664867794511807
487	0.683555044735437
488	0.702158413901585
489	0.720676080125026
490	0.739106308924011
491	0.757447450542764
492	0.775697937347817
493	0
494	0.0196486964984172
495	0.0393513495713296
496	0.0591009207013634
497	0.078890611035609
498	0.0987138545734057
499	0.11856431153749
500	0.138435861923665
501	0.158322599224277
502	0.178218824320902
503	0.198119039541788
504	0.218017942879673
505	0.237910422365764
506	0.257791550595737
507	0.277656579403733
508	0.297500934680457
509	0.317320211331532
510	0.337110168372441
511	0.356866724156397
512	0.376585951731661
513	0.396264074324852
514	0.415897460946929
515	0.435482622118588
516	0.455016205711908
517	0.474494992905174
518	0.493915894247863
519	0.513275945832887
520	0.532572305573231
521	0.551802249580235
522	0.570963168640804
523	0.59005256479093
524	0.609068047982973
525	0.628007332844193
526	0.646868235524131
527	0.665648670628456
528	0.684346648236998
529	0.702960271003711
530	0.721487731336404
531	0.7399273086541
532	0.758277366719966
533	0.776536351047808
534	0
535	0.0197127506087515
536	0.0394773387384583
537	0.0592867856314762
538	0.0791343505903899
539	0.0990135242081185
540	0.118918021780274
541	0.138841776894961
542	0.158778935195333
543	0.178723848310335
544	0.198671067949195
545	0.218615340155337
546	0.238551599715491
547	0.258474964719915
548	0.278380731269709
549	0.298264368327359
550	0.31812151270669
551	0.337947964198569
552	0.35773968082874
553	0.377492774244311
554	0.397203505225474
555	0.416868279319148
556	0.436483642591314
557	0.456046277494891
558	0.475552998850097
559	0.49500074993431
560	0.514386598678527
561	0.533707733967583
562	0.5529614620414
563	0.572145202994549
564	0.591256487371556
565	0.610292952855374
566	0.629252341046566
567	0.648132494330783
568	0.666931352832189
569	0.685646951450549
570	0.704277416979756
571	0.722820965305629
572	0.741275898680866
573	0.759640603075118
574	0.777913545598152
575	0
576	0.0197627333020299
577	0.0395756505854907
578	0.0594318197244412
579	0.0793245454013525
580	0.0992473623702365
581	0.119194028901163
582	0.139158520401373
583	0.159135023208329
584	0.179117928550155
585	0.199101826669039
586	0.219081501103307
587	0.239051923123952
588	0.259008246321557
589	0.278945801339609
590	0.298860090750358
591	0.318746784069432
592	0.33860171290554
593	0.358420866241687
594	0.378200385844427
595	0.397936561797752
596	0.417625828158314
597	0.437264758728787
598	0.456850062946203
599	0.47637858188225
600	0.495847284352537
601	0.515253263131949
602	0.534593731273271
603	0.553866018526352
604	0.573067567855122
605	0.592195932049878
606	0.611248770432306
607	0.630223845650772
608	0.649119020563486
609	0.667932255207198
610	0.686661603849162
611	0.705305212120143
612	0.723861314226317
613	0.742328230237955
614	0.760704363452864
615	0.77898819783257
616	0
617	0.0198446606253685
618	0.0397367948926809
619	0.0596695471106645
620	0.0796362963445893
621	0.0996306497335252
622	0.119646435987569
623	0.139677699060287
624	0.159718691991747
625	0.179763870917631
626	0.199807889240037
627	0.219845591955703
628	0.239872010137483
629	0.25988235556503
630	0.279872015500735
631	0.299836547607081
632	0.319771675001669
633	0.339673281446272
634	0.359537406666372
635	0.379360241797726
636	0.399138124956583
637	0.418867536930298
638	0.438545096985137
639	0.458167558788169
640	0.477731806440227
641	0.497234850616986
642	0.516673824815292
643	0.536045981701952
644	0.555348689562264
645	0.574579428845634
646	0.593735788805715
647	0.612815464232537
648	0.631816252274211
649	0.6507360493458
650	0.66957284812305
651	0.688324734618735
652	0.706989885339398
653	0.725566564520364
654	0.744053121436933
655	0.762447987789731
656	0.78074967516224
657	0
658	0.0199116489869116
659	0.0398685554906204
660	0.0598639263171135
661	0.0798912013511971
662	0.0999440469180129
663	0.120016349323363
664	0.140102208568124
665	0.160195932232143
666	0.180292029523152
667	0.200385205486324
668	0.220470355370231
669	0.240542559145073
670	0.260597076169144
671	0.280629339999615
672	0.300634953343824
673	0.320609683147343
674	0.340549455815209
675	0.36045035256279
676	0.380308604892862
677	0.400120590195538
678	0.419882827467806
679	0.439591973149509
680	0.459244817072668
681	0.47883827852115
682	0.498369402397762
683	0.517835355495904
684	0.537233422873022
685	0.556561004323151
686	0.575815610945921
687	0.59499486180946
688	0.614096480704705
689	0.633118292988685
690	0.652058222514423
691	0.670914288645135
692	0.689684603350506
693	0.708367368382842
694	0.726960872530979
695	0.745463488949884
696	0.763873672563917
697	0.782189957541812
698	0
699	0.0202257047900577
700	0.0404862774270235
701	0.0607752177174396
702	0.0810862506811405
703	0.101413320120263
704	0.121750582361628
705	0.142092400167913
706	0.162433336813153
707	0.182768150318233
708	0.203091787842127
709	0.223399380224787
710	0.243686236677654
711	0.263947839617887
712	0.28417983964252
713	0.30437805063883
714	0.324538445027315
715	0.344657149133773
716	0.364730438687058
717	0.384754734439189
718	0.404726597904567
719	0.42464272721514
720	0.44449995308845
721	0.464295234905561
722	0.484025656895959
723	0.503688424426579
724	0.523280860392204
725	0.542800401704541
726	0.562244595877345
727	0.581611097705064
728	0.600897666032488
729	0.620102160613008
730	0.639222539053122
731	0.65825685384089
732	0.677203249456106
733	0.696059959560022
734	0.714825304262493
735	0.733497687464489
736	0.752075594273963
737	0.770557588493126
738	0.788942310175219
739	0
740	0.020332775539617
741	0.0406968767857596
742	0.0610859034373737
743	0.0814936777251105
744	0.101914238051078
745	0.122341832800108
746	0.142770914318014
747	0.163196133052409
748	0.18361233185181
749	0.204014540418824
750	0.224397969913351
751	0.24475800770183
752	0.265090212248671
753	0.285390308146104
754	0.305654181278783
755	0.325877874119581
756	0.346057581153092
757	0.366189644423469
758	0.386270549203299
759	0.406296919780302
760	0.42626551535874
761	0.446173226072487
762	0.466017069106804
763	0.485794184925929
764	0.505501833603684
765	0.525137391254348
766	0.544698346561157
767	0.564182297399815
768	0.583586947554507
769	0.602910103523948
770	0.622149671415082
771	0.641303653922093
772	0.660370147388464
773	0.679347338949866
774	0.698233503755743
775	0.717027002267478
776	0.73572627763111
777	0.754329853122621
778	0.772836329663844
779	0.791244383407127
780	0
781	0.0204385735043315
782	0.0409049726813815
783	0.0613928959350461
784	0.0818962615512167
785	0.102409201407432
786	0.122926054852212
787	0.143441362749599
788	0.163949861684526
789	0.184446478324769
790	0.204926323935344
791	0.225384689041308
792	0.245817038235047
793	0.266219005124222
794	0.286586387416653
795	0.306915142138519
796	0.327201380982327
797	0.347441365781244
798	0.367631504106411
799	0.387768344984005
800	0.407848574728859
801	0.427869012891561
802	0.447826608316018
803	0.467718435304547
804	0.487541689887662
805	0.507293686195748
806	0.526971852929948
807	0.546573729929601
808	0.566096964833687
809	0.585539309833773
810	0.604898618516024
811	0.624172842789914
812	0.643360029901344
813	0.662458319527893
814	0.681465940954046
815	0.700381210324257
816	0.719202527971762
817	0.737928375821153
818	0.756557314862724
819	0.775087982696678
820	0.793519091145346
821	0
822	0.0208247100538434
823	0.0416644715178654
824	0.0625133430447533
825	0.0833655934983999
826	0.104215695918673
827	0.125058321649184
828	0.145888334623743
829	0.166700785807305
830	0.187490907787333
831	0.20825410951157
832	0.228985971168379
833	0.249682239205857
834	0.270338821486049
835	0.290951782570702
836	0.311517339135046
837	0.332031855506247
838	0.352491839323189
839	0.372893937314403
840	0.393234931190989
841	0.413511733651487
842	0.433721384495735
843	0.453861046844812
844	0.473928003464253
845	0.493919653187801
846	0.513833507439012
847	0.533667186848136
848	0.55341841796171
849	0.573085030042439
850	0.592664951956924
851	0.612156209148935
852	0.631556920695924
853	0.650865296446592
854	0.670079634237319
855	0.689198317185394
856	0.708219811056963
857	0.727142661707733
858	0.745965492594472
859	0.764687002355432
860	0.783305962457847
861	0.801821214910716
862	0
863	0.020960716210447
864	0.0419319844425696
865	0.0629079902369487
866	0.0838831259390971
867	0.104851984754087
868	0.12580935496182
869	0.146750214288695
870	0.167669724431531
871	0.188563225729723
872	0.209426231981705
873	0.230254425401907
874	0.251043651714476
875	0.271789915380148
876	0.292489374952745
877	0.313138338561859
878	0.333733259518378
879	0.354270732039604
880	0.374747487090789
881	0.395160388340005
882	0.415506428223331
883	0.435782724117446
884	0.455986514616768
885	0.476115155912363
886	0.496166118269926
887	0.516136982604198
888	0.536025437147263
889	0.555829274208223
890	0.575546387021826
891	0.595174766683677
892	0.614712499169738
893	0.634157762437861
894	0.653508823609185
895	0.672764036227253
896	0.691921837592794
897	0.710980746172153
898	0.729939359077389
899	0.748796349616153
900	0.767550464909468
901	0.786200523575607
902	0.804745413478303
903	0
904	0.0216600057716785
905	0.0433074294989675
906	0.0649371091295288
907	0.0865440719022493
908	0.108123528863885
909	0.129670869534238
910	0.151181656715937
911	0.172651621444987
912	0.194076658078376
913	0.215452819515086
914	0.236776312546995
915	0.258043493336218
916	0.279250863015534
917	0.300395063408643
918	0.32147287286707
919	0.342481202220621
920	0.363417090838383
921	0.384277702797329
922	0.405060323155677
923	0.425762354328214
924	0.446381312560885
925	0.466914824501996
926	0.487360623867486
927	0.507716548197739
928	0.527980535703524
929	0.548150622198681
930	0.568224938117249
931	0.588201705612781
932	0.608079235737667
933	0.627855925700331
934	0.647530256198217
935	0.667100788824564
936	0.686566163546977
937	0.705925096255905
938	0.725176376381136
939	0.744318864574513
940	0.763351490457093
941	0.782273250429024
942	0.801083205540476
943	0.81978047942198
944	0
945	0.0217066910928529
946	0.0433992556862519
947	0.0650725752832552
948	0.0867217195089126
949	0.108341940657753
950	0.129928668389001
951	0.151477504565599
952	0.172984218233249
953	0.194444740735747
954	0.215855160963006
955	0.237211720728257
956	0.258510810271001
957	0.279748963882376
958	0.300922855649697
959	0.32202929531701
960	0.343065224258573
961	0.364027711562286
962	0.384913950220123
963	0.405721253422762
964	0.426447050955608
965	0.447088885693545
966	0.467644410191773
967	0.488111383370197
968	0.508487667288852
969	0.528771224011974
970	0.548960112558335
971	0.569052485935556
972	0.589046588256162
973	0.608940751933203
974	0.628733394953313
975	0.648423018225159
976	0.668008203001251
977	0.687487608371173
978	0.706859968824321
979	0.726124091880294
980	0.745278855785134
981	0.764323207271656
982	0.783256159382149
983	0.802076789351797
984	0.820784236551175
985	0
986	0.0217463241598189
987	0.0434772106694957
988	0.065187578008035
989	0.0868725317838233
990	0.108527359308302
991	0.130147524316679
992	0.15172866183179
993	0.173266573167312
994	0.194757221066645
995	0.216196724973867
996	0.237581356433259
997	0.258907534614001
998	0.280171821956709
999	0.301370919938593
1000	0.322501664954085
1001	0.343561024307873
1002	0.364546092317361
1003	0.385454086521648
1004	0.406282343994196
1005	0.427028317756442
1006	0.44768957328966
1007	0.468263785142465
1008	0.488748733631432
1009	0.509142301632327
1010	0.529442471459563
1011	0.549647321831519
1012	0.56975502491945
1013	0.589763843477746
1014	0.609672128053386
1015	0.629478314272476
1016	0.649180920201808
1017	0.668778543783448
1018	0.688269860340405
1019	0.707653620151477
1020	0.72692864609344
1021	0.746093831348766
1022	0.765148137177135
1023	0.78409059074903
1024	0.802920283039748
1025	0.821636366782228
1026	0
1027	0.0218657681485356
1028	0.0437121471720619
1029	0.0655341669856873
1030	0.0873270416424271
1031	0.109086163985793
1032	0.130807100447352
1033	0.152485585985421
1034	0.17411751916115
1035	0.195698957348369
1036	0.217226112073639
1037	0.23869534448307
1038	0.260103160932537
1039	0.281446208698029
1040	0.302721271802935
1041	0.323925266959179
1042	0.345055239619168
1043	0.366108360135625
1044	0.387081920026433
1045	0.407973328341705
1046	0.428780108130366
1047	0.449499893003601
1048	0.47013042379259
1049	0.490669545298032
1050	0.511115203129013
1051	0.531465440628829
1052	0.551718395885476
1053	0.571872298824523
1054	0.591925468382202
1055	0.611876309756549
1056	0.631723311734549
1057	0.651465044093222
1058	0.671100155072717
1059	0.690627368919455
1060	0.710045483497482
1061	0.729353367966196
1062	0.748549960522674
1063	0.767634266206879
1064	0.786605354768071
1065	0.805462358590761
1066	0.824204470678657
1067	0
1068	0.0220140817294006
1069	0.0440038677881085
1070	0.0659645264614234
1071	0.0878914064580384
1072	0.109780031660619
1073	0.131626096018785
1074	0.153425458580722
1075	0.175174138659753
1076	0.196868311132295
1077	0.218504301863714
1078	0.240078583258695
1079	0.26158776993282
1080	0.283028614502145
1081	0.304398003487636
1082	0.325692953331432
1083	0.346910606521952
1084	0.368048227824961
1085	0.389103200617785
1086	0.410073023323933
1087	0.43095530594545
1088	0.451747766690422
1089	0.472448228693075
1090	0.493054616824039
1091	0.513564954588347
1092	0.533977361108855
1093	0.554290048192796
1094	0.574501317479268
1095	0.594609557665482
1096	0.614613241809686
1097	0.634510924708715
1098	0.654301240348176
1099	0.673982899423333
1100	0.693554686928804
1101	0.713015459815228
1102	0.732364144711128
1103	0.751599735708207
1104	0.770721292208401
1105	0.789727936831025
1106	0.80861885337841
1107	0.827393284858467
1108	0
1109	0.0220965643526143
1110	0.0441661043244844
1111	0.0662038651536495
1112	0.0882052704357648
1113	0.110165916929177
1114	0.132081569500972
1115	0.153948156210264
1116	0.17576176352509
1117	0.197518631669366
1118	0.219215150096461
1119	0.240847853086037
1120	0.262413415460869
1121	0.283908648420487
1122	0.305330495488523
1123	0.326676028570747
1124	0.347942444120862
1125	0.36912705941119
1126	0.390227308905464
1127	0.411240740731015
1128	0.432165013247711
1129	0.452997891711075
1130	0.473737245027078
1131	0.494381042596176
1132	0.514927351244196
1133	0.535374332237785
1134	0.555720238382152
1135	0.575963411198916
1136	0.596102278181929
1137	0.61613535012899
1138	0.636061218547437
1139	0.655878553131625
1140	0.675586099310401
1141	0.69518267586268
1142	0.714667172599327
1143	0.734038548109552
1144	0.75329582757011
1145	0.772438100615623
1146	0.791464519268387
1147	0.810374295926066
1148	0.829166701405743
1149	0
1150	0.0221538385800638
1151	0.0442787580195657
1152	0.0663700569909353
1153	0.0884232110897854
1154	0.110433867677828
1155	0.132397840865771
1156	0.15431110663249
1157	0.176169798076866
1158	0.197970200798767
1159	0.219708748405757
1160	0.241382018142198
1161	0.262986726637499
1162	0.284519725770342
1163	0.305977998645829
1164	0.327358655682529
1165	0.348658930806523
1166	0.369876177749599
1167	0.391007866448835
1168	0.412051579544868
1169	0.433005008976237
1170	0.453865952667233
1171	0.47463231130678
1172	0.495302085215923
1173	0.515873371301554
1174	0.536344360094096
1175	0.556713332866903
1176	0.576978658835194
1177	0.597138792432404
1178	0.617192270661899
1179	0.637137710522026
1180	0.65697380650256
1181	0.676699328150627
1182	0.696313117704262
1183	0.715814087791789
1184	0.735201219195257
1185	0.75447355867624
1186	0.773630216862313
1187	0.79267036619259
1188	0.811593238920745
1189	0.830398125173976
1190	0
1191	0.022442687058656
1192	0.0448468992216565
1193	0.0672082046446371
1194	0.0895223411722063
1195	0.111785211371702
1196	0.133992877701928
1197	0.15614155781329
1198	0.17822761997586
1199	0.200247578631956
1200	0.222198090069965
1201	0.244075948216159
1202	0.265878080541403
1203	0.287601544079687
1204	0.309243521555521
1205	0.3308013176173
1206	0.352272355173826
1207	0.373654171831239
1208	0.394944416427704
1209	0.41614084566323
1210	0.437241320822123
1211	0.458243804585572
1212	0.479146357932005
1213	0.499947137122853
1214	0.520644390771455
1215	0.541236456992898
1216	0.561721760632624
1217	0.582098810571702
1218	0.60236619710674
1219	0.622522589402422
1220	0.642566733014745
1221	0.662497447483071
1222	0.682313623989143
1223	0.702014223081292
1224	0.721598272462083
1225	0.7410648648377
1226	0.760413155827436
1227	0.779642361931655
1228	0.798751758556682
1229	0.817740678095088
1230	0.83660850805988
1231	0
1232	0.022470688938285
1233	0.0449019766159734
1234	0.0672894573132497
1235	0.0896288942979649
1236	0.111916214877893
1237	0.134147505587481
1238	0.156319007505535
1239	0.17842711170036
1240	0.200468354798982
1241	0.222439414677165
1242	0.244337106267009
1243	0.266158377479011
1244	0.287900305235562
1245	0.309560091612904
1246	0.331135060088684
1247	0.352622651892282
1248	0.374020422455196
1249	0.395326037958823
1250	0.416537271977039
1251	0.437652002211056
1252	0.458668207314118
1253	0.479583963803621
1254	0.500397443058346
1255	0.521106908398534
1256	0.541710712246592
1257	0.562207293366291
1258	0.582595174178348
1259	0.602872958150373
1260	0.623039327259184
1261	0.643093039523561
1262	0.663032926605565
1263	0.682857891478583
1264	0.702566906160317
1265	0.722159009508991
1266	0.741633305081067
1267	0.760988959048846
1268	0.780225198176334
1269	0.799341307851822
1270	0.818336630175659
1271	0.837210562101739
1272	0
1273	0.022561660857083
1274	0.0450809108985922
1275	0.0675534292775992
1276	0.0899750618564503
1277	0.112341816319128
1278	0.13464985741653
1279	0.15689550234115
1280	0.179075216227718
1281	0.201185607776471
1282	0.223223424995796
1283	0.245185551061077
1284	0.267069000286665
1285	0.28887091420797
1286	0.310588557770737
1287	0.332219315624686
1288	0.353760688518707
1289	0.37521028979495
1290	0.396565841979144
1291	0.417825173464616
1292	0.438986215287494
1293	0.46004699799069
1294	0.481005648574273
1295	0.501860387529958
1296	0.522609525957453
1297	0.543251462760492
1298	0.56378468192042
1299	0.584207749845277
1300	0.60451931279235
1301	0.624718094362247
1302	0.644802893062577
1303	0.664772579939374
1304	0.684626096274464
1305	0.704362451347005
1306	0.72398072025749
1307	0.743480041812535
1308	0.762859616468837
1309	0.782118704334704
1310	0.801256623227626
1311	0.820272746786381
1312	0.839166502636219
1313	0
1314	0.0226051894896073
1315	0.0451665281389123
1316	0.0676797357113284
1317	0.0901406975893691
1318	0.112545459915768
1319	0.134890224866766
1320	0.157171346054058
1321	0.179385324051994
1322	0.201528802046709
1323	0.223598561603947
1324	0.245591518552431
1325	0.267504718979712
1326	0.289335335337511
1327	0.311080662653645
1328	0.332738114847705
1329	0.354305221147735
1330	0.375779622605218
1331	0.397159068705761
1332	0.418441414072936
1333	0.439624615262792
1334	0.460706727646626
1335	0.481685902379675
1336	0.502560383453421
1337	0.523328504829296
1338	0.543988687651615
1339	0.564539437537625
1340	0.584979341942606
1341	0.605307067598032
1342	0.625521358020842
1343	0.645621031091912
1344	0.665604976701887
1345	0.685472154462579
1346	0.705221591482167
1347	0.7248523802025
1348	0.744363676296838
1349	0.763754696626423
1350	0.783024717254286
1351	0.802173071514779
1352	0.821199148137323
1353	0.840102389422929
1354	0
1355	0.0227326100514117
1356	0.0454171539047377
1357	0.0680494702012944
1358	0.0906255600102508
1359	0.113141582053934
1360	0.135593848063095
1361	0.157978818258689
1362	0.180293096956809
1363	0.202533428293523
1364	0.224696692066405
1365	0.246779899689694
1366	0.268780190260041
1367	0.290694826729918
1368	0.312521192185828
1369	0.334256786228525
1370	0.355899221452544
1371	0.377446220022392
1372	0.398895610342828
1373	0.420245323820736
1374	0.44149339171615
1375	0.462637942080055
1376	0.483677196776658
1377	0.504609468587871
1378	0.52543315839783
1379	0.546146752455298
1380	0.56674881971189
1381	0.587238009234085
1382	0.607613047687072
1383	0.627872736888491
1384	0.648015951430225
1385	0.668041636366403
1386	0.687948804965869
1387	0.707736536527361
1388	0.727403974255761
1389	0.746950323197746
1390	0.766374848235274
1391	0.785676872135347
1392	0.804855773654539
1393	0.823910985696832
1394	0.842841993523319
1395	0
1396	0.0227480476615506
1397	0.0454475184142703
1398	0.0680942653021019
1399	0.0906843034102057
1400	0.113213805100465
1401	0.135679095376682
1402	0.158076647376035
1403	0.180403077983425
1404	0.202655143565485
1405	0.224829735821046
1406	0.24692387774499
1407	0.268934719702465
1408	0.290859535610541
1409	0.31269571922445
1410	0.334440780525631
1411	0.356092342208868
1412	0.377648136265896
1413	0.399106000662909
1414	0.420463876109455
1415	0.441719802916313
1416	0.462871917939961
1417	0.483918451611332
1418	0.504857725046632
1419	0.525688147238
1420	0.546408212321915
1421	0.567016496923252
1422	0.587511657572983
1423	0.607892428197552
1424	0.628157617678007
1425	0.648306107477042
1426	0.668336849332107
1427	0.688248863012848
1428	0.708041234141141
1429	0.727713112072052
1430	0.747263707834084
1431	0.766692292127133
1432	0.785998193376612
1433	0.805180795842213
1434	0.824239537779877
1435	0.843173909655517
1436	0
1437	0.022762144329483
1438	0.0454752454007637
1439	0.0681351694093699
1440	0.0907379442389955
1441	0.11327975470632
1442	0.135756937935275
1443	0.158165978857329
1444	0.18050350583444
1445	0.202766286401436
1446	0.224951223124637
1447	0.247055349573649
1448	0.26907582640331
1449	0.291009937542884
1450	0.312855086489626
1451	0.334608792703969
1452	0.356268688103618
1453	0.377832513653927
1454	0.399298116051993
1455	0.420663444501986
1456	0.441926547579261
1457	0.463085570180923
1458	0.484138750560516
1459	0.505084417444597
1460	0.525920987229036
1461	0.546646961252882
1462	0.567260923147758
1463	0.587761536260746
1464	0.608147541148817
1465	0.628417753142889
1466	0.648571059979649
1467	0.668606419499342
1468	0.688522857407747
1469	0.708319465100637
1470	0.72799539754904
1471	0.747549871243694
1472	0.766982162197076
1473	0.786291604001507
1474	0.805477585941786
1475	0.824539551160932
1476	0.843476994877576
1477	0
1478	0.0231903527108322
1479	0.0463174960704259
1480	0.0693776957743092
1481	0.0923673684816978
1482	0.115283077343229
1483	0.138121527650728
1484	0.160879562605769
1485	0.183554159203874
1486	0.20614242423129
1487	0.228641590371339
1488	0.251049012417439
1489	0.273362163589967
1490	0.295578631954187
1491	0.31769611693657
1492	0.339712425936888
1493	0.36162547103352
1494	0.383433265779509
1495	0.405133922086935
1496	0.42672564719727
1497	0.448206740735406
1498	0.469575591845139
1499	0.490830676403933
1500	0.511970554314849
1501	0.53299386687358
1502	0.553899334208593
1503	0.574685752792411
1504	0.595351993022157
1505	0.615896996867488
1506	0.636319775584136
1507	0.656619407491282
1508	0.676795035811076
1509	0.696845866568621
1510	0.716771166550816
1511	0.736570261322476
1512	0.756242533298188
1513	0.775787419868423
1514	0.795204411578433
1515	0.814493050358528
1516	0.83365292780435
1517	0.852683683505794
1518	0
1519	0.0234733452382346
1520	0.0468741190981281
1521	0.0701988512950636
1522	0.0934442154205646
1523	0.116607024657
1524	0.13968422760942
1525	0.162672904251416
1526	0.185570261981976
1527	0.208373631790373
1528	0.231080464526245
1529	0.253688327272034
1530	0.276194899815093
1531	0.29859797121679
1532	0.320895436476033
1533	0.343085293284715
1534	0.365165638872605
1535	0.387134666939333
1536	0.408990664671128
1537	0.430732009840053
1538	0.452357167983543
1539	0.473864689662107
1540	0.495253207793091
1541	0.516521435058497
1542	0.537668161384855
1543	0.558692251493244
1544	0.579592642517577
1545	0.600368341689321
1546	0.621018424086893
1547	0.641542030447977
1548	0.6619383650431
1549	0.682206693608815
1550	0.702346341338888
1551	0.722356690931961
1552	0.742237180694137
1553	0.761987302695053
1554	0.781606600975977
1555	0.801094669808545
1556	0.820451152002781
1557	0.839675737263062
1558	0.858768160590751
1559	0
1560	0.023494429636094
1561	0.0469155903747074
1562	0.0702600316020595
1563	0.0935244460524514
1564	0.116705665536901
1565	0.139800656788544
1566	0.162806517421707
1567	0.185720472001615
1568	0.208539868221824
1569	0.231262173186481
1570	0.253884969794652
1571	0.276405953223993
1572	0.298822927511112
1573	0.321133802226071
1574	0.343336589238503
1575	0.365429399572908
1576	0.387410440350763
1577	0.409278011817121
1578	0.431030504449451
1579	0.452666396146525
1580	0.474184249495226
1581	0.495582709113181
1582	0.516860499065206
1583	0.538016420351593
1584	0.559049348466314
1585	0.579958231023278
1586	0.600742085448815
1587	0.621399996738627
1588	0.641931115277471
1589	0.662334654719896
1590	0.682609889930406
1591	0.702756154981448
1592	0.722772841207682
1593	0.742659395315018
1594	0.762415317542957
1595	0.782040159878799
1596	0.801533524322331
1597	0.820895061199633
1598	0.840124467524686
1599	0.859221485407498
1600	0
1601	0.0236376607505102
1602	0.0471973141972384
1603	0.0706756433548725
1604	0.0940694709989592
1605	0.11737575548917
1606	0.140591586706857
1607	0.163714182103855
1608	0.186740882859583
1609	0.209669150143558
1610	0.232496561480527
1611	0.255220807215481
1612	0.277839687075895
1613	0.300351106828611
1614	0.322753075028845
1615	0.345043699858849
1616	0.367221186053869
1617	0.389283831913041
1618	0.411230026392987
1619	0.433058246281889
1620	0.454767053451899
1621	0.4763550921878
1622	0.497821086589874
1623	0.519163838048999
1624	0.540382222792049
1625	0.561475189495711
1626	0.582441756966893
1627	0.603281011887945
1628	0.623992106624956
1629	0.644574257097431
1630	0.665026740707722
1631	0.685348894328593
1632	0.705540112347373
1633	0.725599844765174
1634	0.745527595349698
1635	0.765322919840197
1636	0.78498542420318
1637	0.804514762937507
1638	0.823910637427545
1639	0.843172794343088
1640	0.862301024084783
1641	0
1642	0.0236568188930435
1643	0.047234996688009
1644	0.0707312342733077
1645	0.0941423718183931
1646	0.117465384609687
1647	0.140697379000456
1648	0.163835588471626
1649	0.18687736980056
1650	0.209820199334964
1651	0.232661669369097
1652	0.255399484619576
1653	0.278031458798131
1654	0.300555511278722
1655	0.322969663856504
1656	0.345272037596204
1657	0.36746084976752
1658	0.389534410865226
1659	0.411491121711723
1660	0.433329470639842
1661	0.455048030753751
1662	0.476645457265885
1663	0.498120484907876
1664	0.519471925413492
1665	0.540698665071679
1666	0.561799662347812
1667	0.58277394557135
1668	0.603620610688112
1669	0.624338819075435
1670	0.644927795418548
1671	0.665386825646506
1672	0.685715254926104
1673	0.705912485712199
1674	0.725977975852942
1675	0.745911236748442
1676	0.765711831561422
1677	0.785379373478479
1678	0.804913524020586
1679	0.824313991401503
1680	0.843580528932831
1681	0.86271293347442
1682	0
1683	0.0240040490690948
1684	0.0479179698876103
1685	0.0717387872947755
1686	0.095463656714483
1687	0.119089860220626
1688	0.142614802710378
1689	0.166036008182543
1690	0.189351116118188
1691	0.212557877960824
1692	0.235654153693501
1693	0.258637908510228
1694	0.281507209579208
1695	0.304260222895442
1696	0.326895210220323
1697	0.349410526105897
1698	0.371804615001535
1699	0.394076008440822
1700	0.416223322306511
1701	0.438245254171472
1702	0.460140580713594
1703	0.481908155202674
1704	0.503546905057361
1705	0.525055829470291
1706	0.546433997099574
1707	0.567680543824878
1708	0.588794670566364
1709	0.609775641164792
1710	0.630622780321167
1711	0.651335471594316
1712	0.67191315545486
1713	0.692355327394048
1714	0.712661536085993
1715	0.732831381601873
1716	0.752864513674701
1717	0.772760630013303
1718	0.792519474664181
1719	0.812140836419975
1720	0.831624547273264
1721	0.850970480914492
1722	0.870178551272822
1723	0
1724	0.0240081827595159
1725	0.047926100516708
1726	0.0717507819673609
1727	0.0954793862883942
1728	0.119109199205931
1729	0.142637629171237
1730	0.166062203641661
1731	0.189380565463788
1732	0.212590469356077
1733	0.235689778488349
1734	0.258676461155532
1735	0.281548587543165
1736	0.304304326582215
1737	0.326941942890812
1738	0.349459793800613
1739	0.371856326465508
1740	0.394130075050493
1741	0.416279657998563
1742	0.438303775373539
1743	0.460201206276807
1744	0.481970806335987
1745	0.503611505263621
1746	0.525122304483995
1747	0.546502274826281
1748	0.567750554282222
1749	0.588866345826627
1750	0.609848915299005
1751	0.630697589344688
1752	0.651411753413857
1753	0.671990849816911
1754	0.692434375834676
1755	0.712741881881967
1756	0.732912969723095
1757	0.752947290737892
1758	0.772844544236921
1759	0.792604475824541
1760	0.812226875808529
1761	0.831711577655021
1762	0.851058456487542
1763	0.870267427628936
1764	0
1765	0.0242116921296735
1766	0.0483263867109149
1767	0.0723413023049971
1768	0.0962537828574362
1769	0.120061293900517
1770	0.143761418860165
1771	0.16735185546439
1772	0.190830412250594
1773	0.214195005169117
1774	0.237443654280458
1775	0.260574480543664
1776	0.283585702693483
1777	0.306475634203885
1778	0.329242680335668
1779	0.351885335265902
1780	0.37440217929702
1781	0.396791876143443
1782	0.419053170293653
1783	0.441184884445711
1784	0.463185917014248
1785	0.485055239707029
1786	0.506791895169218
1787	0.528394994693533
1788	0.549863715994542
1789	0.571197301045362
1790	0.592395053975098
1791	0.613456339025406
1792	0.634380578564566
1793	0.655167251157554
1794	0.675815889690584
1795	0.696326079548676
1796	0.716697456844812
1797	0.7369297066993
1798	0.757022561567997
1799	0.776975799618073
1800	0.796789243150031
1801	0.816462757064755
1802	0.835996247374349
1803	0.855389659755603
1804	0.87464297814493
1805	0
1806	0.0242591416302569
1807	0.0484197159762497
1808	0.0724789858675943
1809	0.096434338329777
1810	0.12028328081803
1811	0.14402343755473
1812	0.167652545967573
1813	0.191168453225824
1814	0.21456911287206
1815	0.237852581546836
1816	0.261017015803809
1817	0.284060669012915
1818	0.306981888349242
1819	0.32977911186532
1820	0.352450865644593
1821	0.374995761033923
1822	0.397412491953001
1823	0.419699832278614
1824	0.441856633301771
1825	0.463881821255748
1826	0.485774394913129
1827	0.507533423250035
1828	0.529158043175707
1829	0.550647457325721
1830	0.57200093191711
1831	0.593217794663746
1832	0.614297432750369
1833	0.635239290863671
1834	0.656042869278935
1835	0.676707722000699
1836	0.697233454956035
1837	0.717619724238997
1838	0.737866234404871
1839	0.757972736812906
1840	0.777939028016188
1841	0.797764948197414
1842	0.817450379649323
1843	0.836995245298571
1844	0.856399507271891
1845	0.875663165503384
1846	0
1847	0.0243433829870104
1848	0.0485854117968577
1849	0.07272342785272
1850	0.096754894663821
1851	0.120677394114963
1852	0.144488622858128
1853	0.168186388803419
1854	0.191768607706724
1855	0.215233299851487
1856	0.238578586822121
1857	0.261802688366585
1858	0.284903919345776
1859	0.307880686767404
1860	0.330731486902096
1861	0.353454902479553
1862	0.376049599962594
1863	0.398514326897036
1864	0.42084790933536
1865	0.44304924933221
1866	0.465117322509788
1867	0.487051175691287
1868	0.508849924600538
1869	0.530512751626094
1870	0.552038903648031
1871	0.573427689925784
1872	0.594678480045378
1873	0.615790701924468
1874	0.63676383987363
1875	0.657597432712396
1876	0.678291071938566
1877	0.69884439994936
1878	0.719257108313018
1879	0.739528936089493
1880	0.759659668198916
1881	0.779649133836543
1882	0.799497204932934
1883	0.819203794658149
1884	0.838768855968769
1885	0.858192380196582
1886	0.877474395677824
1887	0
1888	0.0245511342591775
1889	0.0489940414634572
1890	0.0733262568590179
1891	0.0975454325749534
1892	0.121649334050066
1893	0.145635836558127
1894	0.169502921828985
1895	0.193248674762963
1896	0.216871280236069
1897	0.240369019993583
1898	0.263740269629683
1899	0.286983495650796
1900	0.310097252620458
1901	0.333080180383487
1902	0.35593100136737
1903	0.378648517958789
1904	0.40123160995328
1905	0.423679232076076
1906	0.445990411572219
1907	0.468164245864097
1908	0.490199900274594
1909	0.512096605814102
1910	0.533853657029681
1911	0.555470409914696
1912	0.576946279877319
1913	0.598280739766311
1914	0.619473317952541
1915	0.640523596464762
1916	0.661431209178164
1917	0.682195840054303
1918	0.702817221431018
1919	0.723295132360985
1920	0.74362939699761
1921	0.76381988302698
1922	0.783866500144622
1923	0.803769198575881
1924	0.823527967638725
1925	0.843142834347831
1926	0.862613862058851
1927	0.881941149151755
1928	0
1929	0.0247029213810512
1930	0.0492925942489992
1931	0.0737666954608782
1932	0.0981230149551295
1933	0.122359452278679
1934	0.146474013209854
1935	0.170464806474589
1936	0.194330040553426
1937	0.218068020576899
1938	0.241677145306938
1939	0.265155904201997
1940	0.288502874563682
1941	0.311716718762683
1942	0.334796181541917
1943	0.357740087394792
1944	0.380547338016607
1945	0.40321690982712
1946	0.425747851562378
1947	0.448139281933964
1948	0.470390387353852
1949	0.492500419723105
1950	0.514468694282721
1951	0.536294587524947
1952	0.55797753516344
1953	0.579517030160706
1954	0.600912620811267
1955	0.622163908879069
1956	0.643270547787663
1957	0.664232240861755
1958	0.685048739618718
1959	0.705719842108758
1960	0.726245391302383
1961	0.746625273523933
1962	0.766859416929908
1963	0.786947790030904
1964	0.806890400255958
1965	0.826687292558179
1966	0.846338548060534
1967	0.865844282740709
1968	0.885204646153988
1969	0
1970	0.0247461019670598
1971	0.0493775269104468
1972	0.0738919919728246
1973	0.0982873262968059
1974	0.12256146758056
1975	0.146712458728509
1976	0.17073844459459
1977	0.194637668815597
1978	0.218408470732218
1979	0.242049282395422
1980	0.265558625655913
1981	0.288935109334443
1982	0.312177426470816
1983	0.335284351649485
1984	0.358254738399698
1985	0.381087516668191
1986	0.403781690362498
1987	0.426336334962977
1988	0.448750595201726
1989	0.471023682806583
1990	0.493154874308479
1991	0.515143508910437
1992	0.536988986416572
1993	0.558690765219465
1994	0.580248360344375
1995	0.601661341548727
1996	0.622929331475418
1997	0.644052003858481
1998	0.6650290817797
1999	0.685860335974816
2000	0.706545583187965
2001	0.727084684573079
2002	0.74747754414096
2003	0.767724107250809
2004	0.787824359145
2005	0.80777832352595
2006	0.82758606117392
2007	0.847247668604668
2008	0.866763276765861
2009	0.886133049771201
2010	0
2011	0.0249903577787553
2012	0.0498579580041148
2013	0.0746007456989077
2014	0.0992167717685258
2015	0.123704189717909
2016	0.148061252459391
2017	0.172286309208988
2018	0.196377802468761
2019	0.220334265092965
2020	0.244154317435738
2021	0.267836664578165
2022	0.291380093632575
2023	0.314783471122032
2024	0.33804574043299
2025	0.361165919339162
2026	0.384143097594695
2027	0.406976434594801
2028	0.429665157102027
2029	0.452208557036414
2030	0.474605989327827
2031	0.496856869828789
2032	0.518960673286201
2033	0.540916931370357
2034	0.562725230759722
2035	0.584385211279973
2036	0.605896564095846
2037	0.62725902995436
2038	0.648472397478049
2039	0.669536501506846
2040	0.690451221487301
2041	0.711216479907882
2042	0.731832240779084
2043	0.752298508157164
2044	0.772615324710307
2045	0.792782770326082
2046	0.812800960759079
2047	0.832670046317621
2048	0.852390210588514
2049	0.871961669198795
2050	0.891384668613474
2051	0
2052	0.02499387164502
2053	0.0498648694900721
2054	0.0746109418362717
2055	0.099230142779292
2056	0.123720628928671
2057	0.148080656217918
2058	0.172308576803003
2059	0.196402836046866
2060	0.220361969587649
2061	0.244184600488423
2062	0.267869436466223
2063	0.291415267198285
2064	0.314820961703405
2065	0.338085465796422
2066	0.361207799613872
2067	0.384187055208895
2068	0.407022394213547
2069	0.429713045566724
2070	0.452258303305913
2071	0.474657524421085
2072	0.496910126769045
2073	0.519015587046629
2074	0.540973438821159
2075	0.562783270616622
2076	0.584444724054075
2077	0.605957492044819
2078	0.627321317034923
2079	0.648535989299707
2080	0.669601345286856
2081	0.690517266006837
2082	0.711283675469354
2083	0.7319005391646
2084	0.752367862588086
2085	0.772685689807884
2086	0.792854102073132
2087	0.812873216462682
2088	0.832743184572806
2089	0.852464191242918
2090	0.872036453318254
2091	0.891460218448528
2092	0
2093	0.025618627427269
2094	0.051093712732973
2095	0.0764237870884983
2096	0.101607471812781
2097	0.126643475504386
2098	0.151530591253568
2099	0.176267693932175
2100	0.200853737559316
2101	0.22528775274076
2102	0.24956884418009
2103	0.273696188259706
2104	0.297669030689777
2105	0.321486684223351
2106	0.345148526435828
2107	0.368653997567068
2108	0.392002598424476
2109	0.415193888345389
2110	0.438227483217209
2111	0.461103053553703
2112	0.483820322625966
2113	0.506379064646588
2114	0.528779103005571
2115	0.551020308556618
2116	0.573102597952432
2117	0.595025932027702
2118	0.616790314228482
2119	0.638395789086731
2120	0.659842440738762
2121	0.681130391486453
2122	0.702259800400017
2123	0.723230861961253
2124	0.744043804746144
2125	0.764698890145754
2126	0.785196411124387
2127	0.805536691013988
2128	0.825720082343803
2129	0.845746965704347
2130	0.865617748644742
2131	0.885332864602516
2132	0.904892771864977
2133	0
2134	0.0256655218280226
2135	0.0511859501625947
2136	0.0765598599255614
2137	0.101785915011847
2138	0.126862865452518
2139	0.151789544657013
2140	0.176564866732429
2141	0.201187823877795
2142	0.225657483851332
2143	0.249972987508741
2144	0.274133546410617
2145	0.29813844049713
2146	0.321987015828187
2147	0.345678682387293
2148	0.369212911947422
2149	0.392589235997223
2150	0.415807243725942
2151	0.438866580065478
2152	0.461766943788047
2153	0.484508085657942
2154	0.50708980663595
2155	0.529511956134988
2156	0.551774430325604
2157	0.573877170489962
2158	0.595820161423045
2159	0.617603429879761
2160	0.639227043066746
2161	0.660691107177632
2162	0.681995765970614
2163	0.703141199387177
2164	0.724127622210854
2165	0.744955282764944
2166	0.765624461648128
2167	0.786135470506953
2168	0.806488650844188
2169	0.826684372862073
2170	0.846723034339518
2171	0.866605059542316
2172	0.886330898165493
2173	0.905901024306896
2174	0
2175	0.0258702986656925
2176	0.0515887293611601
2177	0.0771540580562287
2178	0.102565134565168
2179	0.12782088984505
2180	0.152920333369723
2181	0.1778625505774
2182	0.20264670038986
2183	0.227272012801366
2184	0.251737786535419
2185	0.276043386767535
2186	0.300188242912265
2187	0.324171846472741
2188	0.347993748951066
2189	0.371653559817908
2190	0.395150944539717
2191	0.418485622662002
2192	0.441657365947168
2193	0.464665996565443
2194	0.487511385337458
2195	0.510193450027095
2196	0.532712153683245
2197	0.555067503029154
2198	0.577259546898071
2199	0.599288374713953
2200	0.621154115016001
2201	0.64285693402585
2202	0.664397034256248
2203	0.68577465316011
2204	0.706990061818847
2205	0.728043563668903
2206	0.748935493265475
2207	0.769666215082391
2208	0.790236122347167
2209	0.8106456359103
2210	0.830895203147847
2211	0.85098529689639
2212	0.870916414419513
2213	0.890689076404915
2214	0.910303825991342
2215	0
2216	0.0259652297063691
2217	0.0517754509109102
2218	0.077429518150027
2219	0.102926367427019
2220	0.128265013573159
2221	0.153444547682749
2222	0.178464134620175
2223	0.203323010597033
2224	0.228020480817441
2225	0.252555917189714
2226	0.276928756102618
2227	0.301138496264471
2228	0.325184696603398
2229	0.349066974227103
2230	0.372785002440553
2231	0.396338508820013
2232	0.419727273341929
2233	0.442951126565159
2234	0.46600994786514
2235	0.488903663718567
2236	0.511632246037243
2237	0.53419571054975
2238	0.556594115229677
2239	0.578827558769116
2240	0.600896179096227
2241	0.62280015193567
2242	0.644539689410741
2243	0.666115038686082
2244	0.687526480649879
2245	0.708774328634452
2246	0.729858927174223
2247	0.75078065080002
2248	0.771539902868754
2249	0.792137114427487
2250	0.812572743110963
2251	0.832847272071701
2252	0.852961208941739
2253	0.872915084825185
2254	0.89270945332073
2255	0.9123448895733
2256	0
2257	0.0260654873784339
2258	0.0519726495065315
2259	0.077720434456792
2260	0.103307869257657
2261	0.128734057320828
2262	0.153998175940825
2263	0.179099473864854
2264	0.2040372689311
2265	0.228810945773602
2266	0.253419953591927
2267	0.277863803983905
2268	0.302142068839732
2269	0.326254378295777
2270	0.350200418746513
2271	0.373979930912977
2272	0.397592707966271
2273	0.421038593704584
2274	0.444317480782331
2275	0.467429308989971
2276	0.490374063583157
2277	0.513151773659878
2278	0.535762510584297
2279	0.558206386456026
2280	0.580483552623608
2281	0.602594198241005
2282	0.624538548865934
2283	0.646316865098918
2284	0.667929441261938
2285	0.689376604115624
2286	0.710658711613931
2287	0.731776151695283
2288	0.752729341109196
2289	0.773518724277415
2290	0.794144772188618
2291	0.814607981325787
2292	0.834908872625334
2293	0.855047990467146
2294	0.875025901694666
2295	0.894843194664232
2296	0.91450047832283
2297	0
2298	0.0261037422108821
2299	0.0520478936158266
2300	0.0778314379774458
2301	0.103453437056202
2302	0.128913028063001
2303	0.154209421183359
2304	0.179341897171244
2305	0.204309805010701
2306	0.229112559643457
2307	0.253749639760726
2308	0.278220585657497
2309	0.302524997147616
2310	0.326662531538039
2311	0.350632901660651
2312	0.374435873960115
2313	0.398071266636232
2314	0.421538947839346
2315	0.444838833917371
2316	0.467970887713032
2317	0.490935116909983
2318	0.513731572426468
2319	0.536360346855248
2320	0.558821572948539
2321	0.58111542214675
2322	0.603242103149821
2323	0.62520186053003
2324	0.646994973385118
2325	0.668621754030662
2326	0.690082546730618
2327	0.711377726465
2328	0.732507697733688
2329	0.753472893395377
2330	0.77427377354072
2331	0.794910824398726
2332	0.815384557275505
2333	0.835695507524491
2334	0.855844233547265
2335	0.875831315824158
2336	0.895657355973809
2337	0.915322975840897
2338	0
2339	0.0261512071020457
2340	0.0521412531531669
2341	0.0779691661986775
2342	0.103634051092984
2343	0.129135086983536
2344	0.154471524865536
2345	0.179642685205512
2346	0.204647955631905
2347	0.229486788690872
2348	0.254158699665548
2349	0.278663264457074
2350	0.303000117525723
2351	0.327168949890499
2352	0.351169507185652
2353	0.375001587772573
2354	0.398665040905558
2355	0.422159764950019
2356	0.445485705651707
2357	0.468642854455572
2358	0.491631246872932
2359	0.514450960895631
2360	0.537102115455927
2361	0.55958486893087
2362	0.581899417689956
2363	0.60404599468491
2364	0.626024868080422
2365	0.647836339924761
2366	0.669480744859157
2367	0.690958448864911
2368	0.712269848047214
2369	0.733415367454659
2370	0.754395459933495
2371	0.775210605015658
2372	0.795861307839676
2373	0.816348098103544
2374	0.836671529048687
2375	0.856832176474183
2376	0.876830637780402
2377	0.89666753104126
2378	0.916343494104314
2379	0
2380	0.0262101818111411
2381	0.0522572515557957
2382	0.0781402923001445
2383	0.103858462442439
2384	0.129410993235917
2385	0.154797186381454
2386	0.180016411688086
2387	0.205068104799576
2388	0.229951764985251
2389	0.254666952993387
2390	0.279213288965459
2391	0.303590450409614
2392	0.327798170231781
2393	0.351836234822863
2394	0.375704482200498
2395	0.399402800203924
2396	0.422931124740505
2397	0.446289438082548
2398	0.469477767213014
2399	0.492496182218849
2400	0.515344794730607
2401	0.53802375640714
2402	0.560533257464123
2403	0.582873525245231
2404	0.60504482283481
2405	0.627047447710922
2406	0.64888173043766
2407	0.670548033395679
2408	0.692046749549895
2409	0.713378301253343
2410	0.734543139086212
2411	0.755541740729109
2412	0.776374609869593
2413	0.797042275141106
2414	0.817545289093393
2415	0.837884227193553
2416	0.858059686856901
2417	0.878072286506806
2418	0.897922664662722
2419	0.917611479055639
2420	0
2421	0.0262505803933025
2422	0.0523367122444716
2423	0.0782575163098275
2424	0.104012187665979
2425	0.129599993259428
2426	0.155020269525218
2427	0.18027242007276
2428	0.20535591343705
2429	0.230270280893505
2430	0.255015114334722
2431	0.279590064207484
2432	0.303994837508393
2433	0.328229195836566
2434	0.35229295350184
2435	0.376185975686992
2436	0.399908176662535
2437	0.423459518052654
2438	0.446840007150901
2439	0.470049695284325
2440	0.493088676224707
2441	0.515957084645636
2442	0.538655094624181
2443	0.561182918185968
2444	0.583540803892457
2445	0.605729035469306
2446	0.627747930474684
2447	0.649597839006464
2448	0.671279142447235
2449	0.692792252246101
2450	0.714137608736273
2451	0.735315679987479
2452	0.756326960692239
2453	0.777171971085089
2454	0.797851255893847
2455	0.818365383322055
2456	0.838714944061745
2457	0.858900550335683
2458	0.878922834968316
2459	0.898782450484607
2460	0.918480068236003
2461	0
2462	0.0262859473076092
2463	0.0524062760562887
2464	0.0783601399981685
2465	0.104146766319903
2466	0.129765453215642
2467	0.155215567528432
2468	0.180496542458204
2469	0.205607875334564
2470	0.230549125452642
2471	0.25531991197031
2472	0.279919911865115
2473	0.30434885794931
2474	0.328606536941448
2475	0.352692787592975
2476	0.376607498868375
2477	0.400350608177408
2478	0.423922099658026
2479	0.447322002508623
2480	0.470550389368262
2481	0.493607374743599
2482	0.516493113481231
2483	0.539207799284246
2484	0.561751663271776
2485	0.584124972580379
2486	0.606328029006136
2487	0.628361167686335
2488	0.650224755819683
2489	0.671919191424002
2490	0.693444902130366
2491	0.714802344012722
2492	0.735992000452003
2493	0.7570143810338
2494	0.777870020478686
2495	0.798559477604293
2496	0.819083334318272
2497	0.839442194641309
2498	0.859636683759348
2499	0.879667447104252
2500	0.899535149462092
2501	0.919240474108341
2502	0
2503	0.0264615124498958
2504	0.0527515982524455
2505	0.0788695749545047
2506	0.104814829140425
2507	0.130586814121018
2508	0.156185047687916
2509	0.181609109931546
2510	0.206858641121035
2511	0.231933339644363
2512	0.256832960007146
2513	0.281557310888473
2514	0.306106253252253
2515	0.33047969851259
2516	0.354677606751707
2517	0.378699984989018
2518	0.402546885499966
2519	0.426218404183271
2520	0.449714678975285
2521	0.47303588831019
2522	0.496182249624777
2523	0.519154017906621
2524	0.541951484284454
2525	0.564574974659614
2526	0.587024848377434
2527	0.609301496937504
2528	0.631405342741737
2529	0.653336837879214
2530	0.675096462946818
2531	0.696684725904666
2532	0.718102160965393
2533	0.739349327516388
2534	0.760426809074039
2535	0.781335212269163
2536	0.802075165862725
2537	0.822647319791042
2538	0.843052344239665
2539	0.863290928745133
2540	0.883363781323862
2541	0.9032716276274
2542	0.923015210123336
2543	0
2544	0.0266420467555679
2545	0.0531066943843105
2546	0.079393428863825
2547	0.105501800687723
2548	0.131431422673873
2549	0.15718196783491
2550	0.182753167309321
2551	0.208144808351488
2552	0.233356732379099
2553	0.258388833076372
2554	0.283241054551593
2555	0.30791338954751
2556	0.332405877703136
2557	0.356718603865594
2558	0.380851696450635
2559	0.404805325850523
2560	0.428579702887998
2561	0.452175077315073
2562	0.475591736355452
2563	0.49883000328938
2564	0.521890236079777
2565	0.54477282603854
2566	0.56747819653191
2567	0.590006801723855
2568	0.612359125356427
2569	0.634535679566082
2570	0.656537003734999
2571	0.678363663376428
2572	0.700016249053139
2573	0.721495375328087
2574	0.742801679746383
2575	0.76393582184774
2576	0.784898482208551
2577	0.805690361512777
2578	0.826312179650873
2579	0.846764674845972
2580	0.867048602806577
2581	0.887164735905039
2582	0.907113862381103
2583	0.926896785569844
2584	0
2585	0.0267398733419187
2586	0.0532991112342684
2587	0.0796772909226431
2588	0.105874051718584
2589	0.131889092872459
2590	0.157722171506903
2591	0.183373100609203
2592	0.208841747081018
2593	0.234128029843908
2594	0.259231917999157
2595	0.284153429040419
2596	0.308892627117775
2597	0.3334496213518
2598	0.357824564196293
2599	0.382017649848348
2600	0.406029112704493
2601	0.429859225861641
2602	0.453508299661644
2603	0.476976680278264
2604	0.500264748345406
2605	0.523372917625507
2606	0.546301633716969
2607	0.569051372799593
2608	0.591622640416961
2609	0.614015970294783
2610	0.636231923194206
2611	0.65827108579914
2612	0.680134069636683
2613	0.701821510029721
2614	0.723334065080837
2615	0.74467241468667
2616	0.765837259581886
2617	0.786829320411957
2618	0.807649336833941
2619	0.828298066644521
2620	0.848776284934531
2621	0.869084783269242
2622	0.889224368893722
2623	0.909195863962544
2624	0.929000104793199
2625	0
2626	0.0271666122358387
2627	0.0541384715430099
2628	0.0809155532961395
2629	0.107497884248126
2630	0.13388554068496
2631	0.160078646633727
2632	0.186077372122338
2633	0.211881931489607
2634	0.237492581744302
2635	0.26290962097184
2636	0.288133386787342
2637	0.313164254833791
2638	0.338002637324057
2639	0.362648981625612
2640	0.387103768886763
2641	0.411367512703281
2642	0.435440757824327
2643	0.459324078896594
2644	0.483018079245638
2645	0.50652338969337
2646	0.529840667410733
2647	0.552970594804597
2648	0.57591387843793
2649	0.598671247982352
2650	0.621243455202163
2651	0.643631272969005
2652	0.665835494306291
2653	0.687856931462618
2654	0.709696415013325
2655	0.731354792989468
2656	0.752832930033412
2657	0.774131706580345
2658	0.795252018064972
2659	0.816194774152707
2660	0.836960897994685
2661	0.857551325505925
2662	0.877967004666018
2663	0.898208894841703
2664	0.918277966130731
2665	0.938175198726419
2666	0
2667	0.0273858792046876
2668	0.0545697516379156
2669	0.0815517972409603
2670	0.108332241841829
2671	0.13491135545495
2672	0.161289450630241
2673	0.187466880850222
2674	0.213444038973857
2675	0.239221355725875
2676	0.264799298230313
2677	0.290178368587098
2678	0.315359102490488
2679	0.340342067888229
2680	0.365127863680329
2681	0.389717118456363
2682	0.41411048927025
2683	0.438308660451502
2684	0.462312342451921
2685	0.48612227072679
2686	0.509739204649616
2687	0.533163926459498
2688	0.556397240240223
2689	0.579439970930237
2690	0.602292963362619
2691	0.624957081334257
2692	0.647433206703398
2693	0.66972223851482
2694	0.691825092151829
2695	0.713742698514382
2696	0.735476003222572
2697	0.757025965844813
2698	0.77839355915001
2699	0.799579768383069
2700	0.820585590563093
2701	0.841412033803635
2702	0.862060116654397
2703	0.88253086746377
2704	0.902825323761648
2705	0.922944531661941
2706	0.94288954528424
2707	0
2708	0.0273985925853456
2709	0.0545947578121038
2710	0.0815886874825883
2711	0.108380618967437
2712	0.134970833513701
2713	0.161359654602097
2714	0.187547446352076
2715	0.213534611973431
2716	0.239321592263165
2717	0.264908864146392
2718	0.290296939260079
2719	0.315486362578464
2720	0.340477711079
2721	0.365271592447747
2722	0.389868643823112
2723	0.414269530576905
2724	0.438474945131684
2725	0.462485605813406
2726	0.486302255738406
2727	0.509925661733778
2728	0.533356613290232
2729	0.556595921546541
2730	0.579644418304711
2731	0.602502955075033
2732	0.625172402150186
2733	0.647653647707603
2734	0.669947596939314
2735	0.692055171208511
2736	0.713977307232098
2737	0.735714956288509
2738	0.757269083450091
2739	0.778640666839376
2740	0.799830696908581
2741	0.820840175741689
2742	0.841670116378484
2743	0.86232154215993
2744	0.882795486094307
2745	0.903092990243508
2746	0.923215105128959
2747	0.94316288915659
2748	0
2749	0.0274510881764029
2750	0.0546980123224032
2751	0.081741013216443
2752	0.108580375890536
2753	0.135216427973043
2754	0.161649538079691
2755	0.187880114251543
2756	0.213908602438621
2757	0.239735485027969
2758	0.265361279414919
2759	0.290786536616412
2760	0.316011839925206
2761	0.341037803603872
2762	0.365865071617486
2763	0.390494316403965
2764	0.414926237681013
2765	0.439161561288685
2766	0.463201038066587
2767	0.487045442764767
2768	0.510695572987376
2769	0.534152248168195
2770	0.55741630857716
2771	0.58048861435703
2772	0.603370044589366
2773	0.62606149638902
2774	0.648563884026349
2775	0.670878138076387
2776	0.693005204594224
2777	0.714946044315884
2778	0.73670163188399
2779	0.758272955097515
2780	0.77966101418498
2781	0.800866821100427
2782	0.821891398841536
2783	0.842735780789288
2784	0.863401010068551
2785	0.883888138929023
2786	0.904198228145955
2787	0.924332346440108
2788	0.944291569916401
2789	0
2790	0.0274986417650608
2791	0.0547915463204202
2792	0.0818789988099729
2793	0.108761327440206
2794	0.135438901854391
2795	0.161912131554203
2796	0.188181464367474
2797	0.214247384960839
2798	0.24011041339604
2799	0.265771103728711
2800	0.291230042648484
2801	0.316487848159284
2802	0.34154516829873
2803	0.366402679895561
2804	0.391061087364063
2805	0.415521121534467
2806	0.43978353851836
2807	0.463849118608119
2808	0.487718665209467
2809	0.511393003806219
2810	0.53487298095635
2811	0.558159463318515
2812	0.581253336708187
2813	0.604155505182603
2814	0.626866890153717
2815	0.649388429528389
2816	0.671721076875064
2817	0.693865800616206
2818	0.715823583245769
2819	0.737595420571027
2820	0.759182320978068
2821	0.780585304720316
2822	0.801805403229425
2823	0.822843658447934
2824	0.843701122183072
2825	0.864378855481131
2826	0.884877928021813
2827	0.905199417532028
2828	0.925344409218563
2829	0.94531399521912
2830	0
2831	0.0275543607760005
2832	0.0549011410325299
2833	0.082040677896923
2834	0.108973350163625
2835	0.135699576705197
2836	0.162219814929779
2837	0.188534559283759
2838	0.214644339798409
2839	0.24054972067929
2840	0.266251298937274
2841	0.291749703060038
2842	0.317045591722925
2843	0.342139652538113
2844	0.36703260084102
2845	0.391725178512959
2846	0.416218152839021
2847	0.440512315400243
2848	0.464608480999108
2849	0.488507486617476
2850	0.512210190406043
2851	0.535717470704468
2852	0.559030225091328
2853	0.582149369463073
2854	0.605075837141188
2855	0.627810578006778
2856	0.650354557661828
2857	0.672708756616394
2858	0.694874169501011
2859	0.716851804303616
2860	0.738642681630314
2861	0.76024783398932
2862	0.781668305097433
2863	0.802905149208422
2864	0.823959430462702
2865	0.844832222257722
2866	0.865524606638478
2867	0.886037673707588
2868	0.906372521054383
2869	0.926530253202495
2870	0.946511981075394
2871	0
2872	0.0276317156063777
2873	0.055053291622113
2874	0.0822651373432704
2875	0.109267701795673
2876	0.136061472197014
2877	0.162646972464094
2878	0.189024761763947
2879	0.215195433107672
2880	0.241159611985796
2881	0.266917955044047
2882	0.292471148798422
2883	0.31781990838849
2884	0.342964976367874
2885	0.367907121530909
2886	0.392647137774465
2887	0.417185842993997
2888	0.441524078012861
2889	0.465662705543999
2890	0.489602609183101
2891	0.513344692432365
2892	0.536889877754038
2893	0.560239105652896
2894	0.583393333786876
2895	0.606353536105084
2896	0.629120702012415
2897	0.651695835560059
2898	0.674079954661173
2899	0.696274090331014
2900	0.718279285950875
2901	0.740096596555138
2902	0.761727088140819
2903	0.783171836998976
2904	0.80443192906737
2905	0.825508459303779
2906	0.846402531079404
2907	0.867115255591793
2908	0.887647751296738
2909	0.908001143358624
2910	0.928176563118693
2911	0.948175147580745
2912	0
2913	0.0276617717638567
2914	0.0551124096120141
2915	0.0823523508816388
2916	0.109382071886899
2917	0.136202086400936
2918	0.162812944182436
2919	0.189215229545588
2920	0.215409559972253
2921	0.241396584765183
2922	0.26717698374118
2923	0.2927514659631
2924	0.31812076850964
2925	0.343285655281881
2926	0.368246915845573
2927	0.393005364308193
2928	0.417561838229809
2929	0.441917197566843
2930	0.466072323647808
2931	0.490028118180158
2932	0.513785502287383
2933	0.537345415575524
2934	0.560708815228299
2935	0.583876675130038
2936	0.606849985015675
2937	0.629629749647043
2938	0.652216988014739
2939	0.674612732564865
2940	0.696818028449935
2941	0.718833932803299
2942	0.74066151403642
2943	0.76230185115836
2944	0.783756033116881
2945	0.805025158160532
2946	0.826110333221154
2947	0.847012673316225
2948	0.867733300970493
2949	0.888273345656354
2950	0.908633943252456
2951	0.928816235520006
2952	0.948821369596293
2953	0
2954	0.0276997350529002
2955	0.0551870802794092
2956	0.082462508434809
2957	0.109526530300593
2958	0.13637969319152
2959	0.163022579506607
2960	0.18945580532288
2961	0.215680019030692
2962	0.241695900009508
2963	0.267504157343018
2964	0.293105528572532
2965	0.318500778487591
2966	0.343690697952791
2967	0.368676102769815
2968	0.39345783257372
2969	0.418036749762532
2970	0.442413738459234
2971	0.46658970350527
2972	0.490565569484676
2973	0.514342279778017
2974	0.537920795645296
2975	0.561302095337043
2976	0.584487173232796
2977	0.607477039006234
2978	0.630272716816208
2979	0.652875244522963
2980	0.675285672928848
2981	0.697505065042845
2982	0.719534495368236
2983	0.741375049212785
2984	0.763027822020792
2985	0.784493918726431
2986	0.805774453127744
2987	0.826870547280753
2988	0.847783330913101
2989	0.868513940856678
2990	0.88906352049872
2991	0.909433219250829
2992	0.929624192035445
2993	0.949637598789252
2994	0
2995	0.0279390628976311
2996	0.0556578184673406
2997	0.0831569627469951
2998	0.110437223806707
2999	0.13749936041401
3000	0.164344160738832
3001	0.190972441097183
3002	0.217385044732494
3003	0.243582840633574
3004	0.269566722388185
3005	0.295337607071264
3006	0.320896434166819
3007	0.346244164522609
3008	0.371381779336661
3009	0.396310279174795
3010	0.421030683018264
3011	0.445544027340699
3012	0.469851365213547
3013	0.493953765439208
3014	0.517852311711109
3015	0.541548101799975
3016	0.565042246765554
3017	0.588335870193108
3018	0.611430107453975
3019	0.634326104989522
3020	0.657025019617858
3021	0.679528017862657
3022	0.701836275303473
3023	0.723950975946967
3024	0.745873311618427
3025	0.767604481373046
3026	0.789145690926383
3027	0.810498152103478
3028	0.831663082306086
3029	0.852641703997534
3030	0.873435244204696
3031	0.8940449340366
3032	0.914472008219201
3033	0.934717704645865
3034	0.954783263943112
3035	0
3036	0.0281285226556678
3037	0.0560304702299653
3038	0.0837067155185636
3039	0.11115815860436
3040	0.13838572564783
3041	0.165390367713889
3042	0.192173059634289
3043	0.21873479890453
3044	0.245076604614389
3045	0.271199516411094
3046	0.297104593494277
3047	0.32279291364181
3048	0.348265572265684
3049	0.373523681497092
3050	0.398568369299912
3051	0.423400778611808
3052	0.448022066512172
3053	0.472433403416175
3054	0.496635972294195
3055	0.520630967915918
3056	0.544419596118421
3057	0.568003073097581
3058	0.591382624722141
3059	0.61455948586982
3060	0.637534899784831
3061	0.660310117456223
3062	0.682886397016455
3063	0.705265003159639
3064	0.72744720657889
3065	0.749434283422259
3066	0.771227514766713
3067	0.792828186109658
3068	0.814237586877511
3069	0.835457009950832
3070	0.856487751205555
3071	0.877331109069853
3072	0.897988384096198
3073	0.918460878548181
3074	0.938749896001669
3075	0.958856740959899
3076	0
3077	0.0282187067574488
3078	0.0562078549413027
3079	0.0839684014851206
3080	0.111501328351027
3081	0.138807641379646
3082	0.165888369174993
3083	0.192744562023357
3084	0.219377290845254
3085	0.245787646179514
3086	0.271976737198639
3087	0.29794569075456
3088	0.323695650453945
3089	0.349227775762254
3090	0.374543241135733
3091	0.399643235180584
3092	0.424528959838543
3093	0.449201629598144
3094	0.47366247073095
3095	0.497912720552054
3096	0.521953626704177
3097	0.545786446464698
3098	0.569412446074988
3099	0.592832900091407
3100	0.61604909075737
3101	0.639062307395888
3102	0.661873845822
3103	0.684485007774558
3104	0.706897100366791
3105	0.729111435555145
3106	0.751129329625863
3107	0.772952102698821
3108	0.794581078248114
3109	0.816017582638929
3110	0.837262944680238
3111	0.858318495192863
3112	0.879185566592469
3113	0.899865492487068
3114	0.920359607288613
3115	0.94066924583828
3116	0.960795743045043
3117	0
3118	0.0282516981211915
3119	0.056272746240529
3120	0.0840641320710947
3121	0.111626867528268
3122	0.138961987601455
3123	0.16607054926021
3124	0.192953630393782
3125	0.219612328783201
3126	0.24604776110496
3127	0.272261061965465
3128	0.298253382965371
3129	0.324025891792995
3130	0.349579771345987
3131	0.374916218880497
3132	0.400036445187044
3133	0.424941673792376
3134	0.449633140186576
3135	0.474112091074727
3136	0.498379783652435
3137	0.52243748490456
3138	0.546286470926498
3139	0.569928026267379
3140	0.593363443294585
3141	0.616594021578963
3142	0.639621067300179
3143	0.662445892671626
3144	0.685069815384348
3145	0.707494158069438
3146	0.729720247778391
3147	0.751749415480902
3148	0.773582995579615
3149	0.795222325441349
3150	0.81666874494432
3151	0.837923596040919
3152	0.858988222335588
3153	0.879863968677379
3154	0.900552180766761
3155	0.921054204776277
3156	0.941371386984653
3157	0.961505073423963
3158	0
3159	0.0283029661376364
3160	0.0563735862125232
3161	0.0842128957685969
3162	0.111821953268083
3163	0.1392018389971
3164	0.166353654004762
3165	0.193278519074852
3166	0.219977573729176
3167	0.246451975261712
3168	0.272702897802717
3169	0.298731531411942
3170	0.324539081200174
3171	0.350126766478292
3172	0.375495819933102
3173	0.400647486829175
3174	0.425583024236
3175	0.45030370027971
3176	0.474810793418726
3177	0.499105591742634
3178	0.523189392293649
3179	0.547063500410041
3180	0.57072922909089
3181	0.5941878983816
3182	0.617440834779552
3183	0.640489370659367
3184	0.663334843717197
3185	0.685978596433523
3186	0.708421975553935
3187	0.730666331587375
3188	0.75271301832137
3189	0.774563392353747
3190	0.796218812640376
3191	0.817680640058493
3192	0.838950236985134
3193	0.860028966890273
3194	0.880918193944231
3195	0.901619282638949
3196	0.922133597422726
3197	0.942462502348044
3198	0.962607360732089
3199	0
3200	0.0288115355716996
3201	0.0573739004638692
3202	0.085688604693851
3203	0.113757168460156
3204	0.141581121384074
3205	0.169162001775982
3206	0.196501355925637
3207	0.223600737415807
3208	0.25046170645856
3209	0.277085829253583
3210	0.303474677367904
3211	0.329629827136424
3212	0.355552859082651
3213	0.381245357359079
3214	0.406708909206647
3215	0.431945104432739
3216	0.456955534907188
3217	0.481741794075791
3218	0.506305476490808
3219	0.530648177357978
3220	0.554771492099572
3221	0.578677015933025
3222	0.602366343464694
3223	0.62584106829831
3224	0.649102782657701
3225	0.672153077023371
3226	0.694993539782526
3227	0.717625756892178
3228	0.740051311554924
3229	0.762271783907036
3230	0.784288750718515
3231	0.806103785104742
3232	0.827718456249398
3233	0.849134329138315
3234	0.870352964303932
3235	0.891375917580063
3236	0.912204739866639
3237	0.932840976904165
3238	0.953286169057564
3239	0.97354185110917
3240	0
3241	0.0288998322140318
3242	0.0575475726976984
3243	0.0859448138453108
3244	0.11409315602096
3245	0.141994206858464
3246	0.169649580584482
3247	0.197060897364129
3248	0.224229782668476
3249	0.25115786666329
3250	0.277846783618441
3251	0.304298171337365
3252	0.330513670606029
3253	0.356494924660838
3254	0.382243578674941
3255	0.407761279262419
3256	0.433049673999833
3257	0.458110410964649
3258	0.482945138290036
3259	0.507555503735592
3260	0.531943154273513
3261	0.55610973568978
3262	0.580056892199922
3263	0.603786266078931
3264	0.627299497304921
3265	0.650598223216135
3266	0.673684078180906
3267	0.696558693280197
3268	0.71922369600235
3269	0.741680709949692
3270	0.763931354556637
3271	0.785977244818969
3272	0.807819991033945
3273	0.829461198550925
3274	0.850902467532209
3275	0.872145392723765
3276	0.893191563235574
3277	0.914042562331292
3278	0.934699967226951
3279	0.955165348898434
3280	0.975440271897453
3281	0
3282	0.0289951084618717
3283	0.0577349732415484
3284	0.0862212756219825
3285	0.114455702469712
3286	0.142439945597757
3287	0.170175701150033
3288	0.197664669006655
3289	0.224908552209567
3290	0.251909056407884
3291	0.278667889322419
3292	0.305186760228818
3293	0.331467379458795
3294	0.357511457918931
3295	0.383320706626547
3296	0.408896836262147
3297	0.434241556737965
3298	0.459356576782154
3299	0.484243603538144
3300	0.508904342178762
3301	0.533340495534657
3302	0.557553763736633
3303	0.581545843871476
3304	0.605318429650886
3305	0.628873211093128
3306	0.652211874217029
3307	0.675336100747964
3308	0.698247567835476
3309	0.720947947782172
3310	0.743438907783597
3311	0.765722109678719
3312	0.787799209710744
3313	0.80967185829793
3314	0.831341699814115
3315	0.852810372378669
3316	0.874079507655571
3317	0.895150730661363
3318	0.916025659581683
3319	0.93670590559615
3320	0.957193072711313
3321	0.977488757601452
3322	0
3323	0.0292206651381473
3324	0.0581786246736883
3325	0.086875770324252
3326	0.115313993741986
3327	0.143495186025479
3328	0.171421237249285
3329	0.199094036010554
3330	0.226515468992256
3331	0.253687420542539
3332	0.280611772269734
3333	0.307290402652566
3334	0.333725186665119
3335	0.359917995416131
3336	0.385870695802193
3337	0.411585150174452
3338	0.43706321601841
3339	0.462306745646456
3340	0.487317585902718
3341	0.512097577879915
3342	0.536648556647813
3343	0.560972350992969
3344	0.585070783169413
3345	0.608945668659938
3346	0.632598815947694
3347	0.656032026297767
3348	0.67924709354844
3349	0.702245803911852
3350	0.725029935783762
3351	0.747601259562155
3352	0.769961537474398
3353	0.792112523412711
3354	0.814055962777675
3355	0.835793592329552
3356	0.857327140047153
3357	0.878658324994038
3358	0.899788857191818
3359	0.920720437500324
3360	0.941454757504451
3361	0.961993499407446
3362	0.982338335930446
3363	0
3364	0.0292220239101957
3365	0.0581812972665602
3366	0.0868797130543983
3367	0.115319164159503
3368	0.143501542880976
3369	0.171428740461626
3370	0.199102646635448
3371	0.226525149191683
3372	0.253698133554975
3373	0.280623482381169
3374	0.307303075168283
3375	0.33373878788222
3376	0.359932492596789
3377	0.385886057147611
3378	0.411601344799508
3379	0.437080213926979
3380	0.462324517707372
3381	0.487336103826386
3382	0.512116814195533
3383	0.536668484681197
3384	0.560992944844969
3385	0.585092017694896
3386	0.60896751944733
3387	0.632621259299065
3388	0.656055039209438
3389	0.67927065369211
3390	0.702269889616221
3391	0.725054526016647
3392	0.74762633391307
3393	0.769987076137607
3394	0.792138507170722
3395	0.814082372985179
3396	0.835820410897782
3397	0.857354349428663
3398	0.878685908167885
3399	0.899816797649136
3400	0.920748719230284
3401	0.941483364980592
3402	0.962022417574368
3403	0.982367550190864
3404	0
3405	0.0293962584287402
3406	0.0585240022352487
3407	0.0873852869581411
3408	0.115982163672819
3409	0.144316678619402
3410	0.172390872845231
3411	0.200206781861503
3412	0.227766435313629
3413	0.255071856664904
3414	0.282125062893105
3415	0.308928064199615
3416	0.335482863730721
3417	0.361791457310703
3418	0.387855833186383
3419	0.413677971782763
3420	0.43925984546945
3421	0.464603418337513
3422	0.489710645986476
3423	0.514583475321138
3424	0.539223844357904
3425	0.563633682040363
3426	0.587814908063809
3427	0.611769432708439
3428	0.635499156680961
3429	0.659005970964353
3430	0.682291756675511
3431	0.70535838493056
3432	0.728207716717564
3433	0.750841602776423
3434	0.773261883485726
3435	0.795470388756331
3436	0.817468937931473
3437	0.839259339693184
3438	0.860843391974823
3439	0.882222881879524
3440	0.90339958560437
3441	0.924375268370105
3442	0.945151684356213
3443	0.965730576641171
3444	0.986113677147728
3445	0
3446	0.0294117962615626
3447	0.0585545638745573
3448	0.0874303728737296
3449	0.116041288441465
3450	0.14438937054599
3451	0.172476673593868
3452	0.200305246096369
3453	0.227877130349312
3454	0.255194362125961
3455	0.282258970382612
3456	0.309072976976474
3457	0.335638396395487
3458	0.361957235499714
3459	0.388031493273968
3460	0.413863160591328
3461	0.439454219987221
3462	0.464806645443746
3463	0.489922402183935
3464	0.514803446475644
3465	0.539451725444782
3466	0.563869176897597
3467	0.588057729151726
3468	0.612019300875766
3469	0.635755800937066
3470	0.659269128257528
3471	0.682561171677127
3472	0.705633809824936
3473	0.728488910997418
3474	0.751128333043738
3475	0.773553923257899
3476	0.79576751827747
3477	0.817770943988695
3478	0.839566015437791
3479	0.86115453674823
3480	0.882538301043806
3481	0.903719090377312
3482	0.924698675664637
3483	0.94547881662411
3484	0.966061261720913
3485	0.986447748116404
3486	0
3487	0.0294329722995178
3488	0.0585962153996685
3489	0.08749181909153
3490	0.116121867783467
3491	0.14448844015332
3492	0.172593608814531
3493	0.200439439995775
3494	0.228027993233723
3495	0.25536132107852
3496	0.282441468811621
3497	0.309270474175604
3498	0.335850367115601
3499	0.362183169532006
3500	0.388270895044115
3501	0.41411554876437
3502	0.439719127082884
3503	0.465083617461939
3504	0.49021099824015
3505	0.515103238446
3506	0.539762297620464
3507	0.564190125648433
3508	0.588388662598679
3509	0.612359838572085
3510	0.636105573557896
3511	0.659627777297727
3512	0.682928349157098
3513	0.706009178004258
3514	0.728872142096057
3515	0.751519108970663
3516	0.773951935346888
3517	0.796172467029925
3518	0.818182538823287
3519	0.839983974446747
3520	0.861578586460091
3521	0.882968176192485
3522	0.904154533677293
3523	0.925139437592141
3524	0.945924655204082
3525	0.966511942319674
3526	0.986903043239818
3527	0
3528	0.0294711913174085
3529	0.0586713890646743
3530	0.0876027186895752
3531	0.11626729929998
3532	0.144667243341291
3533	0.172804656287152
3534	0.200681636343037
3535	0.228300274162315
3536	0.255662652574447
3537	0.282770846324925
3538	0.309626921826617
3539	0.336232936922166
3540	0.362590940657112
3541	0.388702973063415
3542	0.414571064953057
3543	0.440197237721422
3544	0.465583503160145
3545	0.490731863279159
3546	0.515644310137632
3547	0.540322825683542
3548	0.564769381601607
3549	0.588985939169321
3550	0.612974449120838
3551	0.636736851518457
3552	0.660275075631474
3553	0.683591039822166
3554	0.706686651438683
3555	0.729563806714628
3556	0.752224390675105
3557	0.774670277049047
3558	0.796903328187597
3559	0.818925394988365
3560	0.840738316825364
3561	0.862343921484441
3562	0.883744025104016
3563	0.904940432120972
3564	0.925934935221508
3565	0.946729315296793
3566	0.967325341403274
3567	0.987724770727465
3568	0
3569	0.0295762692417361
3570	0.0588780687000724
3571	0.08790762185597
3572	0.116667143218805
3573	0.145158838073233
3574	0.173384902237508
3575	0.201347521832893
3576	0.229048873063843
3577	0.256491122008621
3578	0.28367642442003
3579	0.310606925535951
3580	0.337284759899388
3581	0.363712051187724
3582	0.389890912050898
3583	0.415823443958239
3584	0.441511737053673
3585	0.466957870019046
3586	0.492163909945314
3587	0.51713191221134
3588	0.541863920370071
3589	0.566361966041847
3590	0.590628068814624
3591	0.614664236150887
3592	0.638472463301034
3593	0.66205473322303
3594	0.685413016508116
3595	0.708549271312388
3596	0.731465443294045
3597	0.754163465556125
3598	0.77664525859454
3599	0.79891273025124
3600	0.820967775672342
3601	0.842812277271032
3602	0.864448104695115
3603	0.885877114799014
3604	0.907101151620109
3605	0.928122046359231
3606	0.948941617365183
3607	0.969561670123158
3608	0.98998399724689
3609	0
3610	0.0300553501758311
3611	0.059820381497156
3612	0.0892977644068398
3613	0.118490148377581
3614	0.147400161975301
3615	0.176030412925695
3616	0.204383488183787
3617	0.232461954006404
3618	0.260268356027402
3619	0.287805219335562
3620	0.315075048555016
3621	0.34208032792811
3622	0.368823521400577
3623	0.395307072708931
3624	0.42153340546997
3625	0.447504923272296
3626	0.473224009769752
3627	0.49869302877668
3628	0.523914324364923
3629	0.548890220962465
3630	0.573623023453641
3631	0.598115017280827
3632	0.622368468547531
3633	0.646385624122811
3634	0.670168711746941
3635	0.69371994013826
3636	0.717041499101123
3637	0.740135559634902
3638	0.763004274043953
3639	0.785649776048504
3640	0.808074180896388
3641	0.830279585475568
3642	0.852268068427397
3643	0.874041690260558
3644	0.895602493465626
3645	0.916952502630202
3646	0.93809372455457
3647	0.959028148367829
3648	0.979757745644449
3649	1.00028447052121
3650	0
3651	0.0300797073208662
3652	0.0598682899982747
3653	0.0893684411992591
3654	0.118582832510661
3655	0.147514114018617
3656	0.176164914390768
3657	0.204537840961091
3658	0.232635479817219
3659	0.260460395890147
3660	0.288015133046213
3661	0.31530221418125
3662	0.342324141316807
3663	0.369083395698336
3664	0.395582437895255
3665	0.421823707902792
3666	0.447809625245514
3667	0.473542589082466
3668	0.499024978313825
3669	0.524259151688986
3670	0.549247447916013
3671	0.573992185772367
3672	0.598495664216833
3673	0.622760162502592
3674	0.646787940291345
3675	0.670581237768442
3676	0.694142275758937
3677	0.717473255844506
3678	0.740576360481182
3679	0.763453753117824
3680	0.786107578315281
3681	0.808539961866191
3682	0.830753010915354
3683	0.85274881408064
3684	0.874529441574366
3685	0.896096945325106
3686	0.917453359099889
3687	0.938600698626721
3688	0.959540961717409
3689	0.980276128390635
3690	1.00080816099524
3691	0
3692	0.0300905041838859
3693	0.0598895265398854
3694	0.089399770308041
3695	0.118623916877796
3696	0.147564625874613
3697	0.176224535249134
3698	0.204606261368772
3699	0.232712399111621
3700	0.260545521962574
3701	0.288108182111552
3702	0.315402910553739
3703	0.342432217191723
3704	0.369198590939453
3705	0.395704499827918
3706	0.421952391112459
3707	0.447944691381628
3708	0.473683806667504
3709	0.499172122557406
3710	0.524412004306892
3711	0.549405796953999
3712	0.574155825434633
3713	0.598664394699038
3714	0.622933789829289
3715	0.64696627615772
3716	0.670764099386246
3717	0.694329485706499
3718	0.717664641920724
3719	0.740771755563381
3720	0.763652995023384
3721	0.786310509666938
3722	0.808746429960906
3723	0.83096286759667
3724	0.852961915614415
3725	0.874745648527818
3726	0.896316122449064
3727	0.917675375214172
3728	0.938825426508566
3729	0.959768277992863
3730	0.980505913428835
3731	1.0010402988055
3732	0
3733	0.0301043180458751
3734	0.0599166972703469
3735	0.0894398538011969
3736	0.118676481569639
3737	0.147629252406066
3738	0.176300816138095
3739	0.204693800690816
3740	0.232810812189126
3741	0.260654435062058
3742	0.288227232149
3743	0.31553174480771
3744	0.342570493024038
3745	0.36934597552326
3746	0.395860669882947
3747	0.422117032647267
3748	0.448117499442662
3749	0.473864485094803
3750	0.499360383746755
3751	0.524607568978277
3752	0.54960839392618
3753	0.57436519140569
3754	0.59888027403272
3755	0.623155934347021
3756	0.647194444936125
3757	0.670998058560021
3758	0.694569008276517
3759	0.717909507567226
3760	0.741021750464114
3761	0.763907911676566
3762	0.786570146718917
3763	0.809010592038388
3764	0.831231365143403
3765	0.853234564732208
3766	0.875022270821778
3767	0.89659654487695
3768	0.917959429939742
3769	0.939112950758828
3770	0.96005911391912
3771	0.980799907971423
3772	1.00133730356213
3773	0
3774	0.0301161585967266
3775	0.0599399866600885
3776	0.0894742113645918
3777	0.118721537391629
3778	0.147684647033046
3779	0.176366200296809
3780	0.20476883501467
3781	0.232895166951724
3782	0.260747789917771
3783	0.28832927588039
3784	0.315642175079618
3785	0.342689016144172
3786	0.369472306209109
3787	0.395994531034847
3788	0.422258155127475
3789	0.448265621860261
3790	0.474019353596303
3791	0.499521751812225
3792	0.52477519722287
3793	0.549782049906917
3794	0.574544649433345
3795	0.599065314988699
3796	0.623346345505079
3797	0.647390019788803
3798	0.67119859664969
3799	0.694774315030892
3800	0.718119394139241
3801	0.74123603357604
3802	0.764126413468266
3803	0.786792694600118
3804	0.809237018544887
3805	0.831461507797071
3806	0.853468265904724
3807	0.875259377601973
3808	0.896836908941677
3809	0.918202907428178
3810	0.939359402150115
3811	0.960308403913258
3812	0.981051905373332
3813	1.00159188116879
3814	0
3815	0.030214130054576
3816	0.0601326884603696
3817	0.0897584937950428
3818	0.119094339689449
3819	0.148142994995929
3820	0.17690720395701
3821	0.205389686374453
3822	0.233593137778579
3823	0.261520229597838
3824	0.289173609328558
3825	0.31655590070482
3826	0.343669703868424
3827	0.370517595538883
3828	0.397102129183408
3829	0.423425835186848
3830	0.44949122102152
3831	0.475300771416916
3832	0.500856948529226
3833	0.52616219211065
3834	0.551218919678463
3835	0.576029526683796
3836	0.60059638668009
3837	0.624921851491215
3838	0.649008251379195
3839	0.672857895211526
3840	0.696473070628058
3841	0.719856044207405
3842	0.743009061632861
3843	0.765934347857799
3844	0.788634107270532
3845	0.811110523858591
3846	0.833365761372435
3847	0.855401963488534
3848	0.87722125397183
3849	0.898825736837544
3850	0.920217496512314
3851	0.941398597994651
3852	0.962371087014684
3853	0.983136990193188
3854	1.00369831519988
3855	0
3856	0.0302770284000992
3857	0.0602564043331664
3858	0.0899410050583145
3859	0.119333681312558
3860	0.148437257520669
3861	0.177254532004337
3862	0.205788277190629
3863	0.234041239819687
3864	0.262016141151664
3865	0.289715677172861
3866	0.317142518801038
3867	0.344299312089883
3868	0.371188678432604
3869	0.39781321476464
3870	0.424175493765449
3871	0.450278064059379
3872	0.476123450415572
3873	0.501714153946913
3874	0.527052652307991
3875	0.552141399892051
3876	0.576982828026946
3877	0.601579345170039
3878	0.625933337102076
3879	0.650047167119995
3880	0.673923176228665
3881	0.697563683331547
3882	0.720970985420264
3883	0.744147357763061
3884	0.767095054092169
3885	0.789816306790032
3886	0.81231332707442
3887	0.834588305182398
3888	0.856643410553155
3889	0.87848079200968
3890	0.900102577939291
3891	0.921510876472995
3892	0.942707775663684
3893	0.963695343663163
3894	0.984475628898003
3895	1.00505066024422
3896	0
3897	0.0305317854530673
3898	0.060757490504781
3899	0.0906802300916258
3900	0.120303086247599
3901	0.149629108482378
3902	0.178661314154396
3903	0.207402688838894
3904	0.235856186691057
3905	0.264024730804294
3906	0.291911213563758
3907	0.319518496995175
3908	0.346849413109064
3909	0.373906764240425
3910	0.400693323383967
3911	0.427211834524945
3912	0.453465012965684
3913	0.479455545647857
3914	0.50518609147058
3915	0.530659281604409
3916	0.555877719801271
3917	0.580843982700437
3918	0.605560620130558
3919	0.630030155407857
3920	0.654255085630522
3921	0.678237881969363
3922	0.70198098995479
3923	0.725486829760175
3924	0.748757796481647
3925	0.771796260414373
3926	0.794604567325396
3927	0.817185038723059
3928	0.839539972123082
3929	0.861671641311343
3930	0.883582296603402
3931	0.905274165100834
3932	0.926749450944398
3933	0.948010335564111
3934	0.969058977926255
3935	0.989897514777373
3936	1.0105280608853
3937	0
3938	0.030588665655853
3939	0.0608693691857536
3940	0.0908452785929691
3941	0.120519527553714
3942	0.149895215832901
3943	0.178975409693806
3944	0.207763142301764
3945	0.236261414121999
3946	0.264473193311706
3947	0.292401416106466
3948	0.320048987201127
3949	0.347418780125227
3950	0.374513637613062
3951	0.401336371968505
3952	0.427889765424657
3953	0.454176570498425
3954	0.480199510340121
3955	0.505961279078164
3956	0.531464542158976
3957	0.556711936682149
3958	0.581706071730971
3959	0.606449528698393
3960	0.630944861608505
3961	0.655194597433614
3962	0.679201236406981
3963	0.702967252331314
3964	0.726495092883061
3965	0.749787179912601
3966	0.772845909740383
3967	0.795673653449093
3968	0.818272757171908
3969	0.840645542376905
3970	0.862794306147691
3971	0.884721321460309
3972	0.906428837456497
3973	0.927919079713337
3974	0.949194250509372
3975	0.970256529087247
3976	0.991108071912912
3977	1.01175101293147
3978	0
3979	0.0306470256967977
3980	0.0609841585866811
3981	0.0910146211203253
3982	0.120741599959726
3983	0.150168246432506
3984	0.179297676979132
3985	0.208132973593171
3986	0.236677184254726
3987	0.264933323357186
3988	0.292904372127411
3989	0.320593279039481
3990	0.348002960222142
3991	0.375136299860044
3992	0.401996150588924
3993	0.428585333884811
3994	0.454906640447398
3995	0.480962830577666
3996	0.50675663454989
3997	0.532290752978105
3998	0.557567857177163
3999	0.582590589518462
4000	0.60736156378045
4001	0.631883365494003
4002	0.656158552282775
4003	0.680189654198591
4004	0.703979174052007
4005	0.727529587738089
4006	0.750843344557525
4007	0.773922867533139
4008	0.796770553721892
4009	0.819388774522451
4010	0.841779875978414
4011	0.863946179077247
4012	0.885889980045031
4013	0.907613550637077
4014	0.929119138424494
4015	0.950408967076767
4016	0.971485236640423
4017	0.992350123813856
4018	1.01300578221837
4019	0
4020	0.0307230147858072
4021	0.0611336228753145
4022	0.0912351176137485
4023	0.121030754654509
4024	0.150523752463684
4025	0.179717292816151
4026	0.208614521283445
4027	0.237218547713556
4028	0.265532446702817
4029	0.293559258060058
4030	0.32130198726316
4031	0.348763605908186
4032	0.375947052151215
4033	0.402855231143049
4034	0.429491015456914
4035	0.455857245509312
4036	0.481956729974146
4037	0.507792246190264
4038	0.533366540562537
4039	0.558682328956616
4040	0.583742297087476
4041	0.60854910090188
4042	0.633105366954871
4043	0.657413692780419
4044	0.681476647256328
4045	0.705296770963514
4046	0.728876576539773
4047	0.752218549028127
4048	0.775325146219863
4049	0.798198798992368
4050	0.82084191164185
4051	0.84325686221105
4052	0.865446002812026
4053	0.887411659944126
4054	0.909156134807211
4055	0.930681703610236
4056	0.951990617875271
4057	0.973085104737041
4058	0.993967367238076
4059	1.01463958461954
4060	0
4061	0.0308033492195932
4062	0.0612916340997562
4063	0.0914682229342868
4064	0.12133644431318
4065	0.15089958768022
4066	0.180160903880766
4067	0.209123605699951
4068	0.23779086839149
4069	0.266165830197297
4070	0.294251592858111
4071	0.322051222115307
4072	0.349567748204096
4073	0.376804166338277
4074	0.403763437186729
4075	0.430448487341808
4076	0.45686220977982
4077	0.483007464313737
4078	0.508887078038311
4079	0.534503845767743
4080	0.559860530466068
4081	0.584959863670388
4082	0.609804545907125
4083	0.634397247101405
4084	0.658740606979742
4085	0.682837235466129
4086	0.706689713071703
4087	0.730300591278074
4088	0.753672392914479
4089	0.776807612528863
4090	0.799708716753021
4091	0.822378144661908
4092	0.844818308127236
4093	0.867031592165484
4094	0.889020355280403
4095	0.910786929800155
4096	0.932333622209163
4097	0.953662713474801
4098	0.974776459368996
4099	0.995677090784871
4100	1.0163668140485
4101	0
4102	0.0309225916594673
4103	0.0615261741723248
4104	0.0918142270804373
4105	0.121790187235441
4106	0.151457449435115
4107	0.180819367047889
4108	0.209879252625747
4109	0.238640378505783
4110	0.267105977400663
4111	0.295279242978227
4112	0.323163330430487
4113	0.350761357032231
4114	0.378076402689481
4115	0.405111510478007
4116	0.43186968717213
4117	0.458353903764008
4118	0.484567095973632
4119	0.510512164749706
4120	0.536191976761629
4121	0.561609364882759
4122	0.586767128665152
4123	0.611668034805944
4124	0.636314817605581
4125	0.660710179418034
4126	0.684856791093208
4127	0.708757292411669
4128	0.732414292511893
4129	0.755830370310155
4130	0.779008074913241
4131	0.801949926024119
4132	0.82465841434072
4133	0.847136001947964
4134	0.869385122703189
4135	0.891408182615101
4136	0.913207560216386
4137	0.934785606930114
4138	0.956144647430069
4139	0.977286979995106
4140	0.99821487685769
4141	1.01893058454671
4142	0
4143	0.0310203717191587
4144	0.0617184995081699
4145	0.0920979541334882
4146	0.122162261222438
4147	0.151914901964187
4148	0.181359313797166
4149	0.210498891083229
4150	0.239336985768866
4151	0.267876908033756
4152	0.296121926926936
4153	0.324075270990881
4154	0.351740128873754
4155	0.379119649930092
4156	0.406216944810186
4157	0.433035086038414
4158	0.459577108580759
4159	0.485846010401768
4160	0.511844753011164
4161	0.537576262000368
4162	0.563043427569124
4163	0.588249105042461
4164	0.613196115378207
4165	0.637887245665243
4166	0.662325249612724
4167	0.686512848030438
4168	0.710452729300515
4169	0.734147549840666
4170	0.75759993455913
4171	0.78081247730152
4172	0.803787741289727
4173	0.826528259553063
4174	0.849036535351813
4175	0.871315042593334
4176	0.893366226240894
4177	0.91519250271538
4178	0.936796260290027
4179	0.958179859478333
4180	0.979345633415287
4181	1.00029588823205
4182	1.02103290342424
4183	0
4184	0.0312272552852595
4185	0.0621254224682985
4186	0.0926982653290397
4187	0.122949497326876
4188	0.152882782438335
4189	0.182501735977593
4190	0.211809925400263
4191	0.240810871090815
4192	0.26950804713404
4193	0.297904882070909
4194	0.326004759639198
4195	0.35381101949923
4196	0.381326957945075
4197	0.408555828601556
4198	0.435500843107367
4199	0.462165171784647
4200	0.488551944295299
4201	0.514664250284378
4202	0.540505140010824
4203	0.566077624965848
4204	0.591384678479239
4205	0.616429236313874
4206	0.641214197248693
4207	0.665742423650409
4208	0.690016742034201
4209	0.714039943613642
4210	0.737814784840099
4211	0.761343987931853
4212	0.784630241393159
4213	0.807676200523473
4214	0.830484487917078
4215	0.8530576939533
4216	0.875398377277543
4217	0.897509065273347
4218	0.919392254525647
4219	0.941050411275453
4220	0.962485971866127
4221	0.983701343181438
4222	1.00469890307559
4223	1.02548100079539
4224	0
4225	0.0314321705155424
4226	0.0625284738737519
4227	0.0932928650316465
4228	0.123729243493613
4229	0.153841454284457
4230	0.183633288901755
4231	0.213108486248024
4232	0.242270733543159
4233	0.271123667217634
4234	0.299670873786913
4235	0.327915890707508
4236	0.35586220721514
4237	0.383513265145401
4238	0.41087245973735
4239	0.437943140420436
4240	0.464728611585141
4241	0.491232133337733
4242	0.517456922239485
4243	0.543406152030745
4244	0.569082954340199
4245	0.594490419379669
4246	0.619631596624801
4247	0.644509495481951
4248	0.669127085941599
4249	0.693487299218612
4250	0.717593028379641
4251	0.741447128957969
4252	0.765052419556088
4253	0.788411682436293
4254	0.811527664099562
4255	0.834403075853002
4256	0.857040594366114
4257	0.879442862216134
4258	0.901612488422705
4259	0.923552048972115
4260	0.945264087331345
4261	0.966751114952158
4262	0.988015611765444
4263	1.00906002666606
4264	1.02988677798838
4265	0
4266	0.0315320269677664
4267	0.0627248833029433
4268	0.0935826171243233
4269	0.124109218597163
4270	0.154308620972207
4271	0.184184701602288
4272	0.213741282937053
4273	0.242982133496324
4274	0.271910968822629
4275	0.300531452413371
4276	0.32884719663315
4277	0.356861763606697
4278	0.384578666092882
4279	0.412001368340253
4280	0.439133286924542
4281	0.465977791568562
4282	0.492538205944918
4283	0.518817808461938
4284	0.544819833033221
4285	0.570547469831181
4286	0.596003866024977
4287	0.621192126503186
4288	0.646115314581582
4289	0.670776452696371
4290	0.69517852308322
4291	0.719324468442413
4292	0.743217192590461
4293	0.766859561098474
4294	0.790254401917615
4295	0.813404505991926
4296	0.83631262785882
4297	0.85898148623753
4298	0.88141376460579
4299	0.903612111765018
4300	0.925579142394269
4301	0.947317437593217
4302	0.968829545414409
4303	0.990117981385047
4304	1.01118522901854
4305	1.03203374031604
4306	0
4307	0.0315344930420445
4308	0.062729733868235
4309	0.0935897728981051
4310	0.12411860253589
4311	0.15432015821118
4312	0.184198319397104
4313	0.213756910606605
4314	0.242999702367307
4315	0.271930412175502
4316	0.300552705429753
4317	0.328870196344607
4318	0.356886448844874
4319	0.384604977440961
4320	0.412029248085687
4321	0.439162679013041
4322	0.466008641559296
4323	0.492570460966903
4324	0.518851417171579
4325	0.544854745572972
4326	0.570583637789302
4327	0.59604124239636
4328	0.621230665651209
4329	0.646154972200981
4330	0.670817185777093
4331	0.695220289875231
4332	0.719367228421441
4333	0.743260906424644
4334	0.766904190615899
4335	0.790299910074709
4336	0.81345085684269
4337	0.836359786524879
4338	0.859029418878978
4339	0.881462438392806
4340	0.903661494850242
4341	0.925629203885904
4342	0.94736814752885
4343	0.968880874735525
4344	0.990169901912229
4345	1.01123771342731
4346	1.03208676211337
4347	0
4348	0.0320313532904721
4349	0.0637070171144153
4350	0.0950315054406029
4351	0.126009261778645
4352	0.156644660547913
4353	0.186942008415398
4354	0.216905545603264
4355	0.246539447166854
4356	0.275847824243853
4357	0.304834725275342
4358	0.333504137199406
4359	0.361859986617993
4360	0.38990614093766
4361	0.417646409484852
4362	0.445084544596338
4363	0.472224242685405
4364	0.499069145284407
4365	0.525622840064237
4366	0.551888861831291
4367	0.577870693502465
4368	0.603571767058725
4369	0.628995464477757
4370	0.65414511864622
4371	0.679024014252084
4372	0.703635388657534
4373	0.727982432752917
4374	0.752068291792183
4375	0.775896066210264
4376	0.799468812422829
4377	0.822789543608841
4378	0.845861230476317
4379	0.868686802011709
4380	0.891269146213284
4381	0.913611110808895
4382	0.935715503958509
4383	0.957585094941856
4384	0.979222614831562
4385	1.0006307571521
4386	1.02181217852488
4387	1.04276949929987
4388	0
4389	0.0321807334933919
4390	0.0640008356883233
4391	0.0954649599188711
4392	0.126577685318722
4393	0.157343518288793
4394	0.187766893931191
4395	0.217852177450368
4396	0.247603665522244
4397	0.277025587632135
4398	0.306122107382211
4399	0.334897323769269
4400	0.36335527243353
4401	0.391499926879188
4402	0.419335199667395
4403	0.446864943582363
4404	0.474092952771239
4405	0.501022963858407
4406	0.527658657034828
4407	0.554003657123034
4408	0.580061534618383
4409	0.605835806707131
4410	0.631329938261909
4411	0.656547342815141
4412	0.681491383510948
4413	0.706165374036056
4414	0.730572579530214
4415	0.754716217476638
4416	0.778599458572939
4417	0.802225427583025
4418	0.825597204170431
4419	0.848717823713527
4420	0.871590278103038
4421	0.894217516522308
4422	0.916602446210714
4423	0.938747933210645
4424	0.960656803098437
4425	0.982331841699638
4426	1.003775795789
4427	1.02499137377554
4428	1.04598124637304
4429	0
4430	0.0322950117839187
4431	0.0642256116873841
4432	0.0957965596612028
4433	0.127012538593691
4434	0.157878155853798
4435	0.188397944798593
4436	0.218576366246009
4437	0.248417809913697
4438	0.277926595824835
4439	0.307106975681706
4440	0.335963134207847
4441	0.364499190459536
4442	0.392719199107391
4443	0.420627151688796
4444	0.448226977831893
4445	0.475522546451828
4446	0.502517666919937
4447	0.529216090206541
4448	0.555621509997985
4449	0.581737563788575
4450	0.607567833948006
4451	0.633115848764893
4452	0.658385083466984
4453	0.683378961218637
4454	0.70810085409609
4455	0.732554084041101
4456	0.75674192379345
4457	0.780667597802844
4458	0.804334283120705
4459	0.827745110272354
4460	0.850903164110031
4461	0.873811484647259
4462	0.896473067874959
4463	0.918890866559798
4464	0.941067791025162
4465	0.963006709915203
4466	0.984710450942352
4467	1.00618180161869
4468	1.0274235099716
4469	1.04843828524399
4470	0
4471	0.0323987021619435
4472	0.0644295621333183
4473	0.0960974366035934
4474	0.127407102602822
4475	0.158363259113273
4476	0.188970528643628
4477	0.219233458766691
4478	0.249156523621501
4479	0.278744125380746
4480	0.308000595684321
4481	0.3369301970399
4482	0.3655371241913
4483	0.393825505455471
4484	0.421799404028864
4485	0.44946281926394
4486	0.476819687916571
4487	0.503873885365021
4488	0.530629226801243
4489	0.557089468395148
4490	0.583258308432521
4491	0.609139388427233
4492	0.634736294208375
4493	0.660052556982933
4494	0.685091654374609
4495	0.709857011439357
4496	0.734352001658216
4497	0.758579947907999
4498	0.782544123410362
4499	0.806247752659793
4500	0.829694012331036
4501	0.85288603216644
4502	0.875826895843732
4503	0.898519641824682
4504	0.920967264185126
4505	0.943172713426803
4506	0.965138897271441
4507	0.986868681437519
4508	1.00836489040013
4509	1.02963030813435
4510	1.05066767884252
4511	0
4512	0.0327299777334248
4513	0.0650811539378591
4514	0.0970586943686301
4515	0.128667676824854
4516	0.159913092979934
4517	0.190799850168903
4518	0.221332773133668
4519	0.251516605727242
4520	0.281356012577956
4521	0.310855580714681
4522	0.340019821154009
4523	0.368853170450359
4524	0.397359992209931
4525	0.425544578569391
4526	0.453411151640198
4527	0.480963864919396
4528	0.508206804667723
4529	0.535143991255847
4530	0.561779380479512
4531	0.588116864844377
4532	0.614160274821293
4533	0.639913380072745
4534	0.665379890651188
4535	0.690563458169953
4536	0.715467676947417
4537	0.740096085125086
4538	0.764452165760245
4539	0.788539347893783
4540	0.812361007593836
4541	0.835920468975801
4542	0.859221005199343
4543	0.882265839442932
4544	0.90505814585647
4545	0.92760105049255
4546	0.949897632216862
4547	0.97195092359826
4548	0.993763911778984
4549	1.01533953932553
4550	1.03668070506063
4551	1.05779026487681
4552	0
4553	0.032785931236147
4554	0.0651912098760198
4555	0.0972210538771571
4556	0.12888059183953
4557	0.160174864873013
4558	0.191108828420715
4559	0.221687354039294
4560	0.251915231137312
4561	0.281797168672701
4562	0.311337796810343
4563	0.340541668540782
4564	0.36941326126102
4565	0.397956978318362
4566	0.426177150518211
4567	0.45407803759673
4568	0.48166382965924
4569	0.508938648585204
4570	0.53590654940063
4571	0.562571521618702
4572	0.588937490549439
4573	0.615008318579127
4574	0.640787806420301
4575	0.666279694332986
4576	0.691487663317918
4577	0.716415336282437
4578	0.74106627917973
4579	0.765444002122073
4580	0.789551960468725
4581	0.813393555889092
4582	0.836972137401771
4583	0.860291002390069
4584	0.883353397594577
4585	0.906162520083357
4586	0.928721518200298
4587	0.951033492492171
4588	0.973101496614908
4589	0.994928538219611
4590	1.01651757981879
4591	1.03787153963332
4592	1.05899329242055
4593	0
4594	0.0332210949659008
4595	0.0660471411439763
4596	0.0984837624808063
4597	0.130536482666728
4598	0.162210727290817
4599	0.193511825944191
4600	0.224445014272962
4601	0.25501543598208
4602	0.285228144791321
4603	0.31508810634463
4604	0.344600200073974
4605	0.373769221018862
4606	0.402599881602654
4607	0.431096813366719
4608	0.459264568663531
4609	0.487107622309708
4610	0.514630373200017
4611	0.541837145883312
4612	0.568732192101356
4613	0.595319692291476
4614	0.621603757053927
4615	0.647588428584869
4616	0.673277682075804
4617	0.698675427080322
4618	0.723785508848954
4619	0.748611709632943
4620	0.773157749957701
4621	0.797427289866699
4622	0.821423930136547
4623	0.845151213463947
4624	0.868612625625254
4625	0.891811596609292
4626	0.914751501724112
4627	0.937435662678324
4628	0.959867348637639
4629	0.982049777257227
4630	1.0039861156905
4631	1.02567948157487
4632	1.04713294399515
4633	1.06834952442496
4634	0
4635	0.0333635216466358
4636	0.0663272827116141
4637	0.0988970400194813
4638	0.131078446571466
4639	0.162877053794556
4640	0.194298313736445
4641	0.225347581207708
4642	0.25603011587254
4643	0.286351084289364
4644	0.316315561902564
4645	0.345928534986578
4646	0.375194902543551
4647	0.404119478155725
4648	0.432706991793687
4649	0.460962091581609
4650	0.488889345520543
4651	0.516493243170831
4652	0.543778197294662
4653	0.570748545459765
4654	0.59740855160522
4655	0.623762407570342
4656	0.649814234587543
4657	0.675568084740102
4658	0.701027942385689
4659	0.726197725546534
4660	0.751081287267035
4661	0.775682416939659
4662	0.800004841599889
4663	0.824052227191019
4664	0.847828179799524
4665	0.87133624686176
4666	0.894579918342685
4667	0.917562627887312
4668	0.940287753945565
4669	0.9627586208712
4670	0.98497849999543
4671	1.00695061067589
4672	1.02867812132152
4673	1.05016415039406
4674	1.07141176738654
4675	0
4676	0.0334294969143683
4677	0.0664570506373463
4678	0.0990884795455673
4679	0.131329496539996
4680	0.163185711338596
4681	0.194662632713722
4682	0.22576567067563
4683	0.256500138603466
4684	0.286871255325074
4685	0.316884147146891
4686	0.346543849835209
4687	0.375855310550023
4688	0.404823389732663
4689	0.433452862948362
4690	0.461748422684913
4691	0.48971468010851
4692	0.517356166777848
4693	0.54467733631753
4694	0.571682566051818
4695	0.5983761585997
4696	0.624762343432263
4697	0.650845278393305
4698	0.676629051184117
4699	0.702117680813317
4700	0.727315119012634
4701	0.752225251619463
4702	0.77685189992705
4703	0.801198822003097
4704	0.825269713977584
4705	0.849068211300568
4706	0.872597889970713
4707	0.895862267735283
4708	0.918864805262294
4709	0.941608907285534
4710	0.964097923723111
4711	0.9863351507702
4712	1.00832383196661
4713	1.03006715923982
4714	1.05156827392406
4715	1.07283026775606
4716	0
4717	0.0334480261274585
4718	0.0664934960756266
4719	0.0991422455080963
4720	0.131400004148727
4721	0.163272398086555
4722	0.194764952025107
4723	0.225883091477517
4724	0.256632144908828
4725	0.287017345826793
4726	0.317043834822503
4727	0.346716661562083
4728	0.376040786730704
4729	0.405021083930111
4730	0.433662341530834
4731	0.461969264480231
4732	0.489946476067463
4733	0.517598519646499
4734	0.544929860318191
4735	0.571944886572457
4736	0.598647911891571
4737	0.625043176315537
4738	0.651134847970496
4739	0.676927024561087
4740	0.702423734827679
4741	0.727628939969344
4742	0.752546535033419
4743	0.777180350272513
4744	0.801534152469755
4745	0.825611646233082
4746	0.849416475259339
4747	0.87295222356894
4748	0.896222416711835
4749	0.919230522945475
4750	0.941979954385493
4751	0.964474068129771
4752	0.986716167356547
4753	1.00870950239722
4754	1.03045727178446
4755	1.05196262327627
4756	1.07322865485654
4757	0
4758	0.0334703333698275
4759	0.0665373725867878
4760	0.0992069741261705
4761	0.131484887964848
4762	0.163376759900922
4763	0.194888133817391
4764	0.226024453891243
4765	0.256791066749361
4766	0.287193223572587
4767	0.317236082149245
4768	0.34692470887941
4769	0.376264080731155
4770	0.405259087149995
4771	0.433914531922706
4772	0.462235134996661
4773	0.490225534255812
4774	0.517890287254411
4775	0.545233872909513
4776	0.572260693153326
4777	0.59897507454639
4778	0.625381269852584
4779	0.651483459576915
4780	0.677285753467014
4781	0.702792191979266
4782	0.728006747710434
4783	0.752933326795667
4784	0.777575770273715
4785	0.801937855420172
4786	0.826023297049553
4787	0.849835748786975
4788	0.873378804310206
4789	0.896655998562815
4790	0.919670808939143
4791	0.942426656441796
4792	0.964926906812354
4793	0.987174871635938
4794	1.00917380942031
4795	1.03092692665011
4796	1.05243737881689
4797	1.07370827142546
4798	0
4799	0.033525082825843
4800	0.066645060264099
4801	0.0993658398689451
4802	0.13169322132494
4803	0.163632898802848
4804	0.195190463258522
4805	0.226371404676305
4806	0.257181114258338
4807	0.287624886561142
4808	0.317707921580826
4809	0.34743532678819
4810	0.376812119115011
4811	0.405843226892734
4812	0.434533491744767
4813	0.462887670433554
4814	0.490910436663563
4815	0.5186063828413
4816	0.545980021793424
4817	0.573035788444027
4818	0.5997780414521
4819	0.626211064810182
4820	0.652339069405169
4821	0.678166194542237
4822	0.703696509432796
4823	0.728934014647376
4824	0.753882643534335
4825	0.778546263605226
4826	0.802928677887674
4827	0.82703362624656
4828	0.850864786674316
4829	0.874425776551092
4830	0.897720153875549
4831	0.92075141846702
4832	0.943523013139727
4833	0.966038324849784
4834	0.988300685815623
4835	1.01031337461254
4836	1.03207961724199
4837	1.05360258817622
4838	1.07488541137894
4839	0
4840	0.0336190966266616
4841	0.0668299776784838
4842	0.0996386384204756
4843	0.132050963893453
4844	0.164072731331974
4845	0.195709612523714
4846	0.226967176111761
4847	0.257850889841284
4848	0.288366122751971
4849	0.318518147317618
4850	0.348312141534202
4851	0.377753190957739
4852	0.406846290693195
4853	0.435596347335687
4854	0.464008180865178
4855	0.49208652649584
4856	0.519836036481217
4857	0.547261281876322
4858	0.574366754257729
4859	0.601156867402737
4860	0.627635958928615
4861	0.653808291892953
4862	0.679678056356081
4863	0.705249370906504
4864	0.730526284150304
4865	0.755512776165381
4866	0.780212759921438
4867	0.804630082666563
4868	0.828768527281227
4869	0.852631813600538
4870	0.876223599705524
4871	0.899547483184229
4872	0.922607002363374
4873	0.945405637511307
4874	0.967946812012972
4875	0.990233893517588
4876	1.01227019505971
4877	1.03405897615433
4878	1.05560344386671
4879	1.07690675385749
4880	0
4881	0.0336293557808844
4882	0.0668501565911129
4883	0.0996684072670441
4884	0.132090002163903
4885	0.164120727580495
4886	0.195766264125179
4887	0.227032189024595
4888	0.257923978376587
4889	0.288447009348736
4890	0.318606562323889
4891	0.348407822994007
4892	0.37785588440365
4893	0.406955748944373
4894	0.43571233030126
4895	0.464130455352819
4896	0.492214866025399
4897	0.51997022110329
4898	0.547401097995609
4899	0.574511994461073
4900	0.601307330291703
4901	0.627791448956513
4902	0.653968619206161
4903	0.679843036639578
4904	0.705418825233493
4905	0.730700038835813
4906	0.755690662623749
4907	0.780394614527579
4908	0.804815746620897
4909	0.828957846478205
4910	0.852824638500648
4911	0.876419785210693
4912	0.899746888516534
4913	0.922809490946967
4914	0.945611076857481
4915	0.968155073608279
4916	0.990444852714923
4917	1.0124837309723
4918	1.03427497155253
4919	1.05582178507755
4920	1.07712733066689
4921	0
4922	0.0338882630570477
4923	0.0673594059104322
4924	0.100419674945864
4925	0.133075199583587
4926	0.165331994874152
4927	0.197195964030965
4928	0.228672900901219
4929	0.259768492376779
4930	0.29048832074653
4931	0.320837865991685
4932	0.350822508025491
4933	0.380447528878748
4934	0.409718114832507
4935	0.438639358499289
4936	0.467216260854121
4937	0.495453733216669
4938	0.523356599185687
4939	0.550929596527009
4940	0.578177379016228
4941	0.605104518237239
4942	0.631715505337726
4943	0.658014752742703
4944	0.684006595827155
4945	0.709695294548805
4946	0.735085035042022
4947	0.760179931173833
4948	0.784984026063008
4949	0.809501293563128
4950	0.833735639710551
4951	0.857690904138155
4952	0.881370861455714
4953	0.904779222597744
4954	0.927919636139633
4955	0.950795689582846
4956	0.973410910609987
4957	0.995768768310458
4958	1.01787267437746
4959	1.03972598427706
4960	1.06133199838996
4961	1.08269396312678
4962	0
4963	0.034289284091509
4964	0.068148181304691
4965	0.101583312160632
4966	0.134601170171379
4967	0.167208124700668
4968	0.199410423754475
4969	0.231214196703202
4970	0.262625456937208
4971	0.29365010445741
4972	0.324293928402587
4973	0.354562609515005
4974	0.384461722545923
4975	0.413996738602517
4976	0.443173027437705
4977	0.471995859684316
4978	0.50047040903503
4979	0.528601754369445
4980	0.556394881829632
4981	0.583854686845461
4982	0.610985976110994
4983	0.637793469513157
4984	0.664281802013924
4985	0.690455525487171
4986	0.716319110511348
4987	0.741876948119096
4988	0.767133351504878
4989	0.792092557691707
4990	0.81675872915797
4991	0.841135955425392
4992	0.865228254609085
4993	0.889039574930661
4994	0.912573796195318
4995	0.935834731233825
4996	0.958826127310275
4997	0.981551667496464
4998	1.00401497201375
4999	1.02621959954318
5000	1.04816904850471
5001	1.0698667583063
5002	1.09131611056355
5003	0
5004	0.0343253167306834
5005	0.0682190545425728
5006	0.101687867573656
5007	0.134738282050447
5008	0.167376699172513
5009	0.199609397926219
5010	0.231442537829476
5011	0.262882161609266
5012	0.293934197813646
5013	0.324604463359896
5014	0.354898666020441
5015	0.384822406848131
5016	0.414381182542409
5017	0.443580387757877
5018	0.472425317356725
5019	0.500921168606434
5020	0.52907304332416
5021	0.556885949969135
5022	0.584364805684408
5023	0.611514438289216
5024	0.63833958822322
5025	0.664844910443839
5026	0.691034976277857
5027	0.716914275228472
5028	0.742487216738892
5029	0.767758131913599
5030	0.792731275198335
5031	0.81741082601985
5032	0.841800890386441
5033	0.865905502450248
5034	0.889728626032296
5035	0.913274156111193
5036	0.936545920276423
5037	0.959547680147107
5038	0.98228313275711
5039	1.00475591190733
5040	1.02696958948601
5041	1.04892767675784
5042	1.07063362562267
5043	1.09209082984458
5044	0
5045	0.034410657426574
5046	0.0683869126728522
5047	0.101935499496021
5048	0.135063021604435
5049	0.167775955598528
5050	0.200080653839465
5051	0.231983347247357
5052	0.263490148030849
5053	0.294607052349829
5054	0.325339942912942
5055	0.355694591511594
5056	0.385676661492046
5057	0.415291710167168
5058	0.444545191169403
5059	0.473442456746419
5060	0.501988760000914
5061	0.530189257075983
5062	0.558049009287439
5063	0.585572985204424
5064	0.612766062679622
5065	0.639633030830354
5066	0.666178591971804
5067	0.692407363503566
5068	0.718323879750724
5069	0.743932593760585
5070	0.769237879056211
5071	0.794244031347818
5072	0.818955270203126
5073	0.84337574067768
5074	0.867509514906165
5075	0.891360593655682
5076	0.914932907841962
5077	0.938230320009434
5078	0.96125662577607
5079	0.984015555243879
5080	1.00651077437593
5081	1.02874588634073
5082	1.05072443282478
5083	1.0724498953141
5084	1.09392569634557
5085	0
5086	0.0345937969541466
5087	0.0687471330619386
5088	0.102466912941864
5089	0.135759906576848
5090	0.168632752376169
5091	0.20109196016193
5092	0.233143914082018
5093	0.264794875451423
5094	0.296050985523746
5095	0.326918268194667
5096	0.357402632639121
5097	0.387509875883852
5098	0.417245685317008
5099	0.446615641136366
5100	0.475625218737755
5101	0.504279791045192
5102	0.532584630784219
5103	0.560544912699878
5104	0.588165715720734
5105	0.615452025070309
5106	0.642408734327272
5107	0.669040647435671
5108	0.695352480666487
5109	0.721348864531728
5110	0.747034345652279
5111	0.772413388580672
5112	0.797490377579914
5113	0.822269618359484
5114	0.846755339769595
5115	0.870951695454748
5116	0.894862765467637
5117	0.918492557844379
5118	0.94184501014206
5119	0.964923990939541
5120	0.987733301302451
5121	1.01027667621327
5122	1.03255778596736
5123	1.05458023753585
5124	1.07634757589618
5125	1.09786328533102
5126	0
5127	0.0346544171905146
5128	0.0688663680813821
5129	0.102642813847163
5130	0.135990579508623
5131	0.168916357034696
5132	0.201426708367962
5133	0.233528068375581
5134	0.265226747727602
5135	0.296528935704478
5136	0.32744070293561
5137	0.35796800407067
5138	0.388116680385411
5139	0.417892462323646
5140	0.447300971977005
5141	0.476347725504065
5142	0.505038135490389
5143	0.533377513250979
5144	0.561371071076605
5145	0.589023924425433
5146	0.616341094061352
5147	0.643327508140336
5148	0.669988004246173
5149	0.696327331376839
5150	0.722350151882769
5151	0.748061043358239
5152	0.77346450048706
5153	0.798564936843719
5154	0.823366686651116
5155	0.847874006495978
5156	0.872091077003026
5157	0.896022004468939
5158	0.919670822457126
5159	0.943041493354293
5160	0.966137909889776
5161	0.988963896618569
5162	1.01152321136897
5163	1.03381954665572
5164	1.05585653105956
5165	1.07763773057389
5166	1.09916664991966
5167	0
5168	0.03466847554655
5169	0.068894019711525
5170	0.102683606785327
5171	0.136044074552472
5172	0.16898212740284
5173	0.201504339366198
5174	0.233617157071947
5175	0.265326902635997
5176	0.296639776476644
5177	0.327561860061242
5178	0.358099118585445
5179	0.388257403586736
5180	0.418042455493907
5181	0.447459906114134
5182	0.476515281059228
5183	0.505214002112606
5184	0.533561389538499
5185	0.561562664334855
5186	0.589222950431371
5187	0.616547276834052
5188	0.64354057971765
5189	0.670207704467296
5190	0.696553407670642
5191	0.722582359061725
5192	0.748299143417822
5193	0.773708262410444
5194	0.798814136411665
5195	0.823621106256894
5196	0.848133434965193
5197	0.872355309418231
5198	0.896290841998893
5199	0.919944072190586
5200	0.943318968138222
5201	0.966419428171838
5202	0.989249282293815
5203	1.01181229363059
5204	1.03411215984979
5205	1.05615251454357
5206	1.07793692857916
5207	1.09946891141729
5208	0
5209	0.0347106109734261
5210	0.0689768966309142
5211	0.102805870573407
5212	0.13620440884068
5213	0.169179253050429
5214	0.201737013459903
5215	0.233884171952048
5216	0.265627084948092
5217	0.296971986248449
5218	0.327924989803773
5219	0.358492092417933
5220	0.388679176384657
5221	0.418492012059521
5222	0.447936260368947
5223	0.477017475257787
5224	0.505741106077089
5225	0.534112499913534
5226	0.562136903862053
5227	0.589819467243046
5228	0.61716524376563
5229	0.644179193638272
5230	0.670866185628143
5231	0.697230999070513
5232	0.723278325829417
5233	0.749012772210865
5234	0.774438860829778
5235	0.79956103243182
5236	0.824383647671274
5237	0.84891098884608
5238	0.873147261591099
5239	0.897096596530675
5240	0.920763050891521
5241	0.944150610076921
5242	0.96726318920323
5243	0.990104634599628
5244	1.01267872527205
5245	1.03498917433216
5246	1.05703963039237
5247	1.07883367892754
5248	1.10037484360442
5249	0
5250	0.0347866749051812
5251	0.0691265081290732
5252	0.103026584236995
5253	0.136493848328078
5254	0.169535109224606
5255	0.20215704258259
5256	0.234366193925562
5257	0.266168981603571
5258	0.297571699679272
5259	0.328580520742985
5260	0.359201498658525
5261	0.389440571241567
5262	0.419303562872273
5263	0.448796187043853
5264	0.477924048848684
5265	0.506692647403588
5266	0.535107378215812
5267	0.563173535491213
5268	0.590896314386128
5269	0.618280813204353
5270	0.64533203554062
5271	0.672054892371949
5272	0.698454204098179
5273	0.724534702532973
5274	0.750301032846558
5275	0.775757755461417
5276	0.800909347902131
5277	0.82576020660052
5278	0.850314648657232
5279	0.874576913560865
5280	0.898551164865704
5281	0.922241491829121
5282	0.945651911009648
5283	0.968786367826723
5284	0.991648738083077
5285	1.01424282945069
5286	1.03657238292127
5287	1.05864107422207
5288	1.08045251519804
5289	1.10201025516106
5290	0
5291	0.0348922794454726
5292	0.0693342235747623
5293	0.103333015477682
5294	0.13689569613299
5295	0.170029167667506
5296	0.202740196534624
5297	0.235035416614276
5298	0.266921332236345
5299	0.298404321129507
5300	0.329490637297375
5301	0.36018641382382
5302	0.390497665609277
5303	0.420430292039781
5304	0.449990079590457
5305	0.47918270436514
5306	0.508013734573742
5307	0.53648863294895
5308	0.564612759103809
5309	0.592391371831691
5310	0.619829631350102
5311	0.646932601489775
5312	0.673705251830424
5313	0.700152459784523
5314	0.726279012630419
5315	0.752089609496076
5316	0.777588863294699
5317	0.802781302613443
5318	0.82767137355643
5319	0.852263441543188
5320	0.876561793063674
5321	0.900570637390969
5322	0.924294108252707
5323	0.947736265462295
5324	0.970901096510925
5325	0.993792518121386
5326	1.01641437776462
5327	1.03877045513999
5328	1.06086446362011
5329	1.08270005166124
5330	1.10428080418003
5331	0
5332	0.0349145434716088
5333	0.0693780150831478
5334	0.103397618695809
5335	0.136980415502125
5336	0.170133327299802
5337	0.202863139684547
5338	0.235176505163985
5339	0.26707994619466
5340	0.298579858144094
5341	0.329682512179818
5342	0.360394058087235
5343	0.390720527018135
5344	0.42066783417163
5345	0.450241781409224
5346	0.479448059805707
5347	0.508292252137507
5348	0.536779835310083
5349	0.564916182725921
5350	0.592706566594637
5351	0.620156160186666
5352	0.647270040031966
5353	0.674053188065137
5354	0.700510493718314
5355	0.726646755963158
5356	0.752466685303249
5357	0.777974905718119
5358	0.803175956560171
5359	0.828074294405663
5360	0.852674294860926
5361	0.876980254324958
5362	0.900996391709483
5363	0.924726850117557
5364	0.948175698481772
5365	0.971346933163081
5366	0.994244479511222
5367	1.01687219338774
5368	1.0392338626525
5369	1.06133320861471
5370	1.08317388744918
5371	1.10475949157891
5372	0
5373	0.0349990809663552
5374	0.0695442933828331
5375	0.103642919980472
5376	0.137302098704409
5377	0.170528826043566
5378	0.20332996027787
5379	0.235712224645129
5380	0.267682210429609
5381	0.299246379974319
5382	0.330411069618949
5383	0.361182492565355
5384	0.391566741672451
5385	0.421569792182299
5386	0.451197504379162
5387	0.480455626183217
5388	0.5093497956806
5389	0.537885543591413
5390	0.56606829567725
5391	0.593903375089813
5392	0.621396004662085
5393	0.648551309143547
5394	0.675374317380843
5395	0.701869964445294
5396	0.7280430937086
5397	0.753898458868051
5398	0.779440725922526
5399	0.804674475100535
5400	0.829604202741507
5401	0.854234323131527
5402	0.878569170294651
5403	0.902612999740957
5404	0.926369990172394
5405	0.949844245147514
5406	0.973039794706132
5407	0.995960596954905
5408	1.01861053961484
5409	1.04099344153168
5410	1.06311305415011
5411	1.08497306295268
5412	1.10657708886434
5413	0
5414	0.0351674226092239
5415	0.0698754075497052
5416	0.104131394607994
5417	0.137942674568623
5418	0.171316392655015
5419	0.204259551885011
5420	0.236779016343214
5421	0.268881514372271
5422	0.300573641685166
5423	0.331861864400548
5424	0.362752522003053
5425	0.393251830230543
5426	0.423365883890126
5427	0.453100659604774
5428	0.48246201849231
5429	0.511455708778492
5430	0.540087368345869
5431	0.568362527220055
5432	0.596286609995004
5433	0.623864938198852
5434	0.651102732601828
5435	0.678005115467714
5436	0.704577112750294
5437	0.730823656236179
5438	0.756749585635382
5439	0.782359650620969
5440	0.80765851281907
5441	0.832650747750524
5442	0.857340846725373
5443	0.881733218691408
5444	0.905832192037929
5445	0.929642016355855
5446	0.953166864155287
5447	0.976410832541605
5448	0.999377944851143
5449	1.02207215224747
5450	1.04449733527926
5451	1.06665730540077
5452	1.08855580645573
5453	1.11019651612583
5454	0
5455	0.0352008833759812
5456	0.069941222126057
5457	0.104228487254233
5458	0.138069999924474
5459	0.171472934923716
5460	0.204444324038924
5461	0.236991059350399
5462	0.269119896443473
5463	0.300837457540684
5464	0.332150234556456
5465	0.363064592076278
5466	0.393586770262296
5467	0.423722887687204
5468	0.453478944098272
5469	0.482860823113284
5470	0.51187429485012
5471	0.540525018491691
5472	0.568818544787859
5473	0.596760318495953
5474	0.624355680761449
5475	0.651609871440335
5476	0.678528031364639
5477	0.705115204552581
5478	0.731376340364741
5479	0.757316295607624
5480	0.782939836585966
5481	0.808251641105058
5482	0.833256300424392
5483	0.857958321163834
5484	0.88236212716354
5485	0.906472061298799
5486	0.930292387250917
5487	0.953827291235289
5488	0.977080883687719
5489	1.00005720091005
5490	1.02276020667614
5491	1.04519379379917
5492	1.0673617856613
5493	1.08926793770659
5494	1.11091593889805
5495	0
5496	0.0353799731095405
5497	0.0702934769033799
5498	0.104748149468542
5499	0.138751474566706
5500	0.172310785215546
5501	0.205433267181007
5502	0.238125962382814
5503	0.270395772215433
5504	0.302249460786633
5505	0.333693658075784
5506	0.364734863013915
5507	0.39537944648756
5508	0.425633654268315
5509	0.455503609870026
5510	0.484995317335438
5511	0.514114663954126
5512	0.54286742291344
5513	0.571259255884191
5514	0.599295715542736
5515	0.626982248031083
5516	0.654324195356593
5517	0.681326797732826
5518	0.707995195863028
5519	0.734334433167706
5520	0.760349457957737
5521	0.786045125554375
5522	0.811426200357521
5523	0.836497357863561
5524	0.86126318663406
5525	0.885728190216555
5526	0.909896789018669
5527	0.933773322136721
5528	0.957362049139995
5529	0.980667151811788
5530	1.00369273584833
5531	1.02644283251665
5532	1.04892140027242
5533	1.07113232633877
5534	1.09307942824713
5535	1.11476645534099
5536	0
5537	0.0357768996495489
5538	0.0710741987637866
5539	0.105899905745125
5540	0.140261864729607
5541	0.174167759430491
5542	0.207625116885902
5543	0.240641311113022
5544	0.273223566671204
5545	0.305378962136356
5546	0.337114433488861
5547	0.368436777417251
5548	0.399352654539789
5549	0.429868592546076
5550	0.4599909892607
5551	0.489726115630957
5552	0.519080118640562
5553	0.548059024151246
5554	0.576668739674093
5555	0.604915057072406
5556	0.632803655197842
5557	0.660340102461538
5558	0.687529859341874
5559	0.714378280830493
5560	0.740890618818157
5561	0.767072024421966
5562	0.792927550255445
5563	0.818462152642939
5564	0.843680693779751
5565	0.868587943839394
5566	0.893188583029305
5567	0.917487203596336
5568	0.941488311783289
5569	0.965196329737757
5570	0.988615597374456
5571	1.01175037419226
5572	1.03460484104707
5573	1.05718310188162
5574	1.07948918541339
5575	1.10152704678152
5576	1.12330056915403
5577	0
5578	0.0358942693752471
5579	0.0713050553615859
5580	0.106240475862333
5581	0.140708481574914
5582	0.174716859911986
5583	0.208273238824612
5584	0.241385090529974
5585	0.274059735146101
5586	0.30630434423598
5587	0.338125944263373
5588	0.369531419962616
5589	0.400527517624587
5590	0.431120848301005
5591	0.461317890929145
5592	0.491124995379002
5593	0.520548385424894
5594	0.549594161643446
5595	0.578268304239811
5596	0.606576675803994
5597	0.634525023999047
5598	0.662118984182873
5599	0.689364081965355
5600	0.71626573570243
5601	0.742829258928752
5602	0.769059862730481
5603	0.794962658059742
5604	0.820542657992237
5605	0.845804779929455
5606	0.870753847746899
5607	0.89539459388969
5608	0.919731661416914
5609	0.943769605995975
5610	0.967512897848277
5611	0.990965923647419
5612	1.01413298837116
5613	1.03701831710826
5614	1.05962605682148
5615	1.08196027806762
5616	1.10402497667596
5617	1.12582407538593
5618	0
5619	0.0360524904888165
5620	0.0716162632796528
5621	0.106699583889319
5622	0.141310546666085
5623	0.175457078815343
5624	0.209146944324571
5625	0.242387747790182
5626	0.275186938148773
5627	0.307551812315236
5628	0.339489518730116
5629	0.371007060818533
5630	0.402111300362958
5631	0.432808960792024
5632	0.463106630387549
5633	0.493010765411848
5634	0.522527693157377
5635	0.551663614920711
5636	0.580424608902774
5637	0.60881663303722
5638	0.636845527748799
5639	0.664517018643493
5640	0.691836719132178
5641	0.718810132989493
5642	0.745442656849587
5643	0.771739582640347
5644	0.797706099957676
5645	0.823347298381354
5646	0.848668169733973
5647	0.873673610284392
5648	0.898368422897127
5649	0.92275731912906
5650	0.946844921274794
5651	0.970635764361982
5652	0.994134298097877
5653	1.01734488876837
5654	1.04027182109068
5655	1.06291930002099
5656	1.08529145251794
5657	1.1073923292634
5658	1.12922590634134
5659	0
5660	0.0365621736781829
5661	0.0726187681960833
5662	0.108178524583003
5663	0.143249999934689
5664	0.177841571775739
5665	0.211961442312485
5666	0.245617642579162
5667	0.278818036480115
5668	0.311570324730707
5669	0.343882048699532
5670	0.375760594154484
5671	0.407213194915117
5672	0.438246936413742
5673	0.468868759167569
5674	0.499085462164195
5675	0.528903706162664
5676	0.558330016912242
5677	0.587370788291043
5678	0.616032285366542
5679	0.644320647379981
5680	0.672241890656626
5681	0.699801911443755
5682	0.727006488678244
5683	0.753861286685549
5684	0.780371857811828
5685	0.806543644990925
5686	0.832381984247878
5687	0.857892107140569
5688	0.883079143141102
5689	0.907948121958439
5690	0.932503975803809
5691	0.95675154160033
5692	0.980695563138285
5693	1.00434069317743
5694	1.02769149549768
5695	1.05075244689951
5696	1.07352793915529
5697	1.0960222809129
5698	1.11823969955278
5699	1.14018434299956
5700	0
5701	0.0365794307517356
5702	0.0726527114405158
5703	0.10822859919575
5704	0.143315666781088
5705	0.177922306968231
5706	0.212056736800913
5707	0.245727001751887
5708	0.278940979775654
5709	0.311706385259626
5710	0.344030772876327
5711	0.375921541339177
5712	0.407385937064322
5713	0.438431057740951
5714	0.469063855812409
5715	0.499291141870438
5716	0.529119587964735
5717	0.558555730830025
5718	0.587605975032758
5719	0.616276596039477
5720	0.644573743208885
5721	0.672503442709543
5722	0.700071600365128
5723	0.727284004429079
5724	0.754146328290459
5725	0.780664133112779
5726	0.806842870407509
5727	0.832687884543939
5728	0.85820441519701
5729	0.883397599734722
5730	0.908272475546636
5731	0.932833982314988
5732	0.957086964229884
5733	0.981036172149981
5734	1.00468626571008
5735	1.02804181537692
5736	1.05110730445462
5737	1.07388713104086
5738	1.09638560993524
5739	1.11860697450091
5740	1.14055537848077
5741	0
5742	0.0366007943482702
5743	0.0726947318779275
5744	0.108290589649698
5745	0.143396959823496
5746	0.178022254046354
5747	0.212174707730141
5748	0.24586238422194
5749	0.27909317886981
5750	0.311874822986638
5751	0.344214887714702
5752	0.376120787793487
5753	0.40759978523324
5754	0.438658992896693
5755	0.469305377991294
5756	0.499545765474266
5757	0.529386841372707
5758	0.55883515602092
5759	0.587897127217103
5760	0.61657904330145
5761	0.644887066157689
5762	0.67282723414001
5763	0.700405464927302
5764	0.72762755830655
5765	0.754499198887217
5766	0.781025958748363
5767	0.807213300020229
5768	0.833066577401965
5769	0.858591040617126
5770	0.883791836808527
5771	0.908674012874015
5772	0.933242517744653
5773	0.957502204606791
5774	0.98145783306947
5775	1.00511407127852
5776	1.02847549797874
5777	1.05154660452549
5778	1.07433179684695
5779	1.09683539735828
5780	1.11906164682905
5781	1.14101470620494
5782	0
5783	0.0366853658055421
5784	0.0728610769791073
5785	0.108535989482953
5786	0.143718772260435
5787	0.178417911679806
5788	0.212641715866357
5789	0.246398318925768
5790	0.279695685061472
5791	0.312541612588752
5792	0.344943737848225
5793	0.376909539021307
5794	0.408446339850159
5795	0.439561313264586
5796	0.470261484918267
5797	0.500553736636646
5798	0.530444809778752
5799	0.559941308515149
5800	0.589049703024181
5801	0.617776332608592
5802	0.646127408734569
5803	0.674109017995197
5804	0.701727125000255
5805	0.728987575194253
5806	0.755896097604527
5807	0.7824583075212
5808	0.808679709110741
5809	0.83456569796483
5810	0.86012156358617
5811	0.885352491812864
5812	0.910263567182936
5813	0.934859775240505
5814	0.959146004785117
5815	0.983127050065682
5816	1.00680761292042
5817	1.03019230486422
5818	1.0532856491247
5819	1.07609208262835
5820	1.09861595793793
5821	1.12086154514252
5822	1.1428330337012
5823	0
5824	0.0367422507577899
5825	0.0729729650018812
5826	0.108701051765745
5827	0.143935231639267
5828	0.17868404125013
5829	0.212955837632552
5830	0.246758802486281
5831	0.280100946328657
5832	0.312990112542508
5833	0.345433981322545
5834	0.377440073522866
5835	0.409015754408119
5836	0.440168237310777
5837	0.470904587196967
5838	0.501231724143172
5839	0.53115642672611
5840	0.560685335328009
5841	0.589824955359455
5842	0.618581660401922
5843	0.646961695272045
5844	0.674971179009636
5845	0.702616107791411
5846	0.729902357772309
5847	0.756835687856278
5848	0.783421742398323
5849	0.809666053839569
5850	0.835574045277068
5851	0.861151032970009
5852	0.886402228783949
5853	0.911332742574669
5854	0.935947584513178
5855	0.960251667353379
5856	0.984249808643856
5857	1.00794673288521
5858	1.03134707363432
5859	1.05445537555692
5860	1.07727609642978
5861	1.09981360909371
5862	1.12207220335884
5863	1.14405608786311
5864	0
5865	0.0369111071752325
5866	0.0733050916880046
5867	0.109191020107561
5868	0.144577766330554
5869	0.179474016173984
5870	0.213888271852581
5871	0.247828856343584
5872	0.281303917641826
5873	0.314321432907946
5874	0.346889212512466
5875	0.379014903978429
5876	0.410705995825181
5877	0.441969821315863
5878	0.472813562111063
5879	0.503244251831062
5880	0.533268779528993
5881	0.562893893077229
5882	0.592126202469203
5883	0.620972183038847
5884	0.649438178599748
5885	0.67753040450609
5886	0.705254950637388
5887	0.732617784308955
5888	0.759624753110016
5889	0.786281587671319
5890	0.812593904364043
5891	0.83856720793177
5892	0.864206894057225
5893	0.889518251865458
5894	0.914506466365093
5895	0.939176620829222
5896	0.96353369911749
5897	0.987582587940877
5898	1.01132807907063
5899	1.03477487149277
5900	1.05792757350961
5901	1.0807907047895
5902	1.10336869836636
5903	1.12566590258995
5904	1.14768658302851
5905	0
5906	0.0369115229273946
5907	0.0733059094383154
5908	0.109192226489887
5909	0.144579348356225
5910	0.179475961221662
5911	0.213890567658384
5912	0.247831490991478
5913	0.281306879554272
5914	0.314324710836785
5915	0.346892795530055
5916	0.379018781469003
5917	0.410710157476449
5918	0.441974257110822
5919	0.472818262320034
5920	0.503249207003925
5921	0.533273980487643
5922	0.562899330908217
5923	0.592131868516582
5924	0.620978068897199
5925	0.649444276107403
5926	0.67753670573852
5927	0.705261447900775
5928	0.732624470133935
5929	0.759631620245581
5930	0.786288629078886
5931	0.81260111321168
5932	0.838574577588571
5933	0.864214418087838
5934	0.889525924024758
5935	0.914514280592991
5936	0.939184571245619
5937	0.963541780017362
5938	0.987590793789488
5939	1.01133640449887
5940	1.03478331129265
5941	1.05793612262979
5942	1.08079935833106
5943	1.10337745157855
5944	1.12567475086619
5945	1.14769552190236
5946	0
5947	0.0369329456986126
5948	0.0733480462674628
5949	0.109254388650199
5950	0.144660866570928
5951	0.179576185141593
5952	0.214008865353396
5953	0.247967248455264
5954	0.281459500222258
5955	0.314493615116756
5956	0.347077420345168
5957	0.379218579812871
5958	0.41092459797998
5959	0.442202823620496
5960	0.473060453487328
5961	0.50350453588559
5962	0.533541974156543
5963	0.563179530074466
5964	0.592423827158693
5965	0.621281353902992
5966	0.649758466924418
5967	0.677861394033676
5968	0.705596237229044
5969	0.73296897561578
5970	0.759985468252946
5971	0.786651456929495
5972	0.812972568871443
5973	0.838954319381871
5974	0.864602114415504
5975	0.88992125308951
5976	0.914916930132174
5977	0.939594238271018
5978	0.96395817056193
5979	0.988013622660795
5980	1.0117653950391
5981	1.03521819514495
5982	1.05837663951088
5983	1.08124525580982
5984	1.10382848486056
5985	1.12613068258392
5986	1.14815612191102
5987	0
5988	0.0370662786566401
5989	0.0736103012304153
5990	0.109641279058888
5991	0.145168226920757
5992	0.180199967731324
5993	0.214745137119701
5994	0.248812187890814
5995	0.28240939437515
5996	0.315544856669162
5997	0.348226504769111
5998	0.38046210260112
5999	0.412259251950085
6000	0.443625396290053
6001	0.474567824518596
6002	0.505093674597654
6003	0.535209937103239
6004	0.564923458686348
6005	0.594240945447367
6006	0.623168966226174
6007	0.65171395581012
6008	0.679882218061982
6009	0.707679928969949
6010	0.735113139621631
6011	0.762187779104051
6012	0.788909657331497
6013	0.815284467803109
6014	0.841317790291968
6015	0.867015093467474
6016	0.892381737452687
6017	0.917422976318327
6018	0.942143960515023
6019	0.966549739245412
6020	0.990645262777616
6021	1.01443538470159
6022	1.03792486412982
6023	1.06111836784374
6024	1.08402047238736
6025	1.10663566610929
6026	1.12896835115466
6027	1.15102284540805
6028	0
6029	0.0371350937477578
6030	0.0737456548551952
6031	0.109840958861395
6032	0.145430083023101
6033	0.180521911055653
6034	0.215125137754468
6035	0.249248273500152
6036	0.282899648650241
6037	0.316087417820477
6038	0.348819564058468
6039	0.381103902912509
6040	0.412948086398238
6041	0.444359606865783
6042	0.475345800769926
6043	0.505913852345806
6044	0.536070797192567
6045	0.565823525767323
6046	0.595178786791749
6047	0.624143190573525
6048	0.652723212244838
6049	0.680925194920052
6050	0.708755352774632
6051	0.736219774047334
6052	0.763324423967634
6053	0.790075147610306
6054	0.816477672679016
6055	0.842537612220759
6056	0.868260467272893
6057	0.893651629444515
6058	0.918716383433842
6059	0.943459909483244
6060	0.967887285773517
6061	0.992003490758959
6062	1.01581340544474
6063	1.03932181560809
6064	1.06253341396465
6065	1.08545280228149
6066	1.10808449343806
6067	1.13043291343654
6068	1.15250240336263
6069	0
6070	0.0371495399335066
6071	0.0737740693144887
6072	0.109882877159699
6073	0.145485053841747
6074	0.180589495839576
6075	0.215204910369243
6076	0.249339819898079
6077	0.283002566545242
6078	0.316201316371574
6079	0.348944063561628
6080	0.381238634500614
6081	0.413092691748991
6082	0.444513737917322
6083	0.47550911944396
6084	0.506086030278064
6085	0.536251515470377
6086	0.566012474674124
6087	0.595375665558364
6088	0.624347707136015
6089	0.652935083008754
6090	0.681144144530939
6091	0.708981113894595
6092	0.73645208713753
6093	0.763563037076518
6094	0.790319816167487
6095	0.816728159294579
6096	0.842793686489898
6097	0.868521905585732
6098	0.893918214800965
6099	0.918987905263371
6100	0.943736163469427
6101	0.968168073683244
6102	0.992288620276176
6103	1.01610269000861
6104	1.03961507425543
6105	1.06283047117658
6106	1.08575348783414
6107	1.1083886422573
6108	1.13074036545645
6109	1.15281300338787
6110	0
6111	0.0373924658958288
6112	0.0742518847038081
6113	0.110587772080164
6114	0.146409438952898
6115	0.181725996432768
6116	0.216546360600352
6117	0.250879257172414
6118	0.284733226050659
6119	0.318116625755911
6120	0.351037637750678
6121	0.383504270652951
6122	0.415524364344061
6123	0.447105593973303
6124	0.478255473861988
6125	0.508981361309512
6126	0.539290460303959
6127	0.569189825139681
6128	0.59868636394427
6129	0.627786842117222
6130	0.656497885682581
6131	0.68482598455776
6132	0.712777495740693
6133	0.740358646417425
6134	0.767575536992159
6135	0.794434144041768
6136	0.820940323196702
6137	0.847099811950173
6138	0.872918232397459
6139	0.898401093907122
6140	0.923553795725876
6141	0.948381629518801
6142	0.972889781846572
6143	0.997083336581298
6144	1.02096727726255
6145	1.04454648939512
6146	1.06782576268994
6147	1.09080979324974
6148	1.11350318570066
6149	1.13591045527144
6150	1.15803602982132
6151	0
6152	0.037548217844098
6153	0.074558235976797
6154	0.111039715364191
6155	0.147002108343344
6156	0.182454663636168
6157	0.217406431236706
6158	0.251866267175066
6159	0.285842838161206
6160	0.319344626111644
6161	0.352379932562122
6162	0.384956882969156
6163	0.41708343090333
6164	0.448767362137122
6165	0.48001629862998
6166	0.510837702413284
6167	0.541238879377771
6168	0.571226982965932
6169	0.600809017771826
6170	0.629991843050688
6171	0.658782176140638
6172	0.687186595798775
6173	0.715211545453827
6174	0.742863336377509
6175	0.77014815077669
6176	0.79707204480837
6177	0.823640951519476
6178	0.849860683713395
6179	0.875736936745106
6180	0.901275291246774
6181	0.926481215785553
6182	0.951360069455362
6183	0.975917104404302
6184	1.00015746829938
6185	1.02408620673013
6186	1.04770826555272
6187	1.07102849317598
6188	1.09405164279103
6189	1.11678237454566
6190	1.1392252576652
6191	1.16138477252092
6192	0
6193	0.0377733437841749
6194	0.0750010401862585
6195	0.111692960205163
6196	0.147858760572491
6197	0.183507888915156
6198	0.2186495887875
6199	0.253292904576278
6200	0.287446686281784
6201	0.321119594178314
6202	0.354320103357063
6203	0.387056508154506
6204	0.419336926469186
6205	0.451169303969806
6206	0.48256141819741
6207	0.513520882564379
6208	0.544055150252905
6209	0.574171518015518
6210	0.603877129880196
6211	0.633178980762502
6212	0.662083919987144
6213	0.690598654721285
6214	0.718729753321869
6215	0.746483648599165
6216	0.773866640998698
6217	0.800884901703647
6218	0.827544475659749
6219	0.853851284524714
6220	0.879811129544073
6221	0.905429694355348
6222	0.930712547722385
6223	0.955665146201641
6224	0.980292836742157
6225	1.00460085922094
6226	1.02859434891536
6227	1.05227833891425
6228	1.07565776246921
6229	1.09873745528764
6230	1.12152215776909
6231	1.14401651718623
6232	1.16622508981198
6233	0
6234	0.0378361532902361
6235	0.0751245813191399
6236	0.111875213684191
6237	0.148097764142496
6238	0.183801735814904
6239	0.218996426258539
6240	0.253690932411132
6241	0.287894155410469
6242	0.321614805292163
6243	0.354861405568896
6244	0.387642297694176
6245	0.419965645413587
6246	0.45183943900643
6247	0.483271499420579
6248	0.514269482303289
6249	0.544840881930655
6250	0.574993035038306
6251	0.604733124555893
6252	0.634068183247829
6253	0.663005097262711
6254	0.69155060959375
6255	0.719711323452511
6256	0.747493705558179
6257	0.774904089344535
6258	0.801948678086735
6259	0.828633547949973
6260	0.85496465096201
6261	0.880947817911543
6262	0.9065887611743
6263	0.931893077468724
6264	0.956866250543046
6265	0.981513653795504
6266	1.00584055282943
6267	1.02985210794486
6268	1.0535533765683
6269	1.07694931562222
6270	1.10004478383586
6271	1.12284454399876
6272	1.1453532651586
6273	1.16757552476465
6274	0
6275	0.0378643098306761
6276	0.0751799629185525
6277	0.11195691512995
6278	0.148204905785635
6279	0.18393346288354
6280	0.21915190818941
6281	0.253869362198774
6282	0.288094748973571
6283	0.321836800856654
6284	0.355104063067315
6285	0.387904898180908
6286	0.420247490495543
6287	0.45213985028877
6288	0.48358981796708
6289	0.514605068110977
6290	0.545193113418322
6291	0.575361308548558
6292	0.605116853870357
6293	0.634466799115196
6294	0.663418046939256
6295	0.691977356396018
6296	0.720151346321839
6297	0.747946498636754
6298	0.775369161562672
6299	0.802425552761094
6300	0.829121762392416
6301	0.85546375609883
6302	0.881457377912782
6303	0.907108353092898
6304	0.932422290889238
6305	0.95740468723969
6306	0.982060927399263
6307	1.00639628850401
6308	1.03041594207124
6309	1.05412495643765
6310	1.07752829913704
6311	1.10063083921895
6312	1.12343734951003
6313	1.14595250881936
6314	1.16818090408922
6315	0
6316	0.0380917900390809
6317	0.0756273977801964
6318	0.112616991318917
6319	0.149070516508016
6320	0.184997702330489
6321	0.220408066136548
6322	0.25531091874812
6323	0.289715369434251
6324	0.323630330760759
6325	0.357064523317356
6326	0.390026480325426
6327	0.42252455212951
6328	0.454566910575507
6329	0.486161553278506
6330	0.517316307783091
6331	0.548038835618886
6332	0.578336636254046
6333	0.6082170509493
6334	0.637687266515133
6335	0.666754318974569
6336	0.695425097134009
6337	0.723706346064472
6338	0.751604670495541
6339	0.779126538124273
6340	0.806278282841238
6341	0.833066107875831
6342	0.85949608886292
6343	0.885574176832859
6344	0.911306201126815
6345	0.936697872239353
6346	0.961754784590121
6347	0.986482419226453
6348	1.01088614645869
6349	1.03497122842989
6350	1.0587428216217
6351	1.08220597929786
6352	1.10536565388718
6353	1.12822669930726
6354	1.15079387323073
6355	1.17307183929527
6356	0
6357	0.0381896473678736
6358	0.0758198750980091
6359	0.112900942582655
6360	0.149442884520428
6361	0.18545551635398
6362	0.220948439569959
6363	0.255931046864811
6364	0.290412527179891
6365	0.324401870609242
6366	0.357907873183345
6367	0.390939141532011
6368	0.423504097429556
6369	0.455610982225276
6370	0.48726786116218
6371	0.518482627586868
6372	0.549263007053343
6373	0.5796165613235
6374	0.609550692266951
6375	0.63907264566276
6376	0.668189514905639
6377	0.696908244619039
6378	0.725235634177545
6379	0.753178341140894
6380	0.780742884601907
6381	0.807935648450519
6382	0.834762884556094
6383	0.861230715870098
6384	0.887345139451191
6385	0.913112029414724
6386	0.938537139808573
6387	0.963626107417221
6388	0.988384454495903
6389	1.01281759143663
6390	1.0369308193678
6391	1.06072933268921
6392	1.08421822154388
6393	1.10740247422865
6394	1.13028697954481
6395	1.15287652909047
6396	1.17517581949609
6397	0
6398	0.0383969411106811
6399	0.0762276048419863
6400	0.113502443982309
6401	0.15023168143474
6402	0.186425315791691
6403	0.222093126768224
6404	0.257244680497724
6405	0.291889334693479
6406	0.326036243679613
6407	0.359694363294754
6408	0.392872455671711
6409	0.425579093896364
6410	0.457822666548872
6411	0.489611382130243
6412	0.520953273377207
6413	0.551856201468286
6414	0.582327860123843
6415	0.612375779602864
6416	0.642007330599107
6417	0.671229728039229
6418	0.700050034785401
6419	0.728475165244875
6420	0.756511888888889
6421	0.784166833683251
6422	0.811446489432866
6423	0.838357211042415
6424	0.864905221695354
6425	0.891096615953315
6426	0.916937362777965
6427	0.942433308477306
6428	0.967590179578362
6429	0.992413585628139
6430	1.0169090219247
6431	1.04108187218013
6432	1.06493741111719
6433	1.08848080700128
6434	1.11171712410944
6435	1.13465132513797
6436	1.1572882735502
6437	1.17963273586609
6438	0
6439	0.038400392343415
6440	0.0762343931329396
6441	0.113512458376819
6442	0.15024481411156
6443	0.186441461978833
6444	0.222112184661025
6445	0.257266551179072
6446	0.291913922056144
6447	0.326063454350632
6448	0.35972410656181
6449	0.392904643411454
6450	0.425613640504631
6451	0.457859488872746
6452	0.489650399401907
6453	0.520994407149553
6454	0.551899375552216
6455	0.582373000527236
6456	0.612422814471152
6457	0.642056190157426
6458	0.671280344536102
6459	0.700102342437906
6460	0.728529100185267
6461	0.756567389112639
6462	0.784223838998456
6463	0.811504941410999
6464	0.838417052970385
6465	0.864966398528833
6466	0.8911590742713
6467	0.917001050738549
6468	0.942498175774621
6469	0.967656177400663
6470	0.992480666617002
6471	1.0169771401353
6472	1.04115098304258
6473	1.0650074713989
6474	1.08855177477031
6475	1.11178895869886
6476	1.13472398711111
6477	1.1573617246669
6478	1.17970693904974
6479	0
6480	0.0384411194063733
6481	0.0763144999163285
6482	0.113630635534709
6483	0.150399789274609
6484	0.186631998761187
6485	0.222337081693419
6486	0.257524641167449
6487	0.292204070865118
6488	0.326384560111149
6489	0.360075098802369
6490	0.393284482212276
6491	0.426021315674163
6492	0.458294019145928
6493	0.49011083165962
6494	0.521479815658697
6495	0.55240886122588
6496	0.58290569020443
6497	0.612977860215583
6498	0.64263276857483
6499	0.671877656109628
6500	0.700719610881103
6501	0.729165571812186
6502	0.757222332224614
6503	0.784896543287131
6504	0.812194717377163
6505	0.839123231358207
6506	0.865688329775089
6507	0.891896127969205
6508	0.917752615115802
6509	0.943263657185294
6510	0.968434999830572
6511	0.993272271202203
6512	1.01778098469337
6513	1.04196654161633
6514	1.06583423381222
6515	1.08938924619583
6516	1.11263665923704
6517	1.13558145138059
6518	1.15822850140571
6519	1.18058259072713
6520	0
6521	0.0384707811326449
6522	0.0763728420924831
6523	0.113716704557473
6524	0.150512658470945
6525	0.186770767665015
6526	0.222500875341417
6527	0.257712609413441
6528	0.292415387712556
6529	0.32661842306322
6530	0.360330728229257
6531	0.393561120735137
6532	0.426318227565372
6533	0.458610489745171
6534	0.490446166805413
6535	0.521833341134934
6536	0.55277992222301
6537	0.58329365079488
6538	0.613382102843055
6539	0.643052693557109
6540	0.672312681154545
6541	0.7011691706153
6542	0.729629117322368
6543	0.757699330610938
6544	0.785386477228421
6545	0.812697084707652
6546	0.839637544655482
6547	0.866214115958963
6548	0.892432927911224
6549	0.9182999832591
6550	0.943821161174534
6551	0.969002220151706
6552	0.99384880083179
6553	1.0183664287572
6554	1.04256051705712
6555	1.06643636906613
6556	1.08999918087757
6557	1.11325404383335
6558	1.13620594695188
6559	1.15885977929559
6560	1.18122033227973
6561	0
6562	0.0385502268362514
6563	0.0765291052577522
6564	0.113947231061884
6565	0.150814966321686
6566	0.18714244506175
6567	0.222939578790175
6568	0.258216061890272
6569	0.292981376875661
6570	0.327244799512276
6571	0.361015403810704
6572	0.394302066892222
6573	0.427113473731774
6574	0.459458121781063
6575	0.491344325474858
6576	0.522780220623517
6577	0.553773768694657
6578	0.58433276098684
6579	0.614464822698039
6580	0.64417741689161
6581	0.673477848362395
6582	0.702373267405537
6583	0.730870673490507
6584	0.75897691884278
6585	0.786698711935539
6586	0.814042620893721
6587	0.841015076812652
6588	0.867622376993475
6589	0.89387068809751
6590	0.919766049221614
6591	0.945314374896593
6592	0.97052145801062
6593	0.995392972659595
6594	1.01993447692633
6595	1.04415141559036
6596	1.0680491227702
6597	1.09163282449971
6598	1.11490764124036
6599	1.13787859033096
6600	1.16055058837641
6601	1.18292845357724
6602	0
6603	0.0385524835986396
6604	0.0765335441237705
6605	0.113953779478237
6606	0.150823553784019
6607	0.187153003059621
6608	0.222952040753475
6609	0.258230363137065
6610	0.292997454561394
6611	0.327262592580333
6612	0.361034852944265
6613	0.394323114467397
6614	0.427136063771968
6615	0.459482199912551
6616	0.491369838883537
6617	0.52280711801279
6618	0.553802000244446
6619	0.584362278313668
6620	0.614495578816177
6621	0.644209366175249
6622	0.673510946508818
6623	0.702407471399267
6624	0.730905941568401
6625	0.759013210460053
6626	0.786735987732682
6627	0.8140808426643
6628	0.841054207471954
6629	0.867662380547993
6630	0.89391152961523
6631	0.919807694803095
6632	0.945356791646808
6633	0.970564614011549
6634	0.995436836943549
6635	1.01997901944997
6636	1.04419660720942
6637	1.06809493521487
6638	1.09167923035068
6639	1.11495461390552
6640	1.13792610402264
6641	1.16059861808936
6642	1.18297697506706
6643	0
6644	0.0387305148022982
6645	0.0768837168598336
6646	0.114470370170906
6647	0.151501000494157
6648	0.18798590114359
6649	0.223935138636507
6650	0.259358558198173
6651	0.294265789126902
6652	0.32866625002317
6653	0.362569153886256
6654	0.395983513081843
6655	0.428918144183898
6656	0.461381672694073
6657	0.493382537641795
6658	0.524928996068109
6659	0.556029127396285
6660	0.586690837692092
6661	0.61692186381659
6662	0.646729777474214
6663	0.676121989158834
6664	0.705105752000431
6665	0.733688165514937
6666	0.761876179259743
6667	0.789676596397284
6668	0.817096077169094
6669	0.8441411422826
6670	0.870818176212932
6671	0.897133430421904
6672	0.923093026496322
6673	0.948702959207666
6674	0.973969099495189
6675	0.998897197374381
6676	1.02349288477273
6677	1.04776167829463
6678	1.07170898191728
6679	1.09534008961928
6680	1.11866018794379
6681	1.14167435849771
6682	1.16438758038876
6683	1.1868047326019
6684	0
6685	0.0388658681918056
6686	0.0771499458453439
6687	0.114863123237805
6688	0.152016049016795
6689	0.188619136084784
6690	0.224682567334125
6691	0.260216301236518
6692	0.295230077290678
6693	0.329733421331856
6694	0.363735650706785
6695	0.397245879317538
6696	0.43027302253765
6697	0.462825802003837
6698	0.494912750286483
6699	0.526542215442053
6700	0.557722365450461
6701	0.588461192540354
6702	0.618766517405219
6703	0.648645993313105
6704	0.678107110112717
6705	0.707157198138546
6706	0.735803432017625
6707	0.764052834380465
6708	0.791912279478615
6709	0.819388496711266
6710	0.846488074063224
6711	0.873217461456552
6712	0.899582974018071
6713	0.92559079526492
6714	0.951246980210244
6715	0.976557458391098
6716	1.00152803682053
6717	1.02616440286582
6718	1.05047212705475
6719	1.07445666581176
6720	1.09812336412584
6721	1.12147745815172
6722	1.14452407774641
6723	1.16726824894237
6724	1.18971489635918
6725	0
6726	0.0389509268303094
6727	0.0773172491919405
6728	0.115109936718134
6729	0.152339715282254
6730	0.189017072938431
6731	0.225152265711309
6732	0.260755323238799
6733	0.295836054271637
6734	0.330404052033441
6735	0.364468699444866
6736	0.398039174215377
6737	0.431124453806036
6738	0.463733320266654
6739	0.495874364950529
6740	0.527555993109943
6741	0.558786428375485
6742	0.589573717122191
6743	0.619925732725434
6744	0.649850179709388
6745	0.679354597790843
6746	0.708446365821064
6747	0.737132705628329
6748	0.765420685763685
6749	0.793317225152427
6750	0.820829096653731
6751	0.847962930530787
6752	0.874725217833748
6753	0.901122313697737
6754	0.927160440558086
6755	0.952845691284952
6756	0.978184032239354
6757	1.00318130625269
6758	1.02784323553165
6759	1.05217542449051
6760	1.07618336251256
6761	1.09987242664264
6762	1.1232478842124
6763	1.14631489540008
6764	1.16907851572654
6765	1.19154369848906
6766	0
6767	0.0393267915259501
6768	0.0780565441366312
6769	0.116200578130877
6770	0.153769960634115
6771	0.190775511787338
6772	0.227227810778674
6773	0.263137201721628
6774	0.298513799383945
6775	0.33336749477097
6776	0.36770796056725
6777	0.401544656440042
6778	0.434886834208305
6779	0.467743542880626
6780	0.500123633565482
6781	0.532035764257131
6782	0.563488404500324
6783	0.594489839936993
6784	0.625048176737925
6785	0.655171345922425
6786	0.684867107568818
6787	0.714143054918636
6788	0.743006618377211
6789	0.771465069413349
6790	0.799525524360684
6791	0.827194948123246
6792	0.854480157787707
6793	0.881387826144709
6794	0.907924485121614
6795	0.93409652912895
6796	0.959910218322787
6797	0.985371681785188
6798	1.01048692062485
6799	1.035261811
6800	1.05970210706549
6801	1.08381344384615
6802	1.10760134003815
6803	1.13107120074032
6804	1.15422832011722
6805	1.17707788399566
6806	1.19962497239641
6807	0
6808	0.0396060567387778
6809	0.0786058358431046
6810	0.117010918154245
6811	0.15483262434586
6812	0.192082021297489
6813	0.22876992830579
6814	0.264906923137744
6815	0.300503347929899
6816	0.335569314937636
6817	0.370114712138331
6818	0.404149208692194
6819	0.43768226026445
6820	0.470723114212456
6821	0.503280814641228
6822	0.535364207330793
6823	0.566981944538653
6824	0.598142489680601
6825	0.628854121893026
6826	0.659124940479751
6827	0.688962869246402
6828	0.71837566072519
6829	0.747370900292948
6830	0.775956010185159
6831	0.804138253408666
6832	0.831924737555674
6833	0.859322418521583
6834	0.886338104129125
6835	0.912978457661233
6836	0.939250001304976
6837	0.965159119508854
6838	0.990712062255686
6839	1.01591494825326
6840	1.04077376804485
6841	1.06529438704168
6842	1.08948254847937
6843	1.11334387630015
6844	1.13688387796308
6845	1.16010794718372
6846	1.18302136660543
6847	1.20562931040375
6848	0
6849	0.0397841864744147
6850	0.0789562023834655
6851	0.117527794755798
6852	0.155510445991196
6853	0.19291538035175
6854	0.229753570287705
6855	0.266035742602265
6856	0.301772384459508
6857	0.336973749239483
6858	0.371649862244423
6859	0.40581052625993
6860	0.439465326974877
6861	0.472623638263682
6862	0.505294627334494
6863	0.537487259746775
6864	0.569210304301628
6865	0.600472337808174
6866	0.631281749729166
6867	0.661646746708965
6868	0.691575356986898
6869	0.721075434698977
6870	0.750154664070839
6871	0.778820563504718
6872	0.807080489563185
6873	0.834941640852313
6874	0.862411061806853
6875	0.889495646379962
6876	0.916202141639923
6877	0.94253715127626
6878	0.968507139017588
6879	0.994118431963455
6880	1.0193772238324
6881	1.04428957812838
6882	1.06886143122767
6883	1.09309859538828
6884	1.11700676168383
6885	1.14059150286397
6886	1.16385827614304
6887	1.18681242591897
6888	1.20945918642408
6889	0
6890	0.0401186331765244
6891	0.0796140315411542
6892	0.118498254146922
6893	0.156783087041781
6894	0.19448004998074
6895	0.231600402966888
6896	0.268155152625732
6897	0.304155058417155
6898	0.339610638689205
6899	0.374532176577795
6900	0.408929725756294
6901	0.442813116038908
6902	0.476191958841603
6903	0.509075652504276
6904	0.541473387477739
6905	0.573394151379021
6906	0.604846733918387
6907	0.635839731701374
6908	0.666381552909091
6909	0.696480421859907
6910	0.726144383455603
6911	0.755381307514952
6912	0.784198892997651
6913	0.812604672121414
6914	0.840606014374999
6915	0.868210130429835
6916	0.895424075952874
6917	0.922254755323214
6918	0.948708925254958
6919	0.974793198328751
6920	1.00051404643431
6921	1.0258778041263
6922	1.05089067189568
6923	1.07555871935881
6924	1.09988788836643
6925	1.12388399603438
6926	1.14755273769839
6927	1.17089968979465
6928	1.1939303126681
6929	1.21664995331042
6930	0
6931	0.0401481970548435
6932	0.0796721812584334
6933	0.118584039245629
6934	0.156895583905783
6935	0.19461836111441
6936	0.231763656293229
6937	0.268342500803025
6938	0.304365678173647
6939	0.339843730175354
6940	0.374786962735624
6941	0.409205451705397
6942	0.443109048478674
6943	0.476507385469235
6944	0.509409881448187
6945	0.541825746745924
6946	0.573763988322012
6947	0.605233414706405
6948	0.636242640815313
6949	0.666800092644964
6950	0.696914011846407
6951	0.726592460184425
6952	0.755843323883552
6953	0.784674317864112
6954	0.813092989871099
6955	0.841106724498681
6956	0.868722747113008
6957	0.895948127675947
6958	0.922789784472302
6959	0.949254487742996
6960	0.975348863226653
6961	1.00107939561192
6962	1.02645243190286
6963	1.05147418469959
6964	1.07615073539643
6965	1.10048803729961
6966	1.12449191866668
6967	1.14816808566953
6968	1.17152212528311
6969	1.19455950810167
6970	1.21728559108441
6971	0
6972	0.0401511771035144
6973	0.0796780427690858
6974	0.118592686411831
6975	0.156906923626724
6976	0.194632302922234
6977	0.231780112282289
6978	0.268361385560996
6979	0.304386908714465
6980	0.339867225873923
6981	0.374812645264243
6982	0.409233244971872
6983	0.443138878566063
6984	0.476539180577181
6985	0.509443571835806
6986	0.541861264676201
6987	0.573801268007665
6988	0.605272392257184
6989	0.63628325418669
6990	0.66684228158818
6991	0.696957717859843
6992	0.726637626466257
6993	0.755889895285665
6994	0.784722240847225
6995	0.813142212461086
6996	0.841157196244049
6997	0.868774419043494
6998	0.896000952262221
6999	0.922843715586733
7000	0.949309480621462
7001	0.975404874431361
7002	1.00113638299522
7003	1.02651035457199
7004	1.0515330029824
7005	1.07621041080799
7006	1.10054853250973
7007	1.12455319746822
7008	1.14823011294767
7009	1.17158486698534
7010	1.19462293120859
7011	1.21734966358137
7012	0
7013	0.0405812452993457
7014	0.0805239515408806
7015	0.119840609374848
7016	0.158543424860293
7017	0.19664432648284
7018	0.234154971993353
7019	0.271086755072101
7020	0.30745081182296
7021	0.343258027102027
7022	0.378519040684956
7023	0.413244253277164
7024	0.447443832370988
7025	0.481127717953732
7026	0.514305628070487
7027	0.546987064245444
7028	0.579181316765385
7029	0.610897469828898
7030	0.642144406564793
7031	0.672930813923091
7032	0.703265187441884
7033	0.733155835893267
7034	0.762610885811462
7035	0.791638285906187
7036	0.820245811364212
7037	0.848441068042006
7038	0.876231496552275
7039	0.903624376247127
7040	0.930626829100537
7041	0.9572458234927
7042	0.983488177898811
7043	1.00936056448472
7044	1.03486951261188
7045	1.06002141225391
7046	1.08482251732707
7047	1.10927894893681
7048	1.13339669854266
7049	1.15718163104342
7050	1.18063948778485
7051	1.2037758894917
7052	1.22659633912621
7053	0
7054	0.0407219806166276
7055	0.0808007663357061
7056	0.120248979107477
7057	0.159078952766265
7058	0.197302740141244
7059	0.234932119985639
7060	0.271978603729067
7061	0.308453442057593
7062	0.344367631325967
7063	0.379731919806365
7064	0.414556813777888
7065	0.448852583460914
7066	0.482629268800338
7067	0.515896685101588
7068	0.548664428523233
7069	0.580941881429893
7070	0.612738217609049
7071	0.644062407355284
7072	0.674923222425371
7073	0.705329240867547
7074	0.735288851728224
7075	0.764810259639299
7076	0.793901489289146
7077	0.822570389780297
7078	0.85082463887673
7079	0.878671747143615
7080	0.906119061982295
7081	0.933173771563205
7082	0.95984290865935
7083	0.986133354382922
7084	1.01205184182754
7085	1.03760495961855
7086	1.06279915537378
7087	1.08764073907696
7088	1.11213588636622
7089	1.13629064173971
7090	1.16011092168052
7091	1.18360251770298
7092	1.20677109932243
7093	1.22962221695029
7094	0
7095	0.0408087307089277
7096	0.0809713966328123
7097	0.120500700656
7098	0.159409055374264
7099	0.197708590262886
7100	0.235411158661671
7101	0.272528344581638
7102	0.309071469338003
7103	0.345051598013949
7104	0.380479545759561
7105	0.415365883930187
7106	0.44972094606839
7107	0.483554833733519
7108	0.516877422182857
7109	0.549698365908172
7110	0.582027104031413
7111	0.61387286556319
7112	0.645244674527592
7113	0.676151354956781
7114	0.706601535758743
7115	0.736603655461458
7116	0.766165966836698
7117	0.795296541406536
7118	0.824003273835621
7119	0.852293886212151
7120	0.880175932220413
7121	0.907656801207709
7122	0.934743722148366
7123	0.961443767507501
7124	0.987763857007128
7125	1.01371076129711
7126	1.03929110553341
7127	1.06451137286608
7128	1.08937790783919
7129	1.11389691970514
7130	1.1380744856554
7131	1.16191655396991
7132	1.18542894708723
7133	1.20861736459751
7134	1.2314873861601
7135	0
7136	0.0408144256946537
7137	0.0809825982013719
7138	0.120517225717677
7139	0.159430726009889
7140	0.197735233584967
7141	0.235442606679188
7142	0.272564434068408
7143	0.30911204170452
7144	0.345096499182603
7145	0.380528626043154
7146	0.41541899791366
7147	0.449777952493668
7148	0.483615595387406
7149	0.516941805787886
7150	0.549766242016344
7151	0.582098346920744
7152	0.613947353136997
7153	0.645322288216433
7154	0.676231979622999
7155	0.706685059603531
7156	0.736689969934386
7157	0.766254966547628
7158	0.795388124039879
7159	0.824097340066859
7160	0.852390339626567
7161	0.880274679233985
7162	0.907757750990089
7163	0.934846786547907
7164	0.961548860978273
7165	0.987870896537864
7166	1.01381966634204
7167	1.03940179794494
7168	1.06462377682923
7169	1.08949194980782
7170	1.11401252833981
7171	1.13819159176293
7172	1.16203509044453
7173	1.1855488488533
7174	1.20873856855372
7175	1.23160983112523
7176	0
7177	0.0409570480261222
7178	0.0812631245979118
7179	0.120931070973392
7180	0.159973434407406
7181	0.198402475417691
7182	0.236230174865316
7183	0.273468240854296
7184	0.310128115455062
7185	0.346220981256344
7186	0.381757767749911
7187	0.416749157552492
7188	0.451205592469081
7189	0.485137279401749
7190	0.518554196107938
7191	0.551466096812145
7192	0.583882517674773
7193	0.615812782121853
7194	0.647266006039233
7195	0.678251102834721
7196	0.708776788371612
7197	0.738851585776922
7198	0.768483830127539
7199	0.797681673017486
7200	0.826453087009322
7201	0.854805869972711
7202	0.882747649313038
7203	0.910285886092937
7204	0.937427879049473
7205	0.964180768509685
7206	0.9905515402071
7207	1.01654702900178
7208	1.04217392250639
7209	1.0674387646207
7210	1.09234795897686
7211	1.11690777229784
7212	1.14112433767115
7213	1.16500365774007
7214	1.18855160781457
7215	1.21177393890387
7216	1.23467628067281
7217	0
7218	0.0411131010618916
7219	0.0815700680852519
7220	0.121383887918873
7221	0.160567249500022
7222	0.199132551223611
7223	0.237091908123042
7224	0.274457158867587
7225	0.311239872581067
7226	0.347451355486443
7227	0.383102657380836
7228	0.418204577945361
7229	0.45276767289404
7230	0.486802259965978
7231	0.52031842476483
7232	0.553326026449536
7233	0.585834703280143
7234	0.617853878022487
7235	0.649392763215364
7236	0.680460366303753
7237	0.711065494641552
7238	0.741216760367196
7239	0.77092258515545
7240	0.800191204848554
7241	0.829030673969869
7242	0.857448870123022
7243	0.885453498279534
7244	0.913052094957794
7245	0.940252032296191
7246	0.967060522023123
7247	0.993484619326569
7248	1.01953122662578
7249	1.04520709724762
7250	1.07051883901009
7251	1.09547291771526
7252	1.12007566055413
7253	1.14433325942559
7254	1.16825177417167
7255	1.1918371357313
7256	1.21509514921468
7257	1.23803149690022
7258	0
7259	0.0411393723304748
7260	0.0816217415099695
7261	0.12146011889724
7262	0.160667217281552
7263	0.199255458269212
7264	0.23723697948131
7265	0.274623641567561
7266	0.311427035041013
7267	0.347658486938244
7268	0.38332906730958
7269	0.418449595543731
7270	0.453030646531114
7271	0.487082556670064
7272	0.520615429719966
7273	0.553639142505298
7274	0.586163350474414
7275	0.618197493116839
7276	0.649750799242732
7277	0.680832292128073
7278	0.71145079452905
7279	0.741614933569025
7280	0.771333145501367
7281	0.800613680351368
7282	0.829464606440348
7283	0.857893814795018
7284	0.885909023445027
7285	0.913517781611615
7286	0.940727473790161
7287	0.967545323729365
7288	0.993978398309743
7289	1.02003361132402
7290	1.04571772716196
7291	1.07103736440206
7292	1.0959989993126
7293	1.12060896926429
7294	1.1448734760568
7295	1.16879858916148
7296	1.19239024888231
7297	1.21565426943729
7298	1.23859634196223
7299	0
7300	0.0411612214885199
7301	0.0816647170069392
7302	0.121523518298338
7303	0.160750357989096
7304	0.199357676989853
7305	0.237357631707317
7306	0.27476210107179
7307	0.311582693385204
7308	0.347830752994303
7309	0.383517366793499
7310	0.418653370561814
7311	0.453249355138197
7312	0.487315672439395
7313	0.520862441324464
7314	0.553899553309867
7315	0.586436678139043
7316	0.618483269210192
7317	0.650048568865961
7318	0.681141613548577
7319	0.711771238823929
7320	0.741946084277965
7321	0.771674598288719
7322	0.800965042677169
7323	0.829825497240059
7324	0.858263864167738
7325	0.886287872349976
7326	0.913905081572658
7327	0.941122886608161
7328	0.967948521202172
7329	0.994389061959599
7330	1.0204514321322
7331	1.04614240531046
7332	1.07146860902215
7333	1.09643652824002
7334	1.12105250880096
7335	1.14532276073891
7336	1.16925336153366
7337	1.19285025927788
7338	1.2161192757643
7339	1.23906610949521
7340	0
7341	0.0412599308682227
7342	0.081858870238818
7343	0.121809941946472
7344	0.161125968236992
7345	0.199819477233488
7346	0.237902710211685
7347	0.275387628689292
7348	0.31228592133426
7349	0.348609010696606
7350	0.384368059768376
7351	0.419573978376193
7352	0.454237429410724
7353	0.488368834897285
7354	0.521978381911695
7355	0.555076028345373
7356	0.587671508523602
7357	0.619774338680722
7358	0.651393822295984
7359	0.682539055293642
7360	0.713218931110808
7361	0.743442145636487
7362	0.773217202025103
7363	0.802552415387785
7364	0.831455917364544
7365	0.859935660580446
7366	0.88799942298874
7367	0.915654812103897
7368	0.942909269127377
7369	0.969770072968896
7370	0.996244344165898
7371	1.02233904870386
7372	1.04806100173994
7373	1.0734168712326
7374	1.09841318147937
7375	1.12305631656544
7376	1.14735252372515
7377	1.17130791661863
7378	1.19492847852596
7379	1.21822006546074
7380	1.24118840920533
7381	0
7382	0.0414215665223504
7383	0.0821767942773467
7384	0.122278957898787
7385	0.161741026383427
7386	0.200575670663952
7387	0.238795270988279
7388	0.276411924110198
7389	0.313437450296238
7390	0.34988340015352
7391	0.385761061283228
7392	0.421081464764216
7393	0.455855391471144
7394	0.49009337823143
7395	0.523805723825177
7396	0.55700249483216
7397	0.589693531329804
7398	0.621888452446019
7399	0.653596661770653
7400	0.684827352629204
7401	0.715589513222357
7402	0.745891931634821
7403	0.775743200716831
7404	0.80515172284162
7405	0.834125714542055
7406	0.862673211029554
7407	0.890802070598342
7408	0.918519978917991
7409	0.945834453217129
7410	0.972752846361136
7411	0.999282350826559
7412	1.02543000257491
7413	1.05120268482842
7414	1.07660713175036
7415	1.10164993203224
7416	1.12633753239046
7417	1.15067624097465
7418	1.17467223068991
7419	1.19833154243534
7420	1.22166008826092
7421	1.24466365444477
7422	0
7423	0.0415808597559932
7424	0.0824901109674253
7425	0.12274117688183
7426	0.162347171120198
7427	0.201320905355196
7428	0.239674896792954
7429	0.277421375463503
7430	0.314572291324826
7431	0.351139321185347
7432	0.387133875449556
7433	0.422567104691351
7434	0.457449906059566
7435	0.491792929520007
7436	0.525606583938253
7437	0.558901043007319
7438	0.591686251024214
7439	0.62397192851929
7440	0.655767577742192
7441	0.687082488008122
7442	0.717925740908026
7443	0.74830621538622
7444	0.778232592688881
7445	0.807713361186747
7446	0.83675682107527
7447	0.865371088955386
7448	0.893564102297995
7449	0.921343623795144
7450	0.948717245600848
7451	0.975692393464389
7452	1.00227633075887
7453	1.02847616240776
7454	1.05429883871195
7455	1.07975115908009
7456	1.10483977566447
7457	1.12957119690507
7458	1.15395179098399
7459	1.17798778919273
7460	1.20168528921444
7461	1.22505025832336
7462	1.24808853650362
7463	0
7464	0.0416611180822311
7465	0.0826479724945791
7466	0.122974061362144
7467	0.162652571173412
7468	0.201696384511504
7469	0.240118087587594
7470	0.277929977581635
7471	0.315144069795372
7472	0.351772104622511
7473	0.387825554340777
7474	0.423315629730472
7475	0.458253286524022
7476	0.4926492316909
7477	0.526513929562162
7478	0.559857607798778
7479	0.592690263207767
7480	0.625021667410099
7481	0.656861372364188
7482	0.688218715748703
7483	0.719102826208353
7484	0.749522628466171
7485	0.779486848305758
7486	0.809004017426848
7487	0.838082478177461
7488	0.866730388165842
7489	0.894955724755276
7490	0.922766289444827
7491	0.950169712138928
7492	0.977173455308696
7493	1.00378481804777
7494	1.03001094002541
7495	1.05585880533943
7496	1.08133524627174
7497	1.10644694694871
7498	1.13120044690911
7499	1.15560214458185
7500	1.17965830067584
7501	1.20337504148427
7502	1.22675836210562
7503	1.24981412958324
7504	0
7505	0.0416708552602499
7506	0.0826671247229431
7507	0.123002315597547
7508	0.162689623213051
7509	0.201741938755639
7510	0.240171856808384
7511	0.277991682698065
7512	0.315213439654127
7513	0.351848875784631
7514	0.387909470873945
7515	0.42340644300679
7516	0.45835075502313
7517	0.492753120808288
7518	0.526624011422559
7519	0.559973661074464
7520	0.592812072941692
7521	0.625149024843679
7522	0.656994074769654
7523	0.688356566265884
7524	0.719245633685781
7525	0.749670207306387
7526	0.779639018314716
7527	0.809160603667305
7528	0.838243310826247
7529	0.866895302374915
7530	0.895124560516457
7531	0.922938891458121
7532	0.95034592968433
7533	0.977353142121403
7534	1.0039678321967
7535	1.03019714379494
7536	1.0560480651143
7537	1.08152743242495
7538	1.10664193373245
7539	1.13139811234858
7540	1.15580237037187
7541	1.17986097208024
7542	1.20358004723795
7543	1.22696559431917
7544	1.25002348365019
7545	0
7546	0.041752457574545
7547	0.0828276297640739
7548	0.123239099909504
7549	0.163000137427541
7550	0.202123705602276
7551	0.240622469177369
7552	0.278508801753999
7553	0.315794792999602
7554	0.352492255672308
7555	0.388612732465837
7556	0.424167502679514
7557	0.459167588717926
7558	0.49362376242463
7559	0.527546551254215
7560	0.560946244286888
7561	0.59383289808967
7562	0.626216342428171
7563	0.658106185832795
7564	0.689511821023165
7565	0.720442430194403
7566	0.750906990168872
7567	0.780914277416823
7568	0.810472872949364
7569	0.83959116708704
7570	0.868277364107224
7571	0.896539486773485
7572	0.924385380749937
7573	0.951822718903583
7574	0.978859005497513
7575	1.00550158027779
7576	1.03175762245677
7577	1.05763415459552
7578	1.08313804638793
7579	1.10827601834908
7580	1.13305464541035
7581	1.15748036042354
7582	1.1815594575766
7583	1.20529809572297
7584	1.22870230162696
7585	1.25177797312723
7586	0
7587	0.0418824977873222
7588	0.0830834081679189
7589	0.123616435804632
7590	0.163494968179237
7591	0.202732083469949
7592	0.241340558227283
7593	0.279332874853465
7594	0.316721228890513
7595	0.353517536121925
7596	0.389733439492811
7597	0.425380315853162
7598	0.460469282528848
7599	0.495011203724792
7600	0.529016696764673
7601	0.562496138171389
7602	0.595459669592392
7603	0.627917203573924
7604	0.659878429188049
7605	0.691352817516295
7606	0.722349626993619
7607	0.752877908616296
7608	0.78294651101726
7609	0.812564085412321
7610	0.841739090420594
7611	0.870479796762392
7612	0.898794291837745
7613	0.92669048418864
7614	0.954176107847975
7615	0.981258726578151
7616	1.00794573800217
7617	1.03424437762997
7618	1.0601617227828
7619	1.0857046964181
7620	1.11088007085763
7621	1.13569447142124
7622	1.16015437996873
7623	1.18426613835219
7624	1.20803595178114
7625	1.23146989210264
7626	1.25457390099864
7627	0
7628	0.0420245736144546
7629	0.0833628596353752
7630	0.124028695276239
7631	0.164035597011167
7632	0.203396768546302
7633	0.242125108587071
7634	0.280233218406615
7635	0.317733409220545
7636	0.354637709373037
7637	0.390957871339159
7638	0.426705378548179
7639	0.461891452032499
7640	0.496527056906731
7641	0.530622908681301
7642	0.56418947941488
7643	0.597237003709806
7644	0.629775484554549
7645	0.661814699017206
7646	0.693364203793843
7647	0.724433340615476
7648	0.755031241517314
7649	0.785166833973846
7650	0.814848845903242
7651	0.844085810544429
7652	0.872886071210147
7653	0.901257785919195
7654	0.929208931910967
7655	0.956747310045342
7656	0.983880549090876
7657	1.01061610990419
7658	1.03696128950333
7659	1.06292322503793
7660	1.08850889765869
7661	1.1137251362889
7662	1.13857862130052
7663	1.16307588809715
7664	1.18722333060652
7665	1.21102720468459
7666	1.23449363143372
7667	1.25762860043699
7668	0
7669	0.0421539544070168
7670	0.0836173410138889
7671	0.124404117740808
7672	0.164527918528267
7673	0.204002061393921
7674	0.242839556283087
7675	0.281053112718237
7676	0.318655147252683
7677	0.35565779073354
7678	0.392072895378902
7679	0.427912041674033
7680	0.463186545091283
7681	0.497907462638272
7682	0.532085599238804
7683	0.565731513950826
7684	0.598855526025671
7685	0.631467720812674
7686	0.663577955513169
7687	0.695195864787767
7688	0.726330866220709
7689	0.756992165644992
7690	0.787188762331858
7691	0.816929454048178
7692	0.846222841985114
7693	0.875077335561419
7694	0.903501157104592
7695	0.931502346413051
7696	0.959088765202403
7697	0.986268101438804
7698	1.01304787356232
7699	1.03943543460311
7700	1.0654379761933
7701	1.09106253247704
7702	1.1163159839216
7703	1.1412050610319
7704	1.16573634797102
7705	1.18991628608914
7706	1.21375117736322
7707	1.23724718774975
7708	1.26041035045281
7709	0
7710	0.0424643303773026
7711	0.0842278250216904
7712	0.125304731420784
7713	0.165708965309141
7714	0.205454118930177
7715	0.244553469086356
7716	0.283019984983138
7717	0.320866335872018
7718	0.35810489849789
7719	0.39474776435577
7720	0.430806746761846
7721	0.466293387743659
7722	0.501218964754086
7723	0.535594497213708
7724	0.569430752885988
7725	0.60273825408961
7726	0.635527283752172
7727	0.667807891309352
7728	0.699589898453547
7729	0.73088290473588
7730	0.761696293025357
7731	0.792039234828886
7732	0.821920695475752
7733	0.851349439170048
7734	0.880334033914475
7735	0.908882856308855
7736	0.937004096226569
7737	0.964705761372096
7738	0.991995681722717
7739	1.01888151385737
7740	1.0453707451756
7741	1.0714706980094
7742	1.09718853363073
7743	1.12253125615743
7744	1.1475057163601
7745	1.17211861537258
7746	1.19637650830838
7747	1.22028580778569
7748	1.24385278736312
7749	1.26708358488858
7750	0
7751	0.0425537862174812
7752	0.0844037773023492
7753	0.125564304200676
7754	0.166049363865047
7755	0.205872627575591
7756	0.245047449047718
7757	0.283586872332112
7758	0.321503639512354
7759	0.358810198205422
7760	0.395518708870169
7761	0.431641051928773
7762	0.467188834705983
7763	0.502173398190897
7764	0.536605823625855
7765	0.570496938926942
7766	0.603857324940439
7767	0.636697321539492
7768	0.669027033565115
7769	0.700856336615572
7770	0.732194882688055
7771	0.763052105676478
7772	0.793437226729113
7773	0.823359259469694
7774	0.852827015085519
7775	0.881849107285989
7776	0.910433957134935
7777	0.938589797759994
7778	0.966324678942219
7779	0.993646471589006
7780	1.02056287209336
7781	1.04708140658246
7782	1.0732094350583
7783	1.09895415543333
7784	1.12432260746366
7785	1.1493216765826
7786	1.17395809763702
7787	1.19823845852905
7788	1.22216920376561
7789	1.24575663791815
7790	1.26900692899479
7791	0
7792	0.0425901800609879
7793	0.0844753609994468
7794	0.125669907715339
7795	0.166187850203657
7796	0.206042891899497
7797	0.245248417809214
7798	0.283817502433214
7799	0.321762917485781
7800	0.359097139417198
7801	0.395832356743281
7802	0.43198047718733
7803	0.46755313463934
7804	0.502561695937221
7805	0.537017267474624
7806	0.570930701639875
7807	0.604312603090382
7808	0.63717333486678
7809	0.669523024350961
7810	0.70137156907203
7811	0.73272864236412
7812	0.763603698879906
7813	0.794005979963547
7814	0.823944518886692
7815	0.853428145951091
7816	0.88246549346127
7817	0.911065000570611
7818	0.939234918004136
7819	0.966983312661156
7820	0.994318072100905
7821	1.02124690891418
7822	1.04777736498394
7823	1.07391681563771
7824	1.09967247369458
7825	1.1250513934096
7826	1.15006047431812
7827	1.17470646498265
7828	1.19899596664493
7829	1.22293543678536
7830	1.24653119259252
7831	1.26978941434479
7832	0
7833	0.0427589697859166
7834	0.0848073565068801
7835	0.126159682536406
7836	0.166830131115701
7837	0.206832554810255
7838	0.246180483749593
7839	0.284887133655813
7840	0.322965413666395
7841	0.360427933956592
7842	0.397287013166618
7843	0.433554685638685
7844	0.46924270846881
7845	0.504362568378197
7846	0.538925488408872
7847	0.572942434448109
7848	0.606424121586101
7849	0.63938102031117
7850	0.671823362546751
7851	0.703761147534214
7852	0.735204147565546
7853	0.766161913569754
7854	0.796643780556787
7855	0.82665887292266
7856	0.856216109619375
7857	0.885324209193123
7858	0.913991694694192
7859	0.942226898461885
7860	0.970037966787681
7861	0.997432864459792
7862	1.02441937919218
7863	1.051005125941
7864	1.07719755111144
7865	1.10300393665768
7866	1.12843140407884
7867	1.15348691831357
7868	1.17817729153581
7869	1.20250918685447
7870	1.22648912191925
7871	1.25012347243526
7872	1.27341847558867
7873	0
7874	0.043008954313553
7875	0.0852990555136663
7876	0.126885059198666
7877	0.167781375573709
7878	0.208002078072535
7879	0.247560911758052
7880	0.286471301507498
7881	0.324746359987757
7882	0.362398895426267
7883	0.39944141918283
7884	0.435886153127477
7885	0.471745036829409
7886	0.507029734561927
7887	0.541751642128095
7888	0.575921893511803
7889	0.609551367358738
7890	0.642650693291672
7891	0.675230258064362
7892	0.707300211558233
7893	0.738870472625923
7894	0.769950734785646
7895	0.80055047177024
7896	0.83067894293466
7897	0.860345198525573
7898	0.88955808481663
7899	0.918326249112886
7900	0.946658144627751
7901	0.974562035235774
7902	1.00204600010446
7903	1.02911793820826
7904	1.05578557272776
7905	1.08205645533708
7906	1.10793797038231
7907	1.13343733895381
7908	1.15856162285519
7909	1.18331772847157
7910	1.20771241053966
7911	1.23175227582235
7912	1.2554437866902
7913	1.27879326461211
7914	0
7915	0.0430352967466301
7916	0.0853508689130906
7917	0.126961496674065
7918	0.16788161415132
7919	0.208125318052865
7920	0.247706376090482
7921	0.286638235181396
7922	0.324934029439654
7923	0.362606587962694
7924	0.399668442418386
7925	0.436131834437739
7926	0.472008722818295
7927	0.50731079054313
7928	0.542049451620219
7929	0.576235857746843
7930	0.609880904803556
7931	0.64299523918212
7932	0.675589263951734
7933	0.707673144867705
7934	0.739256816226685
7935	0.770349986572404
7936	0.800962144255799
7937	0.831102562853291
7938	0.860780306446889
7939	0.890004234769683
7940	0.918783008220232
7941	0.947125092749205
7942	0.975038764621615
7943	1.00253211505783
7944	1.02961305475651
7945	1.05628931830253
7946	1.08256846846287
7947	1.10845790037326
7948	1.13396484561864
7949	1.15909637620988
7950	1.18385940845972
7951	1.20826070676026
7952	1.23230688726482
7953	1.25600442147642
7954	1.27935963974537
7955	0
7956	0.0434771612574945
7957	0.0862199800664102
7958	0.128243648842012
7959	0.169563002880153
7960	0.210192529288367
7961	0.250146375687691
7962	0.28943835869116
7963	0.32808197216477
7964	0.366090395276551
7965	0.403476500339242
7966	0.440252860451916
7967	0.476431756945779
7968	0.512025186639204
7969	0.547044868906958
7970	0.581502252568424
7971	0.615408522599522
7972	0.648774606672886
7973	0.68161118153075
7974	0.713928679194877
7975	0.745737293017752
7976	0.777046983579147
7977	0.807867484432059
7978	0.838208307701937
7979	0.868078749542964
7980	0.897487895455129
7981	0.92644462546567
7982	0.954957619178395
7983	0.983035360694318
7984	1.01068614340692
7985	1.03791807467529
7986	1.06473908037828
7987	1.09115690935279
7988	1.11717913771917
7989	1.14281317309658
7990	1.16806625871129
7991	1.19294547740056
7992	1.21745775551488
7993	1.24160986672115
7994	1.26540843570934
7995	1.28885994180525
7996	0
7997	0.0439082157733348
7998	0.0870678288485463
7999	0.129494433796221
8000	0.171203257271773
8001	0.212209167231333
8002	0.2525266819109
8003	0.292169978574896
8004	0.331152902040113
8005	0.369488972980875
8006	0.407191396021077
8007	0.444273067618659
8008	0.480746583747863
8009	0.516624247384538
8010	0.551918075799594
8011	0.586639807665572
8012	0.620800909981187
8013	0.654412584818544
8014	0.687485775897641
8015	0.720031174992619
8016	0.752059228174126
8017	0.783580141892037
8018	0.814603888902668
8019	0.845140214044507
8020	0.875198639866384
8021	0.904788472111913
8022	0.933918805063902
8023	0.962598526752382
8024	0.990836324029767
8025	1.01864068751659
8026	1.04601991642115
8027	1.07298212323637
8028	1.099535238317
8029	1.12568701434026
8030	1.15144503065296
8031	1.17681669750806
8032	1.20180926019344
8033	1.22642980305572
8034	1.25068525342187
8035	1.27458238542121
8036	1.29812782371037
8037	0
8038	0.0441555656917743
8039	0.0875543457957159
8040	0.130212165649246
8041	0.172144476479733
8042	0.21336636478381
8043	0.253892561465656
8044	0.293737450740527
8045	0.332915078809608
8046	0.371439162312114
8047	0.409323096560442
8048	0.446579963563977
8049	0.483222539847047
8050	0.519263304066356
8051	0.554714444433111
8052	0.589587865944883
8053	0.623895197432156
8054	0.657647798424352
8055	0.69085676584002
8056	0.723532940505748
8057	0.755686913508219
8058	0.787329032383754
8059	0.818469407149547
8060	0.849117916180678
8061	0.87928421193692
8062	0.908977726543213
8063	0.938207677227601
8064	0.96698307162032
8065	0.995312712917633
8066	1.02320520491391
8067	1.05066895690537
8068	1.07771218846876
8069	1.10434293411834
8070	1.13056904784411
8071	1.15639820753452
8072	1.18183791928664
8073	1.20689552160659
8074	1.23157818950316
8075	1.25589293847733
8076	1.27984662841046
8077	1.30344596735368
8078	0
8079	0.0443424639023114
8080	0.0879219592050742
8081	0.1307544856137
8082	0.172855664042684
8083	0.2142407461184
8084	0.254924623437633
8085	0.294921836588203
8086	0.334246583937835
8087	0.372912730197306
8088	0.410933814763715
8089	0.448323059849579
8090	0.485093378403314
8091	0.521257381826518
8092	0.556827387493307
8093	0.591815426076857
8094	0.626233248688136
8095	0.660092333831705
8096	0.693403894183319
8097	0.726178883193961
8098	0.758428001524789
8099	0.790161703317395
8100	0.821390202303628
8101	0.852123477759152
8102	0.882371280304767
8103	0.912143137559456
8104	0.941448359648987
8105	0.970296044573809
8106	0.998695083439884
8107	1.02665416555602
8108	1.05418178340111
8109	1.08128623746476
8110	1.10797564096437
8111	1.13425792444212
8112	1.1601408402448
8113	1.18563196688952
8114	1.21073871331832
8115	1.23546832304454
8116	1.25982787819369
8117	1.28382430344158
8118	1.3074643698524
8119	0
8120	0.0443443340158987
8121	0.0879256375646996
8122	0.13075991209655
8123	0.172862780223844
8124	0.214249495225251
8125	0.254934950305457
8126	0.294933687616952
8127	0.33425990705005
8128	0.372927474797139
8129	0.410949931697037
8130	0.448340501365141
8131	0.485112098114935
8132	0.521277334676268
8133	0.556848529715668
8134	0.591837715163827
8135	0.62625664335526
8136	0.660116793984997
8137	0.693429380887069
8138	0.726205358639382
8139	0.758455428999503
8140	0.790190047175723
8141	0.821419427937665
8142	0.852153551570609
8143	0.882402169677559
8144	0.912174810833019
8145	0.941480786092295
8146	0.970329194360084
8147	0.99872892762198
8148	1.02668867604245
8149	1.05421693293273
8150	1.08132199959201
8151	1.10801199002524
8152	1.13429483554056
8153	1.1601782892298
8154	1.18566993033471
8155	1.21077716850212
8156	1.23550724793083
8157	1.25986725141298
8158	1.28386410427274
8159	1.3075045782048
8160	0
8161	0.044365895928286
8162	0.0879680480730839
8163	0.130822478000878
8164	0.17294482790038
8165	0.214350370100807
8166	0.255054016345491
8167	0.295070326827178
8168	0.3344135189912
8169	0.37309747611254
8170	0.411135755652654
8171	0.448541597401774
8172	0.485327931412242
8173	0.521507385728306
8174	0.55709229391765
8175	0.5920947024098
8176	0.626526377646421
8177	0.660398813048367
8178	0.693723235804244
8179	0.726510613485114
8180	0.758771660489839
8181	0.790516844325454
8182	0.821756391726846
8183	0.852500294619906
8184	0.882758315932197
8185	0.912539995255096
8186	0.941854654361255
8187	0.970711402581123
8188	0.999119142042187
8189	1.02708657277447
8190	1.05462219768575
8191	1.08173432740991
8192	1.10843108503164
8193	1.13472041069072
8194	1.160610066069
8195	1.18610763876312
8196	1.21122054654592
8197	1.23595604151935
8198	1.26032121416185
8199	1.28432299727273
8200	1.30796816981633
