group	y	yend
1	0.72659511272592	0
2	0.955969342031826	0
3	-1.48018317295949	0
4	9.18937119752268	0
5	3.86278767333421	0
6	4.07277951095575	0
7	8.09335750718966	0
8	2.40746289272958	0
9	1.75169841125618	0
10	6.30234904471344	0
11	6.13579655870498	0
12	4.54584570886809	0
13	0.0167104651076917	0
14	-3.94584964160729	0
15	4.87117994637236	0
16	-0.0896766524990942	0
17	1.67250081881448	0
18	10.5986502421001	0
19	2.16053848443678	0
20	3.95893327242985	0
21	8.64082570944673	0
22	4.54730201138831	0
23	0.977307494202632	0
24	1.06882011005263	0
25	3.19035531022509	0
26	0.354662517959042	0
27	8.21281182966493	0
28	-2.44353143268069	0
29	3.96386746052535	0
30	1.75346706331009	0
31	2.72891950447322	0
32	0.15130527464686	0
33	0.776844952845669	0
34	3.43692809074676	0
35	1.10411931682987	0
36	0.19172838097893	0
37	2.32819553563234	0
38	5.41486842392824	0
39	4.00172788958346	0
40	1.80975166297802	0
41	3.37918766093409	0
42	0.271837861555728	0
43	4.27576087797144	0
44	1.21458901003792	0
45	-1.34571426500243	0
46	1.5991827235065	0
47	8.90883706034136	0
48	1.55573076680744	0
49	1.71821580999688	0
50	3.09945175602001	0
51	0.814243488014961	0
52	3.47294951502317	0
53	0.820190235673438	0
54	0.0858972810183634	0
55	9.50144070357534	0
56	9.73618464349955	0
57	0.480776128002462	0
58	-2.07576876510189	0
59	2.08428246714859	0
60	0.0423928969344883	0
61	10.9400305590002	0
62	1.45510443302963	0
63	1.43980085650073	0
64	1.06729994622673	0
65	-0.667118095738368	0
66	2.48559622194781	0
67	-3.59334622840611	0
68	5.4842791619212	0
69	6.52912929207117	0
70	9.41640296883018	0
71	1.8833297538254	0
72	2.72801818624204	0
73	2.06766699685338	0
74	-0.873487412559177	0
75	-2.48713331053373	0
76	6.12039571806073	0
77	3.89217324849871	0
78	0.437893522890534	0
79	2.91732636838642	0
80	6.45903992462169	0
81	-0.983639680156443	0
82	1.35549236184546	0
83	2.71621453822414	0
84	-1.94906625013054	0
85	3.56726923576964	0
86	3.84800896785591	0
87	3.73079781533223	0
88	4.54384424690582	0
89	3.07197709478683	0
90	5.11454114811392	0
91	1.35550223140033	0
92	9.41913541980507	0
93	3.04965937796903	0
94	6.49725403412085	0
95	5.97422921167153	0
96	4.29910421735747	0
97	-2.48117093495082	0
98	-0.855475425622786	0
99	1.02982585245596	0
100	-0.550405438180211	0
101	-0.378911573341857	0
102	0.860069221105435	0
103	0.0782511233260432	0
104	9.05461057364169	0
105	-0.667633028420721	0
106	6.49555919214203	0
107	6.37854978133696	0
108	1.83758599419501	0
109	7.24258033035268	0
110	3.71548639175473	0
111	6.89111419736346	0
112	1.01091020763872	0
113	3.60354287504806	0
114	-1.13234192349842	0
115	4.04042233026464	0
116	7.74974825111187	0
117	1.03288850154374	0
118	5.11043242136999	0
119	1.09225002588568	0
120	0.351957938008793	0
121	7.69667328978609	0
122	2.68677664636076	0
123	-0.420341071145105	0
124	3.47992365154558	0
125	2.13723221294091	0
126	1.50185514701769	0
127	-0.14263730175095	0
128	3.0038066445694	0
129	1.28722956868309	0
130	-0.318752239915457	0
131	0.322131339588853	0
132	5.2616944108093	0
133	8.82900430089372	0
134	-2.30272827027497	0
135	7.22671133846696	0
136	-2.72650320743043	0
137	-0.46843181378382	0
138	-1.03217188205283	0
139	7.16723598287619	0
140	-0.111691247546562	0
141	-2.6259055099788	0
142	2.72434890377882	0
143	-0.875120443972189	0
144	1.17835308185305	0
145	-0.338855688886291	0
146	-1.42065506517047	0
147	7.97386728885544	0
148	2.22575254380213	0
149	3.04465045166932	0
150	1.50293764620544	0
151	1.37353910564799	0
152	0.0804999982917752	0
153	0.419282683854408	0
154	-1.77964448430797	0
155	-2.97491361983617	0
156	1.51608146727065	0
157	2.03166462183689	0
158	5.25153152901144	0
159	-0.990726377760774	0
160	6.71007762971618	0
161	2.51754568958693	0
162	5.14228240478092	0
163	2.22102915390564	0
164	4.59494068903147	0
165	3.97686449291997	0
166	4.68391143616397	0
167	6.33941544000246	0
168	-1.87467214629883	0
169	1.51311956696982	0
170	1.36435275540902	0
171	5.22823915846488	0
172	4.38826261422772	0
173	5.47986906477806	0
174	0.270595138764477	0
175	-0.153860075129734	0
176	5.56012300122196	0
177	2.32505263054526	0
178	6.24277095251061	0
179	2.45398224816271	0
180	8.26490907575558	0
181	-0.930945882161437	0
182	5.39932265096741	0
183	5.81624554422744	0
184	-2.93409858024638	0
185	6.16025155235434	0
186	3.16011254647495	0
187	5.32739330739337	0
188	0.282227101930624	0
189	6.22767820949219	0
190	-1.77049189360083	0
191	1.25986883578969	0
192	1.24833832538136	0
193	4.27138506427479	0
194	8.23388103279801	0
195	-0.724592211437589	0
196	-1.80064293010617	0
197	8.34779430816257	0
198	2.14232647054823	0
199	2.01688935116643	0
200	2.11802353590613	0
201	0.72659511272592	1.60000085534528
202	0.955969342031826	2.0887046141065
203	-1.48018317295949	3.00880990709228
204	9.18937119752268	4.54601016294643
205	3.86278767333421	1.30743137921286
206	4.07277951095575	4.50100585597868
207	8.09335750718966	4.71317007794057
208	2.40746289272958	3.41193027237422
209	1.75169841125618	3.26669805664532
210	6.30234904471344	0.666176551078667
211	6.13579655870498	1.32710803387574
212	4.54584570886809	1.19226238854761
213	0.0167104651076917	3.53214088174328
214	-3.94584964160729	2.14361780062954
215	4.87117994637236	3.91176530896005
216	-0.0896766524990942	2.66431785551529
217	1.67250081881448	3.67238551581766
218	10.5986502421001	4.92966711030207
219	2.16053848443678	2.12496840060449
220	3.95893327242985	3.94661967320233
221	8.64082570944673	4.66746934171221
222	4.54730201138831	1.3553807149717
223	0.977307494202632	3.37010748846648
224	1.06882011005263	0.958480594433083
225	3.19035531022509	1.60784835999967
226	0.354662517959042	2.1528329702796
227	8.21281182966493	0.444338873377724
228	-2.44353143268069	2.13575308121759
229	3.96386746052535	4.36945589113944
230	1.75346706331009	1.94305456430075
231	2.72891950447322	2.59272278021572
232	0.15130527464686	3.13125470063345
233	0.776844952845669	2.6452586802252
234	3.43692809074676	1.23654586356214
235	1.10411931682987	4.1754804778516
236	0.19172838097893	3.44708324595703
237	2.32819553563234	4.02360307327681
238	5.41486842392824	0.877752999530266
239	4.00172788958346	3.70031207996502
240	1.80975166297802	2.26816312117212
241	3.37918766093409	4.14602023248956
242	0.271837861555728	3.3489597596632
243	4.27576087797144	3.97177350661662
244	1.21458901003792	2.91797234975123
245	-1.34571426500243	2.81109293295141
246	1.5991827235065	4.00121745612416
247	8.90883706034136	0.489905907610847
248	1.55573076680744	2.57049108092549
249	1.71821580999688	3.73974562841773
250	3.09945175602001	3.55830851069386
251	0.814243488014961	2.57227673581665
252	3.47294951502317	4.33057892578848
253	0.820190235673438	2.39111312142234
254	0.0858972810183634	1.50506384095404
255	9.50144070357534	0.706939330686426
256	9.73618464349955	0.838893925573957
257	0.480776128002462	1.83268889548354
258	-2.07576876510189	2.76027996976472
259	2.08428246714859	3.41746422994256
260	0.0423928969344883	2.24779156768648
261	10.9400305590002	4.56740799346805
262	1.45510443302963	1.72878160604327
263	1.43980085650073	2.48722924211602
264	1.06729994622673	1.90659347832438
265	-0.667118095738368	3.36642532012792
266	2.48559622194781	1.56565950581988
267	-3.59334622840611	2.57651962819058
268	5.4842791619212	3.89558103233493
269	6.52912929207117	0.769131827071951
270	9.41640296883018	4.39526494939029
271	1.8833297538254	1.93720535574808
272	2.72801818624204	4.23079343202768
273	2.06766699685338	1.97209066066218
274	-0.873487412559177	1.91292030941846
275	-2.48713331053373	2.56646273907403
276	6.12039571806073	4.47262590122237
277	3.89217324849871	4.34492621595428
278	0.437893522890534	2.17059729270173
279	2.91732636838642	3.94604888605791
280	6.45903992462169	4.78624848262302
281	-0.983639680156443	2.37535572062397
282	1.35549236184546	3.64899054182534
283	2.71621453822414	2.21645749009387
284	-1.94906625013054	1.87431190922699
285	3.56726923576964	3.85330217688389
286	3.84800896785591	1.31206251079525
287	3.73079781533223	3.64260320614131
288	4.54384424690582	0.940772542816439
289	3.07197709478683	1.5082323382164
290	5.11454114811392	1.03983989943263
291	1.35550223140033	1.48137535481165
292	9.41913541980507	0.653104020647499
293	3.04965937796903	3.32708612519576
294	6.49725403412085	4.39960986134824
295	5.97422921167153	3.95335537773442
296	4.29910421735747	4.03767061989685
297	-2.48117093495082	2.46985077679825
298	-0.855475425622786	2.26270679650396
299	1.02982585245596	4.0998335491625
300	-0.550405438180211	3.1558581281944
301	-0.378911573341857	3.38408884496835
302	0.860069221105435	2.00194858933619
303	0.0782511233260432	1.62178073928893
304	9.05461057364169	4.93323315853728
305	-0.667633028420721	3.28677156216443
306	6.49555919214203	1.36026528449883
307	6.37854978133696	0.975978144677293
308	1.83758599419501	2.57456136146964
309	7.24258033035268	4.61873997465812
310	3.71548639175473	3.12756538491539
311	6.89111419736346	4.85753906055866
312	1.01091020763872	3.73735642498023
313	3.60354287504806	2.01812778157787
314	-1.13234192349842	2.36075265203212
315	4.04042233026464	1.06233347542075
316	7.74974825111187	0.442905252274338
317	1.03288850154374	3.66297751526887
318	5.11043242136999	0.855936869610397
319	1.09225002588568	2.42864186282064
320	0.351957938008793	3.31706035925095
321	7.69667328978609	4.92935781884695
322	2.68677664636076	2.6546658952773
323	-0.420341071145105	2.60312531455596
324	3.47992365154558	1.17798649640202
325	2.13723221294091	3.84291433538726
326	1.50185514701769	2.46352986894685
327	-0.14263730175095	2.72606423033797
328	3.0038066445694	1.33430708006449
329	1.28722956868309	1.43108515034286
330	-0.318752239915457	3.11358948846929
331	0.322131339588853	3.01806385850678
332	5.2616944108093	0.73620847089451
333	8.82900430089372	0.545871346990339
334	-2.30272827027497	3.32941118685214
335	7.22671133846696	4.63955380760325
336	-2.72650320743043	3.12450090406353
337	-0.46843181378382	2.95402141496659
338	-1.03217188205283	2.79417017310988
339	7.16723598287619	4.89844738651252
340	-0.111691247546562	2.70989273297553
341	-2.6259055099788	3.51272951898128
342	2.72434890377882	3.14030951903246
343	-0.875120443972189	1.47788828101104
344	1.17835308185305	1.56634316222131
345	-0.338855688886291	3.72597534106579
346	-1.42065506517047	2.45745789203951
347	7.97386728885544	1.18570761613358
348	2.22575254380213	3.80568155441267
349	3.04465045166932	0.864203330022362
350	1.50293764620544	4.34586808945015
351	1.37353910564799	3.20037460970181
352	0.0804999982917752	2.93687243101187
353	0.419282683854408	1.89001221743665
354	-1.77964448430797	2.46002763911573
355	-2.97491361983617	2.67688542150338
356	1.51608146727065	1.21201680631527
357	2.03166462183689	2.8106850776708
358	5.25153152901144	0.728009713680033
359	-0.990726377760774	1.65613998554525
360	6.71007762971618	1.35793388657366
361	2.51754568958693	1.68838500343266
362	5.14228240478092	4.48589954121775
363	2.22102915390564	2.42841714032951
364	4.59494068903147	3.9582610254675
365	3.97686449291997	4.41954861042819
366	4.68391143616397	2.27664215662509
367	6.33941544000246	0.675445973362701
368	-1.87467214629883	1.92077035946633
369	1.51311956696982	3.70038083974093
370	1.36435275540902	1.93052397749027
371	5.22823915846488	3.27265736707333
372	4.38826261422772	4.23617575671785
373	5.47986906477806	4.30730321068451
374	0.270595138764477	2.17687590646588
375	-0.153860075129734	2.12707102155223
376	5.56012300122196	4.48750993856406
377	2.32505263054526	3.33637981569878
378	6.24277095251061	3.7799222919559
379	2.45398224816271	3.15755485333424
380	8.26490907575558	4.52251274567148
381	-0.930945882161437	1.72936275192526
382	5.39932265096741	1.25965975354152
383	5.81624554422744	4.44628095813439
384	-2.93409858024638	2.69017164865628
385	6.16025155235434	4.40322341612426
386	3.16011254647495	1.2501873721474
387	5.32739330739337	3.8579588872694
388	0.282227101930624	3.70392387591151
389	6.22767820949219	4.70881339633932
390	-1.77049189360083	2.89326688766476
391	1.25986883578969	3.64545729234582
392	1.24833832538136	2.16562641138983
393	4.27138506427479	0.845343187426165
394	8.23388103279801	4.63353475887147
395	-0.724592211437589	1.68124351942302
396	-1.80064293010617	3.09003404476106
397	8.34779430816257	0.888831967117612
398	2.14232647054823	4.23568289703486
399	2.01688935116643	1.84044459414535
400	2.11802353590613	3.97140026868729
401	0.72659511272592	3.64165906497531
402	0.955969342031826	3.16528623321558
403	-1.48018317295949	2.26839694992503
404	9.18937119752268	0.769983185481674
405	3.86278767333421	3.92684645576792
406	4.07277951095575	0.813851948034174
407	8.09335750718966	0.607041033646537
408	2.40746289272958	1.87544807955794
409	1.75169841125618	2.01701580976097
410	6.30234904471344	4.5519212027521
411	6.13579655870498	3.90766628059376
412	4.54584570886809	4.03910951335763
413	0.0167104651076917	1.75827061291054
414	-3.94584964160729	3.11175861101918
415	4.87117994637236	1.38822483332246
416	-0.0896766524990942	2.60419681065135
417	1.67250081881448	1.62156461817363
418	10.5986502421001	0.396006633921334
419	2.16053848443678	3.12993745114735
420	3.95893327242985	1.35424991110094
421	8.64082570944673	0.651588653222437
422	4.54730201138831	3.88010697311215
423	0.977307494202632	1.91621559493925
424	1.06882011005263	4.26699254736274
425	3.19035531022509	3.63400956781585
426	0.354662517959042	3.10277595765782
427	8.21281182966493	4.76816149315885
428	-2.44353143268069	3.11942488857506
429	3.96386746052535	0.942082656607422
430	1.75346706331009	3.30726125474557
431	2.72891950447322	2.67398540578506
432	0.15130527464686	2.14904167182916
433	0.776844952845669	2.62277508663385
434	3.43692809074676	3.9959433947947
435	1.10411931682987	1.13116370062051
436	0.19172838097893	1.84118208247851
437	2.32819553563234	1.27920894889322
438	5.41486842392824	4.34568323122915
439	4.00172788958346	1.59434269445052
440	1.80975166297802	2.99035580622045
441	3.37918766093409	1.15988060785902
442	0.271837861555728	1.9368297262503
443	4.27576087797144	1.32973075683139
444	1.21458901003792	2.35694250261401
445	-1.34571426500243	2.46112514808172
446	1.5991827235065	1.30102973427193
447	8.90883706034136	4.7237442020221
448	1.55573076680744	2.69565615694229
449	1.71821580999688	1.55590412956129
450	3.09945175602001	1.73276324309774
451	0.814243488014961	2.69391555752639
452	3.47294951502317	0.979978682047063
453	0.820190235673438	2.87050806874342
454	0.0858972810183634	3.73420063760206
455	9.50144070357534	4.51218694574256
456	9.73618464349955	4.38356181670811
457	0.480776128002462	3.41484218744962
458	-2.07576876510189	2.51065600338904
459	2.08428246714859	1.87005375428336
460	0.0423928969344883	3.01021334659604
461	10.9400305590002	0.749125262995185
462	1.45510443302963	3.51612769799411
463	1.43980085650073	2.77681714091289
464	1.06729994622673	3.34280235805041
465	-0.667118095738368	1.91980485515469
466	2.48559622194781	3.67513391681875
467	-3.59334622840611	2.68977972141139
468	5.4842791619212	1.40400074981109
469	6.52912929207117	4.45156368454138
470	9.41640296883018	0.916924810072396
471	1.8833297538254	3.31296287662147
472	2.72801818624204	1.07724639767067
473	2.06766699685338	3.27895779442023
474	-0.873487412559177	3.33663516495987
475	-2.48713331053373	2.6995828560533
476	6.12039571806073	0.8415158224573
477	3.89217324849871	0.965993401349228
478	0.437893522890534	3.08545986293824
479	2.91732636838642	1.35480629619814
480	6.45903992462169	0.535806536356593
481	-0.983639680156443	2.88586788029576
482	1.35549236184546	1.64436929239574
483	2.71621453822414	3.04075680570756
484	-1.94906625013054	3.37426940165072
485	3.56726923576964	1.44521282918168
486	3.84800896785591	3.92233217645944
487	3.73079781533223	1.65059546343013
488	4.54384424690582	4.28425379109647
489	3.07197709478683	3.73111208756283
490	5.11454114811392	4.18768609264898
491	1.35550223140033	3.75729141810343
492	9.41913541980507	4.56466388833231
493	3.04965937796903	1.95815144724247
494	6.49725403412085	0.912689528521868
495	5.97422921167153	1.34768416122829
496	4.29910421735747	1.26549635327847
497	-2.48117093495082	2.79375711443805
498	-0.855475425622786	2.99567445742085
499	1.02982585245596	1.20490191316239
500	-0.550405438180211	2.12505903562454
501	-0.378911573341857	1.90258701470177
502	0.860069221105435	3.24985323817746
503	0.0782511233260432	3.62042872900258
504	9.05461057364169	0.392530563877786
505	-0.667633028420721	1.99744879703382
506	6.49555919214203	3.87534565058116
507	6.37854978133696	4.24993649365073
508	1.83758599419501	2.69168857733171
509	7.24258033035268	0.699088485497636
510	3.71548639175473	2.1526378990821
511	6.89111419736346	0.466314755538141
512	1.01091020763872	1.55823304884371
513	3.60354287504806	3.2340822777836
514	-1.13234192349842	2.9001024856426
515	4.04042233026464	4.16576007244193
516	7.74974825111187	4.7695589412702
517	1.03288850154374	1.63073523694273
518	5.11043242136999	4.36694889862305
519	1.09225002588568	2.83392624899723
520	0.351957938008793	1.96792424400957
521	7.69667328978609	0.396308121363726
522	2.68677664636076	2.61360523354186
523	-0.420341071145105	2.66384534720704
524	3.47992365154558	4.05302519754334
525	2.13723221294091	1.45533856564452
526	1.50185514701769	2.79991853374061
527	-0.14263730175095	2.54400841451596
528	3.0038066445694	3.90064888005729
529	1.28722956868309	3.80631270489136
530	-0.318752239915457	2.16626115703142
531	0.322131339588853	2.25937649333704
532	5.2616944108093	4.48365632171085
533	8.82900430089372	4.66919087731376
534	-2.30272827027497	1.95588505132182
535	7.22671133846696	0.678799825216038
536	-2.72650320743043	2.15562505724305
537	-0.46843181378382	2.32180302400131
538	-1.03217188205283	2.47762091444811
539	7.16723598287619	0.426438624594137
540	-0.111691247546562	2.55977187418705
541	-2.6259055099788	1.77719219000397
542	2.72434890377882	2.14021532375125
543	-0.875120443972189	3.76069050638784
544	1.17835308185305	3.67446751037095
545	-0.338855688886291	1.56932696632567
546	-1.42065506517047	2.80583730310113
547	7.97386728885544	4.0454988963743
548	2.22575254380213	1.49163189261241
549	3.04465045166932	4.35889101675806
550	1.50293764620544	0.965075293116291
551	1.37353910564799	2.08166578976651
552	0.0804999982917752	2.33851930641547
553	0.419282683854408	3.35896524213229
554	-1.77964448430797	2.80333239564
555	-2.97491361983617	2.59194634829917
556	1.51608146727065	4.01985353718998
557	2.03166462183689	2.46152271239648
558	5.25153152901144	4.49164820865904
559	-0.990726377760774	3.58693643199684
560	6.71007762971618	3.87761822289447
561	2.51754568958693	3.55550501734985
562	5.14228240478092	0.82857710169037
563	2.22102915390564	2.83414530131173
564	4.59494068903147	1.34290229233466
565	3.97686449291997	0.89325387207216
566	4.68391143616397	2.98209071298778
567	6.33941544000246	4.54288566565409
568	-1.87467214629883	3.32898318663207
569	1.51311956696982	1.59427566961476
570	1.36435275540902	3.31947567097525
571	5.22823915846488	2.01120686408983
572	4.38826261422772	1.07199987928783
573	5.47986906477806	1.00266710650981
574	0.270595138764477	3.07933967056253
575	-0.153860075129734	3.12788788333241
576	5.56012300122196	0.827007337737531
577	2.32505263054526	1.94909225425888
578	6.24277095251061	1.51674119979613
579	2.45398224816271	2.12340512209288
580	8.26490907575558	0.792887718147199
581	-0.930945882161437	3.51556121553003
582	5.39932265096741	3.97341271230032
583	5.81624554422744	0.867196032433956
584	-2.93409858024638	2.5789953579727
585	6.16025155235434	0.909167150618046
586	3.16011254647495	3.98264608746335
587	5.32739330739337	1.44067361647201
588	0.282227101930624	1.59082203099761
589	6.22767820949219	0.611287787869837
590	-1.77049189360083	2.38102459881866
591	1.25986883578969	1.64781339125869
592	1.24833832538136	3.09030531944321
593	4.27138506427479	4.37727528202075
594	8.23388103279801	0.684667001879721
595	-0.724592211437589	3.56246630811066
596	-1.80064293010617	2.18922225201274
597	8.34779430816257	4.33488380710371
598	2.14232647054823	1.07248030318193
599	2.01688935116643	3.40728217984263
600	2.11802353590613	1.3300945772566
601	0.72659511272592	0.385241539843687
602	0.955969342031826	1.46213044652268
603	-1.48018317295949	3.48963927007801
604	9.18937119752268	6.87695494587636
605	3.86278767333421	-0.259453365058453
606	4.07277951095575	6.77778517675243
607	8.09335750718966	7.24530213959325
608	2.40746289272958	4.37793988501274
609	1.75169841125618	4.05791173051827
610	6.30234904471344	-1.67249797212781
611	6.13579655870498	-0.216094641604559
612	4.54584570886809	-0.513235346918411
613	0.0167104651076917	4.64283138497338
614	-3.94584964160729	1.58313504355496
615	4.87117994637236	5.4793572496616
616	-0.0896766524990942	2.73052976430559
617	1.67250081881448	4.95186909534169
618	10.5986502421001	7.72236671767221
619	2.16053848443678	1.54203993912174
620	3.95893327242985	5.55616099329763
621	8.64082570944673	7.14459774559364
622	4.54730201138831	-0.15379404315718
623	0.977307494202632	4.2857807983897
624	1.06882011005263	-1.02838796474072
625	3.19035531022509	0.402534000881525
626	0.354662517959042	1.60344123885511
627	8.21281182966493	-2.16133099196202
628	-2.44353143268069	1.56580464873594
629	3.96386746052535	6.4879067068825
630	1.75346706331009	1.14118156884138
631	2.72891950447322	2.57276559535713
632	0.15130527464686	3.7594539328081
633	0.776844952845669	2.68853169477492
634	3.43692809074676	-0.415653975510027
635	1.10411931682987	6.06046990699446
636	0.19172838097893	4.45540163276778
637	2.32819553563234	5.72579866858129
638	5.41486842392824	-1.20627620450807
639	4.00172788958346	5.01340700372239
640	1.80975166297802	1.85757834722642
641	3.37918766093409	5.99555243736245
642	0.271837861555728	4.23918047223826
643	4.27576087797144	5.61158901831008
644	1.21458901003792	3.2894731038542
645	-1.34571426500243	3.0539577098335
646	1.5991827235065	5.67647057902051
647	8.90883706034136	-2.06092121856413
648	1.55573076680744	2.52377667330963
649	1.71821580999688	5.10030126250067
650	3.09945175602001	4.70049337104528
651	0.814243488014961	2.52771147411476
652	3.47294951502317	6.40223891333427
653	0.820190235673438	2.12850626413309
654	0.0858972810183634	0.176041966895241
655	9.50144070357534	-1.58267467042809
656	9.73618464349955	-1.29190457326349
657	0.480776128002462	0.897984003247181
658	-2.07576876510189	2.94198820808474
659	2.08428246714859	4.39013430220012
660	0.0423928969344883	1.81268837131111
661	10.9400305590002	6.9241063866063
662	1.45510443302963	0.669017875372588
663	1.43980085650073	2.34030407062104
664	1.06729994622673	1.06083731465975
665	-0.667118095738368	4.27766691310596
666	2.48559622194781	0.309568255811588
667	-3.59334622840611	2.53706094943147
668	5.4842791619212	5.44369419684531
669	6.52912929207117	-1.44562966466424
670	9.41640296883018	6.54477856027813
671	1.8833297538254	1.12829247664533
672	2.72801818624204	6.18235541673323
673	2.06766699685338	1.2051643999621
674	-0.873487412559177	1.07477887761585
675	-2.48713331053373	2.51489997331628
676	6.12039571806073	6.715248194171
677	3.89217324849871	6.4338540530656
678	0.437893522890534	1.64258602014255
679	2.91732636838642	5.55490322858253
680	6.45903992462169	7.40633491642274
681	-0.983639680156443	2.09378385855784
682	1.35549236184546	4.90031682566355
683	2.71621453822414	1.74364179666222
684	-1.94906625013054	0.989702883978694
685	3.56726923576964	5.35053012841719
686	3.84800896785591	-0.249248380674696
687	3.73079781533223	4.88624193710776
688	4.54384424690582	-1.06740874983393
689	3.07197709478683	0.183023946246763
690	5.11454114811392	-0.849107712771273
691	1.35550223140033	0.123842925071989
692	9.41913541980507	-1.70130410007582
693	3.04965937796903	4.19098056813594
694	6.49725403412085	6.55435284204726
695	5.97422921167153	5.57100353411962
696	4.29910421735747	5.75679737613718
697	-2.48117093495082	2.30200954928721
698	-0.855475425622786	1.8455549989279
699	1.02982585245596	5.89377722892682
700	-0.550405438180211	3.81366910453876
701	-0.378911573341857	4.31658958069855
702	0.860069221105435	1.27095818932636
703	0.0782511233260432	0.433234858878375
704	9.05461057364169	7.73022472513857
705	-0.667633028420721	4.10214493933681
706	6.49555919214203	-0.143030592614032
707	6.37854978133696	-0.989831032418751
708	1.83758599419501	2.53274578780177
709	7.24258033035268	7.03721957657145
710	3.71548639175473	3.75132429783231
711	6.89111419736346	7.56342810662907
712	1.01091020763872	5.09503650520851
713	3.60354287504806	1.30661003838979
714	-1.13234192349842	2.06160509527207
715	4.04042233026464	-0.79954172925081
716	7.74974825111187	-2.16449006458002
717	1.03288850154374	4.93113798525017
718	5.11043242136999	-1.25434939378929
719	1.09225002588568	2.21120316295764
720	0.351957938008793	4.16888817385131
721	7.69667328978609	7.72168517485413
722	2.68677664636076	2.70926107397599
723	-0.420341071145105	2.59568822206403
724	3.47992365154558	-0.544693156703817
725	2.13723221294091	5.32763987829836
726	1.50185514701769	2.28808103856208
727	-0.14263730175095	2.86659171366063
728	3.0038066445694	-0.200231098833805
729	1.28722956868309	0.0130253544350514
730	-0.318752239915457	3.7205275470935
731	0.322131339588853	3.5100309233906
732	5.2616944108093	-1.51817831280233
733	8.82900430089372	-1.93759791739296
734	-2.30272827027497	4.19610398505306
735	7.22671133846696	7.08308414258358
736	-2.72650320743043	3.74457152506369
737	-0.46843181378382	3.36890944484936
738	-1.03217188205283	3.01666736365336
739	7.16723598287619	7.65357212868896
740	-0.111691247546562	2.83095682073869
741	-2.6259055099788	4.6000572486031
742	2.72434890377882	3.77940678422591
743	-0.875120443972189	0.11615894264843
744	1.17835308185305	0.311074734903442
745	-0.338855688886291	5.06995758409583
746	-1.42065506517047	2.27470106254204
747	7.97386728885544	-0.527679192646883
748	2.22575254380213	5.24559514654106
749	3.04465045166932	-1.23613373787187
750	1.50293764620544	6.43592952946825
751	1.37353910564799	3.91176392014082
752	0.0804999982917752	3.33112059986796
753	0.419282683854408	1.02429948250964
754	-1.77964448430797	2.28036365888951
755	-2.97491361983617	2.75822317192503
756	1.51608146727065	-0.46970526766175
757	2.03166462183689	3.05305897554028
758	5.25153152901144	-1.53624478054386
759	-0.990726377760774	0.508947579462039
760	6.71007762971618	-0.148167971890661
761	2.51754568958693	0.580001467295106
762	5.14228240478092	6.74449747946096
763	2.22102915390564	2.2107079730733
764	4.59494068903147	5.581813431791
765	3.97686449291997	6.59828910673179
766	4.68391143616397	1.8762624253718
767	6.33941544000246	-1.65207222779897
768	-1.87467214629883	1.09207694758537
769	1.51311956696982	5.01355852013408
770	1.36435275540902	1.11356964712302
771	5.22823915846488	4.07104343899469
772	4.38826261422772	6.19421570151122
773	5.47986906477806	6.35094943798007
774	0.270595138764477	1.65642133323502
775	-0.153860075129734	1.54667319420314
776	5.56012300122196	6.74804608944502
777	2.32505263054526	4.21145978898372
778	6.24277095251061	5.18883302125223
779	2.45398224816271	3.81740794314605
780	8.26490907575558	6.82517693609974
781	-0.930945882161437	0.670298466205495
782	5.39932265096741	-0.364721091809504
783	5.81624554422744	6.65719548544937
784	-2.93409858024638	2.78750019379374
785	6.16025155235434	6.56231553310952
786	3.16011254647495	-0.385594069068809
787	5.32739330739337	5.36079147727297
788	0.282227101930624	5.02136581909517
789	6.22767820949219	7.23570192268842
790	-1.77049189360083	3.23503309274657
791	1.25986883578969	4.89253109228049
792	1.24833832538136	1.63163237625247
793	4.27138506427479	-1.27769322657257
794	8.23388103279801	7.06982079706636
795	-0.724592211437589	0.564264766340119
796	-1.80064293010617	3.66862167248841
797	8.34779430816257	-1.18186301537584
798	2.14232647054823	6.1931296547689
799	2.01688935116643	0.915074164111955
800	2.11802353590613	5.61076656548782
801	0.72659511272592	5.63075572763694
802	0.955969342031826	4.2057123600685
803	-1.48018317295949	1.52271694264495
804	9.18937119752268	-2.95970618170795
805	3.86278767333421	6.48387826668248
806	4.07277951095575	-2.82847516904095
807	8.09335750718966	-3.44713874983373
808	2.40746289272958	0.347231809620886
809	1.75169841125618	0.770723960175141
810	6.30234904471344	8.35375531053876
811	6.13579655870498	6.42650181782041
812	4.54584570886809	6.81970708599236
813	0.0167104651076917	-0.00329819658772122
814	-3.94584964160729	4.04558739511003
815	4.87117994637236	-1.11026998158796
816	-0.0896766524990942	2.52724392750839
817	1.67250081881448	-0.41224673042211
818	10.5986502421001	-4.0784366568665
819	2.16053848443678	4.09996840474703
820	3.95893327242985	-1.21190411004275
821	8.64082570944673	-3.31387697337369
822	4.54730201138831	6.34405965125861
823	0.977307494202632	0.469185610369309
824	1.06882011005263	7.50140676435299
825	3.19035531022509	5.60787267372296
826	0.354662517959042	4.01871627706476
827	8.21281182966493	9.00062635586455
828	-2.44353143268069	4.06852064666553
829	3.96386746052535	-2.4448799919275
830	1.75346706331009	4.6304229004331
831	2.72891950447322	2.73601270691134
832	0.15130527464686	1.16567213216215
833	0.776844952845669	2.58281982773744
834	3.43692809074676	6.69057799453148
835	1.10411931682987	-1.87925435221915
836	0.19172838097893	0.244726946590025
837	2.32819553563234	-1.43638505933417
838	5.41486842392824	7.73680565710474
839	4.00172788958346	-0.493679631855176
840	1.80975166297802	3.68241752007002
841	3.37918766093409	-1.79334928906485
842	0.271837861555728	0.530851660875337
843	4.27576087797144	-1.28525182393553
844	1.21458901003792	1.78759613846517
845	-1.34571426500243	2.09925284523214
846	1.5991827235065	-1.37110936893805
847	8.90883706034136	8.86775444982832
848	1.55573076680744	2.80083957810961
849	1.71821580999688	-0.608666504116337
850	3.09945175602001	-0.0796021034280194
851	0.814243488014961	2.79563266980618
852	3.47294951502317	-2.33151609686556
853	0.820190235673438	3.32389954418371
854	0.0858972810183634	5.90758879934877
855	9.50144070357534	8.23489244590491
856	9.73618464349955	7.85011738147465
857	0.480776128002462	4.9522453982872
858	-2.07576876510189	2.24742169983487
859	2.08428246714859	0.331094979511057
860	0.0423928969344883	3.74182027002099
861	10.9400305590002	-3.02210152023057
862	1.45510443302963	5.25523548380284
863	1.43980085650073	3.04362823901075
864	1.06729994622673	4.73674217425388
865	-0.667118095738368	0.479922686716832
866	2.48559622194781	5.73089392280568
867	-3.59334622840611	2.78326054143928
868	5.4842791619212	-1.06307718707787
869	6.52912929207117	8.05354126352118
870	9.41640296883018	-2.52013831892866
871	1.8833297538254	4.64747899158052
872	2.72801818624204	-2.04054502591695
873	2.06766699685338	4.54575464118989
874	-0.873487412559177	4.71829335218792
875	-2.48713331053373	2.81258608452542
876	6.12039571806073	-2.7457201961717
877	3.89217324849871	-2.37335230198333
878	0.437893522890534	3.96691612330459
879	2.91732636838642	-1.21023971434315
880	6.45903992462169	-3.66023286674657
881	-0.983639680156443	3.36984758345141
882	1.35549236184546	-0.344027790165331
883	2.71621453822414	3.83318936357043
884	-1.94906625013054	4.8308741204733
885	3.56726923576964	-0.939793497380837
886	3.84800896785591	6.47037404612452
887	3.73079781533223	-0.325402538794184
888	4.54384424690582	7.55304283437795
889	3.07197709478683	5.89834957020853
890	5.11454114811392	7.26416582666616
891	1.35550223140033	5.97666361094939
892	9.41913541980507	8.39187436007399
893	3.04965937796903	0.594634427354251
894	6.49725403412085	-2.53280793289692
895	5.97422921167153	-1.2315451930041
896	4.29910421735747	-1.47740554188511
897	-2.48117093495082	3.09430324671352
898	-0.855475425622786	3.69832797531058
899	1.02982585245596	-1.65867050756328
900	-0.550405438180211	1.09392938282451
901	-0.378911573341857	0.428416455241253
902	0.860069221105435	4.45868994716321
903	0.0782511233260432	5.56724633446389
904	9.05461057364169	-4.0888351309828
905	-0.667633028420721	0.712190307852985
906	6.49555919214203	6.32981641436246
907	6.37854978133696	7.45038450909673
908	1.83758599419501	2.78897077990701
909	7.24258033035268	-3.1717838134965
910	3.71548639175473	1.17643005002271
911	6.89111419736346	-3.86811374229953
912	1.01091020763872	-0.601699668991087
913	3.60354287504806	4.41151197854055
914	-1.13234192349842	3.41242962967041
915	4.04042233026464	7.19857533201554
916	7.74974825111187	9.00480674573953
917	1.03288850154374	-0.38481332410227
918	5.11043242136999	7.80042074229894
919	1.09225002588568	3.21446702383969
920	0.351957938008793	0.623869216341085
921	7.69667328978609	-4.07753477361132
922	2.68677664636076	2.55538871189895
923	-0.420341071145105	2.70567927423011
924	3.47992365154558	6.86133509693656
925	2.13723221294091	-0.909502908526676
926	1.50185514701769	3.11273479680735
927	-0.14263730175095	2.34719362027217
928	3.0038066445694	6.4055096465097
929	1.28722956868309	6.12330811909389
930	-0.318752239915457	1.21718328381574
931	0.322131339588853	1.49573273830722
932	5.2616944108093	8.14954463881275
933	8.82900430089372	8.70456115169826
934	-2.30272827027497	0.587854627458696
935	7.22671133846696	-3.23247623515358
936	-2.72650320743043	1.18536597088413
937	-0.46843181378382	1.68247830302552
938	-1.03217188205283	2.1485990314253
939	7.16723598287619	-3.9874010150773
940	-0.111691247546562	2.39434915089141
941	-2.6259055099788	0.0533046702074422
942	2.72434890377882	1.13926859285491
943	-0.875120443972189	5.98683179832814
944	1.17835308185305	5.72890040423109
945	-0.338855688886291	-0.56851281937666
946	-1.42065506517047	3.13044047282215
947	7.97386728885544	6.83882057711468
948	2.22575254380213	-0.800933398608312
949	3.04465045166932	7.77631602779214
950	1.50293764620544	-2.37609877273235
951	1.37353910564799	0.964120852437046
952	0.0804999982917752	1.73248415095917
953	0.419282683854408	4.78509256123243
954	-1.77964448430797	3.12294717865028
955	-2.97491361983617	2.49059733693746
956	1.51608146727065	6.76210388258883
957	2.03166462183689	2.10044213721557
958	5.25153152901144	8.17345193312211
959	-0.990726377760774	5.46705595304279
960	6.71007762971618	6.33661469060009
961	2.51754568958693	5.3730305888957
962	5.14228240478092	-2.7844256742856
963	2.22102915390564	3.21512230690183
964	4.59494068903147	-1.24584989322448
965	3.97686449291997	-2.59094864007303
966	4.68391143616397	3.65769294404824
967	6.33941544000246	8.32672599367707
968	-1.87467214629883	4.69540287599402
969	1.51311956696982	-0.493880132998996
970	1.36435275540902	4.66696166099283
971	5.22823915846488	0.7533468157426
972	4.38826261422772	-2.05623969976447
973	5.47986906477806	-2.2636449114292
974	0.270595138764477	3.94860790131588
975	-0.153860075129734	4.09383723431427
976	5.56012300122196	-2.78912153761051
977	2.32505263054526	0.567534345199918
978	6.24277095251061	-0.725820274431561
979	2.45398224816271	1.08898179062007
980	8.26490907575558	-2.89118852035919
981	-0.930945882161437	5.25354088238046
982	5.39932265096741	6.62317868559775
983	5.81624554422744	-2.66889924739968
984	-2.93409858024638	2.45185515510477
985	6.16025155235434	-2.54334493445381
986	3.16011254647495	6.65079982425031
987	5.32739330739337	-0.953372304849779
988	0.282227101930624	-0.504211504725568
989	6.22767820949219	-3.43443481599004
990	-1.77049189360083	1.85963641697311
991	1.25986883578969	-0.333724956093606
992	1.24833832538136	3.98141104239926
993	4.27138506427479	7.831311555525
994	8.23388103279801	-3.21492489588
995	-0.724592211437589	5.39385491087007
996	-1.80064293010617	1.28587014824999
997	8.34779430816257	7.70449976831871
998	2.14232647054823	-2.05480253786465
999	2.01688935116643	4.92963004749291
1000	2.11802353590613	-1.28416347495893
1001	0.72659511272592	-2.8184792954487
1002	0.955969342031826	-0.213523574841611
1003	-1.48018317295949	4.69094769953484
1004	9.18937119752268	12.8847430784701
1005	3.86278767333421	-5.30389799172775
1006	4.07277951095575	12.6448549565028
1007	8.09335750718966	13.775761755969
1008	2.40746289272958	6.83971509247706
1009	1.75169841125618	6.06557844139333
1010	6.30234904471344	-5.30389799172775
1011	6.13579655870498	-4.27308999498911
1012	4.54584570886809	-5.30389799172775
1013	0.0167104651076917	7.48047814972745
1014	-3.94584964160729	0.0791822143108335
1015	4.87117994637236	9.50400427497608
1016	-0.0896766524990942	2.8546889755711
1017	1.67250081881448	8.22802930984652
1018	10.5986502421001	15.7130630218298
1019	2.16053848443678	-0.0202253724126552
1020	3.95893327242985	9.68978978182627
1021	8.64082570944673	13.5321614313556
1022	4.54730201138831	-4.12238707724504
1023	0.977307494202632	6.61678556054888
1024	1.06882011005263	-5.30389799172775
1025	3.19035531022509	-2.77664945114024
1026	0.354662517959042	0.12830217393044
1027	8.21281182966493	-5.30389799172775
1028	-2.44353143268069	0.0372606095434301
1029	3.96386746052535	11.9436493133903
1030	1.75346706331009	-0.989887422359229
1031	2.72891950447322	2.47306309767391
1032	0.15130527464686	5.34361971131176
1033	0.776844952845669	2.75309714859633
1034	3.43692809074676	-5.30389799172775
1035	1.10411931682987	10.9096949935338
1036	0.19172838097893	7.02709228773948
1037	2.32819553563234	10.1001372465647
1038	5.41486842392824	-5.30389799172775
1039	4.00172788958346	8.37688730761795
1040	1.80975166297802	0.743050742853845
1041	3.37918766093409	10.7526619580587
1042	0.271837861555728	6.50406103953517
1043	4.27576087797144	9.82386819041849
1044	1.21458901003792	4.20675290790613
1045	-1.34571426500243	3.63704959947737
1046	1.5991827235065	9.98081436349755
1047	8.90883706034136	-5.30389799172775
1048	1.55573076680744	2.35456064868168
1049	1.71821580999688	8.58708140943152
1050	3.09945175602001	7.61996043016321
1051	0.814243488014961	2.36407879099256
1052	3.47294951502317	11.7364219870699
1053	0.820190235673438	1.39841567663765
1054	0.0858972810183634	-3.32452557461523
1055	9.50144070357534	-5.30389799172775
1056	9.73618464349955	-5.30389799172775
1057	0.480776128002462	-1.57817362885942
1058	-2.07576876510189	3.36619938242626
1059	2.08428246714859	6.86921295118348
1060	0.0423928969344883	0.634463497843478
1061	10.9400305590002	12.9988007259233
1062	1.45510443302963	-2.13203449689598
1063	1.43980085650073	1.91074698973871
1064	1.06729994622673	-1.18423729749516
1065	-0.667118095738368	6.59715836246452
1066	2.48559622194781	-3.00153026097908
1067	-3.59334622840611	2.3866948371417
1068	5.4842791619212	9.4177366266867
1069	6.52912929207117	-5.30389799172775
1070	9.41640296883018	12.0812202911631
1071	1.8833297538254	-1.0210656750474
1072	2.72801818624204	11.2045316789931
1073	2.06766699685338	-0.83511524398981
1074	-0.873487412559177	-1.15051315570909
1075	-2.48713331053373	2.33308822911791
1076	6.12039571806073	12.4935802339992
1077	3.89217324849871	11.812897878492
1078	0.437893522890534	0.222991998771435
1079	2.91732636838642	9.6867472939991
1080	6.45903992462169	14.1652942793385
1081	-0.983639680156443	1.31442342035614
1082	1.35549236184546	8.10332621468467
1083	2.71621453822414	0.467442305123958
1084	-1.94906625013054	-1.35630893922671
1085	3.56726923576964	9.19237607974292
1086	3.84800896785591	-5.30389799172775
1087	3.73079781533223	8.06927956304501
1088	4.54384424690582	-5.30389799172775
1089	3.07197709478683	-3.30763641646707
1090	5.11454114811392	-5.30389799172775
1091	1.35550223140033	-3.45079318844647
1092	9.41913541980507	-5.30389799172775
1093	3.04965937796903	6.38746719671135
1094	6.49725403412085	12.1043801360742
1095	5.97422921167153	9.7256933568216
1096	4.29910421735747	10.1751220106182
1097	-2.48117093495082	1.81811391329249
1098	-0.855475425622786	0.713966693666576
1099	1.02982585245596	10.5064713716518
1100	-0.550405438180211	5.4747642712265
1101	-0.378911573341857	6.69131090222768
1102	0.860069221105435	-0.675962422448188
1103	0.0782511233260432	-2.70238517450927
1104	9.05461057364169	15.7130630218298
1105	-0.667633028420721	6.17257699030402
1106	6.49555919214203	-4.096350675633
1107	6.37854978133696	-5.30389799172775
1108	1.83758599419501	2.37625661561029
1109	7.24258033035268	13.2724174838344
1110	3.71548639175473	5.32395441528607
1111	6.89111419736346	14.5452970836745
1112	1.01091020763872	8.57434614998113
1113	3.60354287504806	-0.589721875635962
1114	-1.13234192349842	1.23658414372934
1115	4.04042233026464	-5.30389799172775
1116	7.74974825111187	-5.30389799172775
1117	1.03288850154374	8.17788149655538
1118	5.11043242136999	-5.30389799172775
1119	1.09225002588568	1.59845651495755
1120	0.351957938008793	6.33402648568097
1121	7.69667328978609	15.7130630218298
1122	2.68677664636076	2.80324077492543
1123	-0.420341071145105	2.52851211121759
1124	3.47992365154558	-5.30389799172775
1125	2.13723221294091	9.13700538400694
1126	1.50185514701769	1.78442134438597
1127	-0.14263730175095	3.18381796105058
1128	3.0038066445694	-4.23471665282403
1129	1.28722956868309	-3.71885692536871
1130	-0.318752239915457	5.24945817754453
1131	0.322131339588853	4.74027437902779
1132	5.2616944108093	-5.30389799172775
1133	8.82900430089372	-5.30389799172775
1134	-2.30272827027497	6.39986055885347
1135	7.22671133846696	13.3833622274058
1136	-2.72650320743043	5.30761969965803
1137	-0.46843181378382	4.39890657354058
1138	-1.03217188205283	3.54684558678592
1139	7.16723598287619	15.7130630218298
1140	-0.111691247546562	3.09761843053773
1141	-2.6259055099788	7.37700904484511
1142	2.72434890377882	5.3918849447271
1143	-0.875120443972189	-3.46938046689938
1144	1.17835308185305	-2.99788614197669
1145	-0.338855688886291	8.51368113744924
1146	-1.42065506517047	1.75205566129757
1147	7.97386728885544	-5.30389799172775
1148	2.22575254380213	8.93854211447998
1149	3.04465045166932	-5.30389799172775
1150	1.50293764620544	11.8179183816234
1151	1.37353910564799	5.71205211909978
1152	0.0804999982917752	4.30749671009143
1153	0.419282683854408	-1.27262100568241
1154	-1.77964448430797	1.76575327918306
1155	-2.97491361983617	2.92167833738357
1156	1.51608146727065	-5.30389799172775
1157	2.03166462183689	3.6348755933901
1158	5.25153152901144	-5.30389799172775
1159	-0.990726377760774	-2.51923881337219
1160	6.71007762971618	-4.10877781222302
1161	2.51754568958693	-2.34736200190709
1162	5.14228240478092	12.5643332082078
1163	2.22102915390564	1.59725866835147
1164	4.59494068903147	9.75184211237438
1165	3.97686449291997	12.2106603877531
1166	4.68391143616397	0.788246859135858
1167	6.33941544000246	-5.30389799172775
1168	-1.87467214629883	-1.10866974359564
1169	1.51311956696982	8.37725382039467
1170	1.36435275540902	-1.05667967269359
1171	5.22823915846488	6.09734357417985
1172	4.38826261422772	11.2332212833607
1173	5.47986906477806	11.6123545819715
1174	0.270595138764477	0.256459125940356
1175	-0.153860075129734	-0.00901769420698248
1176	5.56012300122196	12.5729171687453
1177	2.32505263054526	6.43700569893765
1178	6.24277095251061	8.80123656507009
1179	2.45398224816271	5.48380838799479
1180	8.26490907575558	12.7594939260898
1181	-0.930945882161437	-2.12893679350685
1182	5.39932265096741	-5.30389799172775
1183	5.81624554422744	12.3531528094587
1184	-2.93409858024638	2.99249840538337
1185	6.16025155235434	12.1236416007484
1186	3.16011254647495	-5.30389799172775
1187	5.32739330739337	9.21719791534474
1188	0.282227101930624	8.39613939713804
1189	6.22767820949219	13.7525391748929
1190	-1.77049189360083	4.0750644695861
1191	1.25986883578969	8.08449280430264
1192	1.24833832538136	0.196495526260688
1193	4.27138506427479	-5.30389799172775
1194	8.23388103279801	13.3512786693292
1195	-0.724592211437589	-2.38542851825983
1196	-1.80064293010617	5.12389972472082
1197	8.34779430816257	-5.30389799172775
1198	2.14232647054823	11.2305941751634
1199	2.01688935116643	-1.53683314142875
1200	2.11802353590613	9.82187870647916
1201	0.72659511272592	10.791165667967
1202	0.955969342031826	6.90478145037615
1203	-1.48018317295949	-0.412294846000343
1204	9.18937119752268	-5.30389799172775
1205	3.86278767333421	13.1178050158453
1206	4.07277951095575	-5.30389799172775
1207	8.09335750718966	-5.30389799172775
1208	2.40746289272958	-3.6180828051363
1209	1.75169841125618	-2.46313324525307
1210	6.30234904471344	15.7130630218298
1211	6.13579655870498	12.9613277251229
1212	4.54584570886809	14.0336787730104
1213	0.0167104651076917	-5.30389799172775
1214	-3.94584964160729	6.4680879778689
1215	4.87117994637236	-5.30389799172775
1216	-0.0896766524990942	2.32725533820129
1217	1.67250081881448	-5.30389799172775
1218	10.5986502421001	-5.30389799172775
1219	2.16053848443678	6.61639609423908
1220	3.95893327242985	-5.30389799172775
1221	8.64082570944673	-5.30389799172775
1222	4.54730201138831	12.7364911045108
1223	0.977307494202632	-3.28548989092021
1224	1.06882011005263	15.7130630218298
1225	3.19035531022509	10.7287589078603
1226	0.354662517959042	6.39480495262429
1227	8.21281182966493	15.7130630218298
1228	-2.44353143268069	6.53063163719304
1229	3.96386746052535	-5.30389799172775
1230	1.75346706331009	8.06305380803351
1231	2.72891950447322	2.89661042441299
1232	0.15130527464686	-1.38602894280947
1233	0.776844952845669	2.47882216517943
1234	3.43692809074676	13.6815173760266
1235	1.10411931682987	-5.30389799172775
1236	0.19172838097893	-3.8976344952643
1237	2.32819553563234	-5.30389799172775
1238	5.41486842392824	15.7130630218298
1239	4.00172788958346	-5.30389799172775
1240	1.80975166297802	5.47764957944439
1241	3.37918766093409	-5.30389799172775
1242	0.271837861555728	-3.11731398069741
1243	4.27576087797144	-5.30389799172775
1244	1.21458901003792	0.310084801968099
1245	-1.34571426500243	1.16003627295543
1246	1.5991827235065	-5.30389799172775
1247	8.90883706034136	15.7130630218298
1248	1.55573076680744	3.07340653801523
1249	1.71821580999688	-5.30389799172775
1250	3.09945175602001	-5.30389799172775
1251	0.814243488014961	3.05920623596588
1252	3.47294951502317	-5.30389799172775
1253	0.820190235673438	4.49989785980047
1254	0.0858972810183634	11.546145976141
1255	9.50144070357534	15.7130630218298
1256	9.73618464349955	15.7130630218298
1257	0.480776128002462	8.94072946688729
1258	-2.07576876510189	1.56412299141726
1259	2.08428246714859	-3.66209123553782
1260	0.0423928969344883	5.63965300695049
1261	10.9400305590002	-5.30389799172775
1262	1.45510443302963	9.76704529223914
1263	1.43980085650073	3.73554078698637
1264	1.06729994622673	8.35300817518222
1265	-0.667118095738368	-3.25620769150807
1266	2.48559622194781	11.0642629716272
1267	-3.59334622840611	3.02546491586474
1268	5.4842791619212	-5.30389799172775
1269	6.52912929207117	15.7130630218298
1270	9.41640296883018	-5.30389799172775
1271	1.8833297538254	8.10956925097207
1272	2.72801818624204	-5.30389799172775
1273	2.06766699685338	7.83214617817296
1274	-0.873487412559177	8.30269447067187
1275	-2.48713331053373	3.10544165932113
1276	6.12039571806073	-5.30389799172775
1277	3.89217324849871	-5.30389799172775
1278	0.437893522890534	6.25353535716924
1279	2.91732636838642	-5.30389799172775
1280	6.45903992462169	-5.30389799172775
1281	-0.983639680156443	4.6252075441955
1282	1.35549236184546	-5.30389799172775
1283	2.71621453822414	5.88883518008818
1284	-1.94906625013054	8.60972521164863
1285	3.56726923576964	-5.30389799172775
1286	3.84800896785591	13.0809762491974
1287	3.73079781533223	-5.30389799172775
1288	4.54384424690582	15.7130630218298
1289	3.07197709478683	11.5209487118819
1290	5.11454114811392	15.7130630218298
1291	1.35550223140033	11.7345270905317
1292	9.41913541980507	15.7130630218298
1293	3.04965937796903	-2.943365353842
1294	6.49725403412085	-5.30389799172775
1295	5.97422921167153	-5.30389799172775
1296	4.29910421735747	-5.30389799172775
1297	-2.48117093495082	3.87374187941935
1298	-0.855475425622786	5.52104063935795
1299	1.02982585245596	-5.30389799172775
1300	-0.550405438180211	-1.5816860681278
1301	-0.378911573341857	-3.39667570088229
1302	0.860069221105435	7.59470298137257
1303	0.0782511233260432	10.6179625859319
1304	9.05461057364169	-5.30389799172775
1305	-0.667633028420721	-2.62276646607984
1306	6.49555919214203	12.6976468894221
1307	6.37854978133696	15.7130630218298
1308	1.83758599419501	3.04103790203817
1309	7.24258033035268	-5.30389799172775
1310	3.71548639175473	-1.35668990433603
1311	6.89111419736346	-5.30389799172775
1312	1.01091020763872	-5.30389799172775
1313	3.60354287504806	7.46603902850916
1314	-1.13234192349842	4.74133747830454
1315	4.04042233026464	15.7130630218298
1316	7.74974825111187	15.7130630218298
1317	1.03288850154374	-5.30389799172775
1318	5.11043242136999	15.7130630218298
1319	1.09225002588568	4.20145303374448
1320	0.351957938008793	-2.86363611534388
1321	7.69667328978609	-5.30389799172775
1322	2.68677664636076	2.40401191161674
1323	-0.420341071145105	2.81388496024774
1324	3.47992365154558	14.1472068581375
1325	2.13723221294091	-5.30389799172775
1326	1.50185514701769	3.92400847973526
1327	-0.14263730175095	1.83622138910174
1328	3.0038066445694	12.9040777879409
1329	1.28722956868309	12.1344566049729
1330	-0.318752239915457	-1.24554751510526
1331	0.322131339588853	-0.485886280653559
1332	5.2616944108093	15.7130630218298
1333	8.82900430089372	15.7130630218298
1334	-2.30272827027497	-2.9618552524038
1335	7.22671133846696	-5.30389799172775
1336	-2.72650320743043	-1.33231982368035
1337	-0.46843181378382	0.0234070025850283
1338	-1.03217188205283	1.2946133978233
1339	7.16723598287619	-5.30389799172775
1340	-0.111691247546562	1.96482414894858
1341	-2.6259055099788	-5.30389799172775
1342	2.72434890377882	-1.45803678536888
1343	-0.875120443972189	11.7622578135747
1344	1.17835308185305	11.0588262394533
1345	-0.338855688886291	-5.30389799172775
1346	-1.42065506517047	3.97229547323432
1347	7.97386728885544	14.0858051657444
1348	2.22575254380213	-5.30389799172775
1349	3.04465045166932	15.7130630218298
1350	1.50293764620544	-5.30389799172775
1351	1.37353910564799	-1.93570043378694
1352	0.0804999982917752	0.159783159703797
1353	0.419282683854408	8.48486955227736
1354	-1.77964448430797	3.95185973010532
1355	-2.97491361983617	2.22731260349952
1356	1.51608146727065	13.8765830763565
1357	2.03166462183689	1.16327971501459
1358	5.25153152901144	15.7130630218298
1359	-0.990726377760774	10.3447229597066
1360	6.71007762971618	12.7161871767411
1361	2.51754568958693	10.0882965943125
1362	5.14228240478092	-5.30389799172775
1363	2.22102915390564	4.20324012444554
1364	4.59494068903147	-5.30389799172775
1365	3.97686449291997	-5.30389799172775
1366	4.68391143616397	5.41022061256204
1367	6.33941544000246	15.7130630218298
1368	-1.87467214629883	8.24026746849235
1369	1.51311956696982	-5.30389799172775
1370	1.36435275540902	8.16270246827882
1371	5.22823915846488	-2.51052426605033
1372	4.38826261422772	-5.30389799172775
1373	5.47986906477806	-5.30389799172775
1374	0.270595138764477	6.20360509777615
1375	-0.153860075129734	6.59967514065442
1376	5.56012300122196	-5.30389799172775
1377	2.32505263054526	-3.01727281096011
1378	6.24277095251061	-5.30389799172775
1379	2.45398224816271	-1.59517916223005
1380	8.26490907575558	-5.30389799172775
1381	-0.930945882161437	9.76242376816982
1382	5.39932265096741	13.4977056994995
1383	5.81624554422744	-5.30389799172775
1384	-2.93409858024638	2.1216547635655
1385	6.16025155235434	-5.30389799172775
1386	3.16011254647495	13.5730341840735
1387	5.32739330739337	-5.30389799172775
1388	0.282227101930624	-5.30389799172775
1389	6.22767820949219	-5.30389799172775
1390	-1.77049189360083	0.506553350081024
1391	1.25986883578969	-5.30389799172775
1392	1.24833832538136	6.29306596099984
1393	4.27138506427479	15.7130630218298
1394	8.23388103279801	-5.30389799172775
1395	-0.724592211437589	10.1450887720841
1396	-1.80064293010617	-1.05822441184519
1397	8.34779430816257	15.7130630218298
1398	2.14232647054823	-5.30389799172775
1399	2.01688935116643	8.87905278784546
1400	2.11802353590613	-5.30389799172775
1401	0.72659511272592	-5.30389799172775
1402	0.955969342031826	-5.30389799172775
1403	-1.48018317295949	7.80777702584483
1404	9.18937119752268	15.7130630218298
1405	3.86278767333421	-5.30389799172775
1406	4.07277951095575	15.7130630218298
1407	8.09335750718966	15.7130630218298
1408	2.40746289272958	13.2268642206422
1409	1.75169841125618	11.2745291160188
1410	6.30234904471344	-5.30389799172775
1411	6.13579655870498	-5.30389799172775
1412	4.54584570886809	-5.30389799172775
1413	0.0167104651076917	15.7130630218298
1414	-3.94584964160729	-3.82287195387838
1415	4.87117994637236	15.7130630218298
1416	-0.0896766524990942	3.17682154408765
1417	1.67250081881448	15.7130630218298
1418	10.5986502421001	15.7130630218298
1419	2.16053848443678	-4.0735730684096
1420	3.95893327242985	15.7130630218298
1421	8.64082570944673	15.7130630218298
1422	4.54730201138831	-5.30389799172775
1423	0.977307494202632	12.6646467485314
1424	1.06882011005263	-5.30389799172775
1425	3.19035531022509	-5.30389799172775
1426	0.354662517959042	-3.69899379700673
1427	8.21281182966493	-5.30389799172775
1428	-2.44353143268069	-3.92859620878218
1429	3.96386746052535	15.7130630218298
1430	1.75346706331009	-5.30389799172775
1431	2.72891950447322	2.21437958089112
1432	0.15130527464686	9.45378419862682
1433	0.776844952845669	2.92061188153258
1434	3.43692809074676	-5.30389799172775
1435	1.10411931682987	15.7130630218298
1436	0.19172838097893	13.6994204232255
1437	2.32819553563234	15.7130630218298
1438	5.41486842392824	-5.30389799172775
1439	4.00172788958346	15.7130630218298
1440	1.80975166297802	-2.14862770860881
1441	3.37918766093409	15.7130630218298
1442	0.271837861555728	12.3803609713125
1443	4.27576087797144	15.7130630218298
1444	1.21458901003792	6.58666123466096
1445	-1.34571426500243	5.14989710947907
1446	1.5991827235065	15.7130630218298
1447	8.90883706034136	-5.30389799172775
1448	1.55573076680744	1.91552214941894
1449	1.71821580999688	15.7130630218298
1450	3.09945175602001	15.7130630218298
1451	0.814243488014961	1.93952644289647
1452	3.47294951502317	15.7130630218298
1453	0.820190235673438	-0.495829117075763
1454	0.0858972810183634	-5.30389799172775
1455	9.50144070357534	-5.30389799172775
1456	9.73618464349955	-5.30389799172775
1457	0.480776128002462	-5.30389799172775
1458	-2.07576876510189	4.46682599263751
1459	2.08428246714859	13.3012563902716
1460	0.0423928969344883	-2.42247947631842
1461	10.9400305590002	15.7130630218298
1462	1.45510443302963	-5.30389799172775
1463	1.43980085650073	0.796245617229525
1464	1.06729994622673	-5.30389799172775
1465	-0.667118095738368	12.6151479064705
1466	2.48559622194781	-5.30389799172775
1467	-3.59334622840611	1.99656301488016
1468	5.4842791619212	15.7130630218298
1469	6.52912929207117	-5.30389799172775
1470	9.41640296883018	15.7130630218298
1471	1.8833297538254	-5.30389799172775
1472	2.72801818624204	15.7130630218298
1473	2.06766699685338	-5.30389799172775
1474	-0.873487412559177	-5.30389799172775
1475	-2.48713331053373	1.8613697482416
1476	6.12039571806073	15.7130630218298
1477	3.89217324849871	15.7130630218298
1478	0.437893522890534	-3.46019064923054
1479	2.91732636838642	15.7130630218298
1480	6.45903992462169	15.7130630218298
1481	-0.983639680156443	-0.707653515552899
1482	1.35549236184546	15.7130630218298
1483	2.71621453822414	-2.84369882732822
1484	-1.94906625013054	-5.30389799172775
1485	3.56726923576964	15.7130630218298
1486	3.84800896785591	-5.30389799172775
1487	3.73079781533223	15.7130630218298
1488	4.54384424690582	-5.30389799172775
1489	3.07197709478683	-5.30389799172775
1490	5.11454114811392	-5.30389799172775
1491	1.35550223140033	-5.30389799172775
1492	9.41913541980507	-5.30389799172775
1493	3.04965937796903	12.0863169520697
1494	6.49725403412085	15.7130630218298
1495	5.97422921167153	15.7130630218298
1496	4.29910421735747	15.7130630218298
1497	-2.48117093495082	0.562629489195762
1498	-0.855475425622786	-2.22197627069201
1499	1.02982585245596	15.7130630218298
1500	-0.550405438180211	9.78452442096804
1501	-0.378911573341857	12.8525960473275
1502	0.860069221105435	-5.30389799172775
1503	0.0782511233260432	-5.30389799172775
1504	9.05461057364169	15.7130630218298
1505	-0.667633028420721	11.5443742691835
1506	6.49555919214203	-5.30389799172775
1507	6.37854978133696	-5.30389799172775
1508	1.83758599419501	1.970238326213
1509	7.24258033035268	15.7130630218298
1510	3.71548639175473	9.40418927540491
1511	6.89111419736346	15.7130630218298
1512	1.01091020763872	15.7130630218298
1513	3.60354287504806	-5.30389799172775
1514	-1.13234192349842	-0.903960397631453
1515	4.04042233026464	-5.30389799172775
1516	7.74974825111187	-5.30389799172775
1517	1.03288850154374	15.7130630218298
1518	5.11043242136999	-5.30389799172775
1519	1.09225002588568	0.00866417937713644
1520	0.351957938008793	11.951542069606
1521	7.69667328978609	15.7130630218298
1522	2.68677664636076	3.04707167621918
1523	-0.420341071145105	2.35421930493276
1524	3.47992365154558	-5.30389799172775
1525	2.13723221294091	15.7130630218298
1526	1.50185514701769	0.477658463797267
1527	-0.14263730175095	4.00686888960619
1528	3.0038066445694	-5.30389799172775
1529	1.28722956868309	-5.30389799172775
1530	-0.318752239915457	9.2163133753276
1531	0.322131339588853	7.93217652021547
1532	5.2616944108093	-5.30389799172775
1533	8.82900430089372	-5.30389799172775
1534	-2.30272827027497	12.1175724105736
1535	7.22671133846696	15.7130630218298
1536	-2.72650320743043	9.36299391448248
1537	-0.46843181378382	7.0712634639638
1538	-1.03217188205283	4.92240696247611
1539	7.16723598287619	15.7130630218298
1540	-0.111691247546562	3.78947785252418
1541	-2.6259055099788	14.5818935210138
1542	2.72434890377882	9.57550677744761
1543	-0.875120443972189	-5.30389799172775
1544	1.17835308185305	-5.30389799172775
1545	-0.338855688886291	15.7130630218298
1546	-1.42065506517047	0.396033780105907
1547	7.97386728885544	-5.30389799172775
1548	2.22575254380213	15.7130630218298
1549	3.04465045166932	-5.30389799172775
1550	1.50293764620544	15.7130630218298
1551	1.37353910564799	10.3829528698149
1552	0.0804999982917752	6.84073221980841
1553	0.419282683854408	-5.30389799172775
1554	-1.77964448430797	0.430578508365604
1555	-2.97491361983617	3.34576546699805
1556	1.51608146727065	-5.30389799172775
1557	2.03166462183689	5.14441437152074
1558	5.25153152901144	-5.30389799172775
1559	-0.990726377760774	-5.30389799172775
1560	6.71007762971618	-5.30389799172775
1561	2.51754568958693	-5.30389799172775
1562	5.14228240478092	15.7130630218298
1563	2.22102915390564	0.00564326830706915
1564	4.59494068903147	15.7130630218298
1565	3.97686449291997	15.7130630218298
1566	4.68391143616397	-2.03464529441037
1567	6.33941544000246	-5.30389799172775
1568	-1.87467214629883	-5.30389799172775
1569	1.51311956696982	15.7130630218298
1570	1.36435275540902	-5.30389799172775
1571	5.22823915846488	11.354639240963
1572	4.38826261422772	15.7130630218298
1573	5.47986906477806	15.7130630218298
1574	0.270595138764477	-3.37578817696507
1575	-0.153860075129734	-4.04530784731249
1576	5.56012300122196	15.7130630218298
1577	2.32505263054526	12.2112506531048
1578	6.24277095251061	15.7130630218298
1579	2.45398224816271	9.80733324500748
1580	8.26490907575558	15.7130630218298
1581	-0.930945882161437	-5.30389799172775
1582	5.39932265096741	-5.30389799172775
1583	5.81624554422744	15.7130630218298
1584	-2.93409858024638	3.52437024520389
1585	6.16025155235434	15.7130630218298
1586	3.16011254647495	-5.30389799172775
1587	5.32739330739337	15.7130630218298
1588	0.282227101930624	15.7130630218298
1589	6.22767820949219	15.7130630218298
1590	-1.77049189360083	6.25454937734831
1591	1.25986883578969	15.7130630218298
1592	1.24833832538136	-3.52701346837881
1593	4.27138506427479	-5.30389799172775
1594	8.23388103279801	15.7130630218298
1595	-0.724592211437589	-5.30389799172775
1596	-1.80064293010617	8.89966104426078
1597	8.34779430816257	-5.30389799172775
1598	2.14232647054823	15.7130630218298
1599	2.01688935116643	-5.30389799172775
1600	2.11802353590613	15.7130630218298
1601	0.72659511272592	15.7130630218298
1602	0.955969342031826	13.9075989848873
1603	-1.48018317295949	-5.30389799172775
1604	9.18937119752268	-5.30389799172775
1605	3.86278767333421	15.7130630218298
1606	4.07277951095575	-5.30389799172775
1607	8.09335750718966	-5.30389799172775
1608	2.40746289272958	-5.30389799172775
1609	1.75169841125618	-5.30389799172775
1610	6.30234904471344	15.7130630218298
1611	6.13579655870498	15.7130630218298
1612	4.54584570886809	15.7130630218298
1613	0.0167104651076917	-5.30389799172775
1614	-3.94584964160729	12.7533400356064
1615	4.87117994637236	-5.30389799172775
1616	-0.0896766524990942	1.8083787922677
1617	1.67250081881448	-5.30389799172775
1618	10.5986502421001	-5.30389799172775
1619	2.16053848443678	13.1453449116775
1620	3.95893327242985	-5.30389799172775
1621	8.64082570944673	-5.30389799172775
1622	4.54730201138831	15.7130630218298
1623	0.977307494202632	-5.30389799172775
1624	1.06882011005263	15.7130630218298
1625	3.19035531022509	15.7130630218298
1626	0.354662517959042	12.5596398934144
1627	8.21281182966493	15.7130630218298
1628	-2.44353143268069	12.9186541129641
1629	3.96386746052535	-5.30389799172775
1630	1.75346706331009	15.7130630218298
1631	2.72891950447322	3.31328611273961
1632	0.15130527464686	-5.30389799172775
1633	0.776844952845669	2.20899702328723
1634	3.43692809074676	15.7130630218298
1635	1.10411931682987	-5.30389799172775
1636	0.19172838097893	-5.30389799172775
1637	2.32819553563234	-5.30389799172775
1638	5.41486842392824	15.7130630218298
1639	4.00172788958346	-5.30389799172775
1640	1.80975166297802	10.1354342113466
1641	3.37918766093409	-5.30389799172775
1642	0.271837861555728	-5.30389799172775
1643	4.27576087797144	-5.30389799172775
1644	1.21458901003792	-3.52336370048111
1645	-1.34571426500243	-1.27678995114413
1646	1.5991827235065	-5.30389799172775
1647	8.90883706034136	15.7130630218298
1648	1.55573076680744	3.78058986049618
1649	1.71821580999688	-5.30389799172775
1650	3.09945175602001	-5.30389799172775
1651	0.814243488014961	3.74305592249422
1652	3.47294951502317	-5.30389799172775
1653	0.820190235673438	7.5510615480821
1654	0.0858972810183634	15.7130630218298
1655	9.50144070357534	15.7130630218298
1656	9.73618464349955	15.7130630218298
1657	0.480776128002462	15.7130630218298
1658	-2.07576876510189	-0.208716484434851
1659	2.08428246714859	-5.30389799172775
1660	0.0423928969344883	10.5636382441193
1661	10.9400305590002	-5.30389799172775
1662	1.45510443302963	15.7130630218298
1663	1.43980085650073	5.53072910144314
1664	1.06729994622673	15.7130630218298
1665	-0.667118095738368	-5.30389799172775
1666	2.48559622194781	15.7130630218298
1667	-3.59334622840611	3.65387157892322
1668	5.4842791619212	-5.30389799172775
1669	6.52912929207117	15.7130630218298
1670	9.41640296883018	-5.30389799172775
1671	1.8833297538254	15.7130630218298
1672	2.72801818624204	-5.30389799172775
1673	2.06766699685338	15.7130630218298
1674	-0.873487412559177	15.7130630218298
1675	-2.48713331053373	3.86526441550232
1676	6.12039571806073	-5.30389799172775
1677	3.89217324849871	-5.30389799172775
1678	0.437893522890534	12.1862390869423
1679	2.91732636838642	-5.30389799172775
1680	6.45903992462169	-5.30389799172775
1681	-0.983639680156443	7.88227745523567
1682	1.35549236184546	-5.30389799172775
1683	2.71621453822414	11.2222712932787
1684	-1.94906625013054	15.7130630218298
1685	3.56726923576964	-5.30389799172775
1686	3.84800896785591	15.7130630218298
1687	3.73079781533223	-5.30389799172775
1688	4.54384424690582	15.7130630218298
1689	3.07197709478683	15.7130630218298
1690	5.11454114811392	15.7130630218298
1691	1.35550223140033	15.7130630218298
1692	9.41913541980507	15.7130630218298
1693	3.04965937796903	-5.30389799172775
1694	6.49725403412085	-5.30389799172775
1695	5.97422921167153	-5.30389799172775
1696	4.29910421735747	-5.30389799172775
1697	-2.48117093495082	5.89601930563442
1698	-0.855475425622786	10.2501245430717
1699	1.02982585245596	-5.30389799172775
1700	-0.550405438180211	-5.30389799172775
1701	-0.378911573341857	-5.30389799172775
1702	0.860069221105435	15.7130630218298
1703	0.0782511233260432	15.7130630218298
1704	9.05461057364169	-5.30389799172775
1705	-0.667633028420721	-5.30389799172775
1706	6.49555919214203	15.7130630218298
1707	6.37854978133696	15.7130630218298
1708	1.83758599419501	3.69503376656597
1709	7.24258033035268	-5.30389799172775
1710	3.71548639175473	-5.30389799172775
1711	6.89111419736346	-5.30389799172775
1712	1.01091020763872	-5.30389799172775
1713	3.60354287504806	15.7130630218298
1714	-1.13234192349842	8.1892296406099
1715	4.04042233026464	15.7130630218298
1716	7.74974825111187	15.7130630218298
1717	1.03288850154374	-5.30389799172775
1718	5.11043242136999	15.7130630218298
1719	1.09225002588568	6.76221849676769
1720	0.351957938008793	-5.30389799172775
1721	7.69667328978609	-5.30389799172775
1722	2.68677664636076	2.01126014350991
1723	-0.420341071145105	3.09462791572575
1724	3.47992365154558	15.7130630218298
1725	2.13723221294091	-5.30389799172775
1726	1.50185514701769	6.02888292031463
1727	-0.14263730175095	0.510488244706358
1728	3.0038066445694	15.7130630218298
1729	1.28722956868309	15.7130630218298
1730	-0.318752239915457	-5.30389799172775
1731	0.322131339588853	-5.30389799172775
1732	5.2616944108093	15.7130630218298
1733	8.82900430089372	15.7130630218298
1734	-2.30272827027497	-5.30389799172775
1735	7.22671133846696	-5.30389799172775
1736	-2.72650320743043	-5.30389799172775
1737	-0.46843181378382	-4.28110439579817
1738	-1.03217188205283	-0.921078541364211
1739	7.16723598287619	-5.30389799172775
1740	-0.111691247546562	0.850408339236667
1741	-2.6259055099788	-5.30389799172775
1742	2.72434890377882	-5.30389799172775
1743	-0.875120443972189	15.7130630218298
1744	1.17835308185305	15.7130630218298
1745	-0.338855688886291	-5.30389799172775
1746	-1.42065506517047	6.1565140801306
1747	7.97386728885544	15.7130630218298
1748	2.22575254380213	-5.30389799172775
1749	3.04465045166932	15.7130630218298
1750	1.50293764620544	-5.30389799172775
1751	1.37353910564799	-5.30389799172775
1752	0.0804999982917752	-3.9206378220271
1753	0.419282683854408	15.7130630218298
1754	-1.77964448430797	6.10249875616335
1755	-2.97491361983617	1.54421226996364
1756	1.51608146727065	15.7130630218298
1757	2.03166462183689	-1.26821695370092
1758	5.25153152901144	15.7130630218298
1759	-0.990726377760774	15.7130630218298
1760	6.71007762971618	15.7130630218298
1761	2.51754568958693	15.7130630218298
1762	5.14228240478092	-5.30389799172775
1763	2.22102915390564	6.76694209710692
1764	4.59494068903147	-5.30389799172775
1765	3.97686449291997	-5.30389799172775
1766	4.68391143616397	9.95720739238856
1767	6.33941544000246	15.7130630218298
1768	-1.87467214629883	15.7130630218298
1769	1.51311956696982	-5.30389799172775
1770	1.36435275540902	15.7130630218298
1771	5.22823915846488	-5.30389799172775
1772	4.38826261422772	-5.30389799172775
1773	5.47986906477806	-5.30389799172775
1774	0.270595138764477	12.0542644814748
1775	-0.153860075129734	13.101148440856
1776	5.56012300122196	-5.30389799172775
1777	2.32505263054526	-5.30389799172775
1778	6.24277095251061	-5.30389799172775
1779	2.45398224816271	-5.30389799172775
1780	8.26490907575558	-5.30389799172775
1781	-0.930945882161437	15.7130630218298
1782	5.39932265096741	15.7130630218298
1783	5.81624554422744	-5.30389799172775
1784	-2.93409858024638	1.26493970239964
1785	6.16025155235434	-5.30389799172775
1786	3.16011254647495	15.7130630218298
1787	5.32739330739337	-5.30389799172775
1788	0.282227101930624	-5.30389799172775
1789	6.22767820949219	-5.30389799172775
1790	-1.77049189360083	-3.00406218995119
1791	1.25986883578969	-5.30389799172775
1792	1.24833832538136	12.290725542808
1793	4.27138506427479	15.7130630218298
1794	8.23388103279801	-5.30389799172775
1795	-0.724592211437589	15.7130630218298
1796	-1.80064293010617	-5.30389799172775
1797	8.34779430816257	15.7130630218298
1798	2.14232647054823	-5.30389799172775
1799	2.01688935116643	15.7130630218298
1800	2.11802353590613	-5.30389799172775
1801	0.72659511272592	-5.30389799172775
1802	0.955969342031826	-5.30389799172775
1803	-1.48018317295949	15.7130630218298
1804	9.18937119752268	15.7130630218298
1805	3.86278767333421	-5.30389799172775
1806	4.07277951095575	15.7130630218298
1807	8.09335750718966	15.7130630218298
1808	2.40746289272958	15.7130630218298
1809	1.75169841125618	15.7130630218298
1810	6.30234904471344	-5.30389799172775
1811	6.13579655870498	-5.30389799172775
1812	4.54584570886809	-5.30389799172775
1813	0.0167104651076917	15.7130630218298
1814	-3.94584964160729	-5.30389799172775
1815	4.87117994637236	15.7130630218298
1816	-0.0896766524990942	4.01260437472892
1817	1.67250081881448	15.7130630218298
1818	10.5986502421001	15.7130630218298
1819	2.16053848443678	-5.30389799172775
1820	3.95893327242985	15.7130630218298
1821	8.64082570944673	15.7130630218298
1822	4.54730201138831	-5.30389799172775
1823	0.977307494202632	15.7130630218298
1824	1.06882011005263	-5.30389799172775
1825	3.19035531022509	-5.30389799172775
1826	0.354662517959042	-5.30389799172775
1827	8.21281182966493	-5.30389799172775
1828	-2.44353143268069	-5.30389799172775
1829	3.96386746052535	15.7130630218298
1830	1.75346706331009	-5.30389799172775
1831	2.72891950447322	1.54321726111046
1832	0.15130527464686	15.7130630218298
1833	0.776844952845669	3.35523399470442
1834	3.43692809074676	-5.30389799172775
1835	1.10411931682987	15.7130630218298
1836	0.19172838097893	15.7130630218298
1837	2.32819553563234	15.7130630218298
1838	5.41486842392824	-5.30389799172775
1839	4.00172788958346	15.7130630218298
1840	1.80975166297802	-5.30389799172775
1841	3.37918766093409	15.7130630218298
1842	0.271837861555728	15.7130630218298
1843	4.27576087797144	15.7130630218298
1844	1.21458901003792	12.7614063943756
1845	-1.34571426500243	9.07502638217223
1846	1.5991827235065	15.7130630218298
1847	8.90883706034136	-5.30389799172775
1848	1.55573076680744	0.776423295025021
1849	1.71821580999688	15.7130630218298
1850	3.09945175602001	15.7130630218298
1851	0.814243488014961	0.838012352081586
1852	3.47294951502317	15.7130630218298
1853	0.820190235673438	-5.30389799172775
1854	0.0858972810183634	-5.30389799172775
1855	9.50144070357534	-5.30389799172775
1856	9.73618464349955	-5.30389799172775
1857	0.480776128002462	-5.30389799172775
1858	-2.07576876510189	7.32243549553704
1859	2.08428246714859	15.7130630218298
1860	0.0423928969344883	-5.30389799172775
1861	10.9400305590002	15.7130630218298
1862	1.45510443302963	-5.30389799172775
1863	1.43980085650073	-2.09536238229972
1864	1.06729994622673	-5.30389799172775
1865	-0.667118095738368	15.7130630218298
1866	2.48559622194781	-5.30389799172775
1867	-3.59334622840611	0.98435403422697
1868	5.4842791619212	15.7130630218298
1869	6.52912929207117	-5.30389799172775
1870	9.41640296883018	15.7130630218298
1871	1.8833297538254	-5.30389799172775
1872	2.72801818624204	15.7130630218298
1873	2.06766699685338	-5.30389799172775
1874	-0.873487412559177	-5.30389799172775
1875	-2.48713331053373	0.637481679060272
1876	6.12039571806073	15.7130630218298
1877	3.89217324849871	15.7130630218298
1878	0.437893522890534	-5.30389799172775
1879	2.91732636838642	15.7130630218298
1880	6.45903992462169	15.7130630218298
1881	-0.983639680156443	-5.30389799172775
1882	1.35549236184546	15.7130630218298
1883	2.71621453822414	-5.30389799172775
1884	-1.94906625013054	-5.30389799172775
1885	3.56726923576964	15.7130630218298
1886	3.84800896785591	-5.30389799172775
1887	3.73079781533223	15.7130630218298
1888	4.54384424690582	-5.30389799172775
1889	3.07197709478683	-5.30389799172775
1890	5.11454114811392	-5.30389799172775
1891	1.35550223140033	-5.30389799172775
1892	9.41913541980507	-5.30389799172775
1893	3.04965937796903	15.7130630218298
1894	6.49725403412085	15.7130630218298
1895	5.97422921167153	15.7130630218298
1896	4.29910421735747	15.7130630218298
1897	-2.48117093495082	-2.69476336247313
1898	-0.855475425622786	-5.30389799172775
1899	1.02982585245596	15.7130630218298
1900	-0.550405438180211	15.7130630218298
1901	-0.378911573341857	15.7130630218298
1902	0.860069221105435	-5.30389799172775
1903	0.0782511233260432	-5.30389799172775
1904	9.05461057364169	15.7130630218298
1905	-0.667633028420721	15.7130630218298
1906	6.49555919214203	-5.30389799172775
1907	6.37854978133696	-5.30389799172775
1908	1.83758599419501	0.916811419242895
1909	7.24258033035268	15.7130630218298
1910	3.71548639175473	15.7130630218298
1911	6.89111419736346	15.7130630218298
1912	1.01091020763872	15.7130630218298
1913	3.60354287504806	-5.30389799172775
1914	-1.13234192349842	-5.30389799172775
1915	4.04042233026464	-5.30389799172775
1916	7.74974825111187	-5.30389799172775
1917	1.03288850154374	15.7130630218298
1918	5.11043242136999	-5.30389799172775
1919	1.09225002588568	-4.11610080386484
1920	0.351957938008793	15.7130630218298
1921	7.69667328978609	15.7130630218298
1922	2.68677664636076	3.67969842926915
1923	-0.420341071145105	1.90201127230828
1924	3.47992365154558	-5.30389799172775
1925	2.13723221294091	15.7130630218298
1926	1.50185514701769	-2.91277791625786
1927	-0.14263730175095	6.14229977153921
1928	3.0038066445694	-5.30389799172775
1929	1.28722956868309	-5.30389799172775
1930	-0.318752239915457	15.7130630218298
1931	0.322131339588853	15.7130630218298
1932	5.2616944108093	-5.30389799172775
1933	8.82900430089372	-5.30389799172775
1934	-2.30272827027497	15.7130630218298
1935	7.22671133846696	15.7130630218298
1936	-2.72650320743043	15.7130630218298
1937	-0.46843181378382	14.0047753932675
1938	-1.03217188205283	8.49134314830895
1939	7.16723598287619	15.7130630218298
1940	-0.111691247546562	5.58452834623318
1941	-2.6259055099788	15.7130630218298
1942	2.72434890377882	15.7130630218298
1943	-0.875120443972189	-5.30389799172775
1944	1.17835308185305	-5.30389799172775
1945	-0.338855688886291	15.7130630218298
1946	-1.42065506517047	-3.12220658808258
1947	7.97386728885544	-5.30389799172775
1948	2.22575254380213	15.7130630218298
1949	3.04465045166932	-5.30389799172775
1950	1.50293764620544	15.7130630218298
1951	1.37353910564799	15.7130630218298
1952	0.0804999982917752	13.4132894591827
1953	0.419282683854408	-5.30389799172775
1954	-1.77964448430797	-3.0335733924511
1955	-2.97491361983617	4.44607253396577
1956	1.51608146727065	-5.30389799172775
1957	2.03166462183689	9.06095903787578
1958	5.25153152901144	-5.30389799172775
1959	-0.990726377760774	-5.30389799172775
1960	6.71007762971618	-5.30389799172775
1961	2.51754568958693	-5.30389799172775
1962	5.14228240478092	15.7130630218298
1963	2.22102915390564	-4.12385171161105
1964	4.59494068903147	15.7130630218298
1965	3.97686449291997	15.7130630218298
1966	4.68391143616397	-5.30389799172775
1967	6.33941544000246	-5.30389799172775
1968	-1.87467214629883	-5.30389799172775
1969	1.51311956696982	15.7130630218298
1970	1.36435275540902	-5.30389799172775
1971	5.22823915846488	15.7130630218298
1972	4.38826261422772	15.7130630218298
1973	5.47986906477806	15.7130630218298
1974	0.270595138764477	-5.30389799172775
1975	-0.153860075129734	-5.30389799172775
1976	5.56012300122196	15.7130630218298
1977	2.32505263054526	15.7130630218298
1978	6.24277095251061	15.7130630218298
1979	2.45398224816271	15.7130630218298
1980	8.26490907575558	15.7130630218298
1981	-0.930945882161437	-5.30389799172775
1982	5.39932265096741	-5.30389799172775
1983	5.81624554422744	15.7130630218298
1984	-2.93409858024638	4.90432804920469
1985	6.16025155235434	15.7130630218298
1986	3.16011254647495	-5.30389799172775
1987	5.32739330739337	15.7130630218298
1988	0.282227101930624	15.7130630218298
1989	6.22767820949219	15.7130630218298
1990	-1.77049189360083	11.9092898282983
1991	1.25986883578969	15.7130630218298
1992	1.24833832538136	-5.30389799172775
1993	4.27138506427479	-5.30389799172775
1994	8.23388103279801	15.7130630218298
1995	-0.724592211437589	-5.30389799172775
1996	-1.80064293010617	15.7130630218298
1997	8.34779430816257	-5.30389799172775
1998	2.14232647054823	15.7130630218298
1999	2.01688935116643	-5.30389799172775
2000	2.11802353590613	15.7130630218298
2001	0.72659511272592	15.7130630218298
2002	0.955969342031826	15.7130630218298
2003	-1.48018317295949	-5.30389799172775
2004	9.18937119752268	-5.30389799172775
2005	3.86278767333421	15.7130630218298
2006	4.07277951095575	-5.30389799172775
2007	8.09335750718966	-5.30389799172775
2008	2.40746289272958	-5.30389799172775
2009	1.75169841125618	-5.30389799172775
2010	6.30234904471344	15.7130630218298
2011	6.13579655870498	15.7130630218298
2012	4.54584570886809	15.7130630218298
2013	0.0167104651076917	-5.30389799172775
2014	-3.94584964160729	15.7130630218298
2015	4.87117994637236	-5.30389799172775
2016	-0.0896766524990942	0.462137676787165
2017	1.67250081881448	-5.30389799172775
2018	10.5986502421001	-5.30389799172775
2019	2.16053848443678	15.7130630218298
2020	3.95893327242985	-5.30389799172775
2021	8.64082570944673	-5.30389799172775
2022	4.54730201138831	15.7130630218298
2023	0.977307494202632	-5.30389799172775
2024	1.06882011005263	15.7130630218298
2025	3.19035531022509	15.7130630218298
2026	0.354662517959042	15.7130630218298
2027	8.21281182966493	15.7130630218298
2028	-2.44353143268069	15.7130630218298
2029	3.96386746052535	-5.30389799172775
2030	1.75346706331009	15.7130630218298
2031	2.72891950447322	4.39436396804415
2032	0.15130527464686	-5.30389799172775
2033	0.776844952845669	1.50892741549206
2034	3.43692809074676	15.7130630218298
2035	1.10411931682987	-5.30389799172775
2036	0.19172838097893	-5.30389799172775
2037	2.32819553563234	-5.30389799172775
2038	5.41486842392824	15.7130630218298
2039	4.00172788958346	-5.30389799172775
2040	1.80975166297802	15.7130630218298
2041	3.37918766093409	-5.30389799172775
2042	0.271837861555728	-5.30389799172775
2043	4.27576087797144	-5.30389799172775
2044	1.21458901003792	-5.30389799172775
2045	-1.34571426500243	-5.30389799172775
2046	1.5991827235065	-5.30389799172775
2047	8.90883706034136	15.7130630218298
2048	1.55573076680744	5.61539868422526
2049	1.71821580999688	-5.30389799172775
2050	3.09945175602001	-5.30389799172775
2051	0.814243488014961	5.51732491196171
2052	3.47294951502317	-5.30389799172775
2053	0.820190235673438	15.7130630218298
2054	0.0858972810183634	15.7130630218298
2055	9.50144070357534	15.7130630218298
2056	9.73618464349955	15.7130630218298
2057	0.480776128002462	15.7130630218298
2058	-2.07576876510189	-5.30389799172775
2059	2.08428246714859	-5.30389799172775
2060	0.0423928969344883	15.7130630218298
2061	10.9400305590002	-5.30389799172775
2062	1.45510443302963	15.7130630218298
2063	1.43980085650073	10.1884002524907
2064	1.06729994622673	15.7130630218298
2065	-0.667118095738368	-5.30389799172775
2066	2.48559622194781	15.7130630218298
2067	-3.59334622840611	5.28429194322817
2068	5.4842791619212	-5.30389799172775
2069	6.52912929207117	15.7130630218298
2070	9.41640296883018	-5.30389799172775
2071	1.8833297538254	15.7130630218298
2072	2.72801818624204	-5.30389799172775
2073	2.06766699685338	15.7130630218298
2074	-0.873487412559177	15.7130630218298
2075	-2.48713331053373	5.83664786473375
2076	6.12039571806073	-5.30389799172775
2077	3.89217324849871	-5.30389799172775
2078	0.437893522890534	15.7130630218298
2079	2.91732636838642	-5.30389799172775
2080	6.45903992462169	-5.30389799172775
2081	-0.983639680156443	15.7130630218298
2082	1.35549236184546	-5.30389799172775
2083	2.71621453822414	15.7130630218298
2084	-1.94906625013054	15.7130630218298
2085	3.56726923576964	-5.30389799172775
2086	3.84800896785591	15.7130630218298
2087	3.73079781533223	-5.30389799172775
2088	4.54384424690582	15.7130630218298
2089	3.07197709478683	15.7130630218298
2090	5.11454114811392	15.7130630218298
2091	1.35550223140033	15.7130630218298
2092	9.41913541980507	15.7130630218298
2093	3.04965937796903	-5.30389799172775
2094	6.49725403412085	-5.30389799172775
2095	5.97422921167153	-5.30389799172775
2096	4.29910421735747	-5.30389799172775
2097	-2.48117093495082	11.1428801233236
2098	-0.855475425622786	15.7130630218298
2099	1.02982585245596	-5.30389799172775
2100	-0.550405438180211	-5.30389799172775
2101	-0.378911573341857	-5.30389799172775
2102	0.860069221105435	15.7130630218298
2103	0.0782511233260432	15.7130630218298
2104	9.05461057364169	-5.30389799172775
2105	-0.667633028420721	-5.30389799172775
2106	6.49555919214203	15.7130630218298
2107	6.37854978133696	15.7130630218298
2108	1.83758599419501	5.39184609905733
2109	7.24258033035268	-5.30389799172775
2110	3.71548639175473	-5.30389799172775
2111	6.89111419736346	-5.30389799172775
2112	1.01091020763872	-5.30389799172775
2113	3.60354287504806	15.7130630218298
2114	-1.13234192349842	15.7130630218298
2115	4.04042233026464	15.7130630218298
2116	7.74974825111187	15.7130630218298
2117	1.03288850154374	-5.30389799172775
2118	5.11043242136999	15.7130630218298
2119	1.09225002588568	13.4062030446127
2120	0.351957938008793	-5.30389799172775
2121	7.69667328978609	-5.30389799172775
2122	2.68677664636076	0.992253633104143
2123	-0.420341071145105	3.82302412578254
2124	3.47992365154558	15.7130630218298
2125	2.13723221294091	-5.30389799172775
2126	1.50185514701769	11.4900442255177
2127	-0.14263730175095	-2.92916706661338
2128	3.0038066445694	15.7130630218298
2129	1.28722956868309	15.7130630218298
2130	-0.318752239915457	-5.30389799172775
2131	0.322131339588853	-5.30389799172775
2132	5.2616944108093	15.7130630218298
2133	8.82900430089372	15.7130630218298
2134	-2.30272827027497	-5.30389799172775
2135	7.22671133846696	-5.30389799172775
2136	-2.72650320743043	-5.30389799172775
2137	-0.46843181378382	-5.30389799172775
2138	-1.03217188205283	-5.30389799172775
2139	7.16723598287619	-5.30389799172775
2140	-0.111691247546562	-2.040977664877
2141	-2.6259055099788	-5.30389799172775
2142	2.72434890377882	-5.30389799172775
2143	-0.875120443972189	15.7130630218298
2144	1.17835308185305	15.7130630218298
2145	-0.338855688886291	-5.30389799172775
2146	-1.42065506517047	11.8235362588042
2147	7.97386728885544	15.7130630218298
2148	2.22575254380213	-5.30389799172775
2149	3.04465045166932	15.7130630218298
2150	1.50293764620544	-5.30389799172775
2151	1.37353910564799	-5.30389799172775
2152	0.0804999982917752	-5.30389799172775
2153	0.419282683854408	15.7130630218298
2154	-1.77964448430797	11.6823976822651
2155	-2.97491361983617	-0.228112500179329
2156	1.51608146727065	15.7130630218298
2157	2.03166462183689	-5.30389799172775
2158	5.25153152901144	15.7130630218298
2159	-0.990726377760774	15.7130630218298
2160	6.71007762971618	15.7130630218298
2161	2.51754568958693	15.7130630218298
2162	5.14228240478092	-5.30389799172775
2163	2.22102915390564	13.4185455092885
2164	4.59494068903147	-5.30389799172775
2165	3.97686449291997	-5.30389799172775
2166	4.68391143616397	15.7130630218298
2167	6.33941544000246	15.7130630218298
2168	-1.87467214629883	15.7130630218298
2169	1.51311956696982	-5.30389799172775
2170	1.36435275540902	15.7130630218298
2171	5.22823915846488	-5.30389799172775
2172	4.38826261422772	-5.30389799172775
2173	5.47986906477806	-5.30389799172775
2174	0.270595138764477	15.7130630218298
2175	-0.153860075129734	15.7130630218298
2176	5.56012300122196	-5.30389799172775
2177	2.32505263054526	-5.30389799172775
2178	6.24277095251061	-5.30389799172775
2179	2.45398224816271	-5.30389799172775
2180	8.26490907575558	-5.30389799172775
2181	-0.930945882161437	15.7130630218298
2182	5.39932265096741	15.7130630218298
2183	5.81624554422744	-5.30389799172775
2184	-2.93409858024638	-0.957833804384055
2185	6.16025155235434	-5.30389799172775
2186	3.16011254647495	15.7130630218298
2187	5.32739330739337	-5.30389799172775
2188	0.282227101930624	-5.30389799172775
2189	6.22767820949219	-5.30389799172775
2190	-1.77049189360083	-5.30389799172775
2191	1.25986883578969	-5.30389799172775
2192	1.24833832538136	15.7130630218298
2193	4.27138506427479	15.7130630218298
2194	8.23388103279801	-5.30389799172775
2195	-0.724592211437589	15.7130630218298
2196	-1.80064293010617	-5.30389799172775
2197	8.34779430816257	15.7130630218298
2198	2.14232647054823	-5.30389799172775
2199	2.01688935116643	15.7130630218298
2200	2.11802353590613	-5.30389799172775
2201	0.72659511272592	-5.30389799172775
2202	0.955969342031826	-5.30389799172775
2203	-1.48018317295949	15.7130630218298
2204	9.18937119752268	15.7130630218298
2205	3.86278767333421	-5.30389799172775
2206	4.07277951095575	15.7130630218298
2207	8.09335750718966	15.7130630218298
2208	2.40746289272958	15.7130630218298
2209	1.75169841125618	15.7130630218298
2210	6.30234904471344	-5.30389799172775
2211	6.13579655870498	-5.30389799172775
2212	4.54584570886809	-5.30389799172775
2213	0.0167104651076917	15.7130630218298
2214	-3.94584964160729	-5.30389799172775
2215	4.87117994637236	15.7130630218298
2216	-0.0896766524990942	6.18106856729877
2217	1.67250081881448	15.7130630218298
2218	10.5986502421001	15.7130630218298
2219	2.16053848443678	-5.30389799172775
2220	3.95893327242985	15.7130630218298
2221	8.64082570944673	15.7130630218298
2222	4.54730201138831	-5.30389799172775
2223	0.977307494202632	15.7130630218298
2224	1.06882011005263	-5.30389799172775
2225	3.19035531022509	-5.30389799172775
2226	0.354662517959042	-5.30389799172775
2227	8.21281182966493	-5.30389799172775
2228	-2.44353143268069	-5.30389799172775
2229	3.96386746052535	15.7130630218298
2230	1.75346706331009	-5.30389799172775
2231	2.72891950447322	-0.198133966133334
2232	0.15130527464686	15.7130630218298
2233	0.776844952845669	4.48287439979515
2234	3.43692809074676	-5.30389799172775
2235	1.10411931682987	15.7130630218298
2236	0.19172838097893	15.7130630218298
2237	2.32819553563234	15.7130630218298
2238	5.41486842392824	-5.30389799172775
2239	4.00172788958346	15.7130630218298
2240	1.80975166297802	-5.30389799172775
2241	3.37918766093409	15.7130630218298
2242	0.271837861555728	15.7130630218298
2243	4.27576087797144	15.7130630218298
2244	1.21458901003792	15.7130630218298
2245	-1.34571426500243	15.7130630218298
2246	1.5991827235065	15.7130630218298
2247	8.90883706034136	-5.30389799172775
2248	1.55573076680744	-2.17900362569231
2249	1.71821580999688	15.7130630218298
2250	3.09945175602001	15.7130630218298
2251	0.814243488014961	-2.01989974657988
2252	3.47294951502317	15.7130630218298
2253	0.820190235673438	-5.30389799172775
2254	0.0858972810183634	-5.30389799172775
2255	9.50144070357534	-5.30389799172775
2256	9.73618464349955	-5.30389799172775
2257	0.480776128002462	-5.30389799172775
2258	-2.07576876510189	14.7314019494766
2259	2.08428246714859	15.7130630218298
2260	0.0423928969344883	-5.30389799172775
2261	10.9400305590002	15.7130630218298
2262	1.45510443302963	-5.30389799172775
2263	1.43980085650073	-5.30389799172775
2264	1.06729994622673	-5.30389799172775
2265	-0.667118095738368	15.7130630218298
2266	2.48559622194781	-5.30389799172775
2267	-3.59334622840611	-1.64185321659674
2268	5.4842791619212	15.7130630218298
2269	6.52912929207117	-5.30389799172775
2270	9.41640296883018	15.7130630218298
2271	1.8833297538254	-5.30389799172775
2272	2.72801818624204	15.7130630218298
2273	2.06766699685338	-5.30389799172775
2274	-0.873487412559177	-5.30389799172775
2275	-2.48713331053373	-2.53793346041665
2276	6.12039571806073	15.7130630218298
2277	3.89217324849871	15.7130630218298
2278	0.437893522890534	-5.30389799172775
2279	2.91732636838642	15.7130630218298
2280	6.45903992462169	15.7130630218298
2281	-0.983639680156443	-5.30389799172775
2282	1.35549236184546	15.7130630218298
2283	2.71621453822414	-5.30389799172775
2284	-1.94906625013054	-5.30389799172775
2285	3.56726923576964	15.7130630218298
2286	3.84800896785591	-5.30389799172775
2287	3.73079781533223	15.7130630218298
2288	4.54384424690582	-5.30389799172775
2289	3.07197709478683	-5.30389799172775
2290	5.11454114811392	-5.30389799172775
2291	1.35550223140033	-5.30389799172775
2292	9.41913541980507	-5.30389799172775
2293	3.04965937796903	15.7130630218298
2294	6.49725403412085	15.7130630218298
2295	5.97422921167153	15.7130630218298
2296	4.29910421735747	15.7130630218298
2297	-2.48117093495082	-5.30389799172775
2298	-0.855475425622786	-5.30389799172775
2299	1.02982585245596	15.7130630218298
2300	-0.550405438180211	15.7130630218298
2301	-0.378911573341857	15.7130630218298
2302	0.860069221105435	-5.30389799172775
2303	0.0782511233260432	-5.30389799172775
2304	9.05461057364169	15.7130630218298
2305	-0.667633028420721	15.7130630218298
2306	6.49555919214203	-5.30389799172775
2307	6.37854978133696	-5.30389799172775
2308	1.83758599419501	-1.81633700581101
2309	7.24258033035268	15.7130630218298
2310	3.71548639175473	15.7130630218298
2311	6.89111419736346	15.7130630218298
2312	1.01091020763872	15.7130630218298
2313	3.60354287504806	-5.30389799172775
2314	-1.13234192349842	-5.30389799172775
2315	4.04042233026464	-5.30389799172775
2316	7.74974825111187	-5.30389799172775
2317	1.03288850154374	15.7130630218298
2318	5.11043242136999	-5.30389799172775
2319	1.09225002588568	-5.30389799172775
2320	0.351957938008793	15.7130630218298
2321	7.69667328978609	15.7130630218298
2322	2.68677664636076	5.32106794651328
2323	-0.420341071145105	0.728743659732104
2324	3.47992365154558	-5.30389799172775
2325	2.13723221294091	15.7130630218298
2326	1.50185514701769	-5.30389799172775
2327	-0.14263730175095	11.6827407011844
2328	3.0038066445694	-5.30389799172775
2329	1.28722956868309	-5.30389799172775
2330	-0.318752239915457	15.7130630218298
2331	0.322131339588853	15.7130630218298
2332	5.2616944108093	-5.30389799172775
2333	8.82900430089372	-5.30389799172775
2334	-2.30272827027497	15.7130630218298
2335	7.22671133846696	15.7130630218298
2336	-2.72650320743043	15.7130630218298
2337	-0.46843181378382	15.7130630218298
2338	-1.03217188205283	15.7130630218298
2339	7.16723598287619	15.7130630218298
2340	-0.111691247546562	10.2418419171236
2341	-2.6259055099788	15.7130630218298
2342	2.72434890377882	15.7130630218298
2343	-0.875120443972189	-5.30389799172775
2344	1.17835308185305	-5.30389799172775
2345	-0.338855688886291	15.7130630218298
2346	-1.42065506517047	-5.30389799172775
2347	7.97386728885544	-5.30389799172775
2348	2.22575254380213	15.7130630218298
2349	3.04465045166932	-5.30389799172775
2350	1.50293764620544	15.7130630218298
2351	1.37353910564799	15.7130630218298
2352	0.0804999982917752	15.7130630218298
2353	0.419282683854408	-5.30389799172775
2354	-1.77964448430797	-5.30389799172775
2355	-2.97491361983617	7.3008529722291
2356	1.51608146727065	-5.30389799172775
2357	2.03166462183689	15.7130630218298
2358	5.25153152901144	-5.30389799172775
2359	-0.990726377760774	-5.30389799172775
2360	6.71007762971618	-5.30389799172775
2361	2.51754568958693	-5.30389799172775
2362	5.14228240478092	15.7130630218298
2363	2.22102915390564	-5.30389799172775
2364	4.59494068903147	15.7130630218298
2365	3.97686449291997	15.7130630218298
2366	4.68391143616397	-5.30389799172775
2367	6.33941544000246	-5.30389799172775
2368	-1.87467214629883	-5.30389799172775
2369	1.51311956696982	15.7130630218298
2370	1.36435275540902	-5.30389799172775
2371	5.22823915846488	15.7130630218298
2372	4.38826261422772	15.7130630218298
2373	5.47986906477806	15.7130630218298
2374	0.270595138764477	-5.30389799172775
2375	-0.153860075129734	-5.30389799172775
2376	5.56012300122196	15.7130630218298
2377	2.32505263054526	15.7130630218298
2378	6.24277095251061	15.7130630218298
2379	2.45398224816271	15.7130630218298
2380	8.26490907575558	15.7130630218298
2381	-0.930945882161437	-5.30389799172775
2382	5.39932265096741	-5.30389799172775
2383	5.81624554422744	15.7130630218298
2384	-2.93409858024638	8.48467090326535
2385	6.16025155235434	15.7130630218298
2386	3.16011254647495	-5.30389799172775
2387	5.32739330739337	15.7130630218298
2388	0.282227101930624	15.7130630218298
2389	6.22767820949219	15.7130630218298
2390	-1.77049189360083	15.7130630218298
2391	1.25986883578969	15.7130630218298
2392	1.24833832538136	-5.30389799172775
2393	4.27138506427479	-5.30389799172775
2394	8.23388103279801	15.7130630218298
2395	-0.724592211437589	-5.30389799172775
2396	-1.80064293010617	15.7130630218298
2397	8.34779430816257	-5.30389799172775
2398	2.14232647054823	15.7130630218298
2399	2.01688935116643	-5.30389799172775
2400	2.11802353590613	15.7130630218298
2401	0.72659511272592	15.7130630218298
2402	0.955969342031826	15.7130630218298
2403	-1.48018317295949	-5.30389799172775
2404	9.18937119752268	-5.30389799172775
2405	3.86278767333421	15.7130630218298
2406	4.07277951095575	-5.30389799172775
2407	8.09335750718966	-5.30389799172775
2408	2.40746289272958	-5.30389799172775
2409	1.75169841125618	-5.30389799172775
2410	6.30234904471344	15.7130630218298
2411	6.13579655870498	15.7130630218298
2412	4.54584570886809	15.7130630218298
2413	0.0167104651076917	-5.30389799172775
2414	-3.94584964160729	15.7130630218298
2415	4.87117994637236	-5.30389799172775
2416	-0.0896766524990942	-3.03072619461464
2417	1.67250081881448	-5.30389799172775
2418	10.5986502421001	-5.30389799172775
2419	2.16053848443678	15.7130630218298
2420	3.95893327242985	-5.30389799172775
2421	8.64082570944673	-5.30389799172775
2422	4.54730201138831	15.7130630218298
2423	0.977307494202632	-5.30389799172775
2424	1.06882011005263	15.7130630218298
2425	3.19035531022509	15.7130630218298
2426	0.354662517959042	15.7130630218298
2427	8.21281182966493	15.7130630218298
2428	-2.44353143268069	15.7130630218298
2429	3.96386746052535	-5.30389799172775
2430	1.75346706331009	15.7130630218298
2431	2.72891950447322	7.19925362677213
2432	0.15130527464686	-5.30389799172775
2433	0.776844952845669	-0.307424657265246
2434	3.43692809074676	15.7130630218298
2435	1.10411931682987	-5.30389799172775
2436	0.19172838097893	-5.30389799172775
2437	2.32819553563234	-5.30389799172775
2438	5.41486842392824	15.7130630218298
2439	4.00172788958346	-5.30389799172775
2440	1.80975166297802	15.7130630218298
2441	3.37918766093409	-5.30389799172775
2442	0.271837861555728	-5.30389799172775
2443	4.27576087797144	-5.30389799172775
2444	1.21458901003792	-5.30389799172775
2445	-1.34571426500243	-5.30389799172775
2446	1.5991827235065	-5.30389799172775
2447	8.90883706034136	15.7130630218298
2448	1.55573076680744	10.3758664619792
2449	1.71821580999688	-5.30389799172775
2450	3.09945175602001	-5.30389799172775
2451	0.814243488014961	10.1207202326042
2452	3.47294951502317	-5.30389799172775
2453	0.820190235673438	15.7130630218298
2454	0.0858972810183634	15.7130630218298
2455	9.50144070357534	15.7130630218298
2456	9.73618464349955	15.7130630218298
2457	0.480776128002462	15.7130630218298
2458	-2.07576876510189	-5.30389799172775
2459	2.08428246714859	-5.30389799172775
2460	0.0423928969344883	15.7130630218298
2461	10.9400305590002	-5.30389799172775
2462	1.45510443302963	15.7130630218298
2463	1.43980085650073	15.7130630218298
2464	1.06729994622673	15.7130630218298
2465	-0.667118095738368	-5.30389799172775
2466	2.48559622194781	15.7130630218298
2467	-3.59334622840611	9.51446759318654
2468	5.4842791619212	-5.30389799172775
2469	6.52912929207117	15.7130630218298
2470	9.41640296883018	-5.30389799172775
2471	1.8833297538254	15.7130630218298
2472	2.72801818624204	-5.30389799172775
2473	2.06766699685338	15.7130630218298
2474	-0.873487412559177	15.7130630218298
2475	-2.48713331053373	10.9514626979162
2476	6.12039571806073	-5.30389799172775
2477	3.89217324849871	-5.30389799172775
2478	0.437893522890534	15.7130630218298
2479	2.91732636838642	-5.30389799172775
2480	6.45903992462169	-5.30389799172775
2481	-0.983639680156443	15.7130630218298
2482	1.35549236184546	-5.30389799172775
2483	2.71621453822414	15.7130630218298
2484	-1.94906625013054	15.7130630218298
2485	3.56726923576964	-5.30389799172775
2486	3.84800896785591	15.7130630218298
2487	3.73079781533223	-5.30389799172775
2488	4.54384424690582	15.7130630218298
2489	3.07197709478683	15.7130630218298
2490	5.11454114811392	15.7130630218298
2491	1.35550223140033	15.7130630218298
2492	9.41913541980507	15.7130630218298
2493	3.04965937796903	-5.30389799172775
2494	6.49725403412085	-5.30389799172775
2495	5.97422921167153	-5.30389799172775
2496	4.29910421735747	-5.30389799172775
2497	-2.48117093495082	15.7130630218298
2498	-0.855475425622786	15.7130630218298
2499	1.02982585245596	-5.30389799172775
2500	-0.550405438180211	-5.30389799172775
2501	-0.378911573341857	-5.30389799172775
2502	0.860069221105435	15.7130630218298
2503	0.0782511233260432	15.7130630218298
2504	9.05461057364169	-5.30389799172775
2505	-0.667633028420721	-5.30389799172775
2506	6.49555919214203	15.7130630218298
2507	6.37854978133696	15.7130630218298
2508	1.83758599419501	9.79427774711511
2509	7.24258033035268	-5.30389799172775
2510	3.71548639175473	-5.30389799172775
2511	6.89111419736346	-5.30389799172775
2512	1.01091020763872	-5.30389799172775
2513	3.60354287504806	15.7130630218298
2514	-1.13234192349842	15.7130630218298
2515	4.04042233026464	15.7130630218298
2516	7.74974825111187	15.7130630218298
2517	1.03288850154374	-5.30389799172775
2518	5.11043242136999	15.7130630218298
2519	1.09225002588568	15.7130630218298
2520	0.351957938008793	-5.30389799172775
2521	7.69667328978609	-5.30389799172775
2522	2.68677664636076	-1.65159001718364
2523	-0.420341071145105	5.71287043705439
2524	3.47992365154558	15.7130630218298
2525	2.13723221294091	-5.30389799172775
2526	1.50185514701769	15.7130630218298
2527	-0.14263730175095	-5.30389799172775
2528	3.0038066445694	15.7130630218298
2529	1.28722956868309	15.7130630218298
2530	-0.318752239915457	-5.30389799172775
2531	0.322131339588853	-5.30389799172775
2532	5.2616944108093	15.7130630218298
2533	8.82900430089372	15.7130630218298
2534	-2.30272827027497	-5.30389799172775
2535	7.22671133846696	-5.30389799172775
2536	-2.72650320743043	-5.30389799172775
2537	-0.46843181378382	-5.30389799172775
2538	-1.03217188205283	-5.30389799172775
2539	7.16723598287619	-5.30389799172775
2540	-0.111691247546562	-5.30389799172775
2541	-2.6259055099788	-5.30389799172775
2542	2.72434890377882	-5.30389799172775
2543	-0.875120443972189	15.7130630218298
2544	1.17835308185305	15.7130630218298
2545	-0.338855688886291	-5.30389799172775
2546	-1.42065506517047	15.7130630218298
2547	7.97386728885544	15.7130630218298
2548	2.22575254380213	-5.30389799172775
2549	3.04465045166932	15.7130630218298
2550	1.50293764620544	-5.30389799172775
2551	1.37353910564799	-5.30389799172775
2552	0.0804999982917752	-5.30389799172775
2553	0.419282683854408	15.7130630218298
2554	-1.77964448430797	15.7130630218298
2555	-2.97491361983617	-5.30389799172775
2556	1.51608146727065	15.7130630218298
2557	2.03166462183689	-5.30389799172775
2558	5.25153152901144	15.7130630218298
2559	-0.990726377760774	15.7130630218298
2560	6.71007762971618	15.7130630218298
2561	2.51754568958693	15.7130630218298
2562	5.14228240478092	-5.30389799172775
2563	2.22102915390564	15.7130630218298
2564	4.59494068903147	-5.30389799172775
2565	3.97686449291997	-5.30389799172775
2566	4.68391143616397	15.7130630218298
2567	6.33941544000246	15.7130630218298
2568	-1.87467214629883	15.7130630218298
2569	1.51311956696982	-5.30389799172775
2570	1.36435275540902	15.7130630218298
2571	5.22823915846488	-5.30389799172775
2572	4.38826261422772	-5.30389799172775
2573	5.47986906477806	-5.30389799172775
2574	0.270595138764477	15.7130630218298
2575	-0.153860075129734	15.7130630218298
2576	5.56012300122196	-5.30389799172775
2577	2.32505263054526	-5.30389799172775
2578	6.24277095251061	-5.30389799172775
2579	2.45398224816271	-5.30389799172775
2580	8.26490907575558	-5.30389799172775
2581	-0.930945882161437	15.7130630218298
2582	5.39932265096741	15.7130630218298
2583	5.81624554422744	-5.30389799172775
2584	-2.93409858024638	-5.30389799172775
2585	6.16025155235434	-5.30389799172775
2586	3.16011254647495	15.7130630218298
2587	5.32739330739337	-5.30389799172775
2588	0.282227101930624	-5.30389799172775
2589	6.22767820949219	-5.30389799172775
2590	-1.77049189360083	-5.30389799172775
2591	1.25986883578969	-5.30389799172775
2592	1.24833832538136	15.7130630218298
2593	4.27138506427479	15.7130630218298
2594	8.23388103279801	-5.30389799172775
2595	-0.724592211437589	15.7130630218298
2596	-1.80064293010617	-5.30389799172775
2597	8.34779430816257	15.7130630218298
2598	2.14232647054823	-5.30389799172775
2599	2.01688935116643	15.7130630218298
2600	2.11802353590613	-5.30389799172775
2601	0.72659511272592	-5.30389799172775
2602	0.955969342031826	-5.30389799172775
2603	-1.48018317295949	15.7130630218298
2604	9.18937119752268	15.7130630218298
2605	3.86278767333421	-5.30389799172775
2606	4.07277951095575	15.7130630218298
2607	8.09335750718966	15.7130630218298
2608	2.40746289272958	15.7130630218298
2609	1.75169841125618	15.7130630218298
2610	6.30234904471344	-5.30389799172775
2611	6.13579655870498	-5.30389799172775
2612	4.54584570886809	-5.30389799172775
2613	0.0167104651076917	15.7130630218298
2614	-3.94584964160729	-5.30389799172775
2615	4.87117994637236	15.7130630218298
2616	-0.0896766524990942	11.8072154347209
2617	1.67250081881448	15.7130630218298
2618	10.5986502421001	15.7130630218298
2619	2.16053848443678	-5.30389799172775
2620	3.95893327242985	15.7130630218298
2621	8.64082570944673	15.7130630218298
2622	4.54730201138831	-5.30389799172775
2623	0.977307494202632	15.7130630218298
2624	1.06882011005263	-5.30389799172775
2625	3.19035531022509	-5.30389799172775
2626	0.354662517959042	-5.30389799172775
2627	8.21281182966493	-5.30389799172775
2628	-2.44353143268069	-5.30389799172775
2629	3.96386746052535	15.7130630218298
2630	1.75346706331009	-5.30389799172775
2631	2.72891950447322	-5.30389799172775
2632	0.15130527464686	15.7130630218298
2633	0.776844952845669	7.40857202229597
2634	3.43692809074676	-5.30389799172775
2635	1.10411931682987	15.7130630218298
2636	0.19172838097893	15.7130630218298
2637	2.32819553563234	15.7130630218298
2638	5.41486842392824	-5.30389799172775
2639	4.00172788958346	15.7130630218298
2640	1.80975166297802	-5.30389799172775
2641	3.37918766093409	15.7130630218298
2642	0.271837861555728	15.7130630218298
2643	4.27576087797144	15.7130630218298
2644	1.21458901003792	15.7130630218298
2645	-1.34571426500243	15.7130630218298
2646	1.5991827235065	15.7130630218298
2647	8.90883706034136	-5.30389799172775
2648	1.55573076680744	-5.30389799172775
2649	1.71821580999688	15.7130630218298
2650	3.09945175602001	15.7130630218298
2651	0.814243488014961	-5.30389799172775
2652	3.47294951502317	15.7130630218298
2653	0.820190235673438	-5.30389799172775
2654	0.0858972810183634	-5.30389799172775
2655	9.50144070357534	-5.30389799172775
2656	9.73618464349955	-5.30389799172775
2657	0.480776128002462	-5.30389799172775
2658	-2.07576876510189	15.7130630218298
2659	2.08428246714859	15.7130630218298
2660	0.0423928969344883	-5.30389799172775
2661	10.9400305590002	15.7130630218298
2662	1.45510443302963	-5.30389799172775
2663	1.43980085650073	-5.30389799172775
2664	1.06729994622673	-5.30389799172775
2665	-0.667118095738368	15.7130630218298
2666	2.48559622194781	-5.30389799172775
2667	-3.59334622840611	-5.30389799172775
2668	5.4842791619212	15.7130630218298
2669	6.52912929207117	-5.30389799172775
2670	9.41640296883018	15.7130630218298
2671	1.8833297538254	-5.30389799172775
2672	2.72801818624204	15.7130630218298
2673	2.06766699685338	-5.30389799172775
2674	-0.873487412559177	-5.30389799172775
2675	-2.48713331053373	-5.30389799172775
2676	6.12039571806073	15.7130630218298
2677	3.89217324849871	15.7130630218298
2678	0.437893522890534	-5.30389799172775
2679	2.91732636838642	15.7130630218298
2680	6.45903992462169	15.7130630218298
2681	-0.983639680156443	-5.30389799172775
2682	1.35549236184546	15.7130630218298
2683	2.71621453822414	-5.30389799172775
2684	-1.94906625013054	-5.30389799172775
2685	3.56726923576964	15.7130630218298
2686	3.84800896785591	-5.30389799172775
2687	3.73079781533223	15.7130630218298
2688	4.54384424690582	-5.30389799172775
2689	3.07197709478683	-5.30389799172775
2690	5.11454114811392	-5.30389799172775
2691	1.35550223140033	-5.30389799172775
2692	9.41913541980507	-5.30389799172775
2693	3.04965937796903	15.7130630218298
2694	6.49725403412085	15.7130630218298
2695	5.97422921167153	15.7130630218298
2696	4.29910421735747	15.7130630218298
2697	-2.48117093495082	-5.30389799172775
2698	-0.855475425622786	-5.30389799172775
2699	1.02982585245596	15.7130630218298
2700	-0.550405438180211	15.7130630218298
2701	-0.378911573341857	15.7130630218298
2702	0.860069221105435	-5.30389799172775
2703	0.0782511233260432	-5.30389799172775
2704	9.05461057364169	15.7130630218298
2705	-0.667633028420721	15.7130630218298
2706	6.49555919214203	-5.30389799172775
2707	6.37854978133696	-5.30389799172775
2708	1.83758599419501	-5.30389799172775
2709	7.24258033035268	15.7130630218298
2710	3.71548639175473	15.7130630218298
2711	6.89111419736346	15.7130630218298
2712	1.01091020763872	15.7130630218298
2713	3.60354287504806	-5.30389799172775
2714	-1.13234192349842	-5.30389799172775
2715	4.04042233026464	-5.30389799172775
2716	7.74974825111187	-5.30389799172775
2717	1.03288850154374	15.7130630218298
2718	5.11043242136999	-5.30389799172775
2719	1.09225002588568	-5.30389799172775
2720	0.351957938008793	15.7130630218298
2721	7.69667328978609	15.7130630218298
2722	2.68677664636076	9.57965150964849
2723	-0.420341071145105	-2.31533515224984
2724	3.47992365154558	-5.30389799172775
2725	2.13723221294091	15.7130630218298
2726	1.50185514701769	-5.30389799172775
2727	-0.14263730175095	15.7130630218298
2728	3.0038066445694	-5.30389799172775
2729	1.28722956868309	-5.30389799172775
2730	-0.318752239915457	15.7130630218298
2731	0.322131339588853	15.7130630218298
2732	5.2616944108093	-5.30389799172775
2733	8.82900430089372	-5.30389799172775
2734	-2.30272827027497	15.7130630218298
2735	7.22671133846696	15.7130630218298
2736	-2.72650320743043	15.7130630218298
2737	-0.46843181378382	15.7130630218298
2738	-1.03217188205283	15.7130630218298
2739	7.16723598287619	15.7130630218298
2740	-0.111691247546562	15.7130630218298
2741	-2.6259055099788	15.7130630218298
2742	2.72434890377882	15.7130630218298
2743	-0.875120443972189	-5.30389799172775
2744	1.17835308185305	-5.30389799172775
2745	-0.338855688886291	15.7130630218298
2746	-1.42065506517047	-5.30389799172775
2747	7.97386728885544	-5.30389799172775
2748	2.22575254380213	15.7130630218298
2749	3.04465045166932	-5.30389799172775
2750	1.50293764620544	15.7130630218298
2751	1.37353910564799	15.7130630218298
2752	0.0804999982917752	15.7130630218298
2753	0.419282683854408	-5.30389799172775
2754	-1.77964448430797	-5.30389799172775
2755	-2.97491361983617	14.7076683925377
2756	1.51608146727065	-5.30389799172775
2757	2.03166462183689	15.7130630218298
2758	5.25153152901144	-5.30389799172775
2759	-0.990726377760774	-5.30389799172775
2760	6.71007762971618	-5.30389799172775
2761	2.51754568958693	-5.30389799172775
2762	5.14228240478092	15.7130630218298
2763	2.22102915390564	-5.30389799172775
2764	4.59494068903147	15.7130630218298
2765	3.97686449291997	15.7130630218298
2766	4.68391143616397	-5.30389799172775
2767	6.33941544000246	-5.30389799172775
2768	-1.87467214629883	-5.30389799172775
2769	1.51311956696982	15.7130630218298
2770	1.36435275540902	-5.30389799172775
2771	5.22823915846488	15.7130630218298
2772	4.38826261422772	15.7130630218298
2773	5.47986906477806	15.7130630218298
2774	0.270595138764477	-5.30389799172775
2775	-0.153860075129734	-5.30389799172775
2776	5.56012300122196	15.7130630218298
2777	2.32505263054526	15.7130630218298
2778	6.24277095251061	15.7130630218298
2779	2.45398224816271	15.7130630218298
2780	8.26490907575558	15.7130630218298
2781	-0.930945882161437	-5.30389799172775
2782	5.39932265096741	-5.30389799172775
2783	5.81624554422744	15.7130630218298
2784	-2.93409858024638	15.7130630218298
2785	6.16025155235434	15.7130630218298
2786	3.16011254647495	-5.30389799172775
2787	5.32739330739337	15.7130630218298
2788	0.282227101930624	15.7130630218298
2789	6.22767820949219	15.7130630218298
2790	-1.77049189360083	15.7130630218298
2791	1.25986883578969	15.7130630218298
2792	1.24833832538136	-5.30389799172775
2793	4.27138506427479	-5.30389799172775
2794	8.23388103279801	15.7130630218298
2795	-0.724592211437589	-5.30389799172775
2796	-1.80064293010617	15.7130630218298
2797	8.34779430816257	-5.30389799172775
2798	2.14232647054823	15.7130630218298
2799	2.01688935116643	-5.30389799172775
2800	2.11802353590613	15.7130630218298
2801	0.72659511272592	15.7130630218298
2802	0.955969342031826	15.7130630218298
2803	-1.48018317295949	-5.30389799172775
2804	9.18937119752268	-5.30389799172775
2805	3.86278767333421	15.7130630218298
2806	4.07277951095575	-5.30389799172775
2807	8.09335750718966	-5.30389799172775
2808	2.40746289272958	-5.30389799172775
2809	1.75169841125618	-5.30389799172775
2810	6.30234904471344	15.7130630218298
2811	6.13579655870498	15.7130630218298
2812	4.54584570886809	15.7130630218298
2813	0.0167104651076917	-5.30389799172775
2814	-3.94584964160729	15.7130630218298
2815	4.87117994637236	-5.30389799172775
2816	-0.0896766524990942	-5.30389799172775
2817	1.67250081881448	-5.30389799172775
2818	10.5986502421001	-5.30389799172775
2819	2.16053848443678	15.7130630218298
2820	3.95893327242985	-5.30389799172775
2821	8.64082570944673	-5.30389799172775
2822	4.54730201138831	15.7130630218298
2823	0.977307494202632	-5.30389799172775
2824	1.06882011005263	15.7130630218298
2825	3.19035531022509	15.7130630218298
2826	0.354662517959042	15.7130630218298
2827	8.21281182966493	15.7130630218298
2828	-2.44353143268069	15.7130630218298
2829	3.96386746052535	-5.30389799172775
2830	1.75346706331009	15.7130630218298
2831	2.72891950447322	14.4766258891268
2832	0.15130527464686	-5.30389799172775
2833	0.776844952845669	-5.30389799172775
2834	3.43692809074676	15.7130630218298
2835	1.10411931682987	-5.30389799172775
2836	0.19172838097893	-5.30389799172775
2837	2.32819553563234	-5.30389799172775
2838	5.41486842392824	15.7130630218298
2839	4.00172788958346	-5.30389799172775
2840	1.80975166297802	15.7130630218298
2841	3.37918766093409	-5.30389799172775
2842	0.271837861555728	-5.30389799172775
2843	4.27576087797144	-5.30389799172775
2844	1.21458901003792	-5.30389799172775
2845	-1.34571426500243	-5.30389799172775
2846	1.5991827235065	-5.30389799172775
2847	8.90883706034136	15.7130630218298
2848	1.55573076680744	15.7130630218298
2849	1.71821580999688	-5.30389799172775
2850	3.09945175602001	-5.30389799172775
2851	0.814243488014961	15.7130630218298
2852	3.47294951502317	-5.30389799172775
2853	0.820190235673438	15.7130630218298
2854	0.0858972810183634	15.7130630218298
2855	9.50144070357534	15.7130630218298
2856	9.73618464349955	15.7130630218298
2857	0.480776128002462	15.7130630218298
2858	-2.07576876510189	-5.30389799172775
2859	2.08428246714859	-5.30389799172775
2860	0.0423928969344883	15.7130630218298
2861	10.9400305590002	-5.30389799172775
2862	1.45510443302963	15.7130630218298
2863	1.43980085650073	15.7130630218298
2864	1.06729994622673	15.7130630218298
2865	-0.667118095738368	-5.30389799172775
2866	2.48559622194781	15.7130630218298
2867	-3.59334622840611	15.7130630218298
2868	5.4842791619212	-5.30389799172775
2869	6.52912929207117	15.7130630218298
2870	9.41640296883018	-5.30389799172775
2871	1.8833297538254	15.7130630218298
2872	2.72801818624204	-5.30389799172775
2873	2.06766699685338	15.7130630218298
2874	-0.873487412559177	15.7130630218298
2875	-2.48713331053373	15.7130630218298
2876	6.12039571806073	-5.30389799172775
2877	3.89217324849871	-5.30389799172775
2878	0.437893522890534	15.7130630218298
2879	2.91732636838642	-5.30389799172775
2880	6.45903992462169	-5.30389799172775
2881	-0.983639680156443	15.7130630218298
2882	1.35549236184546	-5.30389799172775
2883	2.71621453822414	15.7130630218298
2884	-1.94906625013054	15.7130630218298
2885	3.56726923576964	-5.30389799172775
2886	3.84800896785591	15.7130630218298
2887	3.73079781533223	-5.30389799172775
2888	4.54384424690582	15.7130630218298
2889	3.07197709478683	15.7130630218298
2890	5.11454114811392	15.7130630218298
2891	1.35550223140033	15.7130630218298
2892	9.41913541980507	15.7130630218298
2893	3.04965937796903	-5.30389799172775
2894	6.49725403412085	-5.30389799172775
2895	5.97422921167153	-5.30389799172775
2896	4.29910421735747	-5.30389799172775
2897	-2.48117093495082	15.7130630218298
2898	-0.855475425622786	15.7130630218298
2899	1.02982585245596	-5.30389799172775
2900	-0.550405438180211	-5.30389799172775
2901	-0.378911573341857	-5.30389799172775
2902	0.860069221105435	15.7130630218298
2903	0.0782511233260432	15.7130630218298
2904	9.05461057364169	-5.30389799172775
2905	-0.667633028420721	-5.30389799172775
2906	6.49555919214203	15.7130630218298
2907	6.37854978133696	15.7130630218298
2908	1.83758599419501	15.7130630218298
2909	7.24258033035268	-5.30389799172775
2910	3.71548639175473	-5.30389799172775
2911	6.89111419736346	-5.30389799172775
2912	1.01091020763872	-5.30389799172775
2913	3.60354287504806	15.7130630218298
2914	-1.13234192349842	15.7130630218298
2915	4.04042233026464	15.7130630218298
2916	7.74974825111187	15.7130630218298
2917	1.03288850154374	-5.30389799172775
2918	5.11043242136999	15.7130630218298
2919	1.09225002588568	15.7130630218298
2920	0.351957938008793	-5.30389799172775
2921	7.69667328978609	-5.30389799172775
2922	2.68677664636076	-5.30389799172775
2923	-0.420341071145105	10.6161346645677
2924	3.47992365154558	15.7130630218298
2925	2.13723221294091	-5.30389799172775
2926	1.50185514701769	15.7130630218298
2927	-0.14263730175095	-5.30389799172775
2928	3.0038066445694	15.7130630218298
2929	1.28722956868309	15.7130630218298
2930	-0.318752239915457	-5.30389799172775
2931	0.322131339588853	-5.30389799172775
2932	5.2616944108093	15.7130630218298
2933	8.82900430089372	15.7130630218298
2934	-2.30272827027497	-5.30389799172775
2935	7.22671133846696	-5.30389799172775
2936	-2.72650320743043	-5.30389799172775
2937	-0.46843181378382	-5.30389799172775
2938	-1.03217188205283	-5.30389799172775
2939	7.16723598287619	-5.30389799172775
2940	-0.111691247546562	-5.30389799172775
2941	-2.6259055099788	-5.30389799172775
2942	2.72434890377882	-5.30389799172775
2943	-0.875120443972189	15.7130630218298
2944	1.17835308185305	15.7130630218298
2945	-0.338855688886291	-5.30389799172775
2946	-1.42065506517047	15.7130630218298
2947	7.97386728885544	15.7130630218298
2948	2.22575254380213	-5.30389799172775
2949	3.04465045166932	15.7130630218298
2950	1.50293764620544	-5.30389799172775
2951	1.37353910564799	-5.30389799172775
2952	0.0804999982917752	-5.30389799172775
2953	0.419282683854408	15.7130630218298
2954	-1.77964448430797	15.7130630218298
2955	-2.97491361983617	-5.30389799172775
2956	1.51608146727065	15.7130630218298
2957	2.03166462183689	-5.30389799172775
2958	5.25153152901144	15.7130630218298
2959	-0.990726377760774	15.7130630218298
2960	6.71007762971618	15.7130630218298
2961	2.51754568958693	15.7130630218298
2962	5.14228240478092	-5.30389799172775
2963	2.22102915390564	15.7130630218298
2964	4.59494068903147	-5.30389799172775
2965	3.97686449291997	-5.30389799172775
2966	4.68391143616397	15.7130630218298
2967	6.33941544000246	15.7130630218298
2968	-1.87467214629883	15.7130630218298
2969	1.51311956696982	-5.30389799172775
2970	1.36435275540902	15.7130630218298
2971	5.22823915846488	-5.30389799172775
2972	4.38826261422772	-5.30389799172775
2973	5.47986906477806	-5.30389799172775
2974	0.270595138764477	15.7130630218298
2975	-0.153860075129734	15.7130630218298
2976	5.56012300122196	-5.30389799172775
2977	2.32505263054526	-5.30389799172775
2978	6.24277095251061	-5.30389799172775
2979	2.45398224816271	-5.30389799172775
2980	8.26490907575558	-5.30389799172775
2981	-0.930945882161437	15.7130630218298
2982	5.39932265096741	15.7130630218298
2983	5.81624554422744	-5.30389799172775
2984	-2.93409858024638	-5.30389799172775
2985	6.16025155235434	-5.30389799172775
2986	3.16011254647495	15.7130630218298
2987	5.32739330739337	-5.30389799172775
2988	0.282227101930624	-5.30389799172775
2989	6.22767820949219	-5.30389799172775
2990	-1.77049189360083	-5.30389799172775
2991	1.25986883578969	-5.30389799172775
2992	1.24833832538136	15.7130630218298
2993	4.27138506427479	15.7130630218298
2994	8.23388103279801	-5.30389799172775
2995	-0.724592211437589	15.7130630218298
2996	-1.80064293010617	-5.30389799172775
2997	8.34779430816257	15.7130630218298
2998	2.14232647054823	-5.30389799172775
2999	2.01688935116643	15.7130630218298
3000	2.11802353590613	-5.30389799172775
3001	0.72659511272592	-5.30389799172775
3002	0.955969342031826	-5.30389799172775
3003	-1.48018317295949	15.7130630218298
3004	9.18937119752268	15.7130630218298
3005	3.86278767333421	-5.30389799172775
3006	4.07277951095575	15.7130630218298
3007	8.09335750718966	15.7130630218298
3008	2.40746289272958	15.7130630218298
3009	1.75169841125618	15.7130630218298
3010	6.30234904471344	-5.30389799172775
3011	6.13579655870498	-5.30389799172775
3012	4.54584570886809	-5.30389799172775
3013	0.0167104651076917	15.7130630218298
3014	-3.94584964160729	-5.30389799172775
3015	4.87117994637236	15.7130630218298
3016	-0.0896766524990942	15.7130630218298
3017	1.67250081881448	15.7130630218298
3018	10.5986502421001	15.7130630218298
3019	2.16053848443678	-5.30389799172775
3020	3.95893327242985	15.7130630218298
3021	8.64082570944673	15.7130630218298
3022	4.54730201138831	-5.30389799172775
3023	0.977307494202632	15.7130630218298
3024	1.06882011005263	-5.30389799172775
3025	3.19035531022509	-5.30389799172775
3026	0.354662517959042	-5.30389799172775
3027	8.21281182966493	-5.30389799172775
3028	-2.44353143268069	-5.30389799172775
3029	3.96386746052535	15.7130630218298
3030	1.75346706331009	-5.30389799172775
3031	2.72891950447322	-5.30389799172775
3032	0.15130527464686	15.7130630218298
3033	0.776844952845669	15.7130630218298
3034	3.43692809074676	-5.30389799172775
3035	1.10411931682987	15.7130630218298
3036	0.19172838097893	15.7130630218298
3037	2.32819553563234	15.7130630218298
3038	5.41486842392824	-5.30389799172775
3039	4.00172788958346	15.7130630218298
3040	1.80975166297802	-5.30389799172775
3041	3.37918766093409	15.7130630218298
3042	0.271837861555728	15.7130630218298
3043	4.27576087797144	15.7130630218298
3044	1.21458901003792	15.7130630218298
3045	-1.34571426500243	15.7130630218298
3046	1.5991827235065	15.7130630218298
3047	8.90883706034136	-5.30389799172775
3048	1.55573076680744	-5.30389799172775
3049	1.71821580999688	15.7130630218298
3050	3.09945175602001	15.7130630218298
3051	0.814243488014961	-5.30389799172775
3052	3.47294951502317	15.7130630218298
3053	0.820190235673438	-5.30389799172775
3054	0.0858972810183634	-5.30389799172775
3055	9.50144070357534	-5.30389799172775
3056	9.73618464349955	-5.30389799172775
3057	0.480776128002462	-5.30389799172775
3058	-2.07576876510189	15.7130630218298
3059	2.08428246714859	15.7130630218298
3060	0.0423928969344883	-5.30389799172775
3061	10.9400305590002	15.7130630218298
3062	1.45510443302963	-5.30389799172775
3063	1.43980085650073	-5.30389799172775
3064	1.06729994622673	-5.30389799172775
3065	-0.667118095738368	15.7130630218298
3066	2.48559622194781	-5.30389799172775
3067	-3.59334622840611	-5.30389799172775
3068	5.4842791619212	15.7130630218298
3069	6.52912929207117	-5.30389799172775
3070	9.41640296883018	15.7130630218298
3071	1.8833297538254	-5.30389799172775
3072	2.72801818624204	15.7130630218298
3073	2.06766699685338	-5.30389799172775
3074	-0.873487412559177	-5.30389799172775
3075	-2.48713331053373	-5.30389799172775
3076	6.12039571806073	15.7130630218298
3077	3.89217324849871	15.7130630218298
3078	0.437893522890534	-5.30389799172775
3079	2.91732636838642	15.7130630218298
3080	6.45903992462169	15.7130630218298
3081	-0.983639680156443	-5.30389799172775
3082	1.35549236184546	15.7130630218298
3083	2.71621453822414	-5.30389799172775
3084	-1.94906625013054	-5.30389799172775
3085	3.56726923576964	15.7130630218298
3086	3.84800896785591	-5.30389799172775
3087	3.73079781533223	15.7130630218298
3088	4.54384424690582	-5.30389799172775
3089	3.07197709478683	-5.30389799172775
3090	5.11454114811392	-5.30389799172775
3091	1.35550223140033	-5.30389799172775
3092	9.41913541980507	-5.30389799172775
3093	3.04965937796903	15.7130630218298
3094	6.49725403412085	15.7130630218298
3095	5.97422921167153	15.7130630218298
3096	4.29910421735747	15.7130630218298
3097	-2.48117093495082	-5.30389799172775
3098	-0.855475425622786	-5.30389799172775
3099	1.02982585245596	15.7130630218298
3100	-0.550405438180211	15.7130630218298
3101	-0.378911573341857	15.7130630218298
3102	0.860069221105435	-5.30389799172775
3103	0.0782511233260432	-5.30389799172775
3104	9.05461057364169	15.7130630218298
3105	-0.667633028420721	15.7130630218298
3106	6.49555919214203	-5.30389799172775
3107	6.37854978133696	-5.30389799172775
3108	1.83758599419501	-5.30389799172775
3109	7.24258033035268	15.7130630218298
3110	3.71548639175473	15.7130630218298
3111	6.89111419736346	15.7130630218298
3112	1.01091020763872	15.7130630218298
3113	3.60354287504806	-5.30389799172775
3114	-1.13234192349842	-5.30389799172775
3115	4.04042233026464	-5.30389799172775
3116	7.74974825111187	-5.30389799172775
3117	1.03288850154374	15.7130630218298
3118	5.11043242136999	-5.30389799172775
3119	1.09225002588568	-5.30389799172775
3120	0.351957938008793	15.7130630218298
3121	7.69667328978609	15.7130630218298
3122	2.68677664636076	15.7130630218298
3123	-0.420341071145105	-5.30389799172775
3124	3.47992365154558	-5.30389799172775
3125	2.13723221294091	15.7130630218298
3126	1.50185514701769	-5.30389799172775
3127	-0.14263730175095	15.7130630218298
3128	3.0038066445694	-5.30389799172775
3129	1.28722956868309	-5.30389799172775
3130	-0.318752239915457	15.7130630218298
3131	0.322131339588853	15.7130630218298
3132	5.2616944108093	-5.30389799172775
3133	8.82900430089372	-5.30389799172775
3134	-2.30272827027497	15.7130630218298
3135	7.22671133846696	15.7130630218298
3136	-2.72650320743043	15.7130630218298
3137	-0.46843181378382	15.7130630218298
3138	-1.03217188205283	15.7130630218298
3139	7.16723598287619	15.7130630218298
3140	-0.111691247546562	15.7130630218298
3141	-2.6259055099788	15.7130630218298
3142	2.72434890377882	15.7130630218298
3143	-0.875120443972189	-5.30389799172775
3144	1.17835308185305	-5.30389799172775
3145	-0.338855688886291	15.7130630218298
3146	-1.42065506517047	-5.30389799172775
3147	7.97386728885544	-5.30389799172775
3148	2.22575254380213	15.7130630218298
3149	3.04465045166932	-5.30389799172775
3150	1.50293764620544	15.7130630218298
3151	1.37353910564799	15.7130630218298
3152	0.0804999982917752	15.7130630218298
3153	0.419282683854408	-5.30389799172775
3154	-1.77964448430797	-5.30389799172775
3155	-2.97491361983617	15.7130630218298
3156	1.51608146727065	-5.30389799172775
3157	2.03166462183689	15.7130630218298
3158	5.25153152901144	-5.30389799172775
3159	-0.990726377760774	-5.30389799172775
3160	6.71007762971618	-5.30389799172775
3161	2.51754568958693	-5.30389799172775
3162	5.14228240478092	15.7130630218298
3163	2.22102915390564	-5.30389799172775
3164	4.59494068903147	15.7130630218298
3165	3.97686449291997	15.7130630218298
3166	4.68391143616397	-5.30389799172775
3167	6.33941544000246	-5.30389799172775
3168	-1.87467214629883	-5.30389799172775
3169	1.51311956696982	15.7130630218298
3170	1.36435275540902	-5.30389799172775
3171	5.22823915846488	15.7130630218298
3172	4.38826261422772	15.7130630218298
3173	5.47986906477806	15.7130630218298
3174	0.270595138764477	-5.30389799172775
3175	-0.153860075129734	-5.30389799172775
3176	5.56012300122196	15.7130630218298
3177	2.32505263054526	15.7130630218298
3178	6.24277095251061	15.7130630218298
3179	2.45398224816271	15.7130630218298
3180	8.26490907575558	15.7130630218298
3181	-0.930945882161437	-5.30389799172775
3182	5.39932265096741	-5.30389799172775
3183	5.81624554422744	15.7130630218298
3184	-2.93409858024638	15.7130630218298
3185	6.16025155235434	15.7130630218298
3186	3.16011254647495	-5.30389799172775
3187	5.32739330739337	15.7130630218298
3188	0.282227101930624	15.7130630218298
3189	6.22767820949219	15.7130630218298
3190	-1.77049189360083	15.7130630218298
3191	1.25986883578969	15.7130630218298
3192	1.24833832538136	-5.30389799172775
3193	4.27138506427479	-5.30389799172775
3194	8.23388103279801	15.7130630218298
3195	-0.724592211437589	-5.30389799172775
3196	-1.80064293010617	15.7130630218298
3197	8.34779430816257	-5.30389799172775
3198	2.14232647054823	15.7130630218298
3199	2.01688935116643	-5.30389799172775
3200	2.11802353590613	15.7130630218298
3201	0.72659511272592	15.7130630218298
3202	0.955969342031826	15.7130630218298
3203	-1.48018317295949	-5.30389799172775
3204	9.18937119752268	-5.30389799172775
3205	3.86278767333421	15.7130630218298
3206	4.07277951095575	-5.30389799172775
3207	8.09335750718966	-5.30389799172775
3208	2.40746289272958	-5.30389799172775
3209	1.75169841125618	-5.30389799172775
3210	6.30234904471344	15.7130630218298
3211	6.13579655870498	15.7130630218298
3212	4.54584570886809	15.7130630218298
3213	0.0167104651076917	-5.30389799172775
3214	-3.94584964160729	15.7130630218298
3215	4.87117994637236	-5.30389799172775
3216	-0.0896766524990942	-5.30389799172775
3217	1.67250081881448	-5.30389799172775
3218	10.5986502421001	-5.30389799172775
3219	2.16053848443678	15.7130630218298
3220	3.95893327242985	-5.30389799172775
3221	8.64082570944673	-5.30389799172775
3222	4.54730201138831	15.7130630218298
3223	0.977307494202632	-5.30389799172775
3224	1.06882011005263	15.7130630218298
3225	3.19035531022509	15.7130630218298
3226	0.354662517959042	15.7130630218298
3227	8.21281182966493	15.7130630218298
3228	-2.44353143268069	15.7130630218298
3229	3.96386746052535	-5.30389799172775
3230	1.75346706331009	15.7130630218298
3231	2.72891950447322	15.7130630218298
3232	0.15130527464686	-5.30389799172775
3233	0.776844952845669	-5.30389799172775
3234	3.43692809074676	15.7130630218298
3235	1.10411931682987	-5.30389799172775
3236	0.19172838097893	-5.30389799172775
3237	2.32819553563234	-5.30389799172775
3238	5.41486842392824	15.7130630218298
3239	4.00172788958346	-5.30389799172775
3240	1.80975166297802	15.7130630218298
3241	3.37918766093409	-5.30389799172775
3242	0.271837861555728	-5.30389799172775
3243	4.27576087797144	-5.30389799172775
3244	1.21458901003792	-5.30389799172775
3245	-1.34571426500243	-5.30389799172775
3246	1.5991827235065	-5.30389799172775
3247	8.90883706034136	15.7130630218298
3248	1.55573076680744	15.7130630218298
3249	1.71821580999688	-5.30389799172775
3250	3.09945175602001	-5.30389799172775
3251	0.814243488014961	15.7130630218298
3252	3.47294951502317	-5.30389799172775
3253	0.820190235673438	15.7130630218298
3254	0.0858972810183634	15.7130630218298
3255	9.50144070357534	15.7130630218298
3256	9.73618464349955	15.7130630218298
3257	0.480776128002462	15.7130630218298
3258	-2.07576876510189	-5.30389799172775
3259	2.08428246714859	-5.30389799172775
3260	0.0423928969344883	15.7130630218298
3261	10.9400305590002	-5.30389799172775
3262	1.45510443302963	15.7130630218298
3263	1.43980085650073	15.7130630218298
3264	1.06729994622673	15.7130630218298
3265	-0.667118095738368	-5.30389799172775
3266	2.48559622194781	15.7130630218298
3267	-3.59334622840611	15.7130630218298
3268	5.4842791619212	-5.30389799172775
3269	6.52912929207117	15.7130630218298
3270	9.41640296883018	-5.30389799172775
3271	1.8833297538254	15.7130630218298
3272	2.72801818624204	-5.30389799172775
3273	2.06766699685338	15.7130630218298
3274	-0.873487412559177	15.7130630218298
3275	-2.48713331053373	15.7130630218298
3276	6.12039571806073	-5.30389799172775
3277	3.89217324849871	-5.30389799172775
3278	0.437893522890534	15.7130630218298
3279	2.91732636838642	-5.30389799172775
3280	6.45903992462169	-5.30389799172775
3281	-0.983639680156443	15.7130630218298
3282	1.35549236184546	-5.30389799172775
3283	2.71621453822414	15.7130630218298
3284	-1.94906625013054	15.7130630218298
3285	3.56726923576964	-5.30389799172775
3286	3.84800896785591	15.7130630218298
3287	3.73079781533223	-5.30389799172775
3288	4.54384424690582	15.7130630218298
3289	3.07197709478683	15.7130630218298
3290	5.11454114811392	15.7130630218298
3291	1.35550223140033	15.7130630218298
3292	9.41913541980507	15.7130630218298
3293	3.04965937796903	-5.30389799172775
3294	6.49725403412085	-5.30389799172775
3295	5.97422921167153	-5.30389799172775
3296	4.29910421735747	-5.30389799172775
3297	-2.48117093495082	15.7130630218298
3298	-0.855475425622786	15.7130630218298
3299	1.02982585245596	-5.30389799172775
3300	-0.550405438180211	-5.30389799172775
3301	-0.378911573341857	-5.30389799172775
3302	0.860069221105435	15.7130630218298
3303	0.0782511233260432	15.7130630218298
3304	9.05461057364169	-5.30389799172775
3305	-0.667633028420721	-5.30389799172775
3306	6.49555919214203	15.7130630218298
3307	6.37854978133696	15.7130630218298
3308	1.83758599419501	15.7130630218298
3309	7.24258033035268	-5.30389799172775
3310	3.71548639175473	-5.30389799172775
3311	6.89111419736346	-5.30389799172775
3312	1.01091020763872	-5.30389799172775
3313	3.60354287504806	15.7130630218298
3314	-1.13234192349842	15.7130630218298
3315	4.04042233026464	15.7130630218298
3316	7.74974825111187	15.7130630218298
3317	1.03288850154374	-5.30389799172775
3318	5.11043242136999	15.7130630218298
3319	1.09225002588568	15.7130630218298
3320	0.351957938008793	-5.30389799172775
3321	7.69667328978609	-5.30389799172775
3322	2.68677664636076	-5.30389799172775
3323	-0.420341071145105	15.7130630218298
3324	3.47992365154558	15.7130630218298
3325	2.13723221294091	-5.30389799172775
3326	1.50185514701769	15.7130630218298
3327	-0.14263730175095	-5.30389799172775
3328	3.0038066445694	15.7130630218298
3329	1.28722956868309	15.7130630218298
3330	-0.318752239915457	-5.30389799172775
3331	0.322131339588853	-5.30389799172775
3332	5.2616944108093	15.7130630218298
3333	8.82900430089372	15.7130630218298
3334	-2.30272827027497	-5.30389799172775
3335	7.22671133846696	-5.30389799172775
3336	-2.72650320743043	-5.30389799172775
3337	-0.46843181378382	-5.30389799172775
3338	-1.03217188205283	-5.30389799172775
3339	7.16723598287619	-5.30389799172775
3340	-0.111691247546562	-5.30389799172775
3341	-2.6259055099788	-5.30389799172775
3342	2.72434890377882	-5.30389799172775
3343	-0.875120443972189	15.7130630218298
3344	1.17835308185305	15.7130630218298
3345	-0.338855688886291	-5.30389799172775
3346	-1.42065506517047	15.7130630218298
3347	7.97386728885544	15.7130630218298
3348	2.22575254380213	-5.30389799172775
3349	3.04465045166932	15.7130630218298
3350	1.50293764620544	-5.30389799172775
3351	1.37353910564799	-5.30389799172775
3352	0.0804999982917752	-5.30389799172775
3353	0.419282683854408	15.7130630218298
3354	-1.77964448430797	15.7130630218298
3355	-2.97491361983617	-5.30389799172775
3356	1.51608146727065	15.7130630218298
3357	2.03166462183689	-5.30389799172775
3358	5.25153152901144	15.7130630218298
3359	-0.990726377760774	15.7130630218298
3360	6.71007762971618	15.7130630218298
3361	2.51754568958693	15.7130630218298
3362	5.14228240478092	-5.30389799172775
3363	2.22102915390564	15.7130630218298
3364	4.59494068903147	-5.30389799172775
3365	3.97686449291997	-5.30389799172775
3366	4.68391143616397	15.7130630218298
3367	6.33941544000246	15.7130630218298
3368	-1.87467214629883	15.7130630218298
3369	1.51311956696982	-5.30389799172775
3370	1.36435275540902	15.7130630218298
3371	5.22823915846488	-5.30389799172775
3372	4.38826261422772	-5.30389799172775
3373	5.47986906477806	-5.30389799172775
3374	0.270595138764477	15.7130630218298
3375	-0.153860075129734	15.7130630218298
3376	5.56012300122196	-5.30389799172775
3377	2.32505263054526	-5.30389799172775
3378	6.24277095251061	-5.30389799172775
3379	2.45398224816271	-5.30389799172775
3380	8.26490907575558	-5.30389799172775
3381	-0.930945882161437	15.7130630218298
3382	5.39932265096741	15.7130630218298
3383	5.81624554422744	-5.30389799172775
3384	-2.93409858024638	-5.30389799172775
3385	6.16025155235434	-5.30389799172775
3386	3.16011254647495	15.7130630218298
3387	5.32739330739337	-5.30389799172775
3388	0.282227101930624	-5.30389799172775
3389	6.22767820949219	-5.30389799172775
3390	-1.77049189360083	-5.30389799172775
3391	1.25986883578969	-5.30389799172775
3392	1.24833832538136	15.7130630218298
3393	4.27138506427479	15.7130630218298
3394	8.23388103279801	-5.30389799172775
3395	-0.724592211437589	15.7130630218298
3396	-1.80064293010617	-5.30389799172775
3397	8.34779430816257	15.7130630218298
3398	2.14232647054823	-5.30389799172775
3399	2.01688935116643	15.7130630218298
3400	2.11802353590613	-5.30389799172775
3401	0.72659511272592	-5.30389799172775
3402	0.955969342031826	-5.30389799172775
3403	-1.48018317295949	15.7130630218298
3404	9.18937119752268	15.7130630218298
3405	3.86278767333421	-5.30389799172775
3406	4.07277951095575	15.7130630218298
3407	8.09335750718966	15.7130630218298
3408	2.40746289272958	15.7130630218298
3409	1.75169841125618	15.7130630218298
3410	6.30234904471344	-5.30389799172775
3411	6.13579655870498	-5.30389799172775
3412	4.54584570886809	-5.30389799172775
3413	0.0167104651076917	15.7130630218298
3414	-3.94584964160729	-5.30389799172775
3415	4.87117994637236	15.7130630218298
3416	-0.0896766524990942	15.7130630218298
3417	1.67250081881448	15.7130630218298
3418	10.5986502421001	15.7130630218298
3419	2.16053848443678	-5.30389799172775
3420	3.95893327242985	15.7130630218298
3421	8.64082570944673	15.7130630218298
3422	4.54730201138831	-5.30389799172775
3423	0.977307494202632	15.7130630218298
3424	1.06882011005263	-5.30389799172775
3425	3.19035531022509	-5.30389799172775
3426	0.354662517959042	-5.30389799172775
3427	8.21281182966493	-5.30389799172775
3428	-2.44353143268069	-5.30389799172775
3429	3.96386746052535	15.7130630218298
3430	1.75346706331009	-5.30389799172775
3431	2.72891950447322	-5.30389799172775
3432	0.15130527464686	15.7130630218298
3433	0.776844952845669	15.7130630218298
3434	3.43692809074676	-5.30389799172775
3435	1.10411931682987	15.7130630218298
3436	0.19172838097893	15.7130630218298
3437	2.32819553563234	15.7130630218298
3438	5.41486842392824	-5.30389799172775
3439	4.00172788958346	15.7130630218298
3440	1.80975166297802	-5.30389799172775
3441	3.37918766093409	15.7130630218298
3442	0.271837861555728	15.7130630218298
3443	4.27576087797144	15.7130630218298
3444	1.21458901003792	15.7130630218298
3445	-1.34571426500243	15.7130630218298
3446	1.5991827235065	15.7130630218298
3447	8.90883706034136	-5.30389799172775
3448	1.55573076680744	-5.30389799172775
3449	1.71821580999688	15.7130630218298
3450	3.09945175602001	15.7130630218298
3451	0.814243488014961	-5.30389799172775
3452	3.47294951502317	15.7130630218298
3453	0.820190235673438	-5.30389799172775
3454	0.0858972810183634	-5.30389799172775
3455	9.50144070357534	-5.30389799172775
3456	9.73618464349955	-5.30389799172775
3457	0.480776128002462	-5.30389799172775
3458	-2.07576876510189	15.7130630218298
3459	2.08428246714859	15.7130630218298
3460	0.0423928969344883	-5.30389799172775
3461	10.9400305590002	15.7130630218298
3462	1.45510443302963	-5.30389799172775
3463	1.43980085650073	-5.30389799172775
3464	1.06729994622673	-5.30389799172775
3465	-0.667118095738368	15.7130630218298
3466	2.48559622194781	-5.30389799172775
3467	-3.59334622840611	-5.30389799172775
3468	5.4842791619212	15.7130630218298
3469	6.52912929207117	-5.30389799172775
3470	9.41640296883018	15.7130630218298
3471	1.8833297538254	-5.30389799172775
3472	2.72801818624204	15.7130630218298
3473	2.06766699685338	-5.30389799172775
3474	-0.873487412559177	-5.30389799172775
3475	-2.48713331053373	-5.30389799172775
3476	6.12039571806073	15.7130630218298
3477	3.89217324849871	15.7130630218298
3478	0.437893522890534	-5.30389799172775
3479	2.91732636838642	15.7130630218298
3480	6.45903992462169	15.7130630218298
3481	-0.983639680156443	-5.30389799172775
3482	1.35549236184546	15.7130630218298
3483	2.71621453822414	-5.30389799172775
3484	-1.94906625013054	-5.30389799172775
3485	3.56726923576964	15.7130630218298
3486	3.84800896785591	-5.30389799172775
3487	3.73079781533223	15.7130630218298
3488	4.54384424690582	-5.30389799172775
3489	3.07197709478683	-5.30389799172775
3490	5.11454114811392	-5.30389799172775
3491	1.35550223140033	-5.30389799172775
3492	9.41913541980507	-5.30389799172775
3493	3.04965937796903	15.7130630218298
3494	6.49725403412085	15.7130630218298
3495	5.97422921167153	15.7130630218298
3496	4.29910421735747	15.7130630218298
3497	-2.48117093495082	-5.30389799172775
3498	-0.855475425622786	-5.30389799172775
3499	1.02982585245596	15.7130630218298
3500	-0.550405438180211	15.7130630218298
3501	-0.378911573341857	15.7130630218298
3502	0.860069221105435	-5.30389799172775
3503	0.0782511233260432	-5.30389799172775
3504	9.05461057364169	15.7130630218298
3505	-0.667633028420721	15.7130630218298
3506	6.49555919214203	-5.30389799172775
3507	6.37854978133696	-5.30389799172775
3508	1.83758599419501	-5.30389799172775
3509	7.24258033035268	15.7130630218298
3510	3.71548639175473	15.7130630218298
3511	6.89111419736346	15.7130630218298
3512	1.01091020763872	15.7130630218298
3513	3.60354287504806	-5.30389799172775
3514	-1.13234192349842	-5.30389799172775
3515	4.04042233026464	-5.30389799172775
3516	7.74974825111187	-5.30389799172775
3517	1.03288850154374	15.7130630218298
3518	5.11043242136999	-5.30389799172775
3519	1.09225002588568	-5.30389799172775
3520	0.351957938008793	15.7130630218298
3521	7.69667328978609	15.7130630218298
3522	2.68677664636076	15.7130630218298
3523	-0.420341071145105	-5.30389799172775
3524	3.47992365154558	-5.30389799172775
3525	2.13723221294091	15.7130630218298
3526	1.50185514701769	-5.30389799172775
3527	-0.14263730175095	15.7130630218298
3528	3.0038066445694	-5.30389799172775
3529	1.28722956868309	-5.30389799172775
3530	-0.318752239915457	15.7130630218298
3531	0.322131339588853	15.7130630218298
3532	5.2616944108093	-5.30389799172775
3533	8.82900430089372	-5.30389799172775
3534	-2.30272827027497	15.7130630218298
3535	7.22671133846696	15.7130630218298
3536	-2.72650320743043	15.7130630218298
3537	-0.46843181378382	15.7130630218298
3538	-1.03217188205283	15.7130630218298
3539	7.16723598287619	15.7130630218298
3540	-0.111691247546562	15.7130630218298
3541	-2.6259055099788	15.7130630218298
3542	2.72434890377882	15.7130630218298
3543	-0.875120443972189	-5.30389799172775
3544	1.17835308185305	-5.30389799172775
3545	-0.338855688886291	15.7130630218298
3546	-1.42065506517047	-5.30389799172775
3547	7.97386728885544	-5.30389799172775
3548	2.22575254380213	15.7130630218298
3549	3.04465045166932	-5.30389799172775
3550	1.50293764620544	15.7130630218298
3551	1.37353910564799	15.7130630218298
3552	0.0804999982917752	15.7130630218298
3553	0.419282683854408	-5.30389799172775
3554	-1.77964448430797	-5.30389799172775
3555	-2.97491361983617	15.7130630218298
3556	1.51608146727065	-5.30389799172775
3557	2.03166462183689	15.7130630218298
3558	5.25153152901144	-5.30389799172775
3559	-0.990726377760774	-5.30389799172775
3560	6.71007762971618	-5.30389799172775
3561	2.51754568958693	-5.30389799172775
3562	5.14228240478092	15.7130630218298
3563	2.22102915390564	-5.30389799172775
3564	4.59494068903147	15.7130630218298
3565	3.97686449291997	15.7130630218298
3566	4.68391143616397	-5.30389799172775
3567	6.33941544000246	-5.30389799172775
3568	-1.87467214629883	-5.30389799172775
3569	1.51311956696982	15.7130630218298
3570	1.36435275540902	-5.30389799172775
3571	5.22823915846488	15.7130630218298
3572	4.38826261422772	15.7130630218298
3573	5.47986906477806	15.7130630218298
3574	0.270595138764477	-5.30389799172775
3575	-0.153860075129734	-5.30389799172775
3576	5.56012300122196	15.7130630218298
3577	2.32505263054526	15.7130630218298
3578	6.24277095251061	15.7130630218298
3579	2.45398224816271	15.7130630218298
3580	8.26490907575558	15.7130630218298
3581	-0.930945882161437	-5.30389799172775
3582	5.39932265096741	-5.30389799172775
3583	5.81624554422744	15.7130630218298
3584	-2.93409858024638	15.7130630218298
3585	6.16025155235434	15.7130630218298
3586	3.16011254647495	-5.30389799172775
3587	5.32739330739337	15.7130630218298
3588	0.282227101930624	15.7130630218298
3589	6.22767820949219	15.7130630218298
3590	-1.77049189360083	15.7130630218298
3591	1.25986883578969	15.7130630218298
3592	1.24833832538136	-5.30389799172775
3593	4.27138506427479	-5.30389799172775
3594	8.23388103279801	15.7130630218298
3595	-0.724592211437589	-5.30389799172775
3596	-1.80064293010617	15.7130630218298
3597	8.34779430816257	-5.30389799172775
3598	2.14232647054823	15.7130630218298
3599	2.01688935116643	-5.30389799172775
3600	2.11802353590613	15.7130630218298
3601	0.72659511272592	15.7130630218298
3602	0.955969342031826	15.7130630218298
3603	-1.48018317295949	-5.30389799172775
3604	9.18937119752268	-5.30389799172775
3605	3.86278767333421	15.7130630218298
3606	4.07277951095575	-5.30389799172775
3607	8.09335750718966	-5.30389799172775
3608	2.40746289272958	-5.30389799172775
3609	1.75169841125618	-5.30389799172775
3610	6.30234904471344	15.7130630218298
3611	6.13579655870498	15.7130630218298
3612	4.54584570886809	15.7130630218298
3613	0.0167104651076917	-5.30389799172775
3614	-3.94584964160729	15.7130630218298
3615	4.87117994637236	-5.30389799172775
3616	-0.0896766524990942	-5.30389799172775
3617	1.67250081881448	-5.30389799172775
3618	10.5986502421001	-5.30389799172775
3619	2.16053848443678	15.7130630218298
3620	3.95893327242985	-5.30389799172775
3621	8.64082570944673	-5.30389799172775
3622	4.54730201138831	15.7130630218298
3623	0.977307494202632	-5.30389799172775
3624	1.06882011005263	15.7130630218298
3625	3.19035531022509	15.7130630218298
3626	0.354662517959042	15.7130630218298
3627	8.21281182966493	15.7130630218298
3628	-2.44353143268069	15.7130630218298
3629	3.96386746052535	-5.30389799172775
3630	1.75346706331009	15.7130630218298
3631	2.72891950447322	15.7130630218298
3632	0.15130527464686	-5.30389799172775
3633	0.776844952845669	-5.30389799172775
3634	3.43692809074676	15.7130630218298
3635	1.10411931682987	-5.30389799172775
3636	0.19172838097893	-5.30389799172775
3637	2.32819553563234	-5.30389799172775
3638	5.41486842392824	15.7130630218298
3639	4.00172788958346	-5.30389799172775
3640	1.80975166297802	15.7130630218298
3641	3.37918766093409	-5.30389799172775
3642	0.271837861555728	-5.30389799172775
3643	4.27576087797144	-5.30389799172775
3644	1.21458901003792	-5.30389799172775
3645	-1.34571426500243	-5.30389799172775
3646	1.5991827235065	-5.30389799172775
3647	8.90883706034136	15.7130630218298
3648	1.55573076680744	15.7130630218298
3649	1.71821580999688	-5.30389799172775
3650	3.09945175602001	-5.30389799172775
3651	0.814243488014961	15.7130630218298
3652	3.47294951502317	-5.30389799172775
3653	0.820190235673438	15.7130630218298
3654	0.0858972810183634	15.7130630218298
3655	9.50144070357534	15.7130630218298
3656	9.73618464349955	15.7130630218298
3657	0.480776128002462	15.7130630218298
3658	-2.07576876510189	-5.30389799172775
3659	2.08428246714859	-5.30389799172775
3660	0.0423928969344883	15.7130630218298
3661	10.9400305590002	-5.30389799172775
3662	1.45510443302963	15.7130630218298
3663	1.43980085650073	15.7130630218298
3664	1.06729994622673	15.7130630218298
3665	-0.667118095738368	-5.30389799172775
3666	2.48559622194781	15.7130630218298
3667	-3.59334622840611	15.7130630218298
3668	5.4842791619212	-5.30389799172775
3669	6.52912929207117	15.7130630218298
3670	9.41640296883018	-5.30389799172775
3671	1.8833297538254	15.7130630218298
3672	2.72801818624204	-5.30389799172775
3673	2.06766699685338	15.7130630218298
3674	-0.873487412559177	15.7130630218298
3675	-2.48713331053373	15.7130630218298
3676	6.12039571806073	-5.30389799172775
3677	3.89217324849871	-5.30389799172775
3678	0.437893522890534	15.7130630218298
3679	2.91732636838642	-5.30389799172775
3680	6.45903992462169	-5.30389799172775
3681	-0.983639680156443	15.7130630218298
3682	1.35549236184546	-5.30389799172775
3683	2.71621453822414	15.7130630218298
3684	-1.94906625013054	15.7130630218298
3685	3.56726923576964	-5.30389799172775
3686	3.84800896785591	15.7130630218298
3687	3.73079781533223	-5.30389799172775
3688	4.54384424690582	15.7130630218298
3689	3.07197709478683	15.7130630218298
3690	5.11454114811392	15.7130630218298
3691	1.35550223140033	15.7130630218298
3692	9.41913541980507	15.7130630218298
3693	3.04965937796903	-5.30389799172775
3694	6.49725403412085	-5.30389799172775
3695	5.97422921167153	-5.30389799172775
3696	4.29910421735747	-5.30389799172775
3697	-2.48117093495082	15.7130630218298
3698	-0.855475425622786	15.7130630218298
3699	1.02982585245596	-5.30389799172775
3700	-0.550405438180211	-5.30389799172775
3701	-0.378911573341857	-5.30389799172775
3702	0.860069221105435	15.7130630218298
3703	0.0782511233260432	15.7130630218298
3704	9.05461057364169	-5.30389799172775
3705	-0.667633028420721	-5.30389799172775
3706	6.49555919214203	15.7130630218298
3707	6.37854978133696	15.7130630218298
3708	1.83758599419501	15.7130630218298
3709	7.24258033035268	-5.30389799172775
3710	3.71548639175473	-5.30389799172775
3711	6.89111419736346	-5.30389799172775
3712	1.01091020763872	-5.30389799172775
3713	3.60354287504806	15.7130630218298
3714	-1.13234192349842	15.7130630218298
3715	4.04042233026464	15.7130630218298
3716	7.74974825111187	15.7130630218298
3717	1.03288850154374	-5.30389799172775
3718	5.11043242136999	15.7130630218298
3719	1.09225002588568	15.7130630218298
3720	0.351957938008793	-5.30389799172775
3721	7.69667328978609	-5.30389799172775
3722	2.68677664636076	-5.30389799172775
3723	-0.420341071145105	15.7130630218298
3724	3.47992365154558	15.7130630218298
3725	2.13723221294091	-5.30389799172775
3726	1.50185514701769	15.7130630218298
3727	-0.14263730175095	-5.30389799172775
3728	3.0038066445694	15.7130630218298
3729	1.28722956868309	15.7130630218298
3730	-0.318752239915457	-5.30389799172775
3731	0.322131339588853	-5.30389799172775
3732	5.2616944108093	15.7130630218298
3733	8.82900430089372	15.7130630218298
3734	-2.30272827027497	-5.30389799172775
3735	7.22671133846696	-5.30389799172775
3736	-2.72650320743043	-5.30389799172775
3737	-0.46843181378382	-5.30389799172775
3738	-1.03217188205283	-5.30389799172775
3739	7.16723598287619	-5.30389799172775
3740	-0.111691247546562	-5.30389799172775
3741	-2.6259055099788	-5.30389799172775
3742	2.72434890377882	-5.30389799172775
3743	-0.875120443972189	15.7130630218298
3744	1.17835308185305	15.7130630218298
3745	-0.338855688886291	-5.30389799172775
3746	-1.42065506517047	15.7130630218298
3747	7.97386728885544	15.7130630218298
3748	2.22575254380213	-5.30389799172775
3749	3.04465045166932	15.7130630218298
3750	1.50293764620544	-5.30389799172775
3751	1.37353910564799	-5.30389799172775
3752	0.0804999982917752	-5.30389799172775
3753	0.419282683854408	15.7130630218298
3754	-1.77964448430797	15.7130630218298
3755	-2.97491361983617	-5.30389799172775
3756	1.51608146727065	15.7130630218298
3757	2.03166462183689	-5.30389799172775
3758	5.25153152901144	15.7130630218298
3759	-0.990726377760774	15.7130630218298
3760	6.71007762971618	15.7130630218298
3761	2.51754568958693	15.7130630218298
3762	5.14228240478092	-5.30389799172775
3763	2.22102915390564	15.7130630218298
3764	4.59494068903147	-5.30389799172775
3765	3.97686449291997	-5.30389799172775
3766	4.68391143616397	15.7130630218298
3767	6.33941544000246	15.7130630218298
3768	-1.87467214629883	15.7130630218298
3769	1.51311956696982	-5.30389799172775
3770	1.36435275540902	15.7130630218298
3771	5.22823915846488	-5.30389799172775
3772	4.38826261422772	-5.30389799172775
3773	5.47986906477806	-5.30389799172775
3774	0.270595138764477	15.7130630218298
3775	-0.153860075129734	15.7130630218298
3776	5.56012300122196	-5.30389799172775
3777	2.32505263054526	-5.30389799172775
3778	6.24277095251061	-5.30389799172775
3779	2.45398224816271	-5.30389799172775
3780	8.26490907575558	-5.30389799172775
3781	-0.930945882161437	15.7130630218298
3782	5.39932265096741	15.7130630218298
3783	5.81624554422744	-5.30389799172775
3784	-2.93409858024638	-5.30389799172775
3785	6.16025155235434	-5.30389799172775
3786	3.16011254647495	15.7130630218298
3787	5.32739330739337	-5.30389799172775
3788	0.282227101930624	-5.30389799172775
3789	6.22767820949219	-5.30389799172775
3790	-1.77049189360083	-5.30389799172775
3791	1.25986883578969	-5.30389799172775
3792	1.24833832538136	15.7130630218298
3793	4.27138506427479	15.7130630218298
3794	8.23388103279801	-5.30389799172775
3795	-0.724592211437589	15.7130630218298
3796	-1.80064293010617	-5.30389799172775
3797	8.34779430816257	15.7130630218298
3798	2.14232647054823	-5.30389799172775
3799	2.01688935116643	15.7130630218298
3800	2.11802353590613	-5.30389799172775
3801	0.72659511272592	-5.30389799172775
3802	0.955969342031826	-5.30389799172775
3803	-1.48018317295949	15.7130630218298
3804	9.18937119752268	15.7130630218298
3805	3.86278767333421	-5.30389799172775
3806	4.07277951095575	15.7130630218298
3807	8.09335750718966	15.7130630218298
3808	2.40746289272958	15.7130630218298
3809	1.75169841125618	15.7130630218298
3810	6.30234904471344	-5.30389799172775
3811	6.13579655870498	-5.30389799172775
3812	4.54584570886809	-5.30389799172775
3813	0.0167104651076917	15.7130630218298
3814	-3.94584964160729	-5.30389799172775
3815	4.87117994637236	15.7130630218298
3816	-0.0896766524990942	15.7130630218298
3817	1.67250081881448	15.7130630218298
3818	10.5986502421001	15.7130630218298
3819	2.16053848443678	-5.30389799172775
3820	3.95893327242985	15.7130630218298
3821	8.64082570944673	15.7130630218298
3822	4.54730201138831	-5.30389799172775
3823	0.977307494202632	15.7130630218298
3824	1.06882011005263	-5.30389799172775
3825	3.19035531022509	-5.30389799172775
3826	0.354662517959042	-5.30389799172775
3827	8.21281182966493	-5.30389799172775
3828	-2.44353143268069	-5.30389799172775
3829	3.96386746052535	15.7130630218298
3830	1.75346706331009	-5.30389799172775
3831	2.72891950447322	-5.30389799172775
3832	0.15130527464686	15.7130630218298
3833	0.776844952845669	15.7130630218298
3834	3.43692809074676	-5.30389799172775
3835	1.10411931682987	15.7130630218298
3836	0.19172838097893	15.7130630218298
3837	2.32819553563234	15.7130630218298
3838	5.41486842392824	-5.30389799172775
3839	4.00172788958346	15.7130630218298
3840	1.80975166297802	-5.30389799172775
3841	3.37918766093409	15.7130630218298
3842	0.271837861555728	15.7130630218298
3843	4.27576087797144	15.7130630218298
3844	1.21458901003792	15.7130630218298
3845	-1.34571426500243	15.7130630218298
3846	1.5991827235065	15.7130630218298
3847	8.90883706034136	-5.30389799172775
3848	1.55573076680744	-5.30389799172775
3849	1.71821580999688	15.7130630218298
3850	3.09945175602001	15.7130630218298
3851	0.814243488014961	-5.30389799172775
3852	3.47294951502317	15.7130630218298
3853	0.820190235673438	-5.30389799172775
3854	0.0858972810183634	-5.30389799172775
3855	9.50144070357534	-5.30389799172775
3856	9.73618464349955	-5.30389799172775
3857	0.480776128002462	-5.30389799172775
3858	-2.07576876510189	15.7130630218298
3859	2.08428246714859	15.7130630218298
3860	0.0423928969344883	-5.30389799172775
3861	10.9400305590002	15.7130630218298
3862	1.45510443302963	-5.30389799172775
3863	1.43980085650073	-5.30389799172775
3864	1.06729994622673	-5.30389799172775
3865	-0.667118095738368	15.7130630218298
3866	2.48559622194781	-5.30389799172775
3867	-3.59334622840611	-5.30389799172775
3868	5.4842791619212	15.7130630218298
3869	6.52912929207117	-5.30389799172775
3870	9.41640296883018	15.7130630218298
3871	1.8833297538254	-5.30389799172775
3872	2.72801818624204	15.7130630218298
3873	2.06766699685338	-5.30389799172775
3874	-0.873487412559177	-5.30389799172775
3875	-2.48713331053373	-5.30389799172775
3876	6.12039571806073	15.7130630218298
3877	3.89217324849871	15.7130630218298
3878	0.437893522890534	-5.30389799172775
3879	2.91732636838642	15.7130630218298
3880	6.45903992462169	15.7130630218298
3881	-0.983639680156443	-5.30389799172775
3882	1.35549236184546	15.7130630218298
3883	2.71621453822414	-5.30389799172775
3884	-1.94906625013054	-5.30389799172775
3885	3.56726923576964	15.7130630218298
3886	3.84800896785591	-5.30389799172775
3887	3.73079781533223	15.7130630218298
3888	4.54384424690582	-5.30389799172775
3889	3.07197709478683	-5.30389799172775
3890	5.11454114811392	-5.30389799172775
3891	1.35550223140033	-5.30389799172775
3892	9.41913541980507	-5.30389799172775
3893	3.04965937796903	15.7130630218298
3894	6.49725403412085	15.7130630218298
3895	5.97422921167153	15.7130630218298
3896	4.29910421735747	15.7130630218298
3897	-2.48117093495082	-5.30389799172775
3898	-0.855475425622786	-5.30389799172775
3899	1.02982585245596	15.7130630218298
3900	-0.550405438180211	15.7130630218298
3901	-0.378911573341857	15.7130630218298
3902	0.860069221105435	-5.30389799172775
3903	0.0782511233260432	-5.30389799172775
3904	9.05461057364169	15.7130630218298
3905	-0.667633028420721	15.7130630218298
3906	6.49555919214203	-5.30389799172775
3907	6.37854978133696	-5.30389799172775
3908	1.83758599419501	-5.30389799172775
3909	7.24258033035268	15.7130630218298
3910	3.71548639175473	15.7130630218298
3911	6.89111419736346	15.7130630218298
3912	1.01091020763872	15.7130630218298
3913	3.60354287504806	-5.30389799172775
3914	-1.13234192349842	-5.30389799172775
3915	4.04042233026464	-5.30389799172775
3916	7.74974825111187	-5.30389799172775
3917	1.03288850154374	15.7130630218298
3918	5.11043242136999	-5.30389799172775
3919	1.09225002588568	-5.30389799172775
3920	0.351957938008793	15.7130630218298
3921	7.69667328978609	15.7130630218298
3922	2.68677664636076	15.7130630218298
3923	-0.420341071145105	-5.30389799172775
3924	3.47992365154558	-5.30389799172775
3925	2.13723221294091	15.7130630218298
3926	1.50185514701769	-5.30389799172775
3927	-0.14263730175095	15.7130630218298
3928	3.0038066445694	-5.30389799172775
3929	1.28722956868309	-5.30389799172775
3930	-0.318752239915457	15.7130630218298
3931	0.322131339588853	15.7130630218298
3932	5.2616944108093	-5.30389799172775
3933	8.82900430089372	-5.30389799172775
3934	-2.30272827027497	15.7130630218298
3935	7.22671133846696	15.7130630218298
3936	-2.72650320743043	15.7130630218298
3937	-0.46843181378382	15.7130630218298
3938	-1.03217188205283	15.7130630218298
3939	7.16723598287619	15.7130630218298
3940	-0.111691247546562	15.7130630218298
3941	-2.6259055099788	15.7130630218298
3942	2.72434890377882	15.7130630218298
3943	-0.875120443972189	-5.30389799172775
3944	1.17835308185305	-5.30389799172775
3945	-0.338855688886291	15.7130630218298
3946	-1.42065506517047	-5.30389799172775
3947	7.97386728885544	-5.30389799172775
3948	2.22575254380213	15.7130630218298
3949	3.04465045166932	-5.30389799172775
3950	1.50293764620544	15.7130630218298
3951	1.37353910564799	15.7130630218298
3952	0.0804999982917752	15.7130630218298
3953	0.419282683854408	-5.30389799172775
3954	-1.77964448430797	-5.30389799172775
3955	-2.97491361983617	15.7130630218298
3956	1.51608146727065	-5.30389799172775
3957	2.03166462183689	15.7130630218298
3958	5.25153152901144	-5.30389799172775
3959	-0.990726377760774	-5.30389799172775
3960	6.71007762971618	-5.30389799172775
3961	2.51754568958693	-5.30389799172775
3962	5.14228240478092	15.7130630218298
3963	2.22102915390564	-5.30389799172775
3964	4.59494068903147	15.7130630218298
3965	3.97686449291997	15.7130630218298
3966	4.68391143616397	-5.30389799172775
3967	6.33941544000246	-5.30389799172775
3968	-1.87467214629883	-5.30389799172775
3969	1.51311956696982	15.7130630218298
3970	1.36435275540902	-5.30389799172775
3971	5.22823915846488	15.7130630218298
3972	4.38826261422772	15.7130630218298
3973	5.47986906477806	15.7130630218298
3974	0.270595138764477	-5.30389799172775
3975	-0.153860075129734	-5.30389799172775
3976	5.56012300122196	15.7130630218298
3977	2.32505263054526	15.7130630218298
3978	6.24277095251061	15.7130630218298
3979	2.45398224816271	15.7130630218298
3980	8.26490907575558	15.7130630218298
3981	-0.930945882161437	-5.30389799172775
3982	5.39932265096741	-5.30389799172775
3983	5.81624554422744	15.7130630218298
3984	-2.93409858024638	15.7130630218298
3985	6.16025155235434	15.7130630218298
3986	3.16011254647495	-5.30389799172775
3987	5.32739330739337	15.7130630218298
3988	0.282227101930624	15.7130630218298
3989	6.22767820949219	15.7130630218298
3990	-1.77049189360083	15.7130630218298
3991	1.25986883578969	15.7130630218298
3992	1.24833832538136	-5.30389799172775
3993	4.27138506427479	-5.30389799172775
3994	8.23388103279801	15.7130630218298
3995	-0.724592211437589	-5.30389799172775
3996	-1.80064293010617	15.7130630218298
3997	8.34779430816257	-5.30389799172775
3998	2.14232647054823	15.7130630218298
3999	2.01688935116643	-5.30389799172775
4000	2.11802353590613	15.7130630218298
4001	0.72659511272592	15.7130630218298
4002	0.955969342031826	15.7130630218298
4003	-1.48018317295949	-5.30389799172775
4004	9.18937119752268	-5.30389799172775
4005	3.86278767333421	15.7130630218298
4006	4.07277951095575	-5.30389799172775
4007	8.09335750718966	-5.30389799172775
4008	2.40746289272958	-5.30389799172775
4009	1.75169841125618	-5.30389799172775
4010	6.30234904471344	15.7130630218298
4011	6.13579655870498	15.7130630218298
4012	4.54584570886809	15.7130630218298
4013	0.0167104651076917	-5.30389799172775
4014	-3.94584964160729	15.7130630218298
4015	4.87117994637236	-5.30389799172775
4016	-0.0896766524990942	-5.30389799172775
4017	1.67250081881448	-5.30389799172775
4018	10.5986502421001	-5.30389799172775
4019	2.16053848443678	15.7130630218298
4020	3.95893327242985	-5.30389799172775
4021	8.64082570944673	-5.30389799172775
4022	4.54730201138831	15.7130630218298
4023	0.977307494202632	-5.30389799172775
4024	1.06882011005263	15.7130630218298
4025	3.19035531022509	15.7130630218298
4026	0.354662517959042	15.7130630218298
4027	8.21281182966493	15.7130630218298
4028	-2.44353143268069	15.7130630218298
4029	3.96386746052535	-5.30389799172775
4030	1.75346706331009	15.7130630218298
4031	2.72891950447322	15.7130630218298
4032	0.15130527464686	-5.30389799172775
4033	0.776844952845669	-5.30389799172775
4034	3.43692809074676	15.7130630218298
4035	1.10411931682987	-5.30389799172775
4036	0.19172838097893	-5.30389799172775
4037	2.32819553563234	-5.30389799172775
4038	5.41486842392824	15.7130630218298
4039	4.00172788958346	-5.30389799172775
4040	1.80975166297802	15.7130630218298
4041	3.37918766093409	-5.30389799172775
4042	0.271837861555728	-5.30389799172775
4043	4.27576087797144	-5.30389799172775
4044	1.21458901003792	-5.30389799172775
4045	-1.34571426500243	-5.30389799172775
4046	1.5991827235065	-5.30389799172775
4047	8.90883706034136	15.7130630218298
4048	1.55573076680744	15.7130630218298
4049	1.71821580999688	-5.30389799172775
4050	3.09945175602001	-5.30389799172775
4051	0.814243488014961	15.7130630218298
4052	3.47294951502317	-5.30389799172775
4053	0.820190235673438	15.7130630218298
4054	0.0858972810183634	15.7130630218298
4055	9.50144070357534	15.7130630218298
4056	9.73618464349955	15.7130630218298
4057	0.480776128002462	15.7130630218298
4058	-2.07576876510189	-5.30389799172775
4059	2.08428246714859	-5.30389799172775
4060	0.0423928969344883	15.7130630218298
4061	10.9400305590002	-5.30389799172775
4062	1.45510443302963	15.7130630218298
4063	1.43980085650073	15.7130630218298
4064	1.06729994622673	15.7130630218298
4065	-0.667118095738368	-5.30389799172775
4066	2.48559622194781	15.7130630218298
4067	-3.59334622840611	15.7130630218298
4068	5.4842791619212	-5.30389799172775
4069	6.52912929207117	15.7130630218298
4070	9.41640296883018	-5.30389799172775
4071	1.8833297538254	15.7130630218298
4072	2.72801818624204	-5.30389799172775
4073	2.06766699685338	15.7130630218298
4074	-0.873487412559177	15.7130630218298
4075	-2.48713331053373	15.7130630218298
4076	6.12039571806073	-5.30389799172775
4077	3.89217324849871	-5.30389799172775
4078	0.437893522890534	15.7130630218298
4079	2.91732636838642	-5.30389799172775
4080	6.45903992462169	-5.30389799172775
4081	-0.983639680156443	15.7130630218298
4082	1.35549236184546	-5.30389799172775
4083	2.71621453822414	15.7130630218298
4084	-1.94906625013054	15.7130630218298
4085	3.56726923576964	-5.30389799172775
4086	3.84800896785591	15.7130630218298
4087	3.73079781533223	-5.30389799172775
4088	4.54384424690582	15.7130630218298
4089	3.07197709478683	15.7130630218298
4090	5.11454114811392	15.7130630218298
4091	1.35550223140033	15.7130630218298
4092	9.41913541980507	15.7130630218298
4093	3.04965937796903	-5.30389799172775
4094	6.49725403412085	-5.30389799172775
4095	5.97422921167153	-5.30389799172775
4096	4.29910421735747	-5.30389799172775
4097	-2.48117093495082	15.7130630218298
4098	-0.855475425622786	15.7130630218298
4099	1.02982585245596	-5.30389799172775
4100	-0.550405438180211	-5.30389799172775
4101	-0.378911573341857	-5.30389799172775
4102	0.860069221105435	15.7130630218298
4103	0.0782511233260432	15.7130630218298
4104	9.05461057364169	-5.30389799172775
4105	-0.667633028420721	-5.30389799172775
4106	6.49555919214203	15.7130630218298
4107	6.37854978133696	15.7130630218298
4108	1.83758599419501	15.7130630218298
4109	7.24258033035268	-5.30389799172775
4110	3.71548639175473	-5.30389799172775
4111	6.89111419736346	-5.30389799172775
4112	1.01091020763872	-5.30389799172775
4113	3.60354287504806	15.7130630218298
4114	-1.13234192349842	15.7130630218298
4115	4.04042233026464	15.7130630218298
4116	7.74974825111187	15.7130630218298
4117	1.03288850154374	-5.30389799172775
4118	5.11043242136999	15.7130630218298
4119	1.09225002588568	15.7130630218298
4120	0.351957938008793	-5.30389799172775
4121	7.69667328978609	-5.30389799172775
4122	2.68677664636076	-5.30389799172775
4123	-0.420341071145105	15.7130630218298
4124	3.47992365154558	15.7130630218298
4125	2.13723221294091	-5.30389799172775
4126	1.50185514701769	15.7130630218298
4127	-0.14263730175095	-5.30389799172775
4128	3.0038066445694	15.7130630218298
4129	1.28722956868309	15.7130630218298
4130	-0.318752239915457	-5.30389799172775
4131	0.322131339588853	-5.30389799172775
4132	5.2616944108093	15.7130630218298
4133	8.82900430089372	15.7130630218298
4134	-2.30272827027497	-5.30389799172775
4135	7.22671133846696	-5.30389799172775
4136	-2.72650320743043	-5.30389799172775
4137	-0.46843181378382	-5.30389799172775
4138	-1.03217188205283	-5.30389799172775
4139	7.16723598287619	-5.30389799172775
4140	-0.111691247546562	-5.30389799172775
4141	-2.6259055099788	-5.30389799172775
4142	2.72434890377882	-5.30389799172775
4143	-0.875120443972189	15.7130630218298
4144	1.17835308185305	15.7130630218298
4145	-0.338855688886291	-5.30389799172775
4146	-1.42065506517047	15.7130630218298
4147	7.97386728885544	15.7130630218298
4148	2.22575254380213	-5.30389799172775
4149	3.04465045166932	15.7130630218298
4150	1.50293764620544	-5.30389799172775
4151	1.37353910564799	-5.30389799172775
4152	0.0804999982917752	-5.30389799172775
4153	0.419282683854408	15.7130630218298
4154	-1.77964448430797	15.7130630218298
4155	-2.97491361983617	-5.30389799172775
4156	1.51608146727065	15.7130630218298
4157	2.03166462183689	-5.30389799172775
4158	5.25153152901144	15.7130630218298
4159	-0.990726377760774	15.7130630218298
4160	6.71007762971618	15.7130630218298
4161	2.51754568958693	15.7130630218298
4162	5.14228240478092	-5.30389799172775
4163	2.22102915390564	15.7130630218298
4164	4.59494068903147	-5.30389799172775
4165	3.97686449291997	-5.30389799172775
4166	4.68391143616397	15.7130630218298
4167	6.33941544000246	15.7130630218298
4168	-1.87467214629883	15.7130630218298
4169	1.51311956696982	-5.30389799172775
4170	1.36435275540902	15.7130630218298
4171	5.22823915846488	-5.30389799172775
4172	4.38826261422772	-5.30389799172775
4173	5.47986906477806	-5.30389799172775
4174	0.270595138764477	15.7130630218298
4175	-0.153860075129734	15.7130630218298
4176	5.56012300122196	-5.30389799172775
4177	2.32505263054526	-5.30389799172775
4178	6.24277095251061	-5.30389799172775
4179	2.45398224816271	-5.30389799172775
4180	8.26490907575558	-5.30389799172775
4181	-0.930945882161437	15.7130630218298
4182	5.39932265096741	15.7130630218298
4183	5.81624554422744	-5.30389799172775
4184	-2.93409858024638	-5.30389799172775
4185	6.16025155235434	-5.30389799172775
4186	3.16011254647495	15.7130630218298
4187	5.32739330739337	-5.30389799172775
4188	0.282227101930624	-5.30389799172775
4189	6.22767820949219	-5.30389799172775
4190	-1.77049189360083	-5.30389799172775
4191	1.25986883578969	-5.30389799172775
4192	1.24833832538136	15.7130630218298
4193	4.27138506427479	15.7130630218298
4194	8.23388103279801	-5.30389799172775
4195	-0.724592211437589	15.7130630218298
4196	-1.80064293010617	-5.30389799172775
4197	8.34779430816257	15.7130630218298
4198	2.14232647054823	-5.30389799172775
4199	2.01688935116643	15.7130630218298
4200	2.11802353590613	-5.30389799172775
4201	0.72659511272592	-5.30389799172775
4202	0.955969342031826	-5.30389799172775
4203	-1.48018317295949	15.7130630218298
4204	9.18937119752268	15.7130630218298
4205	3.86278767333421	-5.30389799172775
4206	4.07277951095575	15.7130630218298
4207	8.09335750718966	15.7130630218298
4208	2.40746289272958	15.7130630218298
4209	1.75169841125618	15.7130630218298
4210	6.30234904471344	-5.30389799172775
4211	6.13579655870498	-5.30389799172775
4212	4.54584570886809	-5.30389799172775
4213	0.0167104651076917	15.7130630218298
4214	-3.94584964160729	-5.30389799172775
4215	4.87117994637236	15.7130630218298
4216	-0.0896766524990942	15.7130630218298
4217	1.67250081881448	15.7130630218298
4218	10.5986502421001	15.7130630218298
4219	2.16053848443678	-5.30389799172775
4220	3.95893327242985	15.7130630218298
4221	8.64082570944673	15.7130630218298
4222	4.54730201138831	-5.30389799172775
4223	0.977307494202632	15.7130630218298
4224	1.06882011005263	-5.30389799172775
4225	3.19035531022509	-5.30389799172775
4226	0.354662517959042	-5.30389799172775
4227	8.21281182966493	-5.30389799172775
4228	-2.44353143268069	-5.30389799172775
4229	3.96386746052535	15.7130630218298
4230	1.75346706331009	-5.30389799172775
4231	2.72891950447322	-5.30389799172775
4232	0.15130527464686	15.7130630218298
4233	0.776844952845669	15.7130630218298
4234	3.43692809074676	-5.30389799172775
4235	1.10411931682987	15.7130630218298
4236	0.19172838097893	15.7130630218298
4237	2.32819553563234	15.7130630218298
4238	5.41486842392824	-5.30389799172775
4239	4.00172788958346	15.7130630218298
4240	1.80975166297802	-5.30389799172775
4241	3.37918766093409	15.7130630218298
4242	0.271837861555728	15.7130630218298
4243	4.27576087797144	15.7130630218298
4244	1.21458901003792	15.7130630218298
4245	-1.34571426500243	15.7130630218298
4246	1.5991827235065	15.7130630218298
4247	8.90883706034136	-5.30389799172775
4248	1.55573076680744	-5.30389799172775
4249	1.71821580999688	15.7130630218298
4250	3.09945175602001	15.7130630218298
4251	0.814243488014961	-5.30389799172775
4252	3.47294951502317	15.7130630218298
4253	0.820190235673438	-5.30389799172775
4254	0.0858972810183634	-5.30389799172775
4255	9.50144070357534	-5.30389799172775
4256	9.73618464349955	-5.30389799172775
4257	0.480776128002462	-5.30389799172775
4258	-2.07576876510189	15.7130630218298
4259	2.08428246714859	15.7130630218298
4260	0.0423928969344883	-5.30389799172775
4261	10.9400305590002	15.7130630218298
4262	1.45510443302963	-5.30389799172775
4263	1.43980085650073	-5.30389799172775
4264	1.06729994622673	-5.30389799172775
4265	-0.667118095738368	15.7130630218298
4266	2.48559622194781	-5.30389799172775
4267	-3.59334622840611	-5.30389799172775
4268	5.4842791619212	15.7130630218298
4269	6.52912929207117	-5.30389799172775
4270	9.41640296883018	15.7130630218298
4271	1.8833297538254	-5.30389799172775
4272	2.72801818624204	15.7130630218298
4273	2.06766699685338	-5.30389799172775
4274	-0.873487412559177	-5.30389799172775
4275	-2.48713331053373	-5.30389799172775
4276	6.12039571806073	15.7130630218298
4277	3.89217324849871	15.7130630218298
4278	0.437893522890534	-5.30389799172775
4279	2.91732636838642	15.7130630218298
4280	6.45903992462169	15.7130630218298
4281	-0.983639680156443	-5.30389799172775
4282	1.35549236184546	15.7130630218298
4283	2.71621453822414	-5.30389799172775
4284	-1.94906625013054	-5.30389799172775
4285	3.56726923576964	15.7130630218298
4286	3.84800896785591	-5.30389799172775
4287	3.73079781533223	15.7130630218298
4288	4.54384424690582	-5.30389799172775
4289	3.07197709478683	-5.30389799172775
4290	5.11454114811392	-5.30389799172775
4291	1.35550223140033	-5.30389799172775
4292	9.41913541980507	-5.30389799172775
4293	3.04965937796903	15.7130630218298
4294	6.49725403412085	15.7130630218298
4295	5.97422921167153	15.7130630218298
4296	4.29910421735747	15.7130630218298
4297	-2.48117093495082	-5.30389799172775
4298	-0.855475425622786	-5.30389799172775
4299	1.02982585245596	15.7130630218298
4300	-0.550405438180211	15.7130630218298
4301	-0.378911573341857	15.7130630218298
4302	0.860069221105435	-5.30389799172775
4303	0.0782511233260432	-5.30389799172775
4304	9.05461057364169	15.7130630218298
4305	-0.667633028420721	15.7130630218298
4306	6.49555919214203	-5.30389799172775
4307	6.37854978133696	-5.30389799172775
4308	1.83758599419501	-5.30389799172775
4309	7.24258033035268	15.7130630218298
4310	3.71548639175473	15.7130630218298
4311	6.89111419736346	15.7130630218298
4312	1.01091020763872	15.7130630218298
4313	3.60354287504806	-5.30389799172775
4314	-1.13234192349842	-5.30389799172775
4315	4.04042233026464	-5.30389799172775
4316	7.74974825111187	-5.30389799172775
4317	1.03288850154374	15.7130630218298
4318	5.11043242136999	-5.30389799172775
4319	1.09225002588568	-5.30389799172775
4320	0.351957938008793	15.7130630218298
4321	7.69667328978609	15.7130630218298
4322	2.68677664636076	15.7130630218298
4323	-0.420341071145105	-5.30389799172775
4324	3.47992365154558	-5.30389799172775
4325	2.13723221294091	15.7130630218298
4326	1.50185514701769	-5.30389799172775
4327	-0.14263730175095	15.7130630218298
4328	3.0038066445694	-5.30389799172775
4329	1.28722956868309	-5.30389799172775
4330	-0.318752239915457	15.7130630218298
4331	0.322131339588853	15.7130630218298
4332	5.2616944108093	-5.30389799172775
4333	8.82900430089372	-5.30389799172775
4334	-2.30272827027497	15.7130630218298
4335	7.22671133846696	15.7130630218298
4336	-2.72650320743043	15.7130630218298
4337	-0.46843181378382	15.7130630218298
4338	-1.03217188205283	15.7130630218298
4339	7.16723598287619	15.7130630218298
4340	-0.111691247546562	15.7130630218298
4341	-2.6259055099788	15.7130630218298
4342	2.72434890377882	15.7130630218298
4343	-0.875120443972189	-5.30389799172775
4344	1.17835308185305	-5.30389799172775
4345	-0.338855688886291	15.7130630218298
4346	-1.42065506517047	-5.30389799172775
4347	7.97386728885544	-5.30389799172775
4348	2.22575254380213	15.7130630218298
4349	3.04465045166932	-5.30389799172775
4350	1.50293764620544	15.7130630218298
4351	1.37353910564799	15.7130630218298
4352	0.0804999982917752	15.7130630218298
4353	0.419282683854408	-5.30389799172775
4354	-1.77964448430797	-5.30389799172775
4355	-2.97491361983617	15.7130630218298
4356	1.51608146727065	-5.30389799172775
4357	2.03166462183689	15.7130630218298
4358	5.25153152901144	-5.30389799172775
4359	-0.990726377760774	-5.30389799172775
4360	6.71007762971618	-5.30389799172775
4361	2.51754568958693	-5.30389799172775
4362	5.14228240478092	15.7130630218298
4363	2.22102915390564	-5.30389799172775
4364	4.59494068903147	15.7130630218298
4365	3.97686449291997	15.7130630218298
4366	4.68391143616397	-5.30389799172775
4367	6.33941544000246	-5.30389799172775
4368	-1.87467214629883	-5.30389799172775
4369	1.51311956696982	15.7130630218298
4370	1.36435275540902	-5.30389799172775
4371	5.22823915846488	15.7130630218298
4372	4.38826261422772	15.7130630218298
4373	5.47986906477806	15.7130630218298
4374	0.270595138764477	-5.30389799172775
4375	-0.153860075129734	-5.30389799172775
4376	5.56012300122196	15.7130630218298
4377	2.32505263054526	15.7130630218298
4378	6.24277095251061	15.7130630218298
4379	2.45398224816271	15.7130630218298
4380	8.26490907575558	15.7130630218298
4381	-0.930945882161437	-5.30389799172775
4382	5.39932265096741	-5.30389799172775
4383	5.81624554422744	15.7130630218298
4384	-2.93409858024638	15.7130630218298
4385	6.16025155235434	15.7130630218298
4386	3.16011254647495	-5.30389799172775
4387	5.32739330739337	15.7130630218298
4388	0.282227101930624	15.7130630218298
4389	6.22767820949219	15.7130630218298
4390	-1.77049189360083	15.7130630218298
4391	1.25986883578969	15.7130630218298
4392	1.24833832538136	-5.30389799172775
4393	4.27138506427479	-5.30389799172775
4394	8.23388103279801	15.7130630218298
4395	-0.724592211437589	-5.30389799172775
4396	-1.80064293010617	15.7130630218298
4397	8.34779430816257	-5.30389799172775
4398	2.14232647054823	15.7130630218298
4399	2.01688935116643	-5.30389799172775
4400	2.11802353590613	15.7130630218298
4401	0.72659511272592	15.7130630218298
4402	0.955969342031826	15.7130630218298
4403	-1.48018317295949	-5.30389799172775
4404	9.18937119752268	-5.30389799172775
4405	3.86278767333421	15.7130630218298
4406	4.07277951095575	-5.30389799172775
4407	8.09335750718966	-5.30389799172775
4408	2.40746289272958	-5.30389799172775
4409	1.75169841125618	-5.30389799172775
4410	6.30234904471344	15.7130630218298
4411	6.13579655870498	15.7130630218298
4412	4.54584570886809	15.7130630218298
4413	0.0167104651076917	-5.30389799172775
4414	-3.94584964160729	15.7130630218298
4415	4.87117994637236	-5.30389799172775
4416	-0.0896766524990942	-5.30389799172775
4417	1.67250081881448	-5.30389799172775
4418	10.5986502421001	-5.30389799172775
4419	2.16053848443678	15.7130630218298
4420	3.95893327242985	-5.30389799172775
4421	8.64082570944673	-5.30389799172775
4422	4.54730201138831	15.7130630218298
4423	0.977307494202632	-5.30389799172775
4424	1.06882011005263	15.7130630218298
4425	3.19035531022509	15.7130630218298
4426	0.354662517959042	15.7130630218298
4427	8.21281182966493	15.7130630218298
4428	-2.44353143268069	15.7130630218298
4429	3.96386746052535	-5.30389799172775
4430	1.75346706331009	15.7130630218298
4431	2.72891950447322	15.7130630218298
4432	0.15130527464686	-5.30389799172775
4433	0.776844952845669	-5.30389799172775
4434	3.43692809074676	15.7130630218298
4435	1.10411931682987	-5.30389799172775
4436	0.19172838097893	-5.30389799172775
4437	2.32819553563234	-5.30389799172775
4438	5.41486842392824	15.7130630218298
4439	4.00172788958346	-5.30389799172775
4440	1.80975166297802	15.7130630218298
4441	3.37918766093409	-5.30389799172775
4442	0.271837861555728	-5.30389799172775
4443	4.27576087797144	-5.30389799172775
4444	1.21458901003792	-5.30389799172775
4445	-1.34571426500243	-5.30389799172775
4446	1.5991827235065	-5.30389799172775
4447	8.90883706034136	15.7130630218298
4448	1.55573076680744	15.7130630218298
4449	1.71821580999688	-5.30389799172775
4450	3.09945175602001	-5.30389799172775
4451	0.814243488014961	15.7130630218298
4452	3.47294951502317	-5.30389799172775
4453	0.820190235673438	15.7130630218298
4454	0.0858972810183634	15.7130630218298
4455	9.50144070357534	15.7130630218298
4456	9.73618464349955	15.7130630218298
4457	0.480776128002462	15.7130630218298
4458	-2.07576876510189	-5.30389799172775
4459	2.08428246714859	-5.30389799172775
4460	0.0423928969344883	15.7130630218298
4461	10.9400305590002	-5.30389799172775
4462	1.45510443302963	15.7130630218298
4463	1.43980085650073	15.7130630218298
4464	1.06729994622673	15.7130630218298
4465	-0.667118095738368	-5.30389799172775
4466	2.48559622194781	15.7130630218298
4467	-3.59334622840611	15.7130630218298
4468	5.4842791619212	-5.30389799172775
4469	6.52912929207117	15.7130630218298
4470	9.41640296883018	-5.30389799172775
4471	1.8833297538254	15.7130630218298
4472	2.72801818624204	-5.30389799172775
4473	2.06766699685338	15.7130630218298
4474	-0.873487412559177	15.7130630218298
4475	-2.48713331053373	15.7130630218298
4476	6.12039571806073	-5.30389799172775
4477	3.89217324849871	-5.30389799172775
4478	0.437893522890534	15.7130630218298
4479	2.91732636838642	-5.30389799172775
4480	6.45903992462169	-5.30389799172775
4481	-0.983639680156443	15.7130630218298
4482	1.35549236184546	-5.30389799172775
4483	2.71621453822414	15.7130630218298
4484	-1.94906625013054	15.7130630218298
4485	3.56726923576964	-5.30389799172775
4486	3.84800896785591	15.7130630218298
4487	3.73079781533223	-5.30389799172775
4488	4.54384424690582	15.7130630218298
4489	3.07197709478683	15.7130630218298
4490	5.11454114811392	15.7130630218298
4491	1.35550223140033	15.7130630218298
4492	9.41913541980507	15.7130630218298
4493	3.04965937796903	-5.30389799172775
4494	6.49725403412085	-5.30389799172775
4495	5.97422921167153	-5.30389799172775
4496	4.29910421735747	-5.30389799172775
4497	-2.48117093495082	15.7130630218298
4498	-0.855475425622786	15.7130630218298
4499	1.02982585245596	-5.30389799172775
4500	-0.550405438180211	-5.30389799172775
4501	-0.378911573341857	-5.30389799172775
4502	0.860069221105435	15.7130630218298
4503	0.0782511233260432	15.7130630218298
4504	9.05461057364169	-5.30389799172775
4505	-0.667633028420721	-5.30389799172775
4506	6.49555919214203	15.7130630218298
4507	6.37854978133696	15.7130630218298
4508	1.83758599419501	15.7130630218298
4509	7.24258033035268	-5.30389799172775
4510	3.71548639175473	-5.30389799172775
4511	6.89111419736346	-5.30389799172775
4512	1.01091020763872	-5.30389799172775
4513	3.60354287504806	15.7130630218298
4514	-1.13234192349842	15.7130630218298
4515	4.04042233026464	15.7130630218298
4516	7.74974825111187	15.7130630218298
4517	1.03288850154374	-5.30389799172775
4518	5.11043242136999	15.7130630218298
4519	1.09225002588568	15.7130630218298
4520	0.351957938008793	-5.30389799172775
4521	7.69667328978609	-5.30389799172775
4522	2.68677664636076	-5.30389799172775
4523	-0.420341071145105	15.7130630218298
4524	3.47992365154558	15.7130630218298
4525	2.13723221294091	-5.30389799172775
4526	1.50185514701769	15.7130630218298
4527	-0.14263730175095	-5.30389799172775
4528	3.0038066445694	15.7130630218298
4529	1.28722956868309	15.7130630218298
4530	-0.318752239915457	-5.30389799172775
4531	0.322131339588853	-5.30389799172775
4532	5.2616944108093	15.7130630218298
4533	8.82900430089372	15.7130630218298
4534	-2.30272827027497	-5.30389799172775
4535	7.22671133846696	-5.30389799172775
4536	-2.72650320743043	-5.30389799172775
4537	-0.46843181378382	-5.30389799172775
4538	-1.03217188205283	-5.30389799172775
4539	7.16723598287619	-5.30389799172775
4540	-0.111691247546562	-5.30389799172775
4541	-2.6259055099788	-5.30389799172775
4542	2.72434890377882	-5.30389799172775
4543	-0.875120443972189	15.7130630218298
4544	1.17835308185305	15.7130630218298
4545	-0.338855688886291	-5.30389799172775
4546	-1.42065506517047	15.7130630218298
4547	7.97386728885544	15.7130630218298
4548	2.22575254380213	-5.30389799172775
4549	3.04465045166932	15.7130630218298
4550	1.50293764620544	-5.30389799172775
4551	1.37353910564799	-5.30389799172775
4552	0.0804999982917752	-5.30389799172775
4553	0.419282683854408	15.7130630218298
4554	-1.77964448430797	15.7130630218298
4555	-2.97491361983617	-5.30389799172775
4556	1.51608146727065	15.7130630218298
4557	2.03166462183689	-5.30389799172775
4558	5.25153152901144	15.7130630218298
4559	-0.990726377760774	15.7130630218298
4560	6.71007762971618	15.7130630218298
4561	2.51754568958693	15.7130630218298
4562	5.14228240478092	-5.30389799172775
4563	2.22102915390564	15.7130630218298
4564	4.59494068903147	-5.30389799172775
4565	3.97686449291997	-5.30389799172775
4566	4.68391143616397	15.7130630218298
4567	6.33941544000246	15.7130630218298
4568	-1.87467214629883	15.7130630218298
4569	1.51311956696982	-5.30389799172775
4570	1.36435275540902	15.7130630218298
4571	5.22823915846488	-5.30389799172775
4572	4.38826261422772	-5.30389799172775
4573	5.47986906477806	-5.30389799172775
4574	0.270595138764477	15.7130630218298
4575	-0.153860075129734	15.7130630218298
4576	5.56012300122196	-5.30389799172775
4577	2.32505263054526	-5.30389799172775
4578	6.24277095251061	-5.30389799172775
4579	2.45398224816271	-5.30389799172775
4580	8.26490907575558	-5.30389799172775
4581	-0.930945882161437	15.7130630218298
4582	5.39932265096741	15.7130630218298
4583	5.81624554422744	-5.30389799172775
4584	-2.93409858024638	-5.30389799172775
4585	6.16025155235434	-5.30389799172775
4586	3.16011254647495	15.7130630218298
4587	5.32739330739337	-5.30389799172775
4588	0.282227101930624	-5.30389799172775
4589	6.22767820949219	-5.30389799172775
4590	-1.77049189360083	-5.30389799172775
4591	1.25986883578969	-5.30389799172775
4592	1.24833832538136	15.7130630218298
4593	4.27138506427479	15.7130630218298
4594	8.23388103279801	-5.30389799172775
4595	-0.724592211437589	15.7130630218298
4596	-1.80064293010617	-5.30389799172775
4597	8.34779430816257	15.7130630218298
4598	2.14232647054823	-5.30389799172775
4599	2.01688935116643	15.7130630218298
4600	2.11802353590613	-5.30389799172775
4601	0.72659511272592	-5.30389799172775
4602	0.955969342031826	-5.30389799172775
4603	-1.48018317295949	15.7130630218298
4604	9.18937119752268	15.7130630218298
4605	3.86278767333421	-5.30389799172775
4606	4.07277951095575	15.7130630218298
4607	8.09335750718966	15.7130630218298
4608	2.40746289272958	15.7130630218298
4609	1.75169841125618	15.7130630218298
4610	6.30234904471344	-5.30389799172775
4611	6.13579655870498	-5.30389799172775
4612	4.54584570886809	-5.30389799172775
4613	0.0167104651076917	15.7130630218298
4614	-3.94584964160729	-5.30389799172775
4615	4.87117994637236	15.7130630218298
4616	-0.0896766524990942	15.7130630218298
4617	1.67250081881448	15.7130630218298
4618	10.5986502421001	15.7130630218298
4619	2.16053848443678	-5.30389799172775
4620	3.95893327242985	15.7130630218298
4621	8.64082570944673	15.7130630218298
4622	4.54730201138831	-5.30389799172775
4623	0.977307494202632	15.7130630218298
4624	1.06882011005263	-5.30389799172775
4625	3.19035531022509	-5.30389799172775
4626	0.354662517959042	-5.30389799172775
4627	8.21281182966493	-5.30389799172775
4628	-2.44353143268069	-5.30389799172775
4629	3.96386746052535	15.7130630218298
4630	1.75346706331009	-5.30389799172775
4631	2.72891950447322	-5.30389799172775
4632	0.15130527464686	15.7130630218298
4633	0.776844952845669	15.7130630218298
4634	3.43692809074676	-5.30389799172775
4635	1.10411931682987	15.7130630218298
4636	0.19172838097893	15.7130630218298
4637	2.32819553563234	15.7130630218298
4638	5.41486842392824	-5.30389799172775
4639	4.00172788958346	15.7130630218298
4640	1.80975166297802	-5.30389799172775
4641	3.37918766093409	15.7130630218298
4642	0.271837861555728	15.7130630218298
4643	4.27576087797144	15.7130630218298
4644	1.21458901003792	15.7130630218298
4645	-1.34571426500243	15.7130630218298
4646	1.5991827235065	15.7130630218298
4647	8.90883706034136	-5.30389799172775
4648	1.55573076680744	-5.30389799172775
4649	1.71821580999688	15.7130630218298
4650	3.09945175602001	15.7130630218298
4651	0.814243488014961	-5.30389799172775
4652	3.47294951502317	15.7130630218298
4653	0.820190235673438	-5.30389799172775
4654	0.0858972810183634	-5.30389799172775
4655	9.50144070357534	-5.30389799172775
4656	9.73618464349955	-5.30389799172775
4657	0.480776128002462	-5.30389799172775
4658	-2.07576876510189	15.7130630218298
4659	2.08428246714859	15.7130630218298
4660	0.0423928969344883	-5.30389799172775
4661	10.9400305590002	15.7130630218298
4662	1.45510443302963	-5.30389799172775
4663	1.43980085650073	-5.30389799172775
4664	1.06729994622673	-5.30389799172775
4665	-0.667118095738368	15.7130630218298
4666	2.48559622194781	-5.30389799172775
4667	-3.59334622840611	-5.30389799172775
4668	5.4842791619212	15.7130630218298
4669	6.52912929207117	-5.30389799172775
4670	9.41640296883018	15.7130630218298
4671	1.8833297538254	-5.30389799172775
4672	2.72801818624204	15.7130630218298
4673	2.06766699685338	-5.30389799172775
4674	-0.873487412559177	-5.30389799172775
4675	-2.48713331053373	-5.30389799172775
4676	6.12039571806073	15.7130630218298
4677	3.89217324849871	15.7130630218298
4678	0.437893522890534	-5.30389799172775
4679	2.91732636838642	15.7130630218298
4680	6.45903992462169	15.7130630218298
4681	-0.983639680156443	-5.30389799172775
4682	1.35549236184546	15.7130630218298
4683	2.71621453822414	-5.30389799172775
4684	-1.94906625013054	-5.30389799172775
4685	3.56726923576964	15.7130630218298
4686	3.84800896785591	-5.30389799172775
4687	3.73079781533223	15.7130630218298
4688	4.54384424690582	-5.30389799172775
4689	3.07197709478683	-5.30389799172775
4690	5.11454114811392	-5.30389799172775
4691	1.35550223140033	-5.30389799172775
4692	9.41913541980507	-5.30389799172775
4693	3.04965937796903	15.7130630218298
4694	6.49725403412085	15.7130630218298
4695	5.97422921167153	15.7130630218298
4696	4.29910421735747	15.7130630218298
4697	-2.48117093495082	-5.30389799172775
4698	-0.855475425622786	-5.30389799172775
4699	1.02982585245596	15.7130630218298
4700	-0.550405438180211	15.7130630218298
4701	-0.378911573341857	15.7130630218298
4702	0.860069221105435	-5.30389799172775
4703	0.0782511233260432	-5.30389799172775
4704	9.05461057364169	15.7130630218298
4705	-0.667633028420721	15.7130630218298
4706	6.49555919214203	-5.30389799172775
4707	6.37854978133696	-5.30389799172775
4708	1.83758599419501	-5.30389799172775
4709	7.24258033035268	15.7130630218298
4710	3.71548639175473	15.7130630218298
4711	6.89111419736346	15.7130630218298
4712	1.01091020763872	15.7130630218298
4713	3.60354287504806	-5.30389799172775
4714	-1.13234192349842	-5.30389799172775
4715	4.04042233026464	-5.30389799172775
4716	7.74974825111187	-5.30389799172775
4717	1.03288850154374	15.7130630218298
4718	5.11043242136999	-5.30389799172775
4719	1.09225002588568	-5.30389799172775
4720	0.351957938008793	15.7130630218298
4721	7.69667328978609	15.7130630218298
4722	2.68677664636076	15.7130630218298
4723	-0.420341071145105	-5.30389799172775
4724	3.47992365154558	-5.30389799172775
4725	2.13723221294091	15.7130630218298
4726	1.50185514701769	-5.30389799172775
4727	-0.14263730175095	15.7130630218298
4728	3.0038066445694	-5.30389799172775
4729	1.28722956868309	-5.30389799172775
4730	-0.318752239915457	15.7130630218298
4731	0.322131339588853	15.7130630218298
4732	5.2616944108093	-5.30389799172775
4733	8.82900430089372	-5.30389799172775
4734	-2.30272827027497	15.7130630218298
4735	7.22671133846696	15.7130630218298
4736	-2.72650320743043	15.7130630218298
4737	-0.46843181378382	15.7130630218298
4738	-1.03217188205283	15.7130630218298
4739	7.16723598287619	15.7130630218298
4740	-0.111691247546562	15.7130630218298
4741	-2.6259055099788	15.7130630218298
4742	2.72434890377882	15.7130630218298
4743	-0.875120443972189	-5.30389799172775
4744	1.17835308185305	-5.30389799172775
4745	-0.338855688886291	15.7130630218298
4746	-1.42065506517047	-5.30389799172775
4747	7.97386728885544	-5.30389799172775
4748	2.22575254380213	15.7130630218298
4749	3.04465045166932	-5.30389799172775
4750	1.50293764620544	15.7130630218298
4751	1.37353910564799	15.7130630218298
4752	0.0804999982917752	15.7130630218298
4753	0.419282683854408	-5.30389799172775
4754	-1.77964448430797	-5.30389799172775
4755	-2.97491361983617	15.7130630218298
4756	1.51608146727065	-5.30389799172775
4757	2.03166462183689	15.7130630218298
4758	5.25153152901144	-5.30389799172775
4759	-0.990726377760774	-5.30389799172775
4760	6.71007762971618	-5.30389799172775
4761	2.51754568958693	-5.30389799172775
4762	5.14228240478092	15.7130630218298
4763	2.22102915390564	-5.30389799172775
4764	4.59494068903147	15.7130630218298
4765	3.97686449291997	15.7130630218298
4766	4.68391143616397	-5.30389799172775
4767	6.33941544000246	-5.30389799172775
4768	-1.87467214629883	-5.30389799172775
4769	1.51311956696982	15.7130630218298
4770	1.36435275540902	-5.30389799172775
4771	5.22823915846488	15.7130630218298
4772	4.38826261422772	15.7130630218298
4773	5.47986906477806	15.7130630218298
4774	0.270595138764477	-5.30389799172775
4775	-0.153860075129734	-5.30389799172775
4776	5.56012300122196	15.7130630218298
4777	2.32505263054526	15.7130630218298
4778	6.24277095251061	15.7130630218298
4779	2.45398224816271	15.7130630218298
4780	8.26490907575558	15.7130630218298
4781	-0.930945882161437	-5.30389799172775
4782	5.39932265096741	-5.30389799172775
4783	5.81624554422744	15.7130630218298
4784	-2.93409858024638	15.7130630218298
4785	6.16025155235434	15.7130630218298
4786	3.16011254647495	-5.30389799172775
4787	5.32739330739337	15.7130630218298
4788	0.282227101930624	15.7130630218298
4789	6.22767820949219	15.7130630218298
4790	-1.77049189360083	15.7130630218298
4791	1.25986883578969	15.7130630218298
4792	1.24833832538136	-5.30389799172775
4793	4.27138506427479	-5.30389799172775
4794	8.23388103279801	15.7130630218298
4795	-0.724592211437589	-5.30389799172775
4796	-1.80064293010617	15.7130630218298
4797	8.34779430816257	-5.30389799172775
4798	2.14232647054823	15.7130630218298
4799	2.01688935116643	-5.30389799172775
4800	2.11802353590613	15.7130630218298
4801	0.72659511272592	15.7130630218298
4802	0.955969342031826	15.7130630218298
4803	-1.48018317295949	-5.30389799172775
4804	9.18937119752268	-5.30389799172775
4805	3.86278767333421	15.7130630218298
4806	4.07277951095575	-5.30389799172775
4807	8.09335750718966	-5.30389799172775
4808	2.40746289272958	-5.30389799172775
4809	1.75169841125618	-5.30389799172775
4810	6.30234904471344	15.7130630218298
4811	6.13579655870498	15.7130630218298
4812	4.54584570886809	15.7130630218298
4813	0.0167104651076917	-5.30389799172775
4814	-3.94584964160729	15.7130630218298
4815	4.87117994637236	-5.30389799172775
4816	-0.0896766524990942	-5.30389799172775
4817	1.67250081881448	-5.30389799172775
4818	10.5986502421001	-5.30389799172775
4819	2.16053848443678	15.7130630218298
4820	3.95893327242985	-5.30389799172775
4821	8.64082570944673	-5.30389799172775
4822	4.54730201138831	15.7130630218298
4823	0.977307494202632	-5.30389799172775
4824	1.06882011005263	15.7130630218298
4825	3.19035531022509	15.7130630218298
4826	0.354662517959042	15.7130630218298
4827	8.21281182966493	15.7130630218298
4828	-2.44353143268069	15.7130630218298
4829	3.96386746052535	-5.30389799172775
4830	1.75346706331009	15.7130630218298
4831	2.72891950447322	15.7130630218298
4832	0.15130527464686	-5.30389799172775
4833	0.776844952845669	-5.30389799172775
4834	3.43692809074676	15.7130630218298
4835	1.10411931682987	-5.30389799172775
4836	0.19172838097893	-5.30389799172775
4837	2.32819553563234	-5.30389799172775
4838	5.41486842392824	15.7130630218298
4839	4.00172788958346	-5.30389799172775
4840	1.80975166297802	15.7130630218298
4841	3.37918766093409	-5.30389799172775
4842	0.271837861555728	-5.30389799172775
4843	4.27576087797144	-5.30389799172775
4844	1.21458901003792	-5.30389799172775
4845	-1.34571426500243	-5.30389799172775
4846	1.5991827235065	-5.30389799172775
4847	8.90883706034136	15.7130630218298
4848	1.55573076680744	15.7130630218298
4849	1.71821580999688	-5.30389799172775
4850	3.09945175602001	-5.30389799172775
4851	0.814243488014961	15.7130630218298
4852	3.47294951502317	-5.30389799172775
4853	0.820190235673438	15.7130630218298
4854	0.0858972810183634	15.7130630218298
4855	9.50144070357534	15.7130630218298
4856	9.73618464349955	15.7130630218298
4857	0.480776128002462	15.7130630218298
4858	-2.07576876510189	-5.30389799172775
4859	2.08428246714859	-5.30389799172775
4860	0.0423928969344883	15.7130630218298
4861	10.9400305590002	-5.30389799172775
4862	1.45510443302963	15.7130630218298
4863	1.43980085650073	15.7130630218298
4864	1.06729994622673	15.7130630218298
4865	-0.667118095738368	-5.30389799172775
4866	2.48559622194781	15.7130630218298
4867	-3.59334622840611	15.7130630218298
4868	5.4842791619212	-5.30389799172775
4869	6.52912929207117	15.7130630218298
4870	9.41640296883018	-5.30389799172775
4871	1.8833297538254	15.7130630218298
4872	2.72801818624204	-5.30389799172775
4873	2.06766699685338	15.7130630218298
4874	-0.873487412559177	15.7130630218298
4875	-2.48713331053373	15.7130630218298
4876	6.12039571806073	-5.30389799172775
4877	3.89217324849871	-5.30389799172775
4878	0.437893522890534	15.7130630218298
4879	2.91732636838642	-5.30389799172775
4880	6.45903992462169	-5.30389799172775
4881	-0.983639680156443	15.7130630218298
4882	1.35549236184546	-5.30389799172775
4883	2.71621453822414	15.7130630218298
4884	-1.94906625013054	15.7130630218298
4885	3.56726923576964	-5.30389799172775
4886	3.84800896785591	15.7130630218298
4887	3.73079781533223	-5.30389799172775
4888	4.54384424690582	15.7130630218298
4889	3.07197709478683	15.7130630218298
4890	5.11454114811392	15.7130630218298
4891	1.35550223140033	15.7130630218298
4892	9.41913541980507	15.7130630218298
4893	3.04965937796903	-5.30389799172775
4894	6.49725403412085	-5.30389799172775
4895	5.97422921167153	-5.30389799172775
4896	4.29910421735747	-5.30389799172775
4897	-2.48117093495082	15.7130630218298
4898	-0.855475425622786	15.7130630218298
4899	1.02982585245596	-5.30389799172775
4900	-0.550405438180211	-5.30389799172775
4901	-0.378911573341857	-5.30389799172775
4902	0.860069221105435	15.7130630218298
4903	0.0782511233260432	15.7130630218298
4904	9.05461057364169	-5.30389799172775
4905	-0.667633028420721	-5.30389799172775
4906	6.49555919214203	15.7130630218298
4907	6.37854978133696	15.7130630218298
4908	1.83758599419501	15.7130630218298
4909	7.24258033035268	-5.30389799172775
4910	3.71548639175473	-5.30389799172775
4911	6.89111419736346	-5.30389799172775
4912	1.01091020763872	-5.30389799172775
4913	3.60354287504806	15.7130630218298
4914	-1.13234192349842	15.7130630218298
4915	4.04042233026464	15.7130630218298
4916	7.74974825111187	15.7130630218298
4917	1.03288850154374	-5.30389799172775
4918	5.11043242136999	15.7130630218298
4919	1.09225002588568	15.7130630218298
4920	0.351957938008793	-5.30389799172775
4921	7.69667328978609	-5.30389799172775
4922	2.68677664636076	-5.30389799172775
4923	-0.420341071145105	15.7130630218298
4924	3.47992365154558	15.7130630218298
4925	2.13723221294091	-5.30389799172775
4926	1.50185514701769	15.7130630218298
4927	-0.14263730175095	-5.30389799172775
4928	3.0038066445694	15.7130630218298
4929	1.28722956868309	15.7130630218298
4930	-0.318752239915457	-5.30389799172775
4931	0.322131339588853	-5.30389799172775
4932	5.2616944108093	15.7130630218298
4933	8.82900430089372	15.7130630218298
4934	-2.30272827027497	-5.30389799172775
4935	7.22671133846696	-5.30389799172775
4936	-2.72650320743043	-5.30389799172775
4937	-0.46843181378382	-5.30389799172775
4938	-1.03217188205283	-5.30389799172775
4939	7.16723598287619	-5.30389799172775
4940	-0.111691247546562	-5.30389799172775
4941	-2.6259055099788	-5.30389799172775
4942	2.72434890377882	-5.30389799172775
4943	-0.875120443972189	15.7130630218298
4944	1.17835308185305	15.7130630218298
4945	-0.338855688886291	-5.30389799172775
4946	-1.42065506517047	15.7130630218298
4947	7.97386728885544	15.7130630218298
4948	2.22575254380213	-5.30389799172775
4949	3.04465045166932	15.7130630218298
4950	1.50293764620544	-5.30389799172775
4951	1.37353910564799	-5.30389799172775
4952	0.0804999982917752	-5.30389799172775
4953	0.419282683854408	15.7130630218298
4954	-1.77964448430797	15.7130630218298
4955	-2.97491361983617	-5.30389799172775
4956	1.51608146727065	15.7130630218298
4957	2.03166462183689	-5.30389799172775
4958	5.25153152901144	15.7130630218298
4959	-0.990726377760774	15.7130630218298
4960	6.71007762971618	15.7130630218298
4961	2.51754568958693	15.7130630218298
4962	5.14228240478092	-5.30389799172775
4963	2.22102915390564	15.7130630218298
4964	4.59494068903147	-5.30389799172775
4965	3.97686449291997	-5.30389799172775
4966	4.68391143616397	15.7130630218298
4967	6.33941544000246	15.7130630218298
4968	-1.87467214629883	15.7130630218298
4969	1.51311956696982	-5.30389799172775
4970	1.36435275540902	15.7130630218298
4971	5.22823915846488	-5.30389799172775
4972	4.38826261422772	-5.30389799172775
4973	5.47986906477806	-5.30389799172775
4974	0.270595138764477	15.7130630218298
4975	-0.153860075129734	15.7130630218298
4976	5.56012300122196	-5.30389799172775
4977	2.32505263054526	-5.30389799172775
4978	6.24277095251061	-5.30389799172775
4979	2.45398224816271	-5.30389799172775
4980	8.26490907575558	-5.30389799172775
4981	-0.930945882161437	15.7130630218298
4982	5.39932265096741	15.7130630218298
4983	5.81624554422744	-5.30389799172775
4984	-2.93409858024638	-5.30389799172775
4985	6.16025155235434	-5.30389799172775
4986	3.16011254647495	15.7130630218298
4987	5.32739330739337	-5.30389799172775
4988	0.282227101930624	-5.30389799172775
4989	6.22767820949219	-5.30389799172775
4990	-1.77049189360083	-5.30389799172775
4991	1.25986883578969	-5.30389799172775
4992	1.24833832538136	15.7130630218298
4993	4.27138506427479	15.7130630218298
4994	8.23388103279801	-5.30389799172775
4995	-0.724592211437589	15.7130630218298
4996	-1.80064293010617	-5.30389799172775
4997	8.34779430816257	15.7130630218298
4998	2.14232647054823	-5.30389799172775
4999	2.01688935116643	15.7130630218298
5000	2.11802353590613	-5.30389799172775
5001	0.72659511272592	-5.30389799172775
5002	0.955969342031826	-5.30389799172775
5003	-1.48018317295949	15.7130630218298
5004	9.18937119752268	15.7130630218298
5005	3.86278767333421	-5.30389799172775
5006	4.07277951095575	15.7130630218298
5007	8.09335750718966	15.7130630218298
5008	2.40746289272958	15.7130630218298
5009	1.75169841125618	15.7130630218298
5010	6.30234904471344	-5.30389799172775
5011	6.13579655870498	-5.30389799172775
5012	4.54584570886809	-5.30389799172775
5013	0.0167104651076917	15.7130630218298
5014	-3.94584964160729	-5.30389799172775
5015	4.87117994637236	15.7130630218298
5016	-0.0896766524990942	15.7130630218298
5017	1.67250081881448	15.7130630218298
5018	10.5986502421001	15.7130630218298
5019	2.16053848443678	-5.30389799172775
5020	3.95893327242985	15.7130630218298
5021	8.64082570944673	15.7130630218298
5022	4.54730201138831	-5.30389799172775
5023	0.977307494202632	15.7130630218298
5024	1.06882011005263	-5.30389799172775
5025	3.19035531022509	-5.30389799172775
5026	0.354662517959042	-5.30389799172775
5027	8.21281182966493	-5.30389799172775
5028	-2.44353143268069	-5.30389799172775
5029	3.96386746052535	15.7130630218298
5030	1.75346706331009	-5.30389799172775
5031	2.72891950447322	-5.30389799172775
5032	0.15130527464686	15.7130630218298
5033	0.776844952845669	15.7130630218298
5034	3.43692809074676	-5.30389799172775
5035	1.10411931682987	15.7130630218298
5036	0.19172838097893	15.7130630218298
5037	2.32819553563234	15.7130630218298
5038	5.41486842392824	-5.30389799172775
5039	4.00172788958346	15.7130630218298
5040	1.80975166297802	-5.30389799172775
5041	3.37918766093409	15.7130630218298
5042	0.271837861555728	15.7130630218298
5043	4.27576087797144	15.7130630218298
5044	1.21458901003792	15.7130630218298
5045	-1.34571426500243	15.7130630218298
5046	1.5991827235065	15.7130630218298
5047	8.90883706034136	-5.30389799172775
5048	1.55573076680744	-5.30389799172775
5049	1.71821580999688	15.7130630218298
5050	3.09945175602001	15.7130630218298
5051	0.814243488014961	-5.30389799172775
5052	3.47294951502317	15.7130630218298
5053	0.820190235673438	-5.30389799172775
5054	0.0858972810183634	-5.30389799172775
5055	9.50144070357534	-5.30389799172775
5056	9.73618464349955	-5.30389799172775
5057	0.480776128002462	-5.30389799172775
5058	-2.07576876510189	15.7130630218298
5059	2.08428246714859	15.7130630218298
5060	0.0423928969344883	-5.30389799172775
5061	10.9400305590002	15.7130630218298
5062	1.45510443302963	-5.30389799172775
5063	1.43980085650073	-5.30389799172775
5064	1.06729994622673	-5.30389799172775
5065	-0.667118095738368	15.7130630218298
5066	2.48559622194781	-5.30389799172775
5067	-3.59334622840611	-5.30389799172775
5068	5.4842791619212	15.7130630218298
5069	6.52912929207117	-5.30389799172775
5070	9.41640296883018	15.7130630218298
5071	1.8833297538254	-5.30389799172775
5072	2.72801818624204	15.7130630218298
5073	2.06766699685338	-5.30389799172775
5074	-0.873487412559177	-5.30389799172775
5075	-2.48713331053373	-5.30389799172775
5076	6.12039571806073	15.7130630218298
5077	3.89217324849871	15.7130630218298
5078	0.437893522890534	-5.30389799172775
5079	2.91732636838642	15.7130630218298
5080	6.45903992462169	15.7130630218298
5081	-0.983639680156443	-5.30389799172775
5082	1.35549236184546	15.7130630218298
5083	2.71621453822414	-5.30389799172775
5084	-1.94906625013054	-5.30389799172775
5085	3.56726923576964	15.7130630218298
5086	3.84800896785591	-5.30389799172775
5087	3.73079781533223	15.7130630218298
5088	4.54384424690582	-5.30389799172775
5089	3.07197709478683	-5.30389799172775
5090	5.11454114811392	-5.30389799172775
5091	1.35550223140033	-5.30389799172775
5092	9.41913541980507	-5.30389799172775
5093	3.04965937796903	15.7130630218298
5094	6.49725403412085	15.7130630218298
5095	5.97422921167153	15.7130630218298
5096	4.29910421735747	15.7130630218298
5097	-2.48117093495082	-5.30389799172775
5098	-0.855475425622786	-5.30389799172775
5099	1.02982585245596	15.7130630218298
5100	-0.550405438180211	15.7130630218298
5101	-0.378911573341857	15.7130630218298
5102	0.860069221105435	-5.30389799172775
5103	0.0782511233260432	-5.30389799172775
5104	9.05461057364169	15.7130630218298
5105	-0.667633028420721	15.7130630218298
5106	6.49555919214203	-5.30389799172775
5107	6.37854978133696	-5.30389799172775
5108	1.83758599419501	-5.30389799172775
5109	7.24258033035268	15.7130630218298
5110	3.71548639175473	15.7130630218298
5111	6.89111419736346	15.7130630218298
5112	1.01091020763872	15.7130630218298
5113	3.60354287504806	-5.30389799172775
5114	-1.13234192349842	-5.30389799172775
5115	4.04042233026464	-5.30389799172775
5116	7.74974825111187	-5.30389799172775
5117	1.03288850154374	15.7130630218298
5118	5.11043242136999	-5.30389799172775
5119	1.09225002588568	-5.30389799172775
5120	0.351957938008793	15.7130630218298
5121	7.69667328978609	15.7130630218298
5122	2.68677664636076	15.7130630218298
5123	-0.420341071145105	-5.30389799172775
5124	3.47992365154558	-5.30389799172775
5125	2.13723221294091	15.7130630218298
5126	1.50185514701769	-5.30389799172775
5127	-0.14263730175095	15.7130630218298
5128	3.0038066445694	-5.30389799172775
5129	1.28722956868309	-5.30389799172775
5130	-0.318752239915457	15.7130630218298
5131	0.322131339588853	15.7130630218298
5132	5.2616944108093	-5.30389799172775
5133	8.82900430089372	-5.30389799172775
5134	-2.30272827027497	15.7130630218298
5135	7.22671133846696	15.7130630218298
5136	-2.72650320743043	15.7130630218298
5137	-0.46843181378382	15.7130630218298
5138	-1.03217188205283	15.7130630218298
5139	7.16723598287619	15.7130630218298
5140	-0.111691247546562	15.7130630218298
5141	-2.6259055099788	15.7130630218298
5142	2.72434890377882	15.7130630218298
5143	-0.875120443972189	-5.30389799172775
5144	1.17835308185305	-5.30389799172775
5145	-0.338855688886291	15.7130630218298
5146	-1.42065506517047	-5.30389799172775
5147	7.97386728885544	-5.30389799172775
5148	2.22575254380213	15.7130630218298
5149	3.04465045166932	-5.30389799172775
5150	1.50293764620544	15.7130630218298
5151	1.37353910564799	15.7130630218298
5152	0.0804999982917752	15.7130630218298
5153	0.419282683854408	-5.30389799172775
5154	-1.77964448430797	-5.30389799172775
5155	-2.97491361983617	15.7130630218298
5156	1.51608146727065	-5.30389799172775
5157	2.03166462183689	15.7130630218298
5158	5.25153152901144	-5.30389799172775
5159	-0.990726377760774	-5.30389799172775
5160	6.71007762971618	-5.30389799172775
5161	2.51754568958693	-5.30389799172775
5162	5.14228240478092	15.7130630218298
5163	2.22102915390564	-5.30389799172775
5164	4.59494068903147	15.7130630218298
5165	3.97686449291997	15.7130630218298
5166	4.68391143616397	-5.30389799172775
5167	6.33941544000246	-5.30389799172775
5168	-1.87467214629883	-5.30389799172775
5169	1.51311956696982	15.7130630218298
5170	1.36435275540902	-5.30389799172775
5171	5.22823915846488	15.7130630218298
5172	4.38826261422772	15.7130630218298
5173	5.47986906477806	15.7130630218298
5174	0.270595138764477	-5.30389799172775
5175	-0.153860075129734	-5.30389799172775
5176	5.56012300122196	15.7130630218298
5177	2.32505263054526	15.7130630218298
5178	6.24277095251061	15.7130630218298
5179	2.45398224816271	15.7130630218298
5180	8.26490907575558	15.7130630218298
5181	-0.930945882161437	-5.30389799172775
5182	5.39932265096741	-5.30389799172775
5183	5.81624554422744	15.7130630218298
5184	-2.93409858024638	15.7130630218298
5185	6.16025155235434	15.7130630218298
5186	3.16011254647495	-5.30389799172775
5187	5.32739330739337	15.7130630218298
5188	0.282227101930624	15.7130630218298
5189	6.22767820949219	15.7130630218298
5190	-1.77049189360083	15.7130630218298
5191	1.25986883578969	15.7130630218298
5192	1.24833832538136	-5.30389799172775
5193	4.27138506427479	-5.30389799172775
5194	8.23388103279801	15.7130630218298
5195	-0.724592211437589	-5.30389799172775
5196	-1.80064293010617	15.7130630218298
5197	8.34779430816257	-5.30389799172775
5198	2.14232647054823	15.7130630218298
5199	2.01688935116643	-5.30389799172775
5200	2.11802353590613	15.7130630218298
5201	0.72659511272592	15.7130630218298
5202	0.955969342031826	15.7130630218298
5203	-1.48018317295949	-5.30389799172775
5204	9.18937119752268	-5.30389799172775
5205	3.86278767333421	15.7130630218298
5206	4.07277951095575	-5.30389799172775
5207	8.09335750718966	-5.30389799172775
5208	2.40746289272958	-5.30389799172775
5209	1.75169841125618	-5.30389799172775
5210	6.30234904471344	15.7130630218298
5211	6.13579655870498	15.7130630218298
5212	4.54584570886809	15.7130630218298
5213	0.0167104651076917	-5.30389799172775
5214	-3.94584964160729	15.7130630218298
5215	4.87117994637236	-5.30389799172775
5216	-0.0896766524990942	-5.30389799172775
5217	1.67250081881448	-5.30389799172775
5218	10.5986502421001	-5.30389799172775
5219	2.16053848443678	15.7130630218298
5220	3.95893327242985	-5.30389799172775
5221	8.64082570944673	-5.30389799172775
5222	4.54730201138831	15.7130630218298
5223	0.977307494202632	-5.30389799172775
5224	1.06882011005263	15.7130630218298
5225	3.19035531022509	15.7130630218298
5226	0.354662517959042	15.7130630218298
5227	8.21281182966493	15.7130630218298
5228	-2.44353143268069	15.7130630218298
5229	3.96386746052535	-5.30389799172775
5230	1.75346706331009	15.7130630218298
5231	2.72891950447322	15.7130630218298
5232	0.15130527464686	-5.30389799172775
5233	0.776844952845669	-5.30389799172775
5234	3.43692809074676	15.7130630218298
5235	1.10411931682987	-5.30389799172775
5236	0.19172838097893	-5.30389799172775
5237	2.32819553563234	-5.30389799172775
5238	5.41486842392824	15.7130630218298
5239	4.00172788958346	-5.30389799172775
5240	1.80975166297802	15.7130630218298
5241	3.37918766093409	-5.30389799172775
5242	0.271837861555728	-5.30389799172775
5243	4.27576087797144	-5.30389799172775
5244	1.21458901003792	-5.30389799172775
5245	-1.34571426500243	-5.30389799172775
5246	1.5991827235065	-5.30389799172775
5247	8.90883706034136	15.7130630218298
5248	1.55573076680744	15.7130630218298
5249	1.71821580999688	-5.30389799172775
5250	3.09945175602001	-5.30389799172775
5251	0.814243488014961	15.7130630218298
5252	3.47294951502317	-5.30389799172775
5253	0.820190235673438	15.7130630218298
5254	0.0858972810183634	15.7130630218298
5255	9.50144070357534	15.7130630218298
5256	9.73618464349955	15.7130630218298
5257	0.480776128002462	15.7130630218298
5258	-2.07576876510189	-5.30389799172775
5259	2.08428246714859	-5.30389799172775
5260	0.0423928969344883	15.7130630218298
5261	10.9400305590002	-5.30389799172775
5262	1.45510443302963	15.7130630218298
5263	1.43980085650073	15.7130630218298
5264	1.06729994622673	15.7130630218298
5265	-0.667118095738368	-5.30389799172775
5266	2.48559622194781	15.7130630218298
5267	-3.59334622840611	15.7130630218298
5268	5.4842791619212	-5.30389799172775
5269	6.52912929207117	15.7130630218298
5270	9.41640296883018	-5.30389799172775
5271	1.8833297538254	15.7130630218298
5272	2.72801818624204	-5.30389799172775
5273	2.06766699685338	15.7130630218298
5274	-0.873487412559177	15.7130630218298
5275	-2.48713331053373	15.7130630218298
5276	6.12039571806073	-5.30389799172775
5277	3.89217324849871	-5.30389799172775
5278	0.437893522890534	15.7130630218298
5279	2.91732636838642	-5.30389799172775
5280	6.45903992462169	-5.30389799172775
5281	-0.983639680156443	15.7130630218298
5282	1.35549236184546	-5.30389799172775
5283	2.71621453822414	15.7130630218298
5284	-1.94906625013054	15.7130630218298
5285	3.56726923576964	-5.30389799172775
5286	3.84800896785591	15.7130630218298
5287	3.73079781533223	-5.30389799172775
5288	4.54384424690582	15.7130630218298
5289	3.07197709478683	15.7130630218298
5290	5.11454114811392	15.7130630218298
5291	1.35550223140033	15.7130630218298
5292	9.41913541980507	15.7130630218298
5293	3.04965937796903	-5.30389799172775
5294	6.49725403412085	-5.30389799172775
5295	5.97422921167153	-5.30389799172775
5296	4.29910421735747	-5.30389799172775
5297	-2.48117093495082	15.7130630218298
5298	-0.855475425622786	15.7130630218298
5299	1.02982585245596	-5.30389799172775
5300	-0.550405438180211	-5.30389799172775
5301	-0.378911573341857	-5.30389799172775
5302	0.860069221105435	15.7130630218298
5303	0.0782511233260432	15.7130630218298
5304	9.05461057364169	-5.30389799172775
5305	-0.667633028420721	-5.30389799172775
5306	6.49555919214203	15.7130630218298
5307	6.37854978133696	15.7130630218298
5308	1.83758599419501	15.7130630218298
5309	7.24258033035268	-5.30389799172775
5310	3.71548639175473	-5.30389799172775
5311	6.89111419736346	-5.30389799172775
5312	1.01091020763872	-5.30389799172775
5313	3.60354287504806	15.7130630218298
5314	-1.13234192349842	15.7130630218298
5315	4.04042233026464	15.7130630218298
5316	7.74974825111187	15.7130630218298
5317	1.03288850154374	-5.30389799172775
5318	5.11043242136999	15.7130630218298
5319	1.09225002588568	15.7130630218298
5320	0.351957938008793	-5.30389799172775
5321	7.69667328978609	-5.30389799172775
5322	2.68677664636076	-5.30389799172775
5323	-0.420341071145105	15.7130630218298
5324	3.47992365154558	15.7130630218298
5325	2.13723221294091	-5.30389799172775
5326	1.50185514701769	15.7130630218298
5327	-0.14263730175095	-5.30389799172775
5328	3.0038066445694	15.7130630218298
5329	1.28722956868309	15.7130630218298
5330	-0.318752239915457	-5.30389799172775
5331	0.322131339588853	-5.30389799172775
5332	5.2616944108093	15.7130630218298
5333	8.82900430089372	15.7130630218298
5334	-2.30272827027497	-5.30389799172775
5335	7.22671133846696	-5.30389799172775
5336	-2.72650320743043	-5.30389799172775
5337	-0.46843181378382	-5.30389799172775
5338	-1.03217188205283	-5.30389799172775
5339	7.16723598287619	-5.30389799172775
5340	-0.111691247546562	-5.30389799172775
5341	-2.6259055099788	-5.30389799172775
5342	2.72434890377882	-5.30389799172775
5343	-0.875120443972189	15.7130630218298
5344	1.17835308185305	15.7130630218298
5345	-0.338855688886291	-5.30389799172775
5346	-1.42065506517047	15.7130630218298
5347	7.97386728885544	15.7130630218298
5348	2.22575254380213	-5.30389799172775
5349	3.04465045166932	15.7130630218298
5350	1.50293764620544	-5.30389799172775
5351	1.37353910564799	-5.30389799172775
5352	0.0804999982917752	-5.30389799172775
5353	0.419282683854408	15.7130630218298
5354	-1.77964448430797	15.7130630218298
5355	-2.97491361983617	-5.30389799172775
5356	1.51608146727065	15.7130630218298
5357	2.03166462183689	-5.30389799172775
5358	5.25153152901144	15.7130630218298
5359	-0.990726377760774	15.7130630218298
5360	6.71007762971618	15.7130630218298
5361	2.51754568958693	15.7130630218298
5362	5.14228240478092	-5.30389799172775
5363	2.22102915390564	15.7130630218298
5364	4.59494068903147	-5.30389799172775
5365	3.97686449291997	-5.30389799172775
5366	4.68391143616397	15.7130630218298
5367	6.33941544000246	15.7130630218298
5368	-1.87467214629883	15.7130630218298
5369	1.51311956696982	-5.30389799172775
5370	1.36435275540902	15.7130630218298
5371	5.22823915846488	-5.30389799172775
5372	4.38826261422772	-5.30389799172775
5373	5.47986906477806	-5.30389799172775
5374	0.270595138764477	15.7130630218298
5375	-0.153860075129734	15.7130630218298
5376	5.56012300122196	-5.30389799172775
5377	2.32505263054526	-5.30389799172775
5378	6.24277095251061	-5.30389799172775
5379	2.45398224816271	-5.30389799172775
5380	8.26490907575558	-5.30389799172775
5381	-0.930945882161437	15.7130630218298
5382	5.39932265096741	15.7130630218298
5383	5.81624554422744	-5.30389799172775
5384	-2.93409858024638	-5.30389799172775
5385	6.16025155235434	-5.30389799172775
5386	3.16011254647495	15.7130630218298
5387	5.32739330739337	-5.30389799172775
5388	0.282227101930624	-5.30389799172775
5389	6.22767820949219	-5.30389799172775
5390	-1.77049189360083	-5.30389799172775
5391	1.25986883578969	-5.30389799172775
5392	1.24833832538136	15.7130630218298
5393	4.27138506427479	15.7130630218298
5394	8.23388103279801	-5.30389799172775
5395	-0.724592211437589	15.7130630218298
5396	-1.80064293010617	-5.30389799172775
5397	8.34779430816257	15.7130630218298
5398	2.14232647054823	-5.30389799172775
5399	2.01688935116643	15.7130630218298
5400	2.11802353590613	-5.30389799172775
5401	0.72659511272592	-5.30389799172775
5402	0.955969342031826	-5.30389799172775
5403	-1.48018317295949	15.7130630218298
5404	9.18937119752268	15.7130630218298
5405	3.86278767333421	-5.30389799172775
5406	4.07277951095575	15.7130630218298
5407	8.09335750718966	15.7130630218298
5408	2.40746289272958	15.7130630218298
5409	1.75169841125618	15.7130630218298
5410	6.30234904471344	-5.30389799172775
5411	6.13579655870498	-5.30389799172775
5412	4.54584570886809	-5.30389799172775
5413	0.0167104651076917	15.7130630218298
5414	-3.94584964160729	-5.30389799172775
5415	4.87117994637236	15.7130630218298
5416	-0.0896766524990942	15.7130630218298
5417	1.67250081881448	15.7130630218298
5418	10.5986502421001	15.7130630218298
5419	2.16053848443678	-5.30389799172775
5420	3.95893327242985	15.7130630218298
5421	8.64082570944673	15.7130630218298
5422	4.54730201138831	-5.30389799172775
5423	0.977307494202632	15.7130630218298
5424	1.06882011005263	-5.30389799172775
5425	3.19035531022509	-5.30389799172775
5426	0.354662517959042	-5.30389799172775
5427	8.21281182966493	-5.30389799172775
5428	-2.44353143268069	-5.30389799172775
5429	3.96386746052535	15.7130630218298
5430	1.75346706331009	-5.30389799172775
5431	2.72891950447322	-5.30389799172775
5432	0.15130527464686	15.7130630218298
5433	0.776844952845669	15.7130630218298
5434	3.43692809074676	-5.30389799172775
5435	1.10411931682987	15.7130630218298
5436	0.19172838097893	15.7130630218298
5437	2.32819553563234	15.7130630218298
5438	5.41486842392824	-5.30389799172775
5439	4.00172788958346	15.7130630218298
5440	1.80975166297802	-5.30389799172775
5441	3.37918766093409	15.7130630218298
5442	0.271837861555728	15.7130630218298
5443	4.27576087797144	15.7130630218298
5444	1.21458901003792	15.7130630218298
5445	-1.34571426500243	15.7130630218298
5446	1.5991827235065	15.7130630218298
5447	8.90883706034136	-5.30389799172775
5448	1.55573076680744	-5.30389799172775
5449	1.71821580999688	15.7130630218298
5450	3.09945175602001	15.7130630218298
5451	0.814243488014961	-5.30389799172775
5452	3.47294951502317	15.7130630218298
5453	0.820190235673438	-5.30389799172775
5454	0.0858972810183634	-5.30389799172775
5455	9.50144070357534	-5.30389799172775
5456	9.73618464349955	-5.30389799172775
5457	0.480776128002462	-5.30389799172775
5458	-2.07576876510189	15.7130630218298
5459	2.08428246714859	15.7130630218298
5460	0.0423928969344883	-5.30389799172775
5461	10.9400305590002	15.7130630218298
5462	1.45510443302963	-5.30389799172775
5463	1.43980085650073	-5.30389799172775
5464	1.06729994622673	-5.30389799172775
5465	-0.667118095738368	15.7130630218298
5466	2.48559622194781	-5.30389799172775
5467	-3.59334622840611	-5.30389799172775
5468	5.4842791619212	15.7130630218298
5469	6.52912929207117	-5.30389799172775
5470	9.41640296883018	15.7130630218298
5471	1.8833297538254	-5.30389799172775
5472	2.72801818624204	15.7130630218298
5473	2.06766699685338	-5.30389799172775
5474	-0.873487412559177	-5.30389799172775
5475	-2.48713331053373	-5.30389799172775
5476	6.12039571806073	15.7130630218298
5477	3.89217324849871	15.7130630218298
5478	0.437893522890534	-5.30389799172775
5479	2.91732636838642	15.7130630218298
5480	6.45903992462169	15.7130630218298
5481	-0.983639680156443	-5.30389799172775
5482	1.35549236184546	15.7130630218298
5483	2.71621453822414	-5.30389799172775
5484	-1.94906625013054	-5.30389799172775
5485	3.56726923576964	15.7130630218298
5486	3.84800896785591	-5.30389799172775
5487	3.73079781533223	15.7130630218298
5488	4.54384424690582	-5.30389799172775
5489	3.07197709478683	-5.30389799172775
5490	5.11454114811392	-5.30389799172775
5491	1.35550223140033	-5.30389799172775
5492	9.41913541980507	-5.30389799172775
5493	3.04965937796903	15.7130630218298
5494	6.49725403412085	15.7130630218298
5495	5.97422921167153	15.7130630218298
5496	4.29910421735747	15.7130630218298
5497	-2.48117093495082	-5.30389799172775
5498	-0.855475425622786	-5.30389799172775
5499	1.02982585245596	15.7130630218298
5500	-0.550405438180211	15.7130630218298
5501	-0.378911573341857	15.7130630218298
5502	0.860069221105435	-5.30389799172775
5503	0.0782511233260432	-5.30389799172775
5504	9.05461057364169	15.7130630218298
5505	-0.667633028420721	15.7130630218298
5506	6.49555919214203	-5.30389799172775
5507	6.37854978133696	-5.30389799172775
5508	1.83758599419501	-5.30389799172775
5509	7.24258033035268	15.7130630218298
5510	3.71548639175473	15.7130630218298
5511	6.89111419736346	15.7130630218298
5512	1.01091020763872	15.7130630218298
5513	3.60354287504806	-5.30389799172775
5514	-1.13234192349842	-5.30389799172775
5515	4.04042233026464	-5.30389799172775
5516	7.74974825111187	-5.30389799172775
5517	1.03288850154374	15.7130630218298
5518	5.11043242136999	-5.30389799172775
5519	1.09225002588568	-5.30389799172775
5520	0.351957938008793	15.7130630218298
5521	7.69667328978609	15.7130630218298
5522	2.68677664636076	15.7130630218298
5523	-0.420341071145105	-5.30389799172775
5524	3.47992365154558	-5.30389799172775
5525	2.13723221294091	15.7130630218298
5526	1.50185514701769	-5.30389799172775
5527	-0.14263730175095	15.7130630218298
5528	3.0038066445694	-5.30389799172775
5529	1.28722956868309	-5.30389799172775
5530	-0.318752239915457	15.7130630218298
5531	0.322131339588853	15.7130630218298
5532	5.2616944108093	-5.30389799172775
5533	8.82900430089372	-5.30389799172775
5534	-2.30272827027497	15.7130630218298
5535	7.22671133846696	15.7130630218298
5536	-2.72650320743043	15.7130630218298
5537	-0.46843181378382	15.7130630218298
5538	-1.03217188205283	15.7130630218298
5539	7.16723598287619	15.7130630218298
5540	-0.111691247546562	15.7130630218298
5541	-2.6259055099788	15.7130630218298
5542	2.72434890377882	15.7130630218298
5543	-0.875120443972189	-5.30389799172775
5544	1.17835308185305	-5.30389799172775
5545	-0.338855688886291	15.7130630218298
5546	-1.42065506517047	-5.30389799172775
5547	7.97386728885544	-5.30389799172775
5548	2.22575254380213	15.7130630218298
5549	3.04465045166932	-5.30389799172775
5550	1.50293764620544	15.7130630218298
5551	1.37353910564799	15.7130630218298
5552	0.0804999982917752	15.7130630218298
5553	0.419282683854408	-5.30389799172775
5554	-1.77964448430797	-5.30389799172775
5555	-2.97491361983617	15.7130630218298
5556	1.51608146727065	-5.30389799172775
5557	2.03166462183689	15.7130630218298
5558	5.25153152901144	-5.30389799172775
5559	-0.990726377760774	-5.30389799172775
5560	6.71007762971618	-5.30389799172775
5561	2.51754568958693	-5.30389799172775
5562	5.14228240478092	15.7130630218298
5563	2.22102915390564	-5.30389799172775
5564	4.59494068903147	15.7130630218298
5565	3.97686449291997	15.7130630218298
5566	4.68391143616397	-5.30389799172775
5567	6.33941544000246	-5.30389799172775
5568	-1.87467214629883	-5.30389799172775
5569	1.51311956696982	15.7130630218298
5570	1.36435275540902	-5.30389799172775
5571	5.22823915846488	15.7130630218298
5572	4.38826261422772	15.7130630218298
5573	5.47986906477806	15.7130630218298
5574	0.270595138764477	-5.30389799172775
5575	-0.153860075129734	-5.30389799172775
5576	5.56012300122196	15.7130630218298
5577	2.32505263054526	15.7130630218298
5578	6.24277095251061	15.7130630218298
5579	2.45398224816271	15.7130630218298
5580	8.26490907575558	15.7130630218298
5581	-0.930945882161437	-5.30389799172775
5582	5.39932265096741	-5.30389799172775
5583	5.81624554422744	15.7130630218298
5584	-2.93409858024638	15.7130630218298
5585	6.16025155235434	15.7130630218298
5586	3.16011254647495	-5.30389799172775
5587	5.32739330739337	15.7130630218298
5588	0.282227101930624	15.7130630218298
5589	6.22767820949219	15.7130630218298
5590	-1.77049189360083	15.7130630218298
5591	1.25986883578969	15.7130630218298
5592	1.24833832538136	-5.30389799172775
5593	4.27138506427479	-5.30389799172775
5594	8.23388103279801	15.7130630218298
5595	-0.724592211437589	-5.30389799172775
5596	-1.80064293010617	15.7130630218298
5597	8.34779430816257	-5.30389799172775
5598	2.14232647054823	15.7130630218298
5599	2.01688935116643	-5.30389799172775
5600	2.11802353590613	15.7130630218298
5601	0.72659511272592	15.7130630218298
5602	0.955969342031826	15.7130630218298
5603	-1.48018317295949	-5.30389799172775
5604	9.18937119752268	-5.30389799172775
5605	3.86278767333421	15.7130630218298
5606	4.07277951095575	-5.30389799172775
5607	8.09335750718966	-5.30389799172775
5608	2.40746289272958	-5.30389799172775
5609	1.75169841125618	-5.30389799172775
5610	6.30234904471344	15.7130630218298
5611	6.13579655870498	15.7130630218298
5612	4.54584570886809	15.7130630218298
5613	0.0167104651076917	-5.30389799172775
5614	-3.94584964160729	15.7130630218298
5615	4.87117994637236	-5.30389799172775
5616	-0.0896766524990942	-5.30389799172775
5617	1.67250081881448	-5.30389799172775
5618	10.5986502421001	-5.30389799172775
5619	2.16053848443678	15.7130630218298
5620	3.95893327242985	-5.30389799172775
5621	8.64082570944673	-5.30389799172775
5622	4.54730201138831	15.7130630218298
5623	0.977307494202632	-5.30389799172775
5624	1.06882011005263	15.7130630218298
5625	3.19035531022509	15.7130630218298
5626	0.354662517959042	15.7130630218298
5627	8.21281182966493	15.7130630218298
5628	-2.44353143268069	15.7130630218298
5629	3.96386746052535	-5.30389799172775
5630	1.75346706331009	15.7130630218298
5631	2.72891950447322	15.7130630218298
5632	0.15130527464686	-5.30389799172775
5633	0.776844952845669	-5.30389799172775
5634	3.43692809074676	15.7130630218298
5635	1.10411931682987	-5.30389799172775
5636	0.19172838097893	-5.30389799172775
5637	2.32819553563234	-5.30389799172775
5638	5.41486842392824	15.7130630218298
5639	4.00172788958346	-5.30389799172775
5640	1.80975166297802	15.7130630218298
5641	3.37918766093409	-5.30389799172775
5642	0.271837861555728	-5.30389799172775
5643	4.27576087797144	-5.30389799172775
5644	1.21458901003792	-5.30389799172775
5645	-1.34571426500243	-5.30389799172775
5646	1.5991827235065	-5.30389799172775
5647	8.90883706034136	15.7130630218298
5648	1.55573076680744	15.7130630218298
5649	1.71821580999688	-5.30389799172775
5650	3.09945175602001	-5.30389799172775
5651	0.814243488014961	15.7130630218298
5652	3.47294951502317	-5.30389799172775
5653	0.820190235673438	15.7130630218298
5654	0.0858972810183634	15.7130630218298
5655	9.50144070357534	15.7130630218298
5656	9.73618464349955	15.7130630218298
5657	0.480776128002462	15.7130630218298
5658	-2.07576876510189	-5.30389799172775
5659	2.08428246714859	-5.30389799172775
5660	0.0423928969344883	15.7130630218298
5661	10.9400305590002	-5.30389799172775
5662	1.45510443302963	15.7130630218298
5663	1.43980085650073	15.7130630218298
5664	1.06729994622673	15.7130630218298
5665	-0.667118095738368	-5.30389799172775
5666	2.48559622194781	15.7130630218298
5667	-3.59334622840611	15.7130630218298
5668	5.4842791619212	-5.30389799172775
5669	6.52912929207117	15.7130630218298
5670	9.41640296883018	-5.30389799172775
5671	1.8833297538254	15.7130630218298
5672	2.72801818624204	-5.30389799172775
5673	2.06766699685338	15.7130630218298
5674	-0.873487412559177	15.7130630218298
5675	-2.48713331053373	15.7130630218298
5676	6.12039571806073	-5.30389799172775
5677	3.89217324849871	-5.30389799172775
5678	0.437893522890534	15.7130630218298
5679	2.91732636838642	-5.30389799172775
5680	6.45903992462169	-5.30389799172775
5681	-0.983639680156443	15.7130630218298
5682	1.35549236184546	-5.30389799172775
5683	2.71621453822414	15.7130630218298
5684	-1.94906625013054	15.7130630218298
5685	3.56726923576964	-5.30389799172775
5686	3.84800896785591	15.7130630218298
5687	3.73079781533223	-5.30389799172775
5688	4.54384424690582	15.7130630218298
5689	3.07197709478683	15.7130630218298
5690	5.11454114811392	15.7130630218298
5691	1.35550223140033	15.7130630218298
5692	9.41913541980507	15.7130630218298
5693	3.04965937796903	-5.30389799172775
5694	6.49725403412085	-5.30389799172775
5695	5.97422921167153	-5.30389799172775
5696	4.29910421735747	-5.30389799172775
5697	-2.48117093495082	15.7130630218298
5698	-0.855475425622786	15.7130630218298
5699	1.02982585245596	-5.30389799172775
5700	-0.550405438180211	-5.30389799172775
5701	-0.378911573341857	-5.30389799172775
5702	0.860069221105435	15.7130630218298
5703	0.0782511233260432	15.7130630218298
5704	9.05461057364169	-5.30389799172775
5705	-0.667633028420721	-5.30389799172775
5706	6.49555919214203	15.7130630218298
5707	6.37854978133696	15.7130630218298
5708	1.83758599419501	15.7130630218298
5709	7.24258033035268	-5.30389799172775
5710	3.71548639175473	-5.30389799172775
5711	6.89111419736346	-5.30389799172775
5712	1.01091020763872	-5.30389799172775
5713	3.60354287504806	15.7130630218298
5714	-1.13234192349842	15.7130630218298
5715	4.04042233026464	15.7130630218298
5716	7.74974825111187	15.7130630218298
5717	1.03288850154374	-5.30389799172775
5718	5.11043242136999	15.7130630218298
5719	1.09225002588568	15.7130630218298
5720	0.351957938008793	-5.30389799172775
5721	7.69667328978609	-5.30389799172775
5722	2.68677664636076	-5.30389799172775
5723	-0.420341071145105	15.7130630218298
5724	3.47992365154558	15.7130630218298
5725	2.13723221294091	-5.30389799172775
5726	1.50185514701769	15.7130630218298
5727	-0.14263730175095	-5.30389799172775
5728	3.0038066445694	15.7130630218298
5729	1.28722956868309	15.7130630218298
5730	-0.318752239915457	-5.30389799172775
5731	0.322131339588853	-5.30389799172775
5732	5.2616944108093	15.7130630218298
5733	8.82900430089372	15.7130630218298
5734	-2.30272827027497	-5.30389799172775
5735	7.22671133846696	-5.30389799172775
5736	-2.72650320743043	-5.30389799172775
5737	-0.46843181378382	-5.30389799172775
5738	-1.03217188205283	-5.30389799172775
5739	7.16723598287619	-5.30389799172775
5740	-0.111691247546562	-5.30389799172775
5741	-2.6259055099788	-5.30389799172775
5742	2.72434890377882	-5.30389799172775
5743	-0.875120443972189	15.7130630218298
5744	1.17835308185305	15.7130630218298
5745	-0.338855688886291	-5.30389799172775
5746	-1.42065506517047	15.7130630218298
5747	7.97386728885544	15.7130630218298
5748	2.22575254380213	-5.30389799172775
5749	3.04465045166932	15.7130630218298
5750	1.50293764620544	-5.30389799172775
5751	1.37353910564799	-5.30389799172775
5752	0.0804999982917752	-5.30389799172775
5753	0.419282683854408	15.7130630218298
5754	-1.77964448430797	15.7130630218298
5755	-2.97491361983617	-5.30389799172775
5756	1.51608146727065	15.7130630218298
5757	2.03166462183689	-5.30389799172775
5758	5.25153152901144	15.7130630218298
5759	-0.990726377760774	15.7130630218298
5760	6.71007762971618	15.7130630218298
5761	2.51754568958693	15.7130630218298
5762	5.14228240478092	-5.30389799172775
5763	2.22102915390564	15.7130630218298
5764	4.59494068903147	-5.30389799172775
5765	3.97686449291997	-5.30389799172775
5766	4.68391143616397	15.7130630218298
5767	6.33941544000246	15.7130630218298
5768	-1.87467214629883	15.7130630218298
5769	1.51311956696982	-5.30389799172775
5770	1.36435275540902	15.7130630218298
5771	5.22823915846488	-5.30389799172775
5772	4.38826261422772	-5.30389799172775
5773	5.47986906477806	-5.30389799172775
5774	0.270595138764477	15.7130630218298
5775	-0.153860075129734	15.7130630218298
5776	5.56012300122196	-5.30389799172775
5777	2.32505263054526	-5.30389799172775
5778	6.24277095251061	-5.30389799172775
5779	2.45398224816271	-5.30389799172775
5780	8.26490907575558	-5.30389799172775
5781	-0.930945882161437	15.7130630218298
5782	5.39932265096741	15.7130630218298
5783	5.81624554422744	-5.30389799172775
5784	-2.93409858024638	-5.30389799172775
5785	6.16025155235434	-5.30389799172775
5786	3.16011254647495	15.7130630218298
5787	5.32739330739337	-5.30389799172775
5788	0.282227101930624	-5.30389799172775
5789	6.22767820949219	-5.30389799172775
5790	-1.77049189360083	-5.30389799172775
5791	1.25986883578969	-5.30389799172775
5792	1.24833832538136	15.7130630218298
5793	4.27138506427479	15.7130630218298
5794	8.23388103279801	-5.30389799172775
5795	-0.724592211437589	15.7130630218298
5796	-1.80064293010617	-5.30389799172775
5797	8.34779430816257	15.7130630218298
5798	2.14232647054823	-5.30389799172775
5799	2.01688935116643	15.7130630218298
5800	2.11802353590613	-5.30389799172775
5801	0.72659511272592	-5.30389799172775
5802	0.955969342031826	-5.30389799172775
5803	-1.48018317295949	15.7130630218298
5804	9.18937119752268	15.7130630218298
5805	3.86278767333421	-5.30389799172775
5806	4.07277951095575	15.7130630218298
5807	8.09335750718966	15.7130630218298
5808	2.40746289272958	15.7130630218298
5809	1.75169841125618	15.7130630218298
5810	6.30234904471344	-5.30389799172775
5811	6.13579655870498	-5.30389799172775
5812	4.54584570886809	-5.30389799172775
5813	0.0167104651076917	15.7130630218298
5814	-3.94584964160729	-5.30389799172775
5815	4.87117994637236	15.7130630218298
5816	-0.0896766524990942	15.7130630218298
5817	1.67250081881448	15.7130630218298
5818	10.5986502421001	15.7130630218298
5819	2.16053848443678	-5.30389799172775
5820	3.95893327242985	15.7130630218298
5821	8.64082570944673	15.7130630218298
5822	4.54730201138831	-5.30389799172775
5823	0.977307494202632	15.7130630218298
5824	1.06882011005263	-5.30389799172775
5825	3.19035531022509	-5.30389799172775
5826	0.354662517959042	-5.30389799172775
5827	8.21281182966493	-5.30389799172775
5828	-2.44353143268069	-5.30389799172775
5829	3.96386746052535	15.7130630218298
5830	1.75346706331009	-5.30389799172775
5831	2.72891950447322	-5.30389799172775
5832	0.15130527464686	15.7130630218298
5833	0.776844952845669	15.7130630218298
5834	3.43692809074676	-5.30389799172775
5835	1.10411931682987	15.7130630218298
5836	0.19172838097893	15.7130630218298
5837	2.32819553563234	15.7130630218298
5838	5.41486842392824	-5.30389799172775
5839	4.00172788958346	15.7130630218298
5840	1.80975166297802	-5.30389799172775
5841	3.37918766093409	15.7130630218298
5842	0.271837861555728	15.7130630218298
5843	4.27576087797144	15.7130630218298
5844	1.21458901003792	15.7130630218298
5845	-1.34571426500243	15.7130630218298
5846	1.5991827235065	15.7130630218298
5847	8.90883706034136	-5.30389799172775
5848	1.55573076680744	-5.30389799172775
5849	1.71821580999688	15.7130630218298
5850	3.09945175602001	15.7130630218298
5851	0.814243488014961	-5.30389799172775
5852	3.47294951502317	15.7130630218298
5853	0.820190235673438	-5.30389799172775
5854	0.0858972810183634	-5.30389799172775
5855	9.50144070357534	-5.30389799172775
5856	9.73618464349955	-5.30389799172775
5857	0.480776128002462	-5.30389799172775
5858	-2.07576876510189	15.7130630218298
5859	2.08428246714859	15.7130630218298
5860	0.0423928969344883	-5.30389799172775
5861	10.9400305590002	15.7130630218298
5862	1.45510443302963	-5.30389799172775
5863	1.43980085650073	-5.30389799172775
5864	1.06729994622673	-5.30389799172775
5865	-0.667118095738368	15.7130630218298
5866	2.48559622194781	-5.30389799172775
5867	-3.59334622840611	-5.30389799172775
5868	5.4842791619212	15.7130630218298
5869	6.52912929207117	-5.30389799172775
5870	9.41640296883018	15.7130630218298
5871	1.8833297538254	-5.30389799172775
5872	2.72801818624204	15.7130630218298
5873	2.06766699685338	-5.30389799172775
5874	-0.873487412559177	-5.30389799172775
5875	-2.48713331053373	-5.30389799172775
5876	6.12039571806073	15.7130630218298
5877	3.89217324849871	15.7130630218298
5878	0.437893522890534	-5.30389799172775
5879	2.91732636838642	15.7130630218298
5880	6.45903992462169	15.7130630218298
5881	-0.983639680156443	-5.30389799172775
5882	1.35549236184546	15.7130630218298
5883	2.71621453822414	-5.30389799172775
5884	-1.94906625013054	-5.30389799172775
5885	3.56726923576964	15.7130630218298
5886	3.84800896785591	-5.30389799172775
5887	3.73079781533223	15.7130630218298
5888	4.54384424690582	-5.30389799172775
5889	3.07197709478683	-5.30389799172775
5890	5.11454114811392	-5.30389799172775
5891	1.35550223140033	-5.30389799172775
5892	9.41913541980507	-5.30389799172775
5893	3.04965937796903	15.7130630218298
5894	6.49725403412085	15.7130630218298
5895	5.97422921167153	15.7130630218298
5896	4.29910421735747	15.7130630218298
5897	-2.48117093495082	-5.30389799172775
5898	-0.855475425622786	-5.30389799172775
5899	1.02982585245596	15.7130630218298
5900	-0.550405438180211	15.7130630218298
5901	-0.378911573341857	15.7130630218298
5902	0.860069221105435	-5.30389799172775
5903	0.0782511233260432	-5.30389799172775
5904	9.05461057364169	15.7130630218298
5905	-0.667633028420721	15.7130630218298
5906	6.49555919214203	-5.30389799172775
5907	6.37854978133696	-5.30389799172775
5908	1.83758599419501	-5.30389799172775
5909	7.24258033035268	15.7130630218298
5910	3.71548639175473	15.7130630218298
5911	6.89111419736346	15.7130630218298
5912	1.01091020763872	15.7130630218298
5913	3.60354287504806	-5.30389799172775
5914	-1.13234192349842	-5.30389799172775
5915	4.04042233026464	-5.30389799172775
5916	7.74974825111187	-5.30389799172775
5917	1.03288850154374	15.7130630218298
5918	5.11043242136999	-5.30389799172775
5919	1.09225002588568	-5.30389799172775
5920	0.351957938008793	15.7130630218298
5921	7.69667328978609	15.7130630218298
5922	2.68677664636076	15.7130630218298
5923	-0.420341071145105	-5.30389799172775
5924	3.47992365154558	-5.30389799172775
5925	2.13723221294091	15.7130630218298
5926	1.50185514701769	-5.30389799172775
5927	-0.14263730175095	15.7130630218298
5928	3.0038066445694	-5.30389799172775
5929	1.28722956868309	-5.30389799172775
5930	-0.318752239915457	15.7130630218298
5931	0.322131339588853	15.7130630218298
5932	5.2616944108093	-5.30389799172775
5933	8.82900430089372	-5.30389799172775
5934	-2.30272827027497	15.7130630218298
5935	7.22671133846696	15.7130630218298
5936	-2.72650320743043	15.7130630218298
5937	-0.46843181378382	15.7130630218298
5938	-1.03217188205283	15.7130630218298
5939	7.16723598287619	15.7130630218298
5940	-0.111691247546562	15.7130630218298
5941	-2.6259055099788	15.7130630218298
5942	2.72434890377882	15.7130630218298
5943	-0.875120443972189	-5.30389799172775
5944	1.17835308185305	-5.30389799172775
5945	-0.338855688886291	15.7130630218298
5946	-1.42065506517047	-5.30389799172775
5947	7.97386728885544	-5.30389799172775
5948	2.22575254380213	15.7130630218298
5949	3.04465045166932	-5.30389799172775
5950	1.50293764620544	15.7130630218298
5951	1.37353910564799	15.7130630218298
5952	0.0804999982917752	15.7130630218298
5953	0.419282683854408	-5.30389799172775
5954	-1.77964448430797	-5.30389799172775
5955	-2.97491361983617	15.7130630218298
5956	1.51608146727065	-5.30389799172775
5957	2.03166462183689	15.7130630218298
5958	5.25153152901144	-5.30389799172775
5959	-0.990726377760774	-5.30389799172775
5960	6.71007762971618	-5.30389799172775
5961	2.51754568958693	-5.30389799172775
5962	5.14228240478092	15.7130630218298
5963	2.22102915390564	-5.30389799172775
5964	4.59494068903147	15.7130630218298
5965	3.97686449291997	15.7130630218298
5966	4.68391143616397	-5.30389799172775
5967	6.33941544000246	-5.30389799172775
5968	-1.87467214629883	-5.30389799172775
5969	1.51311956696982	15.7130630218298
5970	1.36435275540902	-5.30389799172775
5971	5.22823915846488	15.7130630218298
5972	4.38826261422772	15.7130630218298
5973	5.47986906477806	15.7130630218298
5974	0.270595138764477	-5.30389799172775
5975	-0.153860075129734	-5.30389799172775
5976	5.56012300122196	15.7130630218298
5977	2.32505263054526	15.7130630218298
5978	6.24277095251061	15.7130630218298
5979	2.45398224816271	15.7130630218298
5980	8.26490907575558	15.7130630218298
5981	-0.930945882161437	-5.30389799172775
5982	5.39932265096741	-5.30389799172775
5983	5.81624554422744	15.7130630218298
5984	-2.93409858024638	15.7130630218298
5985	6.16025155235434	15.7130630218298
5986	3.16011254647495	-5.30389799172775
5987	5.32739330739337	15.7130630218298
5988	0.282227101930624	15.7130630218298
5989	6.22767820949219	15.7130630218298
5990	-1.77049189360083	15.7130630218298
5991	1.25986883578969	15.7130630218298
5992	1.24833832538136	-5.30389799172775
5993	4.27138506427479	-5.30389799172775
5994	8.23388103279801	15.7130630218298
5995	-0.724592211437589	-5.30389799172775
5996	-1.80064293010617	15.7130630218298
5997	8.34779430816257	-5.30389799172775
5998	2.14232647054823	15.7130630218298
5999	2.01688935116643	-5.30389799172775
6000	2.11802353590613	15.7130630218298
6001	0.72659511272592	15.7130630218298
6002	0.955969342031826	15.7130630218298
6003	-1.48018317295949	-5.30389799172775
6004	9.18937119752268	-5.30389799172775
6005	3.86278767333421	15.7130630218298
6006	4.07277951095575	-5.30389799172775
6007	8.09335750718966	-5.30389799172775
6008	2.40746289272958	-5.30389799172775
6009	1.75169841125618	-5.30389799172775
6010	6.30234904471344	15.7130630218298
6011	6.13579655870498	15.7130630218298
6012	4.54584570886809	15.7130630218298
6013	0.0167104651076917	-5.30389799172775
6014	-3.94584964160729	15.7130630218298
6015	4.87117994637236	-5.30389799172775
6016	-0.0896766524990942	-5.30389799172775
6017	1.67250081881448	-5.30389799172775
6018	10.5986502421001	-5.30389799172775
6019	2.16053848443678	15.7130630218298
6020	3.95893327242985	-5.30389799172775
6021	8.64082570944673	-5.30389799172775
6022	4.54730201138831	15.7130630218298
6023	0.977307494202632	-5.30389799172775
6024	1.06882011005263	15.7130630218298
6025	3.19035531022509	15.7130630218298
6026	0.354662517959042	15.7130630218298
6027	8.21281182966493	15.7130630218298
6028	-2.44353143268069	15.7130630218298
6029	3.96386746052535	-5.30389799172775
6030	1.75346706331009	15.7130630218298
6031	2.72891950447322	15.7130630218298
6032	0.15130527464686	-5.30389799172775
6033	0.776844952845669	-5.30389799172775
6034	3.43692809074676	15.7130630218298
6035	1.10411931682987	-5.30389799172775
6036	0.19172838097893	-5.30389799172775
6037	2.32819553563234	-5.30389799172775
6038	5.41486842392824	15.7130630218298
6039	4.00172788958346	-5.30389799172775
6040	1.80975166297802	15.7130630218298
6041	3.37918766093409	-5.30389799172775
6042	0.271837861555728	-5.30389799172775
6043	4.27576087797144	-5.30389799172775
6044	1.21458901003792	-5.30389799172775
6045	-1.34571426500243	-5.30389799172775
6046	1.5991827235065	-5.30389799172775
6047	8.90883706034136	15.7130630218298
6048	1.55573076680744	15.7130630218298
6049	1.71821580999688	-5.30389799172775
6050	3.09945175602001	-5.30389799172775
6051	0.814243488014961	15.7130630218298
6052	3.47294951502317	-5.30389799172775
6053	0.820190235673438	15.7130630218298
6054	0.0858972810183634	15.7130630218298
6055	9.50144070357534	15.7130630218298
6056	9.73618464349955	15.7130630218298
6057	0.480776128002462	15.7130630218298
6058	-2.07576876510189	-5.30389799172775
6059	2.08428246714859	-5.30389799172775
6060	0.0423928969344883	15.7130630218298
6061	10.9400305590002	-5.30389799172775
6062	1.45510443302963	15.7130630218298
6063	1.43980085650073	15.7130630218298
6064	1.06729994622673	15.7130630218298
6065	-0.667118095738368	-5.30389799172775
6066	2.48559622194781	15.7130630218298
6067	-3.59334622840611	15.7130630218298
6068	5.4842791619212	-5.30389799172775
6069	6.52912929207117	15.7130630218298
6070	9.41640296883018	-5.30389799172775
6071	1.8833297538254	15.7130630218298
6072	2.72801818624204	-5.30389799172775
6073	2.06766699685338	15.7130630218298
6074	-0.873487412559177	15.7130630218298
6075	-2.48713331053373	15.7130630218298
6076	6.12039571806073	-5.30389799172775
6077	3.89217324849871	-5.30389799172775
6078	0.437893522890534	15.7130630218298
6079	2.91732636838642	-5.30389799172775
6080	6.45903992462169	-5.30389799172775
6081	-0.983639680156443	15.7130630218298
6082	1.35549236184546	-5.30389799172775
6083	2.71621453822414	15.7130630218298
6084	-1.94906625013054	15.7130630218298
6085	3.56726923576964	-5.30389799172775
6086	3.84800896785591	15.7130630218298
6087	3.73079781533223	-5.30389799172775
6088	4.54384424690582	15.7130630218298
6089	3.07197709478683	15.7130630218298
6090	5.11454114811392	15.7130630218298
6091	1.35550223140033	15.7130630218298
6092	9.41913541980507	15.7130630218298
6093	3.04965937796903	-5.30389799172775
6094	6.49725403412085	-5.30389799172775
6095	5.97422921167153	-5.30389799172775
6096	4.29910421735747	-5.30389799172775
6097	-2.48117093495082	15.7130630218298
6098	-0.855475425622786	15.7130630218298
6099	1.02982585245596	-5.30389799172775
6100	-0.550405438180211	-5.30389799172775
6101	-0.378911573341857	-5.30389799172775
6102	0.860069221105435	15.7130630218298
6103	0.0782511233260432	15.7130630218298
6104	9.05461057364169	-5.30389799172775
6105	-0.667633028420721	-5.30389799172775
6106	6.49555919214203	15.7130630218298
6107	6.37854978133696	15.7130630218298
6108	1.83758599419501	15.7130630218298
6109	7.24258033035268	-5.30389799172775
6110	3.71548639175473	-5.30389799172775
6111	6.89111419736346	-5.30389799172775
6112	1.01091020763872	-5.30389799172775
6113	3.60354287504806	15.7130630218298
6114	-1.13234192349842	15.7130630218298
6115	4.04042233026464	15.7130630218298
6116	7.74974825111187	15.7130630218298
6117	1.03288850154374	-5.30389799172775
6118	5.11043242136999	15.7130630218298
6119	1.09225002588568	15.7130630218298
6120	0.351957938008793	-5.30389799172775
6121	7.69667328978609	-5.30389799172775
6122	2.68677664636076	-5.30389799172775
6123	-0.420341071145105	15.7130630218298
6124	3.47992365154558	15.7130630218298
6125	2.13723221294091	-5.30389799172775
6126	1.50185514701769	15.7130630218298
6127	-0.14263730175095	-5.30389799172775
6128	3.0038066445694	15.7130630218298
6129	1.28722956868309	15.7130630218298
6130	-0.318752239915457	-5.30389799172775
6131	0.322131339588853	-5.30389799172775
6132	5.2616944108093	15.7130630218298
6133	8.82900430089372	15.7130630218298
6134	-2.30272827027497	-5.30389799172775
6135	7.22671133846696	-5.30389799172775
6136	-2.72650320743043	-5.30389799172775
6137	-0.46843181378382	-5.30389799172775
6138	-1.03217188205283	-5.30389799172775
6139	7.16723598287619	-5.30389799172775
6140	-0.111691247546562	-5.30389799172775
6141	-2.6259055099788	-5.30389799172775
6142	2.72434890377882	-5.30389799172775
6143	-0.875120443972189	15.7130630218298
6144	1.17835308185305	15.7130630218298
6145	-0.338855688886291	-5.30389799172775
6146	-1.42065506517047	15.7130630218298
6147	7.97386728885544	15.7130630218298
6148	2.22575254380213	-5.30389799172775
6149	3.04465045166932	15.7130630218298
6150	1.50293764620544	-5.30389799172775
6151	1.37353910564799	-5.30389799172775
6152	0.0804999982917752	-5.30389799172775
6153	0.419282683854408	15.7130630218298
6154	-1.77964448430797	15.7130630218298
6155	-2.97491361983617	-5.30389799172775
6156	1.51608146727065	15.7130630218298
6157	2.03166462183689	-5.30389799172775
6158	5.25153152901144	15.7130630218298
6159	-0.990726377760774	15.7130630218298
6160	6.71007762971618	15.7130630218298
6161	2.51754568958693	15.7130630218298
6162	5.14228240478092	-5.30389799172775
6163	2.22102915390564	15.7130630218298
6164	4.59494068903147	-5.30389799172775
6165	3.97686449291997	-5.30389799172775
6166	4.68391143616397	15.7130630218298
6167	6.33941544000246	15.7130630218298
6168	-1.87467214629883	15.7130630218298
6169	1.51311956696982	-5.30389799172775
6170	1.36435275540902	15.7130630218298
6171	5.22823915846488	-5.30389799172775
6172	4.38826261422772	-5.30389799172775
6173	5.47986906477806	-5.30389799172775
6174	0.270595138764477	15.7130630218298
6175	-0.153860075129734	15.7130630218298
6176	5.56012300122196	-5.30389799172775
6177	2.32505263054526	-5.30389799172775
6178	6.24277095251061	-5.30389799172775
6179	2.45398224816271	-5.30389799172775
6180	8.26490907575558	-5.30389799172775
6181	-0.930945882161437	15.7130630218298
6182	5.39932265096741	15.7130630218298
6183	5.81624554422744	-5.30389799172775
6184	-2.93409858024638	-5.30389799172775
6185	6.16025155235434	-5.30389799172775
6186	3.16011254647495	15.7130630218298
6187	5.32739330739337	-5.30389799172775
6188	0.282227101930624	-5.30389799172775
6189	6.22767820949219	-5.30389799172775
6190	-1.77049189360083	-5.30389799172775
6191	1.25986883578969	-5.30389799172775
6192	1.24833832538136	15.7130630218298
6193	4.27138506427479	15.7130630218298
6194	8.23388103279801	-5.30389799172775
6195	-0.724592211437589	15.7130630218298
6196	-1.80064293010617	-5.30389799172775
6197	8.34779430816257	15.7130630218298
6198	2.14232647054823	-5.30389799172775
6199	2.01688935116643	15.7130630218298
6200	2.11802353590613	-5.30389799172775
6201	0.72659511272592	-5.30389799172775
6202	0.955969342031826	-5.30389799172775
6203	-1.48018317295949	15.7130630218298
6204	9.18937119752268	15.7130630218298
6205	3.86278767333421	-5.30389799172775
6206	4.07277951095575	15.7130630218298
6207	8.09335750718966	15.7130630218298
6208	2.40746289272958	15.7130630218298
6209	1.75169841125618	15.7130630218298
6210	6.30234904471344	-5.30389799172775
6211	6.13579655870498	-5.30389799172775
6212	4.54584570886809	-5.30389799172775
6213	0.0167104651076917	15.7130630218298
6214	-3.94584964160729	-5.30389799172775
6215	4.87117994637236	15.7130630218298
6216	-0.0896766524990942	15.7130630218298
6217	1.67250081881448	15.7130630218298
6218	10.5986502421001	15.7130630218298
6219	2.16053848443678	-5.30389799172775
6220	3.95893327242985	15.7130630218298
6221	8.64082570944673	15.7130630218298
6222	4.54730201138831	-5.30389799172775
6223	0.977307494202632	15.7130630218298
6224	1.06882011005263	-5.30389799172775
6225	3.19035531022509	-5.30389799172775
6226	0.354662517959042	-5.30389799172775
6227	8.21281182966493	-5.30389799172775
6228	-2.44353143268069	-5.30389799172775
6229	3.96386746052535	15.7130630218298
6230	1.75346706331009	-5.30389799172775
6231	2.72891950447322	-5.30389799172775
6232	0.15130527464686	15.7130630218298
6233	0.776844952845669	15.7130630218298
6234	3.43692809074676	-5.30389799172775
6235	1.10411931682987	15.7130630218298
6236	0.19172838097893	15.7130630218298
6237	2.32819553563234	15.7130630218298
6238	5.41486842392824	-5.30389799172775
6239	4.00172788958346	15.7130630218298
6240	1.80975166297802	-5.30389799172775
6241	3.37918766093409	15.7130630218298
6242	0.271837861555728	15.7130630218298
6243	4.27576087797144	15.7130630218298
6244	1.21458901003792	15.7130630218298
6245	-1.34571426500243	15.7130630218298
6246	1.5991827235065	15.7130630218298
6247	8.90883706034136	-5.30389799172775
6248	1.55573076680744	-5.30389799172775
6249	1.71821580999688	15.7130630218298
6250	3.09945175602001	15.7130630218298
6251	0.814243488014961	-5.30389799172775
6252	3.47294951502317	15.7130630218298
6253	0.820190235673438	-5.30389799172775
6254	0.0858972810183634	-5.30389799172775
6255	9.50144070357534	-5.30389799172775
6256	9.73618464349955	-5.30389799172775
6257	0.480776128002462	-5.30389799172775
6258	-2.07576876510189	15.7130630218298
6259	2.08428246714859	15.7130630218298
6260	0.0423928969344883	-5.30389799172775
6261	10.9400305590002	15.7130630218298
6262	1.45510443302963	-5.30389799172775
6263	1.43980085650073	-5.30389799172775
6264	1.06729994622673	-5.30389799172775
6265	-0.667118095738368	15.7130630218298
6266	2.48559622194781	-5.30389799172775
6267	-3.59334622840611	-5.30389799172775
6268	5.4842791619212	15.7130630218298
6269	6.52912929207117	-5.30389799172775
6270	9.41640296883018	15.7130630218298
6271	1.8833297538254	-5.30389799172775
6272	2.72801818624204	15.7130630218298
6273	2.06766699685338	-5.30389799172775
6274	-0.873487412559177	-5.30389799172775
6275	-2.48713331053373	-5.30389799172775
6276	6.12039571806073	15.7130630218298
6277	3.89217324849871	15.7130630218298
6278	0.437893522890534	-5.30389799172775
6279	2.91732636838642	15.7130630218298
6280	6.45903992462169	15.7130630218298
6281	-0.983639680156443	-5.30389799172775
6282	1.35549236184546	15.7130630218298
6283	2.71621453822414	-5.30389799172775
6284	-1.94906625013054	-5.30389799172775
6285	3.56726923576964	15.7130630218298
6286	3.84800896785591	-5.30389799172775
6287	3.73079781533223	15.7130630218298
6288	4.54384424690582	-5.30389799172775
6289	3.07197709478683	-5.30389799172775
6290	5.11454114811392	-5.30389799172775
6291	1.35550223140033	-5.30389799172775
6292	9.41913541980507	-5.30389799172775
6293	3.04965937796903	15.7130630218298
6294	6.49725403412085	15.7130630218298
6295	5.97422921167153	15.7130630218298
6296	4.29910421735747	15.7130630218298
6297	-2.48117093495082	-5.30389799172775
6298	-0.855475425622786	-5.30389799172775
6299	1.02982585245596	15.7130630218298
6300	-0.550405438180211	15.7130630218298
6301	-0.378911573341857	15.7130630218298
6302	0.860069221105435	-5.30389799172775
6303	0.0782511233260432	-5.30389799172775
6304	9.05461057364169	15.7130630218298
6305	-0.667633028420721	15.7130630218298
6306	6.49555919214203	-5.30389799172775
6307	6.37854978133696	-5.30389799172775
6308	1.83758599419501	-5.30389799172775
6309	7.24258033035268	15.7130630218298
6310	3.71548639175473	15.7130630218298
6311	6.89111419736346	15.7130630218298
6312	1.01091020763872	15.7130630218298
6313	3.60354287504806	-5.30389799172775
6314	-1.13234192349842	-5.30389799172775
6315	4.04042233026464	-5.30389799172775
6316	7.74974825111187	-5.30389799172775
6317	1.03288850154374	15.7130630218298
6318	5.11043242136999	-5.30389799172775
6319	1.09225002588568	-5.30389799172775
6320	0.351957938008793	15.7130630218298
6321	7.69667328978609	15.7130630218298
6322	2.68677664636076	15.7130630218298
6323	-0.420341071145105	-5.30389799172775
6324	3.47992365154558	-5.30389799172775
6325	2.13723221294091	15.7130630218298
6326	1.50185514701769	-5.30389799172775
6327	-0.14263730175095	15.7130630218298
6328	3.0038066445694	-5.30389799172775
6329	1.28722956868309	-5.30389799172775
6330	-0.318752239915457	15.7130630218298
6331	0.322131339588853	15.7130630218298
6332	5.2616944108093	-5.30389799172775
6333	8.82900430089372	-5.30389799172775
6334	-2.30272827027497	15.7130630218298
6335	7.22671133846696	15.7130630218298
6336	-2.72650320743043	15.7130630218298
6337	-0.46843181378382	15.7130630218298
6338	-1.03217188205283	15.7130630218298
6339	7.16723598287619	15.7130630218298
6340	-0.111691247546562	15.7130630218298
6341	-2.6259055099788	15.7130630218298
6342	2.72434890377882	15.7130630218298
6343	-0.875120443972189	-5.30389799172775
6344	1.17835308185305	-5.30389799172775
6345	-0.338855688886291	15.7130630218298
6346	-1.42065506517047	-5.30389799172775
6347	7.97386728885544	-5.30389799172775
6348	2.22575254380213	15.7130630218298
6349	3.04465045166932	-5.30389799172775
6350	1.50293764620544	15.7130630218298
6351	1.37353910564799	15.7130630218298
6352	0.0804999982917752	15.7130630218298
6353	0.419282683854408	-5.30389799172775
6354	-1.77964448430797	-5.30389799172775
6355	-2.97491361983617	15.7130630218298
6356	1.51608146727065	-5.30389799172775
6357	2.03166462183689	15.7130630218298
6358	5.25153152901144	-5.30389799172775
6359	-0.990726377760774	-5.30389799172775
6360	6.71007762971618	-5.30389799172775
6361	2.51754568958693	-5.30389799172775
6362	5.14228240478092	15.7130630218298
6363	2.22102915390564	-5.30389799172775
6364	4.59494068903147	15.7130630218298
6365	3.97686449291997	15.7130630218298
6366	4.68391143616397	-5.30389799172775
6367	6.33941544000246	-5.30389799172775
6368	-1.87467214629883	-5.30389799172775
6369	1.51311956696982	15.7130630218298
6370	1.36435275540902	-5.30389799172775
6371	5.22823915846488	15.7130630218298
6372	4.38826261422772	15.7130630218298
6373	5.47986906477806	15.7130630218298
6374	0.270595138764477	-5.30389799172775
6375	-0.153860075129734	-5.30389799172775
6376	5.56012300122196	15.7130630218298
6377	2.32505263054526	15.7130630218298
6378	6.24277095251061	15.7130630218298
6379	2.45398224816271	15.7130630218298
6380	8.26490907575558	15.7130630218298
6381	-0.930945882161437	-5.30389799172775
6382	5.39932265096741	-5.30389799172775
6383	5.81624554422744	15.7130630218298
6384	-2.93409858024638	15.7130630218298
6385	6.16025155235434	15.7130630218298
6386	3.16011254647495	-5.30389799172775
6387	5.32739330739337	15.7130630218298
6388	0.282227101930624	15.7130630218298
6389	6.22767820949219	15.7130630218298
6390	-1.77049189360083	15.7130630218298
6391	1.25986883578969	15.7130630218298
6392	1.24833832538136	-5.30389799172775
6393	4.27138506427479	-5.30389799172775
6394	8.23388103279801	15.7130630218298
6395	-0.724592211437589	-5.30389799172775
6396	-1.80064293010617	15.7130630218298
6397	8.34779430816257	-5.30389799172775
6398	2.14232647054823	15.7130630218298
6399	2.01688935116643	-5.30389799172775
6400	2.11802353590613	15.7130630218298
6401	0.72659511272592	15.7130630218298
6402	0.955969342031826	15.7130630218298
6403	-1.48018317295949	-5.30389799172775
6404	9.18937119752268	-5.30389799172775
6405	3.86278767333421	15.7130630218298
6406	4.07277951095575	-5.30389799172775
6407	8.09335750718966	-5.30389799172775
6408	2.40746289272958	-5.30389799172775
6409	1.75169841125618	-5.30389799172775
6410	6.30234904471344	15.7130630218298
6411	6.13579655870498	15.7130630218298
6412	4.54584570886809	15.7130630218298
6413	0.0167104651076917	-5.30389799172775
6414	-3.94584964160729	15.7130630218298
6415	4.87117994637236	-5.30389799172775
6416	-0.0896766524990942	-5.30389799172775
6417	1.67250081881448	-5.30389799172775
6418	10.5986502421001	-5.30389799172775
6419	2.16053848443678	15.7130630218298
6420	3.95893327242985	-5.30389799172775
6421	8.64082570944673	-5.30389799172775
6422	4.54730201138831	15.7130630218298
6423	0.977307494202632	-5.30389799172775
6424	1.06882011005263	15.7130630218298
6425	3.19035531022509	15.7130630218298
6426	0.354662517959042	15.7130630218298
6427	8.21281182966493	15.7130630218298
6428	-2.44353143268069	15.7130630218298
6429	3.96386746052535	-5.30389799172775
6430	1.75346706331009	15.7130630218298
6431	2.72891950447322	15.7130630218298
6432	0.15130527464686	-5.30389799172775
6433	0.776844952845669	-5.30389799172775
6434	3.43692809074676	15.7130630218298
6435	1.10411931682987	-5.30389799172775
6436	0.19172838097893	-5.30389799172775
6437	2.32819553563234	-5.30389799172775
6438	5.41486842392824	15.7130630218298
6439	4.00172788958346	-5.30389799172775
6440	1.80975166297802	15.7130630218298
6441	3.37918766093409	-5.30389799172775
6442	0.271837861555728	-5.30389799172775
6443	4.27576087797144	-5.30389799172775
6444	1.21458901003792	-5.30389799172775
6445	-1.34571426500243	-5.30389799172775
6446	1.5991827235065	-5.30389799172775
6447	8.90883706034136	15.7130630218298
6448	1.55573076680744	15.7130630218298
6449	1.71821580999688	-5.30389799172775
6450	3.09945175602001	-5.30389799172775
6451	0.814243488014961	15.7130630218298
6452	3.47294951502317	-5.30389799172775
6453	0.820190235673438	15.7130630218298
6454	0.0858972810183634	15.7130630218298
6455	9.50144070357534	15.7130630218298
6456	9.73618464349955	15.7130630218298
6457	0.480776128002462	15.7130630218298
6458	-2.07576876510189	-5.30389799172775
6459	2.08428246714859	-5.30389799172775
6460	0.0423928969344883	15.7130630218298
6461	10.9400305590002	-5.30389799172775
6462	1.45510443302963	15.7130630218298
6463	1.43980085650073	15.7130630218298
6464	1.06729994622673	15.7130630218298
6465	-0.667118095738368	-5.30389799172775
6466	2.48559622194781	15.7130630218298
6467	-3.59334622840611	15.7130630218298
6468	5.4842791619212	-5.30389799172775
6469	6.52912929207117	15.7130630218298
6470	9.41640296883018	-5.30389799172775
6471	1.8833297538254	15.7130630218298
6472	2.72801818624204	-5.30389799172775
6473	2.06766699685338	15.7130630218298
6474	-0.873487412559177	15.7130630218298
6475	-2.48713331053373	15.7130630218298
6476	6.12039571806073	-5.30389799172775
6477	3.89217324849871	-5.30389799172775
6478	0.437893522890534	15.7130630218298
6479	2.91732636838642	-5.30389799172775
6480	6.45903992462169	-5.30389799172775
6481	-0.983639680156443	15.7130630218298
6482	1.35549236184546	-5.30389799172775
6483	2.71621453822414	15.7130630218298
6484	-1.94906625013054	15.7130630218298
6485	3.56726923576964	-5.30389799172775
6486	3.84800896785591	15.7130630218298
6487	3.73079781533223	-5.30389799172775
6488	4.54384424690582	15.7130630218298
6489	3.07197709478683	15.7130630218298
6490	5.11454114811392	15.7130630218298
6491	1.35550223140033	15.7130630218298
6492	9.41913541980507	15.7130630218298
6493	3.04965937796903	-5.30389799172775
6494	6.49725403412085	-5.30389799172775
6495	5.97422921167153	-5.30389799172775
6496	4.29910421735747	-5.30389799172775
6497	-2.48117093495082	15.7130630218298
6498	-0.855475425622786	15.7130630218298
6499	1.02982585245596	-5.30389799172775
6500	-0.550405438180211	-5.30389799172775
6501	-0.378911573341857	-5.30389799172775
6502	0.860069221105435	15.7130630218298
6503	0.0782511233260432	15.7130630218298
6504	9.05461057364169	-5.30389799172775
6505	-0.667633028420721	-5.30389799172775
6506	6.49555919214203	15.7130630218298
6507	6.37854978133696	15.7130630218298
6508	1.83758599419501	15.7130630218298
6509	7.24258033035268	-5.30389799172775
6510	3.71548639175473	-5.30389799172775
6511	6.89111419736346	-5.30389799172775
6512	1.01091020763872	-5.30389799172775
6513	3.60354287504806	15.7130630218298
6514	-1.13234192349842	15.7130630218298
6515	4.04042233026464	15.7130630218298
6516	7.74974825111187	15.7130630218298
6517	1.03288850154374	-5.30389799172775
6518	5.11043242136999	15.7130630218298
6519	1.09225002588568	15.7130630218298
6520	0.351957938008793	-5.30389799172775
6521	7.69667328978609	-5.30389799172775
6522	2.68677664636076	-5.30389799172775
6523	-0.420341071145105	15.7130630218298
6524	3.47992365154558	15.7130630218298
6525	2.13723221294091	-5.30389799172775
6526	1.50185514701769	15.7130630218298
6527	-0.14263730175095	-5.30389799172775
6528	3.0038066445694	15.7130630218298
6529	1.28722956868309	15.7130630218298
6530	-0.318752239915457	-5.30389799172775
6531	0.322131339588853	-5.30389799172775
6532	5.2616944108093	15.7130630218298
6533	8.82900430089372	15.7130630218298
6534	-2.30272827027497	-5.30389799172775
6535	7.22671133846696	-5.30389799172775
6536	-2.72650320743043	-5.30389799172775
6537	-0.46843181378382	-5.30389799172775
6538	-1.03217188205283	-5.30389799172775
6539	7.16723598287619	-5.30389799172775
6540	-0.111691247546562	-5.30389799172775
6541	-2.6259055099788	-5.30389799172775
6542	2.72434890377882	-5.30389799172775
6543	-0.875120443972189	15.7130630218298
6544	1.17835308185305	15.7130630218298
6545	-0.338855688886291	-5.30389799172775
6546	-1.42065506517047	15.7130630218298
6547	7.97386728885544	15.7130630218298
6548	2.22575254380213	-5.30389799172775
6549	3.04465045166932	15.7130630218298
6550	1.50293764620544	-5.30389799172775
6551	1.37353910564799	-5.30389799172775
6552	0.0804999982917752	-5.30389799172775
6553	0.419282683854408	15.7130630218298
6554	-1.77964448430797	15.7130630218298
6555	-2.97491361983617	-5.30389799172775
6556	1.51608146727065	15.7130630218298
6557	2.03166462183689	-5.30389799172775
6558	5.25153152901144	15.7130630218298
6559	-0.990726377760774	15.7130630218298
6560	6.71007762971618	15.7130630218298
6561	2.51754568958693	15.7130630218298
6562	5.14228240478092	-5.30389799172775
6563	2.22102915390564	15.7130630218298
6564	4.59494068903147	-5.30389799172775
6565	3.97686449291997	-5.30389799172775
6566	4.68391143616397	15.7130630218298
6567	6.33941544000246	15.7130630218298
6568	-1.87467214629883	15.7130630218298
6569	1.51311956696982	-5.30389799172775
6570	1.36435275540902	15.7130630218298
6571	5.22823915846488	-5.30389799172775
6572	4.38826261422772	-5.30389799172775
6573	5.47986906477806	-5.30389799172775
6574	0.270595138764477	15.7130630218298
6575	-0.153860075129734	15.7130630218298
6576	5.56012300122196	-5.30389799172775
6577	2.32505263054526	-5.30389799172775
6578	6.24277095251061	-5.30389799172775
6579	2.45398224816271	-5.30389799172775
6580	8.26490907575558	-5.30389799172775
6581	-0.930945882161437	15.7130630218298
6582	5.39932265096741	15.7130630218298
6583	5.81624554422744	-5.30389799172775
6584	-2.93409858024638	-5.30389799172775
6585	6.16025155235434	-5.30389799172775
6586	3.16011254647495	15.7130630218298
6587	5.32739330739337	-5.30389799172775
6588	0.282227101930624	-5.30389799172775
6589	6.22767820949219	-5.30389799172775
6590	-1.77049189360083	-5.30389799172775
6591	1.25986883578969	-5.30389799172775
6592	1.24833832538136	15.7130630218298
6593	4.27138506427479	15.7130630218298
6594	8.23388103279801	-5.30389799172775
6595	-0.724592211437589	15.7130630218298
6596	-1.80064293010617	-5.30389799172775
6597	8.34779430816257	15.7130630218298
6598	2.14232647054823	-5.30389799172775
6599	2.01688935116643	15.7130630218298
6600	2.11802353590613	-5.30389799172775
6601	0.72659511272592	-5.30389799172775
6602	0.955969342031826	-5.30389799172775
6603	-1.48018317295949	15.7130630218298
6604	9.18937119752268	15.7130630218298
6605	3.86278767333421	-5.30389799172775
6606	4.07277951095575	15.7130630218298
6607	8.09335750718966	15.7130630218298
6608	2.40746289272958	15.7130630218298
6609	1.75169841125618	15.7130630218298
6610	6.30234904471344	-5.30389799172775
6611	6.13579655870498	-5.30389799172775
6612	4.54584570886809	-5.30389799172775
6613	0.0167104651076917	15.7130630218298
6614	-3.94584964160729	-5.30389799172775
6615	4.87117994637236	15.7130630218298
6616	-0.0896766524990942	15.7130630218298
6617	1.67250081881448	15.7130630218298
6618	10.5986502421001	15.7130630218298
6619	2.16053848443678	-5.30389799172775
6620	3.95893327242985	15.7130630218298
6621	8.64082570944673	15.7130630218298
6622	4.54730201138831	-5.30389799172775
6623	0.977307494202632	15.7130630218298
6624	1.06882011005263	-5.30389799172775
6625	3.19035531022509	-5.30389799172775
6626	0.354662517959042	-5.30389799172775
6627	8.21281182966493	-5.30389799172775
6628	-2.44353143268069	-5.30389799172775
6629	3.96386746052535	15.7130630218298
6630	1.75346706331009	-5.30389799172775
6631	2.72891950447322	-5.30389799172775
6632	0.15130527464686	15.7130630218298
6633	0.776844952845669	15.7130630218298
6634	3.43692809074676	-5.30389799172775
6635	1.10411931682987	15.7130630218298
6636	0.19172838097893	15.7130630218298
6637	2.32819553563234	15.7130630218298
6638	5.41486842392824	-5.30389799172775
6639	4.00172788958346	15.7130630218298
6640	1.80975166297802	-5.30389799172775
6641	3.37918766093409	15.7130630218298
6642	0.271837861555728	15.7130630218298
6643	4.27576087797144	15.7130630218298
6644	1.21458901003792	15.7130630218298
6645	-1.34571426500243	15.7130630218298
6646	1.5991827235065	15.7130630218298
6647	8.90883706034136	-5.30389799172775
6648	1.55573076680744	-5.30389799172775
6649	1.71821580999688	15.7130630218298
6650	3.09945175602001	15.7130630218298
6651	0.814243488014961	-5.30389799172775
6652	3.47294951502317	15.7130630218298
6653	0.820190235673438	-5.30389799172775
6654	0.0858972810183634	-5.30389799172775
6655	9.50144070357534	-5.30389799172775
6656	9.73618464349955	-5.30389799172775
6657	0.480776128002462	-5.30389799172775
6658	-2.07576876510189	15.7130630218298
6659	2.08428246714859	15.7130630218298
6660	0.0423928969344883	-5.30389799172775
6661	10.9400305590002	15.7130630218298
6662	1.45510443302963	-5.30389799172775
6663	1.43980085650073	-5.30389799172775
6664	1.06729994622673	-5.30389799172775
6665	-0.667118095738368	15.7130630218298
6666	2.48559622194781	-5.30389799172775
6667	-3.59334622840611	-5.30389799172775
6668	5.4842791619212	15.7130630218298
6669	6.52912929207117	-5.30389799172775
6670	9.41640296883018	15.7130630218298
6671	1.8833297538254	-5.30389799172775
6672	2.72801818624204	15.7130630218298
6673	2.06766699685338	-5.30389799172775
6674	-0.873487412559177	-5.30389799172775
6675	-2.48713331053373	-5.30389799172775
6676	6.12039571806073	15.7130630218298
6677	3.89217324849871	15.7130630218298
6678	0.437893522890534	-5.30389799172775
6679	2.91732636838642	15.7130630218298
6680	6.45903992462169	15.7130630218298
6681	-0.983639680156443	-5.30389799172775
6682	1.35549236184546	15.7130630218298
6683	2.71621453822414	-5.30389799172775
6684	-1.94906625013054	-5.30389799172775
6685	3.56726923576964	15.7130630218298
6686	3.84800896785591	-5.30389799172775
6687	3.73079781533223	15.7130630218298
6688	4.54384424690582	-5.30389799172775
6689	3.07197709478683	-5.30389799172775
6690	5.11454114811392	-5.30389799172775
6691	1.35550223140033	-5.30389799172775
6692	9.41913541980507	-5.30389799172775
6693	3.04965937796903	15.7130630218298
6694	6.49725403412085	15.7130630218298
6695	5.97422921167153	15.7130630218298
6696	4.29910421735747	15.7130630218298
6697	-2.48117093495082	-5.30389799172775
6698	-0.855475425622786	-5.30389799172775
6699	1.02982585245596	15.7130630218298
6700	-0.550405438180211	15.7130630218298
6701	-0.378911573341857	15.7130630218298
6702	0.860069221105435	-5.30389799172775
6703	0.0782511233260432	-5.30389799172775
6704	9.05461057364169	15.7130630218298
6705	-0.667633028420721	15.7130630218298
6706	6.49555919214203	-5.30389799172775
6707	6.37854978133696	-5.30389799172775
6708	1.83758599419501	-5.30389799172775
6709	7.24258033035268	15.7130630218298
6710	3.71548639175473	15.7130630218298
6711	6.89111419736346	15.7130630218298
6712	1.01091020763872	15.7130630218298
6713	3.60354287504806	-5.30389799172775
6714	-1.13234192349842	-5.30389799172775
6715	4.04042233026464	-5.30389799172775
6716	7.74974825111187	-5.30389799172775
6717	1.03288850154374	15.7130630218298
6718	5.11043242136999	-5.30389799172775
6719	1.09225002588568	-5.30389799172775
6720	0.351957938008793	15.7130630218298
6721	7.69667328978609	15.7130630218298
6722	2.68677664636076	15.7130630218298
6723	-0.420341071145105	-5.30389799172775
6724	3.47992365154558	-5.30389799172775
6725	2.13723221294091	15.7130630218298
6726	1.50185514701769	-5.30389799172775
6727	-0.14263730175095	15.7130630218298
6728	3.0038066445694	-5.30389799172775
6729	1.28722956868309	-5.30389799172775
6730	-0.318752239915457	15.7130630218298
6731	0.322131339588853	15.7130630218298
6732	5.2616944108093	-5.30389799172775
6733	8.82900430089372	-5.30389799172775
6734	-2.30272827027497	15.7130630218298
6735	7.22671133846696	15.7130630218298
6736	-2.72650320743043	15.7130630218298
6737	-0.46843181378382	15.7130630218298
6738	-1.03217188205283	15.7130630218298
6739	7.16723598287619	15.7130630218298
6740	-0.111691247546562	15.7130630218298
6741	-2.6259055099788	15.7130630218298
6742	2.72434890377882	15.7130630218298
6743	-0.875120443972189	-5.30389799172775
6744	1.17835308185305	-5.30389799172775
6745	-0.338855688886291	15.7130630218298
6746	-1.42065506517047	-5.30389799172775
6747	7.97386728885544	-5.30389799172775
6748	2.22575254380213	15.7130630218298
6749	3.04465045166932	-5.30389799172775
6750	1.50293764620544	15.7130630218298
6751	1.37353910564799	15.7130630218298
6752	0.0804999982917752	15.7130630218298
6753	0.419282683854408	-5.30389799172775
6754	-1.77964448430797	-5.30389799172775
6755	-2.97491361983617	15.7130630218298
6756	1.51608146727065	-5.30389799172775
6757	2.03166462183689	15.7130630218298
6758	5.25153152901144	-5.30389799172775
6759	-0.990726377760774	-5.30389799172775
6760	6.71007762971618	-5.30389799172775
6761	2.51754568958693	-5.30389799172775
6762	5.14228240478092	15.7130630218298
6763	2.22102915390564	-5.30389799172775
6764	4.59494068903147	15.7130630218298
6765	3.97686449291997	15.7130630218298
6766	4.68391143616397	-5.30389799172775
6767	6.33941544000246	-5.30389799172775
6768	-1.87467214629883	-5.30389799172775
6769	1.51311956696982	15.7130630218298
6770	1.36435275540902	-5.30389799172775
6771	5.22823915846488	15.7130630218298
6772	4.38826261422772	15.7130630218298
6773	5.47986906477806	15.7130630218298
6774	0.270595138764477	-5.30389799172775
6775	-0.153860075129734	-5.30389799172775
6776	5.56012300122196	15.7130630218298
6777	2.32505263054526	15.7130630218298
6778	6.24277095251061	15.7130630218298
6779	2.45398224816271	15.7130630218298
6780	8.26490907575558	15.7130630218298
6781	-0.930945882161437	-5.30389799172775
6782	5.39932265096741	-5.30389799172775
6783	5.81624554422744	15.7130630218298
6784	-2.93409858024638	15.7130630218298
6785	6.16025155235434	15.7130630218298
6786	3.16011254647495	-5.30389799172775
6787	5.32739330739337	15.7130630218298
6788	0.282227101930624	15.7130630218298
6789	6.22767820949219	15.7130630218298
6790	-1.77049189360083	15.7130630218298
6791	1.25986883578969	15.7130630218298
6792	1.24833832538136	-5.30389799172775
6793	4.27138506427479	-5.30389799172775
6794	8.23388103279801	15.7130630218298
6795	-0.724592211437589	-5.30389799172775
6796	-1.80064293010617	15.7130630218298
6797	8.34779430816257	-5.30389799172775
6798	2.14232647054823	15.7130630218298
6799	2.01688935116643	-5.30389799172775
6800	2.11802353590613	15.7130630218298
6801	0.72659511272592	15.7130630218298
6802	0.955969342031826	15.7130630218298
6803	-1.48018317295949	-5.30389799172775
6804	9.18937119752268	-5.30389799172775
6805	3.86278767333421	15.7130630218298
6806	4.07277951095575	-5.30389799172775
6807	8.09335750718966	-5.30389799172775
6808	2.40746289272958	-5.30389799172775
6809	1.75169841125618	-5.30389799172775
6810	6.30234904471344	15.7130630218298
6811	6.13579655870498	15.7130630218298
6812	4.54584570886809	15.7130630218298
6813	0.0167104651076917	-5.30389799172775
6814	-3.94584964160729	15.7130630218298
6815	4.87117994637236	-5.30389799172775
6816	-0.0896766524990942	-5.30389799172775
6817	1.67250081881448	-5.30389799172775
6818	10.5986502421001	-5.30389799172775
6819	2.16053848443678	15.7130630218298
6820	3.95893327242985	-5.30389799172775
6821	8.64082570944673	-5.30389799172775
6822	4.54730201138831	15.7130630218298
6823	0.977307494202632	-5.30389799172775
6824	1.06882011005263	15.7130630218298
6825	3.19035531022509	15.7130630218298
6826	0.354662517959042	15.7130630218298
6827	8.21281182966493	15.7130630218298
6828	-2.44353143268069	15.7130630218298
6829	3.96386746052535	-5.30389799172775
6830	1.75346706331009	15.7130630218298
6831	2.72891950447322	15.7130630218298
6832	0.15130527464686	-5.30389799172775
6833	0.776844952845669	-5.30389799172775
6834	3.43692809074676	15.7130630218298
6835	1.10411931682987	-5.30389799172775
6836	0.19172838097893	-5.30389799172775
6837	2.32819553563234	-5.30389799172775
6838	5.41486842392824	15.7130630218298
6839	4.00172788958346	-5.30389799172775
6840	1.80975166297802	15.7130630218298
6841	3.37918766093409	-5.30389799172775
6842	0.271837861555728	-5.30389799172775
6843	4.27576087797144	-5.30389799172775
6844	1.21458901003792	-5.30389799172775
6845	-1.34571426500243	-5.30389799172775
6846	1.5991827235065	-5.30389799172775
6847	8.90883706034136	15.7130630218298
6848	1.55573076680744	15.7130630218298
6849	1.71821580999688	-5.30389799172775
6850	3.09945175602001	-5.30389799172775
6851	0.814243488014961	15.7130630218298
6852	3.47294951502317	-5.30389799172775
6853	0.820190235673438	15.7130630218298
6854	0.0858972810183634	15.7130630218298
6855	9.50144070357534	15.7130630218298
6856	9.73618464349955	15.7130630218298
6857	0.480776128002462	15.7130630218298
6858	-2.07576876510189	-5.30389799172775
6859	2.08428246714859	-5.30389799172775
6860	0.0423928969344883	15.7130630218298
6861	10.9400305590002	-5.30389799172775
6862	1.45510443302963	15.7130630218298
6863	1.43980085650073	15.7130630218298
6864	1.06729994622673	15.7130630218298
6865	-0.667118095738368	-5.30389799172775
6866	2.48559622194781	15.7130630218298
6867	-3.59334622840611	15.7130630218298
6868	5.4842791619212	-5.30389799172775
6869	6.52912929207117	15.7130630218298
6870	9.41640296883018	-5.30389799172775
6871	1.8833297538254	15.7130630218298
6872	2.72801818624204	-5.30389799172775
6873	2.06766699685338	15.7130630218298
6874	-0.873487412559177	15.7130630218298
6875	-2.48713331053373	15.7130630218298
6876	6.12039571806073	-5.30389799172775
6877	3.89217324849871	-5.30389799172775
6878	0.437893522890534	15.7130630218298
6879	2.91732636838642	-5.30389799172775
6880	6.45903992462169	-5.30389799172775
6881	-0.983639680156443	15.7130630218298
6882	1.35549236184546	-5.30389799172775
6883	2.71621453822414	15.7130630218298
6884	-1.94906625013054	15.7130630218298
6885	3.56726923576964	-5.30389799172775
6886	3.84800896785591	15.7130630218298
6887	3.73079781533223	-5.30389799172775
6888	4.54384424690582	15.7130630218298
6889	3.07197709478683	15.7130630218298
6890	5.11454114811392	15.7130630218298
6891	1.35550223140033	15.7130630218298
6892	9.41913541980507	15.7130630218298
6893	3.04965937796903	-5.30389799172775
6894	6.49725403412085	-5.30389799172775
6895	5.97422921167153	-5.30389799172775
6896	4.29910421735747	-5.30389799172775
6897	-2.48117093495082	15.7130630218298
6898	-0.855475425622786	15.7130630218298
6899	1.02982585245596	-5.30389799172775
6900	-0.550405438180211	-5.30389799172775
6901	-0.378911573341857	-5.30389799172775
6902	0.860069221105435	15.7130630218298
6903	0.0782511233260432	15.7130630218298
6904	9.05461057364169	-5.30389799172775
6905	-0.667633028420721	-5.30389799172775
6906	6.49555919214203	15.7130630218298
6907	6.37854978133696	15.7130630218298
6908	1.83758599419501	15.7130630218298
6909	7.24258033035268	-5.30389799172775
6910	3.71548639175473	-5.30389799172775
6911	6.89111419736346	-5.30389799172775
6912	1.01091020763872	-5.30389799172775
6913	3.60354287504806	15.7130630218298
6914	-1.13234192349842	15.7130630218298
6915	4.04042233026464	15.7130630218298
6916	7.74974825111187	15.7130630218298
6917	1.03288850154374	-5.30389799172775
6918	5.11043242136999	15.7130630218298
6919	1.09225002588568	15.7130630218298
6920	0.351957938008793	-5.30389799172775
6921	7.69667328978609	-5.30389799172775
6922	2.68677664636076	-5.30389799172775
6923	-0.420341071145105	15.7130630218298
6924	3.47992365154558	15.7130630218298
6925	2.13723221294091	-5.30389799172775
6926	1.50185514701769	15.7130630218298
6927	-0.14263730175095	-5.30389799172775
6928	3.0038066445694	15.7130630218298
6929	1.28722956868309	15.7130630218298
6930	-0.318752239915457	-5.30389799172775
6931	0.322131339588853	-5.30389799172775
6932	5.2616944108093	15.7130630218298
6933	8.82900430089372	15.7130630218298
6934	-2.30272827027497	-5.30389799172775
6935	7.22671133846696	-5.30389799172775
6936	-2.72650320743043	-5.30389799172775
6937	-0.46843181378382	-5.30389799172775
6938	-1.03217188205283	-5.30389799172775
6939	7.16723598287619	-5.30389799172775
6940	-0.111691247546562	-5.30389799172775
6941	-2.6259055099788	-5.30389799172775
6942	2.72434890377882	-5.30389799172775
6943	-0.875120443972189	15.7130630218298
6944	1.17835308185305	15.7130630218298
6945	-0.338855688886291	-5.30389799172775
6946	-1.42065506517047	15.7130630218298
6947	7.97386728885544	15.7130630218298
6948	2.22575254380213	-5.30389799172775
6949	3.04465045166932	15.7130630218298
6950	1.50293764620544	-5.30389799172775
6951	1.37353910564799	-5.30389799172775
6952	0.0804999982917752	-5.30389799172775
6953	0.419282683854408	15.7130630218298
6954	-1.77964448430797	15.7130630218298
6955	-2.97491361983617	-5.30389799172775
6956	1.51608146727065	15.7130630218298
6957	2.03166462183689	-5.30389799172775
6958	5.25153152901144	15.7130630218298
6959	-0.990726377760774	15.7130630218298
6960	6.71007762971618	15.7130630218298
6961	2.51754568958693	15.7130630218298
6962	5.14228240478092	-5.30389799172775
6963	2.22102915390564	15.7130630218298
6964	4.59494068903147	-5.30389799172775
6965	3.97686449291997	-5.30389799172775
6966	4.68391143616397	15.7130630218298
6967	6.33941544000246	15.7130630218298
6968	-1.87467214629883	15.7130630218298
6969	1.51311956696982	-5.30389799172775
6970	1.36435275540902	15.7130630218298
6971	5.22823915846488	-5.30389799172775
6972	4.38826261422772	-5.30389799172775
6973	5.47986906477806	-5.30389799172775
6974	0.270595138764477	15.7130630218298
6975	-0.153860075129734	15.7130630218298
6976	5.56012300122196	-5.30389799172775
6977	2.32505263054526	-5.30389799172775
6978	6.24277095251061	-5.30389799172775
6979	2.45398224816271	-5.30389799172775
6980	8.26490907575558	-5.30389799172775
6981	-0.930945882161437	15.7130630218298
6982	5.39932265096741	15.7130630218298
6983	5.81624554422744	-5.30389799172775
6984	-2.93409858024638	-5.30389799172775
6985	6.16025155235434	-5.30389799172775
6986	3.16011254647495	15.7130630218298
6987	5.32739330739337	-5.30389799172775
6988	0.282227101930624	-5.30389799172775
6989	6.22767820949219	-5.30389799172775
6990	-1.77049189360083	-5.30389799172775
6991	1.25986883578969	-5.30389799172775
6992	1.24833832538136	15.7130630218298
6993	4.27138506427479	15.7130630218298
6994	8.23388103279801	-5.30389799172775
6995	-0.724592211437589	15.7130630218298
6996	-1.80064293010617	-5.30389799172775
6997	8.34779430816257	15.7130630218298
6998	2.14232647054823	-5.30389799172775
6999	2.01688935116643	15.7130630218298
7000	2.11802353590613	-5.30389799172775
7001	0.72659511272592	-5.30389799172775
7002	0.955969342031826	-5.30389799172775
7003	-1.48018317295949	15.7130630218298
7004	9.18937119752268	15.7130630218298
7005	3.86278767333421	-5.30389799172775
7006	4.07277951095575	15.7130630218298
7007	8.09335750718966	15.7130630218298
7008	2.40746289272958	15.7130630218298
7009	1.75169841125618	15.7130630218298
7010	6.30234904471344	-5.30389799172775
7011	6.13579655870498	-5.30389799172775
7012	4.54584570886809	-5.30389799172775
7013	0.0167104651076917	15.7130630218298
7014	-3.94584964160729	-5.30389799172775
7015	4.87117994637236	15.7130630218298
7016	-0.0896766524990942	15.7130630218298
7017	1.67250081881448	15.7130630218298
7018	10.5986502421001	15.7130630218298
7019	2.16053848443678	-5.30389799172775
7020	3.95893327242985	15.7130630218298
7021	8.64082570944673	15.7130630218298
7022	4.54730201138831	-5.30389799172775
7023	0.977307494202632	15.7130630218298
7024	1.06882011005263	-5.30389799172775
7025	3.19035531022509	-5.30389799172775
7026	0.354662517959042	-5.30389799172775
7027	8.21281182966493	-5.30389799172775
7028	-2.44353143268069	-5.30389799172775
7029	3.96386746052535	15.7130630218298
7030	1.75346706331009	-5.30389799172775
7031	2.72891950447322	-5.30389799172775
7032	0.15130527464686	15.7130630218298
7033	0.776844952845669	15.7130630218298
7034	3.43692809074676	-5.30389799172775
7035	1.10411931682987	15.7130630218298
7036	0.19172838097893	15.7130630218298
7037	2.32819553563234	15.7130630218298
7038	5.41486842392824	-5.30389799172775
7039	4.00172788958346	15.7130630218298
7040	1.80975166297802	-5.30389799172775
7041	3.37918766093409	15.7130630218298
7042	0.271837861555728	15.7130630218298
7043	4.27576087797144	15.7130630218298
7044	1.21458901003792	15.7130630218298
7045	-1.34571426500243	15.7130630218298
7046	1.5991827235065	15.7130630218298
7047	8.90883706034136	-5.30389799172775
7048	1.55573076680744	-5.30389799172775
7049	1.71821580999688	15.7130630218298
7050	3.09945175602001	15.7130630218298
7051	0.814243488014961	-5.30389799172775
7052	3.47294951502317	15.7130630218298
7053	0.820190235673438	-5.30389799172775
7054	0.0858972810183634	-5.30389799172775
7055	9.50144070357534	-5.30389799172775
7056	9.73618464349955	-5.30389799172775
7057	0.480776128002462	-5.30389799172775
7058	-2.07576876510189	15.7130630218298
7059	2.08428246714859	15.7130630218298
7060	0.0423928969344883	-5.30389799172775
7061	10.9400305590002	15.7130630218298
7062	1.45510443302963	-5.30389799172775
7063	1.43980085650073	-5.30389799172775
7064	1.06729994622673	-5.30389799172775
7065	-0.667118095738368	15.7130630218298
7066	2.48559622194781	-5.30389799172775
7067	-3.59334622840611	-5.30389799172775
7068	5.4842791619212	15.7130630218298
7069	6.52912929207117	-5.30389799172775
7070	9.41640296883018	15.7130630218298
7071	1.8833297538254	-5.30389799172775
7072	2.72801818624204	15.7130630218298
7073	2.06766699685338	-5.30389799172775
7074	-0.873487412559177	-5.30389799172775
7075	-2.48713331053373	-5.30389799172775
7076	6.12039571806073	15.7130630218298
7077	3.89217324849871	15.7130630218298
7078	0.437893522890534	-5.30389799172775
7079	2.91732636838642	15.7130630218298
7080	6.45903992462169	15.7130630218298
7081	-0.983639680156443	-5.30389799172775
7082	1.35549236184546	15.7130630218298
7083	2.71621453822414	-5.30389799172775
7084	-1.94906625013054	-5.30389799172775
7085	3.56726923576964	15.7130630218298
7086	3.84800896785591	-5.30389799172775
7087	3.73079781533223	15.7130630218298
7088	4.54384424690582	-5.30389799172775
7089	3.07197709478683	-5.30389799172775
7090	5.11454114811392	-5.30389799172775
7091	1.35550223140033	-5.30389799172775
7092	9.41913541980507	-5.30389799172775
7093	3.04965937796903	15.7130630218298
7094	6.49725403412085	15.7130630218298
7095	5.97422921167153	15.7130630218298
7096	4.29910421735747	15.7130630218298
7097	-2.48117093495082	-5.30389799172775
7098	-0.855475425622786	-5.30389799172775
7099	1.02982585245596	15.7130630218298
7100	-0.550405438180211	15.7130630218298
7101	-0.378911573341857	15.7130630218298
7102	0.860069221105435	-5.30389799172775
7103	0.0782511233260432	-5.30389799172775
7104	9.05461057364169	15.7130630218298
7105	-0.667633028420721	15.7130630218298
7106	6.49555919214203	-5.30389799172775
7107	6.37854978133696	-5.30389799172775
7108	1.83758599419501	-5.30389799172775
7109	7.24258033035268	15.7130630218298
7110	3.71548639175473	15.7130630218298
7111	6.89111419736346	15.7130630218298
7112	1.01091020763872	15.7130630218298
7113	3.60354287504806	-5.30389799172775
7114	-1.13234192349842	-5.30389799172775
7115	4.04042233026464	-5.30389799172775
7116	7.74974825111187	-5.30389799172775
7117	1.03288850154374	15.7130630218298
7118	5.11043242136999	-5.30389799172775
7119	1.09225002588568	-5.30389799172775
7120	0.351957938008793	15.7130630218298
7121	7.69667328978609	15.7130630218298
7122	2.68677664636076	15.7130630218298
7123	-0.420341071145105	-5.30389799172775
7124	3.47992365154558	-5.30389799172775
7125	2.13723221294091	15.7130630218298
7126	1.50185514701769	-5.30389799172775
7127	-0.14263730175095	15.7130630218298
7128	3.0038066445694	-5.30389799172775
7129	1.28722956868309	-5.30389799172775
7130	-0.318752239915457	15.7130630218298
7131	0.322131339588853	15.7130630218298
7132	5.2616944108093	-5.30389799172775
7133	8.82900430089372	-5.30389799172775
7134	-2.30272827027497	15.7130630218298
7135	7.22671133846696	15.7130630218298
7136	-2.72650320743043	15.7130630218298
7137	-0.46843181378382	15.7130630218298
7138	-1.03217188205283	15.7130630218298
7139	7.16723598287619	15.7130630218298
7140	-0.111691247546562	15.7130630218298
7141	-2.6259055099788	15.7130630218298
7142	2.72434890377882	15.7130630218298
7143	-0.875120443972189	-5.30389799172775
7144	1.17835308185305	-5.30389799172775
7145	-0.338855688886291	15.7130630218298
7146	-1.42065506517047	-5.30389799172775
7147	7.97386728885544	-5.30389799172775
7148	2.22575254380213	15.7130630218298
7149	3.04465045166932	-5.30389799172775
7150	1.50293764620544	15.7130630218298
7151	1.37353910564799	15.7130630218298
7152	0.0804999982917752	15.7130630218298
7153	0.419282683854408	-5.30389799172775
7154	-1.77964448430797	-5.30389799172775
7155	-2.97491361983617	15.7130630218298
7156	1.51608146727065	-5.30389799172775
7157	2.03166462183689	15.7130630218298
7158	5.25153152901144	-5.30389799172775
7159	-0.990726377760774	-5.30389799172775
7160	6.71007762971618	-5.30389799172775
7161	2.51754568958693	-5.30389799172775
7162	5.14228240478092	15.7130630218298
7163	2.22102915390564	-5.30389799172775
7164	4.59494068903147	15.7130630218298
7165	3.97686449291997	15.7130630218298
7166	4.68391143616397	-5.30389799172775
7167	6.33941544000246	-5.30389799172775
7168	-1.87467214629883	-5.30389799172775
7169	1.51311956696982	15.7130630218298
7170	1.36435275540902	-5.30389799172775
7171	5.22823915846488	15.7130630218298
7172	4.38826261422772	15.7130630218298
7173	5.47986906477806	15.7130630218298
7174	0.270595138764477	-5.30389799172775
7175	-0.153860075129734	-5.30389799172775
7176	5.56012300122196	15.7130630218298
7177	2.32505263054526	15.7130630218298
7178	6.24277095251061	15.7130630218298
7179	2.45398224816271	15.7130630218298
7180	8.26490907575558	15.7130630218298
7181	-0.930945882161437	-5.30389799172775
7182	5.39932265096741	-5.30389799172775
7183	5.81624554422744	15.7130630218298
7184	-2.93409858024638	15.7130630218298
7185	6.16025155235434	15.7130630218298
7186	3.16011254647495	-5.30389799172775
7187	5.32739330739337	15.7130630218298
7188	0.282227101930624	15.7130630218298
7189	6.22767820949219	15.7130630218298
7190	-1.77049189360083	15.7130630218298
7191	1.25986883578969	15.7130630218298
7192	1.24833832538136	-5.30389799172775
7193	4.27138506427479	-5.30389799172775
7194	8.23388103279801	15.7130630218298
7195	-0.724592211437589	-5.30389799172775
7196	-1.80064293010617	15.7130630218298
7197	8.34779430816257	-5.30389799172775
7198	2.14232647054823	15.7130630218298
7199	2.01688935116643	-5.30389799172775
7200	2.11802353590613	15.7130630218298
7201	0.72659511272592	15.7130630218298
7202	0.955969342031826	15.7130630218298
7203	-1.48018317295949	-5.30389799172775
7204	9.18937119752268	-5.30389799172775
7205	3.86278767333421	15.7130630218298
7206	4.07277951095575	-5.30389799172775
7207	8.09335750718966	-5.30389799172775
7208	2.40746289272958	-5.30389799172775
7209	1.75169841125618	-5.30389799172775
7210	6.30234904471344	15.7130630218298
7211	6.13579655870498	15.7130630218298
7212	4.54584570886809	15.7130630218298
7213	0.0167104651076917	-5.30389799172775
7214	-3.94584964160729	15.7130630218298
7215	4.87117994637236	-5.30389799172775
7216	-0.0896766524990942	-5.30389799172775
7217	1.67250081881448	-5.30389799172775
7218	10.5986502421001	-5.30389799172775
7219	2.16053848443678	15.7130630218298
7220	3.95893327242985	-5.30389799172775
7221	8.64082570944673	-5.30389799172775
7222	4.54730201138831	15.7130630218298
7223	0.977307494202632	-5.30389799172775
7224	1.06882011005263	15.7130630218298
7225	3.19035531022509	15.7130630218298
7226	0.354662517959042	15.7130630218298
7227	8.21281182966493	15.7130630218298
7228	-2.44353143268069	15.7130630218298
7229	3.96386746052535	-5.30389799172775
7230	1.75346706331009	15.7130630218298
7231	2.72891950447322	15.7130630218298
7232	0.15130527464686	-5.30389799172775
7233	0.776844952845669	-5.30389799172775
7234	3.43692809074676	15.7130630218298
7235	1.10411931682987	-5.30389799172775
7236	0.19172838097893	-5.30389799172775
7237	2.32819553563234	-5.30389799172775
7238	5.41486842392824	15.7130630218298
7239	4.00172788958346	-5.30389799172775
7240	1.80975166297802	15.7130630218298
7241	3.37918766093409	-5.30389799172775
7242	0.271837861555728	-5.30389799172775
7243	4.27576087797144	-5.30389799172775
7244	1.21458901003792	-5.30389799172775
7245	-1.34571426500243	-5.30389799172775
7246	1.5991827235065	-5.30389799172775
7247	8.90883706034136	15.7130630218298
7248	1.55573076680744	15.7130630218298
7249	1.71821580999688	-5.30389799172775
7250	3.09945175602001	-5.30389799172775
7251	0.814243488014961	15.7130630218298
7252	3.47294951502317	-5.30389799172775
7253	0.820190235673438	15.7130630218298
7254	0.0858972810183634	15.7130630218298
7255	9.50144070357534	15.7130630218298
7256	9.73618464349955	15.7130630218298
7257	0.480776128002462	15.7130630218298
7258	-2.07576876510189	-5.30389799172775
7259	2.08428246714859	-5.30389799172775
7260	0.0423928969344883	15.7130630218298
7261	10.9400305590002	-5.30389799172775
7262	1.45510443302963	15.7130630218298
7263	1.43980085650073	15.7130630218298
7264	1.06729994622673	15.7130630218298
7265	-0.667118095738368	-5.30389799172775
7266	2.48559622194781	15.7130630218298
7267	-3.59334622840611	15.7130630218298
7268	5.4842791619212	-5.30389799172775
7269	6.52912929207117	15.7130630218298
7270	9.41640296883018	-5.30389799172775
7271	1.8833297538254	15.7130630218298
7272	2.72801818624204	-5.30389799172775
7273	2.06766699685338	15.7130630218298
7274	-0.873487412559177	15.7130630218298
7275	-2.48713331053373	15.7130630218298
7276	6.12039571806073	-5.30389799172775
7277	3.89217324849871	-5.30389799172775
7278	0.437893522890534	15.7130630218298
7279	2.91732636838642	-5.30389799172775
7280	6.45903992462169	-5.30389799172775
7281	-0.983639680156443	15.7130630218298
7282	1.35549236184546	-5.30389799172775
7283	2.71621453822414	15.7130630218298
7284	-1.94906625013054	15.7130630218298
7285	3.56726923576964	-5.30389799172775
7286	3.84800896785591	15.7130630218298
7287	3.73079781533223	-5.30389799172775
7288	4.54384424690582	15.7130630218298
7289	3.07197709478683	15.7130630218298
7290	5.11454114811392	15.7130630218298
7291	1.35550223140033	15.7130630218298
7292	9.41913541980507	15.7130630218298
7293	3.04965937796903	-5.30389799172775
7294	6.49725403412085	-5.30389799172775
7295	5.97422921167153	-5.30389799172775
7296	4.29910421735747	-5.30389799172775
7297	-2.48117093495082	15.7130630218298
7298	-0.855475425622786	15.7130630218298
7299	1.02982585245596	-5.30389799172775
7300	-0.550405438180211	-5.30389799172775
7301	-0.378911573341857	-5.30389799172775
7302	0.860069221105435	15.7130630218298
7303	0.0782511233260432	15.7130630218298
7304	9.05461057364169	-5.30389799172775
7305	-0.667633028420721	-5.30389799172775
7306	6.49555919214203	15.7130630218298
7307	6.37854978133696	15.7130630218298
7308	1.83758599419501	15.7130630218298
7309	7.24258033035268	-5.30389799172775
7310	3.71548639175473	-5.30389799172775
7311	6.89111419736346	-5.30389799172775
7312	1.01091020763872	-5.30389799172775
7313	3.60354287504806	15.7130630218298
7314	-1.13234192349842	15.7130630218298
7315	4.04042233026464	15.7130630218298
7316	7.74974825111187	15.7130630218298
7317	1.03288850154374	-5.30389799172775
7318	5.11043242136999	15.7130630218298
7319	1.09225002588568	15.7130630218298
7320	0.351957938008793	-5.30389799172775
7321	7.69667328978609	-5.30389799172775
7322	2.68677664636076	-5.30389799172775
7323	-0.420341071145105	15.7130630218298
7324	3.47992365154558	15.7130630218298
7325	2.13723221294091	-5.30389799172775
7326	1.50185514701769	15.7130630218298
7327	-0.14263730175095	-5.30389799172775
7328	3.0038066445694	15.7130630218298
7329	1.28722956868309	15.7130630218298
7330	-0.318752239915457	-5.30389799172775
7331	0.322131339588853	-5.30389799172775
7332	5.2616944108093	15.7130630218298
7333	8.82900430089372	15.7130630218298
7334	-2.30272827027497	-5.30389799172775
7335	7.22671133846696	-5.30389799172775
7336	-2.72650320743043	-5.30389799172775
7337	-0.46843181378382	-5.30389799172775
7338	-1.03217188205283	-5.30389799172775
7339	7.16723598287619	-5.30389799172775
7340	-0.111691247546562	-5.30389799172775
7341	-2.6259055099788	-5.30389799172775
7342	2.72434890377882	-5.30389799172775
7343	-0.875120443972189	15.7130630218298
7344	1.17835308185305	15.7130630218298
7345	-0.338855688886291	-5.30389799172775
7346	-1.42065506517047	15.7130630218298
7347	7.97386728885544	15.7130630218298
7348	2.22575254380213	-5.30389799172775
7349	3.04465045166932	15.7130630218298
7350	1.50293764620544	-5.30389799172775
7351	1.37353910564799	-5.30389799172775
7352	0.0804999982917752	-5.30389799172775
7353	0.419282683854408	15.7130630218298
7354	-1.77964448430797	15.7130630218298
7355	-2.97491361983617	-5.30389799172775
7356	1.51608146727065	15.7130630218298
7357	2.03166462183689	-5.30389799172775
7358	5.25153152901144	15.7130630218298
7359	-0.990726377760774	15.7130630218298
7360	6.71007762971618	15.7130630218298
7361	2.51754568958693	15.7130630218298
7362	5.14228240478092	-5.30389799172775
7363	2.22102915390564	15.7130630218298
7364	4.59494068903147	-5.30389799172775
7365	3.97686449291997	-5.30389799172775
7366	4.68391143616397	15.7130630218298
7367	6.33941544000246	15.7130630218298
7368	-1.87467214629883	15.7130630218298
7369	1.51311956696982	-5.30389799172775
7370	1.36435275540902	15.7130630218298
7371	5.22823915846488	-5.30389799172775
7372	4.38826261422772	-5.30389799172775
7373	5.47986906477806	-5.30389799172775
7374	0.270595138764477	15.7130630218298
7375	-0.153860075129734	15.7130630218298
7376	5.56012300122196	-5.30389799172775
7377	2.32505263054526	-5.30389799172775
7378	6.24277095251061	-5.30389799172775
7379	2.45398224816271	-5.30389799172775
7380	8.26490907575558	-5.30389799172775
7381	-0.930945882161437	15.7130630218298
7382	5.39932265096741	15.7130630218298
7383	5.81624554422744	-5.30389799172775
7384	-2.93409858024638	-5.30389799172775
7385	6.16025155235434	-5.30389799172775
7386	3.16011254647495	15.7130630218298
7387	5.32739330739337	-5.30389799172775
7388	0.282227101930624	-5.30389799172775
7389	6.22767820949219	-5.30389799172775
7390	-1.77049189360083	-5.30389799172775
7391	1.25986883578969	-5.30389799172775
7392	1.24833832538136	15.7130630218298
7393	4.27138506427479	15.7130630218298
7394	8.23388103279801	-5.30389799172775
7395	-0.724592211437589	15.7130630218298
7396	-1.80064293010617	-5.30389799172775
7397	8.34779430816257	15.7130630218298
7398	2.14232647054823	-5.30389799172775
7399	2.01688935116643	15.7130630218298
7400	2.11802353590613	-5.30389799172775
7401	0.72659511272592	-5.30389799172775
7402	0.955969342031826	-5.30389799172775
7403	-1.48018317295949	15.7130630218298
7404	9.18937119752268	15.7130630218298
7405	3.86278767333421	-5.30389799172775
7406	4.07277951095575	15.7130630218298
7407	8.09335750718966	15.7130630218298
7408	2.40746289272958	15.7130630218298
7409	1.75169841125618	15.7130630218298
7410	6.30234904471344	-5.30389799172775
7411	6.13579655870498	-5.30389799172775
7412	4.54584570886809	-5.30389799172775
7413	0.0167104651076917	15.7130630218298
7414	-3.94584964160729	-5.30389799172775
7415	4.87117994637236	15.7130630218298
7416	-0.0896766524990942	15.7130630218298
7417	1.67250081881448	15.7130630218298
7418	10.5986502421001	15.7130630218298
7419	2.16053848443678	-5.30389799172775
7420	3.95893327242985	15.7130630218298
7421	8.64082570944673	15.7130630218298
7422	4.54730201138831	-5.30389799172775
7423	0.977307494202632	15.7130630218298
7424	1.06882011005263	-5.30389799172775
7425	3.19035531022509	-5.30389799172775
7426	0.354662517959042	-5.30389799172775
7427	8.21281182966493	-5.30389799172775
7428	-2.44353143268069	-5.30389799172775
7429	3.96386746052535	15.7130630218298
7430	1.75346706331009	-5.30389799172775
7431	2.72891950447322	-5.30389799172775
7432	0.15130527464686	15.7130630218298
7433	0.776844952845669	15.7130630218298
7434	3.43692809074676	-5.30389799172775
7435	1.10411931682987	15.7130630218298
7436	0.19172838097893	15.7130630218298
7437	2.32819553563234	15.7130630218298
7438	5.41486842392824	-5.30389799172775
7439	4.00172788958346	15.7130630218298
7440	1.80975166297802	-5.30389799172775
7441	3.37918766093409	15.7130630218298
7442	0.271837861555728	15.7130630218298
7443	4.27576087797144	15.7130630218298
7444	1.21458901003792	15.7130630218298
7445	-1.34571426500243	15.7130630218298
7446	1.5991827235065	15.7130630218298
7447	8.90883706034136	-5.30389799172775
7448	1.55573076680744	-5.30389799172775
7449	1.71821580999688	15.7130630218298
7450	3.09945175602001	15.7130630218298
7451	0.814243488014961	-5.30389799172775
7452	3.47294951502317	15.7130630218298
7453	0.820190235673438	-5.30389799172775
7454	0.0858972810183634	-5.30389799172775
7455	9.50144070357534	-5.30389799172775
7456	9.73618464349955	-5.30389799172775
7457	0.480776128002462	-5.30389799172775
7458	-2.07576876510189	15.7130630218298
7459	2.08428246714859	15.7130630218298
7460	0.0423928969344883	-5.30389799172775
7461	10.9400305590002	15.7130630218298
7462	1.45510443302963	-5.30389799172775
7463	1.43980085650073	-5.30389799172775
7464	1.06729994622673	-5.30389799172775
7465	-0.667118095738368	15.7130630218298
7466	2.48559622194781	-5.30389799172775
7467	-3.59334622840611	-5.30389799172775
7468	5.4842791619212	15.7130630218298
7469	6.52912929207117	-5.30389799172775
7470	9.41640296883018	15.7130630218298
7471	1.8833297538254	-5.30389799172775
7472	2.72801818624204	15.7130630218298
7473	2.06766699685338	-5.30389799172775
7474	-0.873487412559177	-5.30389799172775
7475	-2.48713331053373	-5.30389799172775
7476	6.12039571806073	15.7130630218298
7477	3.89217324849871	15.7130630218298
7478	0.437893522890534	-5.30389799172775
7479	2.91732636838642	15.7130630218298
7480	6.45903992462169	15.7130630218298
7481	-0.983639680156443	-5.30389799172775
7482	1.35549236184546	15.7130630218298
7483	2.71621453822414	-5.30389799172775
7484	-1.94906625013054	-5.30389799172775
7485	3.56726923576964	15.7130630218298
7486	3.84800896785591	-5.30389799172775
7487	3.73079781533223	15.7130630218298
7488	4.54384424690582	-5.30389799172775
7489	3.07197709478683	-5.30389799172775
7490	5.11454114811392	-5.30389799172775
7491	1.35550223140033	-5.30389799172775
7492	9.41913541980507	-5.30389799172775
7493	3.04965937796903	15.7130630218298
7494	6.49725403412085	15.7130630218298
7495	5.97422921167153	15.7130630218298
7496	4.29910421735747	15.7130630218298
7497	-2.48117093495082	-5.30389799172775
7498	-0.855475425622786	-5.30389799172775
7499	1.02982585245596	15.7130630218298
7500	-0.550405438180211	15.7130630218298
7501	-0.378911573341857	15.7130630218298
7502	0.860069221105435	-5.30389799172775
7503	0.0782511233260432	-5.30389799172775
7504	9.05461057364169	15.7130630218298
7505	-0.667633028420721	15.7130630218298
7506	6.49555919214203	-5.30389799172775
7507	6.37854978133696	-5.30389799172775
7508	1.83758599419501	-5.30389799172775
7509	7.24258033035268	15.7130630218298
7510	3.71548639175473	15.7130630218298
7511	6.89111419736346	15.7130630218298
7512	1.01091020763872	15.7130630218298
7513	3.60354287504806	-5.30389799172775
7514	-1.13234192349842	-5.30389799172775
7515	4.04042233026464	-5.30389799172775
7516	7.74974825111187	-5.30389799172775
7517	1.03288850154374	15.7130630218298
7518	5.11043242136999	-5.30389799172775
7519	1.09225002588568	-5.30389799172775
7520	0.351957938008793	15.7130630218298
7521	7.69667328978609	15.7130630218298
7522	2.68677664636076	15.7130630218298
7523	-0.420341071145105	-5.30389799172775
7524	3.47992365154558	-5.30389799172775
7525	2.13723221294091	15.7130630218298
7526	1.50185514701769	-5.30389799172775
7527	-0.14263730175095	15.7130630218298
7528	3.0038066445694	-5.30389799172775
7529	1.28722956868309	-5.30389799172775
7530	-0.318752239915457	15.7130630218298
7531	0.322131339588853	15.7130630218298
7532	5.2616944108093	-5.30389799172775
7533	8.82900430089372	-5.30389799172775
7534	-2.30272827027497	15.7130630218298
7535	7.22671133846696	15.7130630218298
7536	-2.72650320743043	15.7130630218298
7537	-0.46843181378382	15.7130630218298
7538	-1.03217188205283	15.7130630218298
7539	7.16723598287619	15.7130630218298
7540	-0.111691247546562	15.7130630218298
7541	-2.6259055099788	15.7130630218298
7542	2.72434890377882	15.7130630218298
7543	-0.875120443972189	-5.30389799172775
7544	1.17835308185305	-5.30389799172775
7545	-0.338855688886291	15.7130630218298
7546	-1.42065506517047	-5.30389799172775
7547	7.97386728885544	-5.30389799172775
7548	2.22575254380213	15.7130630218298
7549	3.04465045166932	-5.30389799172775
7550	1.50293764620544	15.7130630218298
7551	1.37353910564799	15.7130630218298
7552	0.0804999982917752	15.7130630218298
7553	0.419282683854408	-5.30389799172775
7554	-1.77964448430797	-5.30389799172775
7555	-2.97491361983617	15.7130630218298
7556	1.51608146727065	-5.30389799172775
7557	2.03166462183689	15.7130630218298
7558	5.25153152901144	-5.30389799172775
7559	-0.990726377760774	-5.30389799172775
7560	6.71007762971618	-5.30389799172775
7561	2.51754568958693	-5.30389799172775
7562	5.14228240478092	15.7130630218298
7563	2.22102915390564	-5.30389799172775
7564	4.59494068903147	15.7130630218298
7565	3.97686449291997	15.7130630218298
7566	4.68391143616397	-5.30389799172775
7567	6.33941544000246	-5.30389799172775
7568	-1.87467214629883	-5.30389799172775
7569	1.51311956696982	15.7130630218298
7570	1.36435275540902	-5.30389799172775
7571	5.22823915846488	15.7130630218298
7572	4.38826261422772	15.7130630218298
7573	5.47986906477806	15.7130630218298
7574	0.270595138764477	-5.30389799172775
7575	-0.153860075129734	-5.30389799172775
7576	5.56012300122196	15.7130630218298
7577	2.32505263054526	15.7130630218298
7578	6.24277095251061	15.7130630218298
7579	2.45398224816271	15.7130630218298
7580	8.26490907575558	15.7130630218298
7581	-0.930945882161437	-5.30389799172775
7582	5.39932265096741	-5.30389799172775
7583	5.81624554422744	15.7130630218298
7584	-2.93409858024638	15.7130630218298
7585	6.16025155235434	15.7130630218298
7586	3.16011254647495	-5.30389799172775
7587	5.32739330739337	15.7130630218298
7588	0.282227101930624	15.7130630218298
7589	6.22767820949219	15.7130630218298
7590	-1.77049189360083	15.7130630218298
7591	1.25986883578969	15.7130630218298
7592	1.24833832538136	-5.30389799172775
7593	4.27138506427479	-5.30389799172775
7594	8.23388103279801	15.7130630218298
7595	-0.724592211437589	-5.30389799172775
7596	-1.80064293010617	15.7130630218298
7597	8.34779430816257	-5.30389799172775
7598	2.14232647054823	15.7130630218298
7599	2.01688935116643	-5.30389799172775
7600	2.11802353590613	15.7130630218298
7601	0.72659511272592	15.7130630218298
7602	0.955969342031826	15.7130630218298
7603	-1.48018317295949	-5.30389799172775
7604	9.18937119752268	-5.30389799172775
7605	3.86278767333421	15.7130630218298
7606	4.07277951095575	-5.30389799172775
7607	8.09335750718966	-5.30389799172775
7608	2.40746289272958	-5.30389799172775
7609	1.75169841125618	-5.30389799172775
7610	6.30234904471344	15.7130630218298
7611	6.13579655870498	15.7130630218298
7612	4.54584570886809	15.7130630218298
7613	0.0167104651076917	-5.30389799172775
7614	-3.94584964160729	15.7130630218298
7615	4.87117994637236	-5.30389799172775
7616	-0.0896766524990942	-5.30389799172775
7617	1.67250081881448	-5.30389799172775
7618	10.5986502421001	-5.30389799172775
7619	2.16053848443678	15.7130630218298
7620	3.95893327242985	-5.30389799172775
7621	8.64082570944673	-5.30389799172775
7622	4.54730201138831	15.7130630218298
7623	0.977307494202632	-5.30389799172775
7624	1.06882011005263	15.7130630218298
7625	3.19035531022509	15.7130630218298
7626	0.354662517959042	15.7130630218298
7627	8.21281182966493	15.7130630218298
7628	-2.44353143268069	15.7130630218298
7629	3.96386746052535	-5.30389799172775
7630	1.75346706331009	15.7130630218298
7631	2.72891950447322	15.7130630218298
7632	0.15130527464686	-5.30389799172775
7633	0.776844952845669	-5.30389799172775
7634	3.43692809074676	15.7130630218298
7635	1.10411931682987	-5.30389799172775
7636	0.19172838097893	-5.30389799172775
7637	2.32819553563234	-5.30389799172775
7638	5.41486842392824	15.7130630218298
7639	4.00172788958346	-5.30389799172775
7640	1.80975166297802	15.7130630218298
7641	3.37918766093409	-5.30389799172775
7642	0.271837861555728	-5.30389799172775
7643	4.27576087797144	-5.30389799172775
7644	1.21458901003792	-5.30389799172775
7645	-1.34571426500243	-5.30389799172775
7646	1.5991827235065	-5.30389799172775
7647	8.90883706034136	15.7130630218298
7648	1.55573076680744	15.7130630218298
7649	1.71821580999688	-5.30389799172775
7650	3.09945175602001	-5.30389799172775
7651	0.814243488014961	15.7130630218298
7652	3.47294951502317	-5.30389799172775
7653	0.820190235673438	15.7130630218298
7654	0.0858972810183634	15.7130630218298
7655	9.50144070357534	15.7130630218298
7656	9.73618464349955	15.7130630218298
7657	0.480776128002462	15.7130630218298
7658	-2.07576876510189	-5.30389799172775
7659	2.08428246714859	-5.30389799172775
7660	0.0423928969344883	15.7130630218298
7661	10.9400305590002	-5.30389799172775
7662	1.45510443302963	15.7130630218298
7663	1.43980085650073	15.7130630218298
7664	1.06729994622673	15.7130630218298
7665	-0.667118095738368	-5.30389799172775
7666	2.48559622194781	15.7130630218298
7667	-3.59334622840611	15.7130630218298
7668	5.4842791619212	-5.30389799172775
7669	6.52912929207117	15.7130630218298
7670	9.41640296883018	-5.30389799172775
7671	1.8833297538254	15.7130630218298
7672	2.72801818624204	-5.30389799172775
7673	2.06766699685338	15.7130630218298
7674	-0.873487412559177	15.7130630218298
7675	-2.48713331053373	15.7130630218298
7676	6.12039571806073	-5.30389799172775
7677	3.89217324849871	-5.30389799172775
7678	0.437893522890534	15.7130630218298
7679	2.91732636838642	-5.30389799172775
7680	6.45903992462169	-5.30389799172775
7681	-0.983639680156443	15.7130630218298
7682	1.35549236184546	-5.30389799172775
7683	2.71621453822414	15.7130630218298
7684	-1.94906625013054	15.7130630218298
7685	3.56726923576964	-5.30389799172775
7686	3.84800896785591	15.7130630218298
7687	3.73079781533223	-5.30389799172775
7688	4.54384424690582	15.7130630218298
7689	3.07197709478683	15.7130630218298
7690	5.11454114811392	15.7130630218298
7691	1.35550223140033	15.7130630218298
7692	9.41913541980507	15.7130630218298
7693	3.04965937796903	-5.30389799172775
7694	6.49725403412085	-5.30389799172775
7695	5.97422921167153	-5.30389799172775
7696	4.29910421735747	-5.30389799172775
7697	-2.48117093495082	15.7130630218298
7698	-0.855475425622786	15.7130630218298
7699	1.02982585245596	-5.30389799172775
7700	-0.550405438180211	-5.30389799172775
7701	-0.378911573341857	-5.30389799172775
7702	0.860069221105435	15.7130630218298
7703	0.0782511233260432	15.7130630218298
7704	9.05461057364169	-5.30389799172775
7705	-0.667633028420721	-5.30389799172775
7706	6.49555919214203	15.7130630218298
7707	6.37854978133696	15.7130630218298
7708	1.83758599419501	15.7130630218298
7709	7.24258033035268	-5.30389799172775
7710	3.71548639175473	-5.30389799172775
7711	6.89111419736346	-5.30389799172775
7712	1.01091020763872	-5.30389799172775
7713	3.60354287504806	15.7130630218298
7714	-1.13234192349842	15.7130630218298
7715	4.04042233026464	15.7130630218298
7716	7.74974825111187	15.7130630218298
7717	1.03288850154374	-5.30389799172775
7718	5.11043242136999	15.7130630218298
7719	1.09225002588568	15.7130630218298
7720	0.351957938008793	-5.30389799172775
7721	7.69667328978609	-5.30389799172775
7722	2.68677664636076	-5.30389799172775
7723	-0.420341071145105	15.7130630218298
7724	3.47992365154558	15.7130630218298
7725	2.13723221294091	-5.30389799172775
7726	1.50185514701769	15.7130630218298
7727	-0.14263730175095	-5.30389799172775
7728	3.0038066445694	15.7130630218298
7729	1.28722956868309	15.7130630218298
7730	-0.318752239915457	-5.30389799172775
7731	0.322131339588853	-5.30389799172775
7732	5.2616944108093	15.7130630218298
7733	8.82900430089372	15.7130630218298
7734	-2.30272827027497	-5.30389799172775
7735	7.22671133846696	-5.30389799172775
7736	-2.72650320743043	-5.30389799172775
7737	-0.46843181378382	-5.30389799172775
7738	-1.03217188205283	-5.30389799172775
7739	7.16723598287619	-5.30389799172775
7740	-0.111691247546562	-5.30389799172775
7741	-2.6259055099788	-5.30389799172775
7742	2.72434890377882	-5.30389799172775
7743	-0.875120443972189	15.7130630218298
7744	1.17835308185305	15.7130630218298
7745	-0.338855688886291	-5.30389799172775
7746	-1.42065506517047	15.7130630218298
7747	7.97386728885544	15.7130630218298
7748	2.22575254380213	-5.30389799172775
7749	3.04465045166932	15.7130630218298
7750	1.50293764620544	-5.30389799172775
7751	1.37353910564799	-5.30389799172775
7752	0.0804999982917752	-5.30389799172775
7753	0.419282683854408	15.7130630218298
7754	-1.77964448430797	15.7130630218298
7755	-2.97491361983617	-5.30389799172775
7756	1.51608146727065	15.7130630218298
7757	2.03166462183689	-5.30389799172775
7758	5.25153152901144	15.7130630218298
7759	-0.990726377760774	15.7130630218298
7760	6.71007762971618	15.7130630218298
7761	2.51754568958693	15.7130630218298
7762	5.14228240478092	-5.30389799172775
7763	2.22102915390564	15.7130630218298
7764	4.59494068903147	-5.30389799172775
7765	3.97686449291997	-5.30389799172775
7766	4.68391143616397	15.7130630218298
7767	6.33941544000246	15.7130630218298
7768	-1.87467214629883	15.7130630218298
7769	1.51311956696982	-5.30389799172775
7770	1.36435275540902	15.7130630218298
7771	5.22823915846488	-5.30389799172775
7772	4.38826261422772	-5.30389799172775
7773	5.47986906477806	-5.30389799172775
7774	0.270595138764477	15.7130630218298
7775	-0.153860075129734	15.7130630218298
7776	5.56012300122196	-5.30389799172775
7777	2.32505263054526	-5.30389799172775
7778	6.24277095251061	-5.30389799172775
7779	2.45398224816271	-5.30389799172775
7780	8.26490907575558	-5.30389799172775
7781	-0.930945882161437	15.7130630218298
7782	5.39932265096741	15.7130630218298
7783	5.81624554422744	-5.30389799172775
7784	-2.93409858024638	-5.30389799172775
7785	6.16025155235434	-5.30389799172775
7786	3.16011254647495	15.7130630218298
7787	5.32739330739337	-5.30389799172775
7788	0.282227101930624	-5.30389799172775
7789	6.22767820949219	-5.30389799172775
7790	-1.77049189360083	-5.30389799172775
7791	1.25986883578969	-5.30389799172775
7792	1.24833832538136	15.7130630218298
7793	4.27138506427479	15.7130630218298
7794	8.23388103279801	-5.30389799172775
7795	-0.724592211437589	15.7130630218298
7796	-1.80064293010617	-5.30389799172775
7797	8.34779430816257	15.7130630218298
7798	2.14232647054823	-5.30389799172775
7799	2.01688935116643	15.7130630218298
7800	2.11802353590613	-5.30389799172775
7801	0.72659511272592	-5.30389799172775
7802	0.955969342031826	-5.30389799172775
7803	-1.48018317295949	15.7130630218298
7804	9.18937119752268	15.7130630218298
7805	3.86278767333421	-5.30389799172775
7806	4.07277951095575	15.7130630218298
7807	8.09335750718966	15.7130630218298
7808	2.40746289272958	15.7130630218298
7809	1.75169841125618	15.7130630218298
7810	6.30234904471344	-5.30389799172775
7811	6.13579655870498	-5.30389799172775
7812	4.54584570886809	-5.30389799172775
7813	0.0167104651076917	15.7130630218298
7814	-3.94584964160729	-5.30389799172775
7815	4.87117994637236	15.7130630218298
7816	-0.0896766524990942	15.7130630218298
7817	1.67250081881448	15.7130630218298
7818	10.5986502421001	15.7130630218298
7819	2.16053848443678	-5.30389799172775
7820	3.95893327242985	15.7130630218298
7821	8.64082570944673	15.7130630218298
7822	4.54730201138831	-5.30389799172775
7823	0.977307494202632	15.7130630218298
7824	1.06882011005263	-5.30389799172775
7825	3.19035531022509	-5.30389799172775
7826	0.354662517959042	-5.30389799172775
7827	8.21281182966493	-5.30389799172775
7828	-2.44353143268069	-5.30389799172775
7829	3.96386746052535	15.7130630218298
7830	1.75346706331009	-5.30389799172775
7831	2.72891950447322	-5.30389799172775
7832	0.15130527464686	15.7130630218298
7833	0.776844952845669	15.7130630218298
7834	3.43692809074676	-5.30389799172775
7835	1.10411931682987	15.7130630218298
7836	0.19172838097893	15.7130630218298
7837	2.32819553563234	15.7130630218298
7838	5.41486842392824	-5.30389799172775
7839	4.00172788958346	15.7130630218298
7840	1.80975166297802	-5.30389799172775
7841	3.37918766093409	15.7130630218298
7842	0.271837861555728	15.7130630218298
7843	4.27576087797144	15.7130630218298
7844	1.21458901003792	15.7130630218298
7845	-1.34571426500243	15.7130630218298
7846	1.5991827235065	15.7130630218298
7847	8.90883706034136	-5.30389799172775
7848	1.55573076680744	-5.30389799172775
7849	1.71821580999688	15.7130630218298
7850	3.09945175602001	15.7130630218298
7851	0.814243488014961	-5.30389799172775
7852	3.47294951502317	15.7130630218298
7853	0.820190235673438	-5.30389799172775
7854	0.0858972810183634	-5.30389799172775
7855	9.50144070357534	-5.30389799172775
7856	9.73618464349955	-5.30389799172775
7857	0.480776128002462	-5.30389799172775
7858	-2.07576876510189	15.7130630218298
7859	2.08428246714859	15.7130630218298
7860	0.0423928969344883	-5.30389799172775
7861	10.9400305590002	15.7130630218298
7862	1.45510443302963	-5.30389799172775
7863	1.43980085650073	-5.30389799172775
7864	1.06729994622673	-5.30389799172775
7865	-0.667118095738368	15.7130630218298
7866	2.48559622194781	-5.30389799172775
7867	-3.59334622840611	-5.30389799172775
7868	5.4842791619212	15.7130630218298
7869	6.52912929207117	-5.30389799172775
7870	9.41640296883018	15.7130630218298
7871	1.8833297538254	-5.30389799172775
7872	2.72801818624204	15.7130630218298
7873	2.06766699685338	-5.30389799172775
7874	-0.873487412559177	-5.30389799172775
7875	-2.48713331053373	-5.30389799172775
7876	6.12039571806073	15.7130630218298
7877	3.89217324849871	15.7130630218298
7878	0.437893522890534	-5.30389799172775
7879	2.91732636838642	15.7130630218298
7880	6.45903992462169	15.7130630218298
7881	-0.983639680156443	-5.30389799172775
7882	1.35549236184546	15.7130630218298
7883	2.71621453822414	-5.30389799172775
7884	-1.94906625013054	-5.30389799172775
7885	3.56726923576964	15.7130630218298
7886	3.84800896785591	-5.30389799172775
7887	3.73079781533223	15.7130630218298
7888	4.54384424690582	-5.30389799172775
7889	3.07197709478683	-5.30389799172775
7890	5.11454114811392	-5.30389799172775
7891	1.35550223140033	-5.30389799172775
7892	9.41913541980507	-5.30389799172775
7893	3.04965937796903	15.7130630218298
7894	6.49725403412085	15.7130630218298
7895	5.97422921167153	15.7130630218298
7896	4.29910421735747	15.7130630218298
7897	-2.48117093495082	-5.30389799172775
7898	-0.855475425622786	-5.30389799172775
7899	1.02982585245596	15.7130630218298
7900	-0.550405438180211	15.7130630218298
7901	-0.378911573341857	15.7130630218298
7902	0.860069221105435	-5.30389799172775
7903	0.0782511233260432	-5.30389799172775
7904	9.05461057364169	15.7130630218298
7905	-0.667633028420721	15.7130630218298
7906	6.49555919214203	-5.30389799172775
7907	6.37854978133696	-5.30389799172775
7908	1.83758599419501	-5.30389799172775
7909	7.24258033035268	15.7130630218298
7910	3.71548639175473	15.7130630218298
7911	6.89111419736346	15.7130630218298
7912	1.01091020763872	15.7130630218298
7913	3.60354287504806	-5.30389799172775
7914	-1.13234192349842	-5.30389799172775
7915	4.04042233026464	-5.30389799172775
7916	7.74974825111187	-5.30389799172775
7917	1.03288850154374	15.7130630218298
7918	5.11043242136999	-5.30389799172775
7919	1.09225002588568	-5.30389799172775
7920	0.351957938008793	15.7130630218298
7921	7.69667328978609	15.7130630218298
7922	2.68677664636076	15.7130630218298
7923	-0.420341071145105	-5.30389799172775
7924	3.47992365154558	-5.30389799172775
7925	2.13723221294091	15.7130630218298
7926	1.50185514701769	-5.30389799172775
7927	-0.14263730175095	15.7130630218298
7928	3.0038066445694	-5.30389799172775
7929	1.28722956868309	-5.30389799172775
7930	-0.318752239915457	15.7130630218298
7931	0.322131339588853	15.7130630218298
7932	5.2616944108093	-5.30389799172775
7933	8.82900430089372	-5.30389799172775
7934	-2.30272827027497	15.7130630218298
7935	7.22671133846696	15.7130630218298
7936	-2.72650320743043	15.7130630218298
7937	-0.46843181378382	15.7130630218298
7938	-1.03217188205283	15.7130630218298
7939	7.16723598287619	15.7130630218298
7940	-0.111691247546562	15.7130630218298
7941	-2.6259055099788	15.7130630218298
7942	2.72434890377882	15.7130630218298
7943	-0.875120443972189	-5.30389799172775
7944	1.17835308185305	-5.30389799172775
7945	-0.338855688886291	15.7130630218298
7946	-1.42065506517047	-5.30389799172775
7947	7.97386728885544	-5.30389799172775
7948	2.22575254380213	15.7130630218298
7949	3.04465045166932	-5.30389799172775
7950	1.50293764620544	15.7130630218298
7951	1.37353910564799	15.7130630218298
7952	0.0804999982917752	15.7130630218298
7953	0.419282683854408	-5.30389799172775
7954	-1.77964448430797	-5.30389799172775
7955	-2.97491361983617	15.7130630218298
7956	1.51608146727065	-5.30389799172775
7957	2.03166462183689	15.7130630218298
7958	5.25153152901144	-5.30389799172775
7959	-0.990726377760774	-5.30389799172775
7960	6.71007762971618	-5.30389799172775
7961	2.51754568958693	-5.30389799172775
7962	5.14228240478092	15.7130630218298
7963	2.22102915390564	-5.30389799172775
7964	4.59494068903147	15.7130630218298
7965	3.97686449291997	15.7130630218298
7966	4.68391143616397	-5.30389799172775
7967	6.33941544000246	-5.30389799172775
7968	-1.87467214629883	-5.30389799172775
7969	1.51311956696982	15.7130630218298
7970	1.36435275540902	-5.30389799172775
7971	5.22823915846488	15.7130630218298
7972	4.38826261422772	15.7130630218298
7973	5.47986906477806	15.7130630218298
7974	0.270595138764477	-5.30389799172775
7975	-0.153860075129734	-5.30389799172775
7976	5.56012300122196	15.7130630218298
7977	2.32505263054526	15.7130630218298
7978	6.24277095251061	15.7130630218298
7979	2.45398224816271	15.7130630218298
7980	8.26490907575558	15.7130630218298
7981	-0.930945882161437	-5.30389799172775
7982	5.39932265096741	-5.30389799172775
7983	5.81624554422744	15.7130630218298
7984	-2.93409858024638	15.7130630218298
7985	6.16025155235434	15.7130630218298
7986	3.16011254647495	-5.30389799172775
7987	5.32739330739337	15.7130630218298
7988	0.282227101930624	15.7130630218298
7989	6.22767820949219	15.7130630218298
7990	-1.77049189360083	15.7130630218298
7991	1.25986883578969	15.7130630218298
7992	1.24833832538136	-5.30389799172775
7993	4.27138506427479	-5.30389799172775
7994	8.23388103279801	15.7130630218298
7995	-0.724592211437589	-5.30389799172775
7996	-1.80064293010617	15.7130630218298
7997	8.34779430816257	-5.30389799172775
7998	2.14232647054823	15.7130630218298
7999	2.01688935116643	-5.30389799172775
8000	2.11802353590613	15.7130630218298
8001	0.72659511272592	15.7130630218298
8002	0.955969342031826	15.7130630218298
8003	-1.48018317295949	-5.30389799172775
8004	9.18937119752268	-5.30389799172775
8005	3.86278767333421	15.7130630218298
8006	4.07277951095575	-5.30389799172775
8007	8.09335750718966	-5.30389799172775
8008	2.40746289272958	-5.30389799172775
8009	1.75169841125618	-5.30389799172775
8010	6.30234904471344	15.7130630218298
8011	6.13579655870498	15.7130630218298
8012	4.54584570886809	15.7130630218298
8013	0.0167104651076917	-5.30389799172775
8014	-3.94584964160729	15.7130630218298
8015	4.87117994637236	-5.30389799172775
8016	-0.0896766524990942	-5.30389799172775
8017	1.67250081881448	-5.30389799172775
8018	10.5986502421001	-5.30389799172775
8019	2.16053848443678	15.7130630218298
8020	3.95893327242985	-5.30389799172775
8021	8.64082570944673	-5.30389799172775
8022	4.54730201138831	15.7130630218298
8023	0.977307494202632	-5.30389799172775
8024	1.06882011005263	15.7130630218298
8025	3.19035531022509	15.7130630218298
8026	0.354662517959042	15.7130630218298
8027	8.21281182966493	15.7130630218298
8028	-2.44353143268069	15.7130630218298
8029	3.96386746052535	-5.30389799172775
8030	1.75346706331009	15.7130630218298
8031	2.72891950447322	15.7130630218298
8032	0.15130527464686	-5.30389799172775
8033	0.776844952845669	-5.30389799172775
8034	3.43692809074676	15.7130630218298
8035	1.10411931682987	-5.30389799172775
8036	0.19172838097893	-5.30389799172775
8037	2.32819553563234	-5.30389799172775
8038	5.41486842392824	15.7130630218298
8039	4.00172788958346	-5.30389799172775
8040	1.80975166297802	15.7130630218298
8041	3.37918766093409	-5.30389799172775
8042	0.271837861555728	-5.30389799172775
8043	4.27576087797144	-5.30389799172775
8044	1.21458901003792	-5.30389799172775
8045	-1.34571426500243	-5.30389799172775
8046	1.5991827235065	-5.30389799172775
8047	8.90883706034136	15.7130630218298
8048	1.55573076680744	15.7130630218298
8049	1.71821580999688	-5.30389799172775
8050	3.09945175602001	-5.30389799172775
8051	0.814243488014961	15.7130630218298
8052	3.47294951502317	-5.30389799172775
8053	0.820190235673438	15.7130630218298
8054	0.0858972810183634	15.7130630218298
8055	9.50144070357534	15.7130630218298
8056	9.73618464349955	15.7130630218298
8057	0.480776128002462	15.7130630218298
8058	-2.07576876510189	-5.30389799172775
8059	2.08428246714859	-5.30389799172775
8060	0.0423928969344883	15.7130630218298
8061	10.9400305590002	-5.30389799172775
8062	1.45510443302963	15.7130630218298
8063	1.43980085650073	15.7130630218298
8064	1.06729994622673	15.7130630218298
8065	-0.667118095738368	-5.30389799172775
8066	2.48559622194781	15.7130630218298
8067	-3.59334622840611	15.7130630218298
8068	5.4842791619212	-5.30389799172775
8069	6.52912929207117	15.7130630218298
8070	9.41640296883018	-5.30389799172775
8071	1.8833297538254	15.7130630218298
8072	2.72801818624204	-5.30389799172775
8073	2.06766699685338	15.7130630218298
8074	-0.873487412559177	15.7130630218298
8075	-2.48713331053373	15.7130630218298
8076	6.12039571806073	-5.30389799172775
8077	3.89217324849871	-5.30389799172775
8078	0.437893522890534	15.7130630218298
8079	2.91732636838642	-5.30389799172775
8080	6.45903992462169	-5.30389799172775
8081	-0.983639680156443	15.7130630218298
8082	1.35549236184546	-5.30389799172775
8083	2.71621453822414	15.7130630218298
8084	-1.94906625013054	15.7130630218298
8085	3.56726923576964	-5.30389799172775
8086	3.84800896785591	15.7130630218298
8087	3.73079781533223	-5.30389799172775
8088	4.54384424690582	15.7130630218298
8089	3.07197709478683	15.7130630218298
8090	5.11454114811392	15.7130630218298
8091	1.35550223140033	15.7130630218298
8092	9.41913541980507	15.7130630218298
8093	3.04965937796903	-5.30389799172775
8094	6.49725403412085	-5.30389799172775
8095	5.97422921167153	-5.30389799172775
8096	4.29910421735747	-5.30389799172775
8097	-2.48117093495082	15.7130630218298
8098	-0.855475425622786	15.7130630218298
8099	1.02982585245596	-5.30389799172775
8100	-0.550405438180211	-5.30389799172775
8101	-0.378911573341857	-5.30389799172775
8102	0.860069221105435	15.7130630218298
8103	0.0782511233260432	15.7130630218298
8104	9.05461057364169	-5.30389799172775
8105	-0.667633028420721	-5.30389799172775
8106	6.49555919214203	15.7130630218298
8107	6.37854978133696	15.7130630218298
8108	1.83758599419501	15.7130630218298
8109	7.24258033035268	-5.30389799172775
8110	3.71548639175473	-5.30389799172775
8111	6.89111419736346	-5.30389799172775
8112	1.01091020763872	-5.30389799172775
8113	3.60354287504806	15.7130630218298
8114	-1.13234192349842	15.7130630218298
8115	4.04042233026464	15.7130630218298
8116	7.74974825111187	15.7130630218298
8117	1.03288850154374	-5.30389799172775
8118	5.11043242136999	15.7130630218298
8119	1.09225002588568	15.7130630218298
8120	0.351957938008793	-5.30389799172775
8121	7.69667328978609	-5.30389799172775
8122	2.68677664636076	-5.30389799172775
8123	-0.420341071145105	15.7130630218298
8124	3.47992365154558	15.7130630218298
8125	2.13723221294091	-5.30389799172775
8126	1.50185514701769	15.7130630218298
8127	-0.14263730175095	-5.30389799172775
8128	3.0038066445694	15.7130630218298
8129	1.28722956868309	15.7130630218298
8130	-0.318752239915457	-5.30389799172775
8131	0.322131339588853	-5.30389799172775
8132	5.2616944108093	15.7130630218298
8133	8.82900430089372	15.7130630218298
8134	-2.30272827027497	-5.30389799172775
8135	7.22671133846696	-5.30389799172775
8136	-2.72650320743043	-5.30389799172775
8137	-0.46843181378382	-5.30389799172775
8138	-1.03217188205283	-5.30389799172775
8139	7.16723598287619	-5.30389799172775
8140	-0.111691247546562	-5.30389799172775
8141	-2.6259055099788	-5.30389799172775
8142	2.72434890377882	-5.30389799172775
8143	-0.875120443972189	15.7130630218298
8144	1.17835308185305	15.7130630218298
8145	-0.338855688886291	-5.30389799172775
8146	-1.42065506517047	15.7130630218298
8147	7.97386728885544	15.7130630218298
8148	2.22575254380213	-5.30389799172775
8149	3.04465045166932	15.7130630218298
8150	1.50293764620544	-5.30389799172775
8151	1.37353910564799	-5.30389799172775
8152	0.0804999982917752	-5.30389799172775
8153	0.419282683854408	15.7130630218298
8154	-1.77964448430797	15.7130630218298
8155	-2.97491361983617	-5.30389799172775
8156	1.51608146727065	15.7130630218298
8157	2.03166462183689	-5.30389799172775
8158	5.25153152901144	15.7130630218298
8159	-0.990726377760774	15.7130630218298
8160	6.71007762971618	15.7130630218298
8161	2.51754568958693	15.7130630218298
8162	5.14228240478092	-5.30389799172775
8163	2.22102915390564	15.7130630218298
8164	4.59494068903147	-5.30389799172775
8165	3.97686449291997	-5.30389799172775
8166	4.68391143616397	15.7130630218298
8167	6.33941544000246	15.7130630218298
8168	-1.87467214629883	15.7130630218298
8169	1.51311956696982	-5.30389799172775
8170	1.36435275540902	15.7130630218298
8171	5.22823915846488	-5.30389799172775
8172	4.38826261422772	-5.30389799172775
8173	5.47986906477806	-5.30389799172775
8174	0.270595138764477	15.7130630218298
8175	-0.153860075129734	15.7130630218298
8176	5.56012300122196	-5.30389799172775
8177	2.32505263054526	-5.30389799172775
8178	6.24277095251061	-5.30389799172775
8179	2.45398224816271	-5.30389799172775
8180	8.26490907575558	-5.30389799172775
8181	-0.930945882161437	15.7130630218298
8182	5.39932265096741	15.7130630218298
8183	5.81624554422744	-5.30389799172775
8184	-2.93409858024638	-5.30389799172775
8185	6.16025155235434	-5.30389799172775
8186	3.16011254647495	15.7130630218298
8187	5.32739330739337	-5.30389799172775
8188	0.282227101930624	-5.30389799172775
8189	6.22767820949219	-5.30389799172775
8190	-1.77049189360083	-5.30389799172775
8191	1.25986883578969	-5.30389799172775
8192	1.24833832538136	15.7130630218298
8193	4.27138506427479	15.7130630218298
8194	8.23388103279801	-5.30389799172775
8195	-0.724592211437589	15.7130630218298
8196	-1.80064293010617	-5.30389799172775
8197	8.34779430816257	15.7130630218298
8198	2.14232647054823	-5.30389799172775
8199	2.01688935116643	15.7130630218298
8200	2.11802353590613	-5.30389799172775
