group	y	yend
1	3.15404039966274	0
2	4.13454325062342	0
3	0.891622595068527	0
4	3.74131486430693	0
5	5.44892395740599	0
6	-1.03127487804221	0
7	1.30680649322486	0
8	3.51186265533736	0
9	3.3768784399137	0
10	5.0185056028819	0
11	7.78771488750589	0
12	5.72034595764889	0
13	0.635381758969696	0
14	-0.734022083637422	0
15	3.63081331629488	0
16	2.92393732945823	0
17	1.66190842421557	0
18	1.9362358523877	0
19	5.36223131359011	0
20	2.52313131451625	0
21	2.22972335658098	0
22	6.29141747376619	0
23	2.23908737021511	0
24	1.26796603250535	0
25	5.63632748342423	0
26	3.57105796567967	0
27	5.60806698763597	0
28	0.764167489781314	0
29	-0.17444518454006	0
30	4.79378914027332	0
31	5.82487841023188	0
32	2.19702959276348	0
33	3.81409538082551	0
34	4.77508431036792	0
35	-1.71835902529914	0
36	1.15921044424645	0
37	0.445980928220179	0
38	5.23371145125049	0
39	3.8577850677264	0
40	5.05870491905393	0
41	0.745275042797688	0
42	1.61091547680743	0
43	2.69633017707296	0
44	3.7951085274993	0
45	1.44417112971472	0
46	-0.151127704060958	0
47	6.5891767102709	0
48	4.67368545881144	0
49	1.38142514367834	0
50	3.60582611401275	0
51	3.93049402792093	0
52	-0.391309647495345	0
53	4.05365673950385	0
54	2.27249014564962	0
55	8.44197312053238	0
56	9.36400283597614	0
57	3.36792680397048	0
58	0.79992516820753	0
59	3.16740879637863	0
60	3.28890966910758	0
61	5.32597997545301	0
62	4.15989975797296	0
63	4.62508436734321	0
64	4.06163627243618	0
65	0.608230779812249	0
66	4.8294839147249	0
67	-0.481188747435812	0
68	4.33324569925033	0
69	5.80102519021506	0
70	5.0932953605025	0
71	4.9165814307334	0
72	-0.456534962971283	0
73	5.14135177202561	0
74	2.12915515192639	0
75	0.634625729080186	0
76	1.22970245596479	0
77	-0.0726205702199358	0
78	3.66227344242316	0
79	1.48475845529359	0
80	-0.942749875683684	0
81	2.25470562571975	0
82	1.45455469746355	0
83	5.9562077797599	0
84	1.00075348787141	0
85	2.64536948709188	0
86	5.4497472115574	0
87	3.85947233973299	0
88	4.66148062656714	0
89	5.26710653607515	0
90	5.67437130499998	0
91	3.47718344743641	0
92	8.06212934832508	0
93	4.46707568019753	0
94	2.14281202288332	0
95	4.50017884441262	0
96	2.33311989580417	0
97	0.715168861366957	0
98	2.39296467924709	0
99	-1.31444668642128	0
100	1.42359898546132	0
101	0.830923077088873	0
102	3.96504811467462	0
103	2.55659582756871	0
104	0.359953177768052	0
105	0.889871125530858	0
106	8.25532572744072	0
107	6.65718086356884	0
108	4.95164025311545	0
109	1.22392389665647	0
110	5.77178635818156	0
111	-1.12849707742495	0
112	0.68595546797413	0
113	6.7242030045847	0
114	2.10976515007462	0
115	4.69596914872965	0
116	5.13591868823264	0
117	1.06661786634053	0
118	4.82266797955946	0
119	4.31067057087092	0
120	1.80473276463716	0
121	-0.962946644494261	0
122	5.71251618320364	0
123	2.66474403668948	0
124	4.60023293070514	0
125	1.27069285052165	0
126	4.70195967878535	0
127	2.78585248912112	0
128	4.67946097736106	0
129	3.26473018609395	0
130	1.77718747762825	0
131	2.67108769117817	0
132	4.35982474578546	0
133	6.84974890775299	0
134	-0.893561116752308	0
135	1.0414245237707	0
136	-0.661454181204971	0
137	2.03264325827361	0
138	1.78727384762591	0
139	-1.21476090462747	0
140	2.84035551031012	0
141	-1.92544732339913	0
142	4.74391931814099	0
143	1.23684306104109	0
144	3.52394363702012	0
145	-0.60769795026067	0
146	1.78293700919429	0
147	9.12357248076193	0
148	1.55460162166328	0
149	2.79747309673443	0
150	-2.468480763009	0
151	3.21250437248829	0
152	2.61992310149195	0
153	3.39119933659318	0
154	1.42248703238835	0
155	0.0224335439709509	0
156	2.76441723998846	0
157	4.82227399060934	0
158	4.30581213615538	0
159	1.56461070933343	0
160	8.46238412942214	0
161	5.14145786889453	0
162	0.152141180491686	0
163	5.43955415746924	0
164	3.0929359640409	0
165	-0.522200305679872	0
166	7.93345967206466	0
167	5.10709505665504	0
168	1.13808574947018	0
169	1.36884511637092	0
170	4.38938467747954	0
171	6.83347206322215	0
172	1.16791741174778	0
173	1.77720762258611	0
174	3.4975384431208	0
175	3.04903500163892	0
176	0.557875387409282	0
177	3.70938463379437	0
178	5.7040181250073	0
179	4.42296419835094	0
180	2.99732712778944	0
181	1.77497222628881	0
182	6.82023048077642	0
183	1.12114394749595	0
184	0.0454630274296597	0
185	1.77970022714975	0
186	4.54732905591619	0
187	4.38055630961751	0
188	0.120842644778862	0
189	-0.5227724176263	0
190	0.86190148314876	0
191	1.37532887078729	0
192	4.47059296001707	0
193	3.93126489666456	0
194	2.09693380443249	0
195	1.88443942552515	0
196	0.360592221502674	0
197	8.22015178402632	0
198	-1.07473712331055	0
199	4.91616731797472	0
200	0.54073987584485	0
201	3.15404039966274	0.597860253548001
202	4.13454325062342	0.460847575437651
203	0.891622595068527	0.20288743480962
204	3.74131486430693	-0.228081061075022
205	5.44892395740599	0.679884847669918
206	-1.03127487804221	-0.215463681908997
207	1.30680649322486	-0.27494590959614
208	3.51186265533736	0.0898688630104047
209	3.3768784399137	0.130586075571561
210	5.0185056028819	0.859666647541008
211	7.78771488750589	0.67436831315738
212	5.72034595764889	0.712173553380534
213	0.635381758969696	0.0561666922542769
214	-0.734022083637422	0.445452149038298
215	3.63081331629488	-0.0502645731424187
216	2.92393732945823	0.299469009491869
217	1.66190842421557	0.0168477949455185
218	1.9362358523877	-0.335642881278908
219	5.36223131359011	0.450680683087352
220	2.52313131451625	-0.0600363207565016
221	2.22972335658098	-0.262133279961094
222	6.29141747376619	0.666441802086264
223	2.23908737021511	0.101594272374464
224	1.26796603250535	0.777716469985609
225	5.63632748342423	0.595660132084015
226	3.57105796567967	0.442868589877228
227	5.60806698763597	0.921860919188584
228	0.764167489781314	0.447657096820875
229	-0.17444518454006	-0.178582416592695
230	4.79378914027332	0.501681931697516
231	5.82487841023188	0.319541359725416
232	2.19702959276348	0.168558889585678
233	3.81409538082551	0.304812427876229
234	4.77508431036792	0.699758266207064
235	-1.71835902529914	-0.124199591853434
236	1.15921044424645	0.0800133974696212
237	0.445980928220179	-0.081619338331365
238	5.23371145125049	0.800349207665138
239	3.8577850677264	0.00901832100418967
240	5.05870491905393	0.410534701386766
241	0.745275042797688	-0.115940136012387
242	1.61091547680743	0.107523236306794
243	2.69633017707296	-0.0670884336552621
244	3.7951085274993	0.228354595192934
245	1.44417112971472	0.258319241193888
246	-0.151127704060958	-0.0753433208007995
247	6.5891767102709	0.909085774160742
248	4.67368545881144	0.325774224940981
249	1.38142514367834	-0.00203724381200021
250	3.60582611401275	0.0488303522772623
251	3.93049402792093	0.325273599859974
252	-0.391309647495345	-0.167682895064477
253	4.05365673950385	0.376064516727963
254	2.27249014564962	0.624476735128818
255	8.44197312053238	0.848238420315095
256	9.36400283597614	0.811243713173215
257	3.36792680397048	0.532623981119064
258	0.79992516820753	0.272565131560229
259	3.16740879637863	0.0883173661508165
260	3.28890966910758	0.416246057295736
261	5.32597997545301	-0.234080143367635
262	4.15989975797296	0.561755363364796
263	4.62508436734321	0.349117461646578
264	4.06163627243618	0.511904138805351
265	0.608230779812249	0.10262660277151
266	4.8294839147249	0.607488172679063
267	-0.481188747435812	0.324084065225413
268	4.33324569925033	-0.0457271595376859
269	5.80102519021506	0.83080217118587
270	5.0932953605025	-0.185818227914092
271	4.9165814307334	0.503321812124586
272	-0.456534962971283	-0.139707096860293
273	5.14135177202561	0.493541390003231
274	2.12915515192639	0.510130352423291
275	0.634625729080186	0.326903608326145
276	1.22970245596479	-0.207507095662004
277	-0.0726205702199358	-0.171705292302072
278	3.66227344242316	0.43788819562767
279	1.48475845529359	-0.0598762952320674
280	-0.942749875683684	-0.295434125121542
281	2.25470562571975	0.380482251694675
282	1.45455469746355	0.0234067951241446
283	5.9562077797599	0.425030859561148
284	1.00075348787141	0.520954579192488
285	2.64536948709188	-0.0338738862428967
286	5.4497472115574	0.678586466535317
287	3.85947233973299	0.0251975445349457
288	4.66148062656714	0.78268108818757
289	5.26710653607515	0.62358841723128
290	5.67437130499998	0.754906626461096
291	3.47718344743641	0.631118024189037
292	8.06212934832508	0.863331653942009
293	4.46707568019753	0.113655714694083
294	2.14281202288332	-0.187036364694995
295	4.50017884441262	-0.0619247386382074
296	2.33311989580417	-0.0855633068445986
297	0.715168861366957	0.353989677241298
298	2.39296467924709	0.41206443313534
299	-1.31444668642128	-0.102991266554712
300	1.42359898546132	0.161661088125416
301	0.830923077088873	0.0976744680684921
302	3.96504811467462	0.48517043991923
303	2.55659582756871	0.591754058998532
304	0.359953177768052	-0.336642656316889
305	0.889871125530858	0.124958280202833
306	8.25532572744072	0.665072367249041
307	6.65718086356884	0.772810867815889
308	4.95164025311545	0.324633083650338
309	1.22392389665647	-0.248471545294622
310	5.77178635818156	0.169593223817541
311	-1.12849707742495	-0.315421106665855
312	0.68595546797413	-0.0013674082405449
313	6.7242030045847	0.48063445176904
314	2.10976515007462	0.384576358810754
315	4.69596914872965	0.748600341659393
316	5.13591868823264	0.922262848298498
317	1.06661786634053	0.0194854160559443
318	4.82266797955946	0.806465564113677
319	4.31067057087092	0.365542982418251
320	1.80473276463716	0.116466532121984
321	-0.962946644494261	-0.335556168521285
322	5.71251618320364	0.30217502698716
323	2.66474403668948	0.316624911747396
324	4.60023293070514	0.716175933514132
325	1.27069285052165	-0.0309615575412589
326	4.70195967878535	0.355761802986769
327	2.78585248912112	0.282157834723118
328	4.67946097736106	0.672349993100539
329	3.26473018609395	0.645217354250365
330	1.77718747762825	0.173511497345713
331	2.67108769117817	0.200293002817491
332	4.35982474578546	0.840032542594689
333	6.84974890775299	0.893395338813071
334	-0.893561116752308	0.113003861871998
335	1.0414245237707	-0.254306898394387
336	-0.661454181204971	0.170452379739719
337	2.03264325827361	0.21824790196624
338	1.78727384762591	0.263063695488211
339	-1.21476090462747	-0.326890139173722
340	2.84035551031012	0.286691665541811
341	-1.92544732339913	0.0616088496965179
342	4.74391931814099	0.166020286400394
343	1.23684306104109	0.632095658004257
344	3.52394363702012	0.607296503200798
345	-0.60769795026067	0.00182338527998957
346	1.78293700919429	0.357464138609495
347	9.12357248076193	0.714011245247538
348	1.55460162166328	-0.0205229985095958
349	2.79747309673443	0.804147984477279
350	-2.468480763009	-0.171969355362354
351	3.21250437248829	0.149180475398309
352	2.61992310149195	0.223055780310503
353	3.39119933659318	0.516552850667999
354	1.42248703238835	0.356743685937161
355	0.0224335439709509	0.295945574604196
356	2.76441723998846	0.706635217252897
357	4.82227399060934	0.258433587243568
358	4.30581213615538	0.842331141005267
359	1.56461070933343	0.58212112235126
360	8.46238412942214	0.665725996503455
361	5.14145786889453	0.573080929438341
362	0.152141180491686	-0.211228485013807
363	5.43955415746924	0.365605985474374
364	3.0929359640409	-0.0633000829479772
365	-0.522200305679872	-0.192626379833286
366	7.93345967206466	0.408157524345714
367	5.10709505665504	0.857067878145637
368	1.13808574947018	0.507929517334392
369	1.36884511637092	0.00899904355670692
370	4.38938467747954	0.505194999126238
371	6.83347206322215	0.128915327052044
372	1.16791741174778	-0.141216082021626
373	1.77720762258611	-0.161157330232701
374	3.4975384431208	0.436127927425873
375	3.04903500163892	0.450091193602286
376	0.557875387409282	-0.211679974999886
377	3.70938463379437	0.111050141476117
378	5.7040181250073	-0.0133011479056718
379	4.42296419835094	0.161185395333495
380	2.99732712778944	-0.221493339962176
381	1.77497222628881	0.561592433671221
382	6.82023048077642	0.693278070565332
383	1.12114394749595	-0.200121044005068
384	0.0454630274296597	0.292220656324837
385	1.77970022714975	-0.188049458636849
386	4.54732905591619	0.695933741449019
387	4.38055630961751	-0.0351794386346384
388	0.120842644778862	0.00800572016667812
389	-0.5227724176263	-0.273724473085452
390	0.86190148314876	0.23528100298853
391	1.37532887078729	0.0243973747236288
392	4.47059296001707	0.439281828782528
393	3.93126489666456	0.809435602180892
394	2.09693380443249	-0.252619401681637
395	1.88443942552515	0.575083111398886
396	0.360592221502674	0.180115486712857
397	8.22015178402632	0.79724311528785
398	-1.07473712331055	-0.141077904191215
399	4.91616731797472	0.530449598325355
400	0.54073987584485	-0.0669837929043934
401	3.15404039966274	1.09429445458732
402	4.13454325062342	0.853934506033563
403	0.891622595068527	0.401397653346566
404	3.74131486430693	-0.35464599843648
405	5.44892395740599	1.23818936632249
406	-1.03127487804221	-0.33251145841394
407	1.30680649322486	-0.436860525842793
408	3.51186265533736	0.203130321608111
409	3.3768784399137	0.274560113737054
410	5.0185056028819	1.55357875045754
411	7.78771488750589	1.22851176589955
412	5.72034595764889	1.29483311455446
413	0.635381758969696	0.144006946013857
414	-0.734022083637422	0.82692646598685
415	3.63081331629488	-0.0427043410588462
416	2.92393732945823	0.570829728115367
417	1.66190842421557	0.0750302041191236
418	1.9362358523877	-0.543340606315997
419	5.36223131359011	0.836098830124058
420	2.52313131451625	-0.0598468185740265
421	2.22972335658098	-0.414383459907058
422	6.29141747376619	1.21460636809592
423	2.23908737021511	0.223700088073425
424	1.26796603250535	1.40981438694862
425	5.63632748342423	1.09043480386602
426	3.57105796567967	0.822394154410982
427	5.60806698763597	1.66268552903981
428	0.764167489781314	0.830794583469798
429	-0.17444518454006	-0.267811029546443
430	4.79378914027332	0.925569802162453
431	5.82487841023188	0.606042448106161
432	2.19702959276348	0.341175435390162
433	3.81409538082551	0.58020363267427
434	4.77508431036792	1.27305310246031
435	-1.71835902529914	-0.172407792876555
436	1.15921044424645	0.185840978585065
437	0.445980928220179	-0.0977096869266246
438	5.23371145125049	1.44951876861103
439	3.8577850677264	0.0612950375659588
440	5.05870491905393	0.765671142487581
441	0.745275042797688	-0.157918313447234
442	1.61091547680743	0.234101209235396
443	2.69633017707296	-0.0722182685516424
444	3.7951085274993	0.446074433947947
445	1.44417112971472	0.498641107853994
446	-0.151127704060958	-0.0866997331648693
447	6.5891767102709	1.64027422196949
448	4.67368545881144	0.61697670020033
449	1.38142514367834	0.0419003725823873
450	3.60582611401275	0.131136879361865
451	3.93049402792093	0.616098458709286
452	-0.391309647495345	-0.248690109716871
453	4.05365673950385	0.705200447910284
454	2.27249014564962	1.14098747768329
455	8.44197312053238	1.53353032759649
456	9.36400283597614	1.46863088888745
457	3.36792680397048	0.979851124954503
458	0.79992516820753	0.523632528522368
459	3.16740879637863	0.200408546437411
460	3.28890966910758	0.775690516106033
461	5.32597997545301	-0.365170127525184
462	4.15989975797296	1.03095601272441
463	4.62508436734321	0.657927503082357
464	4.06163627243618	0.94350251618886
465	0.608230779812249	0.225511094795916
466	4.8294839147249	1.11118461525667
467	-0.481188747435812	0.614011670190811
468	4.33324569925033	-0.0347444024922684
469	5.80102519021506	1.50294209297856
470	5.0932953605025	-0.280504739799702
471	4.9165814307334	0.928446627727218
472	-0.456534962971283	-0.1996124512852
473	5.14135177202561	0.911288932612103
474	2.12915515192639	0.940390780768333
475	0.634625729080186	0.61895796599339
476	1.22970245596479	-0.318553300034971
477	-0.0726205702199358	-0.255746560305423
478	3.66227344242316	0.813657099401831
479	1.48475845529359	-0.0595660874230791
480	-0.942749875683684	-0.472802794088057
481	2.25470562571975	0.712950435458646
482	1.45455469746355	0.0865365914640155
483	5.9562077797599	0.791101605427772
484	1.00075348787141	0.959379611767483
485	2.64536948709188	-0.0139503256329387
486	5.4497472115574	1.23591162949536
487	3.85947233973299	0.089678084953444
488	4.66148062656714	1.41852376619783
489	5.26710653607515	1.13942911062489
490	5.67437130499998	1.36979931030253
491	3.47718344743641	1.15263822357675
492	8.06212934832508	1.56000823393413
493	4.46707568019753	0.244859353737094
494	2.14281202288332	-0.282641704772778
495	4.50017884441262	-0.0631596508692192
496	2.33311989580417	-0.104628550801214
497	0.715168861366957	0.666474781376899
498	2.39296467924709	0.768354735345258
499	-1.31444668642128	-0.13520224337546
500	1.42359898546132	0.329074692400617
501	0.830923077088873	0.216823615222019
502	3.96504811467462	0.896603859965641
503	2.55659582756871	1.08358241955515
504	0.359953177768052	-0.545094501502988
505	0.889871125530858	0.264687329525004
506	8.25532572744072	1.2122039824805
507	6.65718086356884	1.40120853892491
508	4.95164025311545	0.614974807633201
509	1.22392389665647	-0.390416817645357
510	5.77178635818156	0.342989957419706
511	-1.12849707742495	-0.50786575265505
512	0.68595546797413	0.0430754583168972
513	6.7242030045847	0.888646422059479
514	2.10976515007462	0.720132685958135
515	4.69596914872965	1.35873625897467
516	5.13591868823264	1.66339062919196
517	1.06661786634053	0.0796573560232389
518	4.82266797955946	1.46024863055945
519	4.31067057087092	0.686742627216112
520	1.80473276463716	0.249790342180517
521	-0.962946644494261	-0.543188487006684
522	5.71251618320364	0.575576867102242
523	2.66474403668948	0.60092615306234
524	4.60023293070514	1.30185444934094
525	1.27069285052165	-0.00884125699380515
526	4.70195967878535	0.669583603559538
527	2.78585248912112	0.540460910176703
528	4.67946097736106	1.2249710475389
529	3.26473018609395	1.17737253499174
530	1.77718747762825	0.349863744843177
531	2.67108769117817	0.396846267673687
532	4.35982474578546	1.51913483971962
533	6.84974890775299	1.61274865072334
534	-0.893561116752308	0.243715814957021
535	1.0414245237707	-0.40065371827526
536	-0.661454181204971	0.344497165921155
537	2.03264325827361	0.428344364749093
538	1.78727384762591	0.50696425579787
539	-1.21476090462747	-0.527985759807469
540	2.84035551031012	0.548414563498149
541	-1.92544732339913	0.153554067498374
542	4.74391931814099	0.336721989625663
543	1.23684306104109	1.1543532766417
544	3.52394363702012	1.11084837143916
545	-0.60769795026067	0.0486730349573863
546	1.78293700919429	0.672569993639221
547	9.12357248076193	1.29805695871766
548	1.55460162166328	0.00947100101348085
549	2.79747309673443	1.45618292416018
550	-2.468480763009	-0.256209803448028
551	3.21250437248829	0.307180080351717
552	2.61992310149195	0.43677877685911
553	3.39119933659318	0.951657704158016
554	1.42248703238835	0.671306110839134
555	0.0224335439709509	0.564648602105616
556	2.76441723998846	1.28511726777976
557	4.82227399060934	0.498841703966686
558	4.30581213615538	1.52316724754736
559	1.56461070933343	1.06668345670812
560	8.46238412942214	1.21335063763776
561	5.14145786889453	1.05082433816935
562	0.152141180491686	-0.325081695549053
563	5.43955415746924	0.68685315283708
564	3.0929359640409	-0.0655724034122629
565	-0.522200305679872	-0.292448211510586
566	7.93345967206466	0.761500884967103
567	5.10709505665504	1.54901975572224
568	1.13808574947018	0.936529878142103
569	1.36884511637092	0.061261219335784
570	4.38938467747954	0.931732740644346
571	6.83347206322215	0.271629136591465
572	1.16791741174778	-0.202259648615759
573	1.77720762258611	-0.237242377661107
574	3.4975384431208	0.810569078787535
575	3.04903500163892	0.83506469471223
576	0.557875387409282	-0.325873739842495
577	3.70938463379437	0.240288423124974
578	5.7040181250073	0.0221402201219787
579	4.42296419835094	0.328240189370894
580	2.99732712778944	-0.343089226248619
581	1.77497222628881	1.03067018681906
582	6.82023048077642	1.26168496111349
583	1.12114394749595	-0.305596024688186
584	0.0454630274296597	0.558114015829793
585	1.77970022714975	-0.284418965177454
586	4.54732905591619	1.26634377755137
587	4.38055630961751	-0.0162406429235805
588	0.120842644778862	0.0595186422092186
589	-0.5227724176263	-0.434717772187296
590	0.86190148314876	0.458225360740802
591	1.37532887078729	0.0882743551867176
592	4.47059296001707	0.816101935879917
593	3.93126489666456	1.46545893815203
594	2.09693380443249	-0.397693359944518
595	1.88443942552515	1.05433674563171
596	0.360592221502674	0.361449056264196
597	8.22015178402632	1.4440697823252
598	-1.07473712331055	-0.202017244652368
599	4.91616731797472	0.976036627320851
600	0.54073987584485	-0.0720346983460066
601	3.15404039966274	1.51035449584795
602	4.13454325062342	1.19173252924103
603	0.891622595068527	0.591848135718671
604	3.74131486430693	-0.41036590460391
605	5.44892395740599	1.70110208103281
606	-1.03127487804221	-0.381024282947073
607	1.30680649322486	-0.519349762203626
608	3.51186265533736	0.329024285353753
609	3.3768784399137	0.423711861130783
610	5.0185056028819	2.11918332303965
611	7.78771488750589	1.6882734209447
612	5.72034595764889	1.77618922665026
613	0.635381758969696	0.250650137257829
614	-0.734022083637422	1.15593057935021
615	3.63081331629488	0.00314501906835653
616	2.92393732945823	0.816447871215169
617	1.66190842421557	0.159214333227765
618	1.9362358523877	-0.660500119611226
619	5.36223131359011	1.16808949649683
620	2.52313131451625	-0.0195791075228921
621	2.22972335658098	-0.489554087029418
622	6.29141747376619	1.66984037824644
623	2.23908737021511	0.356291637852613
624	1.26796603250535	1.92860879302822
625	5.63632748342423	1.50523812970361
626	3.57105796567967	1.14992253168558
627	5.60806698763597	2.26381564040867
628	0.764167489781314	1.16105816906263
629	-0.17444518454006	-0.295257174033493
630	4.79378914027332	1.28669252182045
631	5.82487841023188	0.863125972789717
632	2.19702959276348	0.512017358444195
633	3.81409538082551	0.828873951031355
634	4.77508431036792	1.74731756842302
635	-1.71835902529914	-0.168790318505662
636	1.15921044424645	0.306105473344968
637	0.445980928220179	-0.0697702547937756
638	5.23371145125049	1.98124105661584
639	3.8577850677264	0.141006949655023
640	5.05870491905393	1.07473031384876
641	0.745275042797688	-0.149583015214663
642	1.61091547680743	0.370079399497115
643	2.69633017707296	-0.0359787437574849
644	3.7951085274993	0.651071828278641
645	1.44417112971472	0.720754390280784
646	-0.151127704060958	-0.0551754225809657
647	6.5891767102709	2.23410713541046
648	4.67368545881144	0.877620454614091
649	1.38142514367834	0.11529731568343
650	3.60582611401275	0.233589533061108
651	3.93049402792093	0.876456254701768
652	-0.391309647495345	-0.269910417570574
653	4.05365673950385	0.99457015511917
654	2.27249014564962	1.57225092632723
655	8.44197312053238	2.0926070653986
656	9.36400283597614	2.00657614836113
657	3.36792680397048	1.35864802822696
658	0.79992516820753	0.753883102653916
659	3.16740879637863	0.325416290915542
660	3.28890966910758	1.08801202964912
661	5.32597997545301	-0.424316725975126
662	4.15989975797296	1.42639284154736
663	4.62508436734321	0.931904978416464
664	4.06163627243618	1.31046418862298
665	0.608230779812249	0.358692314533277
666	4.8294839147249	1.53274415036883
667	-0.481188747435812	0.873690000732878
668	4.33324569925033	0.0136967407483354
669	5.80102519021506	2.05205919738797
670	5.0932953605025	-0.312083999587281
671	4.9165814307334	1.29050605158923
672	-0.456534962971283	-0.204852906366855
673	5.14135177202561	1.26776175249566
674	2.12915515192639	1.30633926154917
675	0.634625729080186	0.880246827298701
676	1.22970245596479	-0.362521300650407
677	-0.0726205702199358	-0.279264472509084
678	3.66227344242316	1.13834066180202
679	1.48475845529359	-0.0192069693528647
680	-0.942749875683684	-0.56699495542956
681	2.25470562571975	1.00484356501419
682	1.45455469746355	0.174467239489519
683	5.9562077797599	1.10844102215304
684	1.00075348787141	1.33151092060851
685	2.64536948709188	0.0412614398696334
686	5.4497472115574	1.69808270533548
687	3.85947233973299	0.178631613960837
688	4.66148062656714	1.94015397583012
689	5.26710653607515	1.57018514964591
690	5.67437130499998	1.87556467111183
691	3.47718344743641	1.58769519477272
692	8.06212934832508	2.12770626823873
693	4.46707568019753	0.384340432496987
694	2.14281202288332	-0.314916767635321
695	4.50017884441262	-0.0239706092988093
696	2.33311989580417	-0.0789419243155564
697	0.715168861366957	0.943235279640649
698	2.39296467924709	1.07828769368275
699	-1.31444668642128	-0.119470515343536
700	1.42359898546132	0.495976572315172
701	0.830923077088873	0.347176162015573
702	3.96504811467462	1.24829517016972
703	2.55659582756871	1.49615458571796
704	0.359953177768052	-0.662825089045875
705	0.889871125530858	0.410624464746915
706	8.25532572744072	1.66665576769073
707	6.65718086356884	1.91720085157153
708	4.95164025311545	0.874966739007509
709	1.22392389665647	-0.457783824403156
710	5.77178635818156	0.514422695027863
711	-1.12849707742495	-0.613474532750544
712	0.68595546797413	0.116855013336114
713	6.7242030045847	1.23774676337371
714	2.10976515007462	1.01436438074318
715	4.69596914872965	1.86089945258451
716	5.13591868823264	2.26475032357233
717	1.06661786634053	0.165348101554598
718	4.82266797955946	1.99546459816674
719	4.31067057087092	0.970102405129035
720	1.80473276463716	0.390876967575366
721	-0.962946644494261	-0.660298469736594
722	5.71251618320364	0.822740694827653
723	2.66474403668948	0.856343794650588
724	4.60023293070514	1.78549673196191
725	1.27069285052165	0.0480340386620915
726	4.70195967878535	0.94735634491639
727	2.78585248912112	0.776190862702037
728	4.67946097736106	1.6835798326241
729	3.26473018609395	1.6204830822437
730	1.77718747762825	0.523534611052484
731	2.67108769117817	0.585814803366069
732	4.35982474578546	2.07352435762972
733	6.84974890775299	2.19761914439866
734	-0.893561116752308	0.382824553594572
735	1.0414245237707	-0.471353894750919
736	-0.661454181204971	0.516420655751802
737	2.03264325827361	0.62756878814984
738	1.78727384762591	0.73178758354861
739	-1.21476090462747	-0.640145682772093
740	2.84035551031012	0.786734252639658
741	-1.92544732339913	0.263305834020684
742	4.74391931814099	0.50611385556778
743	1.23684306104109	1.58996867495808
744	3.52394363702012	1.5322984244189
745	-0.60769795026067	0.124275179999307
746	1.78293700919429	0.951315113779378
747	9.12357248076193	1.78046276545526
748	1.55460162166328	0.0723088302586198
749	2.79747309673443	1.99007508391374
750	-2.468480763009	-0.279878549196992
751	3.21250437248829	0.466952999997524
752	2.61992310149195	0.638749473575331
753	3.39119933659318	1.32127473357615
754	1.42248703238835	0.949639706434071
755	0.0224335439709509	0.808254149520177
756	2.76441723998846	1.76330986706796
757	4.82227399060934	0.721020301171115
758	4.30581213615538	2.07886973118287
759	1.56461070933343	1.47375326300035
760	8.46238412942214	1.66817577767335
761	5.14145786889453	1.4527303614401
762	0.152141180491686	-0.371175363983339
763	5.43955415746924	0.970248918268703
764	3.0929359640409	-0.0271689622890892
765	-0.522200305679872	-0.327916306373554
766	7.93345967206466	1.06920220627332
767	5.10709505665504	2.11313990408798
768	1.13808574947018	1.30122123587539
769	1.36884511637092	0.140962120093899
770	4.38938467747954	1.29486213406656
771	6.83347206322215	0.419826547841998
772	1.16791741174778	-0.208362040166119
773	1.77720762258611	-0.254735264959903
774	3.4975384431208	1.13424717115614
775	3.04903500163892	1.16671864307205
776	0.557875387409282	-0.372225300596883
777	3.70938463379437	0.378281191306344
778	5.7040181250073	0.0891031902674824
779	4.42296419835094	0.494870352256175
780	2.99732712778944	-0.395046208022676
781	1.77497222628881	1.42601394975354
782	6.82023048077642	1.73224792152725
783	1.12114394749595	-0.345345092310785
784	0.0454630274296597	0.799591879692392
785	1.77970022714975	-0.317272710082129
786	4.54732905591619	1.73842366446792
787	4.38055630961751	0.0382253874670224
788	0.120842644778862	0.138652153918705
789	-0.5227724176263	-0.516509320658449
790	0.86190148314876	0.667179138228286
791	1.37532887078729	0.176770825000154
792	4.47059296001707	1.14158154536589
793	3.93126489666456	2.00237139966077
794	2.09693380443249	-0.467429633663007
795	1.88443942552515	1.45738642073748
796	0.360592221502674	0.538892139338412
797	8.22015178402632	1.97401786183297
798	-1.07473712331055	-0.208040708646481
799	4.91616731797472	1.35359151716942
800	0.54073987584485	-0.0357354024675485
801	3.15404039966274	1.86213515020855
802	4.13454325062342	1.48397557075422
803	0.891622595068527	0.771996944825108
804	3.74131486430693	-0.417490534797324
805	5.44892395740599	2.08852577657872
806	-1.03127487804221	-0.382666145806134
807	1.30680649322486	-0.546839085985142
808	3.51186265533736	0.460061902232205
809	3.3768784399137	0.572442772316928
810	5.0185056028819	2.5847295642168
811	7.78771488750589	2.07329995660294
812	5.72034595764889	2.17764368552738
813	0.635381758969696	0.367042782428047
814	-0.734022083637422	1.44148367837613
815	3.63081331629488	0.073288926082063
816	2.92393732945823	1.03856532498231
817	1.66190842421557	0.25852130926253
818	1.9362358523877	-0.714364760267783
819	5.36223131359011	1.45591460742899
820	2.52313131451625	0.0463185754602086
821	2.22972335658098	-0.511475799161491
822	6.29141747376619	2.05142252062743
823	2.23908737021511	0.492424424702361
824	1.26796603250535	2.35854433006207
825	5.63632748342423	1.85606274129688
826	3.57105796567967	1.4343529685811
827	5.60806698763597	2.75638783653941
828	0.764167489781314	1.44756940808872
829	-0.17444518454006	-0.280872618563908
830	4.79378914027332	1.59667976136994
831	5.82487841023188	1.09396568374958
832	2.19702959276348	0.677249010515634
833	3.81409538082551	1.05331333864752
834	4.77508431036792	2.14337707720269
835	-1.71835902529914	-0.130774201274569
836	1.15921044424645	0.432860487329362
837	0.445980928220179	-0.0132512757537949
838	5.23371145125049	2.42101144391483
839	3.8577850677264	0.236911699014514
840	5.05870491905393	1.34511035364711
841	0.745275042797688	-0.107977826585385
842	1.61091547680743	0.508788563686959
843	2.69633017707296	0.0268545077196171
844	3.7951085274993	0.842287160250964
845	1.44417112971472	0.924990586579819
846	-0.151127704060958	0.00407074278302356
847	6.5891767102709	2.72112800848681
848	4.67368545881144	1.11116860045204
849	1.38142514367834	0.206397969926223
850	3.60582611401275	0.34679423843413
851	3.93049402792093	1.10978685846503
852	-0.391309647495345	-0.250789574175529
853	4.05365673950385	1.24997148975462
854	2.27249014564962	1.93559753062454
855	8.44197312053238	2.55318727439907
856	9.36400283597614	2.45108064391965
857	3.36792680397048	1.68208085386799
858	0.79992516820753	0.964309721014585
859	3.16740879637863	0.455779718947867
860	3.28890966910758	1.36087388720063
861	5.32597997545301	-0.434048202804218
862	4.15989975797296	1.7624844443306
863	4.62508436734321	1.17559671540781
864	4.06163627243618	1.62489339527819
865	0.608230779812249	0.495273691165793
866	4.8294839147249	1.88870852940117
867	-0.481188747435812	1.10650370304207
868	4.33324569925033	0.0858123395664277
869	5.80102519021506	2.50506264294958
870	5.0932953605025	-0.300843700102118
871	4.9165814307334	1.60120588626005
872	-0.456534962971283	-0.173575434362329
873	5.14135177202561	1.57421159370766
874	2.12915515192639	1.61999768546846
875	0.634625729080186	1.1142857364125
876	1.22970245596479	-0.360705701338127
877	-0.0726205702199358	-0.261891525241268
878	3.66227344242316	1.42060691368381
879	1.48475845529359	0.046760251266102
880	-0.942749875683684	-0.603387246883186
881	2.25470562571975	1.26216458619061
882	1.45455469746355	0.27662436938367
883	5.9562077797599	1.38512023561228
884	1.00075348787141	1.6498729138007
885	2.64536948709188	0.118527770766923
886	5.4497472115574	2.08494220117092
887	3.85947233973299	0.281566897720728
888	4.66148062656714	2.37224684253973
889	5.26710653607515	1.93314574348201
890	5.67437130499998	2.29558839814676
891	3.47718344743641	1.95392771081432
892	8.06212934832508	2.59484510460631
893	4.46707568019753	0.525714409381926
894	2.14281202288332	-0.304205798406722
895	4.50017884441262	0.0411064788730246
896	2.33311989580417	-0.024136760914112
897	0.715168861366957	1.18904419359539
898	2.39296467924709	1.34933246449624
899	-1.31444668642128	-0.0722385132892866
900	1.42359898546132	0.658210847512417
901	0.830923077088873	0.481605633563225
902	3.96504811467462	1.55110749117454
903	2.55659582756871	1.84528184878608
904	0.359953177768052	-0.71712417285008
905	0.889871125530858	0.556909868652501
906	8.25532572744072	2.04764283462116
907	6.65718086356884	2.34500470380954
908	4.95164025311545	1.10801901227875
909	1.22392389665647	-0.473768954018819
910	5.77178635818156	0.68010380763026
911	-1.12849707742495	-0.6585519852096
912	0.68595546797413	0.208246738532885
913	6.7242030045847	1.53858801199245
914	2.10976515007462	1.27346445892217
915	4.69596914872965	2.2781828409281
916	5.13591868823264	2.75749717434136
917	1.06661786634053	0.265801231848052
918	4.82266797955946	2.437892792519
919	4.31067057087092	1.22093170274622
920	1.80473276463716	0.533472359603161
921	-0.962946644494261	-0.714125430153166
922	5.71251618320364	1.04603402388031
923	2.66474403668948	1.08591618967298
924	4.60023293070514	2.18869038871582
925	1.27069285052165	0.126565895502774
926	4.70195967878535	1.19393531999252
927	2.78585248912112	0.99078590295584
928	4.67946097736106	2.06772932566261
929	3.26473018609395	1.99284233389967
930	1.77718747762825	0.69091837377141
931	2.67108769117817	0.764836225652274
932	4.35982474578546	2.53053877711693
933	6.84974890775299	2.67782188153298
934	-0.893561116752308	0.52391527376568
935	1.0414245237707	-0.489874723970978
936	-0.661454181204971	0.682475106744307
937	2.03264325827361	0.814392348522649
938	1.78727384762591	0.938085439300212
939	-1.21476090462747	-0.690206898971887
940	2.84035551031012	1.00329942783077
941	-1.92544732339913	0.382063319199283
942	4.74391931814099	0.670242380719119
943	1.23684306104109	1.95662601288039
944	3.52394363702012	1.88817951522311
945	-0.60769795026067	0.217053435493287
946	1.78293700919429	1.19863382331395
947	9.12357248076193	2.18271577661543
948	1.55460162166328	0.155376667965332
949	2.79747309673443	2.43149619511838
950	-2.468480763009	-0.2626203481298
951	3.21250437248829	0.623763938472262
952	2.61992310149195	0.827662253744629
953	3.39119933659318	1.63772399568122
954	1.42248703238835	1.19664534981395
955	0.0224335439709509	1.02884052671011
956	2.76441723998846	2.16235769236391
957	4.82227399060934	0.925306185505815
958	4.30581213615538	2.53688298569869
959	1.56461070933343	1.81869462108071
960	8.46238412942214	2.04944687325012
961	5.14145786889453	1.79374338593018
962	0.152141180491686	-0.370976860559833
963	5.43955415746924	1.22110559329078
964	3.0929359640409	0.0373104825246534
965	-0.522200305679872	-0.31963442737007
966	7.93345967206466	1.33854926541403
967	5.10709505665504	2.57755687366578
968	1.13808574947018	1.61392330692814
969	1.36884511637092	0.236858492613956
970	4.38938467747954	1.60637594510828
971	6.83347206322215	0.567831450458044
972	1.16791741174778	-0.17774028393598
973	1.77720762258611	-0.232778796731278
974	3.4975384431208	1.41574851450426
975	3.04903500163892	1.45428759671115
976	0.557875387409282	-0.372222988039554
977	3.70938463379437	0.518522940052717
978	5.7040181250073	0.175309217455842
979	4.42296419835094	0.656897919478141
980	2.99732712778944	-0.399308203936017
981	1.77497222628881	1.76203475292063
982	6.82023048077642	2.12549152024215
983	1.12114394749595	-0.340319951443034
984	0.0454630274296597	1.01855962753018
985	1.77970022714975	-0.30700197160969
986	4.54732905591619	2.13282126080627
987	4.38055630961751	0.114924402449292
988	0.120842644778862	0.234116886796041
989	-0.5227724176263	-0.543467880315842
990	0.86190148314876	0.861404277697587
991	1.37532887078729	0.279358402247806
992	4.47059296001707	1.42445338785702
993	3.93126489666456	2.44609019703624
994	2.09693380443249	-0.485217176537958
995	1.88443942552515	1.79926947518435
996	0.360592221502674	0.709145605559321
997	8.22015178402632	2.412438524946
998	-1.07473712331055	-0.177358908497162
999	4.91616731797472	1.67607948454814
1000	0.54073987584485	0.0271433196959105
1001	3.15404039966274	2.16201472748162
1002	4.13454325062342	1.73832305591971
1003	0.891622595068527	0.94061904278446
1004	3.74131486430693	-0.39208800980537
1005	5.44892395740599	2.41566379026916
1006	-1.03127487804221	-0.353070609785806
1007	1.30680649322486	-0.537010700765514
1008	3.51186265533736	0.591125636308733
1009	3.3768784399137	0.717037662037354
1010	5.0185056028819	2.97161271670677
1011	7.78771488750589	2.39860471397723
1012	5.72034595764889	2.51551189107107
1013	0.635381758969696	0.486906601545921
1014	-0.734022083637422	1.69071495106757
1015	3.63081331629488	0.157783476851898
1016	2.92393732945823	1.23928343927371
1017	1.66190842421557	0.36531866125837
1018	1.9362358523877	-0.724707209918524
1019	5.36223131359011	1.70688342804076
1020	2.52313131451625	0.127565776287303
1021	2.22972335658098	-0.497389517222164
1022	6.29141747376619	2.37409313759107
1023	2.23908737021511	0.627384750149313
1024	1.26796603250535	2.71819377626917
1025	5.63632748342423	2.1552111735801
1026	3.57105796567967	1.68272567215828
1027	5.60806698763597	3.16393940704935
1028	0.764167489781314	1.69753342965358
1029	-0.17444518454006	-0.239020689977679
1030	4.79378914027332	1.86459733140656
1031	5.82487841023188	1.30135424717207
1032	2.19702959276348	0.834463036575269
1033	3.81409538082551	1.25580717925418
1034	4.77508431036792	2.47711943098638
1035	-1.71835902529914	-0.070849756923748
1036	1.15921044424645	0.560649050297968
1037	0.445980928220179	0.060823450542244
1038	5.23371145125049	2.78818220793634
1039	3.8577850677264	0.341107158006238
1040	5.05870491905393	1.58273785021682
1041	0.745275042797688	-0.0453085975233995
1042	1.61091547680743	0.645719204112003
1043	2.69633017707296	0.105758148385069
1044	3.7951085274993	1.01937251218275
1045	1.44417112971472	1.11203379818199
1046	-0.151127704060958	0.0802311170074997
1047	6.5891767102709	3.12443413917236
1048	4.67368545881144	1.32062847141339
1049	1.38142514367834	0.306919440477938
1050	3.60582611401275	0.464220042966982
1051	3.93049402792093	1.31908036155726
1052	-0.391309647495345	-0.205315513499075
1053	4.05365673950385	1.47614384476739
1054	2.27249014564962	2.24432230461686
1055	8.44197312053238	2.93627259517118
1056	9.36400283597614	2.82187187310616
1057	3.36792680397048	1.96028109455735
1058	0.79992516820753	1.15608713094979
1059	3.16740879637863	0.586327859147319
1060	3.28890966910758	1.6003993831883
1061	5.32597997545301	-0.410639294543763
1062	4.15989975797296	2.05036563424252
1063	4.62508436734321	1.39281401742172
1064	4.06163627243618	1.89620801208446
1065	0.608230779812249	0.63057708094352
1066	4.8294839147249	2.19178765949465
1067	-0.481188747435812	1.31540189964666
1068	4.33324569925033	0.171814764914223
1069	5.80102519021506	2.88235354445836
1070	5.0932953605025	-0.261396378389522
1071	4.9165814307334	1.86966842182599
1072	-0.456534962971283	-0.118804448480237
1073	5.14135177202561	1.83942389661614
1074	2.12915515192639	1.89072283708041
1075	0.634625729080186	1.3241209243812
1076	1.22970245596479	-0.32846603031616
1077	-0.0726205702199358	-0.217754188757358
1078	3.66227344242316	1.66732453122931
1079	1.48475845529359	0.128060631820931
1080	-0.942749875683684	-0.600367511266561
1081	2.25470562571975	1.48980504414236
1082	1.45455469746355	0.385601410181931
1083	5.9562077797599	1.62756509958409
1084	1.00075348787141	1.92419517552717
1085	2.64536948709188	0.208469279262921
1086	5.4497472115574	2.41164873647392
1087	3.85947233973299	0.391139040871842
1088	4.66148062656714	2.73354613207789
1089	5.26710653607515	2.24157531141829
1090	5.67437130499998	2.64765767067475
1091	3.47718344743641	2.26485951987356
1092	8.06212934832508	2.98294621306449
1093	4.46707568019753	0.664682996766541
1094	2.14281202288332	-0.265163288255162
1095	4.50017884441262	0.121726120133272
1096	2.33311989580417	0.0486273046453394
1097	0.715168861366957	1.40788063167967
1098	2.39296467924709	1.58746832195515
1099	-1.31444668642128	-0.005266112251048
1100	1.42359898546132	0.813132594231483
1101	0.830923077088873	0.61526332852981
1102	3.96504811467462	1.81353795757337
1103	2.55659582756871	2.14313221375203
1104	0.359953177768052	-0.727798868025425
1105	0.889871125530858	0.699634527817436
1106	8.25532572744072	2.36985836061072
1107	6.65718086356884	2.70302391891019
1108	4.95164025311545	1.31709965884225
1109	1.22392389665647	-0.455142600534565
1110	5.77178635818156	0.837661563935627
1111	-1.12849707742495	-0.66217432897701
1112	0.68595546797413	0.308990809031971
1113	6.7242030045847	1.79951107752077
1114	2.10976515007462	1.50246547171365
1115	4.69596914872965	2.62815640709951
1116	5.13591868823264	3.16518231404728
1117	1.06661786634053	0.373475118840515
1118	4.82266797955946	2.80709614585282
1119	4.31067057087092	1.44360753848858
1120	1.80473276463716	0.673375038633819
1121	-0.962946644494261	-0.724439063395663
1122	5.71251618320364	1.24765140267438
1123	2.66474403668948	1.29233555827501
1124	4.60023293070514	2.52788866636237
1125	1.27069285052165	0.217475229900137
1126	4.70195967878535	1.41336067140791
1127	2.78585248912112	1.18575116273091
1128	4.67946097736106	2.39236335434232
1129	3.26473018609395	2.30845963632976
1130	1.77718747762825	0.84977825184863
1131	2.67108769117817	0.932596141235064
1132	4.35982474578546	2.91089711827413
1133	6.84974890775299	3.07591376228699
1134	-0.893561116752308	0.662667237235304
1135	1.0414245237707	-0.473187576686349
1136	-0.661454181204971	0.840318377989773
1137	2.03264325827361	0.988119041290573
1138	1.78727384762591	1.12670532930112
1139	-1.21476090462747	-0.697640634880048
1140	2.84035551031012	1.19977137155132
1141	-1.92544732339913	0.503735677624188
1142	4.74391931814099	0.82661277744714
1143	1.23684306104109	2.26788270948681
1144	3.52394363702012	2.19119494966112
1145	-0.60769795026067	0.318857871401449
1146	1.78293700919429	1.41862489538703
1147	9.12357248076193	2.52119468444235
1148	1.55460162166328	0.249754947265131
1149	2.79747309673443	2.79992936972914
1150	-2.468480763009	-0.218570765157089
1151	3.21250437248829	0.774538124424784
1152	2.61992310149195	1.00298670200958
1153	3.39119933659318	1.91058347373414
1154	1.42248703238835	1.41639700085031
1155	0.0224335439709509	1.22838773211882
1156	2.76441723998846	2.49838539647252
1157	4.82227399060934	1.1123873966197
1158	4.30581213615538	2.91800519773261
1159	1.56461070933343	2.11334376580384
1160	8.46238412942214	2.37187961349916
1161	5.14145786889453	2.08538829117665
1162	0.152141180491686	-0.339973882704304
1163	5.43955415746924	1.44380236622665
1164	3.0929359640409	0.117473068973217
1165	-0.522200305679872	-0.282449592637091
1166	7.93345967206466	1.57538677783423
1167	5.10709505665504	2.96357640237211
1168	1.13808574947018	1.8839170763982
1169	1.36884511637092	0.341047545318857
1170	4.38938467747954	1.87546097871068
1171	6.83347206322215	0.711871116555894
1172	1.16791741174778	-0.123470764431325
1173	1.77720762258611	-0.185136158496365
1174	3.4975384431208	1.66188115922095
1175	3.04903500163892	1.7050605180098
1176	0.557875387409282	-0.341370049464443
1177	3.70938463379437	0.656625642605435
1178	5.7040181250073	0.272087464199677
1179	4.42296419835094	0.811661583833477
1180	2.99732712778944	-0.371716445592624
1181	1.77497222628881	2.0498617979905
1182	6.82023048077642	2.4570803735695
1183	1.12114394749595	-0.305625745636453
1184	0.0454630274296597	1.21686896703825
1185	1.77970022714975	-0.268296133124653
1186	4.54732905591619	2.46529264743602
1187	4.38055630961751	0.204432049403629
1188	0.120842644778862	0.337975837989818
1189	-0.5227724176263	-0.533233586968037
1190	0.86190148314876	1.04079141543543
1191	1.37532887078729	0.388664632739938
1192	4.47059296001707	1.67163413796841
1193	3.93126489666456	2.81628055426419
1194	2.09693380443249	-0.46796923986642
1195	1.88443942552515	2.09157974610866
1196	0.360592221502674	0.87020012325887
1197	8.22015178402632	2.77857707146642
1198	-1.07473712331055	-0.123043469696655
1199	4.91616731797472	1.95355713372987
1200	0.54073987584485	0.106081734605413
1201	3.15404039966274	2.41957714140014
1202	4.13454325062342	1.96085515734787
1203	0.891622595068527	1.09719794585983
1204	3.74131486430693	-0.345695706193329
1205	5.44892395740599	2.69419760043813
1206	-1.03127487804221	-0.303452394958168
1207	1.30680649322486	-0.502600429116867
1208	3.51186265533736	0.718808849277576
1209	3.3768784399137	0.855131128271995
1210	5.0185056028819	3.29611170846639
1211	7.78771488750589	2.67572810045035
1212	5.72034595764889	2.8023010208685
1213	0.635381758969696	0.60597311137843
1214	-0.734022083637422	1.90931087224489
1215	3.63081331629488	0.249638486719501
1216	2.92393732945823	1.42055555168264
1217	1.66190842421557	0.474332427954268
1218	1.9362358523877	-0.705815457538247
1219	5.36223131359011	1.9268161392446
1220	2.52313131451625	0.216922423395931
1221	2.22972335658098	-0.459703414269954
1222	6.29141747376619	2.64918993671761
1223	2.23908737021511	0.758065822584632
1224	1.26796603250535	3.02174039801459
1225	5.63632748342423	2.41221107793043
1226	3.57105796567967	1.90066104946479
1227	5.60806698763597	3.50433973583102
1228	0.764167489781314	1.91669309435387
1229	-0.17444518454006	-0.179972966385679
1230	4.79378914027332	2.09756963647028
1231	5.82487841023188	1.48775829854311
1232	2.19702959276348	0.982265090069125
1233	3.81409538082551	1.43844545440332
1234	4.77508431036792	2.76073431884253
1235	-1.71835902529914	0.00210213503426951
1236	1.15921044424645	0.685812496173771
1237	0.445980928220179	0.144661923270516
1238	5.23371145125049	3.09751538815474
1239	3.8577850677264	0.448119147037598
1240	5.05870491905393	1.79240635592085
1241	0.745275042797688	0.0297550064535543
1242	1.61091547680743	0.777916146919014
1243	2.69633017707296	0.193311767321647
1244	3.7951085274993	1.18246265639853
1245	1.44417112971472	1.28278506491251
1246	-0.151127704060958	0.165674192012895
1247	6.5891767102709	3.46156822041689
1248	4.67368545881144	1.50862609222065
1249	1.38142514367834	0.411104830572543
1250	3.60582611401275	0.58141085570726
1251	3.93049402792093	1.50694998652304
1252	-0.391309647495345	-0.143481086877874
1253	4.05365673950385	1.67699928764503
1254	2.27249014564962	2.50868980898416
1255	8.44197312053238	3.25784970863125
1256	9.36400283597614	3.1339904738976
1257	3.36792680397048	2.20116441687348
1258	0.79992516820753	1.33048067369534
1259	3.16740879637863	0.713614397731216
1260	3.28890966910758	1.81152812297428
1261	5.32597997545301	-0.365780788608434
1262	4.15989975797296	2.29869703681968
1263	4.62508436734321	1.58677985144554
1264	4.06163627243618	2.13179384981003
1265	0.608230779812249	0.761522091409251
1266	4.8294839147249	2.45181166324883
1267	-0.481188747435812	1.50296739385212
1268	4.33324569925033	0.264829864626533
1269	5.80102519021506	3.19947269633356
1270	5.0932953605025	-0.20419864952214
1271	4.9165814307334	2.10305999848268
1272	-0.456534962971283	-0.0498173921405607
1273	5.14135177202561	2.07031489268478
1274	2.12915515192639	2.1258551672028
1275	0.634625729080186	1.51240729695545
1276	1.22970245596479	-0.276813538760025
1277	-0.0726205702199358	-0.156948176689735
1278	3.66227344242316	1.88398656092089
1279	1.48475845529359	0.217458192983679
1280	-0.942749875683684	-0.571195503712328
1281	2.25470562571975	1.6917899783818
1282	1.45455469746355	0.496292129909114
1283	5.9562077797599	1.84093986778705
1284	1.00075348787141	2.16209495791326
1285	2.64536948709188	0.304514929675187
1286	5.4497472115574	2.68985058687461
1287	3.85947233973299	0.50228760517456
1288	4.66148062656714	3.03836206794378
1289	5.26710653607515	2.50571569772637
1290	5.67437130499998	2.94537245293246
1291	3.47718344743641	2.53092501623932
1292	8.06212934832508	3.30838224452932
1293	4.46707568019753	0.798447842903448
1294	2.14281202288332	-0.208277002917528
1295	4.50017884441262	0.210599951568045
1296	2.33311989580417	0.131457414852885
1297	0.715168861366957	1.60309215505981
1298	2.39296467924709	1.79752793731355
1299	-1.31444668642128	0.0731081557444136
1300	1.42359898546132	0.959171072675336
1301	0.830923077088873	0.744942216556847
1302	3.96504811467462	2.04228873566125
1303	2.55659582756871	2.39913344438339
1304	0.359953177768052	-0.709162730180121
1305	0.889871125530858	0.83628912406488
1306	8.25532572744072	2.64460503352306
1307	6.65718086356884	3.00531631528515
1308	4.95164025311545	1.50480552171471
1309	1.22392389665647	-0.413963573853489
1310	5.77178635818156	0.985728067784453
1311	-1.12849707742495	-0.638112433996977
1312	0.68595546797413	0.41334745736128
1313	6.7242030045847	2.02710213021283
1314	2.10976515007462	1.70549715471842
1315	4.69596914872965	2.92425884858479
1316	5.13591868823264	3.50568540486903
1317	1.06661786634053	0.483163251536726
1318	4.82266797955946	3.11799310747197
1319	4.31067057087092	1.64177291910461
1320	1.80473276463716	0.807858532228835
1321	-0.962946644494261	-0.705525140986756
1322	5.71251618320364	1.42961536812765
1323	2.66474403668948	1.47799395540849
1324	4.60023293070514	2.81570109289933
1325	1.27069285052165	0.314265481366116
1326	4.70195967878535	1.60902527781286
1327	2.78585248912112	1.3625972915733
1328	4.67946097736106	2.66897071278597
1329	3.26473018609395	2.5781299373367
1330	1.77718747762825	0.998846548728639
1331	2.67108769117817	1.08851172056059
1332	4.35982474578546	3.23037621814329
1333	6.84974890775299	3.40903623773766
1334	-0.893561116752308	0.79626542282393
1335	1.0414245237707	-0.433500486703363
1336	-0.661454181204971	0.988604543995757
1337	2.03264325827361	1.14862518651547
1338	1.78727384762591	1.29866962039419
1339	-1.21476090462747	-0.676511050969719
1340	2.84035551031012	1.37777667422016
1341	-1.92544732339913	0.624193595014397
1342	4.74391931814099	0.973765781056736
1343	1.23684306104109	2.53419815949569
1344	3.52394363702012	2.4511699488866
1345	-0.60769795026067	0.424030316455982
1346	1.78293700919429	1.61472474143294
1347	9.12357248076193	2.80845366068939
1348	1.55460162166328	0.349214046533164
1349	2.79747309673443	3.11023379100819
1350	-2.468480763009	-0.157832266633806
1351	3.21250437248829	0.917385659009049
1352	2.61992310149195	1.16472208735398
1353	3.39119933659318	2.14735785715834
1354	1.42248703238835	1.6123126472835
1355	0.0224335439709509	1.40875900070178
1356	2.76441723998846	2.78375852851044
1357	4.82227399060934	1.28316789843932
1358	4.30581213615538	3.23807198497291
1359	1.56461070933343	2.36688212376088
1360	8.46238412942214	2.64679340114389
1361	5.14145786889453	2.33661532446593
1362	0.152141180491686	-0.289272846398077
1363	5.43955415746924	1.64198385496328
1364	3.0929359640409	0.205995263306828
1365	-0.522200305679872	-0.226992517937632
1366	7.93345967206466	1.78444750580746
1367	5.10709505665504	3.28741096142911
1368	1.13808574947018	2.11848671449846
1369	1.36884511637092	0.448054605645672
1370	4.38938467747954	2.10933147693087
1371	6.83347206322215	0.849537419089053
1372	1.16791741174778	-0.0548695134234893
1373	1.77720762258611	-0.1216333273276
1374	3.4975384431208	1.87809313753023
1375	3.04903500163892	1.92484251322768
1376	0.557875387409282	-0.290784446529177
1377	3.70938463379437	0.78972431649244
1378	5.7040181250073	0.373392988827051
1379	4.42296419835094	0.957578440925348
1380	2.99732712778944	-0.323639845809126
1381	1.77497222628881	2.29815154399866
1382	6.82023048077642	2.73903845651198
1383	1.12114394749595	-0.2520848471009
1384	0.0454630274296597	1.39628787812315
1385	1.77970022714975	-0.211668867593469
1386	4.54732905591619	2.74792971120137
1387	4.38055630961751	0.300143906557592
1388	0.120842644778862	0.444728933287727
1389	-0.5227724176263	-0.498511028140959
1390	0.86190148314876	1.20565244854165
1391	1.37532887078729	0.499608615985469
1392	4.47059296001707	1.88865248070769
1393	3.93126489666456	3.12793687160893
1394	2.09693380443249	-0.427850704137031
1395	1.88443942552515	2.34331868136722
1396	0.360592221502674	1.02095687564829
1397	8.22015178402632	3.08711611067466
1398	-1.07473712331055	-0.0544068904794503
1399	4.91616731797472	2.19388452713644
1400	0.54073987584485	0.193662107257434
1401	3.15404039966274	2.64229803496626
1402	4.13454325062342	2.1564433485679
1403	0.891622595068527	1.2417021366111
1404	3.74131486430693	-0.286536463666197
1405	5.44892395740599	2.93316187328901
1406	-1.03127487804221	-0.241794525311116
1407	1.30680649322486	-0.45272186048762
1408	3.51186265533736	0.840931904863106
1409	3.3768784399137	0.985317437740457
1410	5.0185056028819	3.57067827834863
1411	7.78771488750589	2.91359993068224
1412	5.72034595764889	3.04765944536483
1413	0.635381758969696	0.721422105992709
1414	-0.734022083637422	2.10185029799485
1415	3.63081331629488	0.344010834382904
1416	2.92393732945823	1.58418584925929
1417	1.66190842421557	0.581995077888854
1418	1.9362358523877	-0.667956746404603
1419	5.36223131359011	2.12039097471004
1420	2.52313131451625	0.309359666052478
1421	2.22972335658098	-0.407287552953979
1422	6.29141747376619	2.88549207523555
1423	2.23908737021511	0.882510867978323
1424	1.26796603250535	3.2800783253691
1425	5.63632748342423	2.63449628013112
1426	3.57105796567967	2.09268885145352
1427	5.60806698763597	3.79122267441372
1428	0.764167489781314	2.10966916722801
1429	-0.17444518454006	-0.111011477775947
1430	4.79378914027332	2.30124427960975
1431	5.82487841023188	1.65536353560554
1432	2.19702959276348	1.11997117853978
1433	3.81409538082551	1.60313391230888
1434	4.77508431036792	3.00363413661673
1435	-1.71835902529914	0.0818330868552912
1436	1.15921044424645	0.805983868041501
1437	0.445980928220179	0.23282506808688
1438	5.23371145125049	3.36033529004771
1439	3.8577850677264	0.554231321578911
1440	5.05870491905393	1.9780310586913
1441	0.745275042797688	0.111121583239846
1442	1.61091547680743	0.903535308575632
1443	2.69633017707296	0.284352475855717
1444	3.7951085274993	1.33201012410643
1445	1.44417112971472	1.43826644933574
1446	-0.151127704060958	0.255080180323192
1447	6.5891767102709	3.74592128941199
1448	4.67368545881144	1.67746562729834
1449	1.38142514367834	0.515027665020935
1450	3.60582611401275	0.695407030541272
1451	3.93049402792093	1.67569038251742
1452	-0.391309647495345	-0.0723611595205857
1453	4.05365673950385	1.85579783919312
1454	2.27249014564962	2.73668158026898
1455	8.44197312053238	3.53015313986135
1456	9.36400283597614	3.39896782121266
1457	3.36792680397048	2.41096653251047
1458	0.79992516820753	1.48878318028256
1459	3.16740879637863	0.835430209468493
1460	3.28890966910758	1.99828384896103
1461	5.32597997545301	-0.307809547924927
1462	4.15989975797296	2.51426805745367
1463	4.62508436734321	1.76024206160748
1464	4.06163627243618	2.33749280271851
1465	0.608230779812249	0.886171569807042
1466	4.8294839147249	2.67643917938155
1467	-0.481188747435812	1.6714722255935
1468	4.33324569925033	0.360100759011715
1469	5.80102519021506	3.46832321675146
1470	5.0932953605025	-0.136670072943058
1471	4.9165814307334	2.30705938812097
1472	-0.456534962971283	0.0268425992169143
1473	5.14135177202561	2.27237745949837
1474	2.12915515192639	2.33120285613634
1475	0.634625729080186	1.68147048449835
1476	1.22970245596479	-0.213580021594013
1477	-0.0726205702199358	-0.0866248070559402
1478	3.66227344242316	2.0750280924666
1479	1.48475845529359	0.309927125590252
1480	-0.942749875683684	-0.525374228620585
1481	2.25470562571975	1.87146337661962
1482	1.45455469746355	0.605253662560169
1483	5.9562077797599	2.02943525340475
1484	1.00075348787141	2.36958617492833
1485	2.64536948709188	0.402133134838976
1486	5.4497472115574	2.92855774053519
1487	3.85947233973299	0.61160376099925
1488	4.66148062656714	3.2976831416012
1489	5.26710653607515	2.73353155488825
1490	5.67437130499998	3.19919333337243
1491	3.47718344743641	2.7602319659569
1492	8.06212934832508	3.58367459781458
1493	4.46707568019753	0.925281422911864
1494	2.14281202288332	-0.140989654691537
1495	4.50017884441262	0.302663229705425
1496	2.33311989580417	0.218839533232807
1497	0.715168861366957	1.77751921298125
1498	2.39296467924709	1.98345557377434
1499	-1.31444668642128	0.157039004870747
1500	1.42359898546132	1.09551118540969
1501	0.830923077088873	0.868611020766469
1502	3.96504811467462	2.24269359823815
1503	2.55659582756871	2.62064512460179
1504	0.359953177768052	-0.671502005093409
1505	0.889871125530858	0.96536095786065
1506	8.25532572744072	2.8806359820436
1507	6.65718086356884	3.26268278331681
1508	4.95164025311545	1.67341907590216
1509	1.22392389665647	-0.358842271075097
1510	5.77178635818156	1.12363898607981
1511	-1.12849707742495	-0.596249192778579
1512	0.68595546797413	0.517402939747306
1513	6.7242030045847	2.22660872835157
1514	2.10976515007462	1.88598131142973
1515	4.69596914872965	3.17683089168508
1516	5.13591868823264	3.79264793771304
1517	1.06661786634053	0.591348231152609
1518	4.82266797955946	3.38202423507958
1519	4.31067057087092	1.81848788493941
1520	1.80473276463716	0.935248740088573
1521	-0.962946644494261	-0.667649258074013
1522	5.71251618320364	1.59378153996248
1523	2.66474403668948	1.64502164653877
1524	4.60023293070514	3.06185211112011
1525	1.27069285052165	0.412460416719297
1526	4.70195967878535	1.78380327085238
1527	2.78585248912112	1.52279944688793
1528	4.67946097736106	2.9064428538935
1529	3.26473018609395	2.81022898579368
1530	1.77718747762825	1.13753340506723
1531	2.67108769117817	1.23250213439742
1532	4.35982474578546	3.5010546345153
1533	6.84974890775299	3.69028212046474
1534	-0.893561116752308	0.922969916029292
1535	1.0414245237707	-0.379534762378905
1536	-0.661454181204971	1.12668560145069
1537	2.03264325827361	1.29617121973712
1538	1.78727384762591	1.45509055193041
1539	-1.21476090462747	-0.636919029097773
1540	2.84035551031012	1.53887666675532
1541	-1.92544732339913	0.740720303312091
1542	4.74391931814099	1.11096914842485
1543	1.23684306104109	2.76369871062066
1544	3.52394363702012	2.67575950859824
1545	-0.60769795026067	0.528717673585532
1546	1.78293700919429	1.78983984901092
1547	9.12357248076193	3.05417600440195
1548	1.55460162166328	0.449476135955839
1549	2.79747309673443	3.37380596693845
1550	-2.468480763009	-0.0875611895652989
1551	3.21250437248829	1.05125422856294
1552	2.61992310149195	1.31322022759107
1553	3.39119933659318	2.35397739724898
1554	1.42248703238835	1.78728508318918
1555	0.0224335439709509	1.57169155036662
1556	2.76441723998846	3.02802019300094
1557	4.82227399060934	1.43867192687894
1558	4.30581213615538	3.50920559415881
1559	1.56461070933343	2.58648618779095
1560	8.46238412942214	2.88295378825544
1561	5.14145786889453	2.55442915370283
1562	0.152141180491686	-0.226776278184446
1563	5.43955415746924	1.81871129733086
1564	3.0929359640409	0.297786181190434
1565	-0.522200305679872	-0.160812163742772
1566	7.93345967206466	1.96960145479097
1567	5.10709505665504	3.56146289545835
1568	1.13808574947018	2.323398570747
1569	1.36884511637092	0.554162962662565
1570	4.38938467747954	2.31370181490807
1571	6.83347206322215	0.979392869231937
1572	1.16791741174778	0.0214916527026874
1573	1.77720762258611	-0.0492211384755174
1574	3.4975384431208	2.0687860821143
1575	3.04903500163892	2.11830061173888
1576	0.557875387409282	-0.22837728714671
1577	3.70938463379437	0.916041913282814
1578	5.7040181250073	0.47508522563117
1579	4.42296419835094	1.09382435193247
1580	2.99732712778944	-0.263176032941796
1581	1.77497222628881	2.51369029956827
1582	6.82023048077642	2.98065499727914
1583	1.12114394749595	-0.187388665721004
1584	0.0454630274296597	1.55848277999998
1585	1.77970022714975	-0.144582142964885
1586	4.54732905591619	2.9900721560572
1587	4.38055630961751	0.397503572402751
1588	0.120842644778862	0.55064058188138
1589	-0.5227724176263	-0.448390577711164
1590	0.86190148314876	1.35657155691549
1591	1.37532887078729	0.608766313705287
1592	4.47059296001707	2.07996999425807
1593	3.93126489666456	3.39255615762602
1594	2.09693380443249	-0.373550803832303
1595	1.88443942552515	2.56152900389166
1596	0.360592221502674	1.16095152393917
1597	8.22015178402632	3.349320911242
1598	-1.07473712331055	0.0219816390848773
1599	4.91616731797472	2.40325604845222
1600	0.54073987584485	0.284723537861796
1601	3.15404039966274	2.83605608732916
1602	4.13454325062342	2.32902836116327
1603	0.891622595068527	1.37442368261868
1604	3.74131486430693	-0.220413959643398
1605	5.44892395740599	3.13959546792443
1606	-1.03127487804221	-0.17372221434688
1607	1.30680649322486	-0.393841542480904
1608	3.51186265533736	0.956188302767771
1609	3.3768784399137	1.10686600636006
1610	5.0185056028819	3.80489417204314
1611	7.78771488750589	3.11918103629092
1612	5.72034595764889	3.25908272460084
1613	0.635381758969696	0.831470391688248
1614	-0.734022083637422	2.27205620246762
1615	3.63081331629488	0.437611931060373
1616	2.92393732945823	1.73183247774654
1617	1.66190842421557	0.685967279328429
1618	1.9362358523877	-0.618456139917524
1619	5.36223131359011	2.29140486250868
1620	2.52313131451625	0.401450701006574
1621	2.22972335658098	-0.346427255280192
1622	6.29141747376619	3.08984826986197
1623	2.23908737021511	0.999579233667137
1624	1.26796603250535	3.50163017663872
1625	5.63632748342423	2.82791434016708
1626	3.57105796567967	2.26249550965497
1627	5.60806698763597	4.03504966253445
1628	0.764167489781314	2.2802158098553
1629	-0.17444518454006	-0.0372397782004623
1630	4.79378914027332	2.48013956553818
1631	5.82487841023188	1.80611201332006
1632	2.19702959276348	1.24738781654022
1633	3.81409538082551	1.75160627759296
1634	4.77508431036792	3.21313883888108
1635	-1.71835902529914	0.164008751135033
1636	1.15921044424645	0.919717267004021
1637	0.445980928220179	0.321580805200525
1638	5.23371145125049	3.5853846560112
1639	3.8577850677264	0.656993607517199
1640	5.05870491905393	2.14284105004199
1641	0.745275042797688	0.194573609600765
1642	1.61091547680743	1.02151989742606
1643	2.69633017707296	0.375353723580559
1644	3.7951085274993	1.46866719788413
1645	1.44417112971472	1.57955406278428
1646	-0.151127704060958	0.344805771983066
1647	6.5891767102709	3.98777409049074
1648	4.67368545881144	1.82917729108364
1649	1.38142514367834	0.616081496553878
1650	3.60582611401275	0.804321606420874
1651	3.93049402792093	1.82732468298937
1652	-0.391309647495345	0.00309488055496703
1653	4.05365673950385	2.01528103450829
1654	2.27249014564962	2.93455276895441
1655	8.44197312053238	3.7626029903483
1656	9.36400283597614	3.6257007525334
1657	3.36792680397048	2.59464339961757
1658	0.79992516820753	1.63227226010203
1659	3.16740879637863	0.950446849234275
1660	3.28890966910758	2.16397643575803
1661	5.32597997545301	-0.242614102694803
1662	4.15989975797296	2.70244669712137
1663	4.62508436734321	1.9155610359416
1664	4.06163627243618	2.51796776142315
1665	0.608230779812249	1.00339946505802
1666	4.8294839147249	2.87168506715831
1667	-0.481188747435812	1.82292270319249
1668	4.33324569925033	0.454403037798896
1669	5.80102519021506	3.69807858376943
1670	5.0932953605025	-0.0640165481450554
1671	4.9165814307334	2.48620809040455
1672	-0.456534962971283	0.106621835481863
1673	5.14135177202561	2.45001475955718
1674	2.12915515192639	2.51140370553866
1675	0.634625729080186	1.83335667577742
1676	1.22970245596479	-0.144278152027283
1677	-0.0726205702199358	-0.0117903618418775
1678	3.66227344242316	2.24406511323772
1679	1.48475845529359	0.402042889838305
1680	-0.942749875683684	-0.469660024933127
1681	2.25470562571975	2.03162925969348
1682	1.45455469746355	0.710239448826583
1683	5.9562077797599	2.19648538587038
1684	1.00075348787141	2.55145972927297
1685	2.64536948709188	0.498267140662716
1686	5.4497472115574	3.13479069187413
1687	3.85947233973299	0.716866277923086
1688	4.66148062656714	3.52000219237434
1689	5.26710653607515	2.93126546875772
1690	5.67437130499998	3.41722030117363
1691	3.47718344743641	2.95912945585269
1692	8.06212934832508	3.81845685753701
1693	4.46707568019753	1.04421368471167
1694	2.14281202288332	-0.0685243727544146
1695	4.50017884441262	0.394462440957814
1696	2.33311989580417	0.30698579534513
1697	0.715168861366957	1.93359110752659
1698	2.39296467924709	2.14850195982655
1699	-1.31444668642128	0.242492064506493
1700	1.42359898546132	1.22186188245751
1701	0.830923077088873	0.985073645631908
1702	3.96504811467462	2.41903730662745
1703	2.55659582756871	2.81345956574704
1704	0.359953177768052	-0.622155897277034
1705	0.889871125530858	1.08603984393124
1706	8.25532572744072	3.08478055320081
1707	6.65718086356884	3.4834765550331
1708	4.95164025311545	1.82495439520415
1709	1.22392389665647	-0.295870778617176
1710	5.77178635818156	1.25121546330189
1711	-1.12849707742495	-0.543623646001614
1712	0.68595546797413	0.618560283271896
1713	6.7242030045847	2.40225147491154
1714	2.10976515007462	2.04677987093892
1715	4.69596914872965	3.39388332763468
1716	5.13591868823264	4.03653703731969
1717	1.06661786634053	0.695728033242233
1718	4.82266797955946	3.60801878261388
1719	4.31067057087092	1.97634515141772
1720	1.80473276463716	1.05461536716028
1721	-0.962946644494261	-0.618135251566652
1722	5.71251618320364	1.74184633862807
1723	2.66474403668948	1.79531943552966
1724	4.60023293070514	3.27389389190578
1725	1.27069285052165	0.509044474700737
1726	4.70195967878535	1.94014901807617
1727	2.78585248912112	1.66777092007674
1728	4.67946097736106	3.11171206157115
1729	3.26473018609395	3.01130529359305
1730	1.77718747762825	1.26571538655633
1731	2.67108769117817	1.36482275391775
1732	4.35982474578546	3.73223640253209
1733	6.84974890775299	3.9297102246748
1734	-0.893561116752308	1.04180144477348
1735	1.0414245237707	-0.317465027079103
1736	-0.661454181204971	1.2543948469885
1737	2.03264325827361	1.43126647149544
1738	1.78727384762591	1.59711134219759
1739	-1.21476090462747	-0.586065831308751
1740	2.84035551031012	1.68454876839361
1741	-1.92544732339913	0.851609584290219
1742	4.74391931814099	1.23799348735533
1743	1.23684306104109	2.96274727762795
1744	3.52394363702012	2.87097577703217
1745	-0.60769795026067	0.630368101392774
1746	1.78293700919429	1.94644866400577
1747	9.12357248076193	3.26588326847438
1748	1.55460162166328	0.547673300319414
1749	2.79747309673443	3.59944237093098
1750	-2.468480763009	-0.0127675509229609
1751	3.21250437248829	1.17567625365689
1752	2.61992310149195	1.44905845730431
1753	3.39119933659318	2.53517073736542
1754	1.42248703238835	1.94378256415792
1755	0.0224335439709509	1.71879369035818
1756	2.76441723998846	3.23858761413175
1757	4.82227399060934	1.57997721061531
1758	4.30581213615538	3.74074257248335
1759	1.56461070933343	2.77781201814833
1760	8.46238412942214	3.08719936698646
1761	5.14145786889453	2.7443579719976
1762	0.152141180491686	-0.158049487696696
1763	5.43955415746924	1.97657829988783
1764	3.0929359640409	0.389372855762521
1765	-0.522200305679872	-0.0892107260458791
1766	7.93345967206466	2.13404409280824
1767	5.10709505665504	3.79527719239179
1768	1.13808574947018	2.50325931754347
1769	1.36884511637092	0.656922269590678
1770	4.38938467747954	2.49313998721316
1771	6.83347206322215	1.10068325134403
1772	1.16791741174778	0.101037700307505
1773	1.77720762258611	0.0272433195478804
1774	3.4975384431208	2.23755108259392
1775	3.04903500163892	2.28922340370258
1776	0.557875387409282	-0.159720266957313
1777	3.70938463379437	1.03457152690348
1778	5.7040181250073	0.574398407374603
1779	4.42296419835094	1.22010153853921
1780	2.99732712778944	-0.196035505747539
1781	1.77497222628881	2.70184376115079
1782	6.82023048077642	3.18915829265241
1783	1.12114394749595	-0.116945404221687
1784	0.0454630274296597	1.70500929557527
1785	1.77970022714975	-0.0722734179144312
1786	4.54732905591619	3.19898584137398
1787	4.38055630961751	0.493435826731008
1788	0.120842644778862	0.653246387134106
1789	-0.5227724176263	-0.38932150692499
1790	0.86190148314876	1.49429899228108
1791	1.37532887078729	0.71390517763971
1792	4.47059296001707	2.24922237794754
1793	3.93126489666456	3.6190096753445
1794	2.09693380443249	-0.311220293869167
1795	1.88443942552515	2.751767226242
1796	0.360592221502674	1.29015404258894
1797	8.22015178402632	3.57389028208144
1798	-1.07473712331055	0.10154903978445
1799	4.91616731797472	2.58659690071751
1800	0.54073987584485	0.375740956081296
1801	3.15404039966274	3.00551471480932
1802	4.13454325062342	2.48182930836205
1803	0.891622595068527	1.49586244051365
1804	3.74131486430693	-0.151371341396248
1805	5.44892395740599	3.31902645331291
1806	-1.03127487804221	-0.103145604712691
1807	1.30680649322486	-0.330496642677526
1808	3.51186265533736	1.06388652759052
1809	3.3768784399137	1.21951453445507
1810	5.0185056028819	4.00618260729659
1811	7.78771488750589	3.29794133434273
1812	5.72034595764889	3.442439295153
1813	0.635381758969696	0.93507118557988
1814	-0.734022083637422	2.42298540980779
1815	3.63081331629488	0.528273061153212
1816	2.92393732945823	1.86501339712844
1817	1.66190842421557	0.784787773838876
1818	1.9362358523877	-0.56249063567289
1819	5.36223131359011	2.44296974276416
1820	2.52313131451625	0.490923804927014
1821	2.22972335658098	-0.281524625995368
1822	6.29141747376619	3.2676448812755
1823	2.23908737021511	1.10870300627895
1824	1.26796603250535	3.6929553013756
1825	5.63632748342423	2.99710548203618
1826	3.57105796567967	2.41311061392754
1827	5.60806698763597	4.24389953156706
1828	0.764167489781314	2.43141308957903
1829	-0.17444518454006	0.0378207692304663
1830	4.79378914027332	2.63790505806557
1831	5.82487841023188	1.94173328199881
1832	2.19702959276348	1.36465299036434
1833	3.81409538082551	1.88543683725839
1834	4.77508431036792	3.394985987917
1835	-1.71835902529914	0.245681034938088
1836	1.15921044424645	1.02621728742505
1837	0.445980928220179	0.408429896429381
1838	5.23371145125049	3.7794614159497
1839	3.8577850677264	0.754862212936178
1840	5.05870491905393	2.28952507593441
1841	0.745275042797688	0.277250058686886
1842	1.61091547680743	1.13136449957677
1843	2.69633017707296	0.463969448143147
1844	3.7951085274993	1.59320219344988
1845	1.44417112971472	1.70773208978122
1846	-0.151127704060958	0.43241788671388
1847	6.5891767102709	4.1950707873326
1848	4.67368545881144	1.96555633690702
1849	1.38142514367834	0.71260599231397
1850	3.60582611401275	0.907030465292639
1851	3.93049402792093	1.96364286398874
1852	-0.391309647495345	0.0794805662675573
1853	4.05365673950385	2.15777425613933
1854	2.27249014564962	3.10724736588282
1855	8.44197312053238	3.96250200852051
1856	9.36400283597614	3.82110204091759
1857	3.36792680397048	2.75617075399325
1858	0.79992516820753	1.76218226906093
1859	3.16740879637863	1.05795644670515
1860	3.28890966910758	2.31135483491587
1861	5.32597997545301	-0.174300838812449
1862	4.15989975797296	2.86751577667385
1863	4.62508436734321	2.05477809777297
1864	4.06163627243618	2.67697604593243
1865	0.608230779812249	1.11264874597998
1866	4.8294839147249	3.042314234481
1867	-0.481188747435812	1.95909626335897
1868	4.33324569925033	0.545615816003242
1869	5.80102519021506	3.89585774363869
1870	5.0932953605025	0.0101642863043408
1871	4.9165814307334	2.6441729557508
1872	-0.456534962971283	0.186408753171878
1873	5.14135177202561	2.60679054410477
1874	2.12915515192639	2.67019633725692
1875	0.634625729080186	1.96987302938579
1876	1.22970245596479	-0.0727341992854232
1877	-0.0726205702199358	0.0641062902420542
1878	3.66227344242316	2.39407471285022
1879	1.48475845529359	0.491535449286945
1880	-0.942749875683684	-0.408806034354099
1881	2.25470562571975	2.17465957918772
1882	1.45455469746355	0.8098573712061
1883	5.9562077797599	2.34493182069828
1884	1.00075348787141	2.71156834511256
1885	2.64536948709188	0.590921012053149
1886	5.4497472115574	3.31406382312733
1887	3.85947233973299	0.816701915418901
1888	4.66148062656714	3.71193090375639
1889	5.26710653607515	3.10385206607814
1890	5.67437130499998	3.60577225859534
1891	3.47718344743641	3.13263148513953
1892	8.06212934832508	4.02019087567884
1893	4.46707568019753	1.15480385921172
1894	2.14281202288332	0.00550836348016598
1895	4.50017884441262	0.483705955458172
1896	2.33311989580417	0.393355388125817
1897	0.715168861366957	2.07340052191072
1898	2.39296467924709	2.29537196691964
1899	-1.31444668642128	0.326742806792382
1900	1.42359898546132	1.3382884377468
1901	0.830923077088873	1.09372085762324
1902	3.96504811467462	2.57479537068323
1903	2.55659582756871	2.98217581640527
1904	0.359953177768052	-0.566311943338297
1905	0.889871125530858	1.19800415785546
1906	8.25532572744072	3.26241067193644
1907	6.65718086356884	3.67420526815569
1908	4.95164025311545	1.96119470374397
1909	1.22392389665647	-0.229307187651276
1910	5.77178635818156	1.3686063890577
1911	-1.12849707742495	-0.485199625794283
1912	0.68595546797413	0.71516621607084
1913	6.7242030045847	2.55745806415923
1914	2.10976515007462	2.19030794238077
1915	4.69596914872965	3.58166858173054
1916	5.13591868823264	4.24543577195146
1917	1.06661786634053	0.794869203545365
1918	4.82266797955946	3.8028391548342
1919	4.31067057087092	2.11755918956722
1920	1.80473276463716	1.16554727425536
1921	-0.962946644494261	-0.56215920498818
1922	5.71251618320364	1.87535624927482
1923	2.66474403668948	1.93058612929866
1924	4.60023293070514	3.457737062454
1925	1.27069285052165	0.602052420188948
1926	4.70195967878535	2.08017388335502
1927	2.78585248912112	1.7988471874033
1928	4.67946097736106	3.29022697700088
1929	3.26473018609395	3.18652148638346
1930	1.77718747762825	1.38358268682424
1931	2.67108769117817	1.48594608685181
1932	4.35982474578546	3.93113776932357
1933	6.84974890775299	4.13509931516153
1934	-0.893561116752308	1.1523123685352
1935	1.0414245237707	-0.25161088466647
1936	-0.661454181204971	1.37189022690769
1937	2.03264325827361	1.55457271898624
1938	1.78727384762591	1.72586618882782
1939	-1.21476090462747	-0.529036189193196
1940	2.84035551031012	1.81617624824494
1941	-1.92544732339913	0.95587202292863
1942	4.74391931814099	1.35495002375403
1943	1.23684306104109	3.13636816534272
1944	3.52394363702012	3.04158164162892
1945	-0.60769795026067	0.727361963389526
1946	1.78293700919429	2.08668049525979
1947	9.12357248076193	3.44946326129664
1948	1.55460162166328	0.641950341349335
1949	2.79747309673443	3.79398097725093
1950	-2.468480763009	0.0630969969929991
1951	3.21250437248829	1.29058544530225
1952	2.61992310149195	1.57294923537574
1953	3.39119933659318	2.69474420136755
1954	1.42248703238835	2.08392680446459
1955	0.0224335439709509	1.85154623878448
1956	2.76441723998846	3.42127084675798
1957	4.82227399060934	1.70816913953697
1958	4.30581213615538	3.93992339748225
1959	1.56461070933343	2.94535711894616
1960	8.46238412942214	3.2649089524349
1961	5.14145786889453	2.91080398732902
1962	0.152141180491686	-0.0869579727502266
1963	5.43955415746924	2.11779999780124
1964	3.0929359640409	0.478449159125159
1965	-0.522200305679872	-0.0158576107502214
1966	7.93345967206466	2.28043910708751
1967	5.10709505665504	3.99624967535301
1968	1.13808574947018	2.66178437688983
1969	1.36884511637092	0.754788531302774
1970	4.38938467747954	2.65133259024479
1971	6.83347206322215	1.21312865374986
1972	1.16791741174778	0.180641159118288
1973	1.77720762258611	0.104422368138434
1974	3.4975384431208	2.38734667292408
1975	3.04903500163892	2.44071661520808
1976	0.557875387409282	-0.0886836431051719
1977	3.70938463379437	1.14484492191849
1978	5.7040181250073	0.669553464074747
1979	4.42296419835094	1.33647026021377
1980	2.99732712778944	-0.126191967807453
1981	1.77497222628881	2.86689303209299
1982	6.82023048077642	3.37021759469016
1983	1.12114394749595	-0.0445034726304251
1984	0.0454630274296597	1.83730897716744
1985	1.77970022714975	0.0016361487331364
1986	4.54732905591619	3.38036801365354
1987	4.38055630961751	0.585930972121539
1988	0.120842644778862	0.750991882916543
1989	-0.5227724176263	-0.325828107733383
1990	0.86190148314876	1.61967608427285
1991	1.37532887078729	0.813643532365262
1992	4.47059296001707	2.39940141221269
1993	3.93126489666456	3.81419113783201
1994	2.09693380443249	-0.245160989561267
1995	1.88443942552515	2.91845666216357
1996	0.360592221502674	1.40882424040603
1997	8.22015178402632	3.76758941058862
1998	-1.07473712331055	0.181169297931999
1999	4.91616731797472	2.74785989872934
2000	0.54073987584485	0.464369402621123
2001	3.15404039966274	3.15440761730217
2002	4.13454325062342	2.61750157501059
2003	0.891622595068527	1.60664360125411
2004	3.74131486430693	-0.0821752195225878
2005	5.44892395740599	3.47583407803526
2006	-1.03127487804221	-0.0327320059050395
2007	1.30680649322486	-0.265822606677538
2008	3.51186265533736	1.16376229328281
2009	3.3768784399137	1.32331918795024
2010	5.0185056028819	4.18033774861604
2011	7.78771488750589	3.45421665727434
2012	5.72034595764889	3.60236252367182
2013	0.635381758969696	1.03169495931876
2014	-0.734022083637422	2.55717214001618
2015	3.63081331629488	0.614627062622359
2016	2.92393732945823	1.98511391317058
2017	1.66190842421557	0.87761758609705
2018	1.9362358523877	-0.503673375633623
2019	5.36223131359011	2.5776609850047
2020	2.52313131451625	0.576334910318585
2021	2.22972335658098	-0.215614272941008
2022	6.29141747376619	3.42315535880862
2023	2.23908737021511	1.20971018089971
2024	1.26796603250535	3.85920290107351
2025	5.63632748342423	3.14578609027211
2026	3.57105796567967	2.54704805118493
2027	5.60806698763597	4.42405592640842
2028	0.764167489781314	2.56581257974578
2029	-0.17444518454006	0.111793117381239
2030	4.79378914027332	2.77751751595403
2031	5.82487841023188	2.06377062050613
2032	2.19702959276348	1.47212171898735
2033	3.81409538082551	2.0060529507591
2034	4.77508431036792	3.55371123977492
2035	-1.71835902529914	0.324900893990619
2036	1.15921044424645	1.12514207892438
2037	0.445980928220179	0.491758411948875
2038	5.23371145125049	3.94789289517721
2039	3.8577850677264	0.846936543108617
2040	5.05870491905393	2.42034254961573
2041	0.745275042797688	0.35726688966532
2042	1.61091547680743	1.23294377215346
2043	2.69633017707296	0.548700080618976
2044	3.7951085274993	1.70644073301149
2045	1.44417112971472	1.82386197982548
2046	-0.151127704060958	0.516351988106657
2047	6.5891767102709	4.37399448208663
2048	4.67368545881144	2.08819509743176
2049	1.38142514367834	0.803613548239647
2050	3.60582611401275	1.00294634045889
2051	3.93049402792093	2.08623331816708
2052	-0.391309647495345	0.15450463172646
2053	4.05365673950385	2.28526563062206
2054	2.27249014564962	3.25870854756918
2055	8.44197312053238	4.13555441662882
2056	9.36400283597614	3.9905847534471
2057	3.36792680397048	2.8987688740359
2058	0.79992516820753	1.87968677444304
2059	3.16740879637863	1.15768250526612
2060	3.28890966910758	2.44272340910623
2061	5.32597997545301	-0.105683580759893
2062	4.15989975797296	3.01292484386113
2063	4.62508436734321	2.17966929534346
2064	4.06163627243618	2.8175748656639
2065	0.608230779812249	1.21375553228952
2066	4.8294839147249	3.19213615474451
2067	-0.481188747435812	2.08157193688748
2068	4.33324569925033	0.632407641867697
2069	5.80102519021506	4.06722769211328
2070	5.0932953605025	0.0834384360997664
2071	4.9165814307334	2.78394364908326
2072	-0.456534962971283	0.264132261088316
2073	5.14135177202561	2.74561750433855
2074	2.12915515192639	2.81062400068267
2075	0.634625729080186	2.09262076644226
2076	1.22970245596479	-0.00155285306354545
2077	-0.0726205702199358	0.138742226296928
2078	3.66227344242316	2.52753158159642
2079	1.48475845529359	0.576961995871357
2080	-0.942749875683684	-0.346108948518847
2081	2.25470562571975	2.30257723002719
2082	1.45455469746355	0.903320074916804
2083	5.9562077797599	2.47714805857434
2084	1.00075348787141	2.85304046049988
2085	2.64536948709188	0.678856584700419
2086	5.4497472115574	3.47074616437662
2087	3.85947233973299	0.910337412232953
2088	4.66148062656714	3.87865754970213
2089	5.26710653607515	3.25522753213877
2090	5.67437130499998	3.76981888945545
2091	3.47718344743641	3.28473349850229
2092	8.06212934832508	4.19469966102352
2093	4.46707568019753	1.25697486727376
2094	2.14281202288332	0.0786649727456859
2095	4.50017884441262	0.568934843514236
2096	2.33311989580417	0.476303341990623
2097	0.715168861366957	2.19876184961092
2098	2.39296467924709	2.42633704757185
2099	-1.31444668642128	0.408009100886614
2100	1.42359898546132	1.44509158328298
2101	0.830923077088873	1.1943498022435
2102	3.96504811467462	2.7128146006817
2103	2.55659582756871	3.13047951959447
2104	0.359953177768052	-0.507591153654078
2105	0.889871125530858	1.30126577377044
2106	8.25532572744072	3.41778900987822
2107	6.65718086356884	3.8399795161844
2108	4.95164025311545	2.08372335319244
2109	1.22392389665647	-0.162078585647123
2110	5.77178635818156	1.47617492272365
2111	-1.12849707742495	-0.424431125023339
2112	0.68595546797413	0.806238405812072
2113	6.7242030045847	2.69503960730744
2114	2.10976515007462	2.31862064205831
2115	4.69596914872965	3.74510670616596
2116	5.13591868823264	4.42563094976145
2117	1.06661786634053	0.887953525303514
2118	4.82266797955946	3.97186081390795
2119	4.31067057087092	2.24403531950798
2120	1.80473276463716	1.2679895038872
2121	-0.962946644494261	-0.50333357785612
2122	5.71251618320364	1.99571787452516
2123	2.66474403668948	2.05234205372658
2124	4.60023293070514	3.61804648888521
2125	1.27069285052165	0.690269009438144
2126	4.70195967878535	2.2057062071227
2127	2.78585248912112	1.91727731249468
2128	4.67946097736106	3.44630754806823
2129	3.26473018609395	3.33998397317802
2130	1.77718747762825	1.49152930278278
2131	2.67108769117817	1.59647690549939
2132	4.35982474578546	4.10339837536932
2133	6.84974890775299	4.31250900745366
2134	-0.893561116752308	1.25442047797426
2135	1.0414245237707	-0.184945347915979
2136	-0.661454181204971	1.47954166230023
2137	2.03264325827361	1.66683604287742
2138	1.78727384762591	1.84245388105046
2139	-1.21476090462747	-0.469374359019196
2140	2.84035551031012	1.93504385202122
2141	-1.92544732339913	1.05302092166137
2142	4.74391931814099	1.46217379732085
2143	1.23684306104109	3.28856451260828
2144	3.52394363702012	3.19138506730923
2145	-0.60769795026067	0.818742039377281
2146	1.78293700919429	2.21237708090208
2147	9.12357248076193	3.60956381249321
2148	1.55460162166328	0.731174168684819
2149	2.79747309673443	3.96277900828648
2150	-2.468480763009	0.137707453058662
2151	3.21250437248829	1.39618431078015
2152	2.61992310149195	1.68567648136268
2153	3.39119933659318	2.83579158489275
2154	1.42248703238835	2.20955387214289
2155	0.0224335439709509	1.97130677132865
2156	2.76441723998846	3.58065966980325
2157	4.82227399060934	1.82431006306735
2158	4.30581213615538	4.11240580002857
2159	1.56461070933343	3.09273132021422
2160	8.46238412942214	3.42035036041127
2161	5.14145786889453	3.05730588174115
2162	0.152141180491686	-0.0161357110607707
2163	5.43955415746924	2.2442822070368
2164	3.0929359640409	0.56354533737268
2165	-0.522200305679872	0.0567596064274507
2166	7.93345967206466	2.41102720205418
2167	5.10709505665504	4.17015405605459
2168	1.13808574947018	2.80199967719951
2169	1.36884511637092	0.846861001354553
2170	4.38938467747954	2.79128403125373
2171	6.83347206322215	1.31677209327513
2172	1.16791741174778	0.258219061944834
2173	1.77720762258611	0.180076098804303
2174	3.4975384431208	2.52063368976164
2175	3.04903500163892	2.57535097639262
2176	0.557875387409282	-0.017904946615489
2177	3.70938463379437	1.24676451284779
2178	5.7040181250073	0.759474142667161
2179	4.42296419835094	1.44322750517153
2180	2.99732712778944	-0.056360183139093
2181	1.77497222628881	3.01228637785816
2182	6.82023048077642	3.52831755910782
2183	1.12114394749595	0.0273905689465862
2184	0.0454630274296597	1.95671008466569
2185	1.77970022714975	0.0746950024751088
2186	4.54732905591619	3.53872422923102
2187	4.38055630961751	0.673740569326354
2188	0.120842644778862	0.842968505146089
2189	-0.5227724176263	-0.261036212805758
2190	0.86190148314876	1.73358296720559
2191	1.37532887078729	0.907201819144193
2192	4.47059296001707	2.5329927554958
2193	3.93126489666456	3.98349938200337
2194	2.09693380443249	-0.17833262277318
2195	1.88443942552515	3.06515175124177
2196	0.360592221502674	1.51740808891667
2197	8.22015178402632	3.93572117655757
2198	-1.07473712331055	0.258760533822339
2199	4.91616731797472	2.89024820809244
2200	0.54073987584485	0.549110132098782
2201	3.15404039966274	3.28575292629667
2202	4.13454325062342	2.73825651577286
2203	0.891622595068527	1.70745956325789
2204	3.74131486430693	-0.0146708833541391
2205	5.44892395740599	3.61351946203472
2206	-1.03127487804221	0.0357475881252124
2207	1.30680649322486	-0.201940679835228
2208	3.51186265533736	1.25584250682197
2209	3.3768784399137	1.41854663049302
2210	5.0185056028819	4.33191933177274
2211	7.78771488750589	3.59147564181458
2212	5.72034595764889	3.74254365688175
2213	0.635381758969696	1.12117017014245
2214	-0.734022083637422	2.67673709429757
2215	3.63081331629488	0.695875689545062
2216	2.92393732945823	2.0933951291526
2217	1.66190842421557	0.964053650421828
2218	1.9362358523877	-0.44448300937948
2219	5.36223131359011	2.69763007780566
2220	2.52313131451625	0.656828231915293
2221	2.22972335658098	-0.150741996389973
2222	6.29141747376619	3.55980166522157
2223	2.23908737021511	1.3026967076688
2224	1.26796603250535	4.00445016123924
2225	5.63632748342423	3.27696134130715
2226	3.57105796567967	2.66641330976486
2227	5.60806698763597	4.58044480366203
2228	0.764167489781314	2.68554796503598
2229	-0.17444518454006	0.183123441620965
2230	4.79378914027332	2.90142874031927
2231	5.82487841023188	2.17360332488463
2232	2.19702959276348	1.57028426278332
2233	3.81409538082551	2.11474718522298
2234	4.77508431036792	3.69293273578419
2235	-1.71835902529914	0.400434728061994
2236	1.15921044424645	1.21646051617674
2237	0.445980928220179	0.570583478411585
2238	5.23371145125049	4.0948895483877
2239	3.8577850677264	0.932767429772124
2240	5.05870491905393	2.53720856659104
2241	0.745275042797688	0.433439136765043
2242	1.61091547680743	1.32638857703334
2243	2.69633017707296	0.628648310524585
2244	3.7951085274993	1.8092251742101
2245	1.44417112971472	1.92896253249256
2246	-0.151127704060958	0.595662158120347
2247	6.5891767102709	4.52939590699693
2248	4.67368545881144	2.19850956991147
2249	1.38142514367834	0.888589897176912
2250	3.60582611401275	1.0918544903149
2251	3.93049402792093	2.19650909492879
2252	-0.391309647495345	0.226677432356918
2253	4.05365673950385	2.39946728139707
2254	2.27249014564962	3.39211117231632
2255	8.44197312053238	4.286252657191
2256	9.36400283597614	4.13842349533602
2257	3.36792680397048	3.02507175807639
2258	0.79992516820753	1.98588846042754
2259	3.16740879637863	1.24964279615812
2260	3.28890966910758	2.5600308842226
2261	5.32597997545301	-0.0386429424872186
2262	4.15989975797296	3.14147943241066
2263	4.62508436734321	2.29178807875157
2264	4.06163627243618	2.94227621353385
2265	0.608230779812249	1.30682185283531
2266	4.8294839147249	3.32422565187047
2267	-0.481188747435812	2.19175576880162
2268	4.33324569925033	0.714006987290022
2269	5.80102519021506	4.2165782011997
2270	5.0932953605025	0.154209469714644
2271	4.9165814307334	2.90798162768628
2272	-0.456534962971283	0.338467445584698
2273	5.14135177202561	2.86889950712123
2274	2.12915515192639	2.93518824408017
2275	0.634625729080186	2.20302253439046
2276	1.22970245596479	0.0675417437488524
2277	-0.0726205702199358	0.210604116517415
2278	3.66227344242316	2.64651188157417
2279	1.48475845529359	0.657467686609766
2280	-0.942749875683684	-0.283810654299648
2281	2.25470562571975	2.41712034876483
2282	1.45455469746355	0.990263115881153
2283	5.9562077797599	2.59513455326847
2284	1.00075348787141	2.9784413603944
2285	2.64536948709188	0.761372126570257
2286	5.4497472115574	3.60833119025952
2287	3.85947233973299	0.997418868823749
2288	4.66148062656714	4.02428854906351
2289	5.26710653607515	3.38856149452727
2290	5.67437130499998	3.91330306721468
2291	3.47718344743641	3.41864946039205
2292	8.06212934832508	4.34656453013518
2293	4.46707568019753	1.35089368087454
2294	2.14281202288332	0.149341850715663
2295	4.50017884441262	0.649282200219086
2296	2.33311989580417	0.554823560176316
2297	0.715168861366957	2.31125722997318
2298	2.39296467924709	2.54332130486431
2299	-1.31444668642128	0.485182228325581
2300	1.42359898546132	1.54272096286039
2301	0.830923077088873	1.28703334850326
2302	3.96504811467462	2.83544957251026
2303	2.55659582756871	3.2613528514722
2304	0.359953177768052	-0.448478064816504
2305	0.889871125530858	1.39605821696782
2306	8.25532572744072	3.55432946609251
2307	6.65718086356884	3.9848475987872
2308	4.95164025311545	2.19394962137865
2309	1.22392389665647	-0.096150327979564
2310	5.77178635818156	1.57441741518233
2311	-1.12849707742495	-0.36367772064444
2312	0.68595546797413	0.891266529559191
2313	6.7242030045847	2.81732397081661
2314	2.10976515007462	2.433480214007
2315	4.69596914872965	3.8881034408714
2316	5.13591868823264	4.58205089404723
2317	1.06661786634053	0.974593464037593
2318	4.82266797955946	4.11933022969722
2319	4.31067057087092	2.35742371034059
2320	1.80473276463716	1.36212557907286
2321	-0.962946644494261	-0.444136509156288
2322	5.71251618320364	2.10420825160171
2323	2.66474403668948	2.16194933182743
2324	4.60023293070514	3.75853698528696
2325	1.27069285052165	0.773009659186969
2326	4.70195967878535	2.31833856359882
2327	2.78585248912112	2.02422046459924
2328	4.67946097736106	3.58341052695332
2329	3.26473018609395	3.47498974003501
2330	1.77718747762825	1.59007465742963
2331	2.67108769117817	1.69709233138833
2332	4.35982474578546	4.25346234421353
2333	6.84974890775299	4.46669764322394
2334	-0.893561116752308	1.34828890673829
2335	1.0414245237707	-0.119468132728166
2336	-0.661454181204971	1.57785056304835
2337	2.03264325827361	1.76883928919423
2338	1.78727384762591	1.94792115538689
2339	-1.21476090462747	-0.409507451271126
2340	2.84035551031012	2.04233744569465
2341	-1.92544732339913	1.14291678298314
2342	4.74391931814099	1.56014012027873
2343	1.23684306104109	3.42255604051312
2344	3.52394363702012	3.32345974938024
2345	-0.60769795026067	0.904016794887252
2346	1.78293700919429	2.32514101907815
2347	9.12357248076193	3.74988698973758
2348	1.55460162166328	0.814721664818108
2349	2.79747309673443	4.11006928720977
2350	-2.468480763009	0.209548932576407
2351	3.21250437248829	1.49284900383098
2352	2.61992310149195	1.7880513516984
2353	3.39119933659318	2.96085225403946
2354	1.42248703238835	2.32226212307016
2355	0.0224335439709509	2.07931564409822
2356	2.76441723998846	3.72041271840237
2357	4.82227399060934	1.92941945409005
2358	4.30581213615538	4.26264743858862
2359	1.56461070933343	3.22286007613256
2360	8.46238412942214	3.5569413387713
2361	5.14145786889453	3.18673587771144
2362	0.152141180491686	0.0526712416874819
2363	5.43955415746924	2.35767546767834
2364	3.0929359640409	0.643786387107348
2365	-0.522200305679872	0.127004405267564
2366	7.93345967206466	2.52770947559372
2367	5.10709505665504	4.32153476783772
2368	1.13808574947018	2.92639380747806
2369	1.36884511637092	0.932690397971517
2370	4.38938467747954	2.9154667974807
2371	6.83347206322215	1.41187039563695
2372	1.16791741174778	0.332437609727476
2373	1.77720762258611	0.252753291695718
2374	3.4975384431208	2.63947793015205
2375	3.04903500163892	2.6952745047188
2376	0.557875387409282	0.0508671083023461
2377	3.70938463379437	1.34048192917486
2378	5.7040181250073	0.843579850334365
2379	4.42296419835094	1.54082011616736
2380	2.99732712778944	0.0116533496479347
2381	1.77497222628881	3.1408283727888
2382	6.82023048077642	3.66703816965884
2383	1.12114394749595	0.0970560691812658
2384	0.0454630274296597	2.06443104060335
2385	1.77970022714975	0.145293573546439
2386	4.54732905591619	3.67765010934504
2387	4.38055630961751	0.756155198778702
2388	0.120842644778862	0.928721123025353
2389	-0.5227724176263	-0.197059875266578
2390	0.86190148314876	1.83690278374386
2391	1.37532887078729	0.994221426765485
2392	4.47059296001707	2.65208077607645
2393	3.93126489666456	4.13119836630579
2394	2.09693380443249	-0.112724972856076
2395	1.88443942552515	3.19473650547621
2396	0.360592221502674	1.61646389763364
2397	8.22015178402632	4.08247774496356
2398	-1.07473712331055	0.332989762033432
2399	4.91616731797472	3.01638302363897
2400	0.54073987584485	0.629066450190821
2401	3.15404039966274	3.40201428199418
2402	4.13454325062342	2.84595263166015
2403	0.891622595068527	1.79902950384205
2404	3.74131486430693	0.0499574006708543
2405	5.44892395740599	3.73490852072059
2406	-1.03127487804221	0.101164637685074
2407	1.30680649322486	-0.140242114955858
2408	3.51186265533736	1.34034718028035
2409	3.3768784399137	1.50559670847017
2410	5.0185056028819	4.46454730827736
2411	7.78771488750589	3.71251983868421
2412	5.72034595764889	3.86595121860972
2413	0.635381758969696	1.20356797890311
2414	-0.734022083637422	2.78347077721216
2415	3.63081331629488	0.771620031458707
2416	2.92393732945823	2.19100279091565
2417	1.66190842421557	1.04399346924194
2418	1.9362358523877	-0.38657886794608
2419	5.36223131359011	2.80469061841403
2420	2.52313131451625	0.731961700712422
2421	2.22972335658098	-0.0882424600462296
2422	6.29141747376619	3.68035034248586
2423	2.23908737021511	1.38793438587143
2424	1.26796603250535	4.13195508684862
2425	5.63632748342423	3.39308515814176
2426	3.57105796567967	2.77298548351048
2427	5.60806698763597	4.71696080614228
2428	0.764167489781314	2.79241948852698
2429	-0.17444518454006	0.25084609447459
2430	4.79378914027332	3.01167758387151
2431	5.82487841023188	2.27246579383542
2432	2.19702959276348	1.65970818136256
2433	3.81409538082551	2.21268888658367
2434	4.77508431036792	3.81556416559927
2435	-1.71835902529914	0.471557080431555
2436	1.15921044424645	1.30034908295826
2437	0.445980928220179	0.644367701840281
2438	5.23371145125049	4.22380934179224
2439	3.8577850677264	1.01221779518675
2440	5.05870491905393	2.64175941272861
2441	0.745275042797688	0.505077822520363
2442	1.61091547680743	1.411996899753
2443	2.69633017707296	0.703340922030405
2444	3.7951085274993	1.90238717429545
2445	1.44417112971472	2.02399774885517
2446	-0.151127704060958	0.669838721848815
2447	6.5891767102709	4.66511328133354
2448	4.67368545881144	2.29776168152901
2449	1.38142514367834	0.967349132652368
2450	3.60582611401275	1.173793673552
2451	3.93049402792093	2.29572991036314
2452	-0.391309647495345	0.295081460226296
2453	4.05365673950385	2.50186325105184
2454	2.27249014564962	3.51003643642572
2455	8.44197312053238	4.41816620705901
2456	9.36400283597614	4.26802435018376
2457	3.36792680397048	3.13725491951198
2458	0.79992516820753	2.08181424742186
2459	3.16740879637863	1.33405047901059
2460	3.28890966910758	2.66493877128278
2461	5.32597997545301	0.0256103136265906
2462	4.15989975797296	3.25548371929522
2463	4.62508436734321	2.39249947445207
2464	4.06163627243618	3.05316409032357
2465	0.608230779812249	1.39212406636077
2466	4.8294839147249	3.44108888936
2467	-0.481188747435812	2.29090222141386
2468	4.33324569925033	0.790034982046445
2469	5.80102519021506	4.34740173766718
2470	5.0932953605025	0.22147978151455
2471	4.9165814307334	3.01833298707363
2472	-0.456534962971283	0.408620358475564
2473	5.14135177202561	2.97863945111207
2474	2.12915515192639	3.04596523400931
2475	0.634625729080186	2.30234524852205
2476	1.22970245596479	0.13345619304001
2477	-0.0726205702199358	0.278756687387141
2478	3.66227344242316	2.75277270989042
2479	1.48475845529359	0.732611159276692
2480	-0.942749875683684	-0.223392894099661
2481	2.25470562571975	2.51979248964646
2482	1.45455469746355	1.07061296543871
2483	5.9562077797599	2.70059161533294
2484	1.00075348787141	3.08989501834665
2485	2.64536948709188	0.838141119383986
2486	5.4497472115574	3.72963908166994
2487	3.85947233973299	1.07788066567228
2488	4.66148062656714	4.15210383387506
2489	5.26710653607515	3.50643122614198
2490	5.67437130499998	4.0393820533963
2491	3.47718344743641	3.53698989946361
2492	8.06212934832508	4.47942162163239
2493	4.46707568019753	1.43688537065733
2494	2.14281202288332	0.216536011652788
2495	4.50017884441262	0.724297616057599
2496	2.33311989580417	0.628361229515378
2497	0.715168861366957	2.41227320839953
2498	2.39296467924709	2.64796778097899
2499	-1.31444668642128	0.557630402470631
2500	1.42359898546132	1.63171367080653
2501	0.830923077088873	1.37202598322266
2502	3.96504811467462	2.94466621314043
2503	2.55659582756871	3.37723248322003
2504	0.359953177768052	-0.39063642353327
2505	0.889871125530858	1.4827564777438
2506	8.25532572744072	3.67479253421503
2507	6.65718086356884	4.11204585453524
2508	4.95164025311545	2.29313039544592
2509	1.22392389665647	-0.032796739038238
2510	5.77178635818156	1.66390599435256
2511	-1.12849707742495	-0.304509430875734
2512	0.68595546797413	0.970067639278565
2513	6.7242030045847	2.92625704771518
2514	2.10976515007462	2.53640829477493
2515	4.69596914872965	4.01378819461859
2516	5.13591868823264	4.71859202280966
2517	1.06661786634053	1.05469817166691
2518	4.82266797955946	4.24863238231457
2519	4.31067057087092	2.45916193455329
2520	1.80473276463716	1.44829298489642
2521	-0.962946644494261	-0.386226946943045
2522	5.71251618320364	2.20198507792016
2523	2.66474403668948	2.2606294813267
2524	4.60023293070514	3.88219475266108
2525	1.27069285052165	0.849960713938904
2526	4.70195967878535	2.41946532507236
2527	2.78585248912112	2.12074593188703
2528	4.67946097736106	3.70432855013203
2529	3.26473018609395	3.59421158763609
2530	1.77718747762825	1.67980818438771
2531	2.67108769117817	1.78850008309706
2532	4.35982474578546	4.38486291008985
2533	6.84974890775299	4.60143414233548
2534	-0.893561116752308	1.43423984645459
2535	1.0414245237707	-0.0564793362963084
2536	-0.661454181204971	1.66739285167532
2537	2.03264325827361	1.86136947730154
2538	1.78727384762591	2.04325296757815
2539	-1.21476090462747	-0.35105613904914
2540	2.84035551031012	2.13914634185017
2541	-1.92544732339913	1.22565480393599
2542	4.74391931814099	1.64940534007648
2543	1.23684306104109	3.54095759559372
2544	3.52394363702012	3.44031100480309
2545	-0.60769795026067	0.983017374553971
2546	1.78293700919429	2.42637420072423
2547	9.12357248076193	3.87340943332726
2548	1.55460162166328	0.892325277877877
2549	2.79747309673443	4.23922655815895
2550	-2.468480763009	0.277684995751607
2551	3.21250437248829	1.58106149608861
2552	2.61992310149195	1.88088210053895
2553	3.39119933659318	3.07203074139501
2554	1.42248703238835	2.42345026618408
2555	0.0224335439709509	2.17670304110049
2556	2.76441723998846	3.84347405540328
2557	4.82227399060934	2.02446181870602
2558	4.30581213615538	4.39419169953671
2559	1.56461070933343	3.33813751242228
2560	8.46238412942214	3.67744526801258
2561	5.14145786889453	3.30144817345142
2562	0.152141180491686	0.118353051250222
2563	5.43955415746924	2.45941763047754
2564	3.0929359640409	0.718715824378058
2565	-0.522200305679872	0.193849110804922
2566	7.93345967206466	2.63211171437825
2567	5.10709505665504	4.45400028431755
2568	1.13808574947018	3.0370332139326
2569	1.36884511637092	1.01213955827168
2570	4.38938467747954	3.02593525768018
2571	6.83347206322215	1.49881602808446
2572	1.16791741174778	0.402496189597813
2573	1.77720762258611	0.321565260118132
2574	3.4975384431208	2.74562871668613
2575	3.04903500163892	2.80229819385565
2576	0.557875387409282	0.116520693323708
2577	3.70938463379437	1.42631073359724
2578	5.7040181250073	0.921634931704579
2579	4.42296419835094	1.62978308655275
2580	2.99732712778944	0.0766934598769889
2581	1.77497222628881	3.25482247425171
2582	6.82023048077642	3.78926449514011
2583	1.12114394749595	0.163432251682553
2584	0.0454630274296597	2.16158557726906
2585	1.77970022714975	0.212424401712598
2586	4.54732905591619	3.80004245200289
2587	4.38055630961751	0.832842576011491
2588	0.120842644778862	1.00810818649505
2589	-0.5227724176263	-0.135284953244414
2590	0.86190148314876	1.93049778276486
2591	1.37532887078729	1.0746332016276
2592	4.47059296001707	2.75842872627327
2593	3.93126489666456	4.26068618851694
2594	2.09693380443249	-0.049630683894454
2595	1.88443942552515	3.30957396604671
2596	0.360592221502674	1.7066102677929
2597	8.22015178402632	4.21120336344611
2598	-1.07473712331055	0.403056979982159
2599	4.91616731797472	3.12843025524439
2600	0.54073987584485	0.703765603230881
2601	3.15404039966274	3.50522241322607
2602	4.13454325062342	2.94216540024149
2603	0.891622595068527	1.88207177785335
2604	3.74131486430693	0.110996010778543
2605	5.44892395740599	3.84230452558623
2606	-1.03127487804221	0.162847444696167
2607	1.30680649322486	-0.0815962513843991
2608	3.51186265533736	1.41761914232574
2609	3.3768784399137	1.58494754140482
2610	5.0185056028819	4.58112230960822
2611	7.78771488750589	3.81963418961809
2612	5.72034595764889	3.97499576585171
2613	0.635381758969696	1.27911923225349
2614	-0.734022083637422	2.87889751203145
2615	3.63081331629488	0.84173729644338
2616	2.92393732945823	2.27897616436666
2617	1.66190842421557	1.11753724452907
2618	1.9362358523877	-0.331031968168096
2619	5.36223131359011	2.90038430292227
2620	2.52313131451625	0.801580056258692
2621	2.22972335658098	-0.0289424308016345
2622	6.29141747376619	3.7870599949622
2623	2.23908737021511	1.46580500412775
2624	1.26796603250535	4.24434601398151
2625	5.63632748342423	3.49618095927596
2626	3.57105796567967	2.8682803113157
2627	5.60806698763597	4.83671121788743
2628	0.764167489781314	2.88795879985801
2629	-0.17444518454006	0.314411923038556
2630	4.79378914027332	3.10997520426788
2631	5.82487841023188	2.36146398755175
2632	2.19702959276348	1.74099776630582
2633	3.81409538082551	2.30093507529461
2634	4.77508431036792	3.92397483401057
2635	-1.71835902529914	0.537899495704569
2636	1.15921044424645	1.37711786123629
2637	0.445980928220179	0.712884108011416
2638	5.23371145125049	4.3373558131421
2639	3.8577850677264	1.08536182637474
2640	5.05870491905393	2.73540339129117
2641	0.745275042797688	0.571841935184458
2642	1.61091547680743	1.49017022906804
2643	2.69633017707296	0.772599222668912
2644	3.7951085274993	1.98672970770623
2645	1.44417112971472	2.10987016671433
2646	-0.151127704060958	0.738675558357004
2647	6.5891767102709	4.78421144123152
2648	4.67368545881144	2.38707810238414
2649	1.38142514367834	1.03992870742462
2650	3.60582611401275	1.24897036040697
2651	3.93049402792093	2.38502077114571
2652	-0.391309647495345	0.359203778210503
2653	4.05365673950385	2.59374730895855
2654	2.27249014564962	3.61460350716384
2655	8.44197312053238	4.53415772520422
2656	9.36400283597614	4.38212705485436
2657	3.36792680397048	3.23713232697506
2658	0.79992516820753	2.1684140079676
2659	3.16740879637863	1.41124322734135
2660	3.28890966910758	2.75887435063995
2661	5.32597997545301	0.0863426326903696
2662	4.15989975797296	3.35684846782871
2663	4.62508436734321	2.48300771498728
2664	4.06163627243618	3.1519836189608
2665	0.608230779812249	1.47004739160452
2666	4.8294839147249	3.54478858667775
2667	-0.481188747435812	2.38013234893971
2668	4.33324569925033	0.860383910655962
2669	5.80102519021506	4.46250302515924
2670	5.0932953605025	0.284676176205955
2671	4.9165814307334	3.11671433372401
2672	-0.456534962971283	0.474171017665679
2673	5.14135177202561	3.07652144543566
2674	2.12915515192639	3.14469419964771
2675	0.634625729080186	2.39171933153268
2676	1.22970245596479	0.19554523403635
2677	-0.0726205702199358	0.342673636585119
2678	3.66227344242316	2.84781325711081
2679	1.48475845529359	0.802237685136778
2680	-0.942749875683684	-0.165793083343456
2681	2.25470562571975	2.61190210082759
2682	1.45455469746355	1.14449161911452
2683	5.9562077797599	2.79497571433448
2684	1.00075348787141	3.18917662913225
2685	2.64536948709188	0.909095232465748
2686	5.4497472115574	3.8369687959775
2687	3.85947233973299	1.15185074841668
2688	4.66148062656714	4.2647482361259
2689	5.26710653607515	3.61095294264042
2690	5.67437130499998	4.15060839394014
2691	3.47718344743641	3.6418960499576
2692	8.06212934832508	4.59618374468983
2693	4.46707568019753	1.51537180172951
2694	2.14281202288332	0.279670212767235
2695	4.50017884441262	0.793819555942921
2696	2.33311989580417	0.696676271182054
2697	0.715168861366957	2.50303020631594
2698	2.39296467924709	2.74168986200978
2699	-1.31444668642128	0.62505563671136
2700	1.42359898546132	1.71265107941566
2701	0.830923077088873	1.44969647070994
2702	3.96504811467462	3.04212081758759
2703	2.55659582756871	3.48012885465073
2704	0.359953177768052	-0.335140568585999
2705	0.889871125530858	1.56181997617723
2706	8.25532572744072	3.78143226839296
2707	6.65718086356884	4.2241863196914
2708	4.95164025311545	2.38238855383021
2709	1.22392389665647	0.027200808054673
2710	5.77178635818156	1.74524838859167
2711	-1.12849707742495	-0.247930081774031
2712	0.68595546797413	1.04268141338772
2713	6.7242030045847	3.02348006131595
2714	2.10976515007462	2.62872693598454
2715	4.69596914872965	4.12469255949001
2716	5.13591868823264	4.83836295557464
2717	1.06661786634053	1.12837661417211
2718	4.82266797955946	4.36249113229476
2719	4.31067057087092	2.55050880167479
2720	1.80473276463716	1.52692292595266
2721	-0.962946644494261	-0.330675619931068
2722	5.71251618320364	2.29009661065672
2723	2.66474403668948	2.34947877195216
2724	4.60023293070514	3.9914436466897
2725	1.27069285052165	0.921063519796449
2726	4.70195967878535	2.5103128012016
2727	2.78585248912112	2.20783546052102
2728	4.67946097736106	3.8113398530784
2729	3.26473018609395	3.69983759798735
2730	1.77718747762825	1.76135063123999
2731	2.67108769117817	1.87140989496758
2732	4.35982474578546	4.50043546634547
2733	6.84974890775299	4.7197312064012
2734	-0.893561116752308	1.51269299632281
2735	1.0414245237707	0.00322027916217405
2736	-0.661454181204971	1.74877911125107
2737	2.03264325827361	1.94519600018473
2738	1.78727384762591	2.12936761979712
2739	-1.21476090462747	-0.295062356500474
2740	2.84035551031012	2.22646735118515
2741	-1.92544732339913	1.30148391379889
2742	4.74391931814099	1.73056531329218
2743	1.23684306104109	3.64591366046914
2744	3.52394363702012	3.5440009161833
2745	-0.60769795026067	1.05579405882682
2746	1.78293700919429	2.51730859183973
2747	9.12357248076193	3.98254780634673
2748	1.55460162166328	0.963961038108569
2749	2.79747309673443	4.35296698105984
2750	-2.468480763009	0.341588462862418
2751	3.21250437248829	1.66136169058492
2752	2.61992310149195	1.96495409598031
2753	3.39119933659318	3.17108761613616
2754	1.42248703238835	2.51434787363996
2755	0.0224335439709509	2.2644965209449
2756	2.76441723998846	3.95223583560336
2757	4.82227399060934	2.11034007465327
2758	4.30581213615538	4.50988161376015
2759	1.56461070933343	3.44054206159123
2760	8.46238412942214	3.78411837409256
2761	5.14145786889453	3.40339116367028
2762	0.152141180491686	0.180252091814202
2763	5.43955415746924	2.55076771430302
2764	3.0929359640409	0.788167544249079
2765	-0.522200305679872	0.256697906337537
2766	7.93345967206466	2.72563432303755
2767	5.10709505665504	4.57044260205579
2768	1.13808574947018	3.13564981303825
2769	1.36884511637092	1.0852826052242
2770	4.38938467747954	3.12441224235888
2771	6.83347206322215	1.57808155875401
2772	1.16791741174778	0.46796980556402
2773	1.77720762258611	0.386020749405371
2774	3.4975384431208	2.84057939109618
2775	3.04903500163892	2.89796178120221
2776	0.557875387409282	0.178396682472087
2777	3.70938463379437	1.50466413369868
2778	5.7040181250073	0.993639413025022
2779	4.42296419835094	1.71069620804017
2780	2.99732712778944	0.138068414758465
2781	1.77497222628881	3.35617890419521
2782	6.82023048077642	3.8973443086321
2783	1.12114394749595	0.225898397269567
2784	0.0454630274296597	2.24918887650708
2785	1.77970022714975	0.275506877982161
2786	4.54732905591619	3.9082578542679
2787	4.38055630961751	0.903730032397205
2788	0.120842644778862	1.08120051801424
2789	-0.5227724176263	-0.0765767276239486
2790	0.86190148314876	2.01519395304388
2791	1.37532887078729	1.14856243064891
2792	4.47059296001707	2.85354042726902
2793	3.93126489666456	4.37469657770054
2794	2.09693380443249	0.0101550889301941
2795	1.88443942552515	3.41161918030133
2796	0.360592221502674	1.78848989001611
2797	8.22015178402632	4.32459124916065
2798	-1.07473712331055	0.468537650799402
2799	4.91616731797472	3.22819664673148
2800	0.54073987584485	0.773029246440677
2801	3.15404039966274	3.59706727809381
2802	4.13454325062342	3.02824108848477
2803	0.891622595068527	1.95728556897967
2804	3.74131486430693	0.1680630624452
2805	5.44892395740599	3.93760319033268
2806	-1.03127487804221	0.220445774854352
2807	1.30680649322486	-0.0265025323488976
2808	3.51186265533736	1.4880740738228
2809	3.3768784399137	1.65711694775313
2810	5.0185056028819	4.68399102532824
2811	7.78771488750589	3.91470057029859
2812	5.72034595764889	4.07165400730879
2813	0.635381758969696	1.34815507043451
2814	-0.734022083637422	2.96432494687708
2815	3.63081331629488	0.906291645926366
2816	2.92393732945823	2.35825670442961
2817	1.66190842421557	1.18491748655372
2818	1.9362358523877	-0.27849400933696
2819	5.36223131359011	2.98603189503241
2820	2.52313131451625	0.865722947921184
2821	2.22972335658098	0.0266907881137898
2822	6.29141747376619	3.88179261497898
2823	2.23908737021511	1.53675365604944
2824	1.26796603250535	4.34376406327238
2825	5.63632748342423	3.58793318388956
2826	3.57105796567967	2.95359896054144
2827	5.60806698763597	4.94219874044426
2828	0.764167489781314	2.973479078179
2829	-0.17444518454006	0.373563208271248
2830	4.79378914027332	3.19777029991825
2831	5.82487841023188	2.44158971169082
2832	2.19702959276348	1.81476608944049
2833	3.81409538082551	2.38044061004318
2834	4.77508431036792	4.02011030643975
2835	-1.71835902529914	0.599340672103431
2836	1.15921044424645	1.44715780981202
2837	0.445980928220179	0.776118206106805
2838	5.23371145125049	4.43772685644031
2839	3.8577850677264	1.1524123936666
2840	5.05870491905393	2.81936056130031
2841	0.745275042797688	0.633630891513077
2842	1.61091547680743	1.56136853117246
2843	2.69633017707296	0.836445171848054
2844	3.7951085274993	2.06301584154127
2845	1.44417112971472	2.18741801835281
2846	-0.151127704060958	0.80217391997991
2847	6.5891767102709	4.88916104226835
2848	4.67368545881144	2.4674662730413
2849	1.38142514367834	1.10651375935698
2850	3.60582611401275	1.31769728818869
2851	3.93049402792093	2.46538786204183
2852	-0.391309647495345	0.418814008306442
2853	4.05365673950385	2.67625304698113
2854	2.27249014564962	3.70756910907198
2855	8.44197312053238	4.63654523391274
2856	9.36400283597614	4.48295683180685
2857	3.36792680397048	3.32623029583906
2858	0.79992516820753	2.24656170962602
2859	3.16740879637863	1.48163283014374
2860	3.28890966910758	2.84307200803654
2861	5.32597997545301	0.143157081708803
2862	4.15989975797296	3.4471730683578
2863	4.62508436734321	2.5643787965502
2864	4.06163627243618	3.24020913987627
2865	0.608230779812249	1.54103951174008
2866	4.8294839147249	3.63703885319707
2867	-0.481188747435812	2.46044935224173
2868	4.33324569925033	0.92512931647669
2869	5.80102519021506	4.56415634778891
2870	5.0932953605025	0.343522783987552
2871	4.9165814307334	3.20457847962549
2872	-0.456534962971283	0.534959221386222
2873	5.14135177202561	3.16397376826018
2874	2.12915515192639	3.23284503194989
2875	0.634625729080186	2.4721550570024
2876	1.22970245596479	0.253478591230132
2877	-0.0726205702199358	0.402114496076545
2878	3.66227344242316	2.93292219746522
2879	1.48475845529359	0.866387314975091
2880	-0.942749875683684	-0.111562059174709
2881	2.25470562571975	2.69459385589367
2882	1.45455469746355	1.21214804018356
2883	5.9562077797599	2.87954327236054
2884	1.00075348787141	3.27778323587016
2885	2.64536948709188	0.9743397426625
2886	5.4497472115574	3.93221278994316
2887	3.85947233973299	1.21958257235927
2888	4.66148062656714	4.36437533000793
2889	5.26710653607515	3.70388114025196
2890	5.67437130499998	4.24906599184882
2891	3.47718344743641	3.73514129583833
2892	8.06212934832508	4.6992067824007
2893	4.46707568019753	1.58682832337571
2894	2.14281202288332	0.338465528607541
2895	4.50017884441262	0.857882932217125
2896	2.33311989580417	0.759744301061946
2897	0.715168861366957	2.58460644168437
2898	2.39296467924709	2.82571144425265
2899	-1.31444668642128	0.687389829553991
2900	1.42359898546132	1.78612895764046
2901	0.830923077088873	1.52048007189554
2902	3.96504811467462	3.12922066580747
2903	2.55659582756871	3.57171660670712
2904	0.359953177768052	-0.282644707164083
2905	0.889871125530858	1.63375241361188
2906	8.25532572744072	3.87610722577909
2907	6.65718086356884	4.32339780937219
2908	4.95164025311545	2.46272867458607
2909	1.22392389665647	0.0834092800151035
2910	5.77178635818156	1.81906026431545
2911	-1.12849707742495	-0.194540647072108
2912	0.68595546797413	1.10929467000722
2913	6.7242030045847	3.11038891321953
2914	2.10976515007462	2.71159108113449
2915	4.69596914872965	4.22288461941076
2916	5.13591868823264	4.94386740211294
2917	1.06661786634053	1.19586791819675
2918	4.82266797955946	4.4631197162902
2919	4.31067057087092	2.63257151069721
2920	1.80473276463716	1.5984978023557
2921	-0.962946644494261	-0.278134009896108
2922	5.71251618320364	2.36949109267814
2923	2.66474403668948	2.42948169356132
2924	4.60023293070514	4.08827041589346
2925	1.27069285052165	0.986430659073224
2926	4.70195967878535	2.59196365525911
2927	2.78585248912112	2.28638708099642
2928	4.67946097736106	3.9063212485951
2929	3.26473018609395	3.79367652269059
2930	1.77718747762825	1.83532749324357
2931	2.67108769117817	1.946514442653
2932	4.35982474578546	4.60247745113182
2933	6.84974890775299	4.82402013213349
2934	-0.893561116752308	1.58412207047937
2935	1.0414245237707	0.0591830426001309
2936	-0.661454181204971	1.8226271633516
2937	2.03264325827361	2.02105657268399
2938	1.78727384762591	2.20711524561116
2939	-1.21476090462747	-0.242155846993228
2940	2.84035551031012	2.30520987713833
2941	-1.92544732339913	1.37074890425935
2942	4.74391931814099	1.80422674376292
2943	1.23684306104109	3.73920007146124
2944	3.52394363702012	3.63624311209858
2945	-0.60769795026067	1.12254166981152
2946	1.78293700919429	2.59903112594186
2947	9.12357248076193	4.07928342727781
2948	1.55460162166328	1.0297677125553
2949	2.79747309673443	4.45349797900376
2950	-2.468480763009	0.401018203481812
2951	3.21250437248829	1.73431404912646
2952	2.61992310149195	2.0410171132441
2953	3.39119933659318	3.25950887981195
2954	1.42248703238835	2.59604007172666
2955	0.0224335439709509	2.34362870015196
2956	2.76441723998846	4.04866087499647
2957	4.82227399060934	2.18789274104734
2958	4.30581213615538	4.61202038535778
2959	1.56461070933343	3.53172420072408
2960	8.46238412942214	3.87882085376837
2961	5.14145786889453	3.49419264846988
2962	0.152141180491686	0.2380287529069
2963	5.43955415746924	2.63283307618766
2964	3.0929359640409	0.852173009063176
2965	-0.522200305679872	0.315257844071882
2966	7.93345967206466	2.80949139753432
2967	5.10709505665504	4.67320189170039
2968	1.13808574947018	3.22370797503777
2969	1.36884511637092	1.15233236080287
2970	4.38938467747954	3.21235526232378
2971	6.83347206322215	1.6501806150921
2972	1.16791741174778	0.528694470624934
2973	1.77720762258611	0.445905750687511
2974	3.4975384431208	2.92561421204571
2975	3.04903500163892	2.98358455174835
2976	0.557875387409282	0.236154332729366
2977	3.70938463379437	1.57601094278171
2978	5.7040181250073	1.05975017708057
2979	4.42296419835094	1.78415405632487
2980	2.99732712778944	0.195412854818494
2981	1.77497222628881	3.44649664426298
2982	6.82023048077642	3.99320692023019
2983	1.12114394749595	0.284142758066475
2984	0.0454630274296597	2.32816421102092
2985	1.77970022714975	0.334259535595737
2986	4.54732905591619	4.00423228788564
2987	4.38055630961751	0.968919569853884
2988	0.120842644778862	1.14820844784246
2989	-0.5227724176263	-0.0214315777058243
2990	0.86190148314876	2.09177173631237
2991	1.37532887078729	1.21626056193593
2992	4.47059296001707	2.93870804916977
2993	3.93126489666456	4.47545022073743
2994	2.09693380443249	0.0661889075925529
2995	1.88443942552515	3.50250497073982
2996	0.360592221502674	1.86274482541852
2997	8.22015178402632	4.42483150459467
2998	-1.07473712331055	0.529268134097869
2999	4.91616731797472	3.31720305911647
3000	0.54073987584485	0.836879601715533
3001	3.15404039966274	3.67896822258361
3002	4.13454325062342	3.1053385101548
3003	0.891622595068527	2.02533917485698
3004	3.74131486430693	0.221007358489789
3005	5.44892395740599	4.02237983227676
3006	-1.03127487804221	0.273832423165793
3007	1.30680649322486	0.0247987305660521
3008	3.51186265533736	1.55216536543708
3009	3.3768784399137	1.7226357427371
3010	5.0185056028819	4.77507063127659
3011	7.78771488750589	3.99928380824691
3012	5.72034595764889	4.1575626578877
3013	0.635381758969696	1.41106479879102
3014	-0.734022083637422	3.04088262081683
3015	3.63081331629488	0.965470004170854
3016	2.92393732945823	2.42969636044735
3017	1.66190842421557	1.24644873502738
3018	1.9362358523877	-0.229320719486911
3019	5.36223131359011	3.06277287596948
3020	2.52313131451625	0.924558718798571
3021	2.22972335658098	0.0784412485751414
3022	6.29141747376619	3.96609795764536
3023	2.23908737021511	1.60125602839163
3024	1.26796603250535	4.43197058073432
3025	5.63632748342423	3.66975699439582
3026	3.57105796567967	3.03006605756848
3027	5.60806698763597	5.03545881324604
3028	0.764167489781314	3.05011405530804
3029	-0.17444518454006	0.428242875608462
3030	4.79378914027332	3.27629933189494
3031	5.82487841023188	2.51373308355239
3032	2.19702959276348	1.88161617201889
3033	3.81409538082551	2.45206760078424
3034	4.77508431036792	4.10558368988809
3035	-1.71835902529914	0.655926945042703
3036	1.15921044424645	1.51090357899525
3037	0.445980928220179	0.834197298705436
3038	5.23371145125049	4.52672685428244
3039	3.8577850677264	1.21366914887977
3040	5.05870491905393	2.89469406563098
3041	0.745275042797688	0.690506732433637
3042	1.61091547680743	1.6260787668594
3043	2.69633017707296	0.895033702939284
3044	3.7951085274993	2.1319622997279
3045	1.44417112971472	2.25741500604399
3046	-0.151127704060958	0.860473043263592
3047	6.5891767102709	4.98197323169529
3048	4.67368545881144	2.53982816271239
3049	1.38142514367834	1.16738291789944
3050	3.60582611401275	1.38034981205158
3051	3.93049402792093	2.53773220031523
3052	-0.391309647495345	0.473875801598038
3053	4.05365673950385	2.75037806228076
3054	2.27249014564962	3.79040319988384
3055	8.44197312053238	4.72722417803165
3056	9.36400283597614	4.57233877974688
3057	3.36792680397048	3.40584412407355
3058	0.79992516820753	2.31705814350281
3059	3.16740879637863	1.54566972788241
3060	3.28890966910758	2.91860574659968
3061	5.32597997545301	0.195891056131426
3062	4.15989975797296	3.5278082127312
3063	4.62508436734321	2.63755907596265
3064	4.06163627243618	3.31909655186412
3065	0.608230779812249	1.60557807651853
3066	4.8294839147249	3.71927734257607
3067	-0.481188747435812	2.53275198666086
3068	4.33324569925033	0.984466751750352
3069	5.80102519021506	4.6542239950429
3070	5.0932953605025	0.397948771261861
3071	4.9165814307334	3.28316500411426
3072	-0.456534962971283	0.59100181723513
3073	5.14135177202561	3.2422174012626
3074	2.12915515192639	3.31167025682132
3075	0.634625729080186	2.54455654168716
3076	1.22970245596479	0.30714418922807
3077	-0.0726205702199358	0.457035268280257
3078	3.66227344242316	3.00921468701972
3079	1.48475845529359	0.925228696181894
3080	-0.942749875683684	-0.0609790919107157
3081	2.25470562571975	2.76887375241317
3082	1.45455469746355	1.27390924042131
3083	5.9562077797599	2.95538499700739
3084	1.00075348787141	3.35698794693959
3085	2.64536948709188	1.03409274144128
3086	5.4497472115574	4.01694391198722
3087	3.85947233973299	1.28140655441967
3088	4.66148062656714	4.45275590185049
3089	5.26710653607515	3.78668408755688
3090	5.67437130499998	4.33647281978278
3091	3.47718344743641	3.81820822337737
3092	8.06212934832508	4.79041487968376
3093	4.46707568019753	1.65175355741377
3094	2.14281202288332	0.392848809265897
3095	4.50017884441262	0.916652497116254
3096	2.33311989580417	0.817685122202673
3097	0.715168861366957	2.65795753593757
3098	2.39296467924709	2.90109857939664
3099	-1.31444668642128	0.744719644448259
3100	1.42359898546132	1.85273721043218
3101	0.830923077088873	1.58484501995195
3102	3.96504811467462	3.20717082195573
3103	2.55659582756871	3.65340347432998
3104	0.359953177768052	-0.233506468393072
3105	0.889871125530858	1.69907390390952
3106	8.25532572744072	3.96036455747612
3107	6.65718086356884	4.41143234149459
3108	4.95164025311545	2.53505055702348
3109	1.22392389665647	0.135638706767261
3110	5.77178635818156	1.88594660958249
3111	-1.12849707742495	-0.144658402713983
3112	0.68595546797413	1.17018731229219
3113	6.7242030045847	3.18818004231358
3114	2.10976515007462	2.78601451281607
3115	4.69596914872965	4.31007035552045
3116	5.13591868823264	5.0371415661337
3117	1.06661786634053	1.25749163893917
3118	4.82266797955946	4.55233414726494
3119	4.31067057087092	2.70632765188348
3120	1.80473276463716	1.66352158074632
3121	-0.962946644494261	-0.22895767998644
3122	5.71251618320364	2.44102561887117
3123	2.66474403668948	2.50152281777248
3124	4.60023293070514	4.17431938578129
3125	1.27069285052165	1.04628576108485
3126	4.70195967878535	2.66537687840852
3127	2.78585248912112	2.35721982512698
3128	4.67946097736106	3.99083372632922
3129	3.26473018609395	3.8772377581625
3130	1.77718747762825	1.90235120912891
3131	2.67108769117817	2.01447709042738
3132	4.35982474578546	4.69286870566295
3133	6.84974890775299	4.91628223112147
3134	-0.893561116752308	1.64902445123152
3135	1.0414245237707	0.111207887906523
3136	-0.661454181204971	1.88954362973689
3137	2.03264325827361	2.08964870065669
3138	1.78727384762591	2.277278568964
3139	-1.21476090462747	-0.192675695055541
3140	2.84035551031012	2.3762015726893
3141	-1.92544732339913	1.43384942902846
3142	4.74391931814099	1.87098782553863
3143	1.23684306104109	3.82230127383095
3144	3.52394363702012	3.71847488174387
3145	-0.60769795026067	1.18354617801796
3146	1.78293700919429	2.67250403121795
3147	9.12357248076193	4.16525650543335
3148	1.55460162166328	1.08998877965282
3149	2.79747309673443	4.54263115803289
3150	-2.468480763009	0.455929717907679
3151	3.21250437248829	1.80048474454125
3152	2.61992310149195	2.10977780046007
3153	3.39119933659318	3.33855927083081
3154	1.42248703238835	2.66948771867702
3155	0.0224335439709509	2.41494482818586
3156	2.76441723998846	4.13437535723752
3157	4.82227399060934	2.25789373759278
3158	4.30581213615538	4.70249222637238
3159	1.56461070933343	3.6130733475488
3160	8.46238412942214	3.96310110103118
3161	5.14145786889453	3.57522485547888
3162	0.152141180491686	0.29156388284218
3163	5.43955415746924	2.70659142619594
3164	3.0929359640409	0.910894355812948
3165	-0.522200305679872	0.369445144579715
3166	7.93345967206466	2.884741560496
3167	5.10709505665504	4.76419038748095
3168	1.13808574947018	3.30245604090671
3169	1.36884511637092	1.21358844016866
3170	4.38938467747954	3.29100745881191
3171	6.83347206322215	1.71564083536058
3172	1.16791741174778	0.584684163014417
3173	1.77720762258611	0.501196323534499
3174	3.4975384431208	3.00184498841723
3175	3.04903500163892	3.06030486579362
3176	0.557875387409282	0.289673633892587
3177	3.70938463379437	1.64084482811699
3178	5.7040181250073	1.12022443479268
3179	4.42296419835094	1.85074563181918
3180	2.99732712778944	0.24858810955342
3181	1.77497222628881	3.52712607648979
3182	6.82023048077642	4.07845311472003
3183	1.12114394749595	0.338067303398129
3184	0.0454630274296597	2.39934974727161
3185	1.77970022714975	0.388607298228058
3186	4.54732905591619	4.08957158745063
3187	4.38055630961751	1.02862679731578
3188	0.120842644778862	1.20942970231732
3189	-0.5227724176263	0.029912507510192
3190	0.86190148314876	2.16096102719422
3191	1.37532887078729	1.27805649087015
3192	4.47059296001707	3.01504939806164
3193	3.93126489666456	4.56476877817571
3194	2.09693380443249	0.118272914788777
3195	1.88443942552515	3.58360737217805
3196	0.360592221502674	1.93000007034237
3197	8.22015178402632	4.51372260604984
3198	-1.07473712331055	0.585262670859207
3199	4.91616731797472	3.39674065573859
3200	0.54073987584485	0.895471801403288
3201	3.15404039966274	3.752127690205
3202	4.13454325062342	3.1744616771616
3203	0.891622595068527	2.08686301099516
3204	3.74131486430693	0.269835154897917
3205	5.44892395740599	4.09795568883553
3206	-1.03127487804221	0.323031919010679
3207	1.30680649322486	0.0722459203069907
3208	3.51186265533736	1.61035975106669
3209	3.3768784399137	1.78202962984608
3210	5.0185056028819	4.85594273778333
3211	7.78771488750589	4.07469715143866
3212	5.72034595764889	4.2340897178278
3213	0.635381758969696	1.46826634131727
3214	-0.734022083637422	3.10955224899865
3215	3.63081331629488	1.01953615376954
3216	2.92393732945823	2.49406542430186
3217	1.66190842421557	1.30249196949366
3218	1.9362358523877	-0.183661621384541
3219	5.36223131359011	3.1315965332199
3220	2.52313131451625	0.978336999336936
3221	2.22972335658098	0.126265889699293
3222	6.29141747376619	4.04127779119444
3223	2.23908737021511	1.65979583663231
3224	1.26796603250535	4.51042849056528
3225	5.63632748342423	3.74285164793037
3226	3.57105796567967	3.09865957584884
3227	5.60806698763597	5.11816312083326
3228	0.764167489781314	3.11884863975677
3229	-0.17444518454006	0.478528868527314
3230	4.79378914027332	3.34662545135505
3231	5.82487841023188	2.57869346523749
3232	2.19702959276348	1.9421287124865
3233	3.81409538082551	2.51659407812198
3234	4.77508431036792	4.18174500388453
3235	-1.71835902529914	0.707815019111604
3236	1.15921044424645	1.56880762929117
3237	0.445980928220179	0.887339758177433
3238	5.23371145125049	4.60585150922244
3239	3.8577850677264	1.26948173235143
3240	5.05870491905393	2.96233504947595
3241	0.745275042797688	0.742638124472431
3242	1.61091547680743	1.68479323835822
3243	2.69633017707296	0.948604233012364
3244	3.7951085274993	2.19423638114648
3245	1.44417112971472	2.32057182562036
3246	-0.151127704060958	0.913800389957452
3247	6.5891767102709	5.06430119217042
3248	4.67368545881144	2.6049721603814
3249	1.38142514367834	1.22286981192632
3250	3.60582611401275	1.43733523097549
3251	3.93049402792093	2.60286144990874
3252	-0.391309647495345	0.524482887032194
3253	4.05365673950385	2.81700357785342
3254	2.27249014564962	3.86434677100897
3255	8.44197312053238	4.80775961671164
3256	9.36400283597614	4.65178437943363
3257	3.36792680397048	3.47708177533364
3258	0.79992516820753	2.38063463735191
3259	3.16740879637863	1.60381840746632
3260	3.28890966910758	2.98641498311792
3261	5.32597997545301	0.244542123642063
3262	4.15989975797296	3.59990405476374
3263	4.62508436734321	2.70339074956035
3264	4.06163627243618	3.38972381061587
3265	0.608230779812249	1.66414829651288
3266	4.8294839147249	3.79272044216819
3267	-0.481188747435812	2.59784619337043
3268	4.33324569925033	1.03866657047787
3269	5.80102519021506	4.73424577364378
3270	5.0932953605025	0.448021602084428
3271	4.9165814307334	3.35353943334007
3272	-0.456534962971283	0.642433050719252
3273	5.14135177202561	3.31230370588298
3274	2.12915515192639	3.38224526102873
3275	0.634625729080186	2.60973381022507
3276	1.22970245596479	0.356578080709927
3277	-0.0726205702199358	0.507523856618626
3278	3.66227344242316	3.07766148626176
3279	1.48475845529359	0.979011690963726
3280	-0.942749875683684	-0.0141354711099484
3281	2.25470562571975	2.83562941146312
3282	1.45455469746355	1.33014569858643
3283	5.9562077797599	3.02345302784505
3284	1.00075348787141	3.42788182552975
3285	2.64536948709188	1.08864174956458
3286	5.4497472115574	4.09248151911795
3287	3.85947233973299	1.33769576684846
3288	4.66148062656714	4.53136006596811
3289	5.26710653607515	3.86060148943895
3290	5.67437130499998	4.41425876708658
3291	3.47718344743641	3.89234744237601
3292	8.06212934832508	4.87139495479451
3293	4.46707568019753	1.7106486875686
3294	2.14281202288332	0.442885754604688
3295	4.50017884441262	0.970375146144006
3296	2.33311989580417	0.870711395035933
3297	0.715168861366957	2.72393274170376
3298	2.39296467924709	2.96878462810189
3299	-1.31444668642128	0.797232501403082
3300	1.42359898546132	1.91304654634487
3301	0.830923077088873	1.64326935341506
3302	3.96504811467462	3.2770105240614
3303	2.55659582756871	3.72638305759941
3304	0.359953177768052	-0.187876822985562
3305	0.889871125530858	1.75830199998209
3306	8.25532572744072	4.03550404840325
3307	6.65718086356884	4.4897457356112
3308	4.95164025311545	2.60016093744367
3309	1.22392389665647	0.183865813333233
3310	5.77178635818156	1.94648962083539
3311	-1.12849707742495	-0.0984035848400967
3312	0.68595546797413	1.22569393922091
3313	6.7242030045847	3.25788611728334
3314	2.10976515007462	2.85289078148622
3315	4.69596914872965	4.38767052394909
3316	5.13591868823264	5.11985771428003
3317	1.06661786634053	1.31361257593529
3318	4.82266797955946	4.63163898591955
3319	4.31067057087092	2.77264321018806
3320	1.80473276463716	1.72249951567708
3321	-0.962946644494261	-0.183296027385014
3322	5.71251618320364	2.50547440016664
3323	2.66474403668948	2.56639728287724
3324	4.60023293070514	4.25096435312686
3325	1.27069285052165	1.10092056443741
3326	4.70195967878535	2.73140428979782
3327	2.78585248912112	2.42107891350825
3328	4.67946097736106	4.06618761118034
3329	3.26473018609395	3.95179233386664
3330	1.77718747762825	1.9630096500637
3331	2.67108769117817	2.07592449635786
3332	4.35982474578546	4.77316240474816
3333	6.84974890775299	4.99814796200799
3334	-0.893561116752308	1.7079003782441
3335	1.0414245237707	0.159263088926032
3336	-0.661454181204971	1.95011195114081
3337	2.03264325827361	2.15162504574425
3338	1.78727384762591	2.34057515694756
3339	-1.21476090462747	-0.146758747104342
3340	2.84035551031012	2.44019422465295
3341	-1.92544732339913	1.49121129382365
3342	4.74391931814099	1.93142558047735
3343	1.23684306104109	3.89646929325903
3344	3.52394363702012	3.79191233488309
3345	-0.60769795026067	1.23914680356072
3346	1.78293700919429	2.73858159226066
3347	9.12357248076193	4.24183770253006
3348	1.55460162166328	1.14493109587803
3349	2.79747309673443	4.62186772236253
3350	-2.468480763009	0.506410527127303
3351	3.21250437248829	1.86042641006376
3352	2.61992310149195	2.17189578238434
3353	3.39119933659318	3.40932347748262
3354	1.42248703238835	2.73554405567242
3355	0.0224335439709509	2.47921009403716
3356	2.76441723998846	4.21073926154981
3357	4.82227399060934	2.32105392572625
3358	4.30581213615538	4.78285364060851
3359	1.56461070933343	3.68576915103489
3360	8.46238412942214	4.03825984743304
3361	5.14145786889453	3.6476543410102
3362	0.152141180491686	0.340888144716507
3363	5.43955415746924	2.77290884052784
3364	3.0929359640409	0.964576488129696
3365	-0.522200305679872	0.419317411862071
3366	7.93345967206466	2.95231251431685
3367	5.10709505665504	4.84498593600303
3368	1.13808574947018	3.37296621000437
3369	1.36884511637092	1.26940045573979
3370	4.38938467747954	3.36143707085692
3371	6.83347206322215	1.7749855033508
3372	1.16791741174778	0.636070942818646
3373	1.77720762258611	0.551995647684841
3374	3.4975384431208	3.07023993135135
3375	3.04903500163892	3.12911115708343
3376	0.557875387409282	0.338984595177995
3377	3.70938463379437	1.69966319985116
3378	5.7040181250073	1.1753795018409
3379	4.42296419835094	1.9110409541447
3380	2.99732712778944	0.297609975759637
3381	1.77497222628881	3.59921711872401
3382	6.82023048077642	4.15442352654587
3383	1.12114394749595	0.387718782954707
3384	0.0454630274296597	2.46350527955556
3385	1.77970022714975	0.43861439850611
3386	4.54732905591619	4.16562023354039
3387	4.38055630961751	1.08313734475068
3388	0.120842644778862	1.26521245525476
3389	-0.5227724176263	0.0773956799427089
3390	0.86190148314876	2.22343915589096
3391	1.37532887078729	1.33432213083874
3392	4.47059296001707	3.08353725279166
3393	3.93126489666456	4.64416111213836
3394	2.09693380443249	0.166377828317469
3395	1.88443942552515	3.65609584063263
3396	0.360592221502674	1.99085306032699
3397	8.22015178402632	4.59275575761406
3398	-1.07473712331055	0.636653521288647
3399	4.91616731797472	3.46791425115562
3400	0.54073987584485	0.949045414121951
3401	3.15404039966274	3.81757259160765
3402	4.13454325062342	3.23648554389843
3403	0.891622595068527	2.14244593667704
3404	3.74131486430693	0.314657337963628
3405	5.44892395740599	4.16544864143906
3406	-1.03127487804221	0.368169142203436
3407	1.30680649322486	0.115897946905357
3408	3.51186265533736	1.6631207448125
3409	3.3768784399137	1.83580728130261
3410	5.0185056028819	4.92792461636163
3411	7.78771488750589	4.14205236309689
3412	5.72034595764889	4.30238887890105
3413	0.635381758969696	1.52018583414462
3414	-0.734022083637422	3.17119171125457
3415	3.63081331629488	1.06879819143675
3416	2.92393732945823	2.55205987072492
3417	1.66190842421557	1.35342971878771
3418	1.9362358523877	-0.141525122014027
3419	5.36223131359011	3.1933665454109
3420	2.52313131451625	1.02735504872661
3421	2.22972335658098	0.17023783158394
3422	6.29141747376619	4.10843508781642
3423	2.23908737021511	1.71284959913834
3424	1.26796603250535	4.580364176031
3425	5.63632748342423	3.8082416150605
3426	3.57105796567967	3.16023452987403
3427	5.60806698763597	5.19169791234091
3428	0.764167489781314	3.18054315679232
3429	-0.17444518454006	0.52458697064096
3430	4.79378914027332	3.40966890073378
3431	5.82487841023188	2.63718909306158
3432	2.19702959276348	1.99685449746536
3433	3.81409538082551	2.57472194299784
3434	4.77508431036792	4.24973417081423
3435	-1.71835902529914	0.755230992126135
3436	1.15921044424645	1.62132254442785
3437	0.445980928220179	0.935818906697963
3438	5.23371145125049	4.67635230575124
3439	3.8577850677264	1.32022398950462
3440	5.05870491905393	3.0231026668741
3441	0.745275042797688	0.790260325736367
3442	1.61091547680743	1.73799503965471
3443	2.69633017707296	0.997446199991071
3444	3.7951085274993	2.25045518987008
3445	1.44417112971472	2.37753881395867
3446	-0.151127704060958	0.962436242761349
3447	6.5891767102709	5.1375170043354
3448	4.67368545881144	2.66362341502969
3449	1.38142514367834	1.27333602549721
3450	3.60582611401275	1.48907154459835
3451	3.93049402792093	2.66150020457688
3452	-0.391309647495345	0.570813136523026
3453	4.05365673950385	2.87691051798958
3454	2.27249014564962	3.93045625256162
3455	8.44197312053238	4.87945614679484
3456	9.36400283597614	4.72255719809589
3457	3.36792680397048	3.54089780886415
3458	0.79992516820753	2.43795732769868
3459	3.16740879637863	1.65654066228217
3460	3.28890966910758	3.04732520590722
3461	5.32597997545301	0.289214517149836
3462	4.15989975797296	3.66444746235847
3463	4.62508436734321	2.76262485554097
3464	4.06163627243618	3.45302249568052
3465	0.608230779812249	1.71722783501369
3466	4.8294839147249	3.85840574063161
3467	-0.481188747435812	2.65645524685123
3468	4.33324569925033	1.08804190166981
3469	5.80102519021506	4.80550694246308
3470	5.0932953605025	0.493899035067982
3471	4.9165814307334	3.41662382847553
3472	-0.456534962971283	0.689461820790665
3473	5.14135177202561	3.37514389614934
3474	2.12915515192639	3.44549965687294
3475	0.634625729080186	2.66841326415948
3476	1.22970245596479	0.401913969878329
3477	-0.0726205702199358	0.553753671897242
3478	3.66227344242316	3.13911208609133
3479	1.48475845529359	1.02803373598996
3480	-0.942749875683684	0.0290049904528318
3481	2.25470562571975	2.89564665689857
3482	1.45455469746355	1.38124721788551
3483	5.9562077797599	3.08458259612483
3484	1.00075348787141	3.49140648873548
3485	2.64536948709188	1.13831304211866
3486	5.4497472115574	4.1599420527736
3487	3.85947233973299	1.38884199891352
3488	4.66148062656714	4.60141971172133
3489	5.26710653607515	3.92668879080824
3490	5.67437130499998	4.48362491937846
3491	3.47718344743641	3.95862274858381
3492	8.06212934832508	4.94346834398425
3493	4.46707568019753	1.76400360915614
3494	2.14281202288332	0.48873277224119
3495	4.50017884441262	1.01934604410852
3496	2.33311989580417	0.919092067611093
3497	0.715168861366957	2.78328850079472
3498	2.39296467924709	3.02959044098249
3499	-1.31444668642128	0.845178019690733
3500	1.42359898546132	1.96760010187578
3501	0.830923077088873	1.69622524332566
3502	3.96504811467462	3.339641702207
3503	2.55659582756871	3.79167549498545
3504	0.359953177768052	-0.145765286743351
3505	0.889871125530858	1.81193913244932
3506	8.25532572744072	4.10262715195554
3507	6.65718086356884	4.55955893434568
3508	4.95164025311545	2.65878369922569
3509	1.22392389665647	0.228178871591444
3510	5.77178635818156	2.00124123184226
3511	-1.12849707742495	-0.0557621731292808
3512	0.68595546797413	1.2761768777456
3513	6.7242030045847	3.32040403749603
3514	2.10976515007462	2.91301025163958
3515	4.69596914872965	4.45687921622182
3516	5.13591868823264	5.19340254145326
3517	1.06661786634053	1.36461618331911
3518	4.82266797955946	4.70229250019483
3519	4.31067057087092	2.83228744081363
3520	1.80473276463716	1.77592461984914
3521	-0.962946644494261	-0.141157362905739
3522	5.71251618320364	2.56353641245138
3523	2.66474403668948	2.62482009065451
3524	4.60023293070514	4.31936344861035
3525	1.27069285052165	1.15066457418514
3526	4.70195967878535	2.7908042966452
3527	2.78585248912112	2.47864112161726
3528	4.67946097736106	4.13349242791908
3529	3.26473018609395	4.01841968265598
3530	1.77718747762825	2.01785909544441
3531	2.67108769117817	2.13144264232808
3532	4.35982474578546	4.8446540443604
3533	6.84974890775299	5.07097200368876
3534	-0.893561116752308	1.76123902388455
3535	1.0414245237707	0.203430445738822
3536	-0.661454181204971	2.0048850141931
3537	2.03264325827361	2.20759150301862
3538	1.78727384762591	2.39766060835684
3539	-1.21476090462747	-0.104403702745321
3540	2.84035551031012	2.49786963682901
3541	-1.92544732339913	1.54326667049418
3542	4.74391931814099	1.9860879797198
3543	1.23684306104109	3.96276900975659
3544	3.52394363702012	3.85759284760012
3545	-0.60769795026067	1.2897094121962
3546	1.78293700919429	2.79802410429266
3547	9.12357248076193	4.31018274846351
3548	1.55460162166328	1.19493574334776
3549	2.79747309673443	4.6924633695821
3550	-2.468480763009	0.552633749082618
3551	3.21250437248829	1.91466834035401
3552	2.61992310149195	2.22798228634863
3553	3.39119933659318	3.47273823504984
3554	1.42248703238835	2.79496857890512
3555	0.0224335439709509	2.53711656471184
3556	2.76441723998846	4.27890013731877
3557	4.82227399060934	2.37802376914196
3558	4.30581213615538	4.85440267333907
3559	1.56461070933343	3.75082106607907
3560	8.46238412942214	4.10539927128773
3561	5.14145786889453	3.71248053377986
3562	0.152141180491686	0.386131115461935
3563	5.43955415746924	2.83255464426067
3564	3.0929359640409	1.01351304547241
3565	-0.522200305679872	0.465024853834231
3566	7.93345967206466	3.01302077658688
3567	5.10709505665504	4.91690292657014
3568	1.13808574947018	3.43616565375775
3569	1.36884511637092	1.3201422315593
3570	4.38938467747954	3.42456823712158
3571	6.83347206322215	1.82872143831304
3572	1.16791741174778	0.683062035423868
3573	1.77720762258611	0.598488832342049
3574	3.4975384431208	3.13164657949248
3575	3.04903500163892	3.19086645046161
3576	0.557875387409282	0.384216292784944
3577	3.70938463379437	1.7529530635446
3578	5.7040181250073	1.22556446985912
3579	4.42296419835094	1.96558263222344
3580	2.99732712778944	0.342596645956077
3581	1.77497222628881	3.66375645816871
3582	6.82023048077642	4.22225089112094
3583	1.12114394749595	0.433239092565877
3584	0.0454630274296597	2.52131874369438
3585	1.77970022714975	0.48443612045799
3586	4.54732905591619	4.23351390688542
3587	4.38055630961751	1.13277603929958
3588	0.120842644778862	1.31592942903553
3589	-0.5227724176263	0.121078204278239
3590	0.86190148314876	2.27983090832682
3591	1.37532887078729	1.38544838366757
3592	4.47059296001707	3.14502264989254
3593	3.93126489666456	4.71488878453774
3594	2.09693380443249	0.210587319805914
3595	1.88443942552515	3.72097202537375
3596	0.360592221502674	2.04586739903633
3597	8.22015178402632	4.66317899891334
3598	-1.07473712331055	0.683648064020926
3599	4.91616731797472	3.53167599307592
3600	0.54073987584485	0.997889993848917
3601	3.15404039966274	3.876186388801
3602	4.13454325062342	3.29217648720228
3603	0.891622595068527	2.19263388704062
3604	3.74131486430693	0.355651555587864
3605	5.44892395740599	4.22581224680543
3606	-1.03127487804221	0.409432522917389
3607	1.30680649322486	0.155892409567716
3608	3.51186265533736	1.71089770097667
3609	3.3768784399137	1.88445284659658
3610	5.0185056028819	4.99212345756355
3611	7.78771488750589	4.20229828574528
3612	5.72034595764889	4.36344129037189
3613	0.635381758969696	1.56724383114211
3614	-0.734022083637422	3.22655422814889
3615	3.63081331629488	1.1135857194359
3616	2.92393732945823	2.60430816933587
3617	1.66190842421557	1.39964893653123
3618	1.9362358523877	-0.102825491203803
3619	5.36223131359011	3.24884060118828
3620	2.52313131451625	1.07193411871358
3621	2.22972335658098	0.21050562256073
3622	6.29141747376619	4.1685119163778
3623	2.23908737021511	1.76087669024505
3624	1.26796603250535	4.64281479656811
3625	5.63632748342423	3.866808477666
3626	3.57105796567967	3.21554193240925
3627	5.60806698763597	5.25722352688452
3628	0.764167489781314	3.23595271123303
3629	-0.17444518454006	0.566637129274052
3630	4.79378914027332	3.46623095216182
3631	5.82487841023188	2.68986558961568
3632	2.19702959276348	2.0463101263875
3633	3.81409538082551	2.62708423128788
3634	4.77508431036792	4.31052173036841
3635	-1.71835902529914	0.798441284646129
3636	1.15921044424645	1.66888925664828
3637	0.445980928220179	0.979937552089672
3638	5.23371145125049	4.73928574427476
3639	3.8577850677264	1.36627618322761
3640	5.05870491905393	3.077720299433
3641	0.745275042797688	0.83364681496285
3642	1.61091547680743	1.7861486117231
3643	2.69633017707296	1.04187482918746
3644	3.7951085274993	2.30118642418232
3645	1.44417112971472	2.42890927584692
3646	-0.151127704060958	1.00668877271398
3647	6.5891767102709	5.20277009021342
3648	4.67368545881144	2.71643287558821
3649	1.38142514367834	1.31915237388771
3650	3.60582611401275	1.53597303746694
3651	3.93049402792093	2.71429898543783
3652	-0.391309647495345	0.613095811659933
3653	4.05365673950385	2.93079280755182
3654	2.27249014564962	3.98963785185756
3655	8.44197312053238	4.94341119275928
3656	9.36400283597614	4.78572304611784
3657	3.36792680397048	3.59811993854735
3658	0.79992516820753	2.48963169325951
3659	3.16740879637863	1.70428452078929
3660	3.28890966910758	3.10206467725551
3661	5.32597997545301	0.330080757996635
3662	4.15989975797296	3.72229104383049
3663	4.62508436734321	2.81593229096678
3664	4.06163627243618	3.50980261464959
3665	0.608230779812249	1.76527694854166
3666	4.8294839147249	3.91722492758354
3667	-0.481188747435812	2.70922865169602
3668	4.33324569925033	1.1329262250691
3669	5.80102519021506	4.86909002570635
3670	5.0932953605025	0.535794834122412
3671	4.9165814307334	3.47322086302303
3672	-0.456534962971283	0.732341295958931
3673	5.14135177202561	3.43153228763378
3674	2.12915515192639	3.50224193614355
3675	0.634625729080186	2.72124681754405
3676	1.22970245596479	0.443347086264776
3677	-0.0726205702199358	0.595950538336931
3678	3.66227344242316	3.19431324324179
3679	1.48475845529359	1.07261621975757
3680	-0.942749875683684	0.068562383631818
3681	2.25470562571975	2.94962318878939
3682	1.45455469746355	1.42760635698119
3683	5.9562077797599	3.13950947125082
3684	1.00075348787141	3.54837967826745
3685	2.64536948709188	1.18345022814666
3686	5.4497472115574	4.22027796013128
3687	3.85947233973299	1.4352393395753
3688	4.66148062656714	4.66397624109712
3689	5.26710653607515	3.98585143986209
3690	5.67437130499998	4.54558894377875
3691	3.47718344743641	4.01794602467806
3692	8.06212934832508	5.00774536976268
3693	4.46707568019753	1.81228800370428
3694	2.14281202288332	0.53060258511772
3695	4.50017884441262	1.06388482899469
3696	2.33311989580417	0.963126577404053
3697	0.715168861366957	2.83669987385972
3698	2.39296467924709	3.08424070688929
3699	-1.31444668642128	0.888840743598422
3700	1.42359898546132	2.01690858189094
3701	0.830923077088873	1.74416871432203
3702	3.96504811467462	3.39585151850884
3703	2.55659582756871	3.85015903040497
3704	0.359953177768052	-0.107086983859847
3705	0.889871125530858	1.86046464152798
3706	8.25532572744072	4.16267476673908
3707	6.65718086356884	4.62190490501695
3708	4.95164025311545	2.71156881612999
3709	1.22392389665647	0.268738104607452
3710	5.77178635818156	2.05071892593293
3711	-1.12849707742495	-0.0166311567466015
3712	0.68595546797413	1.32200751555466
3713	6.7242030045847	3.37651708880656
3714	2.10976515007462	2.96707412199479
3715	4.69596914872965	4.51870871037779
3716	5.13591868823264	5.25893673024035
3717	1.06661786634053	1.41089166871047
3718	4.82266797955946	4.76535641727319
3719	4.31067057087092	2.88594527736973
3720	1.80473276463716	1.82426897679465
3721	-0.962946644494261	-0.102455882276036
3722	5.71251618320364	2.6158424377915
3723	2.66474403668948	2.67743437142367
3724	4.60023293070514	4.38050124175902
3725	1.27069285052165	1.19586388812269
3726	4.70195967878535	2.84425347398276
3727	2.78585248912112	2.53052012568408
3728	4.67946097736106	4.19369529429918
3729	3.26473018609395	4.078043735892
3730	1.77718747762825	2.06742037698975
3731	2.67108769117817	2.18157524638543
3732	4.35982474578546	4.90843403658571
3733	6.84974890775299	5.13589036981226
3734	-0.893561116752308	1.80950951263518
3735	1.0414245237707	0.243865194767366
3736	-0.661454181204971	2.05438103642145
3737	2.03264325827361	2.25810713401578
3738	1.78727384762591	2.44913228238749
3739	-1.21476090462747	-0.0655173520880094
3740	2.84035551031012	2.54984535986538
3741	-1.92544732339913	1.590440763544
3742	4.74391931814099	2.03548945331634
3743	1.23684306104109	4.02211314144492
3744	3.52394363702012	3.91640794571964
3745	-0.60769795026067	1.33560811832843
3746	1.78293700919429	2.85150959708923
3747	9.12357248076193	4.37127436291101
3748	1.55460162166328	1.2403577402026
3749	2.79747309673443	4.75547784636962
3750	-2.468480763009	0.594824982337455
3751	3.21250437248829	1.96371057488038
3752	2.61992310149195	2.27860048249606
3753	3.39119933659318	3.52961752371427
3754	1.42248703238835	2.8484387024824
3755	0.0224335439709509	2.58928969885257
3756	2.76441723998846	4.33983440098377
3757	4.82227399060934	2.42939667034313
3758	4.30581213615538	4.91823170093394
3759	1.56461070933343	3.8090991047027
3760	8.46238412942214	4.1654608297649
3761	5.14145786889453	3.77056572044716
3762	0.152141180491686	0.427484844469846
3763	5.43955415746924	2.88621382484369
3764	3.0929359640409	1.05802249051557
3765	-0.522200305679872	0.506775416450751
3766	7.93345967206466	3.06758769747984
3767	5.10709505665504	4.98104632893721
3768	1.13808574947018	3.49286098321693
3769	1.36884511637092	1.36619401404179
3770	4.38938467747954	3.4812052318537
3771	6.83347206322215	1.877331361987
3772	1.16791741174778	0.725909319825492
3773	1.77720762258611	0.640910715564024
3774	3.4975384431208	3.1868101853241
3775	3.04903500163892	3.24632793082146
3776	0.557875387409282	0.425560390280793
3777	3.70938463379437	1.80118187411379
3778	5.7040181250073	1.27114052847247
3779	4.42296419835094	2.01488096441471
3780	2.99732712778944	0.383731397628279
3781	1.77497222628881	3.72159656390626
3782	6.82023048077642	4.28290021043855
3783	1.12114394749595	0.474829773566863
3784	0.0454630274296597	2.57341241517492
3785	1.77970022714975	0.526284321279277
3786	4.54732905591619	4.29421987890172
3787	4.38055630961751	1.17788537433643
3788	0.120842644778862	1.36196002122253
3789	-0.5227724176263	0.16109872351073
3790	0.86190148314876	2.33070990179715
3791	1.37532887078729	1.43182865452619
3792	4.47059296001707	3.20025353703692
3793	3.93126489666456	4.77801606062372
3794	2.09693380443249	0.251058067739074
3795	1.88443942552515	3.77909992403975
3796	0.360592221502674	2.09556956167585
3797	8.22015178402632	4.72604617601995
3798	-1.07473712331055	0.726498296132315
3799	4.91616731797472	3.58885173724726
3800	0.54073987584485	1.04232085531775
3801	3.15404039966274	3.92873416770292
3802	4.13454325062342	3.3422087516684
3803	0.891622595068527	2.23793007549858
3804	3.74131486430693	0.393035283040565
3805	5.44892395740599	4.27986597430605
3806	-1.03127487804221	0.447047901921406
3807	1.30680649322486	0.192415711513723
3808	3.51186265533736	1.75411890007747
3809	3.3768784399137	1.92842160232787
3810	5.0185056028819	5.04947792860928
3811	7.78771488750589	4.2562507312157
3812	5.72034595764889	4.41808782947541
3813	0.635381758969696	1.60984626781724
3814	-0.734022083637422	3.27630383689375
3815	3.63081331629488	1.15423410785639
3816	2.92393732945823	2.65137756848277
3817	1.66190842421557	1.44152948925267
3818	1.9362358523877	-0.0674165686756958
3819	5.36223131359011	3.29868620435541
3820	2.52313131451625	1.11240310058188
3821	2.22972335658098	0.247264160802035
3822	6.29141747376619	4.22231883332269
3823	2.23908737021511	1.80431316458116
3824	1.26796603250535	4.69866468528247
3825	5.63632748342423	3.9193158629534
3826	3.57105796567967	3.26524410773076
3827	5.60806698763597	5.31571986735657
3828	0.764167489781314	3.28574280220226
3829	-0.17444518454006	0.604929637990395
3830	4.79378914027332	3.51701292398397
3831	5.82487841023188	2.73730351149689
3832	2.19702959276348	2.09097605235981
3833	3.81409538082551	2.6742517341013
3834	4.77508431036792	4.36494032827306
3835	-1.71835902529914	0.837732246809102
3836	1.15921044424645	1.71192951215918
3837	0.445980928220179	1.02001027579393
3838	5.23371145125049	4.79555116372058
3839	3.8577850677264	1.40801298899807
3840	5.05870491905393	3.1268288336084
3841	0.745275042797688	0.87308941842418
3842	1.61091547680743	1.82969394017817
3843	2.69633017707296	1.08221433623602
3844	3.7951085274993	2.34695018257955
3845	1.44417112971472	2.47522317676102
3846	-0.151127704060958	1.04687672234415
3847	6.5891767102709	5.26103188259708
3848	4.67368545881144	2.76398523113091
3849	1.38142514367834	1.36068620258134
3850	3.60582611401275	1.5784407809927
3851	3.93049402792093	2.76184214964411
3852	-0.391309647495345	0.651588432541994
3853	4.05365673950385	2.97926847878118
3854	2.27249014564962	4.04267430191437
3855	8.44197312053238	5.0005558447506
3856	9.36400283597614	4.84218848563665
3857	3.36792680397048	3.64946999773971
3858	0.79992516820753	2.53620714473492
3859	3.16740879637863	1.74747723484184
3860	3.28890966910758	3.15127807032745
3861	5.32597997545301	0.367354343976907
3862	4.15989975797296	3.77417594705031
3863	4.62508436734321	2.86391322180427
3864	4.06163627243618	3.56077226333419
3865	0.608230779812249	1.80873237617503
3866	4.8294839147249	3.96994947238695
3867	-0.481188747435812	2.75674997637923
3868	4.33324569925033	1.17365791913386
3869	5.80102519021506	4.92591455304209
3870	5.0932953605025	0.573954495367376
3871	4.9165814307334	3.524032942591
3872	-0.456534962971283	0.771347544668769
3873	5.14135177202561	3.48216480138803
3874	2.12915515192639	3.55317901860646
3875	0.634625729080186	2.76881990824972
3876	1.22970245596479	0.481108545966141
3877	-0.0726205702199358	0.634369309131122
3878	3.66227344242316	3.24392397991831
3879	1.48475845529359	1.11308813964972
3880	-0.942749875683684	0.104709527673106
3881	2.25470562571975	2.99817996839672
3882	1.45455469746355	1.46960733111079
3883	5.9562077797599	3.18888415083448
3884	1.00075348787141	3.59951549050537
3885	2.64536948709188	1.22439954499273
3886	5.4497472115574	4.27430784971753
3887	3.85947233973299	1.47727319136306
3888	4.66148062656714	4.71991727881263
3889	5.26710653607515	4.03887158065083
3890	5.67437130499998	4.60102005014789
3891	3.47718344743641	4.07110440694387
3892	8.06212934832508	5.06516712930051
3893	4.46707568019753	1.85594592274675
3894	2.14281202288332	0.568739881712205
3895	4.50017884441262	1.10431914003903
3896	2.33311989580417	1.00312689094988
3897	0.715168861366957	2.88477025721235
3898	2.39296467924709	3.1333773265116
3899	-1.31444668642128	0.928521084680075
3900	1.42359898546132	2.06144786615835
3901	0.830923077088873	1.78753322214779
3902	3.96504811467462	3.44633034396163
3903	2.55659582756871	3.90259470128339
3904	0.359953177768052	-0.0716964169217137
3905	0.889871125530858	1.90433007251089
3906	8.25532572744072	4.2164565412435
3907	6.65718086356884	4.677664728248
3908	4.95164025311545	2.75910022063787
3909	1.22392389665647	0.305747468474864
3910	5.77178635818156	2.09540384199235
3911	-1.12849707742495	0.0191490319056212
3912	0.68595546797413	1.36355364224197
3913	6.7242030045847	3.42691263478602
3914	2.10976515007462	3.01570606826329
3915	4.69596914872965	4.57402403512239
3916	5.13591868823264	5.31744045001841
3917	1.06661786634053	1.45282064741752
3918	4.82266797955946	4.82173413131213
3919	4.31067057087092	2.93422777617295
3920	1.80473276463716	1.86797850165867
3921	-0.962946644494261	-0.0670453677259593
3922	5.71251618320364	2.66296151866251
3923	2.66474403668948	2.72481874813599
3924	4.60023293070514	4.43522126344198
3925	1.27069285052165	1.23686667450889
3926	4.70195967878535	2.89235639306826
3927	2.78585248912112	2.57727169650566
3928	4.67946097736106	4.24761068397806
3929	3.26473018609395	4.13146097791293
3930	1.77718747762825	2.11217723145487
3931	2.67108769117817	2.2268238017979
3932	4.35982474578546	4.96542803095798
3933	6.84974890775299	5.19386409019291
3934	-0.893561116752308	1.85315546384222
3935	1.0414245237707	0.28076742318452
3936	-0.661454181204971	2.09908172634322
3937	2.03264325827361	2.30368533635309
3938	1.78727384762591	2.495533290155
3939	-1.21476090462747	-0.0299477316637502
3940	2.84035551031012	2.59668017055229
3941	-1.92544732339913	1.63314311670713
3942	4.74391931814099	2.08010877124444
3943	1.23684306104109	4.07528947279405
3944	3.52394363702012	3.96912897152505
3945	-0.60769795026067	1.37721282709203
3946	1.78293700919429	2.89964377058048
3947	9.12357248076193	4.42595464152305
3948	1.55460162166328	1.28155217561205
3949	2.79747309673443	4.81181301029487
3950	-2.468480763009	0.63323890500774
3951	3.21250437248829	2.00802071859003
3952	2.61992310149195	2.32426695613459
3953	3.39119933659318	3.58067252144803
3954	1.42248703238835	2.89655964866415
3955	0.0224335439709509	2.63629440872074
3956	2.76441723998846	4.39437925778553
3957	4.82227399060934	2.47571267061871
3958	4.30581213615538	4.97526789692991
3959	1.56461070933343	3.86135791755944
3960	8.46238412942214	4.21925460471956
3961	5.14145786889453	3.82265855789134
3962	0.152141180491686	0.465177980503908
3963	5.43955415746924	2.9344974803654
3964	3.0929359640409	1.09843155062318
3965	-0.522200305679872	0.544810081931308
3966	7.93345967206466	3.11665258734988
3967	5.10709505665504	5.03835308730393
3968	1.13808574947018	3.54375765896337
3969	1.36884511637092	1.40793046588371
3970	4.38938467747954	3.53205170261093
3971	6.83347206322215	1.92126944324293
3972	1.16791741174778	0.764887863989962
3973	1.77720762258611	0.679523143990631
3974	3.4975384431208	3.23638860396895
3975	3.04903500163892	3.29616271112657
3976	0.557875387409282	0.463245237085031
3977	3.70938463379437	1.84479195556099
3978	5.7040181250073	1.31246755503843
3979	4.42296419835094	2.05941151509556
3980	2.99732712778944	0.421236073797456
3981	1.77497222628881	3.77347847578249
3982	6.82023048077642	4.33719983376428
3983	1.12114394749595	0.512726839110132
3984	0.0454630274296597	2.62034873658567
3985	1.77970022714975	0.564403017752439
3986	4.54732905591619	4.34856825960186
3987	4.38055630961751	1.21881072160586
3988	0.120842644778862	1.40367823592493
3989	-0.5227724176263	0.197644450689332
3990	0.86190148314876	2.37660082710359
3991	1.37532887078729	1.47384781542009
3992	4.47059296001707	3.24988986042825
3993	3.93126489666456	4.8344483037306
3994	2.09693380443249	0.287991278123735
3995	1.88443942552515	3.83122952098455
3996	0.360592221502674	2.14044766353803
3997	8.22015178402632	4.78225456847877
3998	-1.07473712331055	0.765479377203091
3999	4.91616731797472	3.64016187537988
4000	0.54073987584485	1.08266228354122
4001	3.15404039966274	3.97588239407051
4002	4.13454325062342	3.38717778336339
4003	0.891622595068527	2.2787962360436
4004	3.74131486430693	0.427046864409101
4005	5.44892395740599	4.32831880664878
4006	-1.03127487804221	0.4812601634448
4007	1.30680649322486	0.225681904720829
4008	3.51186265533736	1.79318749361653
4009	3.3768784399137	1.96813780551824
4010	5.0185056028819	5.10079020101195
4011	7.78771488750589	4.30461582275381
4012	5.72034595764889	4.46705421557419
4013	0.635381758969696	1.64837882635589
4014	-0.734022083637422	3.32102800342987
4015	3.63081331629488	1.19107387088335
4016	2.92393732945823	2.69377986463161
4017	1.66190842421557	1.47943667842602
4018	1.9362358523877	-0.0351157643592991
4019	5.36223131359011	3.34349353103191
4020	2.52313131451625	1.14908744339053
4021	2.22972335658098	0.280734139634148
4022	6.29141747376619	4.27055785323781
4023	2.23908737021511	1.84356825144312
4024	1.26796603250535	4.74867353530986
4025	5.63632748342423	3.96642909626021
4026	3.57105796567967	3.30992718260707
4027	5.60806698763597	5.36802134329362
4028	0.764167489781314	3.33050203856206
4029	-0.17444518454006	0.639728498199432
4030	4.79378914027332	3.56263142850766
4031	5.82487841023188	2.78002505955218
4032	2.19702959276348	2.13129621538182
4033	3.81409538082551	2.71673901763259
4034	4.77508431036792	4.41370924850196
4035	-1.71835902529914	0.87339606903178
4036	1.15921044424645	1.7508413539414
4037	0.445980928220179	1.05635133944355
4038	5.23371145125049	4.84591998876676
4039	3.8577850677264	1.44579564992967
4040	5.05870491905393	3.1709976360939
4041	0.745275042797688	0.908884607775912
4042	1.61091547680743	1.86904332755883
4043	2.69633017707296	1.11878651477585
4044	3.7951085274993	2.38822139980253
4045	1.44417112971472	2.5169709834342
4046	-0.151127704060958	1.0833176064203
4047	6.5891767102709	5.31313016910399
4048	4.67368545881144	2.80680591327262
4049	1.38142514367834	1.39829302410683
4050	3.60582611401275	1.6168566546142
4051	3.93049402792093	2.80465486931458
4052	-0.391309647495345	0.686560650279515
4053	4.05365673950385	3.02288903096016
4054	2.27249014564962	4.0902458649809
4055	8.44197312053238	5.0516863505297
4056	9.36400283597614	4.89273058843122
4057	3.36792680397048	3.69558063737227
4058	0.79992516820753	2.57818153312902
4059	3.16740879637863	1.78652115173245
4060	3.28890966910758	3.19553771226329
4061	5.32597997545301	0.401270509590106
4062	4.15989975797296	3.82074992302423
4063	4.62508436734321	2.90710517949341
4064	4.06163627243618	3.60655335266083
4065	0.608230779812249	1.84800388231244
4066	4.8294839147249	4.01725083137239
4067	-0.481188747435812	2.79954377643164
4068	4.33324569925033	1.21056984999004
4069	5.80102519021506	4.97676773425723
4070	5.0932953605025	0.608638269573418
4071	4.9165814307334	3.56967752950896
4072	-0.456534962971283	0.806764719115764
4073	5.14135177202561	3.52765383011915
4074	2.12915515192639	3.59893189575677
4075	0.634625729080186	2.81165855330034
4076	1.22970245596479	0.515447357459952
4077	-0.0726205702199358	0.669277550404917
4078	3.66227344242316	3.28852784133229
4079	1.48475845529359	1.14977502767371
4080	-0.942749875683684	0.137649854611923
4081	2.25470562571975	3.04187078490916
4082	1.45455469746355	1.50761884156626
4083	5.9562077797599	3.23328351556504
4084	1.00075348787141	3.64544052761661
4085	2.64536948709188	1.26150000285512
4086	5.4497472115574	4.32274003123225
4087	3.85947233973299	1.51531318379282
4088	4.66148062656714	4.77000509138339
4089	5.26710653607515	4.08642901496916
4090	5.67437130499998	4.65066610827764
4091	3.47718344743641	4.118781600102
4092	8.06212934832508	5.11653769384472
4093	4.46707568019753	1.89539284755545
4094	2.14281202288332	0.603404281381379
4095	4.50017884441262	1.14097344745063
4096	2.33311989580417	1.03940522554923
4097	0.715168861366957	2.92803970777597
4098	2.39296467924709	3.17757045947018
4099	-1.31444668642128	0.964522226559176
4100	1.42359898546132	2.101658319244
4101	0.830923077088873	1.82672596429261
4102	3.96504811467462	3.49168623224122
4103	2.55659582756871	3.94964580826892
4104	0.359953177768052	-0.0394115140858706
4105	0.889871125530858	1.9439567652862
4106	8.25532572744072	4.26467378021731
4107	6.65718086356884	4.72759555438547
4108	4.95164025311545	2.8019027528605
4109	1.22392389665647	0.339434737997257
4110	5.77178635818156	2.13574045616091
4111	-1.12849707742495	0.0517714647319851
4112	0.68595546797413	1.40117111754146
4113	6.7242030045847	3.47219637790833
4114	2.10976515007462	3.05946200178928
4115	4.69596914872965	4.6235697914229
4116	5.13591868823264	5.3697483186615
4117	1.06661786634053	1.49076978810917
4118	4.82266797955946	4.87220023736597
4119	4.31067057087092	2.9776809827323
4120	1.80473276463716	1.90747013268325
4121	-0.962946644494261	-0.0347431842380723
4122	5.71251618320364	2.70540685417814
4123	2.66474403668948	2.76749390991532
4124	4.60023293070514	4.48425130763127
4125	1.27069285052165	1.2740134531299
4126	4.70195967878535	2.93565402939569
4127	2.78585248912112	2.61939865740557
4128	4.67946097736106	4.29594367401741
4129	3.26473018609395	4.17936242174174
4130	1.77718747762825	2.15257616599346
4131	2.67108769117817	2.26764869775008
4132	4.35982474578546	5.01642802177117
4133	6.84974890775299	5.24571281940635
4134	-0.893561116752308	1.8925920208936
4135	1.0414245237707	0.314361881073981
4136	-0.661454181204971	2.13943200543706
4137	2.03264325827361	2.34479580602817
4138	1.78727384762591	2.5373565576517
4139	-1.21476090462747	0.00249228552863225
4140	2.84035551031012	2.638879242297
4141	-1.92544732339913	1.67176223307874
4142	4.74391931814099	2.12038855763405
4143	1.23684306104109	4.12298221527529
4144	3.52394363702012	4.01642728199622
4145	-0.60769795026067	1.41488105214941
4146	1.78293700919429	2.94296848265572
4147	9.12357248076193	4.47495025621863
4148	1.55460162166328	1.31886498012603
4149	2.79747309673443	4.86224225510881
4150	-2.468480763009	0.66814294634309
4151	3.21250437248829	2.04803266679905
4152	2.61992310149195	2.36545389539641
4153	3.39119933659318	3.62652754880921
4154	1.42248703238835	2.93987290189744
4155	0.0224335439709509	2.67864066443125
4156	2.76441723998846	4.44325755632372
4157	4.82227399060934	2.51746229597251
4158	4.30581213615538	5.02630444708549
4159	1.56461070933343	3.90825581212323
4160	8.46238412942214	4.26748223970496
4161	5.14145786889453	3.86941266765721
4162	0.152141180491686	0.49945760308205
4163	5.43955415746924	2.97795168899204
4164	3.0929359640409	1.13506398310296
4165	-0.522200305679872	0.579385572082201
4166	7.93345967206466	3.16078358069527
4167	5.10709505665504	5.08962402612712
4168	1.13808574947018	3.58947553170266
4169	1.36884511637092	1.44571282020638
4170	4.38938467747954	3.5777260826779
4171	6.83347206322215	1.96095907308021
4172	1.16791741174778	0.800281037939558
4173	1.77720762258611	0.714599151219119
4174	3.4975384431208	3.28096446821405
4175	3.04903500163892	3.34096066193828
4176	0.557875387409282	0.497517678688493
4177	3.70938463379437	1.88419743857501
4178	5.7040181250073	1.34989522350938
4179	4.42296419835094	2.09961440225948
4180	2.99732712778944	0.455352433256251
4181	1.77497222628881	3.82004986035009
4182	6.82023048077642	4.38586568610184
4183	1.12114394749595	0.547183126188278
4184	0.0454630274296597	2.66263574725271
4185	1.77970022714975	0.599051304103113
4186	4.54732905591619	4.39727635054042
4187	4.38055630961751	1.25589041458096
4188	0.120842644778862	1.44144479138089
4189	-0.5227724176263	0.2309300709157
4190	0.86190148314876	2.41798220924836
4191	1.37532887078729	1.51187508110213
4192	4.47059296001707	3.29451588765921
4193	3.93126489666456	4.88496164841391
4194	2.09693380443249	0.321612575747278
4195	1.88443942552515	3.8780154755718
4196	0.360592221502674	2.18095163491442
4197	8.22015178402632	4.83257399094371
4198	-1.07473712331055	0.800874748879176
4199	4.91616731797472	3.68623793132672
4200	0.54073987584485	1.11923612639832
4201	3.15404039966274	4.01821461878751
4202	4.13454325062342	3.42761114693697
4203	0.891622595068527	2.31565452543904
4204	3.74131486430693	0.457932353753043
4205	5.44892395740599	4.37178781167495
4206	-1.03127487804221	0.512320517271071
4207	1.30680649322486	0.255917893295379
4208	3.51186265533736	1.82847945661478
4209	3.3768784399137	2.00399406908975
4210	5.0185056028819	5.1467508052009
4211	7.78771488750589	4.34800837403003
4212	5.72034595764889	4.51097071034723
4213	0.635381758969696	1.68320371037006
4214	-0.734022083637422	3.3612480015151
4215	3.63081331629488	1.22442372209694
4216	2.92393732945823	2.73197667978878
4217	1.66190842421557	1.5137166411429
4218	1.9362358523877	-0.00572097619511398
4219	5.36223131359011	3.38378599146354
4220	2.52313131451625	1.1823018677801
4221	2.22972335658098	0.311147698670751
4222	6.29141747376619	4.31384055085609
4223	2.23908737021511	1.87902271709835
4224	1.26796603250535	4.79349839053016
4225	5.63632748342423	4.0087308294547
4226	3.57105796567967	3.35011137509991
4227	5.60806698763597	5.41484389899978
4228	0.764167489781314	3.37075259505783
4229	-0.17444518454006	0.671299990137848
4230	4.79378914027332	3.6036307161511
4231	5.82487841023188	2.81850005776833
4232	2.19702959276348	2.16767874485829
4233	3.81409538082551	2.75500988732021
4234	4.77508431036792	4.45745367958919
4235	-1.71835902529914	0.905721253505741
4236	1.15921044424645	1.78599672986739
4237	0.445980928220179	1.08926664440859
4238	5.23371145125049	4.8910585115012
4239	3.8577850677264	1.47996710382791
4240	5.05870491905393	3.21073371265093
4241	0.745275042797688	0.941324260195312
4242	1.61091547680743	1.90457996283067
4243	2.69633017707296	1.1519032038073
4244	3.7951085274993	2.42543263902679
4245	1.44417112971472	2.55459750322047
4246	-0.151127704060958	1.11631989082394
4247	6.5891767102709	5.35977567384794
4248	4.67368545881144	2.84536729287868
4249	1.38142514367834	1.43231125873559
4250	3.60582611401275	1.65157986416211
4251	3.93049402792093	2.84320931074874
4252	-0.391309647495345	0.718283198880695
4253	4.05365673950385	3.06214738461477
4254	2.27249014564962	4.13294696798965
4255	8.44197312053238	5.09748857071421
4256	9.36400283597614	4.93802009831131
4257	3.36792680397048	3.73700875142911
4258	0.79992516820753	2.61600548696331
4259	3.16740879637863	1.82179161250812
4260	3.28890966910758	3.23535294260347
4261	5.32597997545301	0.43207285754583
4262	4.15989975797296	3.86258176942587
4263	4.62508436734321	2.94599007343225
4264	4.06163627243618	3.64769431005444
4265	0.608230779812249	1.883472655053
4266	4.8294839147249	4.05971648959192
4267	-0.481188747435812	2.83808173208414
4268	4.33324569925033	1.24398258529951
4269	5.80102519021506	5.02232830515487
4270	5.0932953605025	0.640109480274003
4271	4.9165814307334	3.61069954428442
4272	-0.456534962971283	0.838874984801953
4273	5.14135177202561	3.56854029785042
4274	2.12915515192639	3.64004827021335
4275	0.634625729080186	2.85023558505082
4276	1.22970245596479	0.546617981756569
4277	-0.0726205702199358	0.700944352531222
4278	3.66227344242316	3.32864301045263
4279	1.48475845529359	1.18299166985987
4280	-0.942749875683684	0.167601896643016
4281	2.25470562571975	3.08119036403127
4282	1.45455469746355	1.54198970558329
4283	5.9562077797599	3.2732204946361
4284	1.00075348787141	3.68670691522455
4285	2.64536948709188	1.29507701289005
4286	5.4497472115574	4.36619104197118
4287	3.85947233973299	1.5497088658378
4288	4.66148062656714	4.81489875133567
4289	5.26710653607515	4.12911780676436
4290	5.67437130499998	4.69517484147074
4291	3.47718344743641	4.16157474485398
4292	8.06212934832508	5.16254909142258
4293	4.46707568019753	1.93101447295436
4294	2.14281202288332	0.634858609902646
4295	4.50017884441262	1.17416170022319
4296	2.33311989580417	1.07226587098448
4297	0.715168861366957	2.96699212583742
4298	2.39296467924709	3.21732773660673
4299	-1.31444668642128	0.997141337590753
4300	1.42359898546132	2.13794525196732
4301	0.830923077088873	1.86212610531022
4302	3.96504811467462	3.53245668682636
4303	2.55659582756871	3.99189340712703
4304	0.359953177768052	-0.0100305818217231
4305	0.889871125530858	1.97973503314157
4306	8.25532572744072	4.30793749881381
4307	6.65718086356884	4.77235242277803
4308	4.95164025311545	2.84044831736911
4309	1.22392389665647	0.370037635257647
4310	5.77178635818156	2.1721373204939
4311	-1.12849707742495	0.0814465068302829
4312	0.68595546797413	1.43519863543333
4313	6.7242030045847	3.512903968153
4314	2.10976515007462	3.09883832121474
4315	4.69596914872965	4.66799112570274
4316	5.13591868823264	5.41657644471035
4317	1.06661786634053	1.52508630566394
4318	4.82266797955946	4.91742352679324
4319	4.31067057087092	3.01679351825573
4320	1.80473276463716	1.94313071325089
4321	-0.962946644494261	-0.00534719432023666
4322	5.71251618320364	2.74364117207993
4323	2.66474403668948	2.80592848902706
4324	4.60023293070514	4.52822327146179
4325	1.27069285052165	1.30763082518012
4326	4.70195967878535	2.97463100737937
4327	2.78585248912112	2.65735555668365
4328	4.67946097736106	4.33930825336006
4329	3.26473018609395	4.22235096935987
4330	1.77718747762825	2.18902733374898
4331	2.67108769117817	2.30447103086639
4332	4.35982474578546	5.06211651655037
4333	6.84974890775299	5.29214087012768
4334	-0.893561116752308	1.92820461225265
4335	1.0414245237707	0.34488390607195
4336	-0.661454181204971	2.17584077682726
4337	2.03264325827361	2.3818669764112
4338	1.78727384762591	2.57504883091444
4339	-1.21476090462747	0.0320083781013666
4340	2.84035551031012	2.67689897601706
4341	-1.92544732339913	1.70666254004972
4342	4.74391931814099	2.15673590456382
4343	1.23684306104109	4.16578890907171
4344	3.52394363702012	4.05889028386503
4345	-0.60769795026067	1.44895279130545
4346	1.78293700919429	2.98196905333908
4347	9.12357248076193	4.51889221959595
4348	1.55460162166328	1.35262702035158
4349	2.79747309673443	4.90743342515867
4350	-2.468480763009	0.699806088814745
4351	3.21250437248829	2.08414663048855
4352	2.61992310149195	2.40259169825095
4353	3.39119933659318	3.66773293278321
4354	1.42248703238835	2.9788634878144
4355	0.0224335439709509	2.71678864824163
4356	2.76441723998846	4.48709729519784
4357	4.82227399060934	2.55509040048272
4358	4.30581213615538	5.07202479818095
4359	1.56461070933343	3.95036990794097
4360	8.46238412942214	4.31075501696092
4361	5.14145786889453	3.91140147528054
4362	0.152141180491686	0.530576652577436
4363	5.43955415746924	3.01706509767595
4364	3.0929359640409	1.16823317495426
4365	-0.522200305679872	0.61076242848422
4366	7.93345967206466	3.2004867119134
4367	5.10709505665504	5.13554861392479
4368	1.13808574947018	3.63056140474658
4369	1.36884511637092	1.47988400693813
4370	4.38938467747954	3.61877405798533
4371	6.83347206322215	1.99679218171826
4372	1.16791741174778	0.832370390573551
4373	1.77720762258611	0.746412137739394
4374	3.4975384431208	3.32105524174606
4375	3.04903500163892	3.38124495262465
4376	0.557875387409282	0.52863047097613
4377	3.70938463379437	1.91978295328833
4378	5.7040181250073	1.38375735149092
4379	4.42296419835094	2.13589474234794
4380	2.99732712778944	0.486329221944293
4381	1.77497222628881	3.86187944870621
4382	6.82023048077642	4.42952030804239
4383	1.12114394749595	0.578456113906208
4384	0.0454630274296597	2.7007321073544
4385	1.77970022714975	0.630491592137417
4386	4.54732905591619	4.44096777747099
4387	4.38055630961751	1.28944933094208
4388	0.120842644778862	1.4756022116261
4389	-0.5227724176263	0.261182987400582
4390	0.86190148314876	2.45528944168148
4391	1.37532887078729	1.54625967357946
4392	4.47059296001707	3.33465037116623
4393	3.93126489666456	4.93022609965159
4394	2.09693380443249	0.35215798779221
4395	1.88443942552515	3.92003203147055
4396	0.360592221502674	2.21749432747607
4397	8.22015178402632	4.87766946628863
4398	-1.07473712331055	0.832966016522178
4399	4.91616731797472	3.72763591057374
4400	0.54073987584485	1.1523542656478
4401	3.15404039966274	4.05624408008894
4402	4.13454325062342	3.46397755133908
4403	0.891622595068527	2.34888981527908
4404	3.74131486430693	0.485936557387381
4405	5.44892395740599	4.41081288571127
4406	-1.03127487804221	0.540477870378602
4407	1.30680649322486	0.283353252420265
4408	3.51186265533736	1.86034292949471
4409	3.3768784399137	2.0363517666079
4410	5.0185056028819	5.18795806680388
4411	7.78771488750589	4.38696648849073
4412	5.72034595764889	4.5503877039894
4413	0.635381758969696	1.71465810703623
4414	-0.734022083637422	3.39742753656728
4415	3.63081331629488	1.25458625838449
4416	2.92393732945823	2.76638427467633
4417	1.66190842421557	1.5446937858909
4418	1.9362358523877	0.0209776444109945
4419	5.36223131359011	3.420028990348
4420	2.52313131451625	1.21234579480818
4421	2.22972335658098	0.338738577214764
4422	6.29141747376619	4.35270245349824
4423	2.23908737021511	1.91102851274146
4424	1.26796603250535	4.83371094266491
4425	5.63632748342423	4.04673358572977
4426	3.57105796567967	3.38625955096733
4427	5.60806698763597	5.45680607331587
4428	0.764167489781314	3.40695889371811
4429	-0.17444518454006	0.699905007239585
4430	4.79378914027332	3.6404927670791
4431	5.82487841023188	2.85315129040534
4432	2.19702959276348	2.20049735556494
4433	3.81409538082551	2.7894823405036
4434	4.77508431036792	4.49671997674637
4435	-1.71835902529914	0.934986368148336
4436	1.15921044424645	1.81774057732149
4437	0.445980928220179	1.11904859723997
4438	5.23371145125049	4.9315457793124
4439	3.8577850677264	1.51084921459193
4440	5.05870491905393	3.2464894204849
4441	0.745275042797688	0.970689627932807
4442	1.61091547680743	1.93665772410872
4443	2.69633017707296	1.18186153244279
4444	3.7951085274993	2.45897704870424
4445	1.44417112971472	2.5885056231177
4446	-0.151127704060958	1.14617802181926
4447	6.5891767102709	5.40158278373224
4448	4.67368545881144	2.88009417989777
4449	1.38142514367834	1.46305917729494
4450	3.60582611401275	1.68294521249362
4451	3.93049402792093	2.8779301211915
4452	-0.391309647495345	0.747020514137076
4453	4.05365673950385	3.09748469409897
4454	2.27249014564962	4.17129949956413
4455	8.44197312053238	5.13855711674432
4456	9.36400283597614	4.97863960339281
4457	3.36792680397048	3.77424637627829
4458	0.79992516820753	2.65008652316717
4459	3.16740879637863	1.853636253353
4460	3.28890966910758	3.27117797475092
4461	5.32597997545301	0.460004244450111
4462	4.15989975797296	3.90017299035753
4463	4.62508436734321	2.98100030014947
4464	4.06163627243618	3.68468043790941
4465	0.608230779812249	1.91549098109997
4466	4.8294839147249	4.09786281436582
4467	-0.481188747435812	2.87278810398145
4468	4.33324569925033	1.27420019661444
4469	5.80102519021506	5.06318521037325
4470	5.0932953605025	0.6686266692557
4471	4.9165814307334	3.64758150004528
4472	-0.456534962971283	0.867951869686919
4473	5.14135177202561	3.60530353906084
4474	2.12915515192639	3.67701286788789
4475	0.634625729080186	2.88497618050081
4476	1.22970245596479	0.574871911734471
4477	-0.0726205702199358	0.729632844017642
4478	3.66227344242316	3.36473073440325
4479	1.48475845529359	1.21303753927428
4480	-0.942749875683684	0.194788570254604
4481	2.25470562571975	3.11658129588617
4482	1.45455469746355	1.57304646333244
4483	5.9562077797599	3.30915215652189
4484	1.00075348787141	3.7238028971276
4485	2.64536948709188	1.32543849897778
4486	5.4497472115574	4.4052003562856
4487	3.85947233973299	1.58078735966425
4488	4.66148062656714	4.8551715638979
4489	5.26710653607515	4.16745955595557
4490	5.67437130499998	4.73511052822216
4491	3.47718344743641	4.20000788825026
4492	8.06212934832508	5.20380083879334
4493	4.46707568019753	1.96316667012135
4494	2.14281202288332	0.663361013166658
4495	4.50017884441262	1.20418270567619
4496	2.33311989580417	1.10199995201204
4497	0.715168861366957	3.00206149140128
4498	2.39296467924709	3.2531020122913
4499	-1.31444668642128	1.02666387842337
4500	1.42359898546132	2.17068013731026
4501	0.830923077088873	1.89408432245415
4502	3.96504811467462	3.56911832162719
4503	2.55659582756871	4.02984875157217
4504	0.359953177768052	0.0166559035367747
4505	0.889871125530858	2.01202442060225
4506	8.25532572744072	4.34678277928578
4507	6.65718086356884	4.81250543082061
4508	4.95164025311545	2.87516135324009
4509	1.22392389665647	0.397794339639146
4510	5.77178635818156	2.2049684859269
4511	-1.12849707742495	0.108390578895705
4512	0.68595546797413	1.46595468444224
4513	6.7242030045847	3.54951054522857
4514	2.10976515007462	3.13427894725255
4515	4.69596914872965	4.70785026690675
4516	5.13591868823264	5.4585434976332
4517	1.06661786634053	1.55609546579946
4518	4.82266797955946	4.95798503480564
4519	4.31067057087092	3.05200311758591
4520	1.80473276463716	1.97531702805853
4521	-0.962946644494261	0.0213524788034331
4522	5.71251618320364	2.77808161254883
4523	2.66474403668948	2.8405443218821
4524	4.60023293070514	4.56768884590675
4525	1.27069285052165	1.33802766105013
4526	4.70195967878535	3.00972188296689
4527	2.78585248912112	2.69155302890934
4528	4.67946097736106	4.37824186949592
4529	3.26473018609395	4.26095525011699
4530	1.77718747762825	2.22190605910063
4531	2.67108769117817	2.33767482954748
4532	4.35982474578546	5.10308545981564
4533	6.84974890775299	5.33375752984986
4534	-0.893561116752308	1.9603488972443
4535	1.0414245237707	0.372569781064764
4536	-0.661454181204971	2.20868237067611
4537	2.03264325827361	2.41528871126665
4538	1.78727384762591	2.60901453889444
4539	-1.21476090462747	0.0588132393002927
4540	2.84035551031012	2.71115147978236
4541	-1.92544732339913	1.73818299350426
4542	4.74391931814099	2.18952370176036
4543	1.23684306104109	4.20423391896592
4544	3.52394363702012	4.09703428215899
4545	-0.60769795026067	1.47974757009653
4546	1.78293700919429	3.01708059183927
4547	9.12357248076193	4.55833151910194
4548	1.55460162166328	1.38315055922349
4549	2.79747309673443	4.94796680243998
4550	-2.468480763009	0.728491375109497
4551	3.21250437248829	2.11673002642634
4552	2.61992310149195	2.43607179102891
4553	3.39119933659318	3.70477548660141
4554	1.42248703238835	3.01396628147576
4555	0.0224335439709509	2.75115347575335
4556	2.76441723998846	4.52644706463687
4557	4.82227399060934	2.5889999083098
4558	4.30581213615538	5.11302164178361
4559	1.56461070933343	3.98820832801113
4560	8.46238412942214	4.34960823117052
4561	5.14145786889453	3.94913016568625
4562	0.152141180491686	0.558785412412532
4563	5.43955415746924	3.05227546173585
4564	3.0929359640409	1.19823748650803
4565	-0.522200305679872	0.639196980266374
4566	7.93345967206466	3.23621356562427
4567	5.10709505665504	5.17672433172151
4568	1.13808574947018	3.66749928873281
4569	1.36884511637092	1.51076588371291
4570	4.38938467747954	3.65567875044917
4571	6.83347206322215	2.02912959972732
4572	1.16791741174778	0.861428959429532
4573	1.77720762258611	0.775228660159412
4574	3.4975384431208	3.35712159959963
4575	3.04903500163892	3.41748079629859
4576	0.557875387409282	0.556833750635619
4577	3.70938463379437	1.95190352406442
4578	5.7040181250073	1.41436854902799
4579	4.42296419835094	2.16862385374214
4580	2.99732712778944	0.514413387193852
4581	1.77497222628881	3.8994686920008
4582	6.82023048077642	4.46870794872618
4583	1.12114394749595	0.606799695618068
4584	0.0454630274296597	2.73505172188926
4585	1.77970022714975	0.658981698489253
4586	4.54732905591619	4.48018765263005
4587	4.38055630961751	1.31979497026334
4588	0.120842644778862	1.50647203146323
4589	-0.5227724176263	0.288633172295201
4590	0.86190148314876	2.48891792394573
4591	1.37532887078729	1.57732845496218
4592	4.47059296001707	3.37075501100569
4593	3.93126489666456	4.97082365792129
4594	2.09693380443249	0.379864345583328
4595	1.88443942552515	3.95778502431723
4596	0.360592221502674	2.25045321190666
4597	8.22015178402632	4.91811903241828
4598	-1.07473712331055	0.862026262577651
4599	4.91616731797472	3.76484714281198
4600	0.54073987584485	1.18231386441044
4601	3.15404039966274	4.09042391383139
4602	4.13454325062342	3.49669438272794
4603	0.891622595068527	2.37885218410232
4604	3.74131486430693	0.511297104448594
4605	5.44892395740599	4.4458685666812
4606	-1.03127487804221	0.565973144062712
4607	1.30680649322486	0.308213383135833
4608	3.51186265533736	1.88909850170013
4609	3.3768784399137	2.06554211155574
4610	5.0185056028819	5.22493343287136
4611	7.78771488750589	4.42196326467106
4612	5.72034595764889	4.58578815927584
4613	0.635381758969696	1.74305381214164
4614	-0.734022083637422	3.42997997773059
4615	3.63081331629488	1.28184550521524
4616	2.92393732945823	2.79737792814433
4617	1.66190842421557	1.57266964927
4618	1.9362358523877	0.0451896612902943
4619	5.36223131359011	3.45263726107194
4620	2.52313131451625	1.23950070027465
4621	2.22972335658098	0.36373551941063
4622	6.29141747376619	4.3876145914939
4623	2.23908737021511	1.93990928724008
4624	1.26796603250535	4.86981125611467
4625	5.63632748342423	4.0808899268807
4626	3.57105796567967	3.41878440524464
4627	5.60806698763597	5.49444554118075
4628	0.764167489781314	3.43953487900771
4629	-0.17444518454006	0.725794093954032
4630	4.79378914027332	3.67364562205453
4631	5.82487841023188	2.88435927364223
4632	2.19702959276348	2.23009316894856
4633	3.81409538082551	2.82053305025122
4634	4.77508431036792	4.53198786332015
4635	-1.71835902529914	0.961456147114665
4636	1.15921044424645	1.84639091423423
4637	0.445980928220179	1.14597304224143
4638	5.23371145125049	4.9678877619927
4639	3.8577850677264	1.53874147593535
4640	5.05870491905393	3.27866901799024
4641	0.745275042797688	0.997247600221837
4642	1.61091547680743	1.96560180726101
4643	2.69633017707296	1.20894113642686
4644	3.7951085274993	2.48921135233011
4645	1.44417112971472	2.61905988507318
4646	-0.151127704060958	1.17316948126452
4647	6.5891767102709	5.43908584037225
4648	4.67368545881144	2.91136871680404
4649	1.38142514367834	1.49083338885225
4650	3.60582611401275	1.71126258117935
4651	3.93049402792093	2.90919931249267
4652	-0.391309647495345	0.773025984429077
4653	4.05365673950385	3.12929622375848
4654	2.27249014564962	4.20576354040138
4655	8.44197312053238	5.17541045378821
4656	9.36400283597614	5.0150979160903
4657	3.36792680397048	3.80772962616135
4658	0.79992516820753	2.68079290076204
4659	3.16740879637863	1.88237525889037
4660	3.28890966910758	3.30341855732168
4661	5.32597997545301	0.485300734143535
4662	4.15989975797296	3.93396730109552
4663	4.62508436734321	3.01252409289623
4664	4.06163627243618	3.71794244419306
4665	0.608230779812249	1.94438277867923
4666	4.8294839147249	4.13214545369198
4667	-0.481188747435812	2.90404459359694
4668	4.33324569925033	1.30150789331768
4669	5.80102519021506	5.09985236556984
4670	5.0932953605025	0.694438492981499
4671	4.9165814307334	3.68075186543622
4672	-0.456534962971283	0.894256061667895
4673	5.14135177202561	3.63836947046232
4674	2.12915515192639	3.71025593392683
4675	0.634625729080186	2.91626277680606
4676	1.22970245596479	0.60045214474181
4677	-0.0726205702199358	0.755595363710422
4678	3.66227344242316	3.39720240872225
4679	1.48475845529359	1.24019415347108
4680	-0.942749875683684	0.219429930649441
4681	2.25470562571975	3.14843999750628
4682	1.45455469746355	1.60109236280478
4683	5.9562077797599	3.34148654199153
4684	1.00075348787141	3.75716154275711
4685	2.64536948709188	1.35287276328751
4686	5.4497472115574	4.44024217332204
4687	3.85947233973299	1.60885238051016
4688	4.66148062656714	4.89132488885152
4689	5.26710653607515	4.20191411145765
4690	5.67437130499998	4.77096728132976
4691	3.47718344743641	4.23454284385
4692	8.06212934832508	5.24081533929031
4693	4.46707568019753	1.99217623502641
4694	2.14281202288332	0.689159829797041
4695	4.50017884441262	1.23131744687872
4696	2.33311989580417	1.12888228386531
4697	0.715168861366957	3.03363730898969
4698	2.39296467924709	3.28529794405987
4699	-1.31444668642128	1.05336011694261
4700	1.42359898546132	2.2002022969276
4701	0.830923077088873	1.92292324182662
4702	3.96504811467462	3.60209486918592
4703	2.55659582756871	4.06396338421702
4704	0.359953177768052	0.0408572449570308
4705	0.889871125530858	2.04115467273252
4706	8.25532572744072	4.38168029464638
4707	6.65718086356884	4.84855336293152
4708	4.95164025311545	2.9064237051981
4709	1.22392389665647	0.422937159940942
4710	5.77178635818156	2.23457534378784
4711	-1.12849707742495	0.132818521076668
4712	0.68595546797413	1.49373604841078
4713	6.7242030045847	3.58243865813562
4714	2.10976515007462	3.16618136518
4715	4.69596914872965	4.74363968238082
4716	5.13591868823264	5.49618725724131
4717	1.06661786634053	1.58409949333056
4718	4.82266797955946	4.99439232709089
4719	4.31067057087092	3.0837022997629
4720	1.80473276463716	2.00435660648182
4721	-0.962946644494261	0.0455654215895193
4722	5.71251618320364	2.80910416049594
4723	2.66474403668948	2.87172116369241
4724	4.60023293070514	4.60313203805256
4725	1.27069285052165	1.36549302280138
4726	4.70195967878535	3.04131662306797
4727	2.78585248912112	2.7223618360567
4728	4.67946097736106	4.41321709433492
4729	3.26473018609395	4.29564075640553
4730	1.77718747762825	2.25155475574228
4731	2.67108769117817	2.36760949538613
4732	4.35982474578546	5.13985117563656
4733	6.84974890775299	5.37109304619974
4734	-0.893561116752308	1.98935150175543
4735	1.0414245237707	0.397650292276359
4736	-0.661454181204971	2.2382984024847
4737	2.03264325827361	2.44541509702549
4738	1.78727384762591	2.63961946147414
4739	-1.21476090462747	0.0831187167445332
4740	2.84035551031012	2.74200869854571
4741	-1.92544732339913	1.76663680921123
4742	4.74391931814099	2.21909240829164
4743	1.23684306104109	4.2387793136038
4744	3.52394363702012	4.13131487486507
4745	-0.60769795026067	1.50756300491526
4746	1.78293700919429	3.04869350924377
4747	9.12357248076193	4.59375159700698
4748	1.55460162166328	1.41072738245876
4749	2.79747309673443	4.98434934793165
4750	-2.468480763009	0.754451075173583
4751	3.21250437248829	2.14611891979383
4752	2.61992310149195	2.46624951464517
4753	3.39119933659318	3.73808713118488
4754	1.42248703238835	3.04557150598665
4755	0.0224335439709509	2.78210950647283
4756	2.76441723998846	4.5617883823391
4757	4.82227399060934	2.61955539123653
4758	4.30581213615538	5.14981190171921
4759	1.56461070933343	4.02222010149593
4760	8.46238412942214	4.38451272589356
4761	5.14145786889453	3.98304540924629
4762	0.152141180491686	0.584325908941061
4763	5.43955415746924	3.08397531665072
4764	3.0929359640409	1.22535754197497
4765	-0.522200305679872	0.664936107491246
4766	7.93345967206466	3.26836777996323
4767	5.10709505665504	5.21367194849021
4768	1.13808574947018	3.70071885456024
4769	1.36884511637092	1.53865793921443
4770	4.38938467747954	3.68886911747084
4771	6.83347206322215	2.05830210465444
4772	1.16791741174778	0.887717038676468
4773	1.77720762258611	0.801303809526656
4774	3.4975384431208	3.38957447801917
4775	3.04903500163892	3.45008277253566
4776	0.557875387409282	0.582369426216764
4777	3.70938463379437	1.98088526702042
4778	5.7040181250073	1.4420224861813
4779	4.42296419835094	2.19814093397789
4780	2.99732712778944	0.539844277026448
4781	1.77497222628881	3.93326126299814
4782	6.82023048077642	4.50390664067062
4783	1.12114394749595	0.632458795859496
4784	0.0454630274296597	2.76596797844853
4785	1.77970022714975	0.684769697443187
4786	4.54732905591619	4.51541470145947
4787	4.38055630961751	1.3472152940659
4788	0.120842644778862	1.53435348039551
4789	-0.5227724176263	0.313506345340242
4790	0.86190148314876	2.51922618679236
4791	1.37532887078729	1.60538493170594
4792	4.47059296001707	3.40324156634603
4793	3.93126489666456	5.00726266386065
4794	2.09693380443249	0.404962875650525
4795	1.88443942552515	3.99172164689826
4796	0.360592221502674	2.28017242502985
4797	8.22015178402632	4.95442784867544
4798	-1.07473712331055	0.888315817268276
4799	4.91616731797472	3.79830717493747
4800	0.54073987584485	1.20939458573392
4801	3.15404039966274	4.12115550709782
4802	4.13454325062342	3.52613404854828
4803	0.891622595068527	2.40585947804092
4804	3.74131486430693	0.534240686649607
4805	5.44892395740599	4.4773735907415
4806	-1.03127487804221	0.589035698746179
4807	1.30680649322486	0.330715064741248
4808	3.51186265533736	1.91504011473359
4809	3.3768784399137	2.09186765755921
4810	5.0185056028819	5.25813366532234
4811	7.78771488750589	4.4534162719221
4812	5.72034595764889	4.61759764176789
4813	0.635381758969696	1.76867763882135
4814	-0.734022083637422	3.4592744761534
4815	3.63081331629488	1.30646576438
4816	2.92393732945823	2.82529591435493
4817	1.66190842421557	1.59792272805044
4818	1.9362358523877	0.0671190156870641
4819	5.36223131359011	3.48198106067428
4820	2.52313131451625	1.26402881914179
4821	2.22972335658098	0.386358014564911
4822	6.29141747376619	4.41899285765276
4823	2.23908737021511	1.96596146214549
4824	1.26796603250535	4.90223875946455
4825	5.63632748342423	4.11160077464136
4826	3.57105796567967	3.44805454262995
4827	5.60806698763597	5.52823221926318
4828	0.764167489781314	3.46885016844487
4829	-0.17444518454006	0.749204411483726
4830	4.79378914027332	3.70347032542265
4831	5.82487841023188	2.91246652715663
4832	2.19702959276348	2.256776770289
4833	3.81409538082551	2.848501420915
4834	4.77508431036792	4.56368027890662
4835	-1.71835902529914	0.985379254152935
4836	1.15921044424645	1.8722395975724
4837	0.445980928220179	1.17029764933754
4838	5.23371145125049	5.00052867519188
4839	3.8577850677264	1.56392072861143
4840	5.05870491905393	3.30763427090387
4841	0.745275042797688	1.02124858777334
4842	1.61091547680743	1.99170988787775
4843	2.69633017707296	1.23340275912494
4844	3.7951085274993	2.51645878261177
4845	1.44417112971472	2.64658985963552
4846	-0.151127704060958	1.19755326652876
4847	6.5891767102709	5.47275205835773
4848	4.67368545881144	2.93953474159239
4849	1.38142514367834	1.51590839579125
4850	3.60582611401275	1.73681723164047
4851	3.93049402792093	2.9373606167596
4852	-0.391309647495345	0.796539076323931
4853	4.05365673950385	3.15793644851963
4854	2.27249014564962	4.23674610725323
4855	8.44197312053238	5.20850292657332
4856	9.36400283597614	5.04784155635731
4857	3.36792680397048	3.83784608999601
4858	0.79992516820753	2.70845720345381
4859	3.16740879637863	1.90830224246469
4860	3.28890966910758	3.33243766406515
4861	5.32597997545301	0.508187749469336
4862	4.15989975797296	3.96435845215464
4863	4.62508436734321	3.04091022701021
4864	4.06163627243618	3.74786353535612
4865	0.608230779812249	1.97044468769095
4866	4.8294839147249	4.16296783106063
4867	-0.481188747435812	2.93219468143877
4868	4.33324569925033	1.32617093691123
4869	5.80102519021506	5.13278042751999
4870	5.0932953605025	0.71778058220291
4871	4.9165814307334	3.71059203165466
4872	-0.456534962971283	0.918032944490895
4873	5.14135177202561	3.66811741458899
4874	2.12915515192639	3.74016029960623
4875	0.634625729080186	2.94443945083806
4876	1.22970245596479	0.623589724103952
4877	-0.0726205702199358	0.779070527397011
4878	3.66227344242316	3.42642558470142
4879	1.48475845529359	1.26472378125965
4880	-0.942749875683684	0.241738423651262
4881	2.25470562571975	3.17712187821585
4882	1.45455469746355	1.62640728806881
4883	5.9562077797599	3.3705884828735
4884	1.00075348787141	3.7871679728282
4885	2.64536948709188	1.37764757441459
4886	5.4497472115574	4.47173495461586
4887	3.85947233973299	1.63418419120659
4888	4.66148062656714	4.92379920485116
4889	5.26710653607515	4.23288830213374
4890	5.67437130499998	4.8031797048542
4891	3.47718344743641	4.26558803310828
4892	8.06212934832508	5.27405013002031
4893	4.46707568019753	2.01834214034412
4894	2.14281202288332	0.712490432896423
4895	4.50017884441262	1.25582775937257
4896	2.33311989580417	1.15316970227758
4897	0.715168861366957	3.06206938446572
4898	2.39296467924709	3.31427762120385
4899	-1.31444668642128	1.07748320268298
4900	1.42359898546132	2.22682085714084
4901	0.830923077088873	1.94893845589866
4902	3.96504811467462	3.63176388149174
4903	2.55659582756871	4.09463740061948
4904	0.359953177768052	0.0627771722202732
4905	0.889871125530858	2.06742715281977
4906	8.25532572744072	4.41304564805529
4907	6.65718086356884	4.88093461010882
4908	4.95164025311545	2.93457896987452
4909	1.22392389665647	0.445688475071741
4910	5.77178635818156	2.26126869812925
4911	-1.12849707742495	0.154938551737793
4912	0.68595546797413	1.51881737140002
4913	6.7242030045847	3.61206489945362
4914	2.10976515007462	3.19490185026855
4915	4.69596914872965	4.77579264233933
4916	5.13591868823264	5.52997772521571
4917	1.06661786634053	1.60937744291239
4918	4.82266797955946	5.02709091297317
4919	4.31067057087092	3.11224331429666
4920	1.80473276463716	2.03054901571313
4921	-0.962946644494261	0.0674955936229709
4922	5.71251618320364	2.83704766243485
4923	2.66474403668948	2.89980091727586
4924	4.60023293070514	4.63497926000649
4925	1.27069285052165	1.39029529501771
4926	4.70195967878535	3.0697654083691
4927	2.78585248912112	2.75011659079034
4928	4.67946097736106	4.44465107033197
4929	3.26473018609395	4.32681889183878
4930	1.77718747762825	2.27828505648297
4931	2.67108769117817	2.39459232576454
4932	4.35982474578546	5.17286627311018
4933	6.84974890775299	5.40461131507316
4934	-0.893561116752308	2.01551126058682
4935	1.0414245237707	0.420346584376216
4936	-0.661454181204971	2.26499985802617
4937	2.03264325827361	2.47256722872202
4938	1.78727384762591	2.66719417270468
4939	-1.21476090462747	0.105130602976387
4940	2.84035551031012	2.76980620392515
4941	-1.92544732339913	1.79231195137986
4942	4.74391931814099	2.24575207249593
4943	1.23684306104109	4.26983372122037
4944	3.52394363702012	4.16213544493337
4945	-0.60769795026067	1.53267441470947
4946	1.78293700919429	3.07715834630116
4947	9.12357248076193	4.6255784075638
4948	1.55460162166328	1.43562808250744
4949	2.79747309673443	5.01702608076513
4950	-2.468480763009	0.777923748942306
4951	3.21250437248829	2.17261979713022
4952	2.61992310149195	2.49344698105142
4953	3.39119933659318	3.76805205623637
4954	1.42248703238835	3.07402954971225
4955	0.0224335439709509	2.80999426931826
4956	2.76441723998846	4.59354564244889
4957	4.82227399060934	2.6470864439969
4958	4.30581213615538	5.18284867326282
4959	1.56461070933343	4.05280328648474
4960	8.46238412942214	4.41588424253922
4961	5.14145786889453	4.01354335195312
4962	0.152141180491686	0.607428398374976
4963	5.43955415746924	3.11251692525635
4964	3.0929359640409	1.24985488599695
4965	-0.522200305679872	0.688214000913823
4966	7.93345967206466	3.29731061786894
4967	5.10709505665504	5.24684767648252
4968	1.13808574947018	3.73060246800491
4969	1.36884511637092	1.56383701011854
4970	4.38938467747954	3.71872694644671
4971	6.83347206322215	2.08461189674449
4972	1.16791741174778	0.911479692893965
4973	1.77720762258611	0.824878432634707
4974	3.4975384431208	3.41878105598103
4975	3.04903500163892	3.47942101369147
4976	0.557875387409282	0.605467658436582
4977	3.70938463379437	2.00702660372449
4978	5.7040181250073	1.46699128289911
4979	4.42296419835094	2.22475500876262
4980	2.99732712778944	0.562849976528067
4981	1.77497222628881	3.96365087775167
4982	6.82023048077642	4.53553795284155
4983	1.12114394749595	0.65566602018432
4984	0.0454630274296597	2.79381761809058
4985	1.77970022714975	0.708090747821703
4986	4.54732905591619	4.5470710546277
4987	4.38055630961751	1.37197779480689
4988	0.120842644778862	1.55952318500032
4989	-0.5227724176263	0.336019544181679
4990	0.86190148314876	2.54653892793763
4991	1.37532887078729	1.63070919739738
4992	4.47059296001707	3.43247788324724
4993	3.93126489666456	5.03998925498849
4994	2.09693380443249	0.427675079586778
4995	1.88443942552515	4.02223846868886
4996	0.360592221502674	2.30696499646866
4997	8.22015178402632	4.98703947373831
4998	-1.07473712331055	0.912079774399736
4999	4.91616731797472	3.82840313596284
5000	0.54073987584485	1.2338571951163
5001	3.15404039966274	4.148795399532
5002	4.13454325062342	3.55262936591345
5003	0.891622595068527	2.43019985069707
5004	3.74131486430693	0.554980839218659
5005	5.44892395740599	4.50569869936715
5006	-1.03127487804221	0.609881254244572
5007	1.30680649322486	0.351063718231746
5008	3.51186265533736	1.93843635403361
5009	3.3768784399137	2.11560403988117
5010	5.0185056028819	5.28796063325644
5011	7.78771488750589	4.48169529657978
5012	5.72034595764889	4.64619248344363
5013	0.635381758969696	1.79179233728186
5014	-0.734022083637422	3.48564118336748
5015	3.63081331629488	1.3286913584553
5016	2.92393732945823	2.85044310915361
5017	1.66190842421557	1.62070896472024
5018	1.9362358523877	0.0869606194540551
5019	5.36223131359011	3.50839144596109
5020	2.52313131451625	1.28617278209467
5021	2.22972335658098	0.406813702066064
5022	6.29141747376619	4.44720566590564
5023	2.23908737021511	1.98945565304691
5024	1.26796603250535	4.93138113286751
5025	5.63632748342423	4.13922228772401
5026	3.57105796567967	3.47439966733468
5027	5.60806698763597	5.55857874504948
5028	0.764167489781314	3.49523529532854
5029	-0.17444518454006	0.770358065308325
5030	4.79378914027332	3.73030676440357
5031	5.82487841023188	2.93778140214354
5032	2.19702959276348	2.2808303695052
5033	3.81409538082551	2.87369325350597
5034	4.77508431036792	4.59217140588698
5035	-1.71835902529914	1.00698721064673
5036	1.15921044424645	1.89555350638807
5037	0.445980928220179	1.19226131230526
5038	5.23371145125049	5.02986011772077
5039	3.8577850677264	1.58664155950419
5040	5.05870491905393	3.33370928511109
5041	0.745275042797688	1.04292554202245
5042	1.61091547680743	2.01525360809569
5043	2.69633017707296	1.25548781021128
5044	3.7951085274993	2.54101190256442
5045	1.44417112971472	2.6713932979327
5046	-0.151127704060958	1.2195693580257
5047	6.5891767102709	5.50299186327189
5048	4.67368545881144	2.96490168462316
5049	1.38142514367834	1.53853687082296
5050	3.60582611401275	1.75987064386126
5051	3.93049402792093	2.96272337767384
5052	-0.391309647495345	0.817783782456808
5053	4.05365673950385	3.18372350606087
5054	2.27249014564962	4.26460834817123
5055	8.44197312053238	5.23823442550304
5056	9.36400283597614	5.0772640092917
5057	3.36792680397048	3.86494101234387
5058	0.79992516820753	2.73337964892006
5059	3.16740879637863	1.93168552088656
5060	3.28890966910758	3.35856038973728
5061	5.32597997545301	0.528877786967842
5062	4.15989975797296	3.99169673193704
5063	4.62508436734321	3.0664721745262
5064	4.06163627243618	3.77478536850324
5065	0.608230779812249	1.99394750246317
5066	4.8294839147249	4.19068815310436
5067	-0.481188747435812	2.95754750523109
5068	4.33324569925033	1.34843443558457
5069	5.80102519021506	5.16236626769517
5070	5.0932953605025	0.738873789583013
5071	4.9165814307334	3.73744216985143
5072	-0.456534962971283	0.939511354552503
5073	5.14135177202561	3.69488584919834
5074	2.12915515192639	3.76706731491532
5075	0.634625729080186	2.96981582849988
5076	1.22970245596479	0.644501747248832
5077	-0.0726205702199358	0.80028163127016
5078	3.66227344242316	3.45272910424107
5079	1.48475845529359	1.28686908103208
5080	-0.942749875683684	0.261915922902441
5081	2.25470562571975	3.20294584058499
5082	1.45455469746355	1.64924831724531
5083	5.9562077797599	3.39678459493437
5084	1.00075348787141	3.814165411449
5085	2.64536948709188	1.40001009283769
5086	5.4497472115574	4.50004921683885
5087	3.85947233973299	1.65704017992668
5088	4.66148062656714	4.95298305162943
5089	5.26710653607515	4.26074312223104
5090	5.67437130499998	4.83213152962629
5091	3.47718344743641	4.29350575395697
5092	8.06212934832508	5.30390771464632
5093	4.46707568019753	2.0419370899955
5094	2.14281202288332	0.7335734642183
5095	4.50017884441262	1.27795594688002
5096	2.33311989580417	1.17510041816262
5097	0.715168861366957	3.08767203344509
5098	2.39296467924709	3.34036541446806
5099	-1.31444668642128	1.09926832906154
5100	1.42359898546132	2.25081683357577
5101	0.830923077088873	1.9723999015801
5102	3.96504811467462	3.65846238694634
5103	2.55659582756871	4.12222628318988
5104	0.359953177768052	0.0826104240770697
5105	0.889871125530858	2.09111652172399
5106	8.25532572744072	4.44124701633783
5107	6.65718086356884	4.91003600314398
5108	4.95164025311545	2.95993638005118
5109	1.22392389665647	0.466258289828229
5110	5.77178635818156	2.28533093795587
5111	-1.12849707742495	0.174949083952812
5112	0.68595546797413	1.54145144209708
5113	6.7242030045847	3.63872551221813
5114	2.10976515007462	3.22076001394664
5115	4.69596914872965	4.80469178573578
5116	5.13591868823264	5.56032760863318
5117	1.06661786634053	1.63218571371368
5118	4.82266797955946	5.05647345025621
5119	4.31067057087092	3.13794247715528
5120	1.80473276463716	2.05416744634156
5121	-0.962946644494261	0.0873379217700843
5122	5.71251618320364	2.86221746273402
5123	2.66474403668948	2.92509142887033
5124	4.60023293070514	4.66360753672329
5125	1.27069285052165	1.41268214242167
5126	4.70195967878535	3.09538286131388
5127	2.78585248912112	2.77511917167936
5128	4.67946097736106	4.47291323436879
5129	3.26473018609395	4.35485439552261
5130	1.77718747762825	2.30238002874177
5131	2.67108769117817	2.41891102508201
5132	4.35982474578546	5.20252922186493
5133	6.84974890775299	5.43472004539358
5134	-0.893561116752308	2.03910076479695
5135	1.0414245237707	0.440867651821367
5136	-0.661454181204971	2.2890692750605
5137	2.03264325827361	2.49703591948711
5138	1.78727384762591	2.69203724517423
5139	-1.21476090462747	0.125045325308297
5140	2.84035551031012	2.79484665948236
5141	-1.92544732339913	1.81547211247796
5142	4.74391931814099	2.26978446475554
5143	1.23684306104109	4.29775960901614
5144	3.52394363702012	4.18985416581064
5145	-0.60769795026067	1.55533514062387
5146	1.78293700919429	3.10279002019935
5147	9.12357248076193	4.65418860093052
5148	1.55460162166328	1.45810213143603
5149	2.79747309673443	5.04638925747579
5150	-2.468480763009	0.799132646888241
5151	3.21250437248829	2.19651151315384
5152	2.61992310149195	2.51795583582004
5153	3.39119933659318	3.79501272374374
5154	1.42248703238835	3.0996552051005
5155	0.0224335439709509	2.83511203008365
5156	2.76441723998846	4.62209421803055
5157	4.82227399060934	2.67189083751691
5158	4.30581213615538	5.21253082402479
5159	1.56461070933343	4.08031169753031
5160	8.46238412942214	4.44409107110295
5161	5.14145786889453	4.04097624313024
5162	0.152141180491686	0.628309333816637
5163	5.43955415746924	3.13821661442924
5164	3.0929359640409	1.27197158416757
5165	-0.522200305679872	0.709250334426046
5166	7.93345967206466	3.3233657736396
5167	5.10709505665504	5.27665293484418
5168	1.13808574947018	3.757491098001
5169	1.36884511637092	1.58655767997156
5170	4.38938467747954	3.74559273285335
5171	6.83347206322215	2.10833432198505
5172	1.16791741174778	0.932945497211207
5173	1.77720762258611	0.846177651962427
5174	3.4975384431208	3.4450698706107
5175	3.04903500163892	3.50582647450722
5176	0.557875387409282	0.626344822225947
5177	3.70938463379437	2.03059978696573
5178	5.7040181250073	1.48952566164729
5179	4.42296419835094	2.2487470113601
5180	2.99732712778944	0.583645161532448
5181	1.77497222628881	3.99098779645371
5182	6.82023048077642	4.56397494563173
5183	1.12114394749595	0.676639744849829
5184	0.0454630274296597	2.81890426167283
5185	1.77970022714975	0.729165315970067
5186	4.54732905591619	4.57553023233337
5187	4.38055630961751	1.39432940692015
5188	0.120842644778862	1.58223555683886
5189	-0.5227724176263	0.35637840129565
5190	0.86190148314876	2.57114990964285
5191	1.37532887078729	1.65355850166731
5192	4.47059296001707	3.45879304490488
5193	3.93126489666456	5.06939660334429
5194	2.09693380443249	0.448210244024215
5195	1.88443942552515	4.04968808567257
5196	0.360592221502674	2.33111513706436
5197	8.22015178402632	5.01634496862537
5198	-1.07473712331055	0.933546733025484
5199	4.91616731797472	3.85547989397459
5200	0.54073987584485	1.25594312034944
5201	3.15404039966274	4.17366103919751
5202	4.13454325062342	3.57647817422985
5203	0.891622595068527	2.45213422334642
5204	3.74131486430693	0.573716805099093
5205	5.44892395740599	4.53117307962406
5206	-1.03127487804221	0.628710859245536
5207	1.30680649322486	0.36945187945786
5208	3.51186265533736	1.95953196615056
5209	3.3768784399137	2.13700183234195
5210	5.0185056028819	5.31476925332699
5211	7.78771488750589	4.50712873620762
5212	5.72034595764889	4.67190649238775
5213	0.635381758969696	1.81263783076577
5214	-0.734022083637422	3.50937573545291
5215	3.63081331629488	1.34874697870504
5216	2.92393732945823	2.87309425614997
5217	1.66190842421557	1.64126265537286
5218	1.9362358523877	0.104898321755824
5219	5.36223131359011	3.53216480129746
5220	2.52313131451625	1.30615588190727
5221	2.22972335658098	0.425296951452319
5222	6.29141747376619	4.47258027940836
5223	2.23908737021511	2.01063828458415
5224	1.26796603250535	4.95758156462473
5225	5.63632748342423	4.16407159932041
5226	3.57105796567967	3.4981150456912
5227	5.60806698763597	5.585848936166
5228	0.764167489781314	3.5189862113013
5229	-0.17444518454006	0.789461382401379
5230	4.79378914027332	3.75445862243871
5231	5.82487841023188	2.96058151487977
5232	2.19702959276348	2.30250997492107
5233	3.81409538082551	2.89638405636045
5234	4.77508431036792	4.61779327552415
5235	-1.71835902529914	1.02649412660239
5236	1.15921044424645	1.91657597676033
5237	0.445980928220179	1.21208423505118
5238	5.23371145125049	5.05622851697929
5239	3.8577850677264	1.6071371441869
5240	5.05870491905393	3.3571846994591
5241	0.745275042797688	1.06249375503282
5242	1.61091547680743	2.03648024108213
5243	2.69633017707296	1.2754185731922
5244	3.7951085274993	2.56313527821267
5245	1.44417112971472	2.69373905439884
5246	-0.151127704060958	1.23943885785822
5247	6.5891767102709	5.53016724441803
5248	4.67368545881144	2.98774805419368
5249	1.38142514367834	1.55895040729639
5250	3.60582611401275	1.78066169113932
5251	3.93049402792093	2.98556603188543
5252	-0.391309647495345	0.836967989693265
5253	4.05365673950385	3.20694310200686
5254	2.27249014564962	4.28967152045378
5255	8.44197312053238	5.26495823167266
5256	9.36400283597614	5.10371326146753
5257	3.36792680397048	3.88932250493759
5258	0.79992516820753	2.75583113040465
5259	3.16740879637863	1.9527696186629
5260	3.28890966910758	3.38207819056962
5261	5.32597997545301	0.547569231019894
5262	4.15989975797296	4.0162944213318
5263	4.62508436734321	3.0894917845238
5264	4.06163627243618	3.79901309003355
5265	0.608230779812249	2.01513779537836
5266	4.8294839147249	4.21562524579257
5267	-0.481188747435812	2.98038133138294
5268	4.33324569925033	1.36852372997645
5269	5.80102519021506	5.18896067179069
5270	5.0932953605025	0.757923406537589
5271	4.9165814307334	3.76160619816052
5272	-0.456534962971283	0.958903182492552
5273	5.14135177202561	3.71897729269296
5274	2.12915515192639	3.7912818723967
5275	0.634625729080186	2.99267057972125
5276	1.22970245596479	0.663390401576029
5277	-0.0726205702199358	0.81943598652747
5278	3.66227344242316	3.47640752090124
5279	1.48475845529359	1.30685336846449
5280	-0.942749875683684	0.280152032069425
5281	2.25470562571975	3.2261982224853
5282	1.45455469746355	1.66985068512322
5283	5.9562077797599	3.42036759164831
5284	1.00075348787141	3.83846030027826
5285	2.64536948709188	1.42018735558433
5286	5.4497472115574	4.52551396123827
5287	3.85947233973299	1.67765583774362
5288	4.66148062656714	4.97922032800201
5289	5.26710653607515	4.28579970191574
5290	5.67437130499998	4.85816267950184
5291	3.47718344743641	4.31861821416679
5292	8.06212934832508	5.33074353434142
5293	4.46707568019753	2.06320923480141
5294	2.14281202288332	0.752614040844029
5295	4.50017884441262	1.2979250319129
5296	2.33311989580417	1.19489407098346
5297	0.715168861366957	3.11072780229766
5298	2.39296467924709	3.36385218162823
5299	-1.31444668642128	1.1189326413277
5300	1.42359898546132	2.27244524737302
5301	0.830923077088873	1.99355344252547
5302	3.96504811467462	3.68249170593843
5303	2.55659582756871	4.14704660609983
5304	0.359953177768052	0.100540706608532
5305	0.889871125530858	2.11247254783996
5306	8.25532572744072	4.46661146666228
5307	6.65718086356884	4.93620002826978
5308	4.95164025311545	2.98277428071025
5309	1.22392389665647	0.48484292895654
5310	5.77178635818156	2.30701821962103
5311	-1.12849707742495	0.193036860938506
5312	0.68595546797413	1.56186994971492
5313	6.7242030045847	3.66272116764702
5314	2.10976515007462	3.24404278001665
5315	4.69596914872965	4.83067613389801
5316	5.13591868823264	5.58760078264241
5317	1.06661786634053	1.65275897931271
5318	4.82266797955946	5.08288724168622
5319	4.31067057087092	3.16108398816727
5320	1.80473276463716	2.07546045145994
5321	-0.962946644494261	0.105276267605368
5322	5.71251618320364	2.88488869227645
5323	2.66474403668948	2.94786989736332
5324	4.60023293070514	4.68935124909083
5325	1.27069285052165	1.4328810188406
5326	4.70195967878535	3.11845178189107
5327	2.78585248912112	2.79764184483346
5328	4.67946097736106	4.49833169515574
5329	3.26473018609395	4.38007149306239
5330	1.77718747762825	2.32409638963823
5331	2.67108769117817	2.44082614331039
5332	4.35982474578546	5.22919212860664
5333	6.84974890775299	5.46177898091758
5334	-0.893561116752308	2.06036807191635
5335	1.0414245237707	0.459408984227652
5336	-0.661454181204971	2.31076293289966
5337	2.03264325827361	2.51908428891951
5338	1.78727384762591	2.71441821232253
5339	-1.21476090462747	0.143047985559111
5340	2.84035551031012	2.81740298018916
5341	-1.92544732339913	1.83635799460597
5342	4.74391931814099	2.29144523008058
5343	1.23684306104109	4.32287932467652
5344	3.52394363702012	4.21478983603534
5345	-0.60769795026067	1.57577732852389
5346	1.78293700919429	3.12587157455797
5347	9.12357248076193	4.6799162481943
5348	1.55460162166328	1.47837847699291
5349	2.79747309673443	5.07278584912793
5350	-2.468480763009	0.818285042417432
5351	3.21250437248829	2.21804730283446
5352	2.61992310149195	2.54003988663238
5353	3.39119933659318	3.81927494540951
5354	1.42248703238835	3.12273141266294
5355	0.0224335439709509	2.85773702811992
5356	2.76441723998846	4.64776712454625
5357	4.82227399060934	2.69423744259537
5358	4.30581213615538	5.23921078967634
5359	1.56461070933343	4.10506053018037
5360	8.46238412942214	4.46946037229759
5361	5.14145786889453	4.06565798453237
5362	0.152141180491686	0.647170370076607
5363	5.43955415746924	3.16135859301462
5364	3.0929359640409	1.2919304621654
5365	-0.522200305679872	0.728249425090673
5366	7.93345967206466	3.34682354591119
5367	5.10709505665504	5.30344226830398
5368	1.13808574947018	3.78168932211714
5369	1.36884511637092	1.60705312158786
5370	4.38938467747954	3.7697706629071
5371	6.83347206322215	2.12971971508619
5372	1.16791741174778	0.952326126308649
5373	1.77720762258611	0.865410288285761
5374	3.4975384431208	3.46873522354629
5375	3.04903500163892	3.52959545498283
5376	0.557875387409282	0.645202507780143
5377	3.70938463379437	2.05185259466673
5378	5.7040181250073	1.50985560373403
5379	4.42296419835094	2.27037189483191
5380	2.99732712778944	0.602430017788861
5381	1.77497222628881	4.01558427667556
5382	6.82023048077642	4.58954872288673
5383	1.12114394749595	0.695583214315118
5384	0.0454630274296597	2.84150161545215
5385	1.77970022714975	0.748198373980045
5386	4.54732905591619	4.60112371849009
5387	4.38055630961751	1.41449698058825
5388	0.120842644778862	1.60272362656537
5389	-0.5227724176263	0.374775627339357
5390	0.86190148314876	2.59332468920993
5391	1.37532887078729	1.67416822107213
5392	4.47059296001707	3.48248180432968
5393	3.93126489666456	5.09583243673316
5394	2.09693380443249	0.466764100085849
5395	1.88443942552515	4.0743846861477
5396	0.360592221502674	2.35288050907067
5397	8.22015178402632	5.04269031620616
5398	-1.07473712331055	0.952928387601383
5399	4.91616731797472	3.8798452495172
5400	0.54073987584485	1.2758746599154
5401	3.15404039966274	4.19603562684488
5402	4.13454325062342	3.59794731193303
5403	0.891622595068527	2.47189862833324
5404	3.74131486430693	0.590633149556603
5405	5.44892395740599	4.55408972779599
5406	-1.03127487804221	0.645710585806215
5407	1.30680649322486	0.386058516995816
5408	3.51186265533736	1.97854948653562
5409	3.3768784399137	2.1562884329198
5410	5.0185056028819	5.3388739917027
5411	7.78771488750589	4.53000892829436
5412	5.72034595764889	4.69503652086278
5413	0.635381758969696	1.83143262994685
5414	-0.734022083637422	3.53074313229411
5415	3.63081331629488	1.36683842557857
5416	2.92393732945823	2.89349692164385
5417	1.66190842421557	1.65979761514444
5418	1.9362358523877	0.121103842620638
5419	5.36223131359011	3.5535667509693
5420	2.52313131451625	1.32418275206824
5421	2.22972335658098	0.441988261408535
5422	6.29141747376619	4.49540808905059
5423	2.23908737021511	2.02973329247913
5424	1.26796603250535	4.98114473425866
5425	5.63632748342423	4.18643164743841
5426	3.57105796567967	3.51946536905037
5427	5.60806698763597	5.61036468613982
5428	0.764167489781314	3.54036817956665
5429	-0.17444518454006	0.80670483925098
5430	4.79378914027332	3.77619761448024
5431	5.82487841023188	2.98111682874349
5432	2.19702959276348	2.32204751930065
5433	3.81409538082551	2.9168220338995
5434	4.77508431036792	4.64084125742339
5435	-1.71835902529914	1.04409697300852
5436	1.15921044424645	1.93552836718189
5437	0.445980928220179	1.22996847357887
5438	5.23371145125049	5.07994125533454
5439	3.8577850677264	1.62562036278503
5440	5.05870491905393	3.37832134392422
5441	0.745275042797688	1.08015118415299
5442	1.61091547680743	2.05561443060713
5443	2.69633017707296	1.29339883937959
5444	3.7951085274993	2.5830679832376
5445	1.44417112971472	2.7138697811501
5446	-0.151127704060958	1.25736457152384
5447	6.5891767102709	5.55459856969108
5448	4.67368545881144	3.00832455802273
5449	1.38142514367834	1.57736056506042
5450	3.60582611401275	1.79940800802872
5451	3.93049402792093	3.00613922732756
5452	-0.391309647495345	0.85428347616301
5453	4.05365673950385	3.22785194983881
5454	2.27249014564962	4.31222200344232
5455	8.44197312053238	5.28898744647022
5456	9.36400283597614	5.12749799629449
5457	3.36792680397048	3.91126597788781
5458	0.79992516820753	2.77605600129508
5459	3.16740879637863	1.97177688596215
5460	3.28890966910758	3.4032525785995
5461	5.32597997545301	0.564445930469352
5462	4.15989975797296	4.03843040937473
5463	4.62508436734321	3.11022255241559
5464	4.06163627243618	3.82081963565467
5465	0.608230779812249	2.03423962544129
5466	4.8294839147249	4.23806345966022
5467	-0.481188747435812	3.00094666577103
5468	4.33324569925033	1.38664516240278
5469	5.80102519021506	5.21287465892451
5470	5.0932953605025	0.775119045440359
5471	4.9165814307334	3.78335602737173
5472	-0.456534962971283	0.976403547363856
5473	5.14135177202561	3.74066248786602
5474	2.12915515192639	3.81307669592901
5475	0.634625729080186	3.0132545470941
5476	1.22970245596479	0.680442709333371
5477	-0.0726205702199358	0.836724890936311
5478	3.66227344242316	3.49772493126464
5479	1.48475845529359	1.32488129615607
5480	-0.942749875683684	0.296623272986721
5481	2.25470562571975	3.24713626497233
5482	1.45455469746355	1.68842899012699
5483	5.9562077797599	3.44160003415046
5484	1.00075348787141	3.86032665584438
5485	2.64536948709188	1.43838712051093
5486	5.4497472115574	4.54842202904273
5487	3.85947233973299	1.69624597693658
5488	4.66148062656714	5.00281630637552
5489	5.26710653607515	4.30834431444469
5490	5.67437130499998	4.88157511000833
5491	3.47718344743641	4.34121258619459
5492	8.06212934832508	5.35487249295637
5493	4.46707568019753	2.08238395088417
5494	2.14281202288332	0.769801629675116
5495	4.50017884441262	1.31593942244141
5496	2.33311989580417	1.21275224574742
5497	0.715168861366957	3.13149076828527
5498	2.39296467924709	3.38499893534415
5499	-1.31444668642128	1.13667564320865
5500	1.42359898546132	2.29193720754802
5501	0.830923077088873	2.01262254634618
5502	3.96504811467462	3.70412158158639
5503	2.55659582756871	4.1693808408865
5504	0.359953177768052	0.116739620447888
5505	0.889871125530858	2.13172195706389
5506	8.25532572744072	4.48943022637779
5507	6.65718086356884	4.95973077917231
5508	4.95164025311545	3.00334324329325
5509	1.22392389665647	0.501624522651909
5510	5.77178635818156	2.32656259941091
5511	-1.12849707742495	0.209376017645982
5512	0.68595546797413	1.58028453409543
5513	6.7242030045847	3.6843210671623
5514	2.10976515007462	3.26500787846019
5515	4.69596914872965	4.85404688924495
5516	5.13591868823264	5.61211918876964
5517	1.06661786634053	1.67131136983537
5518	4.82266797955946	5.1066404000572
5519	4.31067057087092	3.18192330431219
5520	1.80473276463716	2.09465374286374
5521	-0.962946644494261	0.121482361512492
5522	5.71251618320364	2.90530924051975
5523	2.66474403668948	2.96838593784523
5524	4.60023293070514	4.71250772734349
5525	1.27069285052165	1.45110002992672
5526	4.70195967878535	3.13922645899315
5527	2.78585248912112	2.81793010921903
5528	4.67946097736106	4.52119854914991
5529	3.26473018609395	4.40275904068382
5530	1.77718747762825	2.34366666338622
5531	2.67108769117817	2.46057340296194
5532	4.35982474578546	5.25316711476181
5533	6.84974890775299	5.48610661575844
5534	-0.893561116752308	2.07953848022183
5535	1.0414245237707	0.476152014921324
5536	-0.661454181204971	2.33031299043187
5537	2.03264325827361	2.53895020373974
5538	1.78727384762591	2.73458029285751
5539	-1.21476090462747	0.15931134902623
5540	2.84035551031012	2.83772120645066
5541	-1.92544732339913	1.85518875835048
5542	4.74391931814099	2.31096599807023
5543	1.23684306104109	4.34548015740924
5544	3.52394363702012	4.23722678325293
5545	-0.60769795026067	1.59421299930207
5546	1.78293700919429	3.14665750156565
5547	9.12357248076193	4.70305842107831
5548	1.55460162166328	1.49666647142293
5549	2.79747309673443	5.09652369174578
5550	-2.468480763009	0.835572201762338
5551	3.21250437248829	2.23745678472897
5552	2.61992310149195	2.55993757437492
5553	3.39119933659318	3.84111221209933
5554	1.42248703238835	3.14351257855041
5555	0.0224335439709509	2.87811640895164
5556	2.76441723998846	4.67086055285984
5557	4.82227399060934	2.71436892500389
5558	4.30581213615538	5.26320096614697
5559	1.56461070933343	4.12733110558843
5560	8.46238412942214	4.49228345152996
5561	5.14145786889453	4.08786881771598
5562	0.152141180491686	0.664198084987307
5563	5.43955415746924	3.182198325516
5564	3.0929359640409	1.30993576371436
5565	-0.522200305679872	0.745400072238955
5566	7.93345967206466	3.36794448077302
5567	5.10709505665504	5.32752983268065
5568	1.13808574947018	3.80346960140409
5569	1.36884511637092	1.62553621279074
5570	4.38938467747954	3.79153287109732
5571	6.83347206322215	2.14899527450219
5572	1.16791741174778	0.969816519033222
5573	1.77720762258611	0.882768899029801
5574	3.4975384431208	3.49004100115594
5575	3.04903500163892	3.55099350900627
5576	0.557875387409282	0.662227239013796
5577	3.70938463379437	2.0710100917873
5578	5.7040181250073	1.52819132385131
5579	4.42296419835094	2.28986071138533
5580	2.99732712778944	0.619389897281203
5581	1.77497222628881	4.03771918799563
5582	6.82023048077642	4.61255388033452
5583	1.12114394749595	0.71268433288437
5584	0.0454630274296597	2.86185638011626
5585	1.77970022714975	0.765379267767537
5586	4.54732905591619	4.62414642597111
5587	4.38055630961751	1.43268811775603
5588	0.120842644778862	1.62120015337859
5589	-0.5227724176263	0.391390336755301
5590	0.86190148314876	2.61330316748474
5591	1.37532887078729	1.6927530723332
5592	4.47059296001707	3.50380842453467
5593	3.93126489666456	5.11960522263671
5594	2.09693380443249	0.483518282622004
5595	1.88443942552515	4.09660875077506
5596	0.360592221502674	2.37249442536245
5597	8.22015178402632	5.06638252791228
5598	-1.07473712331055	0.970419693475824
5599	4.91616731797472	3.90177435303236
5600	0.54073987584485	1.29385561762246
5601	3.15404039966274	4.216172227881
5602	4.13454325062342	3.6172760669111
5603	0.891622595068527	2.48970641397025
5604	3.74131486430693	0.605899884209507
5605	5.44892395740599	4.57470995739802
5606	-1.03127487804221	0.661051714304731
5607	1.30680649322486	0.401048929897613
5608	3.51186265533736	1.99569089874664
5609	3.3768784399137	2.17366991955399
5610	5.0185056028819	5.36055424013174
5611	7.78771488750589	4.55059663163151
5612	5.72034595764889	4.71584712922383
5613	0.635381758969696	1.84837532940976
5614	-0.734022083637422	3.54998111366859
5615	3.63081331629488	1.38315359130234
5616	2.92393732945823	2.91187416585552
5617	1.66190842421557	1.67650848484798
5618	1.9362358523877	0.135736377623936
5619	5.36223131359011	3.57283556051735
5620	2.52313131451625	1.34044030219104
5621	2.22972335658098	0.457054219380225
5622	6.29141747376619	4.51594905656146
5623	2.23908737021511	2.04694383935612
5624	1.26796603250535	5.00234179289236
5625	5.63632748342423	4.20655527624834
5626	3.57105796567967	3.53868811739596
5627	5.60806698763597	5.63241164075896
5628	0.764167489781314	3.55961916162399
5629	-0.17444518454006	0.822263424887134
5630	4.79378914027332	3.79576713457722
5631	5.82487841023188	2.99961242236076
5632	2.19702959276348	2.33965289899741
5633	3.81409538082551	2.93523078365896
5634	4.77508431036792	4.66157866350169
5635	-1.71835902529914	1.059976207443
5636	1.15921044424645	1.95261167017925
5637	0.445980928220179	1.24609876718856
5638	5.23371145125049	5.10127175977902
5639	3.8577850677264	1.64228506880688
5640	5.05870491905393	3.39735344710676
5641	0.745275042797688	1.09607911750304
5642	1.61091547680743	2.07285993549098
5643	2.69633017707296	1.30961480925095
5644	3.7951085274993	2.60102592684108
5645	1.44417112971472	2.73200440052904
5646	-0.151127704060958	1.2735318694173
5647	6.5891767102709	5.57657020025484
5648	4.67368545881144	3.02685690149165
5649	1.38142514367834	1.59396008591415
5650	3.60582611401275	1.8163074513973
5651	3.93049402792093	3.02466861904045
5652	-0.391309647495345	0.869906326914062
5653	4.05365673950385	3.24668081195504
5654	2.27249014564962	4.33251553900466
5655	8.44197312053238	5.31060031246106
5656	9.36400283597614	5.14889273627871
5657	3.36792680397048	3.93101793666855
5658	0.79992516820753	2.79427461645116
5659	3.16740879637863	1.98890915032906
5660	3.28890966910758	3.42231835674133
5661	5.32597997545301	0.579677293687664
5662	4.15989975797296	4.0583541308904
5663	4.62508436734321	3.12889253089766
5664	4.06163627243618	3.84044942732528
5665	0.608230779812249	2.05145625908377
5666	4.8294839147249	4.25825682826432
5667	-0.481188747435812	3.01946904382008
5668	4.33324569925033	1.40298708135659
5669	5.80102519021506	5.23438471833336
5670	5.0932953605025	0.790634967713286
5671	4.9165814307334	3.8029352164348
5672	-0.456534962971283	0.992191347363488
5673	5.14135177202561	3.760184010182
5674	2.12915515192639	3.83269602910514
5675	0.634625729080186	3.0317935495666
5676	1.22970245596479	0.695830750985647
5677	-0.0726205702199358	0.852324025066411
5678	3.66227344242316	3.51691831450389
5679	1.48475845529359	1.34113978981191
5680	-0.942749875683684	0.311492884482567
5681	2.25470562571975	3.26599117467648
5682	1.45455469746355	1.70517853261988
5683	5.9562077797599	3.4607176087244
5684	1.00075348787141	3.88000981018691
5685	2.64536948709188	1.45479892803444
5686	5.4497472115574	4.56903460320662
5687	3.85947233973299	1.71300607794035
5688	4.66148062656714	5.02404263709775
5689	5.26710653607515	4.32863261235952
5690	5.67437130499998	4.90263767859023
5691	3.47718344743641	4.36154527973312
5692	8.06212934832508	5.37657435077962
5693	4.46707568019753	2.09966561372478
5694	2.14281202288332	0.785310369641922
5695	4.50017884441262	1.33218583818626
5696	2.33311989580417	1.22885928516296
5697	0.715168861366957	3.15018947403708
5698	2.39296467924709	3.40404005804065
5699	-1.31444668642128	1.15267992491778
5700	1.42359898546132	2.30950191683534
5701	0.830923077088873	2.0298099815046
5702	3.96504811467462	3.72359374760104
5703	2.55659582756871	4.18948143893907
5704	0.359953177768052	0.131366260636673
5705	0.889871125530858	2.14907026142351
5706	8.25532572744072	4.50996311950788
5707	6.65718086356884	4.98089891368432
5708	4.95164025311545	3.0218688584323
5709	1.22392389665647	0.516771032136413
5710	5.77178635818156	2.34417407768807
5711	-1.12849707742495	0.224127783082064
5712	0.68595546797413	1.59688800439409
5713	6.7242030045847	3.7037664883516
5714	2.10976515007462	3.28388692759684
5715	4.69596914872965	4.87507227508297
5716	5.13591868823264	5.63416851321944
5717	1.06661786634053	1.68803779132468
5718	4.82266797955946	5.12800696740122
5719	4.31067057087092	3.20069012997943
5720	1.80473276463716	2.11195197868002
5721	-0.962946644494261	0.136115407786428
5722	5.71251618320364	2.92370243979191
5723	2.66474403668948	2.98686433567422
5724	4.60023293070514	4.73334193430182
5725	1.27069285052165	1.46752900895067
5726	4.70195967878535	3.15793561344809
5727	2.78585248912112	2.83620528430477
5728	4.67946097736106	4.54177435218758
5729	3.26473018609395	4.42317486585928
5730	1.77718747762825	2.36130124435627
5731	2.67108769117817	2.47836589146232
5732	4.35982474578546	5.27473159774124
5733	6.84974890775299	5.50798573330429
5734	-0.893561116752308	2.09681629964635
5735	1.0414245237707	0.49126411834163
5736	-0.661454181204971	2.34792953441341
5737	2.03264325827361	2.55684855685571
5738	1.78727384762591	2.75274288620756
5739	-1.21476090462747	0.173995491430422
5740	2.84035551031012	2.85602311364181
5741	-1.92544732339913	1.87216354554059
5742	4.74391931814099	2.32855640980487
5743	1.23684306104109	4.36581861521452
5744	3.52394363702012	4.25741902174677
5745	-0.60769795026067	1.61083528296897
5746	1.78293700919429	3.16537669323132
5747	9.12357248076193	4.72387986472957
5748	1.55460162166328	1.51315699766194
5749	2.79747309673443	5.11787659431367
5750	-2.468480763009	0.851169778939423
5751	3.21250437248829	2.25494790656486
5752	2.61992310149195	2.57786427541914
5753	3.39119933659318	3.86076941323018
5754	1.42248703238835	3.16222752232559
5755	0.0224335439709509	2.89647287849469
5756	2.76441723998846	4.69163850641061
5757	4.82227399060934	2.73250421858325
5758	4.30581213615538	5.28477900198654
5759	1.56461070933343	4.14737490648905
5760	8.46238412942214	4.51282019855023
5761	5.14145786889453	4.10785931636524
5762	0.152141180491686	0.679564184803543
5763	5.43955415746924	3.20096552265814
5764	3.0929359640409	1.32617407023534
5765	-0.522200305679872	0.760875852688757
5766	7.93345967206466	3.38696256778474
5767	5.10709505665504	5.34919475839911
5768	1.13808574947018	3.8230759581464
5769	1.36884511637092	1.64220080515004
5770	4.38938467747954	3.81112310473493
5771	6.83347206322215	2.16636691016767
5772	1.16791741174778	0.985595421843696
5773	1.77720762258611	0.898430225430688
5774	3.4975384431208	3.50922400560582
5775	3.04903500163892	3.57025884284124
5776	0.557875387409282	0.677590676781451
5777	3.70938463379437	2.08827639180104
5778	5.7040181250073	1.54472443113919
5779	4.42296419835094	2.30742261592091
5780	2.99732712778944	0.634695474066134
5781	1.77497222628881	4.05764194885487
5782	6.82023048077642	4.63325307826613
5783	1.12114394749595	0.728115923738063
5784	0.0454630274296597	2.88019088701622
5785	1.77970022714975	0.780882034389696
5786	4.54732905591619	4.64486128211248
5787	4.38055630961751	1.44909222755867
5788	0.120842644778862	1.6378588889632
5789	-0.5227724176263	0.406387951418891
5790	0.86190148314876	2.63130195016466
5791	1.37532887078729	1.709508455423
5792	4.47059296001707	3.5230100248314
5793	3.93126489666456	5.14098930174371
5794	2.09693380443249	0.498640335760731
5795	1.88443942552515	4.1166110545713
5796	0.360592221502674	2.39016794438444
5797	8.22015178402632	5.08769471839839
5798	-1.07473712331055	0.986199411002258
5799	4.91616731797472	3.92151349134574
5800	0.54073987584485	1.31007220447043
5801	3.15404039966274	4.23429729035475
5802	4.13454325062342	3.63467918718785
5803	0.891622595068527	2.50575030009998
5804	3.74131486430693	0.619672926888486
5805	5.44892395740599	4.5932672208659
5806	-1.03127487804221	0.674891240016967
5807	1.30680649322486	0.414575034029226
5808	3.51186265533736	2.01113927154759
5809	3.3768784399137	2.18933283800354
5810	5.0185056028819	5.38005880329021
5811	7.78771488750589	4.56912482757731
5812	5.72034595764889	4.73457452716
5813	0.635381758969696	1.86364611996405
5814	-0.734022083637422	3.56730311292711
5815	3.63081331629488	1.39786357812205
5816	2.92393732945823	2.92842695608943
5817	1.66190842421557	1.6915720977053
5818	1.9362358523877	0.14894265949025
5819	5.36223131359011	3.59018510977643
5820	2.52313131451625	1.35509880007528
5821	2.22972335658098	0.470647835351732
5822	6.29141747376619	4.53443548642477
5823	2.23908737021511	2.06245399525564
5824	1.26796603250535	5.02141454716975
5825	5.63632748342423	4.22466874592247
5826	3.57105796567967	3.55599650345896
5827	5.60806698763597	5.65224391570098
5828	0.764167489781314	3.5769527791128
5829	-0.17444518454006	0.836297284014918
5830	4.79378914027332	3.81338541775187
5831	5.82487841023188	3.01627097708906
5832	2.19702959276348	2.35551590241102
5833	3.81409538082551	2.95181172923778
5834	4.77508431036792	4.68024064326035
5835	-1.71835902529914	1.07429661856373
5836	1.15921044424645	1.96800811292129
5837	0.445980928220179	1.26064354062524
5838	5.23371145125049	5.12046376965077
5839	3.8577850677264	1.6573074268862
5840	5.05870491905393	3.41449146062602
5841	0.745275042797688	1.11044304904668
5842	1.61091547680743	2.0884013320706
5843	2.69633017707296	1.32423614839959
5844	3.7951085274993	2.61720400360172
5845	1.44417112971472	2.74834036590746
5846	-0.151127704060958	1.28810971221623
5847	6.5891767102709	5.59633516086949
5848	4.67368545881144	3.0435482982056
5849	1.38142514367834	1.60892419041531
5850	3.60582611401275	1.83153958557705
5851	3.93049402792093	3.04135737787902
5852	-0.391309647495345	0.883997617402409
5853	4.05365673950385	3.26363719643685
5854	2.27249014564962	4.35078084807058
5855	8.44197312053238	5.33004465842222
5856	9.36400283597614	5.1681421510808
5857	3.36792680397048	3.94879925855938
5858	0.79992516820753	2.81068564575455
5859	3.16740879637863	2.00434934803944
5860	3.28890966910758	3.43948646432845
5861	5.32597997545301	0.593418726221436
5862	4.15989975797296	4.07628895079609
5863	4.62508436734321	3.14570692694149
5864	4.06163627243618	3.8581215729801
5865	0.608230779812249	2.0669718545009
5866	4.8294839147249	4.27643262181774
5867	-0.481188747435812	3.03615153480621
5868	4.33324569925033	1.41772097655026
5869	5.80102519021506	5.25373718984774
5870	5.0932953605025	0.804630700168455
5871	4.9165814307334	3.82056214040748
5872	-0.456534962971283	1.00643004690549
5873	5.14135177202561	3.77775939951182
5874	2.12915515192639	3.85035882838957
5875	0.634625729080186	3.04849089718622
5876	1.22970245596479	0.709712201251399
5877	-0.0726205702199358	0.866394120886214
5878	3.66227344242316	3.53420045805549
5879	1.48475845529359	1.3557991308968
5880	-0.942749875683684	0.324911032857581
5881	2.25470562571975	3.28297083692594
5882	1.45455469746355	1.72027670592127
5883	5.9562077797599	3.47793200487061
5884	1.00075348787141	3.89772964409151
5885	2.64536948709188	1.46959528006264
5886	5.4497472115574	4.58758502529207
5887	3.85947233973299	1.72811368699311
5888	4.66148062656714	5.04314155075995
5889	5.26710653607515	4.34689324073323
5890	5.67437130499998	4.9215902440736
5891	3.47718344743641	4.37984558283668
5892	8.06212934832508	5.39609822545589
5893	4.46707568019753	2.11523932333544
5894	2.14281202288332	0.799299683535277
5895	4.50017884441262	1.346834385688
5896	2.33311989580417	1.24338327718487
5897	0.715168861366957	3.16702954258129
5898	2.39296467924709	3.42118613196654
5899	-1.31444668642128	1.16711208617121
5900	1.42359898546132	2.32532857460554
5901	0.830923077088873	2.0452994833145
5902	3.96504811467462	3.74112502902655
5903	2.55659582756871	4.20757432687562
5904	0.359953177768052	0.14456727452489
5905	0.889871125530858	2.16470352609935
5906	8.25532572744072	4.52844233359518
5907	6.65718086356884	4.999945819542
5908	4.95164025311545	3.03855424228626
5909	1.22392389665647	0.530436634021019
5910	5.77178635818156	2.36004253117782
5911	-1.12849707742495	0.237440616784258
5912	0.68595546797413	1.61185563836837
5913	6.7242030045847	3.72127386891409
5914	2.10976515007462	3.30088816236592
5915	4.69596914872965	4.89399161172089
5916	5.13591868823264	5.65400290599165
5917	1.06661786634053	1.70311530223877
5918	4.82266797955946	5.14723120535487
5919	4.31067057087092	3.21759107477712
5920	1.80473276463716	2.12754049894716
5921	-0.962946644494261	0.149322146556437
5922	5.71251618320364	2.94026948847433
5923	2.66474403668948	3.00350752316141
5924	4.60023293070514	4.75209042143314
5925	1.27069285052165	1.48234070651484
5926	4.70195967878535	3.17478501961252
5927	2.78585248912112	2.85266685912914
5928	4.67946097736106	4.56029191327509
5929	3.26473018609395	4.4415494606376
5930	1.77718747762825	2.37719034386972
5931	2.67108769117817	2.49439610710579
5932	4.35982474578546	5.29413270559136
5933	6.84974890775299	5.52766801845034
5934	-0.893561116752308	2.11238657453793
5935	1.0414245237707	0.504898972796909
5936	-0.661454181204971	2.36380251493616
5937	2.03264325827361	2.5729733797977
5938	1.78727384762591	2.76910385089119
5939	-1.21476090462747	0.187247892925608
5940	2.84035551031012	2.87250857796187
5941	-1.92544732339913	1.88746301171201
5942	4.74391931814099	2.34440603690334
5943	1.23684306104109	4.38412406963045
5944	3.52394363702012	4.27559380536238
5945	-0.60769795026067	1.62581972975588
5946	1.78293700919429	3.18223506928041
5947	9.12357248076193	4.74261694576458
5948	1.55460162166328	1.52802369769994
5949	2.79747309673443	5.1370886205614
5950	-2.468480763009	0.865238483367798
5951	3.21250437248829	2.27070880194654
5952	2.61992310149195	2.59401443185802
5953	3.39119933659318	3.87846605370768
5954	1.42248703238835	3.17908210219178
5955	0.0224335439709509	2.91300710317424
5956	2.76441723998846	4.71033672194843
5957	4.82227399060934	2.7488407864697
5958	4.30581213615538	5.30419222152742
5959	1.56461070933343	4.16541703690781
5960	8.46238412942214	4.53130285671692
5961	5.14145786889453	4.12585381252984
5962	0.152141180491686	0.693426026460504
5963	5.43955415746924	3.21786679942922
5964	3.0929359640409	1.3408153708231
5965	-0.522200305679872	0.774835711878606
5966	7.93345967206466	3.40408805556959
5967	5.10709505665504	5.36868562821684
5968	1.13808574947018	3.840727160871
5969	1.36884511637092	1.65722306165334
5970	4.38938467747954	3.8287598988361
5971	6.83347206322215	2.18202102517017
5972	1.16791741174778	0.99982617029622
5973	1.77720762258611	0.912555900186801
5974	3.4975384431208	3.52649687401653
5975	3.04903500163892	3.58760528598387
5976	0.557875387409282	0.691450139463875
5977	3.70938463379437	2.1038363722205
5978	5.7040181250073	1.5596291842885
5979	4.42296419835094	2.32324676718804
5980	2.99732712778944	0.648503228524483
5981	1.77497222628881	4.07557591025737
5982	6.82023048077642	4.6518809128147
5983	1.12114394749595	0.742036292317316
5984	0.0454630274296597	2.89670548449248
5985	1.77970022714975	0.794866010125471
5986	4.54732905591619	4.66350310982503
5987	4.38055630961751	1.46388170041791
5988	0.120842644778862	1.65287591148319
5989	-0.5227724176263	0.419920491499134
5990	0.86190148314876	2.64751652330015
5991	1.37532887078729	1.72461184825022
5992	4.47059296001707	3.5402995116639
5993	3.93126489666456	5.16022918931343
5994	2.09693380443249	0.512284081912027
5995	1.88443942552515	4.13461610055993
5996	0.360592221502674	2.40609184139735
5997	8.22015178402632	5.10687036176168
5998	-1.07473712331055	1.00043088753636
5999	4.91616731797472	3.9392833560582
6000	0.54073987584485	1.32469409498829
6001	3.15404039966274	4.25061367641251
6002	4.13454325062342	3.65034952088448
6003	0.891622595068527	2.52020428097272
6004	3.74131486430693	0.632094773084525
6005	5.44892395740599	4.60997037538504
6006	-1.03127487804221	0.687372580616837
6007	1.30680649322486	0.426775899609031
6008	3.51186265533736	2.02506033885227
6009	3.3768784399137	2.20344589813455
6010	5.0185056028819	5.39760967831153
6011	7.78771488750589	4.58580197012299
6012	5.72034595764889	4.75142993178365
6013	0.635381758969696	1.8774082722888
6014	-0.734022083637422	3.58290085296517
6015	3.63081331629488	1.41112387783538
6016	2.92393732945823	2.94333634558001
6017	1.66190842421557	1.7051488506437
6018	1.9362358523877	0.160857322198836
6019	5.36223131359011	3.60580750378676
6020	2.52313131451625	1.36831302331813
6021	2.22972335658098	0.482909115994887
6022	6.29141747376619	4.55107525329643
6023	2.23908737021511	2.07643035108186
6024	1.26796603250535	5.03857900462421
6025	5.63632748342423	4.24097475780401
6026	3.57105796567967	3.57158206130687
6027	5.60806698763597	5.67008805377358
6028	0.764167489781314	3.59256091608448
6029	-0.17444518454006	0.848952529897623
6030	4.79378914027332	3.82924829663951
6031	5.82487841023188	3.03127501321702
6032	2.19702959276348	2.3698080147764
6033	3.81409538082551	2.96674631441178
6034	4.77508431036792	4.69703750639935
6035	-1.71835902529914	1.08720829438278
6036	1.15921044424645	1.9818827090025
6037	0.445980928220179	1.27375599401981
6038	5.23371145125049	5.13773494667176
6039	3.8577850677264	1.67084726170728
6040	5.05870491905393	3.42992455532022
6041	0.745275042797688	1.12339367046568
6042	1.61091547680743	2.10240564458812
6043	2.69633017707296	1.33741711899566
6044	3.7951085274993	2.63177806912154
6045	1.44417112971472	2.76305572295276
6046	-0.151127704060958	1.30125175875503
6047	6.5891767102709	5.61411906062895
6048	4.67368545881144	3.05858172400278
6049	1.38142514367834	1.62241189521564
6050	3.60582611401275	1.84526714504638
6051	3.93049402792093	3.05638844309162
6052	-0.391309647495345	0.896704257518958
6053	4.05365673950385	3.2789077547549
6054	2.27249014564962	4.36722273814013
6055	8.44197312053238	5.3475416462173
6056	9.36400283597614	5.18546469868372
6057	3.36792680397048	3.96480803769772
6058	0.79992516820753	2.82546817608071
6059	3.16740879637863	2.01826309961084
6060	3.28890966910758	3.45494648963243
6061	5.32597997545301	0.605812285098862
6062	4.15989975797296	4.09243509239273
6063	4.62508436734321	3.16085042250301
6064	4.06163627243618	3.87403265237829
6065	0.608230779812249	2.08095307804811
6066	4.8294839147249	4.29279440615523
6067	-0.481188747435812	3.05117699103671
6068	4.33324569925033	1.43100267141339
6069	5.80102519021506	5.27115196094526
6070	5.0932953605025	0.817251827215931
6071	4.9165814307334	3.83643275178116
6072	-0.456534962971283	1.01926860058459
6073	5.14135177202561	3.79358389351234
6074	2.12915515192639	3.86626154389841
6075	0.634625729080186	3.06352964833586
6076	1.22970245596479	0.722231059337988
6077	-0.0726205702199358	0.879081794296408
6078	3.66227344242316	3.54976253197835
6079	1.48475845529359	1.3690141087039
6080	-0.942749875683684	0.337015290881079
6081	2.25470562571975	3.29826222607618
6082	1.45455469746355	1.73388438634471
6083	5.9562077797599	3.49343345292703
6084	1.00075348787141	3.91368339879875
6085	2.64536948709188	1.48293286636082
6086	5.4497472115574	4.604282057588
6087	3.85947233973299	1.74172981129124
6088	4.66148062656714	5.06032941775108
6089	5.26710653607515	4.36333094214023
6090	5.67437130499998	4.9386471468589
6091	3.47718344743641	4.39631878840592
6092	8.06212934832508	5.41366638198774
6093	4.46707568019753	2.12927255217076
6094	2.14281202288332	0.811915066733684
6095	4.50017884441262	1.36003970452253
6096	2.33311989580417	1.25647713368604
6097	0.715168861366957	3.18219601197583
6098	2.39296467924709	3.43662643976556
6099	-1.31444668642128	1.18012376506169
6100	1.42359898546132	2.3395881619449
6101	0.830923077088873	2.05925735618817
6102	3.96504811467462	3.75691005170119
6103	2.55659582756871	4.22386192055109
6104	0.359953177768052	0.156477223019923
6105	0.889871125530858	2.17879004963144
6106	8.25532572744072	4.54507564320594
6107	6.65718086356884	5.01708714573658
6108	4.95164025311545	3.05358228728924
6109	1.22392389665647	0.542762333490666
6110	5.77178635818156	2.37433952071283
6111	-1.12849707742495	0.249450630707162
6112	0.68595546797413	1.62534650162716
6113	6.7242030045847	3.73703750316035
6114	2.10976515007462	3.31619885635426
6115	4.69596914872965	4.91101877864348
6116	5.13591868823264	5.67184893927025
6117	1.06661786634053	1.71670449228423
6118	4.82266797955946	5.16453122267429
6119	4.31067057087092	3.23281202117474
6120	1.80473276463716	2.14158698155768
6121	-0.962946644494261	0.161237218139461
6122	5.71251618320364	2.95519163757968
6123	2.66474403668948	3.01849780743715
6124	4.60023293070514	4.76896469837701
6125	1.27069285052165	1.49569202524173
6126	4.70195967878535	3.18995984506606
6127	2.78585248912112	2.86749462168208
6128	4.67946097736106	4.57695953888806
6129	3.26473018609395	4.45808914841565
6130	1.77718747762825	2.39150580913923
6131	2.67108769117817	2.50883785452001
6132	4.35982474578546	5.31159100042204
6133	6.84974890775299	5.5453779335031
6134	-0.893561116752308	2.12641672970839
6135	1.0414245237707	0.517197156976
6136	-0.661454181204971	2.37810355562701
6137	2.03264325827361	2.5874997894866
6138	1.78727384762591	2.78384157933993
6139	-1.21476090462747	0.199203827214177
6140	2.84035551031012	2.88735771877078
6141	-1.92544732339913	1.90125082530193
6142	4.74391931814099	2.35868617905834
6143	1.23684306104109	4.4006018850113
6144	3.52394363702012	4.2919546859257
6145	-0.60769795026067	1.63932563848138
6146	1.78293700919429	3.19741792171337
6147	9.12357248076193	4.75948101560948
6148	1.55460162166328	1.54142423709605
6149	2.79747309673443	5.1543777098571
6150	-2.468480763009	0.877924911648228
6151	3.21250437248829	2.28490953977334
6152	2.61992310149195	2.60856351201216
6153	3.39119933659318	3.89439905305749
6154	1.42248703238835	3.19426155749277
6155	0.0224335439709509	2.92789987870281
6156	2.76441723998846	4.72716601179802
6157	4.82227399060934	2.76355668268799
6158	4.30581213615538	5.32166135488014
6159	1.56461070933343	4.18165920864459
6160	8.46238412942214	4.54793924836891
6161	5.14145786889453	4.14205335727722
6162	0.152141180491686	0.705927337175488
6163	5.43955415746924	3.23308804290354
6164	3.0929359640409	1.35401420453194
6165	-0.522200305679872	0.787424736622245
6166	7.93345967206466	3.41950994122196
6167	5.10709505665504	5.38622424932759
6168	1.13808574947018	3.85661949883868
6169	1.36884511637092	1.67076280557596
6170	4.38938467747954	3.84463934280033
6171	6.83347206322215	2.1961262072636
6172	1.16791741174778	1.01265760869636
6173	1.77720762258611	0.925293310131554
6174	3.4975384431208	3.54205064779196
6175	3.04903500163892	3.60322490038957
6176	0.557875387409282	0.703949321279726
6177	3.70938463379437	2.11785731506337
6178	5.7040181250073	1.57306377669123
6179	4.42296419835094	2.3375041115054
6180	2.99732712778944	0.660956137632641
6181	1.77497222628881	4.09172128359581
6182	6.82023048077642	4.66864722005367
6183	1.12114394749595	0.754589977663529
6184	0.0454630274296597	2.91158069600959
6185	1.77970022714975	0.807476616308041
6186	4.54732905591619	4.6802819392807
6187	4.38055630961751	1.47721313067844
6188	0.120842644778862	1.66641097161355
6189	-0.5227724176263	0.432127116487138
6190	0.86190148314876	2.66212324873271
6191	1.37532887078729	1.7382241995282
6192	4.47059296001707	3.55586815694937
6193	3.93126489666456	5.17754321117704
6194	2.09693380443249	0.524590223101015
6195	1.88443942552515	4.15082508614447
6196	0.360592221502674	2.42043844628827
6197	8.22015178402632	5.12412689270509
6198	-1.07473712331055	1.01326297748287
6199	4.91616731797472	3.95528188238522
6200	0.54073987584485	1.33787555899421
6201	3.15404039966274	4.26530329135282
6202	4.13454325062342	3.66446034100611
6203	0.891622595068527	2.53322537717329
6204	3.74131486430693	0.64329529081108
6205	5.44892395740599	4.62500649409958
6206	-1.03127487804221	0.698626399058241
6207	1.30680649322486	0.437778441995809
6208	3.51186265533736	2.03760400066739
6209	3.3768784399137	2.21616156528514
6210	5.0185056028819	5.41340526524241
6211	7.78771488750589	4.60081478485109
6212	5.72034595764889	4.76660245054398
6213	0.635381758969696	1.88980956303227
6214	-0.734022083637422	3.59694663682041
6215	3.63081331629488	1.42307556153659
6216	2.92393732945823	2.95676543990002
6217	1.66190842421557	1.71738404307896
6218	1.9362358523877	0.171603456980094
6219	5.36223131359011	3.61987537500251
6220	2.52313131451625	1.38022342735846
6221	2.22972335658098	0.493965783910403
6222	6.29141747376619	4.56605458336018
6223	2.23908737021511	2.08902354558462
6224	1.26796603250535	5.05402840214536
6225	5.63632748342423	4.25565507857591
6226	3.57105796567967	3.58561693120381
6227	5.60806698763597	5.68614637348713
6228	0.764167489781314	3.60661601449637
6229	-0.17444518454006	0.860362149142033
6230	4.79378914027332	3.84353161695712
6231	5.82487841023188	3.04478890094793
6232	2.19702959276348	2.38268409385606
6233	3.81409538082551	2.9801979814084
6234	4.77508431036792	4.71215757815997
6235	-1.71835902529914	1.09884764782128
6236	1.15921044424645	1.99438473749968
6237	0.445980928220179	1.28557522300308
6238	5.23371145125049	5.15327995367579
6239	3.8577850677264	1.68304937940074
6240	5.05870491905393	3.44382283430174
6241	0.745275042797688	1.13506791505667
6242	1.61091547680743	2.11502388533953
6243	2.69633017707296	1.34929773216946
6244	3.7951085274993	2.64490674850843
6245	1.44417112971472	2.7763109846537
6246	-0.151127704060958	1.31309750007627
6247	6.5891767102709	5.63012341316332
6248	4.67368545881144	3.07212194177951
6249	1.38142514367834	1.63456730990525
6250	3.60582611401275	1.85763744423765
6251	3.93049402792093	3.06992654603337
6252	-0.391309647495345	0.908159920579706
6253	4.05365673950385	3.29266041827546
6254	2.27249014564962	4.38202479144631
6255	8.44197312053238	5.36328895587343
6256	9.36400283597614	5.20105572831447
6257	3.36792680397048	3.97922206926142
6258	0.79992516820753	2.83878361796092
6259	3.16740879637863	2.03080020730005
6260	3.28890966910758	3.46886889560171
6261	5.32597997545301	0.616987460369552
6262	4.15989975797296	4.10697218624042
6263	4.62508436734321	3.17448925118672
6264	4.06163627243618	3.88835915527281
6265	0.608230779812249	2.09355063351581
6266	4.8294839147249	4.30752469316899
6267	-0.481188747435812	3.06471006892172
6268	4.33324569925033	1.44297352291367
6269	5.80102519021506	5.28682561310638
6270	5.0932953605025	0.828630879580257
6271	4.9165814307334	3.85072299959124
6272	-0.456534962971283	1.03084244429308
6273	5.14135177202561	3.80783282501704
6274	2.12915515192639	3.88058055362966
6275	0.634625729080186	3.07707463706708
6276	1.22970245596479	0.733518489492977
6277	-0.0726205702199358	0.890520465187438
6278	3.66227344242316	3.56377636275375
6279	1.48475845529359	1.38092518875425
6280	-0.942749875683684	0.347931283080284
6281	2.25470562571975	3.31203355182673
6282	1.45455469746355	1.74614728654666
6283	5.9562077797599	3.50739296931635
6284	1.00075348787141	3.928048134272
6285	2.64536948709188	1.49495379069569
6286	5.4497472115574	4.61931269143586
6287	3.85947233973299	1.75400027631488
6288	4.66148062656714	5.07579978774961
6289	5.26710653607515	4.37812924284626
6290	5.67437130499998	4.95400018673323
6291	3.47718344743641	4.41114889709903
6292	8.06212934832508	5.4294774513305
6293	4.46707568019753	2.141916698895
6294	2.14281202288332	0.823288973214673
6295	4.50017884441262	1.37194213115157
6296	2.33311989580417	1.26827970181301
6297	0.715168861366957	3.19585542279238
6298	2.39296467924709	3.45053118092869
6299	-1.31444668642128	1.1918527107114
6300	1.42359898546132	2.35243510202954
6301	0.830923077088873	2.07183399191364
6302	3.96504811467462	3.77112362105837
6303	2.55659582756871	4.23852574055172
6304	0.359953177768052	0.16721913436274
6305	0.889871125530858	2.19148194278647
6306	8.25532572744072	4.56004918824454
6307	6.65718086356884	5.03251582008702
6308	4.95164025311545	3.06711768444151
6309	1.22392389665647	0.553876713884679
6310	5.77178635818156	2.3872199692224
6311	-1.12849707742495	0.260282190125995
6312	0.68595546797413	1.63750474596264
6313	6.7242030045847	3.75123191074013
6314	2.10976515007462	3.32998747720493
6315	4.69596914872965	4.92634517831912
6316	5.13591868823264	5.68790895688862
6317	1.06661786634053	1.72895082705648
6318	4.82266797955946	5.18010206754581
6319	4.31067057087092	3.24652023764393
6320	1.80473276463716	2.15424300226749
6321	-0.962946644494261	0.171983719229119
6322	5.71251618320364	2.9686321631696
6323	2.66474403668948	3.03199937495797
6324	4.60023293070514	4.78415412474703
6325	1.27069285052165	1.50772525238526
6326	4.70195967878535	3.20362674203071
6327	2.78585248912112	2.8808505868698
6328	4.67946097736106	4.59196382744758
6329	3.26473018609395	4.47297881816033
6330	1.77718747762825	2.40440280995949
6331	2.67108769117817	2.52184799083122
6332	4.35982474578546	5.32730364526048
6333	6.84974890775299	5.5613160035386
6334	-0.893561116752308	2.13905812275288
6335	1.0414245237707	0.528286886569912
6336	-0.661454181204971	2.39098763354521
6337	2.03264325827361	2.60058577427212
6338	1.78727384762591	2.7971168834603
6339	-1.21476090462747	0.209986936980887
6340	2.84035551031012	2.9007328366225
6341	-1.92544732339913	1.91367510583419
6342	4.74391931814099	2.37155153409121
6343	1.23684306104109	4.41543612360972
6344	3.52394363702012	4.30668416325307
6345	-0.60769795026067	1.65149736196917
6346	1.78293700919429	3.21109201000551
6347	9.12357248076193	4.77466129749469
6348	1.55460162166328	1.55350156077112
6349	2.79747309673443	5.16993876437123
6350	-2.468480763009	0.889362467034232
6351	3.21250437248829	2.29770375689774
6352	2.61992310149195	2.62166980714497
6353	3.39119933659318	3.9087451939182
6354	1.42248703238835	3.20793260231272
6355	0.0224335439709509	2.94131408866405
6356	2.76441723998846	4.74231513447341
6357	4.82227399060934	2.7768124274311
6358	4.30581213615538	5.33738370989189
6359	1.56461070933343	4.19628233537583
6360	8.46238412942214	4.56291555459159
6361	5.14145786889453	4.15663829471904
6362	0.152141180491686	0.717199046735092
6363	5.43955415746924	3.24679652552213
6364	3.0929359640409	1.36591082117192
6365	-0.522200305679872	0.798775028706062
6366	7.93345967206466	3.43339817808349
6367	5.10709505665504	5.40200885804622
6368	1.13808574947018	3.8709292113869
6369	1.36884511637092	1.68296484183399
6370	4.38938467747954	3.85893750368054
6371	6.83347206322215	2.20883481652291
6372	1.16791741174778	1.02422507786489
6373	1.77720762258611	0.936776539715091
6374	3.4975384431208	3.55605704251014
6375	3.04903500163892	3.61729028137257
6376	0.557875387409282	0.715219123570104
6377	3.70938463379437	2.13049045483336
6378	5.7040181250073	1.58517160827089
6379	4.42296419835094	2.35034904207875
6380	2.99732712778944	0.672184484454281
6381	1.77497222628881	4.10625768916514
6382	6.82023048077642	4.6837399169486
6383	1.12114394749595	0.765908609372188
6384	0.0454630274296597	2.92497917046788
6385	1.77970022714975	0.81884624308636
6386	4.54732905591619	4.69538585476188
6387	4.38055630961751	1.48922853985244
6388	0.120842644778862	1.67860881168741
6389	-0.5227724176263	0.443134818696594
6390	0.86190148314876	2.67528118795891
6391	1.37532887078729	1.75049128432348
6392	4.47059296001707	3.56988787497302
6393	3.93126489666456	5.19312660264402
6394	2.09693380443249	0.535687081337088
6395	1.88443942552515	4.16541848158129
6396	0.360592221502674	2.43336334492704
6397	8.22015178402632	5.13965877836736
6398	-1.07473712331055	1.02483103036827
6399	4.91616731797472	3.96968672851067
6400	0.54073987584485	1.34975661421122
6401	3.15404039966274	4.27852937670454
6402	4.13454325062342	3.67716740019291
6403	0.891622595068527	2.54495524166293
6404	3.74131486430693	0.653392576996969
6405	5.44892395740599	4.63854330186841
6406	-1.03127487804221	0.708771481915287
6407	1.30680649322486	0.447698196562486
6408	3.51186265533736	2.04890573254409
6409	3.3768784399137	2.22761754054262
6410	5.0185056028819	5.42762311552056
6411	7.78771488750589	4.61433069509575
6412	5.72034595764889	4.78026157314766
6413	0.635381758969696	1.90098362564012
6414	-0.734022083637422	3.60959537564422
6415	3.63081331629488	1.4338464453126
6416	2.92393732945823	2.96886117100142
6417	1.66190842421557	1.72840915935015
6418	1.9362358523877	0.181293281609853
6419	5.36223131359011	3.6325439203582
6420	2.52313131451625	1.39095729417547
6421	2.22972335658098	0.503934074788564
6422	6.29141747376619	4.57954046670004
6423	2.23908737021511	2.10036969520672
6424	1.26796603250535	5.0679358119084
6425	5.63632748342423	4.26887282951201
6426	3.57105796567967	3.59825588308803
6427	5.60806698763597	5.70059982571643
6428	0.764167489781314	3.61927310601869
6429	-0.17444518454006	0.870646944191839
6430	4.79378914027332	3.85639336328397
6431	5.82487841023188	3.05696066935557
6432	2.19702959276348	2.39428391626915
6433	3.81409538082551	2.99231395424211
6434	4.77508431036792	4.72576966964962
6435	-1.71835902529914	1.10933845379906
6436	1.15921044424645	2.00564913528033
6437	0.445980928220179	1.29622732986186
6438	5.23371145125049	5.16727309990644
6439	3.8577850677264	1.69404483635946
6440	5.05870491905393	3.45633930019144
6441	0.745275042797688	1.14559000918784
6442	1.61091547680743	2.12639249483509
6443	2.69633017707296	1.36000488444324
6444	3.7951085274993	2.65673308671691
6445	1.44417112971472	2.78825083378329
6446	-0.151127704060958	1.32377338150362
6447	6.5891767102709	5.64452847107888
6448	4.67368545881144	3.08431732128777
6449	1.38142514367834	1.64552088659795
6450	3.60582611401275	1.86878371560417
6451	3.93049402792093	3.08212002909293
6452	-0.391309647495345	0.918486004778343
6453	4.05365673950385	3.30504630553555
6454	2.27249014564962	4.39535170433129
6455	8.44197312053238	5.37746351418014
6456	9.36400283597614	5.21509014469245
6457	3.36792680397048	3.99220102907148
6458	0.79992516820753	2.85077743282525
6459	3.16740879637863	2.04209606185593
6460	3.28890966910758	3.48140699703052
6461	5.32597997545301	0.62706202106231
6462	4.15989975797296	4.12006150043385
6463	4.62508436734321	3.18677305864771
6464	4.06163627243618	3.90125962497201
6465	0.608230779812249	2.10490069377227
6466	4.8294839147249	4.32078725063418
6467	-0.481188747435812	3.07689904583185
6468	4.33324569925033	1.45376159514564
6469	5.80102519021506	5.30093412008382
6470	5.0932953605025	0.838888264207523
6471	4.9165814307334	3.86359095805013
6472	-0.456534962971283	1.041274505336
6473	5.14135177202561	3.8206637336565
6474	2.12915515192639	3.89347430393942
6475	0.634625729080186	3.0892742948621
6476	1.22970245596479	0.743693713184453
6477	-0.0726205702199358	0.90083131189535
6478	3.66227344242316	3.57639644809977
6479	1.48475845529359	1.39165966177381
6480	-0.942749875683684	0.357773424975806
6481	2.25470562571975	3.32443617418075
6482	1.45455469746355	1.75719724937042
6483	5.9562077797599	3.51996434899569
6484	1.00075348787141	3.94098288850187
6485	2.64536948709188	1.50578676504229
6486	5.4497472115574	4.63284458072714
6487	3.85947233973299	1.76505702278678
6488	4.66148062656714	5.08972600428864
6489	5.26710653607515	4.3914527906395
6490	5.67437130499998	4.96782118912309
6491	3.47718344743641	4.42450096826015
6492	8.06212934832508	5.44370918524514
6493	4.46707568019753	2.15330853920965
6494	2.14281202288332	0.833541743342972
6495	4.50017884441262	1.38266884433649
6496	2.33311989580417	1.27891686828175
6497	0.715168861366957	3.20815768699336
6498	2.39296467924709	3.46305344168946
6499	-1.31444668642128	1.20242385725252
6500	1.42359898546132	2.36400879445606
6501	0.830923077088873	2.08316529268362
6502	3.96504811467462	3.78392281918623
6503	2.55659582756871	4.25172869465178
6504	0.359953177768052	0.176905171683098
6505	0.889871125530858	2.20291659904569
6506	8.25532572744072	4.57352988394395
6507	6.65718086356884	5.04640464663633
6508	4.95164025311545	3.07930874112216
6509	1.22392389665647	0.563896757621392
6510	5.77178635818156	2.3988237098607
6511	-1.12849707742495	0.270048618105678
6512	0.68595546797413	1.64846086010072
6513	6.7242030045847	3.76401392581189
6514	2.10976515007462	3.34240560869828
6515	4.69596914872965	4.9401422914831
6516	5.13591868823264	5.70236393169033
6517	1.06661786634053	1.73998593506267
6518	4.82266797955946	5.19411838352305
6519	4.31067057087092	3.25886626763185
6520	1.80473276463716	2.16564549041277
6521	-0.962946644494261	0.181673872340815
6522	5.71251618320364	2.98073814510256
6523	2.66474403668948	3.04416009538939
6524	4.60023293070514	4.79782840901341
6525	1.27069285052165	1.51856925910359
6526	4.70195967878535	3.21593571933038
6527	2.78585248912112	2.89288074044382
6528	4.67946097736106	4.60547209196972
6529	3.26473018609395	4.48638429986207
6530	1.77718747762825	2.41602139365108
6531	2.67108769117817	2.53356802719323
6532	4.35982474578546	5.34144711837638
6533	6.84974890775299	5.5756616235496
6534	-0.893561116752308	2.15044749374371
6535	1.0414245237707	0.538284825046134
6536	-0.661454181204971	2.40259462880498
6537	2.03264325827361	2.61237382669349
6538	1.78727384762591	2.80907470534944
6539	-1.21476090462747	0.219709918412118
6540	2.84035551031012	2.9127801650803
6541	-1.92544732339913	1.92486978421384
6542	4.74391931814099	2.38314173986522
6543	1.23684306104109	4.42879189820571
6544	3.52394363702012	4.31994599464331
6545	-0.60769795026067	1.66246556334872
6546	1.78293700919429	3.2234074360276
6547	9.12357248076193	4.78832738157212
6548	1.55460162166328	1.56438511043787
6549	2.79747309673443	5.18394630098229
6550	-2.468480763009	0.8996723134286
6551	3.21250437248829	2.30923017074648
6552	2.61992310149195	2.63347607258642
6553	3.39119933659318	3.92166327368913
6554	1.42248703238835	3.22024529914368
6555	0.0224335439709509	2.95339647242474
6556	2.76441723998846	4.75595327696488
6557	4.82227399060934	2.78875270972201
6558	4.30581213615538	5.35153589047
6559	1.56461070933343	4.20944879835525
6560	8.46238412942214	4.57639872634424
6561	5.14145786889453	4.16977051198688
6562	0.152141180491686	0.727360173202354
6563	5.43955415746924	3.25914279417581
6564	3.0929359640409	1.37663232433035
6565	-0.522200305679872	0.809006622953712
6566	7.93345967206466	3.44590563884243
6567	5.10709505665504	5.41621686376597
6568	1.13808574947018	3.8838146245777
6569	1.36884511637092	1.69396022576663
6570	4.38938467747954	3.87181255807449
6571	6.83347206322215	2.22028446271502
6572	1.16791741174778	1.03465142262817
6573	1.77720762258611	0.947127343807794
6574	3.4975384431208	3.56867045967576
6575	3.04903500163892	3.62995659364682
6576	0.557875387409282	0.725378539720341
6577	3.70938463379437	2.14187242481562
6578	5.7040181250073	1.59608251547472
6579	4.42296419835094	2.36192093250411
6580	2.99732712778944	0.682306725992274
6581	1.77497222628881	4.11934638615455
6582	6.82023048077642	4.69732746041
6583	1.12114394749595	0.776111812620872
6584	0.0454630274296597	2.93704744363621
6585	1.77970022714975	0.829095175451098
6586	4.54732905591619	4.70898345833373
6587	4.38055630961751	1.50005656855562
6588	0.120842644778862	1.68960043275053
6589	-0.5227724176263	0.453059200262149
6590	0.86190148314876	2.68713376451937
6591	1.37532887078729	1.76154499962283
6592	4.47059296001707	3.58251323962662
6593	3.93126489666456	5.20715416960538
6594	2.09693380443249	0.545691412323545
6595	1.88443942552515	4.17855828343793
6596	0.360592221502674	2.44500694559751
6597	8.22015178402632	5.15364015821816
6598	-1.07473712331055	1.03525789857151
6599	4.91616731797472	3.98265745140734
6600	0.54073987584485	1.36046416288108
6601	3.15404039966274	4.29043852024742
6602	4.13454325062342	3.68861075247946
6603	0.891622595068527	2.55552162709036
6604	3.74131486430693	0.662493832628382
6605	5.44892395740599	4.650731297991
6606	-1.03127487804221	0.717915631861111
6607	1.30680649322486	0.456640129443837
6608	3.51186265533736	2.05908789759664
6609	3.3768784399137	2.2379381287094
6610	5.0185056028819	5.44042230172848
6611	7.78771488750589	4.6264999370886
6612	5.72034595764889	4.79255933865075
6613	0.635381758969696	1.91105121606591
6614	-0.734022083637422	3.62098638930706
6615	3.63081331629488	1.44355220971248
6616	2.92393732945823	2.97975589723372
6617	1.66190842421557	1.73834308040441
6618	1.9362358523877	0.190028867756838
6619	5.36223131359011	3.64395270905819
6620	2.52313131451625	1.40062983833135
6621	2.22972335658098	0.512919565762033
6622	6.29141747376619	4.59168276155485
6623	2.23908737021511	2.11059172221391
6624	1.26796603250535	5.08045639852476
6625	5.63632748342423	4.28077449347449
6626	3.57105796567967	3.60963811362741
6627	5.60806698763597	5.71361044891197
6628	0.764167489781314	3.63067161566957
6629	-0.17444518454006	0.879916476482882
6630	4.79378914027332	3.86797553692899
6631	5.82487841023188	3.06792363398275
6632	2.19702959276348	2.40473359763366
6633	3.81409538082551	3.00322684607482
6634	4.77508431036792	4.7380252278746
6635	-1.71835902529914	1.1187928671143
6636	1.15921044424645	2.01579779547962
6637	0.445980928220179	1.30582649992558
6638	5.23371145125049	5.17987062926608
6639	3.8577850677264	1.7039521401652
6640	5.05870491905393	3.46761160774596
6641	0.745275042797688	1.15507250152735
6642	1.61091547680743	2.13663467807597
6643	2.69633017707296	1.36965345408397
6644	3.7951085274993	2.66738605085219
6645	1.44417112971472	2.79900566637555
6646	-0.151127704060958	1.33339388765192
6647	6.5891767102709	5.65749566361578
6648	4.67368545881144	3.095301475298
6649	1.38142514367834	1.65539060566704
6650	3.60582611401275	1.8788263652503
6651	3.93049402792093	3.09310248116733
6652	-0.391309647495345	0.927792591317912
6653	4.05365673950385	3.31620142750667
6654	2.27249014564962	4.40735133383915
6655	8.44197312053238	5.39022384874023
6656	9.36400283597614	5.22772471124805
6657	3.36792680397048	4.00388839397525
6658	0.79992516820753	2.86158069605373
6659	3.16740879637863	2.0522729524063
6660	3.28890966910758	3.4926987210338
6661	5.32597997545301	0.636142882084141
6662	4.15989975797296	4.13184790101315
6663	4.62508436734321	3.19783657082904
6664	4.06163627243618	3.91287655025285
6665	0.608230779812249	2.11512623031215
6666	4.8294839147249	4.33272912545864
6667	-0.481188747435812	3.08787745393865
6668	4.33324569925033	1.46348278503469
6669	5.80102519021506	5.31363517799521
6670	5.0932953605025	0.848133197478298
6671	4.9165814307334	3.87517870666804
6672	-0.456534962971283	1.05067619900268
6673	5.14135177202561	3.83221823254036
6674	2.12915515192639	3.9050851990178
6675	0.634625729080186	3.10026228834845
6676	1.22970245596479	0.752864912512531
6677	-0.0726205702199358	0.910124223806493
6678	3.66227344242316	3.58776174718341
6679	1.48475845529359	1.40133274995591
6680	-0.942749875683684	0.366645705677659
6681	2.25470562571975	3.33560631477896
6682	1.45455469746355	1.76715346854319
6683	5.9562077797599	3.53128593800227
6684	1.00075348787141	3.9526305818551
6685	2.64536948709188	1.51554825157495
6686	5.4497472115574	4.64502816284522
6687	3.85947233973299	1.77501932982988
6688	4.66148062656714	5.10226346872815
6689	5.26710653607515	4.40344940020267
6690	5.67437130499998	4.98026423090332
6691	3.47718344743641	4.43652317563757
6692	8.06212934832508	5.45652083108788
6693	4.46707568019753	2.16357157055635
6694	2.14281202288332	0.842782535409667
6695	4.50017884441262	1.39233496858619
6696	2.33311989580417	1.28850263034502
6697	0.715168861366957	3.21923776286393
6698	2.39296467924709	3.47433094975303
6699	-1.31444668642128	1.21195037084798
6700	1.42359898546132	2.37443502590592
6701	0.830923077088873	2.09337399383953
6702	3.96504811467462	3.7954488600076
6703	2.55659582756871	4.26361707944393
6704	0.359953177768052	0.185637358973296
6705	0.889871125530858	2.21321805483793
6706	8.25532572744072	4.58566752323854
6707	6.65718086356884	5.05890855606172
6708	4.95164025311545	3.09028901568384
6709	1.22392389665647	0.572928693322762
6710	5.77178635818156	2.40927690757018
6711	-1.12849707742495	0.278852950633888
6712	0.68595546797413	1.65833285635727
6713	6.7242030045847	3.77552454599009
6714	2.10976515007462	3.35358966771137
6715	4.69596914872965	4.95256389428147
6716	5.13591868823264	5.71537592129275
6717	1.06661786634053	1.74992882303056
6718	4.82266797955946	5.20673670618002
6719	4.31067057087092	3.26998562036794
6720	1.80473276463716	2.17591807747504
6721	-0.962946644494261	0.190409753278362
6722	5.71251618320364	2.99164207077031
6723	2.66474403668948	3.05511314519711
6724	4.60023293070514	4.81013978109435
6725	1.27069285052165	1.52834064645173
6726	4.70195967878535	3.22702181975786
6727	2.78585248912112	2.90371661523292
6728	4.67946097736106	4.61763447243816
6729	3.26473018609395	4.49845443962614
6730	1.77718747762825	2.42648791200777
6731	2.67108769117817	2.54412559253369
6732	4.35982474578546	5.35417955605755
6733	6.84974890775299	5.588575474544
6734	-0.893561116752308	2.1607083090375
6735	1.0414245237707	0.547296922755218
6736	-0.661454181204971	2.41305074731946
6737	2.03264325827361	2.62299243189644
6738	1.78727384762591	2.81984566729087
6739	-1.21476090462747	0.22847526056999
6740	2.84035551031012	2.92363145317846
6741	-1.92544732339913	1.93495587591547
6742	4.74391931814099	2.39358279093957
6743	1.23684306104109	4.44081742916814
6744	3.52394363702012	4.33188721786407
6745	-0.60769795026067	1.67234840709576
6746	1.78293700919429	3.23449932375199
6747	9.12357248076193	4.80063139453213
6748	1.55460162166328	1.57419198493649
6749	2.79747309673443	5.19655674474554
6750	-2.468480763009	0.908964327625267
6751	3.21250437248829	2.31961397283605
6752	2.61992310149195	2.64411102275631
6753	3.39119933659318	3.93329600283111
6754	1.42248703238835	3.23133473760162
6755	0.0224335439709509	2.96427922031178
6756	2.76441723998846	4.768232214221
6757	4.82227399060934	2.79950793104756
6758	4.30581213615538	5.36427614251591
6759	1.56461070933343	4.22130443480816
6760	8.46238412942214	4.58853858773095
6761	5.14145786889453	4.18159541520494
6762	0.152141180491686	0.73651872121491
6763	5.43955415746924	3.27026236109845
6764	3.0929359640409	1.38629377292987
6765	-0.522200305679872	0.818228411084348
6766	7.93345967206466	3.45716986489459
6767	5.10709505665504	5.42900721514138
6768	1.13808574947018	3.89541803764964
6769	1.36884511637092	1.70386746403635
6770	4.38938467747954	3.88340667481934
6771	6.83347206322215	2.23059937096909
6772	1.16791741174778	1.04404798631634
6773	1.77720762258611	0.956456114798343
6774	3.4975384431208	3.58002977451365
6775	3.04903500163892	3.64136337830564
6776	0.557875387409282	0.7345355528378
6777	3.70938463379437	2.1521265981994
6778	5.7040181250073	1.60591394153245
6779	4.42296419835094	2.37234554677848
6780	2.99732712778944	0.6914303773825
6781	1.77497222628881	4.13113223283456
6782	6.82023048077642	4.70956098842208
6783	1.12114394749595	0.785308121729505
6784	0.0454630274296597	2.94791752821071
6785	1.77970022714975	0.838332523381773
6786	4.54732905591619	4.72122601462184
6787	4.38055630961751	1.50981361670421
6788	0.120842644778862	1.69950429409662
6789	-0.5227724176263	0.462005285565412
6790	0.86190148314876	2.69781027582002
6791	1.37532887078729	1.77150458639138
6792	4.47059296001707	3.59388327653561
6793	3.93126489666456	5.21978258926784
6794	2.09693380443249	0.554709246882859
6795	1.88443942552515	4.19038999331698
6796	0.360592221502674	2.45549591501893
6797	8.22015178402632	5.16622712803915
6798	-1.07473712331055	1.04465493201201
6799	4.91616731797472	3.99433742423245
6800	0.54073987584485	1.37011308826076
6801	3.15404039966274	4.30116242553351
6802	4.13454325062342	3.69891637275681
6803	0.891622595068527	2.56503972273009
6804	3.74131486430693	0.670696227680728
6805	5.44892395740599	4.66170561556406
6806	-1.03127487804221	0.726156546418568
6807	1.30680649322486	0.464699451140901
6808	3.51186265533736	2.06826095966032
6809	3.3768784399137	2.24723549605524
6810	5.0185056028819	5.45194547385112
6811	7.78771488750589	4.63745741327356
6812	5.72034595764889	4.8036322301787
6813	0.635381758969696	1.92012138901755
6814	-0.734022083637422	3.6312450089991
6815	3.63081331629488	1.45229745942787
6816	2.92393732945823	2.98956884606053
6817	1.66190842421557	1.74729321698035
6818	1.9362358523877	0.197902888110398
6819	5.36223131359011	3.6542272909038
6820	2.52313131451625	1.40934525594951
6821	2.22972335658098	0.521018003042946
6822	6.29141747376619	4.6026160389518
6823	2.23908737021511	2.11980058069457
6824	1.26796603250535	5.09172938554623
6825	5.63632748342423	4.29149168202576
6826	3.57105796567967	3.61988884599047
6827	5.60806698763597	5.72532349347429
6828	0.764167489781314	3.64093696683067
6829	-0.17444518454006	0.888269985587049
6830	4.79378914027332	3.87840582011565
6831	5.82487841023188	3.07779786154163
6832	2.19702959276348	2.41414689190729
6833	3.81409538082551	3.01305610778476
6834	4.77508431036792	4.74906021686261
6835	-1.71835902529914	1.12731240114868
6836	1.15921044424645	2.02494076986421
6837	0.445980928220179	1.31447602690632
6838	5.23371145125049	5.19121271160784
6839	3.8577850677264	1.71287837419708
6840	5.05870491905393	3.47776362821596
6841	0.745275042797688	1.16361725079441
6842	1.61091547680743	2.14586163704751
6843	2.69633017707296	1.37834734235794
6844	3.7951085274993	2.67698189500067
6845	1.44417112971472	2.80869298937393
6846	-0.151127704060958	1.34206257464095
6847	6.5891767102709	5.66916970703074
6848	4.67368545881144	3.10519473112577
6849	1.38142514367834	1.66428308824548
6850	3.60582611401275	1.88787414114296
6851	3.93049402792093	3.10299420864044
6852	-0.391309647495345	0.936179375492098
6853	4.05365673950385	3.32624821420057
6854	2.27249014564962	4.41815649638833
6855	8.44197312053238	5.40171213171108
6856	9.36400283597614	5.23910005334645
6857	3.36792680397048	4.01441313991959
6858	0.79992516820753	2.87131151022723
6859	3.16740879637863	2.06144127791649
6860	3.28890966910758	3.50286817766072
6861	5.32597997545301	0.644326962581776
6862	4.15989975797296	4.14246158194254
6863	4.62508436734321	3.20780109105442
6864	4.06163627243618	3.92333804074126
6865	0.608230779812249	2.12433824038678
6866	4.8294839147249	4.34348242374904
6867	-0.481188747435812	3.09776554989013
6868	4.33324569925033	1.47224188698709
6869	5.80102519021506	5.32507022996787
6870	5.0932953605025	0.856464616426695
6871	4.9165814307334	3.88561399623373
6872	-0.456534962971283	1.05914839028778
6873	5.14135177202561	3.84262366352648
6874	2.12915515192639	3.91554127432666
6875	0.634625729080186	3.11015899206255
6876	1.22970245596479	0.761130117674287
6877	-0.0726205702199358	0.918498728033401
6878	3.66227344242316	3.59799727493708
6879	1.48475845529359	1.41004865611483
6880	-0.942749875683684	0.374642479050521
6881	2.25470562571975	3.34566658834382
6882	1.45455469746355	1.77612362904308
6883	5.9562077797599	3.54148221368815
6884	1.00075348787141	3.96311970236716
6885	2.64536948709188	1.5243435402992
6886	5.4497472115574	4.65599851659995
6887	3.85947233973299	1.78399495729563
6888	4.66148062656714	5.11355161219642
6889	5.26710653607515	4.41425185081259
6890	5.67437130499998	4.99146758191935
6891	3.47718344743641	4.44734861332983
6892	8.06212934832508	5.46805519208192
6893	4.46707568019753	2.17281725132657
6894	2.14281202288332	0.851110235517143
6895	4.50017884441262	1.40104462106713
6896	2.33311989580417	1.29714011681297
6897	0.715168861366957	3.22921715744087
6898	2.39296467924709	3.48448764032996
6899	-1.31444668642128	1.22053465162445
6900	1.42359898546132	2.38382726193162
6901	0.830923077088873	2.10257088557813
6902	3.96504811467462	3.80582873538106
6903	2.55659582756871	4.27432234317308
6904	0.359953177768052	0.193508327120911
6905	0.889871125530858	2.2224982411282
6906	8.25532572744072	4.59659661989783
6907	6.65718086356884	5.070166566806
6908	4.95164025311545	3.10017878772967
6909	1.22392389665647	0.581068838414099
6910	5.77178635818156	2.41869335955526
6911	-1.12849707742495	0.286788705896125
6912	0.68595546797413	1.66722738387185
6913	6.7242030045847	3.78589057347831
6914	2.10976515007462	3.36366244014607
6915	4.69596914872965	4.96374799288648
6916	5.13591868823264	5.72709019290153
6917	1.06661786634053	1.75888701198081
6918	4.82266797955946	5.21809746110191
6919	4.31067057087092	3.28000028594625
6920	1.80473276463716	2.18517233936935
6921	-0.962946644494261	0.198284038356669
6922	5.71251618320364	3.00146328077825
6923	2.66474403668948	3.06497846915316
6924	4.60023293070514	4.8212248914595
6925	1.27069285052165	1.5371448262031
6926	4.70195967878535	3.23700662444461
6927	2.78585248912112	2.91347671490015
6928	4.67946097736106	4.6285857869085
6929	3.26473018609395	4.50932292106062
6930	1.77718747762825	2.43591632606162
6931	2.67108769117817	2.55363576765085
6932	4.35982474578546	5.36564278736396
6933	6.84974890775299	5.60020161674298
6934	-0.893561116752308	2.16995199977098
6935	1.0414245237707	0.555419253139507
6936	-0.661454181204971	2.42246982221541
6937	2.03264325827361	2.63255742139467
6938	1.78727384762591	2.82954747459926
6939	-1.21476090462747	0.236376002106279
6940	2.84035551031012	2.93340539414483
6941	-1.92544732339913	1.94404266318999
6942	4.74391931814099	2.40298833512999
6943	1.23684306104109	4.45164585147157
6944	3.52394363702012	4.34263993100811
6945	-0.60769795026067	1.68125267576068
6946	1.78293700919429	3.24448932548678
6947	9.12357248076193	4.81170989633622
6948	1.55460162166328	1.58302803248882
6949	2.79747309673443	5.2079104243454
6950	-2.468480763009	0.917338025695978
6951	3.21250437248829	2.32896810688992
6952	2.61992310149195	2.65369069019137
6953	3.39119933659318	3.94377168533816
6954	1.42248703238835	3.24132253987169
6955	0.0224335439709509	2.97408141246984
6956	2.76441723998846	4.77928819780285
6957	4.82227399060934	2.80919560313217
6958	4.30581213615538	5.3757463911967
6959	1.56461070933343	4.23198029021507
6960	8.46238412942214	4.59946967985024
6961	5.14145786889453	4.19224367187264
6962	0.152141180491686	0.744772565374173
6963	5.43955415746924	3.28027721901833
6964	3.0929359640409	1.39499922663217
6965	-0.522200305679872	0.826539045475255
6966	7.93345967206466	3.46731462809809
6967	5.10709505665504	5.44052245349983
6968	1.13808574947018	3.90586739404506
6969	1.36884511637092	1.71279363921624
6970	4.38938467747954	3.893847683024
6971	6.83347206322215	2.23989163769892
6972	1.16791741174778	1.05251557083161
6973	1.77720762258611	0.964862820821955
6974	3.4975384431208	3.59025992835732
6975	3.04903500163892	3.6516361605031
6976	0.557875387409282	0.742788018646568
6977	3.70938463379437	2.16136432443409
6978	5.7040181250073	1.61477203661998
6979	4.42296419835094	2.38173633056513
6980	2.99732712778944	0.69965288404073
6981	1.77497222628881	4.14174541635706
6982	6.82023048077642	4.72057619406793
6983	1.12114394749595	0.793595875714658
6984	0.0454630274296597	2.95770834859284
6985	1.77970022714975	0.84665713062212
6986	4.54732905591619	4.73224932774602
6987	4.38055630961751	1.51860491971705
6988	0.120842644778862	1.70842743676676
6989	-0.5227724176263	0.470068336177118
6990	0.86190148314876	2.7074272655485
6991	1.37532887078729	1.78047777102453
6992	4.47059296001707	3.6041230589018
6993	3.93126489666456	5.23115241139735
6994	2.09693380443249	0.562836729013592
6995	1.88443942552515	4.20104436243142
6996	0.360592221502674	2.46494449034389
6997	8.22015178402632	5.17755972781407
6998	-1.07473712331055	1.05312293836938
6999	4.91616731797472	4.00485553201938
7000	0.54073987584485	1.37880729599172
7001	3.15404039966274	4.31081947546934
7002	4.13454325062342	3.70819759961071
7003	0.891622595068527	2.57361336999061
7004	3.74131486430693	0.678087736831304
7005	5.44892395740599	4.6715876573487
7006	-1.03127487804221	0.733582664792096
7007	1.30680649322486	0.471962410933502
7008	3.51186265533736	2.07652459920071
7009	3.3768784399137	2.25561082210905
7010	5.0185056028819	5.4623206535777
7011	7.78771488750589	4.64732432331251
7012	5.72034595764889	4.81360283924819
7013	0.635381758969696	1.92829258416625
7014	-0.734022083637422	3.64048400650111
7015	3.63081331629488	1.46017671570839
7016	2.92393732945823	2.99840741468128
7017	1.66190842421557	1.75535656116688
7018	1.9362358523877	0.204999357303177
7019	5.36223131359011	3.66348063017191
7020	2.52313131451625	1.41719770851846
7021	2.22972335658098	0.528316107626697
7022	6.29141747376619	4.61246120672673
7023	2.23908737021511	2.12809638280229
7024	1.26796603250535	5.10187977754718
7025	5.63632748342423	4.30114269707168
7026	3.57105796567967	3.62912075684051
7027	5.60806698763597	5.73586927086505
7028	0.764167489781314	3.65018201246109
7029	-0.17444518454006	0.895797268546132
7030	4.79378914027332	3.88779905480584
7031	5.82487841023188	3.08669148822438
7032	2.19702959276348	2.42262637664326
7033	3.81409538082551	3.02190933329707
7034	4.77508431036792	4.75899677104351
7035	-1.71835902529914	1.13498885512668
7036	1.15921044424645	2.03317737605641
7037	0.445980928220179	1.32226927768246
7038	5.23371145125049	5.20142518476321
7039	3.8577850677264	1.72092024229054
7040	5.05870491905393	3.48690684784566
7041	0.745275042797688	1.17131636029736
7042	1.61091547680743	2.15417370218671
7043	2.69633017707296	1.38618045111988
7044	3.7951085274993	2.68562539818135
7045	1.44417112971472	2.81741868498938
7046	-0.151127704060958	1.34987304040976
7047	6.5891767102709	5.67968044244989
7048	4.67368545881144	3.11410545443525
7049	1.38142514367834	1.67229463114203
7050	3.60582611401275	1.89602521285536
7051	3.93049402792093	3.11190355874517
7052	-0.391309647495345	0.943736555624412
7053	4.05365673950385	3.33529688279155
7054	2.27249014564962	4.42788655480977
7055	8.44197312053238	5.41205596403508
7056	9.36400283597614	5.24934240991621
7057	3.36792680397048	4.02389124804292
7058	0.79992516820753	2.88007628203983
7059	3.16740879637863	2.0697006617315
7060	3.28890966910758	3.51202706342737
7061	5.32597997545301	0.651702016367586
7062	4.15989975797296	4.15201959687454
7063	4.62508436734321	3.21677584440318
7064	4.06163627243618	3.93275931474454
7065	0.608230779812249	2.13263687415647
7066	4.8294839147249	4.35316588287773
7067	-0.481188747435812	3.10667163712474
7068	4.33324569925033	1.4801335893039
7069	5.80102519021506	5.33536623500337
7070	5.0932953605025	0.863972051697604
7071	4.9165814307334	3.89501172908368
7072	-0.456534962971283	1.06678230748447
7073	5.14135177202561	3.85199456887086
7074	2.12915515192639	3.92495768286877
7075	0.634625729080186	3.11907281324845
7076	1.22970245596479	0.768578060807439
7077	-0.0726205702199358	0.926044874809186
7078	3.66227344242316	3.60721552466362
7079	1.48475845529359	1.41790154763065
7080	-0.942749875683684	0.381849240070803
7081	2.25470562571975	3.35472737469494
7082	1.45455469746355	1.78420496443812
7083	5.9562077797599	3.55066519599468
7084	1.00075348787141	3.97256580155045
7085	2.64536948709188	1.53226775591159
7086	5.4497472115574	4.66587699695067
7087	3.85947233973299	1.79208120468109
7088	4.66148062656714	5.12371562204748
7089	5.26710653607515	4.42397947259551
7090	5.67437130499998	5.00155540696803
7091	3.47718344743641	4.45709688867657
7092	8.06212934832508	5.47844042484898
7093	4.46707568019753	2.1811461377334
7094	2.14281202288332	0.858614329462814
7095	4.50017884441262	1.40889189374297
7096	2.33311989580417	1.30492254936102
7097	0.715168861366957	3.2382052751812
7098	2.39296467924709	3.49363505598377
7099	-1.31444668642128	1.22826927962172
7100	1.42359898546132	2.39228782613383
7101	0.830923077088873	2.11085593573971
7102	3.96504811467462	3.81517667937397
7103	2.55659582756871	4.28396264393733
7104	0.359953177768052	0.200602053950421
7105	0.889871125530858	2.23085813024998
7106	8.25532572744072	4.60643803133994
7107	6.65718086356884	5.08030350283666
7108	4.95164025311545	3.10908638091103
7109	1.22392389665647	0.588404416867406
7110	5.77178635818156	2.4271756814497
7111	-1.12849707742495	0.293940643019041
7112	0.68595546797413	1.67524076411421
7113	6.7242030045847	3.79522607534491
7114	2.10976515007462	3.37273445655251
7115	4.69596914872965	4.97381851991996
7116	5.13591868823264	5.73763707277593
7117	1.06661786634053	1.76695759111017
7118	4.82266797955946	5.22832671130275
7119	4.31067057087092	3.28902009417551
7120	1.80473276463716	2.19350893579311
7121	-0.962946644494261	0.205380745400838
7122	5.71251618320364	3.01030927195179
7123	2.66474403668948	3.07386409607646
7124	4.60023293070514	4.83120647897901
7125	1.27069285052165	1.54507703027585
7126	4.70195967878535	3.24599960309101
7127	2.78585248912112	2.92226779930891
7128	4.67946097736106	4.63844716073521
7129	3.26473018609395	4.51910987059248
7130	1.77718747762825	2.4444093957033
7131	2.67108769117817	2.56220229843543
7132	4.35982474578546	5.37596411112674
7133	6.84974890775299	5.61066931360649
7134	-0.893561116752308	2.17827909815833
7135	1.0414245237707	0.562738825334003
7136	-0.661454181204971	2.43095450075765
7137	2.03264325827361	2.64117320211455
7138	1.78727384762591	2.83828618415956
7139	-1.21476090462747	0.243496479898545
7140	2.84035551031012	2.94220891476237
7141	-1.92544732339913	1.95222878606955
7142	4.74391931814099	2.41146085652735
7143	1.23684306104109	4.46139680844864
7144	3.52394363702012	4.3523228643912
7145	-0.60769795026067	1.68927480828692
7146	1.78293700919429	3.25348697360633
7147	9.12357248076193	4.82168554615837
7148	1.55460162166328	1.59098886932373
7149	2.79747309673443	5.21813331747088
7150	-2.468480763009	0.924883448151981
7151	3.21250437248829	2.33739443701682
7152	2.61992310149195	2.66231965882702
7153	3.39119933659318	3.95320571066667
7154	1.42248703238835	3.25031821180372
7155	0.0224335439709509	2.98291031637798
7156	2.76441723998846	4.78924361532525
7157	4.82227399060934	2.81792161239658
7158	4.30581213615538	5.38607401996972
7159	1.56461070933343	4.24159416802352
7160	8.46238412942214	4.60931288418453
7161	5.14145786889453	4.20183275260968
7162	0.152141180491686	0.752210300809507
7163	5.43955415746924	3.28929720006373
7164	3.0929359640409	1.40284272676561
7165	-0.522200305679872	0.83402780611932
7166	7.93345967206466	3.47645132717791
7167	5.10709505665504	5.45089050485306
7168	1.13808574947018	3.91527776573979
7169	1.36884511637092	1.72083545443204
7170	4.38938467747954	3.90325055398907
7171	6.83347206322215	2.2482623809224
7172	1.16791741174778	1.06014534891168
7173	1.77720762258611	0.972437900450288
7174	3.4975384431208	3.5994733497028
7175	3.04903500163892	3.66088788281313
7176	0.557875387409282	0.750224515653748
7177	3.70938463379437	2.16968606380482
7178	5.7040181250073	1.62275268284909
7179	4.42296419835094	2.39019558995136
7180	2.99732712778944	0.707062463180782
7181	1.77497222628881	4.15130298437612
7182	6.82023048077642	4.73049497319962
7183	1.12114394749595	0.80106407864227
7184	0.0454630274296597	2.96652703512338
7185	1.77970022714975	0.85415844567103
7186	4.54732905591619	4.74217539133072
7187	4.38055630961751	1.5265255542249
7188	0.120842644778862	1.71646652731603
7189	-0.5227724176263	0.477334646346051
7190	0.86190148314876	2.71608976772956
7191	1.37532887078729	1.78856182355993
7192	4.47059296001707	3.61334513133669
7193	3.93126489666456	5.24138980835421
7194	2.09693380443249	0.570160929978389
7195	1.88443942552515	4.21063893511422
7196	0.360592221502674	2.47345567459855
7197	8.22015178402632	5.18776368101913
7198	-1.07473712331055	1.06075309546851
7199	4.91616731797472	4.01432767585345
7200	0.54073987584485	1.38664069178118
7201	3.15404039966274	4.3195161182989
7202	4.13454325062342	3.71655642320201
7203	0.891622595068527	2.5813361655923
7204	3.74131486430693	0.684747934058868
7205	5.44892395740599	4.68048654048395
7206	-1.03127487804221	0.740273971501481
7207	1.30680649322486	0.47850705792406
7208	3.51186265533736	2.0839687355691
7209	3.3768784399137	2.26315535106827
7210	5.0185056028819	5.47166280774103
7211	7.78771488750589	4.65620960484889
7212	5.72034595764889	4.82258133359985
7213	0.635381758969696	1.93565362427078
7214	-0.734022083637422	3.64880487104153
7215	3.63081331629488	1.46727533827974
7216	2.92393732945823	3.00636834236271
7217	1.66190842421557	1.76262065637462
7218	1.9362358523877	0.211394349495205
7219	5.36223131359011	3.67181438621561
7220	2.52313131451625	1.42427223781333
7221	2.22972335658098	0.534892345509741
7222	6.29141747376619	4.62132694461235
7223	2.23908737021511	2.13556942940668
7224	1.26796603250535	5.11101987488673
7225	5.63632748342423	4.30983391526925
7226	3.57105796567967	3.63743525134277
7227	5.60806698763597	5.74536477157822
7228	0.764167489781314	3.6585083135333
7229	-0.17444518454006	0.902579509913003
7230	4.79378914027332	3.89625855981813
7231	5.82487841023188	3.09470190640669
7232	2.19702959276348	2.43026453158864
7233	3.81409538082551	3.02988343574126
7234	4.77508431036792	4.76794465419252
7235	-1.71835902529914	1.14190518309547
7236	1.15921044424645	2.04059721273293
7237	0.445980928220179	1.32929059176646
7238	5.23371145125049	5.21062108550948
7239	3.8577850677264	1.7281650331028
7240	5.05870491905393	3.4951416197286
7241	0.745275042797688	1.17825305282745
7242	1.61091547680743	2.16166136727829
7243	2.69633017707296	1.39323759268508
7244	3.7951085274993	2.6934109857585
7245	1.44417112971472	2.82527815356811
7246	-0.151127704060958	1.35690982867828
7247	6.5891767102709	5.68914444469283
7248	4.67368545881144	3.12213124040548
7249	1.38142514367834	1.67951216329082
7250	3.60582611401275	1.90336816443833
7251	3.93049402792093	3.11992811037135
7252	-0.391309647495345	0.950545670913543
7253	4.05365673950385	3.34344666479117
7254	2.27249014564962	4.43664882338767
7255	8.44197312053238	5.42136994069638
7256	9.36400283597614	5.25856517221721
7257	3.36792680397048	4.03242704394821
7258	0.79992516820753	2.88797087536685
7259	3.16740879637863	2.07714097272041
7260	3.28890966910758	3.52027591726192
7261	5.32597997545301	0.658347422223736
7262	4.15989975797296	4.16062721928155
7263	4.62508436734321	3.22485918559056
7264	4.06163627243618	3.9412440236888
7265	0.608230779812249	2.14011246608057
7266	4.8294839147249	4.36188626435945
7267	-0.481188747435812	3.11469325582756
7268	4.33324569925033	1.48724339934803
7269	5.80102519021506	5.34463722074967
7270	5.0932953605025	0.870736452406935
7271	4.9165814307334	3.90347527739448
7272	-0.456534962971283	1.07366040006074
7273	5.14135177202561	3.86043400251726
7274	2.12915515192639	3.93343801835525
7275	0.634625729080186	3.12710138383278
7276	1.22970245596479	0.775288985321118
7277	-0.0726205702199358	0.932844072452815
7278	3.66227344242316	3.6155177394775
7279	1.48475845529359	1.42497647148536
7280	-0.942749875683684	0.388343371200656
7281	2.25470562571975	3.36288804908703
7282	1.45455469746355	1.791485231554
7283	5.9562077797599	3.55893570968764
7284	1.00075348787141	3.981072825312
7285	2.64536948709188	1.53940679145376
7286	5.4497472115574	4.67477267879001
7287	3.85947233973299	1.7993658870789
7288	4.66148062656714	5.1328679601779
7289	5.26710653607515	4.43273955093175
7290	5.67437130499998	5.01063926422768
7291	3.47718344743641	4.46587553205454
7292	8.06212934832508	5.48779161547294
7293	4.46707568019753	2.18864892309856
7294	2.14281202288332	0.865375726727172
7295	4.50017884441262	1.41596176694397
7296	2.33311989580417	1.31193413917384
7297	0.715168861366957	3.24630062933107
7298	2.39296467924709	3.501873599582
7299	-1.31444668642128	1.23523789895797
7300	1.42359898546132	2.39990897382071
7301	0.830923077088873	2.11831931765232
7302	3.96504811467462	3.82359547355824
7303	2.55659582756871	4.29264423129889
7304	0.359953177768052	0.206994581091429
7305	0.889871125530858	2.23838878328493
7306	8.25532572744072	4.61530039273923
7307	6.65718086356884	5.0894315048956
7308	4.95164025311545	3.1171093532768
7309	1.22392389665647	0.59501433920113
7310	5.77178635818156	2.43481638665544
7311	-1.12849707742495	0.300385494133544
7312	0.68595546797413	1.68245994781339
7313	6.7242030045847	3.80363368557101
7314	2.10976515007462	3.38090522539838
7315	4.69596914872965	4.98288682836794
7316	5.13591868823264	5.7471335644878
7317	1.06661786634053	1.77422818965152
7318	4.82266797955946	5.23753769257226
7319	4.31067057087092	3.29714393422031
7320	1.80473276463716	2.20101865152571
7321	-0.962946644494261	0.211775951392333
7322	5.71251618320364	3.01827687160534
7323	2.66474403668948	3.08186732344805
7324	4.60023293070514	4.84019484162188
7325	1.27069285052165	1.55222324647223
7326	4.70195967878535	3.25409932660419
7327	2.78585248912112	2.93018604445939
7328	4.67946097736106	4.64732746589019
7329	3.26473018609395	4.52792327735883
7330	1.77718747762825	2.45205976182654
7331	2.67108769117817	2.56991869719085
7332	4.35982474578546	5.38525785532927
7333	6.84974890775299	5.62009462942282
7334	-0.893561116752308	2.18578027631147
7335	1.0414245237707	0.569334359987942
7336	-0.661454181204971	2.43859732430312
7337	2.03264325827361	2.64893387057141
7338	1.78727384762591	2.84615735069176
7339	-1.21476090462747	0.249913052901279
7340	2.84035551031012	2.9501383385519
7341	-1.92544732339913	1.95960324438841
7342	4.74391931814099	2.41909275227828
7343	1.23684306104109	4.47017786228611
7344	3.52394363702012	4.36104277329156
7345	-0.60769795026067	1.69650185922475
7346	1.78293700919429	3.2615908944079
7347	9.12357248076193	4.83066857153355
7348	1.55460162166328	1.59816082289062
7349	2.79747309673443	5.22733858450286
7350	-2.468480763009	0.931681994720227
7351	3.21250437248829	2.34498481243399
7352	2.61992310149195	2.67009218161606
7353	3.39119933659318	3.96170188150133
7354	1.42248703238835	3.25842035625308
7355	0.0224335439709509	2.99086255665832
7356	2.76441723998846	4.79820845432386
7357	4.82227399060934	2.82578136290758
7358	4.30581213615538	5.39537343160956
7359	1.56461070933343	4.2502520043617
7360	8.46238412942214	4.61817685717584
7361	5.14145786889453	4.21046829939681
7362	0.152141180491686	0.75891204984444
7363	5.43955415746924	3.29742119544923
7364	3.0929359640409	1.40990920890986
7365	-0.522200305679872	0.840775420610565
7366	7.93345967206466	3.48468023787961
7367	5.10709505665504	5.46022625147579
7368	1.13808574947018	3.92375267483476
7369	1.36884511637092	1.72808019771372
7370	4.38938467747954	3.91171872084039
7371	6.83347206322215	2.25580279047456
7372	1.16791741174778	1.06701972092555
7373	1.77720762258611	0.979263105209175
7374	3.4975384431208	3.60777122438939
7375	3.04903500163892	3.66922018540821
7376	0.557875387409282	0.756925151492403
7377	3.70938463379437	2.17718242485384
7378	5.7040181250073	1.6299424426519
7379	4.42296419835094	2.39781556476738
7380	2.99732712778944	0.713738903130984
7381	1.77497222628881	4.15991020506276
7382	6.82023048077642	4.7394268787414
7383	1.12114394749595	0.807793214246916
7384	0.0454630274296597	2.97447009122403
7385	1.77970022714975	0.860917345045203
7386	4.54732905591619	4.75111384470973
7387	4.38055630961751	1.53366137078967
7388	0.120842644778862	1.72370882145392
7389	-0.5227724176263	0.483882304917415
7390	0.86190148314876	2.72389243309716
7391	1.37532887078729	1.7958445330545
7392	4.47059296001707	3.6216507823004
7393	3.93126489666456	5.25060811256647
7394	2.09693380443249	0.576760625333819
7395	1.88443942552515	4.21927941849257
7396	0.360592221502674	2.48112232355552
7397	8.22015178402632	5.19695192336637
7398	-1.07473712331055	1.06762780817443
7399	4.91616731797472	4.02285811058817
7400	0.54073987584485	1.39369809134921
7401	3.15404039966274	4.32734809945364
7402	4.13454325062342	3.72408463662616
7403	0.891622595068527	2.58829246138384
7404	3.74131486430693	0.69074873928007
7405	5.44892395740599	4.6885003765236
7406	-1.03127487804221	0.746302750430576
7407	1.30680649322486	0.484403960142443
7408	3.51186265533736	2.09067446042412
7409	3.3768784399137	2.26995134914052
7410	5.0185056028819	5.4800752339703
7411	7.78771488750589	4.66421121030381
7412	5.72034595764889	4.83066675620356
7413	0.635381758969696	1.94228462880014
7414	-0.734022083637422	3.65629895161167
7415	3.63081331629488	1.47367037644161
7416	2.92393732945823	3.01353876699374
7417	1.66190842421557	1.76916448786008
7418	1.9362358523877	0.217156681821252
7419	5.36223131359011	3.67932005885113
7420	2.52313131451625	1.4306456112531
7421	2.22972335658098	0.540817654321447
7422	6.29141747376619	4.62931097637765
7423	2.23908737021511	2.14230115040338
7424	1.26796603250535	5.11925061121839
7425	5.63632748342423	4.31766101858412
7426	3.57105796567967	3.64492360396194
7427	5.60806698763597	5.75391508732994
7428	0.764167489781314	3.66600728264364
7429	-0.17444518454006	0.908690057466879
7430	4.79378914027332	3.90387730617618
7431	5.82487841023188	3.10191683299449
7432	2.19702959276348	2.43714471833377
7433	3.81409538082551	3.03706570714514
7434	4.77508431036792	4.77600255114195
7435	-1.71835902529914	1.14813630158834
7436	1.15921044424645	2.0472810872567
7437	0.445980928220179	1.33561611398284
7438	5.23371145125049	5.2189020003754
7439	3.8577850677264	1.73469150603748
7440	5.05870491905393	3.50255828560999
7441	0.745275042797688	1.18450248317431
7442	1.61091547680743	2.16840623324773
7443	2.69633017707296	1.39959533104377
7444	3.7951085274993	2.7004237442192
7445	1.44417112971472	2.83235734597228
7446	-0.151127704060958	1.36324926531213
7447	6.5891767102709	5.69766643695751
7448	4.67368545881144	3.12935998573872
7449	1.38142514367834	1.68601412518111
7450	3.60582611401275	1.90998290373314
7451	3.93049402792093	3.12715574577997
7452	-0.391309647495345	0.956680383551736
7453	4.05365673950385	3.35078690760054
7454	2.27249014564962	4.44453981534577
7455	8.44197312053238	5.42975702965982
7456	9.36400283597614	5.26687024104654
7457	3.36792680397048	4.04011439122891
7458	0.79992516820753	2.89508165201452
7459	3.16740879637863	2.0838432577866
7460	3.28890966910758	3.52770524566218
7461	5.32597997545301	0.664334927014358
7462	4.15989975797296	4.16837915309538
7463	4.62508436734321	3.23213968468949
7464	4.06163627243618	3.94888543347259
7465	0.608230779812249	2.1468464758338
7466	4.8294839147249	4.3697395913574
7467	-0.481188747435812	3.12191825394567
7468	4.33324569925033	1.49364849730768
7469	5.80102519021506	5.35298565219687
7470	5.0932953605025	0.876830957606085
7471	4.9165814307334	3.91109765949458
7472	-0.456534962971283	1.07985713721264
7473	5.14135177202561	3.8680347006632
7474	2.12915515192639	3.94107549551709
7475	0.634625729080186	3.13433263309655
7476	1.22970245596479	0.781335404618834
7477	-0.0726205702199358	0.938969867124457
7478	3.66227344242316	3.62299505017647
7479	1.48475845529359	1.43135019971412
7480	-0.942749875683684	0.394194849456674
7481	2.25470562571975	3.37023808635734
7482	1.45455469746355	1.7980436048514
7483	5.9562077797599	3.56638451467566
7484	1.00075348787141	3.98873430062385
7485	2.64536948709188	1.54583816903934
7486	5.4497472115574	4.68278363621802
7487	3.85947233973299	1.80592823060659
7488	4.66148062656714	5.14110970345304
7489	5.26710653607515	4.4406285734202
7490	5.67437130499998	5.01881942936769
7491	3.47718344743641	4.47378124826542
7492	8.06212934832508	5.49621216730557
7493	4.46707568019753	2.19540738524807
7494	2.14281202288332	0.871467531222631
7495	4.50017884441262	1.42233095361488
7496	2.33311989580417	1.31825091730622
7497	0.715168861366957	3.25359193050973
7498	2.39296467924709	3.50929365699728
7499	-1.31444668642128	1.24151603795241
7500	1.42359898546132	2.40677386760518
7501	0.830923077088873	2.12504234813895
7502	3.96504811467462	3.83117761265881
7503	2.55659582756871	4.30046267454687
7504	0.359953177768052	0.2127546968387
7505	0.889871125530858	2.24517230409851
7506	8.25532572744072	4.62328138836131
7507	6.65718086356884	5.0976513651269
7508	4.95164025311545	3.12433556861132
7509	1.22392389665647	0.600969937137848
7510	5.77178635818156	2.44169886659977
7511	-1.12849707742495	0.306192659701795
7512	0.68595546797413	1.68896339478108
7513	6.7242030045847	3.81120576803415
7514	2.10976515007462	3.38826433962161
7515	4.69596914872965	4.99105301198559
7516	5.13591868823264	5.75568477134752
7517	1.06661786634053	1.78077786894749
7518	4.82266797955946	5.24583216787465
7519	4.31067057087092	3.30446084997233
7520	1.80473276463716	2.20778334547538
7521	-0.962946644494261	0.217538475967287
7522	5.71251618320364	3.02545329568696
7523	2.66474403668948	3.08907578404455
7524	4.60023293070514	4.84828913781267
7525	1.27069285052165	1.55866108091635
7526	4.70195967878535	3.26139455672303
7527	2.78585248912112	2.93731808887374
7528	4.67946097736106	4.65532459657305
7529	3.26473018609395	4.53586025287764
7530	1.77718747762825	2.45895092888707
7531	2.67108769117817	2.57686924092551
7532	4.35982474578546	5.39362675122556
7533	6.84974890775299	5.62858183477579
7534	-0.893561116752308	2.19253729325273
7535	1.0414245237707	0.575277020494397
7536	-0.661454181204971	2.44548170906274
7537	2.03264325827361	2.65592422170961
7538	1.78727384762591	2.85324706191897
7539	-1.21476090462747	0.255694790735213
7540	2.84035551031012	2.9572804348207
7541	-1.92544732339913	1.96624631460278
7542	4.74391931814099	2.42596731074332
7543	1.23684306104109	4.47808574598695
7544	3.52394363702012	4.36889567534342
7545	-0.60769795026067	1.70301238042907
7546	1.78293700919429	3.26888989873681
7547	9.12357248076193	4.8387580684426
7548	1.55460162166328	1.60462180042946
7549	2.79747309673443	5.2356279215515
7550	-2.468480763009	0.937807203943591
7551	3.21250437248829	2.35182203573237
7552	2.61992310149195	2.67709319219333
7553	3.39119933659318	3.96935359783975
7554	1.42248703238835	3.26571776328256
7555	0.0224335439709509	2.99802516956101
7556	2.76441723998846	4.80628159800696
7557	4.82227399060934	2.83286080882581
7558	4.30581213615538	5.40374742367674
7559	1.56461070933343	4.25804909064225
7560	8.46238412942214	4.62615930194465
7561	5.14145786889453	4.21824534286875
7562	0.152141180491686	0.764950218533426
7563	5.43955415746924	3.30473825088391
7564	3.0929359640409	1.41627534633579
7565	-0.522200305679872	0.846854831609043
7566	7.93345967206466	3.49209163337519
7567	5.10709505665504	5.46863291603182
7568	1.13808574947018	3.93138527257457
7569	1.36884511637092	1.7346066279088
7570	4.38938467747954	3.91934525594131
7571	6.83347206322215	2.26259508436781
7572	1.16791741174778	1.07321311254035
7573	1.77720762258611	0.985412285530558
7574	3.4975384431208	3.61524463243727
7575	3.04903500163892	3.67672455109984
7576	0.557875387409282	0.762962319193084
7577	3.70938463379437	2.1839351102455
7578	5.7040181250073	1.63641943159347
7579	4.42296419835094	2.40467940390406
7580	2.99732712778944	0.719754313840668
7581	1.77497222628881	4.16766177764882
7582	6.82023048077642	4.74747040859465
7583	1.12114394749595	0.813856008993829
7584	0.0454630274296597	2.98162444569409
7585	1.77970022714975	0.867006903432844
7586	4.54732905591619	4.75916326239124
7587	4.38055630961751	1.54008985386437
7588	0.120842644778862	1.73023304937402
7589	-0.5227724176263	0.489781915155245
7590	0.86190148314876	2.73092054794098
7591	1.37532887078729	1.80240510254368
7592	4.47059296001707	3.62913118279212
7593	3.93126489666456	5.25890917267354
7594	2.09693380443249	0.582707027151325
7595	1.88443942552515	4.22706090095715
7596	0.360592221502674	2.48802813217252
7597	8.22015178402632	5.20522595178466
7598	-1.07473712331055	1.07382150614019
7599	4.91616731797472	4.03054063709362
7600	0.54073987584485	1.40005606170456
7601	3.15404039966274	4.33440155888334
7602	4.13454325062342	3.73086486656208
7603	0.891622595068527	2.59455826944574
7604	3.74131486430693	0.696155113707152
7605	5.44892395740599	4.69571740868713
7606	-1.03127487804221	0.751734286325706
7607	1.30680649322486	0.489716877095268
7608	3.51186265533736	2.09671488783084
7609	3.3768784399137	2.27607297445921
7610	5.0185056028819	5.4876507854391
7611	7.78771488750589	4.67141724144209
7612	5.72034595764889	4.83794817822384
7613	0.635381758969696	1.94825784763039
7614	-0.734022083637422	3.66304848012186
7615	3.63081331629488	1.47943135096595
7616	2.92393732945823	3.01999717719379
7617	1.66190842421557	1.77505929728649
7618	1.9362358523877	0.222348557399839
7619	5.36223131359011	3.68608001405855
7620	2.52313131451625	1.43638709904313
7621	2.22972335658098	0.54615612210911
7622	6.29141747376619	4.63650120053633
7623	2.23908737021511	2.14836496051971
7624	1.26796603250535	5.12666273835422
7625	5.63632748342423	4.32471009055068
7626	3.57105796567967	3.65166798036086
7627	5.60806698763597	5.76161466607558
7628	0.764167489781314	3.67276120824156
7629	-0.17444518454006	0.914195141661269
7630	4.79378914027332	3.91073896763102
7631	5.82487841023188	3.1084152713012
7632	2.19702959276348	2.44334206870867
7633	3.81409538082551	3.04353477314377
7634	4.77508431036792	4.78325921470428
7635	-1.71835902529914	1.15374983553993
7636	1.15921044424645	2.05330186097956
7637	0.445980928220179	1.34131456110651
7638	5.23371145125049	5.22635926152032
7639	3.8577850677264	1.7405707019949
7640	5.05870491905393	3.50923818204906
7641	0.745275042797688	1.19013248806106
7642	1.61091547680743	2.17448186685248
7643	2.69633017707296	1.40532275557146
7644	3.7951085274993	2.70674033867134
7645	1.44417112971472	2.83873369566147
7646	-0.151127704060958	1.3689602280155
7647	6.5891767102709	5.70534053961979
7648	4.67368545881144	3.13587085357116
7649	1.38142514367834	1.69187127422711
7650	3.60582611401275	1.91594149249787
7651	3.93049402792093	3.13366561527022
7652	-0.391309647495345	0.962207203477379
7653	4.05365673950385	3.35739806389648
7654	2.27249014564962	4.45164635313207
7655	8.44197312053238	5.43730979105705
7656	9.36400283597614	5.27434922791981
7657	3.36792680397048	4.04703775705021
7658	0.79992516820753	2.90148641073466
7659	3.16740879637863	2.08988059121174
7660	3.28890966910758	3.53439653163765
7661	5.32597997545301	0.669729338123589
7662	4.15989975797296	4.17536061246637
7663	4.62508436734321	3.23869710340201
7664	4.06163627243618	3.95576747996414
7665	0.608230779812249	2.15291234461444
7666	4.8294839147249	4.37681225069988
7667	-0.481188747435812	3.12842575127627
7668	4.33324569925033	1.49941852030285
7669	5.80102519021506	5.36050364237739
7670	5.0932953605025	0.882321612208326
7671	4.9165814307334	3.91796259118474
7672	-0.456534962971283	1.0854397462323
7673	5.14135177202561	3.87488012832043
7674	2.12915515192639	3.94795400473923
7675	0.634625729080186	3.14084575313553
7676	1.22970245596479	0.786782807469215
7677	-0.0726205702199358	0.944488665620432
7678	3.66227344242316	3.6297294947164
7679	1.48475845529359	1.43709200662567
7680	-0.942749875683684	0.399466908987883
7681	2.25470562571975	3.37685805246201
7682	1.45455469746355	1.80395149417906
7683	5.9562077797599	3.57309331922757
7684	1.00075348787141	3.99563439542508
7685	2.64536948709188	1.55163182972926
7686	5.4497472115574	4.68999807916116
7687	3.85947233973299	1.81183969103119
7688	4.66148062656714	5.14853173098741
7689	5.26710653607515	4.44773333973065
7690	5.67437130499998	5.0261860693115
7691	3.47718344743641	4.48090103005274
7692	8.06212934832508	5.50379502749833
7693	4.46707568019753	2.20149524818801
7694	2.14281202288332	0.876955756627074
7695	4.50017884441262	1.42806867553836
7696	2.33311989580417	1.32394149940211
7697	0.715168861366957	3.26015906535231
7698	2.39296467924709	3.51597660401413
7699	-1.31444668642128	1.24717186536227
7700	1.42359898546132	2.41295746244426
7701	0.830923077088873	2.13109834141555
7702	3.96504811467462	3.83800634704002
7703	2.55659582756871	4.30750395705638
7704	0.359953177768052	0.217944578674582
7705	0.889871125530858	2.25128270651651
7706	8.25532572744072	4.63046888160493
7707	6.65718086356884	5.10505370955345
7708	4.95164025311545	3.1308441607897
7709	1.22392389665647	0.606335649038235
7710	5.77178635818156	2.44789827963501
7711	-1.12849707742495	0.311424861367843
7712	0.68595546797413	1.69482187960736
7713	6.7242030045847	3.81802545678715
7714	2.10976515007462	3.39489247015917
7715	4.69596914872965	4.99840707599097
7716	5.13591868823264	5.7633851516167
7717	1.06661786634053	1.78667793829503
7718	4.82266797955946	5.25330162620453
7719	4.31067057087092	3.31105102431585
7720	1.80473276463716	2.21387681372305
7721	-0.962946644494261	0.222730524467703
7722	5.71251618320364	3.03191710220363
7723	2.66474403668948	3.09556840639601
7724	4.60023293070514	4.85557854134468
7725	1.27069285052165	1.5644605493469
7726	4.70195967878535	3.2679652255234
7727	2.78585248912112	2.94374197727928
7728	4.67946097736106	4.66252660279498
7729	3.26473018609395	4.54300815142662
7730	1.77718747762825	2.46515815570938
7731	2.67108769117817	2.58312987519364
7732	4.35982474578546	5.40116314853264
7733	6.84974890775299	5.63622464770804
7734	-0.893561116752308	2.19862385627343
7735	1.0414245237707	0.580631095584268
7736	-0.661454181204971	2.45168283541927
7737	2.03264325827361	2.66222066148182
7738	1.78727384762591	2.85963287295774
7739	-1.21476090462747	0.260904120956155
7740	2.84035551031012	2.96371336455233
7741	-1.92544732339913	1.97223038613618
7742	4.74391931814099	2.43215959865777
7743	1.23684306104109	4.48520747736314
7744	3.52394363702012	4.37596795246029
7745	-0.60769795026067	1.7088772283081
7746	1.78293700919429	3.2754639623201
7747	9.12357248076193	4.84604315517206
7748	1.55460162166328	1.61044208534385
7749	2.79747309673443	5.24309275818418
7750	-2.468480763009	0.943325475847302
7751	3.21250437248829	2.35798074184185
7752	2.61992310149195	2.68339921979481
7753	3.39119933659318	3.97624491475216
7754	1.42248703238835	3.27229039014538
7755	0.0224335439709509	3.00447655335778
7756	2.76441723998846	4.81355197552539
7757	4.82227399060934	2.8392373865429
7758	4.30581213615538	5.41128840482884
7759	1.56461070933343	4.26507116323308
7760	8.46238412942214	4.63334809865005
7761	5.14145786889453	4.22524938758532
7762	0.152141180491686	0.770390200221453
7763	5.43955415746924	3.31132855086757
7764	3.0929359640409	1.42201032555959
7765	-0.522200305679872	0.852331909453804
7766	7.93345967206466	3.49876678926843
7767	5.10709505665504	5.47620328505724
7768	1.13808574947018	3.93825939291047
7769	1.36884511637092	1.74048578542331
7770	4.38938467747954	3.92621392312473
7771	6.83347206322215	2.2687133778943
7772	1.16791741174778	1.0787927123549
7773	1.77720762258611	0.990952118680963
7774	3.4975384431208	3.62197556666563
7775	3.04903500163892	3.68348333075244
7776	0.557875387409282	0.768401400523699
7777	3.70938463379437	2.19001777717394
7778	5.7040181250073	1.64225411825967
7779	4.42296419835094	2.41086205012069
7780	2.99732712778944	0.72517382544403
7781	1.77497222628881	4.17464291210683
7782	6.82023048077642	4.75471414940706
7783	1.12114394749595	0.819318141044333
7784	0.0454630274296597	2.98806840129115
7785	1.77970022714975	0.872493108534139
7786	4.54732905591619	4.76641229911949
7787	4.38055630961751	1.54588091103304
7788	0.120842644778862	1.73611022601164
7789	-0.5227724176263	0.495097267886162
7790	0.86190148314876	2.73725095497544
7791	1.37532887078729	1.80831496727658
7792	4.47059296001707	3.63586840650319
7793	3.93126489666456	5.26638455382755
7794	2.09693380443249	0.588064467432498
7795	1.88443942552515	4.23406893840762
7796	0.360592221502674	2.49424852861312
7797	8.22015178402632	5.21267701878711
7798	-1.07473712331055	1.07940138150778
7799	4.91616731797472	4.03745966677962
7800	0.54073987584485	1.40578369490592
7801	3.15404039966274	4.3407540104091
7802	4.13454325062342	3.73697149686215
7803	0.891622595068527	2.60020208069269
7804	3.74131486430693	0.701025703049714
7805	5.44892395740599	4.70221702459609
7806	-1.03127487804221	0.756627513132584
7807	1.30680649322486	0.494503383894053
7808	3.51186265533736	2.10215592686554
7809	3.3768784399137	2.28158706625981
7810	5.0185056028819	5.49447295677148
7811	7.78771488750589	4.6779069598635
7812	5.72034595764889	4.84450572489748
7813	0.635381758969696	1.95363841993283
7814	-0.734022083637422	3.6691274887256
7815	3.63081331629488	1.48462096966853
7816	2.92393732945823	3.02581427022309
7817	1.66190842421557	1.78036932560963
7818	1.9362358523877	0.227026164758216
7819	5.36223131359011	3.69216840343396
7820	2.52313131451625	1.44155918576978
7821	2.22972335658098	0.550965616680739
7822	6.29141747376619	4.64297669761199
7823	2.23908737021511	2.15382703669157
7824	1.26796603250535	5.13333787881785
7825	5.63632748342423	4.33105859472965
7826	3.57105796567967	3.65774235367327
7827	5.60806698763597	5.76854842322832
7828	0.764167489781314	3.67884417285123
7829	-0.17444518454006	0.919154538971273
7830	4.79378914027332	3.91691886087029
7831	5.82487841023188	3.11426837712731
7832	2.19702959276348	2.44892428941392
7833	3.81409538082551	3.0493614530644
7834	4.77508431036792	4.78979448649684
7835	-1.71835902529914	1.15880680376686
7836	1.15921044424645	2.05872521783585
7837	0.445980928220179	1.34644792467332
7838	5.23371145125049	5.23307500849857
7839	3.8577850677264	1.74586668307141
7840	5.05870491905393	3.51525454353213
7841	0.745275042797688	1.19520427498643
7842	1.61091547680743	2.17995458047192
7843	2.69633017707296	1.41048218975339
7844	3.7951085274993	2.71242984181094
7845	1.44417112971472	2.84447695985522
7846	-0.151127704060958	1.37410485169592
7847	6.5891767102709	5.71225137625268
7848	4.67368545881144	3.14173514208918
7849	1.38142514367834	1.69714741996771
7850	3.60582611401275	1.92130890230973
7851	3.93049402792093	3.139529005592
7852	-0.391309647495345	0.967186156158306
7853	4.05365673950385	3.36335258071554
7854	2.27249014564962	4.45804655860452
7855	8.44197312053238	5.44411145844145
7856	9.36400283597614	5.28108452126949
7857	3.36792680397048	4.05327316495147
7858	0.79992516820753	2.90725523418525
7859	3.16740879637863	2.09531884662916
7860	3.28890966910758	3.54042314014697
7861	5.32597997545301	0.674589164215753
7862	4.15989975797296	4.18164828642205
7863	4.62508436734321	3.24460327317611
7864	4.06163627243618	3.96196571337101
7865	0.608230779812249	2.15837627294135
7866	4.8294839147249	4.38318197615178
7867	-0.481188747435812	3.1342870073951
7868	4.33324569925033	1.50461627980371
7869	5.80102519021506	5.36727402652442
7870	5.0932953605025	0.887268027391184
7871	4.9165814307334	3.92414542661463
7872	-0.456534962971283	1.09046889167714
7873	5.14135177202561	3.88104541621103
7874	2.12915515192639	3.95414905570819
7875	0.634625729080186	3.14671206793617
7876	1.22970245596479	0.7916903095812
7877	-0.0726205702199358	0.949460401519432
7878	3.66227344242316	3.63579493245704
7879	1.48475845529359	1.44226438046203
7880	-0.942749875683684	0.40421665686536
7881	2.25470562571975	3.38282049535798
7882	1.45455469746355	1.80927329032898
7883	5.9562077797599	3.57913568898534
7884	1.00075348787141	4.00184886667491
7885	2.64536948709188	1.55685085577428
7886	5.4497472115574	4.69649536558028
7887	3.85947233973299	1.81716470005324
7888	4.66148062656714	5.15521577871822
7889	5.26710653607515	4.45413195142801
7890	5.67437130499998	5.03282028550614
7891	3.47718344743641	4.48731315099053
7892	8.06212934832508	5.51062377440005
7893	4.46707568019753	2.20697896439038
7894	2.14281202288332	0.881899986290455
7895	4.50017884441262	1.43323737416104
7896	2.33311989580417	1.32906778689984
7897	0.715168861366957	3.2660739766095
7898	2.39296467924709	3.52199571006463
7899	-1.31444668642128	1.25226688449509
7900	1.42359898546132	2.41852730746259
7901	0.830923077088873	2.13655338487254
7902	3.96504811467462	3.84415661619484
7903	2.55659582756871	4.31384545315635
7904	0.359953177768052	0.222620392287091
7905	0.889871125530858	2.25678670121095
7906	8.25532572744072	4.63694192170978
7907	6.65718086356884	5.11172004863348
7908	4.95164025311545	3.13670640192966
7909	1.22392389665647	0.611169654804063
7910	5.77178635818156	2.45348235609049
7911	-1.12849707742495	0.316138749612702
7912	0.68595546797413	1.70009922713311
7913	6.7242030045847	3.82416758770118
7914	2.10976515007462	3.4008622584953
7915	4.69596914872965	5.00502997776799
7916	5.13591868823264	5.77031962989035
7917	1.06661786634053	1.79199269890472
7918	4.82266797955946	5.26002834684054
7919	4.31067057087092	3.31698666392956
7920	1.80473276463716	2.21936557295206
7921	-0.962946644494261	0.227408287401729
7922	5.71251618320364	3.03773905023282
7923	2.66474403668948	3.10141627967849
7924	4.60023293070514	4.86214326888657
7925	1.27069285052165	1.56968480054495
7926	4.70195967878535	3.27388331623908
7927	2.78585248912112	2.94952801147331
7928	4.67946097736106	4.66901270004851
7929	3.26473018609395	4.54944556867016
7930	1.77718747762825	2.47074926213329
7931	2.67108769117817	2.58876903164176
7932	4.35982474578546	5.40795009334577
7933	6.84974890775299	5.64310733335445
7934	-0.893561116752308	2.20410640295439
7935	1.0414245237707	0.585454631854344
7936	-0.661454181204971	2.4572684533289
7937	2.03264325827361	2.66789203170299
7938	1.78727384762591	2.86538464941172
7939	-1.21476090462747	0.265597432042262
7940	2.84035551031012	2.96950753311657
7941	-1.92544732339913	1.97762072248258
7942	4.74391931814099	2.43773726472943
7943	1.23684306104109	4.49162135232213
7944	3.52394363702012	4.38233733402849
7945	-0.60769795026067	1.7141603005944
7946	1.78293700919429	3.28138510728036
7947	9.12357248076193	4.85260399893961
7948	1.55460162166328	1.6156850648772
7949	2.79747309673443	5.24981532073588
7950	-2.468480763009	0.948296737977699
7951	3.21250437248829	2.36352819477529
7952	2.61992310149195	2.68907921606843
7953	3.39119933659318	3.98245148864303
7954	1.42248703238835	3.27821024250585
7955	0.0224335439709509	3.01028732481819
7956	2.76441723998846	4.82009958559613
7957	4.82227399060934	2.84498085589056
7958	4.30581213615538	5.41807947367111
7959	1.56461070933343	4.27139537640474
7960	8.46238412942214	4.6398223114635
7961	5.14145786889453	4.23155738129953
7962	0.152141180491686	0.775291025604655
7963	5.43955415746924	3.31726430351819
7964	3.0929359640409	1.42717655660898
7965	-0.522200305679872	0.857266109794411
7966	7.93345967206466	3.50477888574054
7967	5.10709505665504	5.48302079380885
7968	1.13808574947018	3.94445049525229
7969	1.36884511637092	1.74578173191319
7970	4.38938467747954	3.93240011933212
7971	6.83347206322215	2.27422447212231
7972	1.16791741174778	1.08381915045479
7973	1.77720762258611	0.995942779200664
7974	3.4975384431208	3.62803784622198
7975	3.04903500163892	3.68957066249559
7976	0.557875387409282	0.773301415866375
7977	3.70938463379437	2.19549681858846
7978	5.7040181250073	1.64751005487255
7979	4.42296419835094	2.41643104167504
7980	2.99732712778944	0.730056234143025
7981	1.77497222628881	4.18093029374229
7982	6.82023048077642	4.76123779475997
7983	1.12114394749595	0.824238894837085
7984	0.0454630274296597	2.99387248969135
7985	1.77970022714975	0.877435520555547
7986	4.54732905591619	4.77294070914293
7987	4.38055630961751	1.55109759472191
7988	0.120842644778862	1.74140439033088
7989	-0.5227724176263	0.499885966124631
7990	0.86190148314876	2.74295288512601
7991	1.37532887078729	1.81363854067438
7992	4.47059296001707	3.64193634463004
7993	3.93126489666456	5.27311660315583
7994	2.09693380443249	0.59289103132393
7995	1.88443942552515	4.24038052433555
7996	0.360592221502674	2.49985148358115
7997	8.22015178402632	5.21938719297132
7998	-1.07473712331055	1.08442806751934
7999	4.91616731797472	4.04369117351312
8000	0.54073987584485	1.410943316829
8001	3.15404039966274	4.34647521716636
8002	4.13454325062342	3.74247149694494
8003	0.891622595068527	2.60528560468259
8004	3.74131486430693	0.70541342932884
8005	5.44892395740599	4.70807065988436
8006	-1.03127487804221	0.761035610143269
8007	1.30680649322486	0.498815446975918
8008	3.51186265533736	2.10705698261407
8009	3.3768784399137	2.28655385986055
8010	5.0185056028819	5.50061684938942
8011	7.78771488750589	4.68375168871865
8012	5.72034595764889	4.85041149023175
8013	0.635381758969696	1.95848506359907
8014	-0.734022083637422	3.67460263292555
8015	3.63081331629488	1.48929578028543
8016	2.92393732945823	3.03105372495784
8017	1.66190842421557	1.78515248900063
8018	1.9362358523877	0.231240232709691
8019	5.36223131359011	3.69765198909089
8020	2.52313131451625	1.44621821992115
8021	2.22972335658098	0.555298365725626
8022	6.29141747376619	4.64880862913204
8023	2.23908737021511	2.15874702308833
8024	1.26796603250535	5.13934946305017
8025	5.63632748342423	4.33677624939554
8026	3.57105796567967	3.6632133267225
8027	5.60806698763597	5.77479272836423
8028	0.764167489781314	3.68432287693463
8029	-0.17444518454006	0.923622180705581
8030	4.79378914027332	3.92248478793354
8031	5.82487841023188	3.11954023862839
8032	2.19702959276348	2.45395239004131
8033	3.81409538082551	3.05460953473666
8034	4.77508431036792	4.79568020737664
8035	-1.71835902529914	1.16336224645488
8036	1.15921044424645	2.06361036195643
8037	0.445980928220179	1.35107211308918
8038	5.23371145125049	5.23912313323726
8039	3.8577850677264	1.75063720579355
8040	5.05870491905393	3.52067331358785
8041	0.745275042797688	1.19977305254816
8042	1.61091547680743	2.18488413916821
8043	2.69633017707296	1.41512983828363
8044	3.7951085274993	2.71755448247658
8045	1.44417112971472	2.84964997837746
8046	-0.151127704060958	1.3787391727286
8047	6.5891767102709	5.71847505594438
8048	4.67368545881144	3.14701706653776
8049	1.38142514367834	1.70190009350421
8050	3.60582611401275	1.92614370147084
8051	3.93049402792093	3.14481012178247
8052	-0.391309647495345	0.971671395146706
8053	4.05365673950385	3.36871569873218
8054	2.27249014564962	4.46381073761412
8055	8.44197312053238	5.45023690021109
8056	9.36400283597614	5.28715023516392
8057	3.36792680397048	4.05888904788704
8058	0.79992516820753	2.91245125266688
8059	3.16740879637863	2.10021739748934
8060	3.28890966910758	3.54585113117454
8061	5.32597997545301	0.678967204989405
8062	4.15989975797296	4.18731120191168
8063	4.62508436734321	3.24992288523021
8064	4.06163627243618	3.96754814416568
8065	0.608230779812249	2.16329792603332
8066	4.8294839147249	4.3889187271638
8067	-0.481188747435812	3.13956620308446
8068	4.33324569925033	1.50929841606513
8069	5.80102519021506	5.37337131750729
8070	5.0932953605025	0.891723986923658
8071	4.9165814307334	3.92971400126131
8072	-0.456534962971283	1.09499929753164
8073	5.14135177202561	3.8865982003872
8074	2.12915515192639	3.95972862272855
8075	0.634625729080186	3.1519958157718
8076	1.22970245596479	0.796111252483288
8077	-0.0726205702199358	0.953939146356133
8078	3.66227344242316	3.64125786467045
8079	1.48475845529359	1.44692367297426
8080	-0.942749875683684	0.408495641767273
8081	2.25470562571975	3.38819074579824
8082	1.45455469746355	1.81406704321169
8083	5.9562077797599	3.5845778630573
8084	1.00075348787141	4.00744590938614
8085	2.64536948709188	1.56155212911997
8086	5.4497472115574	4.70234690463499
8087	3.85947233973299	1.82196134409702
8088	4.66148062656714	5.16123537831598
8089	5.26710653607515	4.45989469625027
8090	5.67437130499998	5.0387950432951
8091	3.47718344743641	4.49308805234705
8092	8.06212934832508	5.51677358416295
8093	4.46707568019753	2.21191842395985
8094	2.14281202288332	0.886353979143713
8095	4.50017884441262	1.43789335946579
8096	2.33311989580417	1.33368560778701
8097	0.715168861366957	3.27140145484521
8098	2.39296467924709	3.52741694986897
8099	-1.31444668642128	1.25685656797874
8100	1.42359898546132	2.42354427160434
8101	0.830923077088873	2.14146704275366
8102	3.96504811467462	3.84969588549009
8103	2.55659582756871	4.31955680147563
8104	0.359953177768052	0.226832846103915
8105	0.889871125530858	2.26174440874816
8106	8.25532572744072	4.64277164228023
8107	6.65718086356884	5.11772371278164
8108	4.95164025311545	3.14198648400808
8109	1.22392389665647	0.61552446069022
8110	5.77178635818156	2.45851212664828
8111	-1.12849707742495	0.320385465575849
8112	0.68595546797413	1.7048529821177
8113	6.7242030045847	3.8296995336533
8114	2.10976515007462	3.4062391188627
8115	4.69596914872965	5.01099455407369
8116	5.13591868823264	5.77656458393995
8117	1.06661786634053	1.79678012072935
8118	4.82266797955946	5.26608634642358
8119	4.31067057087092	3.32233279495166
8120	1.80473276463716	2.22430957058023
8121	-0.962946644494261	0.231622495350766
8122	5.71251618320364	3.042982873827
8123	2.66474403668948	3.10668343258058
8124	4.60023293070514	4.86805549605497
8125	1.27069285052165	1.57439077583907
8126	4.70195967878535	3.279213655568
8127	2.78585248912112	2.95473951735359
8128	4.67946097736106	4.67485417033026
8129	3.26473018609395	4.55524323336477
8130	1.77718747762825	2.47578535873527
8131	2.67108769117817	2.59384836692679
8132	4.35982474578546	5.41406228674345
8133	6.84974890775299	5.649305680872
8134	-0.893561116752308	2.20904481010888
8135	1.0414245237707	0.589800016575457
8136	-0.661454181204971	2.46229961099208
8137	2.03264325827361	2.67300035513412
8138	1.78727384762591	2.87056532784522
8139	-1.21476090462747	0.269825631277063
8140	2.84035551031012	2.97472635885697
8141	-1.92544732339913	1.98247615250033
8142	4.74391931814099	2.44276126678743
8143	1.23684306104109	4.49739783206635
8144	3.52394363702012	4.38807377559055
8145	-0.60769795026067	1.71891920710827
8146	1.78293700919429	3.28671819502649
8147	9.12357248076193	4.85851273122345
8148	1.55460162166328	1.62040789320246
8149	2.79747309673443	5.25586957859158
8150	-2.468480763009	0.952775056485157
8151	3.21250437248829	2.36852500899461
8152	2.61992310149195	2.69419530180882
8153	3.39119933659318	3.98804142477301
8154	1.42248703238835	3.28354216708269
8155	0.0224335439709509	3.01552109097489
8156	2.76441723998846	4.82599640929862
8157	4.82227399060934	2.85015405902424
8158	4.30581213615538	5.424195378151
8159	1.56461070933343	4.2770911723685
8160	8.46238412942214	4.64565308731697
8161	5.14145786889453	4.23723858189125
8162	0.152141180491686	0.779705960331628
8163	5.43955415746924	3.32261053625858
8164	3.0929359640409	1.4318303214233
8165	-0.522200305679872	0.861711077580236
8166	7.93345967206466	3.51019381784903
8167	5.10709505665504	5.48916049071919
8168	1.13808574947018	3.95002650902913
8169	1.36884511637092	1.75055222351194
8170	4.38938467747954	3.93797171823518
8171	6.83347206322215	2.27918856830315
8172	1.16791741174778	1.08834712005599
8173	1.77720762258611	1.00043855369947
8174	3.4975384431208	3.63349793648616
8175	3.04903500163892	3.69505329642302
8176	0.557875387409282	0.777715621663736
8177	3.70938463379437	2.20043207146557
8178	5.7040181250073	1.65224454286009
8179	4.42296419835094	2.4214472378118
8180	2.99732712778944	0.734454596283736
8181	1.77497222628881	4.18659294618227
8182	6.82023048077642	4.76711305337782
8183	1.12114394749595	0.828671762503706
8184	0.0454630274296597	2.99910024197549
8185	1.77970022714975	0.881887877770812
8186	4.54732905591619	4.77882025533573
8187	4.38055630961751	1.55579676025607
8188	0.120842644778862	1.74617327821115
8189	-0.5227724176263	0.504200001213119
8190	0.86190148314876	2.74808870846216
8191	1.37532887078729	1.81843389284572
8192	4.47059296001707	3.64740152686118
8193	3.93126489666456	5.27917939785895
8194	2.09693380443249	0.597239140504861
8195	1.88443942552515	4.24606495744575
8196	0.360592221502674	2.50489824230978
8197	8.22015178402632	5.22543030293055
8198	-1.07473712331055	1.08895626020835
8199	4.91616731797472	4.04930354591234
8200	0.54073987584485	1.41559113430151
