group	y	yend
1	0.72659511272592	0
2	0.955969342031826	0
3	-1.48018317295949	0
4	9.18937119752268	0
5	3.86278767333421	0
6	4.07277951095575	0
7	8.09335750718966	0
8	2.40746289272958	0
9	1.75169841125618	0
10	6.30234904471344	0
11	6.13579655870498	0
12	4.54584570886809	0
13	0.0167104651076917	0
14	-3.94584964160729	0
15	4.87117994637236	0
16	-0.0896766524990942	0
17	1.67250081881448	0
18	10.5986502421001	0
19	2.16053848443678	0
20	3.95893327242985	0
21	8.64082570944673	0
22	4.54730201138831	0
23	0.977307494202632	0
24	1.06882011005263	0
25	3.19035531022509	0
26	0.354662517959042	0
27	8.21281182966493	0
28	-2.44353143268069	0
29	3.96386746052535	0
30	1.75346706331009	0
31	2.72891950447322	0
32	0.15130527464686	0
33	0.776844952845669	0
34	3.43692809074676	0
35	1.10411931682987	0
36	0.19172838097893	0
37	2.32819553563234	0
38	5.41486842392824	0
39	4.00172788958346	0
40	1.80975166297802	0
41	3.37918766093409	0
42	0.271837861555728	0
43	4.27576087797144	0
44	1.21458901003792	0
45	-1.34571426500243	0
46	1.5991827235065	0
47	8.90883706034136	0
48	1.55573076680744	0
49	1.71821580999688	0
50	3.09945175602001	0
51	0.814243488014961	0
52	3.47294951502317	0
53	0.820190235673438	0
54	0.0858972810183634	0
55	9.50144070357534	0
56	9.73618464349955	0
57	0.480776128002462	0
58	-2.07576876510189	0
59	2.08428246714859	0
60	0.0423928969344883	0
61	10.9400305590002	0
62	1.45510443302963	0
63	1.43980085650073	0
64	1.06729994622673	0
65	-0.667118095738368	0
66	2.48559622194781	0
67	-3.59334622840611	0
68	5.4842791619212	0
69	6.52912929207117	0
70	9.41640296883018	0
71	1.8833297538254	0
72	2.72801818624204	0
73	2.06766699685338	0
74	-0.873487412559177	0
75	-2.48713331053373	0
76	6.12039571806073	0
77	3.89217324849871	0
78	0.437893522890534	0
79	2.91732636838642	0
80	6.45903992462169	0
81	-0.983639680156443	0
82	1.35549236184546	0
83	2.71621453822414	0
84	-1.94906625013054	0
85	3.56726923576964	0
86	3.84800896785591	0
87	3.73079781533223	0
88	4.54384424690582	0
89	3.07197709478683	0
90	5.11454114811392	0
91	1.35550223140033	0
92	9.41913541980507	0
93	3.04965937796903	0
94	6.49725403412085	0
95	5.97422921167153	0
96	4.29910421735747	0
97	-2.48117093495082	0
98	-0.855475425622786	0
99	1.02982585245596	0
100	-0.550405438180211	0
101	-0.378911573341857	0
102	0.860069221105435	0
103	0.0782511233260432	0
104	9.05461057364169	0
105	-0.667633028420721	0
106	6.49555919214203	0
107	6.37854978133696	0
108	1.83758599419501	0
109	7.24258033035268	0
110	3.71548639175473	0
111	6.89111419736346	0
112	1.01091020763872	0
113	3.60354287504806	0
114	-1.13234192349842	0
115	4.04042233026464	0
116	7.74974825111187	0
117	1.03288850154374	0
118	5.11043242136999	0
119	1.09225002588568	0
120	0.351957938008793	0
121	7.69667328978609	0
122	2.68677664636076	0
123	-0.420341071145105	0
124	3.47992365154558	0
125	2.13723221294091	0
126	1.50185514701769	0
127	-0.14263730175095	0
128	3.0038066445694	0
129	1.28722956868309	0
130	-0.318752239915457	0
131	0.322131339588853	0
132	5.2616944108093	0
133	8.82900430089372	0
134	-2.30272827027497	0
135	7.22671133846696	0
136	-2.72650320743043	0
137	-0.46843181378382	0
138	-1.03217188205283	0
139	7.16723598287619	0
140	-0.111691247546562	0
141	-2.6259055099788	0
142	2.72434890377882	0
143	-0.875120443972189	0
144	1.17835308185305	0
145	-0.338855688886291	0
146	-1.42065506517047	0
147	7.97386728885544	0
148	2.22575254380213	0
149	3.04465045166932	0
150	1.50293764620544	0
151	1.37353910564799	0
152	0.0804999982917752	0
153	0.419282683854408	0
154	-1.77964448430797	0
155	-2.97491361983617	0
156	1.51608146727065	0
157	2.03166462183689	0
158	5.25153152901144	0
159	-0.990726377760774	0
160	6.71007762971618	0
161	2.51754568958693	0
162	5.14228240478092	0
163	2.22102915390564	0
164	4.59494068903147	0
165	3.97686449291997	0
166	4.68391143616397	0
167	6.33941544000246	0
168	-1.87467214629883	0
169	1.51311956696982	0
170	1.36435275540902	0
171	5.22823915846488	0
172	4.38826261422772	0
173	5.47986906477806	0
174	0.270595138764477	0
175	-0.153860075129734	0
176	5.56012300122196	0
177	2.32505263054526	0
178	6.24277095251061	0
179	2.45398224816271	0
180	8.26490907575558	0
181	-0.930945882161437	0
182	5.39932265096741	0
183	5.81624554422744	0
184	-2.93409858024638	0
185	6.16025155235434	0
186	3.16011254647495	0
187	5.32739330739337	0
188	0.282227101930624	0
189	6.22767820949219	0
190	-1.77049189360083	0
191	1.25986883578969	0
192	1.24833832538136	0
193	4.27138506427479	0
194	8.23388103279801	0
195	-0.724592211437589	0
196	-1.80064293010617	0
197	8.34779430816257	0
198	2.14232647054823	0
199	2.01688935116643	0
200	2.11802353590613	0
201	0.72659511272592	0.160000085534528
202	0.955969342031826	0.20887046141065
203	-1.48018317295949	0.300880990709228
204	9.18937119752268	0.454601016294643
205	3.86278767333421	0.130743137921286
206	4.07277951095575	0.450100585597868
207	8.09335750718966	0.471317007794057
208	2.40746289272958	0.341193027237422
209	1.75169841125618	0.326669805664532
210	6.30234904471344	0.0666176551078666
211	6.13579655870498	0.132710803387574
212	4.54584570886809	0.119226238854761
213	0.0167104651076917	0.353214088174328
214	-3.94584964160729	0.214361780062954
215	4.87117994637236	0.391176530896005
216	-0.0896766524990942	0.266431785551529
217	1.67250081881448	0.367238551581766
218	10.5986502421001	0.492966711030207
219	2.16053848443678	0.212496840060449
220	3.95893327242985	0.394661967320233
221	8.64082570944673	0.466746934171221
222	4.54730201138831	0.13553807149717
223	0.977307494202632	0.337010748846648
224	1.06882011005263	0.0958480594433083
225	3.19035531022509	0.160784835999967
226	0.354662517959042	0.21528329702796
227	8.21281182966493	0.0444338873377724
228	-2.44353143268069	0.213575308121759
229	3.96386746052535	0.436945589113945
230	1.75346706331009	0.194305456430075
231	2.72891950447322	0.259272278021572
232	0.15130527464686	0.313125470063345
233	0.776844952845669	0.26452586802252
234	3.43692809074676	0.123654586356214
235	1.10411931682987	0.41754804778516
236	0.19172838097893	0.344708324595703
237	2.32819553563234	0.402360307327681
238	5.41486842392824	0.0877752999530266
239	4.00172788958346	0.370031207996502
240	1.80975166297802	0.226816312117212
241	3.37918766093409	0.414602023248956
242	0.271837861555728	0.33489597596632
243	4.27576087797144	0.397177350661662
244	1.21458901003792	0.291797234975123
245	-1.34571426500243	0.281109293295141
246	1.5991827235065	0.400121745612416
247	8.90883706034136	0.0489905907610847
248	1.55573076680744	0.257049108092549
249	1.71821580999688	0.373974562841773
250	3.09945175602001	0.355830851069386
251	0.814243488014961	0.257227673581665
252	3.47294951502317	0.433057892578848
253	0.820190235673438	0.239111312142234
254	0.0858972810183634	0.150506384095404
255	9.50144070357534	0.0706939330686425
256	9.73618464349955	0.0838893925573957
257	0.480776128002462	0.183268889548354
258	-2.07576876510189	0.276027996976472
259	2.08428246714859	0.341746422994256
260	0.0423928969344883	0.224779156768648
261	10.9400305590002	0.456740799346805
262	1.45510443302963	0.172878160604327
263	1.43980085650073	0.248722924211602
264	1.06729994622673	0.190659347832438
265	-0.667118095738368	0.336642532012792
266	2.48559622194781	0.156565950581988
267	-3.59334622840611	0.257651962819058
268	5.4842791619212	0.389558103233493
269	6.52912929207117	0.0769131827071951
270	9.41640296883018	0.439526494939029
271	1.8833297538254	0.193720535574808
272	2.72801818624204	0.423079343202769
273	2.06766699685338	0.197209066066218
274	-0.873487412559177	0.191292030941846
275	-2.48713331053373	0.256646273907403
276	6.12039571806073	0.447262590122237
277	3.89217324849871	0.434492621595428
278	0.437893522890534	0.217059729270173
279	2.91732636838642	0.394604888605791
280	6.45903992462169	0.478624848262302
281	-0.983639680156443	0.237535572062397
282	1.35549236184546	0.364899054182534
283	2.71621453822414	0.221645749009387
284	-1.94906625013054	0.187431190922699
285	3.56726923576964	0.385330217688389
286	3.84800896785591	0.131206251079525
287	3.73079781533223	0.364260320614131
288	4.54384424690582	0.0940772542816439
289	3.07197709478683	0.15082323382164
290	5.11454114811392	0.103983989943263
291	1.35550223140033	0.148137535481165
292	9.41913541980507	0.0653104020647499
293	3.04965937796903	0.332708612519576
294	6.49725403412085	0.439960986134824
295	5.97422921167153	0.395335537773442
296	4.29910421735747	0.403767061989685
297	-2.48117093495082	0.246985077679825
298	-0.855475425622786	0.226270679650396
299	1.02982585245596	0.40998335491625
300	-0.550405438180211	0.31558581281944
301	-0.378911573341857	0.338408884496835
302	0.860069221105435	0.200194858933619
303	0.0782511233260432	0.162178073928893
304	9.05461057364169	0.493323315853728
305	-0.667633028420721	0.328677156216443
306	6.49555919214203	0.136026528449883
307	6.37854978133696	0.0975978144677293
308	1.83758599419501	0.257456136146964
309	7.24258033035268	0.461873997465812
310	3.71548639175473	0.312756538491539
311	6.89111419736346	0.485753906055866
312	1.01091020763872	0.373735642498023
313	3.60354287504806	0.201812778157787
314	-1.13234192349842	0.236075265203212
315	4.04042233026464	0.106233347542075
316	7.74974825111187	0.0442905252274338
317	1.03288850154374	0.366297751526887
318	5.11043242136999	0.0855936869610396
319	1.09225002588568	0.242864186282064
320	0.351957938008793	0.331706035925095
321	7.69667328978609	0.492935781884695
322	2.68677664636076	0.26546658952773
323	-0.420341071145105	0.260312531455595
324	3.47992365154558	0.117798649640202
325	2.13723221294091	0.384291433538726
326	1.50185514701769	0.246352986894685
327	-0.14263730175095	0.272606423033797
328	3.0038066445694	0.133430708006449
329	1.28722956868309	0.143108515034286
330	-0.318752239915457	0.311358948846929
331	0.322131339588853	0.301806385850678
332	5.2616944108093	0.073620847089451
333	8.82900430089372	0.0545871346990338
334	-2.30272827027497	0.332941118685214
335	7.22671133846696	0.463955380760325
336	-2.72650320743043	0.312450090406353
337	-0.46843181378382	0.295402141496659
338	-1.03217188205283	0.279417017310988
339	7.16723598287619	0.489844738651252
340	-0.111691247546562	0.270989273297553
341	-2.6259055099788	0.351272951898128
342	2.72434890377882	0.314030951903246
343	-0.875120443972189	0.147788828101104
344	1.17835308185305	0.156634316222131
345	-0.338855688886291	0.372597534106579
346	-1.42065506517047	0.245745789203951
347	7.97386728885544	0.118570761613358
348	2.22575254380213	0.380568155441267
349	3.04465045166932	0.0864203330022362
350	1.50293764620544	0.434586808945015
351	1.37353910564799	0.320037460970181
352	0.0804999982917752	0.293687243101187
353	0.419282683854408	0.189001221743665
354	-1.77964448430797	0.246002763911573
355	-2.97491361983617	0.267688542150338
356	1.51608146727065	0.121201680631527
357	2.03166462183689	0.28106850776708
358	5.25153152901144	0.0728009713680033
359	-0.990726377760774	0.165613998554525
360	6.71007762971618	0.135793388657366
361	2.51754568958693	0.168838500343266
362	5.14228240478092	0.448589954121775
363	2.22102915390564	0.242841714032951
364	4.59494068903147	0.39582610254675
365	3.97686449291997	0.441954861042819
366	4.68391143616397	0.227664215662509
367	6.33941544000246	0.0675445973362701
368	-1.87467214629883	0.192077035946633
369	1.51311956696982	0.370038083974093
370	1.36435275540902	0.193052397749027
371	5.22823915846488	0.327265736707333
372	4.38826261422772	0.423617575671785
373	5.47986906477806	0.430730321068451
374	0.270595138764477	0.217687590646588
375	-0.153860075129734	0.212707102155223
376	5.56012300122196	0.448750993856406
377	2.32505263054526	0.333637981569878
378	6.24277095251061	0.37799222919559
379	2.45398224816271	0.315755485333424
380	8.26490907575558	0.452251274567148
381	-0.930945882161437	0.172936275192526
382	5.39932265096741	0.125965975354152
383	5.81624554422744	0.444628095813439
384	-2.93409858024638	0.269017164865628
385	6.16025155235434	0.440322341612426
386	3.16011254647495	0.12501873721474
387	5.32739330739337	0.38579588872694
388	0.282227101930624	0.370392387591151
389	6.22767820949219	0.470881339633932
390	-1.77049189360083	0.289326688766476
391	1.25986883578969	0.364545729234582
392	1.24833832538136	0.216562641138983
393	4.27138506427479	0.0845343187426165
394	8.23388103279801	0.463353475887147
395	-0.724592211437589	0.168124351942302
396	-1.80064293010617	0.309003404476106
397	8.34779430816257	0.0888831967117612
398	2.14232647054823	0.423568289703486
399	2.01688935116643	0.184044459414535
400	2.11802353590613	0.397140026868729
401	0.72659511272592	0.324416744611903
402	0.955969342031826	0.407619692871325
403	-1.48018317295949	0.564269752775861
404	9.18937119752268	0.825981661185175
405	3.86278767333421	0.274606112815995
406	4.07277951095575	0.818319573556505
407	8.09335750718966	0.854441024365768
408	2.40746289272958	0.632901929822939
409	1.75169841125618	0.608175808293768
410	6.30234904471344	0.165430991221681
411	6.13579655870498	0.277956108903571
412	4.54584570886809	0.254998325072146
413	0.0167104651076917	0.653368064842896
414	-3.94584964160729	0.416968790223509
415	4.87117994637236	0.718000003946034
416	-0.0896766524990942	0.505619182099266
417	1.67250081881448	0.677245039028915
418	10.5986502421001	0.891300146193586
419	2.16053848443678	0.413793686620281
420	3.95893327242985	0.723934040287429
421	8.64082570944673	0.846660368040423
422	4.54730201138831	0.282769598426027
423	0.977307494202632	0.625781503873359
424	1.06882011005263	0.215196432471582
425	3.19035531022509	0.325752800478099
426	0.354662517959042	0.418537694226907
427	8.21281182966493	0.127662612139579
428	-2.44353143268069	0.415629803504917
429	3.96386746052535	0.795922886971174
430	1.75346706331009	0.382822434121591
431	2.72891950447322	0.493429954496681
432	0.15130527464686	0.585116262832313
433	0.776844952845669	0.502374313306874
434	3.43692809074676	0.262537689389133
435	1.10411931682987	0.762898123019494
436	0.19172838097893	0.63888680509705
437	2.32819553563234	0.737040642678759
438	5.41486842392824	0.201452372227739
439	4.00172788958346	0.681999601338208
440	1.80975166297802	0.438172919873187
441	3.37918766093409	0.75788244792671
442	0.271837861555728	0.622181054001879
443	4.27576087797144	0.728216538759305
444	1.21458901003792	0.548804447981361
445	-1.34571426500243	0.530607979412071
446	1.5991827235065	0.733229439445068
447	8.90883706034136	0.135420505390173
448	1.55573076680744	0.489644956136011
449	1.71821580999688	0.688713254410804
450	3.09945175602001	0.657823164355873
451	0.814243488014961	0.48994896802226
452	3.47294951502317	0.789303993462397
453	0.820190235673438	0.459105442543455
454	0.0858972810183634	0.308253497747748
455	9.50144070357534	0.172370948980982
456	9.73618464349955	0.194836524770393
457	0.480776128002462	0.364032423061534
458	-2.07576876510189	0.52195695459154
459	2.08428246714859	0.633844098932494
460	0.0423928969344883	0.434704615649526
461	10.9400305590002	0.829624691454201
462	1.45510443302963	0.346341966067729
463	1.43980085650073	0.475469434990012
464	1.06729994622673	0.376614849678892
465	-0.667118095738368	0.625154606174572
466	2.48559622194781	0.318570050215765
467	-3.59334622840611	0.490671330288419
468	5.4842791619212	0.715244593318398
469	6.52912929207117	0.182959365718365
470	9.41640296883018	0.800316938990975
471	1.8833297538254	0.381826592800869
472	2.72801818624204	0.77231528174169
473	2.06766699685338	0.387765896863394
474	-0.873487412559177	0.377692007344922
475	-2.48713331053373	0.488959121593859
476	6.12039571806073	0.813487820444599
477	3.89217324849871	0.791746652885264
478	0.437893522890534	0.421562111315695
479	2.91732636838642	0.723836862452405
480	6.45903992462169	0.86688279223571
481	-0.983639680156443	0.456422708515272
482	1.35549236184546	0.673261990452518
483	2.71621453822414	0.429369916273972
484	-1.94906625013054	0.371118837677365
485	3.56726923576964	0.708046520130917
486	3.84800896785591	0.275394573707739
487	3.73079781533223	0.672174531739737
488	4.54384424690582	0.212181595617924
489	3.07197709478683	0.308792941754581
490	5.11454114811392	0.229048042824364
491	1.35550223140033	0.304220478047132
492	9.41913541980507	0.163205362599873
493	3.04965937796903	0.618457017007662
494	6.49725403412085	0.801056670327901
495	5.97422921167153	0.725080809604479
496	4.29910421735747	0.739435675114217
497	-2.48117093495082	0.472510710968066
498	-0.855475425622786	0.437243967944922
499	1.02982585245596	0.750019057980875
500	-0.550405438180211	0.589305053431237
501	-0.378911573341857	0.628161862241321
502	0.860069221105435	0.392849278462289
503	0.0782511233260432	0.328124820362034
504	9.05461057364169	0.891907274175489
505	-0.667633028420721	0.611593369159936
506	6.49555919214203	0.283601207715602
507	6.37854978133696	0.21817543097842
508	1.83758599419501	0.490337930837853
509	7.24258033035268	0.838364080293438
510	3.71548639175473	0.58448814827559
511	6.89111419736346	0.87902017845594
512	1.01091020763872	0.688306486984879
513	3.60354287504806	0.395603823461852
514	-1.13234192349842	0.453936502222207
515	4.04042233026464	0.232877626300154
516	7.74974825111187	0.127418534822083
517	1.03288850154374	0.675643305117824
518	5.11043242136999	0.197738125516102
519	1.09225002588568	0.465494797797687
520	0.351957938008793	0.616750107105266
521	7.69667328978609	0.891247488606088
522	2.68677664636076	0.503975913485332
523	-0.420341071145105	0.495201010092142
524	3.47992365154558	0.252567821327798
525	2.13723221294091	0.706277966026152
526	1.50185514701769	0.47143456174784
527	-0.14263730175095	0.516131645605994
528	3.0038066445694	0.279181763212182
529	1.28722956868309	0.295658454110629
530	-0.318752239915457	0.582108719494787
531	0.322131339588853	0.565845259464591
532	5.2616944108093	0.17735408797812
533	8.82900430089372	0.144948751231399
534	-2.30272827027497	0.618852864146603
535	7.22671133846696	0.841907683620746
536	-2.72650320743043	0.583966413303867
537	-0.46843181378382	0.554941884934
538	-1.03217188205283	0.527726840304259
539	7.16723598287619	0.885984915818195
540	-0.111691247546562	0.513378410677465
541	-2.6259055099788	0.65006323531667
542	2.72434890377882	0.586657866663356
543	-0.875120443972189	0.303626795645866
544	1.17835308185305	0.318686444303545
545	-0.338855688886291	0.686368831055099
546	-1.42065506517047	0.470400793598123
547	7.97386728885544	0.253882359867787
548	2.22575254380213	0.699938998720405
549	3.04465045166932	0.199145509571606
550	1.50293764620544	0.79190700903219
551	1.37353910564799	0.596884087643991
552	0.0804999982917752	0.552022230646291
553	0.419282683854408	0.37379185155992
554	-1.77964448430797	0.470838298997231
555	-2.97491361983617	0.5077588393536
556	1.51608146727065	0.258361560508649
557	2.03166462183689	0.530538541104708
558	5.25153152901144	0.175958230548996
559	-0.990726377760774	0.333974561718113
560	6.71007762971618	0.283204281812204
561	2.51754568958693	0.339464350791376
562	5.14228240478092	0.815747688436099
563	2.22102915390564	0.465456538272429
564	4.59494068903147	0.725916007507497
565	3.97686449291997	0.804451288597796
566	4.68391143616397	0.439616495322394
567	6.33941544000246	0.167009131861827
568	-1.87467214629883	0.37902849657026
569	1.51311956696982	0.682011307849515
570	1.36435275540902	0.380689072658001
571	5.22823915846488	0.609190394714098
572	4.38826261422772	0.773231635002091
573	5.47986906477806	0.785341248988309
574	0.270595138764477	0.422631059869484
575	-0.153860075129734	0.414151662712726
576	5.56012300122196	0.816021862318906
577	2.32505263054526	0.62003928936837
578	6.24277095251061	0.695553424550023
579	2.45398224816271	0.589593924821092
580	8.26490907575558	0.821981171402337
581	-0.930945882161437	0.346440907501847
582	5.39932265096741	0.266472882760478
583	5.81624554422744	0.809002532788529
584	-2.93409858024638	0.510020850337857
585	6.16025155235434	0.801671886408548
586	3.16011254647495	0.264860187861166
587	5.32739330739337	0.708839335873213
588	0.282227101930624	0.682614517974048
589	6.22767820949219	0.853699289219777
590	-1.77049189360083	0.544598285767843
591	1.25986883578969	0.672660446534835
592	1.24833832538136	0.420715807244601
593	4.27138506427479	0.195934526556917
594	8.23388103279801	0.840882926615662
595	-0.724592211437589	0.33824849657725
596	-1.80064293010617	0.578098350577119
597	8.34779430816257	0.203338592152207
598	2.14232647054823	0.773147724498093
599	2.01688935116643	0.36535284874459
600	2.11802353590613	0.728152994136279
601	0.72659511272592	0.48751024414308
602	0.955969342031826	0.594480079971222
603	-1.48018317295949	0.795877164341479
604	9.18937119752268	1.13234697054986
605	3.86278767333421	0.423471226089402
606	4.07277951095575	1.1224962107765
607	8.09335750718966	1.16893573898761
608	2.40746289272958	0.884114094220013
609	1.75169841125618	0.852324966358878
610	6.30234904471344	0.283110276414295
611	6.13579655870498	0.427778147166232
612	4.54584570886809	0.398262481930806
613	0.0167104651076917	0.910426372197175
614	-3.94584964160729	0.606499743094051
615	4.87117994637236	0.993520397826661
616	-0.0896766524990942	0.720473082542108
617	1.67250081881448	0.941123794129721
618	10.5986502421001	1.21632365363695
619	2.16053848443678	0.602417672466991
620	3.95893327242985	1.00114948918119
621	8.64082570944673	1.15893254141867
622	4.54730201138831	0.433966607968993
623	0.977307494202632	0.874959721559105
624	1.06882011005263	0.347091195261292
625	3.19035531022509	0.489227943811829
626	0.354662517959042	0.60851680387356
627	8.21281182966493	0.234553375554114
628	-2.44353143268069	0.604778275376137
629	3.96386746052535	1.09370191998217
630	1.75346706331009	0.562599494572054
631	2.72891950447322	0.704802007143974
632	0.15130527464686	0.822678471326125
633	0.776844952845669	0.716301318328611
634	3.43692809074676	0.407955462529548
635	1.10411931682987	1.05124364594169
636	0.19172838097893	0.891808546627245
637	2.32819553563234	1.01799998709496
638	5.41486842392824	0.329421149924534
639	4.00172788958346	0.947236495185386
640	1.80975166297802	0.633760823560005
641	3.37918766093409	1.04479524534452
642	0.271837861555728	0.870330804679154
643	4.27576087797144	1.0066552815606
644	1.21458901003792	0.775994201663981
645	-1.34571426500243	0.752599919415233
646	1.5991827235065	1.01310011524253
647	8.90883706034136	0.244527307785468
648	1.55573076680744	0.699935825575646
649	1.71821580999688	0.955867900466164
650	3.09945175602001	0.916154069033293
651	0.814243488014961	0.700326678330773
652	3.47294951502317	1.08519234229521
653	0.820190235673438	0.660672712625834
654	0.0858972810183634	0.466729972533983
655	9.50144070357534	0.292032630221423
656	9.73618464349955	0.320915488392327
657	0.480776128002462	0.538442124666888
658	-2.07576876510189	0.741477732952415
659	2.08428246714859	0.885325393543892
660	0.0423928969344883	0.629301799677218
661	10.9400305590002	1.13703063090021
662	1.45510443302963	0.515698395989728
663	1.43980085650073	0.681711072709461
664	1.06729994622673	0.554618716214845
665	-0.667118095738368	0.874153750793367
666	2.48559622194781	0.479993443924148
667	-3.59334622840611	0.70125538307785
668	5.4842791619212	0.989977905299132
669	6.52912929207117	0.305645623796437
670	9.41640296883018	1.09935113113407
671	1.8833297538254	0.561319191592208
672	2.72801818624204	1.06335081213657
673	2.06766699685338	0.568955055390218
674	-0.873487412559177	0.556003563520219
675	-2.48713331053373	0.699054082681745
676	6.12039571806073	1.11628426939755
677	3.89217324849871	1.08833274636639
678	0.437893522890534	0.612405144445997
679	2.91732636838642	1.001024552538
680	6.45903992462169	1.18493149267544
681	-0.983639680156443	0.657223656738168
682	1.35549236184546	0.936002989383905
683	2.71621453822414	0.622443245643576
684	-1.94906625013054	0.547552770670706
685	3.56726923576964	0.980723705499107
686	3.84800896785591	0.424484910506976
687	3.73079781533223	0.93460489854206
688	4.54384424690582	0.343215171514165
689	3.07197709478683	0.467423508497029
690	5.11454114811392	0.364899512350881
691	1.35550223140033	0.461544922433096
692	9.41913541980507	0.280248897902239
693	3.04965937796903	0.865542998066253
694	6.49725403412085	1.10030216641976
695	5.97422921167153	1.00262383267675
696	4.29910421735747	1.02107915954959
697	-2.48117093495082	0.67790719040109
698	-0.855475425622786	0.632566516899754
699	1.02982585245596	1.0346856813308
700	-0.550405438180211	0.828063788217639
701	-0.378911573341857	0.878020028304956
702	0.860069221105435	0.575490502828812
703	0.0782511233260432	0.492277530189159
704	9.05461057364169	1.2171042074744
705	-0.667633028420721	0.856718752065208
706	6.49555919214203	0.435035766106294
707	6.37854978133696	0.350921143452733
708	1.83758599419501	0.700826748212881
709	7.24258033035268	1.14826642252693
710	3.71548639175473	0.821870936107488
711	6.89111419736346	1.20053591822191
712	1.01091020763872	0.955344940094185
713	3.60354287504806	0.579031882461969
714	-1.13234192349842	0.654027266651426
715	4.04042233026464	0.369823014753924
716	7.74974825111187	0.23423957765238
717	1.03288850154374	0.939064525593039
718	5.11043242136999	0.32464593018436
719	1.09225002588568	0.668887184551298
720	0.351957938008793	0.86334851006009
721	7.69667328978609	1.21625595443148
722	2.68677664636076	0.718360414931989
723	-0.420341071145105	0.707078964033751
724	3.47992365154558	0.395137705802658
725	2.13723221294091	0.978449964649805
726	1.50185514701769	0.676523639603644
727	-0.14263730175095	0.733988426877719
728	3.0038066445694	0.429353909118385
729	1.28722956868309	0.450537159919818
730	-0.318752239915457	0.81881182448498
731	0.322131339588853	0.797902713860639
732	5.2616944108093	0.298439200800757
733	8.82900430089372	0.256777293088731
734	-2.30272827027497	0.866051918775812
735	7.22671133846696	1.15282225467101
736	-2.72650320743043	0.821200167758065
737	-0.46843181378382	0.783884794929767
738	-1.03217188205283	0.748895784119453
739	7.16723598287619	1.20949012991527
740	-0.111691247546562	0.730448731536842
741	-2.6259055099788	0.906177519491161
742	2.72434890377882	0.824660433650399
743	-0.875120443972189	0.460781654900803
744	1.17835308185305	0.480143085934697
745	-0.338855688886291	0.952853793553876
746	-1.42065506517047	0.675194576011874
747	7.97386728885544	0.396827741729919
748	2.22575254380213	0.970300273969355
749	3.04465045166932	0.32645533291003
750	1.50293764620544	1.08853890818
751	1.37353910564799	0.837807770401376
752	0.0804999982917752	0.78013114260897
753	0.419282683854408	0.550989329857187
754	-1.77964448430797	0.675757054646292
755	-2.97491361983617	0.723223932001324
756	1.51608146727065	0.40258642417108
757	2.03166462183689	0.752510646084249
758	5.25153152901144	0.296644617277498
759	-0.990726377760774	0.499798247730872
760	6.71007762971618	0.43452545848366
761	2.51754568958693	0.506856192769876
762	5.14228240478092	1.11918966774101
763	2.22102915390564	0.668837996208561
764	4.59494068903147	1.00369760451343
765	3.97686449291997	1.10466645598673
766	4.68391143616397	0.635616755735938
767	6.33941544000246	0.285139212271998
768	-1.87467214629883	0.557721820336969
769	1.51311956696982	0.947251545656779
770	1.36435275540902	0.559856739293591
771	5.22823915846488	0.85362936896824
772	4.38826261422772	1.06452892132472
773	5.47986906477806	1.08009764151008
774	0.270595138764477	0.613779437709632
775	-0.153860075129734	0.602877904281371
776	5.56012300122196	1.11954215927943
777	2.32505263054526	0.867577245868778
778	6.24277095251061	0.964661962361032
779	2.45398224816271	0.828435175599875
780	8.26490907575558	1.12720374252424
781	-0.930945882161437	0.515825600003354
782	5.39932265096741	0.41301474225089
783	5.81624554422744	1.11051776118782
784	-2.93409858024638	0.726132085482532
785	6.16025155235434	1.10109311871799
786	3.16011254647495	0.410941381724261
787	5.32739330739337	0.981742988728482
788	0.282227101930624	0.948027062502527
789	6.22767820949219	1.16798212750563
790	-1.77049189360083	0.770586550963387
791	1.25986883578969	0.9352296146963
792	1.24833832538136	0.611317093968947
793	4.27138506427479	0.322327133932546
794	8.23388103279801	1.15150477625359
795	-0.724592211437589	0.505293030305122
796	-1.80064293010617	0.813655895353771
797	8.34779430816257	0.331846167786004
798	2.14232647054823	1.06442104182015
799	2.01688935116643	0.540139729397184
800	2.11802353590613	1.00657358544243
801	0.72659511272592	0.645494825092684
802	0.955969342031826	0.76858341725122
803	-1.48018317295949	1.00032803374101
804	9.18937119752268	1.38749881351657
805	3.86278767333421	0.57180608364125
806	4.07277951095575	1.37616369139725
807	8.09335750718966	1.42960096279024
808	2.40746289272958	1.10186095085785
809	1.75169841125618	1.06528167629804
810	6.30234904471344	0.410294835579685
811	6.13579655870498	0.576761993387029
812	4.54584570886809	0.542798758309356
813	0.0167104651076917	1.13213809607004
814	-3.94584964160729	0.782414264055415
815	4.87117994637236	1.22775315009285
816	-0.0896766524990942	0.913561683210166
817	1.67250081881448	1.16746116092586
818	10.5986502421001	1.48412952829059
819	2.16053848443678	0.777717086363342
820	3.95893327242985	1.23653183155017
821	8.64082570944673	1.41809043277669
822	4.54730201138831	0.583882962788757
823	0.977307494202632	1.09132715098611
824	1.06882011005263	0.483916723141885
825	3.19035531022509	0.647471356442299
826	0.354662517959042	0.784735265763287
827	8.21281182966493	0.354421135108988
828	-2.44353143268069	0.780433396867913
829	3.96386746052535	1.34303053111297
830	1.75346706331009	0.731898903868606
831	2.72891950447322	0.895529210846035
832	0.15130527464686	1.03116789732694
833	0.776844952845669	0.908761296448035
834	3.43692809074676	0.553952326289361
835	1.10411931682987	1.29417442942164
836	0.19172838097893	1.11071484230215
837	2.32819553563234	1.25592144778469
838	5.41486842392824	0.463584065930244
839	4.00172788958346	1.17449495471831
840	1.80975166297802	0.813783182118127
841	3.37918766093409	1.2867543511815
842	0.271837861555728	1.0860007254797
843	4.27576087797144	1.24286726459493
844	1.21458901003792	0.97744900560222
845	-1.34571426500243	0.950529554485326
846	1.5991827235065	1.250283238439
847	8.90883706034136	0.365897989935749
848	1.55573076680744	0.889929768406994
849	1.71821580999688	1.18442698383788
850	3.09945175602001	1.1387288712583
851	0.814243488014961	0.890379516833711
852	3.47294951502317	1.33323868718572
853	0.820190235673438	0.844750290852982
854	0.0858972810183634	0.621583276970416
855	9.50144070357534	0.420561654822299
856	9.73618464349955	0.453796728263779
857	0.480776128002462	0.704101379184571
858	-2.07576876510189	0.937731420667188
859	2.08428246714859	1.10325477489529
860	0.0423928969344883	0.808652249945666
861	10.9400305590002	1.39288823151661
862	1.45510443302963	0.677930510344452
863	1.43980085650073	0.868958817527534
864	1.06729994622673	0.722715541430839
865	-0.667118095738368	1.09039973246567
866	2.48559622194781	0.636845355367669
867	-3.59334622840611	0.891448163513064
868	5.4842791619212	1.22367685685962
869	6.52912929207117	0.436225923176453
870	9.41640296883018	1.34953099399683
871	1.8833297538254	0.730425678355024
872	2.72801818624204	1.30810596470371
873	2.06766699685338	0.739212152761897
874	-0.873487412559177	0.724309064538109
875	-2.48713331053373	0.888915160030569
876	6.12039571806073	1.36901570324727
877	3.89217324849871	1.33685230323868
878	0.437893522890534	0.789209521175468
879	2.91732636838642	1.23638806882118
880	6.45903992462169	1.44800703761225
881	-0.983639680156443	0.840781513765477
882	1.35549236184546	1.16156872740007
883	2.71621453822414	0.8007602142731
884	-1.94906625013054	0.714584863445185
885	3.56726923576964	1.21302818739013
886	3.84800896785591	0.572972515158007
887	3.73079781533223	1.15995996515322
888	4.54384424690582	0.479456640516598
889	3.07197709478683	0.622381318442966
890	5.11454114811392	0.504408487593986
891	1.35550223140033	0.615616917274259
892	9.41913541980507	0.407002290069495
893	3.04965937796903	1.08049146793109
894	6.49725403412085	1.35062533609339
895	5.97422921167153	1.23822833658658
896	4.29910421735747	1.25946460553116
897	-2.48117093495082	0.864581746978165
898	-0.855475425622786	0.81240891128488
899	1.02982585245596	1.27512142688886
900	-0.550405438180211	1.03736470102746
901	-0.378911573341857	1.09484860024332
902	0.860069221105435	0.746732394502149
903	0.0782511233260432	0.650980469931587
904	9.05461057364169	1.48502769993133
905	-0.667633028420721	1.07033753987539
906	6.49555919214203	0.58511322708613
907	6.37854978133696	0.488323787313526
908	1.83758599419501	0.890954939776946
909	7.24258033035268	1.4058170890998
910	3.71548639175473	1.03023867861391
911	6.89111419736346	1.46596281698769
912	1.01091020763872	1.18382522114989
913	3.60354287504806	0.750807407144446
914	-1.13234192349842	0.837103475440742
915	4.04042233026464	0.510073888261267
916	7.74974825111187	0.354060052551015
917	1.03288850154374	1.16509159138231
918	5.11043242136999	0.458089291908061
919	1.09225002588568	0.854202560988795
920	0.351957938008793	1.07796630336394
921	7.69667328978609	1.48405162782616
922	2.68677664636076	0.911130668150497
923	-0.420341071145105	0.898149271125632
924	3.47992365154558	0.539203125096996
925	2.13723221294091	1.21041182776027
926	1.50185514701769	0.8629897157432
927	-0.14263730175095	0.929113588043233
928	3.0038066445694	0.57857519912644
929	1.28722956868309	0.602950449385574
930	-0.318752239915457	1.02671860456729
931	0.322131339588853	1.00265880331479
932	5.2616944108093	0.42793359988578
933	8.82900430089372	0.379993865032387
934	-2.30272827027497	1.08107707538926
935	7.22671133846696	1.41105941709239
936	-2.72650320743043	1.02946683549426
937	-0.46843181378382	0.986528593402482
938	-1.03217188205283	0.946267261333313
939	7.16723598287619	1.4762662946241
940	-0.111691247546562	0.925040513490903
941	-2.6259055099788	1.12724900473113
942	2.72434890377882	1.03344851176668
943	-0.875120443972189	0.614738636726636
944	1.17835308185305	0.637017546193838
945	-0.338855688886291	1.18095869603902
946	-1.42065506517047	0.86146038212187
947	7.97386728885544	0.541147824192525
948	2.22575254380213	1.20103410043539
949	3.04465045166932	0.460171344595403
950	1.50293764620544	1.33708953055793
951	1.37353910564799	1.04857695576945
952	0.0804999982917752	0.982209321749474
953	0.419282683854408	0.718539260765314
954	-1.77964448430797	0.862107617884118
955	-2.97491361983617	0.916727044590349
956	1.51608146727065	0.547774254053644
957	2.03166462183689	0.950426828996939
958	5.25153152901144	0.425868599433281
959	-0.990726377760774	0.659634447261408
960	6.71007762971618	0.584526023727805
961	2.51754568958693	0.667755919185317
962	5.14228240478092	1.37235890171988
963	2.22102915390564	0.854145960697589
964	4.59494068903147	1.23946390979891
965	3.97686449291997	1.35564725890379
966	4.68391143616397	0.815918775548825
967	6.33941544000246	0.412629501762644
968	-1.87467214629883	0.726286236989606
969	1.51311956696982	1.17451227307092
970	1.36435275540902	0.728742856341302
971	5.22823915846488	1.0667826328953
972	4.38826261422772	1.30946159734778
973	5.47986906477806	1.32737629109756
974	0.270595138764477	0.790790899904567
975	-0.153860075129734	0.778246668237149
976	5.56012300122196	1.37276450846757
977	2.32505263054526	1.08283224648961
978	6.24277095251061	1.1945461794935
979	2.45398224816271	1.03779205094037
980	8.26490907575558	1.38158057785768
981	-0.930945882161437	0.678076882102742
982	5.39932265096741	0.55977396388855
983	5.81624554422744	1.36238026839116
984	-2.93409858024638	0.920073413358811
985	6.16025155235434	1.35153547308762
986	3.16011254647495	0.557388178902679
987	5.32739330739337	1.214201061376
988	0.282227101930624	1.17540464872055
989	6.22767820949219	1.4285036563031
990	-1.77049189360083	0.971226502721215
991	1.25986883578969	1.16067881669981
992	1.24833832538136	0.787957517744962
993	4.27138506427479	0.455421087699569
994	8.23388103279801	1.40954341435813
995	-0.724592211437589	0.665957211487842
996	-1.80064293010617	1.02078575393593
997	8.34779430816257	0.466374497758215
998	2.14232647054823	1.30933746201339
999	2.01688935116643	0.706054787588689
1000	2.11802353590613	1.24277325809215
1001	0.72659511272592	0.795983338189934
1002	0.955969342031826	0.929682607002168
1003	-1.48018317295949	1.18140443785998
1004	9.18937119752268	1.60195072288681
1005	3.86278767333421	0.715942363807345
1006	4.07277951095575	1.58963847272069
1007	8.09335750718966	1.64768222793208
1008	2.40746289272958	1.29168985538599
1009	1.75169841125618	1.25195731659776
1010	6.30234904471344	0.540508268802261
1011	6.13579655870498	0.721325490689295
1012	4.54584570886809	0.684434503338214
1013	0.0167104651076917	1.32457699874838
1014	-3.94584964160729	0.944705722242557
1015	4.87117994637236	1.42843441222685
1016	-0.0896766524990942	1.08715851774628
1017	1.67250081881448	1.36294503806552
1018	10.5986502421001	1.70691135070396
1019	2.16053848443678	0.939603631042242
1020	3.95893327242985	1.43796984740729
1021	8.64082570944673	1.63517944908421
1022	4.54730201138831	0.729060313109062
1023	0.977307494202632	1.28024800430973
1024	1.06882011005263	0.62047662625138
1025	3.19035531022509	0.798130253607471
1026	0.354662517959042	0.947226802594624
1027	8.21281182966493	0.479818055617075
1028	-2.44353143268069	0.942554097222408
1029	3.96386746052535	1.55364911557749
1030	1.75346706331009	0.8898357574284
1031	2.72891950447322	1.06757158180298
1032	0.15130527464686	1.21490280793148
1033	0.776844952845669	1.08194432048513
1034	3.43692809074676	0.696549548749194
1035	1.10411931682987	1.50058144327255
1036	0.19172838097893	1.30130698392315
1037	2.32819553563234	1.45903091787405
1038	5.41486842392824	0.598391221304146
1039	4.00172788958346	1.37058517002686
1040	1.80975166297802	0.97877875317798
1041	3.37918766093409	1.49252172776326
1042	0.271837861555728	1.27446242188408
1043	4.27576087797144	1.44485141742803
1044	1.21458901003792	1.15655315570906
1045	-1.34571426500243	1.12731315167587
1046	1.5991827235065	1.45290667472763
1047	8.90883706034136	0.492284256356667
1048	1.55573076680744	1.06148944740914
1049	1.71821580999688	1.38137337556095
1050	3.09945175602001	1.33173592231817
1051	0.814243488014961	1.06197796575798
1052	3.47294951502317	1.54301317970043
1053	0.820190235673438	1.01241533738512
1054	0.0858972810183634	0.770010529141976
1055	9.50144070357534	0.551660124564792
1056	9.73618464349955	0.587760180143651
1057	0.480776128002462	0.859641986747696
1058	-2.07576876510189	1.11341177297261
1059	2.08428246714859	1.29320383203803
1060	0.0423928969344883	0.973205516310508
1061	10.9400305590002	1.60780472798421
1062	1.45510443302963	0.831215095459525
1063	1.43980085650073	1.03871072559819
1064	1.06729994622673	0.879860756320371
1065	-0.667118095738368	1.27924063899755
1066	2.48559622194781	0.786588253255024
1067	-3.59334622840611	1.06313873360122
1068	5.4842791619212	1.42400672794523
1069	6.52912929207117	0.568674708846749
1070	9.41640296883018	1.56070994159941
1071	1.8833297538254	0.88823553460915
1072	2.72801818624204	1.51571392669754
1073	2.06766699685338	0.897779434519251
1074	-0.873487412559177	0.881591646815917
1075	-2.48713331053373	1.06038737616371
1076	6.12039571806073	1.58187430243998
1077	3.89217324849871	1.54693830237489
1078	0.437893522890534	0.952086754817631
1079	2.91732636838642	1.43781369181715
1080	6.45903992462169	1.66767497220066
1081	-0.983639680156443	1.00810443752533
1082	1.35549236184546	1.3565446557059
1083	2.71621453822414	0.964633158950997
1084	-1.94906625013054	0.871029184827298
1085	3.56726923576964	1.41244010510126
1086	3.84800896785591	0.717209345890535
1087	3.73079781533223	1.35479721240246
1088	4.54384424690582	0.61563206856016
1089	3.07197709478683	0.770877364642249
1090	5.11454114811392	0.642734854051969
1091	1.35550223140033	0.763529847911828
1092	9.41913541980507	0.536931894099101
1093	3.04965937796903	1.26847824664062
1094	6.49725403412085	1.56189861989667
1095	5.97422921167153	1.4398125972424
1096	4.29910421735747	1.46287950848413
1097	-2.48117093495082	1.03395633592058
1098	-0.855475425622786	0.977286015286247
1099	1.02982585245596	1.47988600381192
1100	-0.550405438180211	1.22163379826295
1101	-0.378911573341857	1.28407301508117
1102	0.860069221105435	0.905947947980416
1103	0.0782511233260432	0.801941865223701
1104	9.05461057364169	1.70788694795086
1105	-0.667633028420721	1.25744901368887
1106	6.49555919214203	0.730396630586742
1107	6.37854978133696	0.625263595108722
1108	1.83758599419501	1.06260299221591
1109	7.24258033035268	1.62184809930837
1110	3.71548639175473	1.21389348724368
1111	6.89111419736346	1.6871786039455
1112	1.01091020763872	1.38071973877811
1113	3.60354287504806	0.910374241279588
1114	-1.13234192349842	1.00410933914897
1115	4.04042233026464	0.6488886325091
1116	7.74974825111187	0.479425846451829
1117	1.03288850154374	1.36037120315672
1118	5.11043242136999	0.592422778118866
1119	1.09225002588568	1.02268242699604
1120	0.351957938008793	1.26573540386098
1121	7.69667328978609	1.70682673494102
1122	2.68677664636076	1.08451794049823
1123	-0.420341071145105	1.07041750064471
1124	3.47992365154558	0.680528913689498
1125	2.13723221294091	1.4095982059185
1126	1.50185514701769	1.03222706590207
1127	-0.14263730175095	1.10405105236997
1128	3.0038066445694	0.723295001245181
1129	1.28722956868309	0.749771485211819
1130	-0.318752239915457	1.21006997023089
1131	0.322131339588853	1.18393612810291
1132	5.2616944108093	0.559667557645526
1133	8.82900430089372	0.507595246275714
1134	-2.30272827027497	1.26911433555508
1135	7.22671133846696	1.62754233471388
1136	-2.72650320743043	1.21305510848797
1137	-0.46843181378382	1.16641543643486
1138	-1.03217188205283	1.12268343361756
1139	7.16723598287619	1.69837027818641
1140	-0.111691247546562	1.09962686423105
1141	-2.6259055099788	1.31926645025882
1142	2.72434890377882	1.21738001948853
1143	-0.875120443972189	0.762575856441377
1144	1.17835308185305	0.786775287545945
1145	-0.338855688886291	1.3776061089556
1146	-1.42065506517047	1.03056589825561
1147	7.97386728885544	0.682641252798854
1148	2.22575254380213	1.39941208497528
1149	3.04465045166932	0.594684311190653
1150	1.50293764620544	1.54719597953708
1151	1.37353910564799	1.23381258944459
1152	0.0804999982917752	1.1617238281251
1153	0.419282683854408	0.875324465332363
1154	-1.77964448430797	1.03126892805426
1155	-2.97491361983617	1.09059674459278
1156	1.51608146727065	0.68983890460176
1157	2.03166462183689	1.12720157088317
1158	5.25153152901144	0.557424546772184
1159	-0.990726377760774	0.811341846335066
1160	6.71007762971618	0.729758808199831
1161	2.51754568958693	0.820163418170961
1162	5.14228240478092	1.585505696572
1163	2.22102915390564	1.0226209475574
1164	4.59494068903147	1.44115468128249
1165	3.97686449291997	1.5673534504054
1166	4.68391143616397	0.981098442396594
1167	6.33941544000246	0.543044191556014
1168	-1.87467214629883	0.883739258600609
1169	1.51311956696982	1.37060398128337
1170	1.36435275540902	0.886407647322196
1171	5.22823915846488	1.25358766101924
1172	4.38826261422772	1.51718641972155
1173	5.47986906477806	1.53664542411293
1174	0.270595138764477	0.953804454046195
1175	-0.153860075129734	0.940178864766688
1176	5.56012300122196	1.58594626807127
1177	2.32505263054526	1.27102080867856
1178	6.24277095251061	1.39236488205557
1179	2.45398224816271	1.22209798726601
1180	8.26490907575558	1.59552231415797
1181	-0.930945882161437	0.83137408498662
1182	5.39932265096741	0.702873032320269
1183	5.81624554422744	1.57466686937933
1184	-2.93409858024638	1.09423158231148
1185	6.16025155235434	1.56288721395331
1186	3.16011254647495	0.700281584140058
1187	5.32739330739337	1.41371408501742
1188	0.282227101930624	1.37157328290401
1189	6.22767820949219	1.64649032970316
1190	-1.77049189360083	1.14979425083589
1191	1.25986883578969	1.35557803152208
1192	1.24833832538136	0.95072682421583
1193	4.27138506427479	0.589524565169468
1194	8.23388103279801	1.6258956471246
1195	-0.724592211437589	0.818209655440052
1196	-1.80064293010617	1.20362568666671
1197	8.34779430816257	0.601422198330755
1198	2.14232647054823	1.51705158347759
1199	2.01688935116643	0.861763785939175
1200	2.11802353590613	1.44474930722866
1201	0.72659511272592	0.937581363066958
1202	0.955969342031826	1.07795033412835
1203	-1.48018317295949	1.3422295235742
1204	9.18937119752268	1.78375511931857
1205	3.86278767333421	0.85354747629519
1206	4.07277951095575	1.77082866203408
1207	8.09335750718966	1.83176797956322
1208	2.40746289272958	1.45801662337461
1209	1.75169841125618	1.41630199294388
1210	6.30234904471344	0.66936170158064
1211	6.13579655870498	0.85919914506066
1212	4.54584570886809	0.820467819288172
1213	0.0167104651076917	1.49254436998039
1214	-3.94584964160729	1.09372289030734
1215	4.87117994637236	1.60158279925964
1216	-0.0896766524990942	1.2432820652177
1217	1.67250081881448	1.53282643171816
1218	10.5986502421001	1.89395179772631
1219	2.16053848443678	1.08836627692858
1220	3.95893327242985	1.61159391777055
1221	8.64082570944673	1.81864148891092
1222	4.54730201138831	0.867319825704995
1223	0.977307494202632	1.44600398578219
1224	1.06882011005263	0.753319348861171
1225	3.19035531022509	0.939835379194291
1226	0.354662517959042	1.09636973690662
1227	8.21281182966493	0.605643905260712
1228	-2.44353143268069	1.09146392963484
1229	3.96386746052535	1.7330439450627
1230	1.75346706331009	1.03611569042089
1231	2.72891950447322	1.22271801824099
1232	0.15130527464686	1.37739898845568
1233	0.776844952845669	1.23780775327148
1234	3.43692809074676	0.833187234089831
1235	1.10411931682987	1.67732894658705
1236	0.19172838097893	1.46811351058512
1237	2.32819553563234	1.63370563773083
1238	5.41486842392824	0.730132194619728
1239	4.00172788958346	1.54084769818966
1240	1.80975166297802	1.12949568350088
1241	3.37918766093409	1.66886716528386
1242	0.271837861555728	1.43992978463439
1243	4.27576087797144	1.61881878079097
1244	1.21458901003792	1.31613851398178
1245	-1.34571426500243	1.28543984736652
1246	1.5991827235065	1.62727588148288
1247	8.90883706034136	0.618731993074557
1248	1.55573076680744	1.21633247137672
1249	1.71821580999688	1.5521740825736
1250	3.09945175602001	1.50006042256861
1251	0.814243488014961	1.21684535988074
1252	3.47294951502317	1.72187742643772
1253	0.820190235673438	1.16481025744823
1254	0.0858972810183634	0.910312878250066
1255	9.50144070357534	0.681069877195346
1256	9.73618464349955	0.718970814888432
1257	0.480776128002462	1.00441567769407
1258	-2.07576876510189	1.27084498651017
1259	2.08428246714859	1.45960612604538
1260	0.0423928969344883	1.12364442095084
1261	10.9400305590002	1.78990115646156
1262	1.45510443302963	0.974570686647796
1263	1.43980085650073	1.19241741356748
1264	1.06729994622673	1.02564307786056
1265	-0.667118095738368	1.44494636719078
1266	2.48559622194781	0.927717596293485
1267	-3.59334622840611	1.21806403361954
1268	5.4842791619212	1.59693423616489
1269	6.52912929207117	0.698933248550427
1270	9.41640296883018	1.74045700642305
1271	1.8833297538254	1.03443563911917
1272	2.72801818624204	1.69321632687597
1273	2.06766699685338	1.04445564463001
1274	-0.873487412559177	1.02746031530724
1275	-2.48713331053373	1.21517542236566
1276	6.12039571806073	1.76267716948569
1277	3.89217324849871	1.72599835721017
1278	0.437893522890534	1.10147213199832
1279	2.91732636838642	1.61142997222538
1280	6.45903992462169	1.85275807896021
1281	-0.983639680156443	1.16028430466597
1282	1.35549236184546	1.52610676081644
1283	2.71621453822414	1.11464442422076
1284	-1.94906625013054	1.0163709358784
1285	3.56726923576964	1.58479060245853
1286	3.84800896785591	0.854877662862032
1287	3.73079781533223	1.5242721448109
1288	4.54384424690582	0.748233116270631
1289	3.07197709478683	0.911222956579842
1290	5.11454114811392	0.776687947371658
1291	1.35550223140033	0.903508902700056
1292	9.41913541980507	0.665606916369977
1293	3.04965937796903	1.4336470836964
1294	6.49725403412085	1.74170498295271
1295	5.97422921167153	1.61352859475552
1296	4.29910421735747	1.63774621857149
1297	-2.48117093495082	1.18742584709894
1298	-0.855475425622786	1.12792847910412
1299	1.02982585245596	1.65560109744802
1300	-0.550405438180211	1.38446575999038
1301	-0.378911573341857	1.45001981048381
1302	0.860069221105435	1.05303165136386
1303	0.0782511233260432	0.943837136312404
1304	9.05461057364169	1.89497606347537
1305	-0.667633028420721	1.42206764803615
1306	6.49555919214203	0.868722806521718
1307	6.37854978133696	0.758345119749655
1308	1.83758599419501	1.21750156631751
1309	7.24258033035268	1.80464509336202
1310	3.71548639175473	1.37633931694307
1311	6.89111419736346	1.87323466603735
1312	1.01091020763872	1.55148783856142
1313	3.60354287504806	1.05767875408582
1314	-1.13234192349842	1.15608990739394
1315	4.04042233026464	0.783148712324534
1316	7.74974825111187	0.605232130406178
1317	1.03288850154374	1.53012419885602
1318	5.11043242136999	0.723866010547078
1319	1.09225002588568	1.17558952959597
1320	0.351957938008793	1.43076741186137
1321	7.69667328978609	1.89386296083375
1322	2.68677664636076	1.24050976051768
1323	-0.420341071145105	1.22570590817552
1324	3.47992365154558	0.816367395963133
1325	2.13723221294091	1.58180693270709
1326	1.50185514701769	1.18561031096817
1327	-0.14263730175095	1.26101729836304
1328	3.0038066445694	0.861266906333256
1329	1.28722956868309	0.889064192322454
1330	-0.318752239915457	1.37232506051752
1331	0.322131339588853	1.34488750934783
1332	5.2616944108093	0.689476767916372
1333	8.82900430089372	0.634806784806487
1334	-2.30272827027497	1.43431490444979
1335	7.22671133846696	1.81062339056554
1336	-2.72650320743043	1.37545911494687
1337	-0.46843181378382	1.32649278300732
1338	-1.03217188205283	1.28057917186753
1339	7.16723598287619	1.88498464650925
1340	-0.111691247546562	1.25637240581905
1341	-2.6259055099788	1.48696890024242
1342	2.72434890377882	1.37999977782763
1343	-0.875120443972189	0.902507320550069
1344	1.17835308185305	0.927913960949799
1345	-0.338855688886291	1.54821888265512
1346	-1.42065506517047	1.18386627455447
1347	7.97386728885544	0.818585110913612
1348	2.22575254380213	1.57111266841822
1349	3.04465045166932	0.726240362128266
1350	1.50293764620544	1.72626888881775
1351	1.37353910564799	1.39725210057493
1352	0.0804999982917752	1.32156712980879
1353	0.419282683854408	1.02088049012108
1354	-1.77964448430797	1.18460437559525
1355	-2.97491361983617	1.24689181094785
1356	1.51608146727065	0.826141823725939
1357	2.03166462183689	1.28532270027065
1358	5.25153152901144	0.687121862529323
1359	-0.990726377760774	0.953706043512277
1360	6.71007762971618	0.868053165820119
1361	2.51754568958693	0.962967686995817
1362	5.14228240478092	1.76648971881643
1363	2.22102915390564	1.17552498320301
1364	4.59494068903147	1.61493762980454
1365	3.97686449291997	1.74743193234164
1366	4.68391143616397	1.13193109239797
1367	6.33941544000246	0.672024131007501
1368	-1.87467214629883	1.0297150625406
1369	1.51311956696982	1.54086744786177
1370	1.36435275540902	1.03251656611327
1371	5.22823915846488	1.41801366848969
1372	4.38826261422772	1.69476227647249
1373	5.47986906477806	1.71519200992252
1374	0.270595138764477	1.1032755201204
1375	-0.153860075129734	1.08897020667881
1376	5.56012300122196	1.76695226860134
1377	2.32505263054526	1.4363164836138
1378	6.24277095251061	1.56371390976017
1379	2.45398224816271	1.38495310545843
1380	8.26490907575558	1.77700602392825
1381	-0.930945882161437	0.974737607503282
1382	5.39932265096741	0.839826170041246
1383	5.81624554422744	1.75511018746922
1384	-2.93409858024638	1.25070797565153
1385	6.16025155235434	1.74274289386846
1386	3.16011254647495	0.83710544525459
1387	5.32739330739337	1.58612813595122
1388	0.282227101930624	1.54188510392187
1389	6.22767820949219	1.83051662247286
1390	-1.77049189360083	1.30904243536461
1391	1.25986883578969	1.52509191575938
1392	1.24833832538136	1.10004436009661
1393	4.27138506427479	0.720823217768644
1394	8.23388103279801	1.80889455655904
1395	-0.724592211437589	0.960916459141901
1396	-1.80064293010617	1.36555929836214
1397	8.34779430816257	0.73331437452479
1398	2.14232647054823	1.6946207138073
1399	2.01688935116643	1.00664332465095
1400	2.11802353590613	1.61871157673706
1401	0.72659511272592	1.06959133835555
1402	0.955969342031826	1.21383419167889
1403	-1.48018317295949	1.48540691940784
1404	9.18937119752268	1.93911767374256
1405	3.86278767333421	0.983238296709981
1406	4.07277951095575	1.9258344739871
1407	8.09335750718966	1.98845558585758
1408	2.40746289272958	1.60438949459491
1409	1.75169841125618	1.56152362991585
1410	6.30234904471344	0.793969390017088
1411	6.13579655870498	0.989045939400566
1412	4.54584570886809	0.949245712183856
1413	0.0167104651076917	1.63987013288401
1414	-3.94584964160729	1.23004203654842
1415	4.87117994637236	1.75191778873137
1416	-0.0896766524990942	1.38372872361775
1417	1.67250081881448	1.68126389304958
1418	10.5986502421001	2.05235554390786
1419	2.16053848443678	1.22453759213981
1420	3.95893327242985	1.76220519262165
1421	8.64082570944673	1.97496683224278
1422	4.54730201138831	0.997390733397483
1423	0.977307494202632	1.59204533399326
1424	1.06882011005263	0.88024408812513
1425	3.19035531022509	1.07190756048915
1426	0.354662517959042	1.23276193043169
1427	8.21281182966493	0.728493119305936
1428	-2.44353143268069	1.22772073341083
1429	3.96386746052535	1.88700697994226
1430	1.75346706331009	1.17084500161429
1431	2.72891950447322	1.36259715309067
1432	0.15130527464686	1.52154698601943
1433	0.776844952845669	1.37810333241388
1434	3.43692809074676	0.962316155528431
1435	1.10411931682987	1.82975436711575
1436	0.19172838097893	1.61476503421678
1437	2.32819553563234	1.78492714858414
1438	5.41486842392824	0.85641701820402
1439	4.00172788958346	1.68950652925591
1440	1.80975166297802	1.26680208203829
1441	3.37918766093409	1.82105905881406
1442	0.271837861555728	1.58580349793367
1443	4.27576087797144	1.76962944635134
1444	1.21458901003792	1.45859585396195
1445	-1.34571426500243	1.42704997005098
1446	1.5991827235065	1.77831994486693
1447	8.90883706034136	0.74194241024638
1448	1.55573076680744	1.35603537884122
1449	1.71821580999688	1.70114549753375
1450	3.09945175602001	1.64759361238846
1451	0.814243488014961	1.35656242196691
1452	3.47294951502317	1.87553228937513
1453	0.820190235673438	1.30309126241446
1454	0.0858972810183634	1.04157030189677
1455	9.50144070357534	0.806000686144046
1456	9.73618464349955	0.844947608353012
1457	0.480776128002462	1.13827013658873
1458	-2.07576876510189	1.41205232236674
1459	2.08428246714859	1.6060228641271
1460	0.0423928969344883	1.26078933720316
1461	10.9400305590002	1.94543332831659
1462	1.45510443302963	1.10760148785979
1463	1.43980085650073	1.33146031677649
1464	1.06729994622673	1.16008336742955
1465	-0.667118095738368	1.59095852739919
1466	2.48559622194781	1.05945535279433
1467	-3.59334622840611	1.35781472848469
1468	5.4842791619212	1.74714093527458
1469	6.52912929207117	0.824357048200047
1470	9.41640296883018	1.89462462588205
1471	1.8833297538254	1.16911858450332
1472	2.72801818624204	1.84608020499416
1473	2.06766699685338	1.17941512065565
1474	-0.873487412559177	1.16195075672857
1475	-2.48713331053373	1.35484639776138
1476	6.12039571806073	1.91745801774372
1477	3.89217324849871	1.87976694899023
1478	0.437893522890534	1.23800514067427
1479	2.91732636838642	1.76203672253138
1480	6.45903992462169	2.0100249669371
1481	-0.983639680156443	1.29844040305156
1482	1.35549236184546	1.67435877365654
1483	2.71621453822414	1.25154095988421
1484	-1.94906625013054	1.1505553342338
1485	3.56726923576964	1.73466216334747
1486	3.84800896785591	0.984605193570468
1487	3.73079781533223	1.67247352618774
1488	4.54384424690582	0.875017486434044
1489	3.07197709478683	1.04250549643472
1490	5.11454114811392	0.904257609787591
1491	1.35550223140033	1.03457855122812
1492	9.41913541980507	0.790110980795257
1493	3.04965937796903	1.57934740793729
1494	6.49725403412085	1.89590704388481
1495	5.97422921167153	1.76419326253811
1496	4.29910421735747	1.78907924078183
1497	-2.48117093495082	1.32633099378914
1498	-0.855475425622786	1.26519162616459
1499	1.02982585245596	1.80742687598509
1500	-0.550405438180211	1.52880878527778
1501	-0.378911573341857	1.59617198683562
1502	0.860069221105435	1.18822780676468
1503	0.0782511233260432	1.07601975751289
1504	9.05461057364169	2.05340807719273
1505	-0.667633028420721	1.56744840471115
1506	6.49555919214203	0.998832433472876
1507	6.37854978133696	0.885408559500981
1508	1.83758599419501	1.35723673829261
1509	7.24258033035268	1.96058416622372
1510	3.71548639175473	1.52045806984794
1511	6.89111419736346	2.03106666385912
1512	1.01091020763872	1.70044031466004
1513	3.60354287504806	1.19300315954552
1514	-1.13234192349842	1.29413024941922
1515	4.04042233026464	0.910896677983416
1516	7.74974825111187	0.728069980349401
1517	1.03288850154374	1.67848708436151
1518	5.11043242136999	0.849977900902997
1519	1.09225002588568	1.31416801933289
1520	0.351957938008793	1.57638826334159
1521	7.69667328978609	2.05226425530778
1522	2.68677664636076	1.38087990925949
1523	-0.420341071145105	1.3656675023731
1524	3.47992365154558	0.945032125977696
1525	2.13723221294091	1.73159615071613
1526	1.50185514701769	1.32446535275869
1527	-0.14263730175095	1.4019534111245
1528	3.0038066445694	0.991170766445286
1529	1.28722956868309	1.01973519785352
1530	-0.318752239915457	1.51633302856271
1531	0.322131339588853	1.48813825988274
1532	5.2616944108093	0.814639589001344
1533	8.82900430089372	0.758460831721293
1534	-2.30272827027497	1.58003365910981
1535	7.22671133846696	1.96672745159605
1536	-2.72650320743043	1.51955357616623
1537	-0.46843181378382	1.4692358785844
1538	-1.03217188205283	1.42205515034295
1539	7.16723598287619	2.04314091856758
1540	-0.111691247546562	1.39718032951779
1541	-2.6259055099788	1.63414079215051
1542	2.72434890377882	1.52421955159476
1543	-0.875120443972189	1.03354932756096
1544	1.17835308185305	1.05965713669361
1545	-0.338855688886291	1.69708114258841
1546	-1.42065506517047	1.32267318468401
1547	7.97386728885544	0.947311045099893
1548	2.22575254380213	1.72060674769097
1549	3.04465045166932	0.852417779490648
1550	1.50293764620544	1.88004494668941
1551	1.37353910564799	1.54194800141317
1552	0.0804999982917752	1.46417428793183
1553	0.419282683854408	1.15518934249262
1554	-1.77964448430797	1.32343165572899
1555	-2.97491361983617	1.38743809058077
1556	1.51608146727065	0.955076306963345
1557	2.03166462183689	1.42692958994674
1558	5.25153152901144	0.812219693281043
1559	-0.990726377760774	1.08616102536524
1560	6.71007762971618	0.998144312125475
1561	2.51754568958693	1.09567827032634
1562	5.14228240478092	1.92137578525133
1563	2.22102915390564	1.31410169159805
1564	4.59494068903147	1.76564118392961
1565	3.97686449291997	1.90179204478245
1566	4.68391143616397	1.26930470299268
1567	6.33941544000246	0.796705296780517
1568	-1.87467214629883	1.16426773014516
1569	1.51311956696982	1.68952682397657
1570	1.36435275540902	1.16714654920226
1571	5.22823915846488	1.56328254403216
1572	4.38826261422772	1.84766881948075
1573	5.47986906477806	1.86866236971614
1574	0.270595138764477	1.23985829843706
1575	-0.153860075129734	1.22515818905465
1576	5.56012300122196	1.92185110041733
1577	2.32505263054526	1.58209047756183
1578	6.24277095251061	1.71300379917736
1579	2.45398224816271	1.52930958043453
1580	8.26490907575558	1.9321823178082
1581	-0.930945882161437	1.10777301537255
1582	5.39932265096741	0.969138311859863
1583	5.81624554422744	1.90968220326813
1584	-2.93409858024638	1.39135957323785
1585	6.16025155235434	1.89697359891368
1586	3.16011254647495	0.966342500909856
1587	5.32739330739337	1.73603660989318
1588	0.282227101930624	1.69057256515926
1589	6.22767820949219	1.9871696939979
1590	-1.77049189360083	1.45130393880858
1591	1.25986883578969	1.67331592105454
1592	1.24833832538136	1.23653796533316
1593	4.27138506427479	0.846851133576042
1594	8.23388103279801	1.96495090548238
1595	-0.724592211437589	1.09357043298717
1596	-1.80064293010617	1.50938054589635
1597	8.34779430816257	0.859687019443066
1598	2.14232647054823	1.8475233499899
1599	2.01688935116643	1.14055926181938
1600	2.11802353590613	1.76951928369568
1601	0.72659511272592	1.19179757985719
1602	0.955969342031826	1.33795313291211
1603	-1.48018317295949	1.61312698937267
1604	9.18937119752268	2.07285407254476
1605	3.86278767333421	1.10429947323424
1606	4.07277951095575	2.05939473392334
1607	8.09335750718966	2.12284621888411
1608	2.40746289272958	1.73368730608648
1609	1.75169841125618	1.69025302830427
1610	6.30234904471344	0.912520809013072
1611	6.13579655870498	1.11018412685715
1612	4.54584570886809	1.06985613772947
1613	0.0167104651076917	1.76963842735459
1614	-3.94584964160729	1.35437589824264
1615	4.87117994637236	1.88317186579932
1616	-0.0896766524990942	1.51010051286493
1617	1.67250081881448	1.81158108011438
1618	10.5986502421001	2.1875935078752
1619	2.16053848443678	1.34879846339394
1620	3.95893327242985	1.89359568348208
1621	8.64082570944673	2.10917860070289
1622	4.54730201138831	1.11863957510744
1623	0.977307494202632	1.72117945853519
1624	1.06882011005263	0.999939533241728
1625	3.19035531022509	1.19414451573051
1626	0.354662517959042	1.35713185866356
1627	8.21281182966493	0.846176305023606
1628	-2.44353143268069	1.35202381398982
1629	3.96386746052535	2.02005237667573
1630	1.75346706331009	1.29439389441598
1631	2.72891950447322	1.48868873192642
1632	0.15130527464686	1.64974628316339
1633	0.776844952845669	1.50440052743335
1634	3.43692809074676	1.08309989873174
1635	1.10411931682987	1.96204057852627
1636	0.19172838097893	1.74420042820477
1637	2.32819553563234	1.91661893880235
1638	5.41486842392824	0.975796509849146
1639	4.00172788958346	1.8199330159338
1640	1.80975166297802	1.39162339200132
1641	3.37918766093409	1.95322996805554
1642	0.271837861555728	1.71485485402031
1643	4.27576087797144	1.90111838484914
1644	1.21458901003792	1.58596040185758
1645	-1.34571426500243	1.55399621088806
1646	1.5991827235065	1.90992412175467
1647	8.90883706034136	0.859803937244599
1648	1.55573076680744	1.48203994675368
1649	1.71821580999688	1.83172632011798
1650	3.09945175602001	1.77746432231211
1651	0.814243488014961	1.48257397861553
1652	3.47294951502317	2.00842552856969
1653	0.820190235673438	1.42839377684596
1654	0.0858972810183634	1.16340497678225
1655	9.50144070357534	0.924711643421078
1656	9.73618464349955	0.964175012482964
1657	0.480776128002462	1.26138707776054
1658	-2.07576876510189	1.53879969028889
1659	2.08428246714859	1.73534233454592
1660	0.0423928969344883	1.38553091652327
1661	10.9400305590002	2.07925347442779
1662	1.45510443302963	1.23031175435178
1663	1.43980085650073	1.45713901263684
1664	1.06729994622673	1.28348955801519
1665	-0.667118095738368	1.72007824058808
1666	2.48559622194781	1.18152718835199
1667	-3.59334622840611	1.48384289106064
1668	5.4842791619212	1.8783316699577
1669	6.52912929207117	0.943311415864273
1670	9.41640296883018	2.02777103468655
1671	1.8833297538254	1.29264458454139
1672	2.72801818624204	1.97858290148527
1673	2.06766699685338	1.30307765558249
1674	-0.873487412559177	1.28538170940765
1675	-2.48713331053373	1.48083519945915
1676	6.12039571806073	2.05090720357654
1677	3.89217324849871	2.01271634093082
1678	0.437893522890534	1.36244459530964
1679	2.91732636838642	1.89342497943229
1680	6.45903992462169	2.14470161586286
1681	-0.983639680156443	1.42368124581442
1682	1.35549236184546	1.80458439694742
1683	2.71621453822414	1.37615990318869
1684	-1.94906625013054	1.27383518049031
1685	3.56726923576964	1.86568742609791
1686	3.84800896785591	1.10568449552138
1687	3.73079781533223	1.80267415058097
1688	4.54384424690582	0.994643625381072
1689	3.07197709478683	1.16435257225585
1690	5.11454114811392	1.02427148077681
1691	1.35550223140033	1.15632051358526
1692	9.41913541980507	0.908611236228452
1693	3.04965937796903	1.70831315450277
1694	6.49725403412085	2.02907045790318
1695	5.97422921167153	1.89561011575
1696	4.29910421735747	1.9208260888795
1697	-2.48117093495082	1.45194167342217
1698	-0.855475425622786	1.38999158104177
1699	1.02982585245596	1.93941701874951
1700	-0.550405438180211	1.65710437586833
1701	-0.378911573341857	1.72536083192419
1702	0.860069221105435	1.31200720032241
1703	0.0782511233260432	1.19831124161278
1704	9.05461057364169	2.18865999803963
1705	-0.667633028420721	1.69625636723567
1706	6.49555919214203	1.12010039252059
1707	6.37854978133696	1.00517248692216
1708	1.83758599419501	1.48325723656035
1709	7.24258033035268	2.09460521659416
1710	3.71548639175473	1.6486429276653
1711	6.89111419736346	2.1660223314477
1712	1.01091020763872	1.83101178632627
1713	3.60354287504806	1.31684587558871
1714	-1.13234192349842	1.4193139383647
1715	4.04042233026464	1.03099858483481
1716	7.74974825111187	0.845747555128644
1717	1.03288850154374	1.80876745018275
1718	5.11043242136999	0.969272008089554
1719	1.09225002588568	1.43961741459417
1720	0.351957938008793	1.70531477083946
1721	7.69667328978609	2.18750100876327
1722	2.68677664636076	1.50721392244822
1723	-0.420341071145105	1.49179979488105
1724	3.47992365154558	1.06558667821645
1725	2.13723221294091	1.86258075729954
1726	1.50185514701769	1.45005129348081
1727	-0.14263730175095	1.52856686471829
1728	3.0038066445694	1.1123371296903
1729	1.28722956868309	1.14128033328051
1730	-0.318752239915457	1.64446318720311
1731	0.322131339588853	1.61589454817017
1732	5.2616944108093	0.933465100495765
1733	8.82900430089372	0.876541397511337
1734	-2.30272827027497	1.70900850555375
1735	7.22671133846696	2.10082996361268
1736	-2.72650320743043	1.6477264401497
1737	-0.46843181378382	1.59674151611997
1738	-1.03217188205283	1.54893515850303
1739	7.16723598287619	2.17825669407976
1740	-0.111691247546562	1.52373049074252
1741	-2.6259055099788	1.76383311399416
1742	2.72434890377882	1.65245428769005
1743	-0.875120443972189	1.15527764213045
1744	1.17835308185305	1.18173164796103
1745	-0.338855688886291	1.82760807071317
1746	-1.42065506517047	1.44823536076673
1747	7.97386728885544	1.06789581643022
1748	2.22575254380213	1.85144563178116
1749	3.04465045166932	0.971744240135365
1750	1.50293764620544	2.01299802495561
1751	1.37353910564799	1.67041782160745
1752	0.0804999982917752	1.59161280738938
1753	0.419282683854408	1.27853063696753
1754	-1.77964448430797	1.44900388934545
1755	-2.97491361983617	1.51385906704957
1756	1.51608146727065	1.07576404779226
1757	2.03166462183689	1.55387423451069
1758	5.25153152901144	0.931013116295598
1759	-0.990726377760774	1.20858698545373
1760	6.71007762971618	1.11940314649571
1761	2.51754568958693	1.21823043168903
1762	5.14228240478092	2.05487692175406
1763	2.22102915390564	1.4395502073354
1764	4.59494068903147	1.89707723697563
1765	3.97686449291997	2.03503349552415
1766	4.68391143616397	1.39415919839483
1767	6.33941544000246	0.915292994649329
1768	-1.87467214629883	1.28772940652617
1769	1.51311956696982	1.81995357976801
1770	1.36435275540902	1.29064639951225
1771	5.22823915846488	1.69203526610338
1772	4.38826261422772	1.98019258143495
1773	5.47986906477806	2.0014645118949
1774	0.270595138764477	1.36432232645181
1775	-0.153860075129734	1.34942728959381
1776	5.56012300122196	2.0553585397293
1777	2.32505263054526	1.71109259798164
1778	6.24277095251061	1.84374186608842
1779	2.45398224816271	1.65761181170599
1780	8.26490907575558	2.06582675189167
1781	-0.930945882161437	1.23048555636632
1782	5.39932265096741	1.09001251872416
1783	5.81624554422744	2.04302827967183
1784	-2.93409858024638	1.51783254964047
1785	6.16025155235434	2.03015115574378
1786	3.16011254647495	1.08717963455541
1787	5.32739330739337	1.86708009818117
1788	0.282227101930624	1.82101318776513
1789	6.22767820949219	2.12154327574627
1790	-1.77049189360083	1.5785717939126
1791	1.25986883578969	1.80352771583437
1792	1.24833832538136	1.36095796482177
1793	4.27138506427479	0.966103778971675
1794	8.23388103279801	2.09902986001109
1795	-0.724592211437589	1.21609464384956
1796	-1.80064293010617	1.63741851271287
1797	8.34779430816257	0.979109872200012
1798	2.14232647054823	1.98004518297882
1799	2.01688935116643	1.26370655741856
1800	2.11802353590613	1.9010067614065
1801	0.72659511272592	1.30431070706431
1802	0.955969342031826	1.45102411265444
1803	-1.48018317295949	1.72724826402505
1804	9.18937119752268	2.18873005246485
1805	3.86278767333421	1.21647863406387
1806	4.07277951095575	2.17521934168538
1807	8.09335750718966	2.23891301088758
1808	2.40746289272958	1.84826874032171
1809	1.75169841125618	1.80466868079895
1810	6.30234904471344	1.02396798113752
1811	6.13579655870498	1.22238574847512
1812	4.54584570886809	1.18190383381738
1813	0.0167104651076917	1.88435708131034
1814	-3.94584964160729	1.46750956107215
1815	4.87117994637236	1.99832385885949
1816	-0.0896766524990942	1.623828551818
1817	1.67250081881448	1.92645982251485
1818	10.5986502421001	2.3039074299983
1819	2.16053848443678	1.46191083804038
1820	3.95893327242985	2.00878746259895
1821	8.64082570944673	2.22519322557831
1822	4.54730201138831	1.23087346982857
1823	0.977307494202632	1.83571315230267
1824	1.06882011005263	1.11172036875369
1825	3.19035531022509	1.30666660081914
1826	0.354662517959042	1.47027604055633
1827	8.21281182966493	0.957370250712427
1828	-2.44353143268069	1.46514849928727
1829	3.96386746052535	2.13572682090807
1830	1.75346706331009	1.40729861546256
1831	2.72891950447322	1.60233504551204
1832	0.15130527464686	1.7640073278447
1833	0.776844952845669	1.61810681044724
1834	3.43692809074676	1.19519814415216
1835	1.10411931682987	2.07749360093786
1836	0.19172838097893	1.85882198935754
1837	2.32819553563234	2.03189859402848
1838	5.41486842392824	1.08748519527494
1839	4.00172788958346	1.93484363634692
1840	1.80975166297802	1.50489922259928
1841	3.37918766093409	2.06864936176617
1842	0.271837861555728	1.82936440777676
1843	4.27576087797144	2.01633887692245
1844	1.21458901003792	1.69997798595971
1845	-1.34571426500243	1.66789179274946
1846	1.5991827235065	2.02517822392732
1847	8.90883706034136	0.971049897441418
1848	1.55573076680744	1.59566088298218
1849	1.71821580999688	1.94668195370029
1850	3.09945175602001	1.89221284646609
1851	0.814243488014961	1.59619695315883
1852	3.47294951502317	2.12405559496926
1853	0.820190235673438	1.54180995416341
1854	0.0858972810183634	1.27580973393244
1855	9.50144070357534	1.03620534602445
1856	9.73618464349955	1.07581934049891
1857	0.480776128002462	1.37416581702973
1858	-2.07576876510189	1.6526372694445
1859	2.08428246714859	1.84993008576194
1860	0.0423928969344883	1.49878349310987
1861	10.9400305590002	2.19515387984859
1862	1.45510443302963	1.34297188404655
1863	1.43980085650073	1.5706649059543
1864	1.06729994622673	1.39635265894144
1865	-0.667118095738368	1.83460773118154
1866	2.48559622194781	1.29400111510577
1867	-3.59334622840611	1.59747070884123
1868	5.4842791619212	1.99346518875901
1869	6.52912929207117	1.05487611084525
1870	9.41640296883018	2.14347493981073
1871	1.8833297538254	1.40554262874999
1872	2.72801818624204	2.09409906331653
1873	2.06766699685338	1.41601552116639
1874	-0.873487412559177	1.39825203237528
1875	-2.48713331053373	1.59445153735855
1876	6.12039571806073	2.16669941578314
1877	3.89217324849871	2.12836278467975
1878	0.437893522890534	1.47560905507448
1879	2.91732636838642	2.00861610699891
1880	6.45903992462169	2.26085182644577
1881	-0.983639680156443	1.53707943614931
1882	1.35549236184546	1.91943643411938
1883	2.71621453822414	1.48937671210559
1884	-1.94906625013054	1.38666143219075
1885	3.56726923576964	1.98077268382842
1886	3.84800896785591	1.21786894276112
1887	3.73079781533223	1.91751889664591
1888	4.54384424690582	1.10640424725376
1889	3.07197709478683	1.27676094622748
1890	5.11454114811392	1.13614518746838
1891	1.35550223140033	1.2686982304645
1892	9.41913541980507	1.02004348613446
1893	3.04965937796903	1.82279773963104
1894	6.49725403412085	2.14477932271941
1895	5.97422921167153	2.01080958363493
1896	4.29910421735747	2.03612180212935
1897	-2.48117093495082	1.56544772932123
1898	-0.855475425622786	1.50326118327644
1899	1.02982585245596	2.05478369062626
1900	-0.550405438180211	1.77139350522096
1901	-0.378911573341857	1.83991048532985
1902	0.860069221105435	1.42497914856049
1903	0.0782511233260432	1.31084923043239
1904	9.05461057364169	2.30497799078632
1905	-0.667633028420721	1.81069493352167
1906	6.49555919214203	1.23233986294981
1907	6.37854978133696	1.11697329578727
1908	1.83758599419501	1.59688281899072
1909	7.24258033035268	2.21056421717682
1910	3.71548639175473	1.76289976101389
1911	6.89111419736346	2.28225391981607
1912	1.01091020763872	1.94596469264658
1913	3.60354287504806	1.42983629228185
1914	-1.13234192349842	1.53269545938063
1915	4.04042233026464	1.14289796781425
1916	7.74974825111187	0.956939864347205
1917	1.03288850154374	1.9236354534046
1918	5.11043242136999	1.08093579052828
1919	1.09225002588568	1.55307643075449
1920	0.351957938008793	1.81978791161346
1921	7.69667328978609	2.30381457783196
1922	2.68677664636076	1.62093094374409
1923	-0.420341071145105	1.6054579828999
1924	3.47992365154558	1.17761807845543
1925	2.13723221294091	1.97765415736862
1926	1.50185514701769	1.56355013409985
1927	-0.14263730175095	1.64236538680376
1928	3.0038066445694	1.22454696897817
1929	1.28722956868309	1.25360064418004
1930	-0.318752239915457	1.75870406714614
1931	0.322131339588853	1.73002638615497
1932	5.2616944108093	1.04499221365466
1933	8.82900430089372	0.987851241935936
1934	-2.30272827027497	1.82349574472656
1935	7.22671133846696	2.21681272306616
1936	-2.72650320743043	1.761979775411
1937	-0.46843181378382	1.71080025002311
1938	-1.03217188205283	1.66281142313121
1939	7.16723598287619	2.29453497906738
1940	-0.111691247546562	1.63751055315659
1941	-2.6259055099788	1.87852960999074
1942	2.72434890377882	1.76672566839458
1943	-0.875120443972189	1.26765137853496
1944	1.17835308185305	1.29420635510466
1945	-0.338855688886291	1.94254798559152
1946	-1.42065506517047	1.56172727025898
1947	7.97386728885544	1.17993603028305
1948	2.22575254380213	1.96647653084449
1949	3.04465045166932	1.0834174586912
1950	1.50293764620544	2.12864554384773
1951	1.37353910564799	1.78475776626818
1952	0.0804999982917752	1.70565196582577
1953	0.419282683854408	1.39137481047966
1954	-1.77964448430797	1.56249873218924
1955	-2.97491361983617	1.62760145180707
1956	1.51608146727065	1.18783429343465
1957	2.03166462183689	1.66776935080762
1958	5.25153152901144	1.0425308706202
1959	-0.990726377760774	1.32116419515571
1960	6.71007762971618	1.23163995564757
1961	2.51754568958693	1.33084444889382
1962	5.14228240478092	2.17068428574452
1963	2.22102915390564	1.55300896697629
1964	4.59494068903147	2.01228230462928
1965	3.97686449291997	2.150765120308
1966	4.68391143616397	1.50744470776309
1967	6.33941544000246	1.02675074776611
1968	-1.87467214629883	1.40060869028087
1969	1.51311956696982	1.93486427867003
1970	1.36435275540902	1.40353681696593
1971	5.22823915846488	1.8064577211167
1972	4.38826261422772	2.09571488715895
1973	5.47986906477806	2.11706800919929
1974	0.270595138764477	1.47749395321821
1975	-0.153860075129734	1.46254206436999
1976	5.56012300122196	2.17116774197909
1977	2.32505263054526	1.82558779180427
1978	6.24277095251061	1.95874336110153
1979	2.45398224816271	1.77190287786063
1980	8.26490907575558	2.18167590964483
1981	-0.930945882161437	1.34314634943578
1982	5.39932265096741	1.20213714851732
1983	5.81624554422744	2.15879041927713
1984	-2.93409858024638	1.63159010055
1985	6.16025155235434	2.14586414541204
1986	3.16011254647495	1.19929345167958
1987	5.32739330739337	1.98217067151986
1988	0.282227101930624	1.9359279310226
1989	6.22767820949219	2.2376050946227
1990	-1.77049189360083	1.69256117687158
1991	1.25986883578969	1.91837571982233
1992	1.24833832538136	1.47411675035413
1993	4.27138506427479	1.077755468783
1994	8.23388103279801	2.215005748755
1995	-0.724592211437589	1.32870050909136
1996	-1.80064293010617	1.75163250425213
1997	8.34779430816257	1.09081120420371
1998	2.14232647054823	2.09556692610632
1999	2.01688935116643	1.37649414977325
2000	2.11802353590613	2.01622682743086
2001	0.72659511272592	1.4074556420702
2002	0.955969342031826	1.55381072292201
2003	-1.48018317295949	1.82936023964449
2004	9.18937119752268	2.28971493039055
2005	3.86278767333421	1.31983808528556
2006	4.07277951095575	2.27623721742668
2007	8.09335750718966	2.33977532472056
2008	2.40746289272958	1.95008514219773
2009	1.75169841125618	1.9065915690581
2010	6.30234904471344	1.12779760977113
2011	6.13579655870498	1.32573077248604
2012	4.54584570886809	1.28534772862622
2013	0.0167104651076917	1.98608534301069
2014	-3.94584964160729	1.57025590818882
2015	4.87117994637236	2.09977377438161
2016	-0.0896766524990942	1.7261931140444
2017	1.67250081881448	2.02808525479982
2018	10.5986502421001	2.40461100504306
2019	2.16053848443678	1.56467085916971
2020	3.95893327242985	2.11021182239181
2021	8.64082570944673	2.32608904785901
2022	4.54730201138831	1.33419776389651
2023	0.977307494202632	1.93756021925508
2024	1.06882011005263	1.21533567579069
2025	3.19035531022509	1.40980578191994
2026	0.354662517959042	1.57301563097592
2027	8.21281182966493	1.06136253397348
2028	-2.44353143268069	1.56790061293115
2029	3.96386746052535	2.23684115100619
2030	1.75346706331009	1.51019201847533
2031	2.72891950447322	1.70475210229401
2032	0.15130527464686	1.86602952515199
2033	0.776844952845669	1.72048534713951
2034	3.43692809074676	1.29860956966992
2035	1.10411931682987	2.17875015664395
2036	0.19172838097893	1.96061261655957
2037	2.32819553563234	2.13326650846729
2038	5.41486842392824	1.19115969296436
2039	4.00172788958346	2.03644859246692
2040	1.80975166297802	1.60755425126669
2041	3.37918766093409	2.16992751815472
2042	0.271837861555728	1.93122698055301
2043	4.27576087797144	2.11774479355703
2044	1.21458901003792	1.80215656500378
2045	-1.34571426500243	1.77014873734397
2046	1.5991827235065	2.12656255182779
2047	8.90883706034136	1.07500877028701
2048	1.55573076680744	1.69809424037098
2049	1.71821580999688	2.04825799656625
2050	3.09945175602001	1.99392192167845
2051	0.814243488014961	1.69862900127937
2052	3.47294951502317	2.22519843022656
2053	0.820190235673438	1.64437483409373
2054	0.0858972810183634	1.37902427814479
2055	9.50144070357534	1.1400050867923
2056	9.73618464349955	1.17952233022928
2057	0.480776128002462	1.47714014176386
2058	-2.07576876510189	1.75493147084625
2059	2.08428246714859	1.95174243005939
2060	0.0423928969344883	1.60145345849803
2061	10.9400305590002	2.29612306857222
2062	1.45510443302963	1.44602239512391
2063	1.43980085650073	1.67315931214019
2064	1.06729994622673	1.49927279575532
2065	-0.667118095738368	1.9364574979536
2066	2.48559622194781	1.39717122969104
2067	-3.59334622840611	1.69989964601107
2068	5.4842791619212	2.09492697082928
2069	6.52912929207117	1.15863025116581
2070	9.41640296883018	2.24457034633014
2071	1.8833297538254	1.50844032048795
2072	2.72801818624204	2.19531506275622
2073	2.06766699685338	1.51888763448894
2074	-0.873487412559177	1.50116753026413
2075	-2.48713331053373	1.69688784838647
2076	6.12039571806073	2.26773810012204
2077	3.89217324849871	2.22949510029422
2078	0.437893522890534	1.57833562043325
2079	2.91732636838642	2.11004088530124
2080	6.45903992462169	2.3616605581244
2081	-0.983639680156443	1.63965586963619
2082	1.35549236184546	2.0210790199412
2083	2.71621453822414	1.59206965209738
2084	-1.94906625013054	1.48960523832289
2085	3.56726923576964	2.08226546537341
2086	3.84800896785591	1.32122499836946
2087	3.73079781533223	2.0191661657556
2088	4.54384424690582	1.21003253809301
2089	3.07197709478683	1.37997316725133
2090	5.11454114811392	1.23970084067389
2091	1.35550223140033	1.3719301434211
2092	9.41913541980507	1.12388269973843
2093	3.04965937796903	1.92467635047576
2094	6.49725403412085	2.24587154348588
2095	5.97422921167153	2.11222900471078
2096	4.29910421735747	2.13747940203738
2097	-2.48117093495082	1.66795487765188
2098	-0.855475425622786	1.60592021260084
2099	1.02982585245596	2.15609571176604
2100	-0.550405438180211	1.87339766293558
2101	-0.378911573341857	1.94174730094735
2102	0.860069221105435	1.52782936961337
2103	0.0782511233260432	1.41397819610907
2104	9.05461057364169	2.40567895115239
2105	-0.667633028420721	1.91260310359321
2106	6.49555919214203	1.33566057557998
2107	6.37854978133696	1.22057577336471
2108	1.83758599419501	1.69931319199034
2109	7.24258033035268	2.31149576854162
2110	3.71548639175473	1.86492466338138
2111	6.89111419736346	2.38301038020105
2112	1.01091020763872	2.04754248731141
2113	3.60354287504806	1.53267465051452
2114	-1.13234192349842	1.63528260005082
2115	4.04042233026464	1.2464371284011
2116	7.74974825111187	1.0609331987602
2117	1.03288850154374	2.02526778377308
2118	5.11043242136999	1.184626284123
2119	1.09225002588568	1.65561379406313
2120	0.351957938008793	1.9216738734963
2121	7.69667328978609	2.40451837965373
2122	2.68677664636076	1.7233025829288
2123	-0.420341071145105	1.70786741239166
2124	3.47992365154558	1.28107244055703
2125	2.13723221294091	2.07915455543082
2126	1.50185514701769	1.66606191701251
2127	-0.14263730175095	1.74468467568572
2128	3.0038066445694	1.32788671454321
2129	1.28722956868309	1.35686943064954
2130	-0.318752239915457	1.86073921684516
2131	0.322131339588853	1.83213157664198
2132	5.2616944108093	1.14877049386115
2133	8.82900430089372	1.09176908010344
2134	-2.30272827027497	1.92537265080209
2135	7.22671133846696	2.31772901342446
2136	-2.72650320743043	1.86400692470064
2137	-0.46843181378382	1.81295239736571
2138	-1.03217188205283	1.76508077574056
2139	7.16723598287619	2.39526144486989
2140	-0.111691247546562	1.73984169921676
2141	-2.6259055099788	1.98027210438597
2142	2.72434890377882	1.86874122657668
2143	-0.875120443972189	1.37088584826503
2144	1.17835308185305	1.39737596842306
2145	-0.338855688886291	2.04413412503341
2146	-1.42065506517047	1.66424350523385
2147	7.97386728885544	1.28338473114682
2148	2.22575254380213	2.06800422852585
2149	3.04465045166932	1.18710189119633
2150	1.50293764620544	2.22977716886678
2151	1.37353910564799	1.88672928384795
2152	0.0804999982917752	1.80781668705404
2153	0.419282683854408	1.49430710491636
2154	-1.77964448430797	1.665013082988
2155	-2.97491361983617	1.72995679931042
2156	1.51608146727065	1.29126370401568
2157	2.03166462183689	1.77002659444758
2158	5.25153152901144	1.1463151622753
2159	-0.990726377760774	1.42426796813087
2160	6.71007762971618	1.33496237769277
2161	2.51754568958693	1.4339245793506
2162	5.14228240478092	2.27171323765658
2163	2.22102915390564	1.65554649505475
2164	4.59494068903147	2.11369812881252
2165	3.97686449291997	2.25184272169224
2166	4.68391143616397	1.61009351947779
2167	6.33941544000246	1.13057357992382
2168	-1.87467214629883	1.5035184323983
2169	1.51311956696982	2.03646918437435
2170	1.36435275540902	1.50643940758808
2171	5.22823915846488	1.90837623992236
2172	4.38826261422772	2.19692694019951
2173	5.47986906477806	2.21822791055108
2174	0.270595138764477	1.58021591500561
2175	-0.153860075129734	1.56530054382691
2176	5.56012300122196	2.27219551312428
2177	2.32505263054526	1.92745958837929
2178	6.24277095251061	2.06028994585059
2179	2.45398224816271	1.87390579151158
2180	8.26490907575558	2.28267801622029
2181	-0.930945882161437	1.44619643440849
2182	5.39932265096741	1.30553162659313
2183	5.81624554422744	2.25984842011334
2184	-2.93409858024638	1.73393570639741
2185	6.16025155235434	2.24695371666733
2186	3.16011254647495	1.30269487504387
2187	5.32739330739337	2.08366003869673
2188	0.282227101930624	2.03753023892102
2189	6.22767820949219	2.33847060283831
2190	-1.77049189360083	1.79475787032152
2191	1.25986883578969	2.02002089627431
2192	1.24833832538136	1.57684696043573
2193	4.27138506427479	1.18145372982032
2194	8.23388103279801	2.31592645236779
2195	-0.724592211437589	1.43178587578859
2196	-1.80064293010617	1.85368492514674
2197	8.34779430816257	1.19447757863217
2198	2.14232647054823	2.19677934051881
2199	2.01688935116643	1.47946278791577
2200	2.11802353590613	2.11763301772894
2201	0.72659511272592	1.50169151164899
2202	0.955969342031826	1.64708779841139
2203	-1.48018317295949	1.92083214891458
2204	9.18937119752268	2.37817098702365
2205	3.86278767333421	1.41464795062237
2206	4.07277951095575	2.36478156857921
2207	8.09335750718966	2.42790342820085
2208	2.40746289272958	2.04076616452122
2209	1.75169841125618	1.99755752430371
2210	6.30234904471344	1.22386556107107
2211	6.13579655870498	1.42050203394504
2212	4.54584570886809	1.38038354546341
2213	0.0167104651076917	2.07653052261826
2214	-3.94584964160729	1.66342524880256
2215	4.87117994637236	2.18947416402084
2216	-0.0896766524990942	1.81834088663041
2217	1.67250081881448	2.11825528668485
2218	10.5986502421001	2.49231436025553
2219	2.16053848443678	1.65787678827739
2220	3.95893327242985	2.19984383081272
2221	8.64082570944673	2.41430681219209
2222	4.54730201138831	1.42891355682464
2223	0.977307494202632	2.02832329422764
2224	1.06882011005263	1.31083015208853
2225	3.19035531022509	1.50402625538002
2226	0.354662517959042	1.6661668922317
2227	8.21281182966493	1.15786571142091
2228	-2.44353143268069	1.66108538343745
2229	3.96386746052535	2.32564359169966
2230	1.75346706331009	1.60375484664078
2231	2.72891950447322	1.79704033816437
2232	0.15130527464686	1.95726120843195
2233	0.776844952845669	1.81267051216274
2234	3.43692809074676	1.39355850619703
2235	1.10411931682987	2.26793316015572
2236	0.19172838097893	2.05122467181929
2237	2.32819553563234	2.22274748218128
2238	5.41486842392824	1.28681254975234
2239	4.00172788958346	2.1265638348723
2240	1.80975166297802	1.7004792448398
2241	3.37918766093409	2.25916832009472
2242	0.271837861555728	2.02203154552235
2243	4.27576087797144	2.20732745235381
2244	1.21458901003792	1.89380668962727
2245	-1.34571426500243	1.86200855004796
2246	1.5991827235065	2.21608744416739
2247	8.90883706034136	1.17142254919327
2248	1.55573076680744	1.79042609289355
2249	1.71821580999688	2.13829587379384
2250	3.09945175602001	2.0843157626836
2251	0.814243488014961	1.79095735050301
2252	3.47294951502317	2.31407714413038
2253	0.820190235673438	1.73705861050527
2254	0.0858972810183634	1.47344640585365
2255	9.50144070357534	1.23599306507903
2256	9.73618464349955	1.27525142512626
2257	0.480776128002462	1.57091949773177
2258	-2.07576876510189	1.84689097414581
2259	2.08428246714859	2.04241259524149
2260	0.0423928969344883	1.69441841927975
2261	10.9400305590002	2.38453714453081
2262	1.45510443302963	1.54000560811804
2263	1.43980085650073	1.76565451711809
2264	1.06729994622673	1.59290715738681
2265	-0.667118095738368	2.02722779701882
2266	2.48559622194781	1.49147447399809
2267	-3.59334622840611	1.79221967105046
2268	5.4842791619212	2.18465911260566
2269	6.52912929207117	1.25449621320676
2270	9.41640296883018	2.33332215190557
2271	1.8833297538254	1.60201462428969
2272	2.72801818624204	2.28438954708314
2273	2.06766699685338	1.61239349636946
2274	-0.873487412559177	1.59478947920563
2275	-2.48713331053373	1.7892276041639
2276	6.12039571806073	2.35633813026699
2277	3.89217324849871	2.31834566606788
2278	0.437893522890534	1.67145202964005
2279	2.91732636838642	2.19967401355667
2280	6.45903992462169	2.44964528815764
2281	-0.983639680156443	1.73237056069179
2282	1.35549236184546	2.11129495072179
2283	2.71621453822414	1.6850960876025
2284	-1.94906625013054	1.58330293357335
2285	3.56726923576964	2.17208055457138
2286	3.84800896785591	1.41602577783061
2287	3.73079781533223	2.10939462793091
2288	4.54384424690582	1.30556175604144
2289	3.07197709478683	1.47438907864531
2290	5.11454114811392	1.33503569712156
2291	1.35550223140033	1.46639874587073
2292	9.41913541980507	1.21997629820127
2293	3.04965937796903	2.0155238296054
2294	6.49725403412085	2.33461482472355
2295	5.97422921167153	2.20184779826772
2296	4.29910421735747	2.22693277645361
2297	-2.48117093495082	1.76048417766083
2298	-0.855475425622786	1.69885591100638
2299	1.02982585245596	2.2454271279446
2300	-0.550405438180211	1.96458107643962
2301	-0.378911573341857	2.03248294571963
2302	0.860069221105435	1.62127665284573
2303	0.0782511233260432	1.5081713354579
2304	9.05461057364169	2.4933753100897
2305	-0.667633028420721	2.00352967637429
2306	6.49555919214203	1.43036678540934
2307	6.37854978133696	1.31603592099728
2308	1.83758599419501	1.79163705897799
2309	7.24258033035268	2.39980913563665
2310	3.71548639175473	1.95616358477654
2311	6.89111419736346	2.47085524434718
2312	1.01091020763872	2.13758505194747
2313	3.60354287504806	1.62609019158486
2314	-1.13234192349842	1.72802594105151
2315	4.04042233026464	1.34172785441736
2316	7.74974825111187	1.15743918884702
2317	1.03288850154374	2.11545627333345
2318	5.11043242136999	1.28032194225238
2319	1.09225002588568	1.74822394236196
2320	0.351957938008793	2.01254102230304
2321	7.69667328978609	2.49222234166903
2322	2.68677664636076	1.81546929181776
2323	-0.420341071145105	1.80013523939824
2324	3.47992365154558	1.3761362654477
2325	2.13723221294091	2.16899002466649
2326	1.50185514701769	1.75860361809057
2327	-0.14263730175095	1.8367113072775
2328	3.0038066445694	1.42264385210238
2329	1.28722956868309	1.45143669808779
2330	-0.318752239915457	1.95200555772844
2331	0.322131339588853	1.92358533046767
2332	5.2616944108093	1.24470104865127
2333	8.82900430089372	1.18807305970588
2334	-2.30272827027497	2.01621556836384
2335	7.22671133846696	2.40600154559721
2336	-2.72650320743043	1.95525185833956
2337	-0.46843181378382	1.9045317968719
2338	-1.03217188205283	1.85697378942126
2339	7.16723598287619	2.48302605045359
2340	-0.111691247546562	1.83190005787388
2341	-2.6259055099788	2.07075536739182
2342	2.72434890377882	1.95995514509382
2343	-0.875120443972189	1.46536129204888
2344	1.17835308185305	1.49167787145597
2345	-0.338855688886291	2.13419901836204
2346	-1.42065506517047	1.75679711900026
2347	7.97386728885544	1.37843340787497
2348	2.22575254380213	2.15791274522574
2349	3.04465045166932	1.2827813312524
2350	1.50293764620544	2.31862588676691
2351	1.37353910564799	1.97782535990352
2352	0.0804999982917752	1.8994297313689
2353	0.419282683854408	1.58797399753344
2354	-1.77964448430797	1.75756165513509
2355	-2.97491361983617	1.82207991542966
2356	1.51608146727065	1.38626076441064
2357	2.03166462183689	1.86188720732801
2358	5.25153152901144	1.24226180231096
2359	-0.990726377760774	1.51839369763962
2360	6.71007762971618	1.42967316152123
2361	2.51754568958693	1.52798704695066
2362	5.14228240478092	2.36028722607923
2363	2.22102915390564	1.74815708423948
2364	4.59494068903147	2.20330729791708
2365	3.97686449291997	2.34054688484575
2366	4.68391143616397	1.70300187792393
2367	6.33941544000246	1.22662334542687
2368	-1.87467214629883	1.59712498022725
2369	1.51311956696982	2.12658429187906
2370	1.36435275540902	1.60002681967038
2371	5.22823915846488	1.99933050352142
2372	4.38826261422772	2.28599086487551
2373	5.47986906477806	2.30715228937494
2374	0.270595138764477	1.6733200061206
2375	-0.153860075129734	1.65850234777594
2376	5.56012300122196	2.36076634208799
2377	2.32505263054526	2.01828883409991
2378	6.24277095251061	2.15024899997351
2379	2.45398224816271	1.9650858761891
2380	8.26490907575558	2.37118017273373
2381	-0.930945882161437	1.54017850724515
2382	5.39932265096741	1.40043521568695
2383	5.81624554422744	2.34850013673555
2384	-2.93409858024638	1.82603275609946
2385	6.16025155235434	2.33568990842616
2386	3.16011254647495	1.39761704812263
2387	5.32739330739337	2.17346599183566
2388	0.282227101930624	2.12763839529822
2389	6.22767820949219	2.42660725374736
2390	-1.77049189360083	1.88645646490375
2391	1.25986883578969	2.11024375898177
2392	1.24833832538136	1.66997312207748
2393	4.27138506427479	1.27717017182886
2394	8.23388103279801	2.40421079338843
2395	-0.724592211437589	1.52586235435651
2396	-1.80064293010617	1.94499747975315
2397	8.34779430816257	1.29010869945343
2398	2.14232647054823	2.28584423214245
2399	2.01688935116643	1.57322692788032
2400	2.11802353590613	2.20721640878594
2401	0.72659511272592	1.58755485898304
2402	0.955969342031826	1.73161756831349
2403	-1.48018317295949	2.00285113056974
2404	9.18937119752268	2.45599524839516
2405	3.86278767333421	1.50130966310841
2406	4.07277951095575	2.44272863794439
2407	8.09335750718966	2.50527154270185
2408	2.40746289272958	2.12168510916653
2409	1.75169841125618	2.07887277939643
2410	6.30234904471344	1.31227713316344
2411	6.13579655870498	1.50711005267054
2412	4.54584570886809	1.46735953170744
2413	0.0167104651076917	2.15712143590948
2414	-3.94584964160729	1.74780517130744
2415	4.87117994637236	2.26902915614372
2416	-0.0896766524990942	1.90129992003928
2417	1.67250081881448	2.19846349966816
2418	10.5986502421001	2.56909169649617
2419	2.16053848443678	1.74230760136485
2420	3.95893327242985	2.27930371215995
2421	8.64082570944673	2.49179963510666
2422	4.54730201138831	1.51544442490669
2423	0.977307494202632	2.10935636510947
2424	1.06882011005263	1.39844408334329
2425	3.19035531022509	1.58986818840137
2426	0.354662517959042	1.75052166833233
2427	8.21281182966493	1.24688263535523
2428	-2.44353143268069	1.74548676723074
2429	3.96386746052535	2.4039496353128
2430	1.75346706331009	1.68868206717816
2431	2.72891950447322	1.88019474059782
2432	0.15130527464686	2.0389460620793
2433	0.776844952845669	1.89568155435113
2434	3.43692809074676	1.48041365145748
2435	1.10411931682987	2.3467685249146
2436	0.19172838097893	2.13204769084218
2437	2.32819553563234	2.30199729081445
2438	5.41486842392824	1.37464677090004
2439	4.00172788958346	2.20669584169794
2440	1.80975166297802	1.78451930740755
2441	3.37918766093409	2.33808407612879
2442	0.271837861555728	2.1031223244397
2443	4.27576087797144	2.28671869378582
2444	1.21458901003792	1.97607354929497
2445	-1.34571426500243	1.94456706284013
2446	1.5991827235065	2.29539833879243
2447	8.90883706034136	1.26031512956076
2448	1.55573076680744	1.87364116130698
2449	1.71821580999688	2.21832027414145
2450	3.09945175602001	2.16483526960892
2451	0.814243488014961	1.87416754621182
2452	3.47294951502317	2.3924892754146
2453	0.820190235673438	1.82076316645444
2454	0.0858972810183634	1.55956881782056
2455	9.50144070357534	1.32429340348029
2456	9.73618464349955	1.36319168512291
2457	0.480776128002462	1.65614788469678
2458	-2.07576876510189	1.92958814562382
2459	2.08428246714859	2.12331643879377
2460	0.0423928969344883	1.77851407185166
2461	10.9400305590002	2.46230301538789
2462	1.45510443302963	1.62551753785047
2463	1.43980085650073	1.84909679088279
2464	1.06729994622673	1.67793387313071
2465	-0.667118095738368	2.10827091582131
2466	2.48559622194781	1.57743153219047
2467	-3.59334622840611	1.87541828873186
2468	5.4842791619212	2.26425826846919
2469	6.52912929207117	1.3426268403911
2470	9.41640296883018	2.41155776762246
2471	1.8833297538254	1.68695780617867
2472	2.72801818624204	2.36307397355669
2473	2.06766699685338	1.69724148305172
2474	-0.873487412559177	1.67979893025898
2475	-2.48713331053373	1.87245366513813
2476	6.12039571806073	2.43436264300456
2477	3.89217324849871	2.39671864638993
2478	0.437893522890534	1.7557583303626
2479	2.91732636838642	2.27913545247092
2480	6.45903992462169	2.52681398591691
2481	-0.983639680156443	1.81611811552057
2482	1.35549236184546	2.19156700403532
2483	2.71621453822414	1.76927724477301
2484	-1.94906625013054	1.66841773943573
2485	3.56726923576964	2.2517950812019
2486	3.84800896785591	1.50267485286
2487	3.73079781533223	2.18968411104023
2488	4.54384424690582	1.39322400912221
2489	3.07197709478683	1.56050284439994
2490	5.11454114811392	1.42242761466949
2491	1.35550223140033	1.55258579910538
2492	9.41913541980507	1.30842354268464
2493	3.04965937796903	2.09667429741353
2494	6.49725403412085	2.41283858402144
2495	5.97422921167153	2.28128929918838
2496	4.29910421735747	2.30614419749029
2497	-2.48117093495082	1.84397387387469
2498	-0.855475425622786	1.78291086282208
2499	1.02982585245596	2.32446891844727
2500	-0.550405438180211	2.0461987921222
2501	-0.378911573341857	2.11347786420102
2502	0.860069221105435	1.70604316305246
2503	0.0782511233260432	1.59397524972809
2504	9.05461057364169	2.57014291527883
2505	-0.667633028420721	2.08479015477773
2506	6.49555919214203	1.51688432445192
2507	6.37854978133696	1.4036021048433
2508	1.83758599419501	1.8748410203881
2509	7.24258033035268	2.47743493150879
2510	3.71548639175473	2.03785850584837
2511	6.89111419736346	2.54782940399591
2512	1.01091020763872	2.2176159719662
2513	3.60354287504806	1.71081255192522
2514	-1.13234192349842	1.81181334481201
2515	4.04042233026464	1.42905839137477
2516	7.74974825111187	1.24646002485428
2517	1.03288850154374	2.195690158919
2518	5.11043242136999	1.36821569537214
2519	1.09225002588568	1.83182608968078
2520	0.351957938008793	2.09371884847492
2521	7.69667328978609	2.56900052190584
2522	2.68677664636076	1.89845466354737
2523	-0.420341071145105	1.88326125534032
2524	3.47992365154558	1.46315120782261
2525	2.13723221294091	2.24873289769447
2526	1.50185514701769	1.84211056283159
2527	-0.14263730175095	1.91950184684835
2528	3.0038066445694	1.50923222603212
2529	1.28722956868309	1.53776098350151
2530	-0.318752239915457	2.03373861630127
2531	0.322131339588853	2.0055790598907
2532	5.2616944108093	1.33292151726611
2533	8.82900430089372	1.27681292128291
2534	-2.30272827027497	2.09735969153128
2535	7.22671133846696	2.48357054457063
2536	-2.72650320743043	2.03695514178314
2537	-0.46843181378382	1.98670028565755
2538	-1.03217188205283	1.93957848113104
2539	7.16723598287619	2.55988857924356
2540	-0.111691247546562	1.91473472631327
2541	-2.6259055099788	2.15139925051361
2542	2.72434890377882	2.04161528990428
2543	-0.875120443972189	1.55155786082919
2544	1.17835308185305	1.57763306408311
2545	-0.338855688886291	2.21426099514346
2546	-1.42065506517047	1.84032063298436
2547	7.97386728885544	1.46542728081704
2548	2.22575254380213	2.23775721926567
2549	3.04465045166932	1.37065252681076
2550	1.50293764620544	2.39699629689952
2551	1.37353910564799	2.05932159877315
2552	0.0804999982917752	1.98164501639373
2553	0.419282683854408	1.67304596031077
2554	-1.77964448430797	1.84107815677962
2555	-2.97491361983617	1.90500465439721
2556	1.51608146727065	1.47318284469376
2557	2.03166462183689	1.94444683307785
2558	5.25153152901144	1.33050464373836
2559	-0.990726377760774	1.60410385221477
2560	6.71007762971618	1.51619706249494
2561	2.51754568958693	1.61360921114846
2562	5.14228240478092	2.43827551763695
2563	2.22102915390564	1.83175984478224
2564	4.59494068903147	2.28273541227996
2565	3.97686449291997	2.41871623517845
2566	4.68391143616397	1.78701880285436
2567	6.33941544000246	1.31500962307011
2568	-1.87467214629883	1.68211301002202
2569	1.51311956696982	2.20671611107265
2570	1.36435275540902	1.6849882337401
2571	5.22823915846488	2.08062949681595
2572	4.38826261422772	2.36466060403264
2573	5.47986906477806	2.38562793555509
2574	0.270595138764477	1.75760917372831
2575	-0.153860075129734	1.74292742322011
2576	5.56012300122196	2.43875023918482
2577	2.32505263054526	2.09941394123566
2578	6.24277095251061	2.23016376602668
2579	2.45398224816271	2.04669896183903
2580	8.26490907575558	2.44906855398323
2581	-0.930945882161437	1.6256888511436
2582	5.39932265096741	1.48722728764075
2583	5.81624554422744	2.42659653969479
2584	-2.93409858024638	1.90892123953926
2585	6.16025155235434	2.41390380703644
2586	3.16011254647495	1.48443496836146
2587	5.32739330739337	2.25316781120997
2588	0.282227101930624	2.20776054623575
2589	6.22767820949219	2.50398725678443
2590	-1.77049189360083	1.9687907409686
2591	1.25986883578969	2.19052545384539
2592	1.24833832538136	1.75429298736755
2593	4.27138506427479	1.36509283304525
2594	8.23388103279801	2.48179621717423
2595	-0.724592211437589	1.61150400627409
2596	-1.80064293010617	2.02679481654682
2597	8.34779430816257	1.3779126882551
2598	2.14232647054823	2.36451531621772
2599	2.01688935116643	1.65843415105332
2600	2.11802353590613	2.28660866871161
2601	0.72659511272592	1.66561984132747
2602	0.955969342031826	1.80813411102761
2603	-1.48018317295949	2.07645235398424
2604	9.18937119752268	2.52472591013869
2605	3.86278767333421	1.58030164092472
2606	4.07277951095575	2.51160189415582
2607	8.09335750718966	2.57347256449002
2608	2.40746289272958	2.19400906074058
2609	1.75169841125618	2.15165689382866
2610	6.30234904471344	1.393300902983
2611	6.13579655870498	1.58603968574052
2612	4.54584570886809	1.54671641817471
2613	0.0167104651076917	2.22906450465177
2614	-3.94584964160729	1.8241477236384
2615	4.87117994637236	2.33976939904889
2616	-0.0896766524990942	1.97599265366917
2617	1.67250081881448	2.2699622085187
2618	10.5986502421001	2.63660675551293
2619	2.16053848443678	1.81870924362414
2620	3.95893327242985	2.34993352031213
2621	8.64082570944673	2.56014545797286
2622	4.54730201138831	1.59428447704122
2623	0.977307494202632	2.18181283061428
2624	1.06882011005263	1.47854169870483
2625	3.19035531022509	1.66790830622003
2626	0.354662517959042	1.826835022742
2627	8.21281182966493	1.32860928958173
2628	-2.44353143268069	1.8218542386318
2629	3.96386746052535	2.47323970268083
2630	1.75346706331009	1.76566009664215
2631	2.72891950447322	1.9551143205532
2632	0.15130527464686	2.11215932373282
2633	0.776844952845669	1.97043467626699
2634	3.43692809074676	1.559630227386
2635	1.10411931682987	2.41667319614408
2636	0.19172838097893	2.20426026153069
2637	2.32819553563234	2.37238317993509
2638	5.41486842392824	1.45500016863478
2639	4.00172788958346	2.27810606627168
2640	1.80975166297802	1.86046724253609
2641	3.37918766093409	2.40808209104679
2642	0.271837861555728	2.17564579573439
2643	4.27576087797144	2.3572688029551
2644	1.21458901003792	2.04996258812154
2645	-1.34571426500243	2.01879474511208
2646	1.5991827235065	2.365855155906
2647	8.90883706034136	1.341897406339
2648	1.55573076680744	1.94863118157229
2649	1.71821580999688	2.28960555498785
2650	3.09945175602001	2.23669542719497
2651	0.814243488014961	1.94915190869621
2652	3.47294951502317	2.46190252299718
2653	0.820190235673438	1.89632153909339
2654	0.0858972810183634	1.63793460455381
2655	9.50144070357534	1.40518801795317
2656	9.73618464349955	1.44366820638397
2657	0.480776128002462	1.73347560366562
2658	-2.07576876510189	2.00397682687423
2659	2.08428246714859	2.1956228562297
2660	0.0423928969344883	1.85452655348752
2661	10.9400305590002	2.53096587890358
2662	1.45510443302963	1.70317448319002
2663	1.43980085650073	1.92435062317859
2664	1.06729994622673	1.75502742818556
2665	-0.667118095738368	2.18073904813916
2666	2.48559622194781	1.65560532381989
2667	-3.59334622840611	1.95038920777003
2668	5.4842791619212	2.33504979065115
2669	6.52912929207117	1.42332440025904
2670	9.41640296883018	2.48076605995214
2671	1.8833297538254	1.76395436864177
2672	2.72801818624204	2.43280338775411
2673	2.06766699685338	1.77412751272747
2674	-0.873487412559177	1.7568724389855
2675	-2.48713331053373	1.94745644905434
2676	6.12039571806073	2.50332582004403
2677	3.89217324849871	2.46608643511879
2678	0.437893522890534	1.8320153991793
2679	2.91732636838642	2.34976706914088
2680	6.45903992462169	2.59478346150577
2681	-0.983639680156443	1.89172641489618
2682	1.35549236184546	2.26313983898829
2683	2.71621453822414	1.84538900726493
2684	-1.94906625013054	1.74561357743812
2685	3.56726923576964	2.3227205623603
2686	3.84800896785591	1.58165215710864
2687	3.73079781533223	2.26127718402807
2688	4.54384424690582	1.47337773178475
2689	3.07197709478683	1.6388585918678
2690	5.11454114811392	1.50226744610794
2691	1.35550223140033	1.63102664192336
2692	9.41913541980507	1.38948873232924
2693	3.04965937796903	2.16926707450311
2694	6.49725403412085	2.48203310965965
2695	5.97422921167153	2.351897765512
2696	4.29910421735747	2.3764855141142
2697	-2.48117093495082	1.9192827691896
2698	-0.855475425622786	1.85887608611179
2699	1.02982585245596	2.39461327414857
2700	-0.550405438180211	2.11933409873324
2701	-0.378911573341857	2.18589003029929
2702	0.860069221105435	1.78283458899494
2703	0.0782511233260432	1.67197122332267
2704	9.05461057364169	2.63764667540478
2705	-0.667633028420721	2.15751066705649
2706	6.49555919214203	1.5957089000101
2707	6.37854978133696	1.48364427986957
2708	1.83758599419501	1.94981814412133
2709	7.24258033035268	2.54593515155683
2710	3.71548639175473	2.11108345696113
2711	6.89111419736346	2.61557299804781
2712	1.01091020763872	2.28890882291457
2713	3.60354287504806	1.7875527147006
2714	-1.13234192349842	1.88746791346573
2715	4.04042233026464	1.50882695275675
2716	7.74974825111187	1.32819122145577
2717	1.03288850154374	2.26721867666835
2718	5.11043242136999	1.44863821670076
2719	1.09225002588568	1.90726555390249
2720	0.351957938008793	2.16634339182993
2721	7.69667328978609	2.63651656090104
2722	2.68677664636076	1.97317797905325
2723	-0.420341071145105	1.95814787525367
2724	3.47992365154558	1.54255332692163
2725	2.13723221294091	2.31969129234117
2726	1.50185514701769	1.91743948570726
2727	-0.14263730175095	1.99399893939284
2728	3.0038066445694	1.58813904919278
2729	1.28722956868309	1.61636116895644
2730	-0.318752239915457	2.1070078495206
2731	0.322131339588853	2.07915096250532
2732	5.2616944108093	1.41372339356002
2733	8.82900430089372	1.35821787365407
2734	-2.30272827027497	2.16994510174973
2735	7.22671133846696	2.55200481676537
2736	-2.72650320743043	2.11018980258917
2737	-0.46843181378382	2.06047510436566
2738	-1.03217188205283	2.01385978253631
2739	7.16723598287619	2.62750255679061
2740	-0.111691247546562	1.98928305764393
2741	-2.6259055099788	2.22340382343474
2742	2.72434890377882	2.11479986170346
2743	-0.875120443972189	1.63000975231043
2744	1.17835308185305	1.65580468957272
2745	-0.338855688886291	2.28558990663168
2746	-1.42065506517047	1.91566879469236
2747	7.97386728885544	1.5448049358362
2748	2.22575254380213	2.30883358459006
2749	3.04465045166932	1.45104885616791
2750	1.50293764620544	2.46636110133734
2751	1.37353910564799	2.13231585657306
2752	0.0804999982917752	2.05547417101782
2753	0.419282683854408	1.75019205247224
2754	-1.77964448430797	1.91641817633986
2755	-2.97491361983617	1.97965756816306
2756	1.51608146727065	1.55247714002519
2757	2.03166462183689	2.01867580762405
2758	5.25153152901144	1.41133249748868
2759	-0.990726377760774	1.68199095981923
2760	6.71007762971618	1.59502902500049
2761	2.51754568958693	1.69139415161653
2762	5.14228240478092	2.50719663764322
2763	2.22102915390564	1.90720002102877
2764	4.59494068903147	2.35332833524173
2765	3.97686449291997	2.48784758563394
2766	4.68391143616397	1.86293987247535
2767	6.33941544000246	1.39600402307092
2768	-1.87467214629883	1.75916164615779
2769	1.51311956696982	2.27812611778361
2770	1.36435275540902	1.76200596590099
2771	5.22823915846488	2.15339472939538
2772	4.38826261422772	2.43437296453505
2773	5.47986906477806	2.45511493137276
2774	0.270595138764477	1.8338463489915
2775	-0.153860075129734	1.81932240340336
2776	5.56012300122196	2.50766625670717
2777	2.32505263054526	2.17197727161355
2778	6.24277095251061	2.3013217486133
2779	2.45398224816271	2.11982889243976
2780	8.26490907575558	2.51787366641691
2781	-0.930945882161437	1.70334395514409
2782	5.39932265096741	1.56637062807105
2783	5.81624554422744	2.49564318970373
2784	-2.93409858024638	1.98353205638996
2785	6.16025155235434	2.48308688326113
2786	3.16011254647495	1.56360832167887
2787	5.32739330739337	2.32407853775521
2788	0.282227101930624	2.27915932696876
2789	6.22767820949219	2.57220208255574
2790	-1.77049189360083	2.04275805813024
2791	1.25986883578969	2.26210948376754
2792	1.24833832538136	1.83056580623627
2793	4.27138506427479	1.44554892006071
2794	8.23388103279801	2.55024956050036
2795	-0.724592211437589	1.68931157426785
2796	-1.80064293010617	2.10013868431089
2797	8.34779430816257	1.45823098269429
2798	2.14232647054823	2.43422923832765
2799	2.01688935116643	1.73573729638025
2800	2.11802353590613	2.35715996047135
2801	0.72659511272592	1.7364707645146
2802	0.955969342031826	1.87733373786697
2803	-1.48018317295949	2.14254300839882
2804	9.18937119752268	2.5856224707433
2805	3.86278767333421	1.6521411362248
2806	4.07277951095575	2.57265052121459
2807	8.09335750718966	2.63380430325282
2808	2.40746289272958	2.25873759920051
2809	1.75169841125618	2.21687616194457
2810	6.30234904471344	1.46730715418931
2811	6.13579655870498	1.65781269497947
2812	4.54584570886809	1.61894506156349
2813	0.0167104651076917	2.29338685974058
2814	-3.94584964160729	1.89316180260193
2815	4.87117994637236	2.4028090293398
2816	-0.0896766524990942	2.04324732300364
2817	1.67250081881448	2.33381068664649
2818	10.5986502421001	2.69620696571179
2819	2.16053848443678	1.88778633762612
2820	3.95893327242985	2.41285538010641
2821	8.64082570944673	2.62063161637634
2822	4.54730201138831	1.66596195483766
2823	0.977307494202632	2.24668268538104
2824	1.06882011005263	1.55156027467726
2825	3.19035531022509	1.73873271322933
2826	0.354662517959042	1.89581796428185
2827	8.21281182966493	1.40336511502482
2828	-2.44353143268069	1.89089489194063
2829	3.96386746052535	2.53473282801201
2830	1.75346706331009	1.83535186497005
2831	2.72891950447322	2.02261090471693
2832	0.15130527464686	2.17783624562181
2833	0.776844952845669	2.03775374524232
2834	3.43692809074676	1.63170923996215
2835	1.10411931682987	2.47882175103924
2836	0.19172838097893	2.26887002051359
2837	2.32819553563234	2.43504491812174
2838	5.41486842392824	1.52829151759133
2839	4.00172788958346	2.34186018246229
2840	1.80975166297802	1.92906049143793
2841	3.37918766093409	2.47033019008234
2842	0.271837861555728	2.2405871072205
2843	4.27576087797144	2.42010566967841
2844	1.21458901003792	2.11636017638713
2845	-1.34571426500243	2.08555347156711
2846	1.5991827235065	2.42859253355149
2847	8.90883706034136	1.41649926391125
2848	1.55573076680744	2.01620288511701
2849	1.71821580999688	2.35322642793371
2850	3.09945175602001	2.30092936366751
2851	0.814243488014961	2.01671757863602
2852	3.47294951502317	2.52352701091714
2853	0.820190235673438	1.96449934841096
2854	0.0858972810183634	1.70910631337502
2855	9.50144070357534	1.47905653453418
2856	9.73618464349955	1.51709085747551
2857	0.480776128002462	1.80354028998847
2858	-2.07576876510189	2.07090724683279
2859	2.08428246714859	2.26033269582809
2860	0.0423928969344883	1.92318863646577
2861	10.9400305590002	2.59179013771236
2862	1.45510443302963	1.77359026508863
2863	1.43980085650073	1.99220366274307
2864	1.06729994622673	1.8248423960122
2865	-0.667118095738368	2.24562134469918
2866	2.48559622194781	1.72657228406226
2867	-3.59334622840611	2.01794054126868
2868	5.4842791619212	2.3981441064983
2869	6.52912929207117	1.49698277267747
2870	9.41640296883018	2.54217197825275
2871	1.8833297538254	1.83366590104259
2872	2.72801818624204	2.49476504398607
2873	2.06766699685338	1.84372117008525
2874	-0.873487412559177	1.82666602888556
2875	-2.48713331053373	2.01504176408877
2876	6.12039571806073	2.56447034101562
2877	3.89217324849871	2.52766244453326
2878	0.437893522890534	1.90093831629697
2879	2.91732636838642	2.41269085758561
2880	6.45903992462169	2.65486827337147
2881	-0.983639680156443	1.95995746738596
2882	1.35549236184546	2.32706736712218
2883	2.71621453822414	1.91415696593363
2884	-1.94906625013054	1.81553762246377
2885	3.56726923576964	2.38595773554862
2886	3.84800896785591	1.65347600413401
2887	3.73079781533223	2.32522629452938
2888	4.54384424690582	1.54645614204419
2889	3.07197709478683	1.71001959455495
2890	5.11454114811392	1.57501111459134
2891	1.35550223140033	1.70227839250801
2892	9.41913541980507	1.46353915471568
2893	3.04965937796903	2.23428229549383
2894	6.49725403412085	2.54342434680196
2895	5.97422921167153	2.4147968658245
2896	4.29910421735747	2.43909971902954
2897	-2.48117093495082	1.98719452939168
2898	-0.855475425622786	1.92748777155895
2899	1.02982585245596	2.45701743480658
2900	-0.550405438180211	2.18492788733474
2901	-0.378911573341857	2.25071264302521
2902	0.860069221105435	1.85232735846781
2903	0.0782511233260432	1.74274855378176
2904	9.05461057364169	2.69723483617221
2905	-0.667633028420721	2.22266210817956
2906	6.49555919214203	1.66736987318247
2907	6.37854978133696	1.55660373282465
2908	1.83758599419501	2.01737609446838
2909	7.24258033035268	2.60658596313598
2910	3.71548639175473	2.17677284479387
2911	6.89111419736346	2.67541692395987
2912	1.01091020763872	2.35253776881432
2913	3.60354287504806	1.85699081579701
2914	-1.13234192349842	1.95574830871869
2915	4.04042233026464	1.58149461699584
2916	7.74974825111187	1.40295189100585
2917	1.03288850154374	2.33109894378214
2918	5.11043242136999	1.52200328085801
2919	1.09225002588568	1.97531655618717
2920	0.351957938008793	2.23139248919338
2921	7.69667328978609	2.69611781617442
2922	2.68677664636076	2.04046526169671
2923	-0.420341071145105	2.02560930997021
2924	3.47992365154558	1.61483020756691
2925	2.13723221294091	2.38296356533057
2926	1.50185514701769	1.9853726038217
2927	-0.14263730175095	2.06104497197876
2928	3.0038066445694	1.6598877333504
2929	1.28722956868309	1.68778284667892
2930	-0.318752239915457	2.17274446094503
2931	0.322131339588853	2.14521034845532
2932	5.2616944108093	1.4874930117318
2933	8.82900430089372	1.43263062786055
2934	-2.30272827027497	2.23495246651722
2935	7.22671133846696	2.61258529983629
2936	-2.72650320743043	2.17588954509168
2937	-0.46843181378382	2.1267508853223
2938	-1.03217188205283	2.08067568983151
2939	7.16723598287619	2.6872082562863
2940	-0.111691247546562	2.05638373260584
2941	-2.6259055099788	2.28779176818162
2942	2.72434890377882	2.18044618798461
2943	-0.875120443972189	1.70127328547732
2944	1.17835308185305	1.72676933978719
2945	-0.338855688886291	2.34925730843025
2946	-1.42065506517047	1.98362242959864
2947	7.97386728885544	1.61705572734959
2948	2.22575254380213	2.37223166458245
2949	3.04465045166932	1.52438598852467
2950	1.50293764620544	2.52793392822613
2951	1.37353910564799	2.19775922704903
2952	0.0804999982917752	2.12180789721032
2953	0.419282683854408	1.8200630472376
2954	-1.77964448430797	1.98436312824773
2955	-2.97491361983617	2.04686977255748
2956	1.51608146727065	1.62463903459667
2957	2.03166462183689	2.08543591219398
2958	5.25153152901144	1.48512981869651
2959	-0.990726377760774	1.75265219275126
2960	6.71007762971618	1.6666978758059
2961	2.51754568958693	1.76194643085357
2962	5.14228240478092	2.56829630789932
2963	2.22102915390564	1.97525178263528
2964	4.59494068903147	2.41621085970835
2965	3.97686449291997	2.54917145111613
2966	4.68391143616397	1.93150447130027
2967	6.33941544000246	1.46997895353764
2968	-1.87467214629883	1.8289287112793
2969	1.51311956696982	2.34188000163967
2970	1.36435275540902	1.83174007421885
2971	5.22823915846488	2.21859386141172
2972	4.38826261422772	2.49631643426252
2973	5.47986906477806	2.51681806633125
2974	0.270595138764477	1.90274805110562
2975	-0.153860075129734	1.88839239279394
2976	5.56012300122196	2.56876048554153
2977	2.32505263054526	2.23696108986404
2978	6.24277095251061	2.3648068673797
2979	2.45398224816271	2.18541694792385
2980	8.26490907575558	2.57884962317642
2981	-0.930945882161437	1.77375777339079
2982	5.39932265096741	1.63837154040463
2983	5.81624554422744	2.55687672842386
2984	-2.93409858024638	2.05069936753775
2985	6.16025155235434	2.54446591045069
2986	3.16011254647495	1.6356412405369
2987	5.32739330739337	2.3872999762398
2988	0.282227101930624	2.34290123914959
2989	6.22767820949219	2.63254854224567
2990	-1.77049189360083	2.10923912445095
2991	1.25986883578969	2.32604895050811
2992	1.24833832538136	1.89950551961959
2993	4.27138506427479	1.51894977954056
2994	8.23388103279801	2.61085038152246
2995	-0.724592211437589	1.75988798408759
2996	-1.80064293010617	2.16595488795753
2997	8.34779430816257	1.53148489658228
2998	2.14232647054823	2.49617437339405
2999	2.01688935116643	1.80577577673139
3000	2.11802353590613	2.41999808833992
3001	0.72659511272592	1.8006835402652
3002	0.955969342031826	1.93986957209544
3003	-1.48018317295949	2.20192158684015
3004	9.18937119752268	2.6397262893927
3005	3.86278767333421	1.7173578369378
3006	4.07277951095575	2.62690876796011
3007	8.09335750718966	2.68733452819179
3008	2.40746289272958	2.31673290757928
3009	1.75169841125618	2.27536982117196
3010	6.30234904471344	1.53472426123905
3011	6.13579655870498	1.72296187708098
3012	4.54584570886809	1.68455695396276
3013	0.0167104651076917	2.35096967658712
3014	-3.94584964160729	1.95550920733514
3015	4.87117994637236	2.45908920025125
3016	-0.0896766524990942	2.1038079938987
3017	1.67250081881448	2.39091226706725
3018	10.5986502421001	2.74899430120807
3019	2.16053848443678	1.95019773604202
3020	3.95893327242985	2.46901595150674
3021	8.64082570944673	2.67431865914369
3022	4.54730201138831	1.731014121862
3023	0.977307494202632	2.30482150475527
3024	1.06882011005263	1.61797436757252
3025	3.19035531022509	1.80291856099716
3026	0.354662517959042	1.95813374801698
3027	8.21281182966493	1.47154343744532
3028	-2.44353143268069	1.95326928372747
3029	3.96386746052535	2.58944247623402
3030	1.75346706331009	1.89838748380595
3031	2.72891950447322	2.08341724745796
3032	0.15130527464686	2.23679466613561
3033	0.776844952845669	2.09837981592579
3034	3.43692809074676	1.69716917773315
3035	1.10411931682987	2.53419700786152
3036	0.19172838097893	2.32674470473105
3037	2.32819553563234	2.49094132814049
3038	5.41486842392824	1.59498261972469
3039	4.00172788958346	2.39886593547401
3040	1.80975166297802	1.99098053048045
3041	3.37918766093409	2.52580653699819
3042	0.271837861555728	2.29879849306039
3043	4.27576087797144	2.47617992803749
3044	1.21458901003792	2.17605045546293
3045	-1.34571426500243	2.14561049742699
3046	1.5991827235065	2.48456575773471
3047	8.90883706034136	1.48452122728933
3048	1.55573076680744	2.07708551386767
3049	1.71821580999688	2.41009686838934
3050	3.09945175602001	2.35842238872764
3051	0.814243488014961	2.0775940800779
3052	3.47294951502317	2.57837006183206
3053	0.820190235673438	2.02599749595609
3054	0.0858972810183634	1.77364485666592
3055	9.50144070357534	1.54633376789469
3056	9.73618464349955	1.58391530090913
3057	0.480776128002462	1.86695461835819
3058	-2.07576876510189	2.13113863265268
3059	2.08428246714859	2.31830901494585
3060	0.0423928969344883	1.9851785786005
3061	10.9400305590002	2.6458205316953
3062	1.45510443302963	1.83736114166366
3063	1.43980085650073	2.05337199675424
3064	1.06729994622673	1.88800312767549
3065	-0.667118095738368	2.30377279909179
3066	2.48559622194781	1.79090289896166
3067	-3.59334622840611	2.07880248361976
3068	5.4842791619212	2.45447981225062
3069	6.52912929207117	1.56404659826756
3070	9.41640296883018	2.59679306509038
3071	1.8833297538254	1.89672159089394
3072	2.72801818624204	2.54995049954755
3073	2.06766699685338	1.90665715425545
3074	-0.873487412559177	1.88980505061604
3075	-2.48713331053373	2.07593821572005
3076	6.12039571806073	2.61882597093791
3077	3.89217324849871	2.58245626405558
3078	0.437893522890534	1.96319314341094
3079	2.91732636838642	2.46885338758898
3080	6.45903992462169	2.70814773655756
3081	-0.983639680156443	2.02150968498725
3082	1.35549236184546	2.38424922522158
3083	2.71621453822414	1.97625442804305
3084	-1.94906625013054	1.87880912533078
3085	3.56726923576964	2.44243851726351
3086	3.84800896785591	1.71867681354946
3087	3.73079781533223	2.38243007017746
3088	4.54384424690582	1.61293099847257
3089	3.07197709478683	1.77454726544201
3090	5.11454114811392	1.64114603059401
3091	1.35550223140033	1.76689822063721
3092	9.41913541980507	1.53100111893848
3093	3.04965937796903	2.29256873867719
3094	6.49725403412085	2.59803052447807
3095	5.97422921167153	2.47093432428083
3096	4.29910421735747	2.49494785756967
3097	-2.48117093495082	2.04842249599122
3098	-0.855475425622786	1.9894265334724
3099	1.02982585245596	2.51265226703311
3100	-0.550405438180211	2.2438018834738
3101	-0.378911573341857	2.3088034866742
3102	0.860069221105435	1.91516088793113
3103	0.0782511233260432	1.8068865938851
3104	9.05461057364169	2.75000993510544
3105	-0.667633028420721	2.28108688703864
3106	6.49555919214203	1.73240527926051
3107	6.37854978133696	1.62295778450268
3108	1.83758599419501	2.07824475642969
3109	7.24258033035268	2.66044021619689
3110	3.71548639175473	2.23574392485163
3111	6.89111419736346	2.72845176015439
3112	1.01091020763872	2.40941640759947
3113	3.60354287504806	1.91976882786604
3114	-1.13234192349842	2.01735063539246
3115	4.04042233026464	1.64755234838333
3116	7.74974825111187	1.4711351327639
3117	1.03288850154374	2.38823280688228
3118	5.11043242136999	1.58876924301334
3119	1.09225002588568	2.03668592734457
3120	0.351957938008793	2.28971333486066
3121	7.69667328978609	2.74890621297558
3122	2.68677664636076	2.10105905239615
3123	-0.420341071145105	2.08637995738158
3124	3.47992365154558	1.6804910863631
3125	2.13723221294091	2.43947999195799
3126	1.50185514701769	2.04662226002899
3127	-0.14263730175095	2.12139376592807
3128	3.0038066445694	1.72501221259409
3129	1.28722956868309	1.75257524097017
3130	-0.318752239915457	2.23176349799236
3131	0.322131339588853	2.20455717282255
3132	5.2616944108093	1.55466981075832
3133	8.82900430089372	1.5004605510355
3134	-2.30272827027497	2.29323093146763
3135	7.22671133846696	2.66636813216413
3136	-2.72650320743043	2.23487114063063
3137	-0.46843181378382	2.18631746538165
3138	-1.03217188205283	2.14079078456878
3139	7.16723598287619	2.74010271936282
3140	-0.111691247546562	2.11678801754517
3141	-2.6259055099788	2.34544119331515
3142	2.72434890377882	2.23937353773074
3143	-0.875120443972189	1.76590507917614
3144	1.17835308185305	1.7910976087832
3145	-0.338855688886291	2.40617500034696
3146	-1.42065506517047	2.04489292123029
3147	7.97386728885544	1.68269011184112
3148	2.22575254380213	2.42887585203692
3149	3.04465045166932	1.59112358508949
3150	1.50293764620544	2.58272451579711
3151	1.37353910564799	2.25648046901971
3152	0.0804999982917752	2.18143332241408
3153	0.419282683854408	1.88328067595636
3154	-1.77964448430797	2.04562480203115
3155	-2.97491361983617	2.10738731901803
3156	1.51608146727065	1.69018314154758
3157	2.03166462183689	2.14549433757135
3158	5.25153152901144	1.55233475099631
3159	-0.990726377760774	1.81667233229484
3160	6.71007762971618	1.73174128185921
3161	2.51754568958693	1.82585592461551
3162	5.14228240478092	2.62260639055977
3163	2.22102915390564	2.03662192490702
3164	4.59494068903147	2.47233148489047
3165	3.97686449291997	2.60370921082813
3166	4.68391143616397	1.99339541532079
3167	6.33941544000246	1.53736425342644
3168	-1.87467214629883	1.89204079629273
3169	1.51311956696982	2.39888551870861
3170	1.36435275540902	1.89481869059864
3171	5.22823915846488	2.27706707181931
3172	4.38826261422772	2.55148342087712
3173	5.47986906477806	2.57174098569901
3174	0.270595138764477	1.96498133374007
3175	-0.153860075129734	1.95079657626151
3176	5.56012300122196	2.62306504227318
3177	2.32505263054526	2.29521564261231
3178	6.24277095251061	2.42153944534891
3179	2.45398224816271	2.24428512190831
3180	8.26490907575558	2.63303407102906
3181	-0.930945882161437	1.83752665581775
3182	5.39932265096741	1.70375216501065
3183	5.81624554422744	2.61132275856953
3184	-2.93409858024638	2.11117132354481
3185	6.16025155235434	2.59905968854948
3186	3.16011254647495	1.7010543687392
3187	5.32739330739337	2.44376477888586
3188	0.282227101930624	2.39989459861924
3189	6.22767820949219	2.68609371673258
3190	-1.77049189360083	2.16901417802348
3191	1.25986883578969	2.38324293262467
3192	1.24833832538136	1.96177740385073
3193	4.27138506427479	1.5857520929316
3194	8.23388103279801	2.66465386765654
3195	-0.724592211437589	1.82382198318809
3196	-1.80064293010617	2.22505475332041
3197	8.34779430816257	1.59813798226819
3198	2.14232647054823	2.55134305121085
3199	2.01688935116643	1.86916349214206
3200	2.11802353590613	2.47607362743026
3201	0.72659511272592	1.85881356277804
3202	0.955969342031826	1.99634906069643
3203	-1.48018317295949	2.25529353848993
3204	9.18937119752268	2.68790654544752
3205	3.86278767333421	1.77647597512046
3206	4.07277951095575	2.67524102025702
3207	8.09335750718966	2.73495022319412
3208	2.40746289272958	2.36874337219006
3209	1.75169841125618	2.32787078885922
3210	6.30234904471344	1.59600815489422
3211	6.13579655870498	1.78201355990042
3212	4.54584570886809	1.74406406055681
3213	0.0167104651076917	2.40257414536962
3214	-3.94584964160729	2.01180323373139
3215	4.87117994637236	2.50941153649505
3216	-0.0896766524990942	2.15834342301983
3217	1.67250081881448	2.44204307768701
3218	10.5986502421001	2.79587880540754
3219	2.16053848443678	2.00655474838144
3220	3.95893327242985	2.51922057163086
3221	8.64082570944673	2.72208870248813
3222	4.54730201138831	1.78997031734767
3223	0.977307494202632	2.35697322042437
3224	1.06882011005263	1.67827104202284
3225	3.19035531022509	1.8610220795752
3226	0.354662517959042	2.01439665136631
3227	8.21281182966493	1.53357655924414
3228	-2.44353143268069	2.00958987219913
3229	3.96386746052535	2.63821902156977
3230	1.75346706331009	1.95535888666411
3231	2.72891950447322	2.13819447971154
3232	0.15130527464686	2.28975307628822
3233	0.776844952845669	2.1529796149532
3234	3.43692809074676	1.75652672260205
3235	1.10411931682987	2.58362868013657
3236	0.19172838097893	2.37863644470761
3237	2.32819553563234	2.54088594676023
3238	5.41486842392824	1.6555519412145
3239	4.00172788958346	2.44990242772535
3240	1.80975166297802	2.04685392112051
3241	3.37918766093409	2.57533770745214
3242	0.271837861555728	2.35102163245587
3243	4.27576087797144	2.52629959433361
3244	1.21458901003792	2.22972919924633
3245	-1.34571426500243	2.19965021265525
3246	1.5991827235065	2.53458598088907
3247	8.90883706034136	1.54640045230729
3248	1.55573076680744	2.13193783081814
3249	1.71821580999688	2.46100017891695
3250	3.09945175602001	2.40993847971848
3251	0.814243488014961	2.13244036620929
3252	3.47294951502317	2.6272779091039
3253	0.820190235673438	2.08145563882848
3254	0.0858972810183634	1.83209551669982
3255	9.50144070357534	1.60747999051935
3256	9.73618464349955	1.64461586390915
3257	0.480776128002462	1.92429876702773
3258	-2.07576876510189	2.1853499621102
3259	2.08428246714859	2.37030078932872
3260	0.0423928969344883	2.04112077153492
3261	10.9400305590002	2.69392851933744
3262	1.45510443302963	1.89505622380125
3263	1.43980085650073	2.10850551982612
3264	1.06729994622673	1.94509767314876
3265	-0.667118095738368	2.35593695080953
3266	2.48559622194781	1.84914890495315
3267	-3.59334622840611	2.13363443992941
3268	5.4842791619212	2.50485680880127
3269	6.52912929207117	1.6249827737573
3270	9.41640296883018	2.64548244366076
3271	1.8833297538254	1.95371274869955
3272	2.72801818624204	2.59919535945417
3273	2.06766699685338	1.96353049144325
3274	-0.873487412559177	1.94687822803333
3275	-2.48713331053373	2.13080413787555
3276	6.12039571806073	2.66725407287154
3277	3.89217324849871	2.63131565520542
3278	0.437893522890534	2.01939605005255
3279	2.91732636838642	2.51905993547305
3280	6.45903992462169	2.75551661867378
3281	-0.983639680156443	2.07702104644844
3282	1.35549236184546	2.4354590493485
3283	2.71621453822414	2.03230244778305
3284	-1.94906625013054	1.93601269763997
3285	3.56726923576964	2.49295830519528
3286	3.84800896785591	1.77777931068253
3287	3.73079781533223	2.43366146670681
3288	4.54384424690582	1.67328747958323
3289	3.07197709478683	1.83298722428508
3290	5.11454114811392	1.70116792448549
3291	1.35550223140033	1.8254288854777
3292	9.41913541980507	1.59232916337907
3293	3.04965937796903	2.34486575345181
3294	6.49725403412085	2.64670522866872
3295	5.97422921167153	2.52111619543167
3296	4.29910421735747	2.54484496486514
3297	-2.48117093495082	2.10361471258822
3298	-0.855475425622786	2.04531835214527
3299	1.02982585245596	2.56233942705281
3300	-0.550405438180211	2.29667719872319
3301	-0.378911573341857	2.36090798211504
3302	0.860069221105435	1.97193338381592
3303	0.0782511233260432	1.86494305764911
3304	9.05461057364169	2.79688239543696
3305	-0.667633028420721	2.3335200590501
3306	6.49555919214203	1.79134497774262
3307	6.37854978133696	1.6831953632339
3308	1.83758599419501	2.13308332653261
3309	7.24258033035268	2.70837483669339
3310	3.71548639175473	2.28871479519222
3311	6.89111419736346	2.77557986753874
3312	1.01091020763872	2.46032778735353
3313	3.60354287504806	1.97648668061584
3314	-1.13234192349842	2.07291131683431
3315	4.04042233026464	1.70749827312314
3316	7.74974825111187	1.53317309643309
3317	1.03288850154374	2.43939539181045
3318	5.11043242136999	1.64941224566809
3319	1.09225002588568	2.09201732173338
3320	0.351957938008793	2.34204421036663
3321	7.69667328978609	2.79579176176705
3322	2.68677664636076	2.15562707976807
3323	-0.420341071145105	2.14112205641716
3324	3.47992365154558	1.74004640794155
3325	2.13723221294091	2.49003486348459
3326	1.50185514701769	2.10183582467698
3327	-0.14263730175095	2.17572065463233
3328	3.0038066445694	1.78403958156356
3329	1.28722956868309	1.81127575448979
3330	-0.318752239915457	2.28478157012057
3331	0.322131339588853	2.257897870445
3332	5.2616944108093	1.61571718063707
3333	8.82900430089372	1.56215076000043
3334	-2.30272827027497	2.3455200936464
3335	7.22671133846696	2.71423245662444
3336	-2.72650320743043	2.28785236086004
3337	-0.46843181378382	2.23987445809692
3338	-1.03217188205283	2.19488765423569
3339	7.16723598287619	2.78709266415265
3340	-0.111691247546562	2.17116952339596
3341	-2.6259055099788	2.39711122147168
3342	2.72434890377882	2.2923013664021
3343	-0.875120443972189	1.82444752115862
3344	1.17835308185305	1.84934130581337
3345	-0.338855688886291	2.457124818244
3346	-1.42065506517047	2.10012699319712
3347	7.97386728885544	1.74221935633356
3348	2.22575254380213	2.47955647247895
3349	3.04465045166932	1.65173866884041
3350	1.50293764620544	2.63158072589069
3351	1.37353910564799	2.30920543559457
3352	0.0804999982917752	2.23504823361077
3353	0.419282683854408	1.94043122249962
3354	-1.77964448430797	2.10085019500868
3355	-2.97491361983617	2.16188030280602
3356	1.51608146727065	1.74962353014356
3357	2.03166462183689	2.19953543027821
3358	5.25153152901144	1.61340981112008
3359	-0.990726377760774	1.8746127521363
3360	6.71007762971618	1.79068885433711
3361	2.51754568958693	1.88368744106804
3362	5.14228240478092	2.67098966248637
3363	2.22102915390564	2.09195407826705
3364	4.59494068903147	2.52249678784882
3365	3.97686449291997	2.65231657446547
3366	4.68391143616397	2.04924016911224
3367	6.33941544000246	1.59861684080342
3368	-1.87467214629883	1.94908746117848
3369	1.51311956696982	2.44992177873268
3370	1.36435275540902	1.95183241389755
3371	5.22823915846488	2.32954791270423
3372	4.38826261422772	2.60071010267631
3373	5.47986906477806	2.6207274436965
3374	0.270595138764477	2.02116303517351
3375	-0.153860075129734	2.00714648726987
3376	5.56012300122196	2.67144287529045
3377	2.32505263054526	2.34748126914597
3378	6.24277095251061	2.47230706437744
3379	2.45398224816271	2.29715470668738
3380	8.26490907575558	2.68129368658002
3381	-0.930945882161437	1.89521977521008
3382	5.39932265096741	1.76303164569739
3383	5.81624554422744	2.65983983715046
3384	-2.93409858024638	2.16561943481425
3385	6.16025155235434	2.64772218842495
3386	3.16011254647495	1.76036584117234
3387	5.32739330739337	2.49426883937893
3388	0.282227101930624	2.45091889249562
3389	6.22767820949219	2.7337241258651
3390	-1.77049189360083	2.22277636131854
3391	1.25986883578969	2.43446468984599
3392	1.24833832538136	2.01799709900282
3393	4.27138506427479	1.64643087438154
3394	8.23388103279801	2.71253852067761
3395	-0.724592211437589	1.88167761908175
3396	-1.80064293010617	2.27815238092155
3397	8.34779430816257	1.65866988597394
3398	2.14232647054823	2.60057139758005
3399	2.01688935116643	1.92648144693971
3400	2.11802353590613	2.52619455428934
3401	0.72659511272592	1.9113881719578
3402	0.955969342031826	2.04733350252189
3403	-1.48018317295949	2.30328409828932
3404	9.18937119752268	2.7308952905073
3405	3.86278767333421	1.83000256066927
3406	4.07277951095575	2.71837620245476
3407	8.09335750718966	2.77739505543349
3408	2.40746289272958	2.41542223991991
3409	1.75169841125618	2.37502222002675
3410	6.30234904471344	1.65162128566641
3411	6.13579655870498	1.83547612062167
3412	4.54584570886809	1.79796538840277
3413	0.0167104651076917	2.44886186614545
3414	-3.94584964160729	2.06260899643895
3415	4.87117994637236	2.55446401739348
3416	-0.0896766524990942	2.20745490731472
3417	1.67250081881448	2.48787446385374
3418	10.5986502421001	2.83761918938558
3419	2.16053848443678	2.05742119338695
3420	3.95893327242985	2.56415964175399
3421	8.64082570944673	2.76468223793985
3422	4.54730201138831	1.84334088308485
3423	0.977307494202632	2.4037881731023
3424	1.06882011005263	1.73293306010367
3425	3.19035531022509	1.91357115417396
3426	0.354662517959042	2.06517242931996
3427	8.21281182966493	1.5899115159215
3428	-2.44353143268069	2.06042122550189
3429	3.96386746052535	2.68178224725152
3430	1.75346706331009	2.00681725149548
3431	2.72891950447322	2.18753892344132
3432	0.15130527464686	2.33734521943969
3433	0.776844952845669	2.20215311489213
3434	3.43692809074676	1.81028395878708
3435	1.10411931682987	2.6278230721726
3436	0.19172838097893	2.425200930033
3437	2.32819553563234	2.58557452466302
3438	5.41486842392824	1.71047663455351
3439	4.00172788958346	2.49564294511968
3440	1.80975166297802	2.09725443238626
3441	3.37918766093409	2.61962795862489
3442	0.271837861555728	2.39790539661184
3443	4.27576087797144	2.57115681772646
3444	1.21458901003792	2.27801533057682
3445	-1.34571426500243	2.24828411327622
3446	1.5991827235065	2.57934739816943
3447	8.90883706034136	1.60258714081817
3448	1.55573076680744	2.18135461310028
3449	1.71821580999688	2.50661238557028
3450	3.09945175602001	2.45614105502826
3451	0.814243488014961	2.18185133824327
3452	3.47294951502317	2.67096763449028
3453	0.820190235673438	2.13145608958087
3454	0.0858972810183634	1.88497903641749
3455	9.50144070357534	1.66296048543547
3456	9.73618464349955	1.69966699873692
3457	0.480776128002462	1.97611624488094
3458	-2.07576876510189	2.23414920034888
3459	2.08428246714859	2.41696165040626
3460	0.0423928969344883	2.09158756872282
3461	10.9400305590002	2.73684763912641
3462	1.45510443302963	1.94721180009667
3463	1.43980085650073	2.15819322340886
3464	1.06729994622673	1.99667467678243
3465	-0.667118095738368	2.40276388470057
3466	2.48559622194781	1.90183525563671
3467	-3.59334622840611	2.18303160623995
3468	5.4842791619212	2.54996195086279
3469	6.52912929207117	1.68026090379356
3470	9.41640296883018	2.68896169061073
3471	1.8833297538254	2.00519014596176
3472	2.72801818624204	2.64320977158945
3473	2.06766699685338	2.01489437725394
3474	-0.873487412559177	1.9984346451254
3475	-2.48713331053373	2.18023402776652
3476	6.12039571806073	2.71048159910544
3477	3.89217324849871	2.67495869670194
3478	0.437893522890534	2.07011402561553
3479	2.91732636838642	2.56400086285033
3480	6.45903992462169	2.79772366495111
3481	-0.983639680156443	2.1270727693752
3482	1.35549236184546	2.48136655918571
3483	2.71621453822414	2.08287120127141
3484	-1.94906625013054	1.98769474056668
3485	3.56726923576964	2.53820101619199
3486	3.84800896785591	1.83129082723683
3487	3.73079781533223	2.47958975995832
3488	4.54384424690582	1.72800711695813
3489	3.07197709478683	1.88586043419682
3490	5.11454114811392	1.75556521182001
3491	1.35550223140033	1.87838948390954
3492	9.41913541980507	1.64798483016772
3493	3.04965937796903	2.39182069107192
3494	6.49725403412085	2.6901703379391
3495	5.97422921167153	2.56603334860151
3496	4.29910421735747	2.58948776912083
3497	-2.48117093495082	2.15335896304158
3498	-0.855475425622786	2.09573661745773
3499	1.02982585245596	2.60677996263552
3500	-0.550405438180211	2.34418928608092
3501	-0.378911573341857	2.40767744159534
3502	0.860069221105435	2.02320011648917
3503	0.0782511233260432	1.9174467984146
3504	9.05461057364169	2.83861117603896
3505	-0.667633028420721	2.38060617409801
3506	6.49555919214203	1.84469964983695
3507	6.37854978133696	1.73780044695995
3508	1.83758599419501	2.18248686474382
3509	7.24258033035268	2.75112693005939
3510	3.71548639175473	2.3363189428133
3511	6.89111419736346	2.81755494516908
3512	1.01091020763872	2.50594776810976
3513	3.60354287504806	2.02770076866981
3514	-1.13234192349842	2.12301055591484
3515	4.04042233026464	1.76182236979854
3516	7.74974825111187	1.58951271789446
3517	1.03288850154374	2.48525739017337
3518	5.11043242136999	1.70440792536022
3519	1.09225002588568	2.14189565969586
3520	0.351957938008793	2.38903177029713
3521	7.69667328978609	2.83753315213223
3522	2.68677664636076	2.2047699700667
3523	-0.420341071145105	2.19043265188976
3524	3.47992365154558	1.79399418735912
3525	2.13723221294091	2.53531137493021
3526	1.50185514701769	2.15160064239862
3527	-0.14263730175095	2.22463122565874
3528	3.0038066445694	1.83747871768856
3529	1.28722956868309	1.86439998956234
3530	-0.318752239915457	2.33243119317308
3531	0.322131339588853	2.30585831930055
3532	5.2616944108093	1.67110243824345
3533	8.82900430089372	1.6181553455234
3534	-2.30272827027497	2.39246746587115
3535	7.22671133846696	2.75691682495851
3536	-2.72650320743043	2.33546647983354
3537	-0.46843181378382	2.2880432912777
3538	-1.03217188205283	2.2435766189313
3539	7.16723598287619	2.82893463234136
3540	-0.111691247546562	2.22013271400369
3541	-2.6259055099788	2.44346210385577
3542	2.72434890377882	2.33986404655813
3543	-0.875120443972189	1.87741946599577
3544	1.17835308185305	1.90202543198346
3545	-0.338855688886291	2.5027818313082
3546	-1.42065506517047	2.14991156820378
3547	7.97386728885544	1.79614201240735
3548	2.22575254380213	2.52495413370448
3549	3.04465045166932	1.70670745073353
3550	1.50293764620544	2.67522070267478
3551	1.37353910564799	2.35657267312385
3552	0.0804999982917752	2.28327286696488
3553	0.419282683854408	1.99206217902251
3554	-1.77964448430797	2.15062640845102
3555	-2.97491361983617	2.21095089416157
3556	1.51608146727065	1.80346058013269
3557	2.03166462183689	2.24817065799795
3558	5.25153152901144	1.66882174622962
3559	-0.990726377760774	1.92700469316476
3560	6.71007762971618	1.84405111244404
3561	2.51754568958693	1.93597446173552
3562	5.14228240478092	2.71417399832401
3563	2.22102915390564	2.14183314744218
3564	4.59494068903147	2.56739797879055
3565	3.97686449291997	2.6957168060931
3566	4.68391143616397	2.09961309089226
3567	6.33941544000246	1.65419981029191
3568	-1.87467214629883	2.00061833540723
3569	1.51311956696982	2.4956620723932
3570	1.36435275540902	2.00333155134365
3571	5.22823915846488	2.37667995318624
3572	4.38826261422772	2.6447070015495
3573	5.47986906477806	2.66449290470316
3574	0.270595138764477	2.07186058108671
3575	-0.153860075129734	2.05800609066811
3576	5.56012300122196	2.7146219711412
3577	2.32505263054526	2.3944059665173
3578	6.24277095251061	2.51778854230684
3579	2.45398224816271	2.34466127316078
3580	8.26490907575558	2.72435888864507
3581	-0.930945882161437	1.9473734605456
3582	5.39932265096741	1.81671367281636
3583	5.81624554422744	2.70315308580351
3584	-2.93409858024638	2.21464679481687
3585	6.16025155235434	2.69117553974026
3586	3.16011254647495	1.81407868997294
3587	5.32739330739337	2.53949639815162
3588	0.282227101930624	2.49664765765784
3589	6.22767820949219	2.77618313408067
3590	-1.77049189360083	2.27114288044753
3591	1.25986883578969	2.48038369633711
3592	1.24833832538136	2.06873124905401
3593	4.27138506427479	1.70146102429673
3594	8.23388103279801	2.7552424740765
3595	-0.724592211437589	1.93398787704694
3596	-1.80064293010617	2.32587864978849
3597	8.34779430816257	1.71355853004534
3598	2.14232647054823	2.64456990014334
3599	2.01688935116643	1.97827368893458
3600	2.11802353590613	2.57105299214139
3601	0.72659511272592	1.95890236466217
3602	0.955969342031826	2.09333893067037
3603	-1.48018317295949	2.34644890524584
3604	9.18937119752268	2.76931433232544
3605	3.86278767333421	1.87841999679628
3606	4.07277951095575	2.75693418509747
3607	8.09335750718966	2.81529802805759
3608	2.40746289272958	2.45734250208219
3609	1.75169841125618	2.41739085447087
3610	6.30234904471344	1.70201845396987
3611	6.13579655870498	1.88383280943785
3612	4.54584570886809	1.84673838326641
3613	0.0167104651076917	2.49041100469059
3614	-3.94584964160729	2.10844489229309
3615	4.87117994637236	2.59484114964634
3616	-0.0896766524990942	2.25168325713925
3617	1.67250081881448	2.52899062817012
3618	10.5986502421001	2.87485377539914
3619	2.16053848443678	2.10331466513086
3620	3.95893327242985	2.60442916888116
3621	8.64082570944673	2.80272630145954
3622	4.54730201138831	1.89161028626353
3623	0.977307494202632	2.44583755384174
3624	1.06882011005263	1.78242780444938
3625	3.19035531022509	1.96106111944675
3626	0.354662517959042	2.11097987537994
3627	8.21281182966493	1.64099355889449
3628	-2.44353143268069	2.10628140193435
3629	3.96386746052535	2.72074636125851
3630	1.75346706331009	2.05327234189594
3631	2.72891950447322	2.23198830719499
3632	0.15130527464686	2.38013200523055
3633	0.776844952845669	2.24644030569675
3634	3.43692809074676	1.85892023823506
3635	1.10411931682987	2.66738604228216
3636	0.19172838097893	2.46701266517942
3637	2.32819553563234	2.62560638260238
3638	5.41486842392824	1.76022060745882
3639	4.00172788958346	2.53667289235793
3640	1.80975166297802	2.14270582216312
3641	3.37918766093409	2.65928188071346
3642	0.271837861555728	2.44002006627751
3643	4.27576087797144	2.61134868796719
3644	1.21458901003792	2.32146057836155
3645	-1.34571426500243	2.29205932757529
3646	1.5991827235065	2.61944836674098
3647	8.90883706034136	1.65352850567085
3648	1.55573076680744	2.22587263229885
3649	1.71821580999688	2.54752059046636
3650	3.09945175602001	2.49760940681791
3651	0.814243488014961	2.22636384462807
3652	3.47294951502317	2.71005177251246
3653	0.820190235673438	2.17652789847832
3654	0.0858972810183634	1.93278632611525
3655	9.50144070357534	1.71323180769014
3656	9.73618464349955	1.7495309404217
3657	0.480776128002462	2.02291206482625
3658	-2.07576876510189	2.27808128841136
3659	2.08428246714859	2.4588648277009
3660	0.0423928969344883	2.13710185115663
3661	10.9400305590002	2.77520061988468
3662	1.45510443302963	1.99432841077174
3663	1.43980085650073	2.2029682950835
3664	1.06729994622673	2.04324233270587
3665	-0.667118095738368	2.44482463331878
3666	2.48559622194781	1.94945546964752
3667	-3.59334622840611	2.2275310136348
3668	5.4842791619212	2.59038904848321
3669	6.52912929207117	1.73034022049782
3670	9.41640296883018	2.7278461248698
3671	1.8833297538254	2.0516632944974
3672	2.72801818624204	2.68260197521063
3673	2.06766699685338	2.06125982514143
3674	-0.873487412559177	2.04498276835989
3675	-2.48713331053373	2.22476448357785
3676	6.12039571806073	2.74912719856932
3677	3.89217324849871	2.71399854064517
3678	0.437893522890534	2.11586662826669
3679	2.91732636838642	2.60427215215632
3680	6.45903992462169	2.83540102419531
3681	-0.983639680156443	2.17219322575569
3682	1.35549236184546	2.52255495029984
3683	2.71621453822414	2.12848222072599
3684	-1.94906625013054	2.03436205868095
3685	3.56726923576964	2.57875864040941
3686	3.84800896785591	1.87969396577136
3687	3.73079781533223	2.52079787055591
3688	4.54384424690582	1.777556530989
3689	3.07197709478683	1.93365794186144
3690	5.11454114811392	1.80480877734117
3691	1.35550223140033	1.92626990655878
3692	9.41913541980507	1.69842235701195
3693	3.04965937796903	2.4340028907367
3694	6.49725403412085	2.72904135824536
3695	5.97422921167153	2.6062820807336
3696	4.29910421735747	2.62947619662745
3697	-2.48117093495082	2.19818768687673
3698	-0.855475425622786	2.14120485242785
3699	1.02982585245596	2.64657647587365
3700	-0.550405438180211	2.38690011424143
3701	-0.378911573341857	2.44968365799493
3702	0.860069221105435	2.06947338463855
3703	0.0782511233260432	1.96489375055383
3704	9.05461057364169	2.87583475266884
3705	-0.667633028420721	2.42291283604223
3706	6.49555919214203	1.89295397298966
3707	6.37854978133696	1.78724117149683
3708	1.83758599419501	2.22699231785321
3709	7.24258033035268	2.78932143470117
3710	3.71548639175473	2.37911711854886
3711	6.89111419736346	2.85501221055226
3712	1.01091020763872	2.546863349142
3713	3.60354287504806	2.07392408714853
3714	-1.13234192349842	2.16817609603349
3715	4.04042233026464	1.81099649138854
3716	7.74974825111187	1.6405991868549
3717	1.03288850154374	2.52640259960658
3718	5.11043242136999	1.7542192507321
3719	1.09225002588568	2.18685160692081
3720	0.351957938008793	2.43124492229251
3721	7.69667328978609	2.87476869301461
3722	2.68677664636076	2.24902811817954
3723	-0.420341071145105	2.23484992012391
3724	3.47992365154558	1.84281125587615
3725	2.13723221294091	2.57590106930624
3726	1.50185514701769	2.19644888063601
3727	-0.14263730175095	2.26866894723432
3728	3.0038066445694	1.88581318104499
3729	1.28722956868309	1.9124356720733
3730	-0.318752239915457	2.3752725163918
3731	0.322131339588853	2.34899455673279
3732	5.2616944108093	1.72128339851392
3733	8.82900430089372	1.66892392948422
3734	-2.30272827027497	2.43464248742332
3735	7.22671133846696	2.79504707150353
3736	-2.72650320743043	2.37827411647463
3737	-0.46843181378382	2.33137724556224
3738	-1.03217188205283	2.2874040785012
3739	7.16723598287619	2.86626560233366
3740	-0.111691247546562	2.26422036149369
3741	-2.6259055099788	2.48507117068179
3742	2.72434890377882	2.38262287760378
3743	-0.875120443972189	1.92531065421261
3744	1.17835308185305	1.94964353535663
3745	-0.338855688886291	2.54373254891491
3746	-1.42065506517047	2.19477855232429
3747	7.97386728885544	1.84493524367825
3748	2.22575254380213	2.56565877604079
3749	3.04465045166932	1.75649325524077
3750	1.50293764620544	2.71425763879231
3751	1.37353910564799	2.39914606651279
3752	0.0804999982917752	2.32665976493707
3753	0.419282683854408	2.03868102591445
3754	-1.77964448430797	2.19548545904691
3755	-2.97491361983617	2.25514044441115
3756	1.51608146727065	1.85217258760916
3757	2.03166462183689	2.29194713145981
3758	5.25153152901144	1.7190280183461
3759	-0.990726377760774	1.97434556874536
3760	6.71007762971618	1.89231263327119
3761	2.51754568958693	1.98321578796905
3762	5.14228240478092	2.75277861836591
3763	2.22102915390564	2.18678978844802
3764	4.59494068903147	2.60763156582239
3765	3.97686449291997	2.7345262699301
3766	4.68391143616397	2.14503830352616
3767	6.33941544000246	1.70456836130822
3768	-1.87467214629883	2.04714222335181
3769	1.51311956696982	2.53669180735088
3770	1.36435275540902	2.04982532715404
3771	5.22823915846488	2.41903018958004
3772	4.38826261422772	2.68408258843596
3773	5.47986906477806	2.70364890133771
3774	0.270595138764477	2.11759379990925
3775	-0.153860075129734	2.1038930710358
3776	5.56012300122196	2.75322161943816
3777	2.32505263054526	2.43655947397219
3778	6.24277095251061	2.5585727106576
3779	2.45398224816271	2.38736686305842
3780	8.26490907575558	2.76285047353189
3781	-0.930945882161437	1.99448827706154
3782	5.39932265096741	1.86527859325119
3783	5.81624554422744	2.74188001944099
3784	-2.93409858024638	2.25879532678441
3785	6.16025155235434	2.73003540399693
3786	3.16011254647495	1.86267285428619
3787	5.32739330739337	2.58003964580767
3788	0.282227101930624	2.5376664542765
3789	6.22767820949219	2.81409955699376
3790	-1.77049189360083	2.31466440087159
3791	1.25986883578969	2.52158299557602
3792	1.24833832538136	2.11449919819965
3793	4.27138506427479	1.75130505531473
3794	8.23388103279801	2.79339130310062
3795	-0.724592211437589	1.98125125102976
3796	-1.80064293010617	2.36879269521964
3797	8.34779430816257	1.76326829909339
3798	2.14232647054823	2.68394700862484
3799	2.01688935116643	2.02504556487899
3800	2.11802353590613	2.61124601467151
3801	0.72659511272592	2.00181677884702
3802	0.955969342031826	2.13483787329211
3803	-1.48018317295949	2.3852828737315
3804	9.18937119752268	2.8036959854565
3805	3.86278767333421	1.92218180322291
3806	4.07277951095575	2.791446187782
3807	8.09335750718966	2.84919552263263
3808	2.40746289272958	2.49500888099372
3809	1.75169841125618	2.45547788099913
3810	6.30234904471344	1.74763757775423
3811	6.13579655870498	1.9275376248047
3812	4.54584570886809	1.89083376280009
3813	0.0167104651076917	2.52772920805385
3814	-3.94584964160729	2.14978478548545
3815	4.87117994637236	2.63105981658952
3816	-0.0896766524990942	2.29151500535135
3817	1.67250081881448	2.56590262984605
3818	10.5986502421001	2.90812421240133
3819	2.16053848443678	2.1447085740637
3820	3.95893327242985	2.64054688435721
3821	8.64082570944673	2.83675616271149
3822	4.54730201138831	1.93523321321559
3823	0.977307494202632	2.48362506740847
3824	1.06882011005263	1.82720030478602
3825	3.19035531022509	2.00395280427976
3826	0.354662517959042	2.15229307794356
3827	8.21281182966493	1.68725520878753
3828	-2.44353143268069	2.14764407433902
3829	3.96386746052535	2.75563938256838
3830	1.75346706331009	2.09519314234047
3831	2.72891950447322	2.27202742191764
3832	0.15130527464686	2.41861132712264
3833	0.776844952845669	2.28632725651403
3834	3.43692809074676	1.9028873560182
3835	1.10411931682987	2.7028408900084
3836	0.19172838097893	2.50457722773784
3837	2.32819553563234	2.66150112493431
3838	5.41486842392824	1.80522692554885
3839	4.00172788958346	2.57350400810512
3840	1.80975166297802	2.1836849848385
3841	3.37918766093409	2.69482205649132
3842	0.271837861555728	2.47786883169305
3843	4.27576087797144	2.64739354839503
3844	1.21458901003792	2.36055764688885
3845	-1.34571426500243	2.33146595945759
3846	1.5991827235065	2.65540794631619
3847	8.90883706034136	1.69965817613869
3848	1.55573076680744	2.26597613846024
3849	1.71821580999688	2.58423749169102
3850	3.09945175602001	2.53485181879632
3851	0.814243488014961	2.2664621788552
3852	3.47294951502317	2.74505739626896
3853	0.820190235673438	2.21715095128976
3854	0.0858972810183634	1.97597571392523
3855	9.50144070357534	1.75873286699407
3856	9.73618464349955	1.7946498091381
3857	0.480776128002462	2.06515252613477
3858	-2.07576876510189	2.3176350939201
3859	2.08428246714859	2.49651517817101
3860	0.0423928969344883	2.17814001758251
3861	10.9400305590002	2.80952029677744
3862	1.45510443302963	2.03686982702641
3863	1.43980085650073	2.24331295913046
3864	1.06729994622673	2.08526873829347
3865	-0.667118095738368	2.4826228118425
3866	2.48559622194781	1.99246934941417
3867	-3.59334622840611	2.2676170588353
3868	5.4842791619212	2.62665459123391
3869	6.52912929207117	1.77566114672829
3870	9.41640296883018	2.76266439335166
3871	1.8833297538254	2.09360103646986
3872	2.72801818624204	2.71789661562865
3873	2.06766699685338	2.10309652603083
3874	-0.873487412559177	2.08699084904342
3875	-2.48713331053373	2.26487965734613
3876	6.12039571806073	2.78372140037387
3877	3.89217324849871	2.74896260920412
3878	0.437893522890534	2.15712837861048
3879	2.91732636838642	2.64039152084857
3880	6.45903992462169	2.86908685597494
3881	-0.983639680156443	2.21286191798025
3882	1.35549236184546	2.55953471269955
3883	2.71621453822414	2.16961114253281
3884	-1.94906625013054	2.07648196394448
3885	3.56726923576964	2.61514663877159
3886	3.84800896785591	1.92344235868328
3887	3.73079781533223	2.55779613310395
3888	4.54384424690582	1.82238032056387
3889	3.07197709478683	1.97683815250081
3890	5.11454114811392	1.84934563025224
3891	1.35550223140033	1.96952790521511
3892	9.41913541980507	1.74407934380586
3893	3.04965937796903	2.47191501049936
3894	6.49725403412085	2.76384704221316
3895	5.97422921167153	2.64238028705293
3896	4.29910421735747	2.66533019400531
3897	-2.48117093495082	2.2385826855549
3898	-0.855475425622786	2.18219981869031
3899	1.02982585245596	2.68225042581566
3900	-0.550405438180211	2.42530817526957
3901	-0.378911573341857	2.48743067624688
3902	0.860069221105435	2.11122360563453
3903	0.0782511233260432	2.00774508192866
3904	9.05461057364169	2.90909486104192
3905	-0.667633028420721	2.46094172208002
3906	6.49555919214203	1.93656275237452
3907	6.37854978133696	1.83196299228713
3908	1.83758599419501	2.26708403493735
3909	7.24258033035268	2.82349243469438
3910	3.71548639175473	2.41760712609948
3911	6.89111419736346	2.88849155776127
3912	1.01091020763872	2.58358717040658
3913	3.60354287504806	2.11562744706329
3914	-1.13234192349842	2.20888708428699
3915	4.04042233026464	1.85546819436656
3916	7.74974825111187	1.68686498905876
3917	1.03288850154374	2.56334185042272
3918	5.11043242136999	1.79928875661425
3919	1.09225002588568	2.22736596225387
3920	0.351957938008793	2.46918608047842
3921	7.69667328978609	2.90804002584225
3922	2.68677664636076	2.2888878221317
3923	-0.420341071145105	2.27485890515904
3924	3.47992365154558	1.88694798381161
3925	2.13723221294091	2.61231915479989
3926	1.50185514701769	2.23686218706229
3927	-0.14263730175095	2.30832185451034
3928	3.0038066445694	1.92949714524181
3929	1.28722956868309	1.95583933024842
3930	-0.318752239915457	2.4138030034428
3931	0.322131339588853	2.38780172226301
3932	5.2616944108093	1.76669968327928
3933	8.82900430089372	1.71489150279906
3934	-2.30272827027497	2.47254787292499
3935	7.22671133846696	2.82915778673705
3936	-2.72650320743043	2.41677299992486
3937	-0.46843181378382	2.37036990231497
3938	-1.03217188205283	2.3268597251187
3939	7.16723598287619	2.89962646350477
3940	-0.111691247546562	2.30392010756364
3941	-2.6259055099788	2.5224455967188
3942	2.72434890377882	2.42107597330521
3943	-0.875120443972189	1.96857875275812
3944	1.17835308185305	1.99265543499487
3945	-0.338855688886291	2.58048933411797
3946	-1.42065506517047	2.23520944550019
3947	7.97386728885544	1.88904960832057
3948	2.22575254380213	2.6021847017991
3949	3.04465045166932	1.8015388183162
3950	1.50293764620544	2.74921897932815
3951	1.37353910564799	2.43742519091514
3952	0.0804999982917752	2.36570209165589
3953	0.419282683854408	2.08075545712666
3954	-1.77964448430797	2.23590890925998
3955	-2.97491361983617	2.29493579218238
3956	1.51608146727065	1.89621075085159
3957	2.03166462183689	2.33135494464579
3958	5.25153152901144	1.76446804982403
3959	-0.990726377760774	2.01709738270266
3960	6.71007762971618	1.93592816526928
3961	2.51754568958693	2.02587420811661
3962	5.14228240478092	2.78733437467129
3963	2.22102915390564	2.22730479466271
3964	4.59494068903147	2.64371556352404
3965	3.97686449291997	2.76927420371322
3966	4.68391143616397	2.18599290769682
3967	6.33941544000246	1.75016063732763
3968	-1.87467214629883	2.08912756731107
3969	1.51311956696982	2.57352272394366
3970	1.36435275540902	2.09178242093371
3971	5.22823915846488	2.45709995568356
3972	4.38826261422772	2.71936163959892
3973	5.47986906477806	2.73872194039898
3974	0.270595138764477	2.15883736500466
3975	-0.153860075129734	2.14528088998036
3976	5.56012300122196	2.78777271142163
3977	2.32505263054526	2.47444467567992
3978	6.24277095251061	2.5951732450164
3979	2.45398224816271	2.4257700097266
3980	8.26490907575558	2.79730018410136
3981	-0.930945882161437	2.03702801009717
3982	5.39932265096741	1.90917876443653
3983	5.81624554422744	2.77655052619942
3984	-2.93409858024638	2.29855219259928
3985	6.16025155235434	2.76483062173865
3986	3.16011254647495	1.9066004610831
3987	5.32739330739337	2.61641415656921
3988	0.282227101930624	2.57448710889184
3989	6.22767820949219	2.8480096701722
3990	-1.77049189360083	2.35383302579356
3991	1.25986883578969	2.5585729916072
3992	1.24833832538136	2.15577534610232
3993	4.27138506427479	1.79640524452112
3994	8.23388103279801	2.82751945178368
3995	-0.724592211437589	2.02393035562541
3996	-1.80064293010617	2.40739140777562
3997	8.34779430816257	1.80824252828849
3998	2.14232647054823	2.7192274872965
3999	2.01688935116643	2.06726356274066
4000	2.11802353590613	2.64729195613805
4001	0.72659511272592	2.04055724269454
4002	0.955969342031826	2.17226165337868
4003	-1.48018317295949	2.42022767207112
4004	9.18937119752268	2.83449920195248
4005	3.86278767333421	1.96171051858532
4006	4.07277951095575	2.82237065654808
4007	8.09335750718966	2.87954837069659
4008	2.40746289272958	2.5288675775198
4009	1.75169841125618	2.48972786753801
4010	6.30234904471344	1.78889398561685
4011	6.13579655870498	1.96701332659559
4012	4.54584570886809	1.93067277072125
4013	0.0167104651076917	2.56126402870541
4014	-3.94584964160729	2.18706061643176
4015	4.87117994637236	2.66357183905381
4016	-0.0896766524990942	2.32738794693104
4017	1.67250081881448	2.59905959821198
4018	10.5986502421001	2.93789376614497
4019	2.16053848443678	2.18203465091404
4020	3.95893327242985	2.67296500090289
4021	8.64082570944673	2.86723213939105
4022	4.54730201138831	1.97463274170228
4023	0.977307494202632	2.51759644442743
4024	1.06882011005263	1.86766917627257
4025	3.19035531022509	2.04267212508969
4026	0.354662517959042	2.1895440810386
4027	8.21281182966493	1.72910929993487
4028	-2.44353143268069	2.18494109470356
4029	3.96386746052535	2.78691827812032
4030	1.75346706331009	2.13300933818388
4031	2.72891950447322	2.30809325759998
4032	0.15130527464686	2.45322623016603
4033	0.776844952845669	2.32225154802944
4034	3.43692809074676	1.94260705376138
4035	1.10411931682987	2.7346424013007
4036	0.19172838097893	2.53834121382097
4037	2.32819553563234	2.69371182995321
4038	5.41486842392824	1.8459132963105
4039	4.00172788958346	2.60658573568795
4040	1.80975166297802	2.22062526117095
4041	3.37918766093409	2.72670294066742
4042	0.271837861555728	2.51189718570594
4043	4.27576087797144	2.67974389455141
4044	1.21458901003792	2.39574718313869
4045	-1.34571426500243	2.36694345418935
4046	1.5991827235065	2.68767896349365
4047	8.90883706034136	1.7413894988953
4048	1.55573076680744	2.30210187160993
4049	1.71821580999688	2.6172129759476
4050	3.09945175602001	2.56831613765312
4051	0.814243488014961	2.30258310102736
4052	3.47294951502317	2.77644103558035
4053	0.820190235673438	2.25375997117935
4054	0.0858972810183634	2.01497196059194
4055	9.50144070357534	1.79987945026663
4056	9.73618464349955	1.83544087545554
4057	0.480776128002462	2.10326607324936
4058	-2.07576876510189	2.35324949081861
4059	2.08428246714859	2.53035896490372
4060	0.0423928969344883	2.21513517970861
4061	10.9400305590002	2.84026586244617
4062	1.45510443302963	2.07526332500734
4063	1.43980085650073	2.27966301940901
4064	1.06729994622673	2.12318316894467
4065	-0.667118095738368	2.51660410949573
4066	2.48559622194781	2.03130233699706
4067	-3.59334622840611	2.30372654964974
4068	5.4842791619212	2.6592102179755
4069	6.52912929207117	1.81664016867443
4070	9.41640296883018	2.79387375318328
4071	1.8833297538254	2.13143299146751
4072	2.72801818624204	2.74954910071186
4073	2.06766699685338	2.14083449174837
4074	-0.873487412559177	2.12488823371204
4075	-2.48713331053373	2.30101624380358
4076	6.12039571806073	2.81472233146481
4077	3.89217324849871	2.78030759351514
4078	0.437893522890534	2.19433152041034
4079	2.91732636838642	2.67281117523011
4080	6.45903992462169	2.8992428134953
4081	-0.983639680156443	2.24951339204249
4082	1.35549236184546	2.5927547126706
4083	2.71621453822414	2.20669072609089
4084	-1.94906625013054	2.11448336879436
4085	3.56726923576964	2.64781617477089
4086	3.84800896785591	1.96295859667951
4087	3.73079781533223	2.59103334207129
4088	4.54384424690582	1.86289690173872
4089	3.07197709478683	2.01582586248488
4090	5.11454114811392	1.88959530048696
4091	1.35550223140033	2.00858797427824
4092	9.41913541980507	1.78537097216397
4093	3.04965937796903	2.50600229726809
4094	6.49725403412085	2.79504469582212
4095	5.97422921167153	2.67478025601406
4096	4.29910421735747	2.69750299771927
4097	-2.48117093495082	2.27497956753814
4098	-0.855475425622786	2.2191547956547
4099	1.02982585245596	2.71425574786403
4100	-0.550405438180211	2.45985679084749
4101	-0.378911573341857	2.5213643841775
4102	0.860069221105435	2.14888112701515
4103	0.0782511233260432	2.04642686560647
4104	9.05461057364169	2.93885480700637
4105	-0.667633028420721	2.49513762583711
4106	6.49555919214203	1.97594912067315
4107	6.37854978133696	1.87238472122596
4108	1.83758599419501	2.3031988017865
4109	7.24258033035268	2.85409969983884
4110	3.71548639175473	2.45223196903387
4111	6.89111419736346	2.91845544156705
4112	1.01091020763872	2.61656909174352
4113	3.60354287504806	2.15324137786515
4114	-1.13234192349842	2.2455779024773
4115	4.04042233026464	1.89565726157603
4116	7.74974825111187	1.72872294272116
4117	1.03288850154374	2.59652416617205
4118	5.11043242136999	1.84003390520087
4119	1.09225002588568	2.2638738708189
4120	0.351957938008793	2.50330037903696
4121	7.69667328978609	2.93781041289037
4122	2.68677664636076	2.32478676838002
4123	-0.420341071145105	2.31089671394821
4124	3.47992365154558	1.92682545436995
4125	2.13723221294091	2.64501667810636
4126	1.50185514701769	2.27327609906949
4127	-0.14263730175095	2.34402843672084
4128	3.0038066445694	1.96895345109592
4129	1.28722956868309	1.99503489304241
4130	-0.318752239915457	2.44846550075484
4131	0.322131339588853	2.4227215882641
4132	5.2616944108093	1.80776740855062
4133	8.82900430089372	1.75647204139679
4134	-2.30272827027497	2.50662889542652
4135	7.22671133846696	2.85970897448216
4136	-2.72650320743043	2.45140609929702
4137	-0.46843181378382	2.40546231383861
4138	-1.03217188205283	2.36238281377658
4139	7.16723598287619	2.92948013058414
4140	-0.111691247546562	2.33967025962108
4141	-2.6259055099788	2.55603271618262
4142	2.72434890377882	2.45566648052161
4143	-0.875120443972189	2.00764821682459
4144	1.17835308185305	2.03148658064538
4145	-0.338855688886291	2.61350191879257
4146	-1.42065506517047	2.27163971685239
4147	7.97386728885544	1.92890627635225
4148	2.22575254380213	2.63498253904261
4149	3.04465045166932	1.84226169509911
4150	1.50293764620544	2.78056142600873
4151	1.37353910564799	2.47185386854038
4152	0.0804999982917752	2.40084070660703
4153	0.419282683854408	2.11871456162487
4154	-1.77964448430797	2.27233225710446
4155	-2.97491361983617	2.33077487376047
4156	1.51608146727065	1.93599653568899
4157	2.03166462183689	2.36683353823635
4158	5.25153152901144	1.80555786449061
4159	-0.990726377760774	2.05568659442707
4160	6.71007762971618	1.97532081490652
4161	2.51754568958693	2.06437654411996
4162	5.14228240478092	2.8182995434299
4163	2.22102915390564	2.26381330868339
4164	4.59494068903147	2.67610231550742
4165	3.97686449291997	2.80041813760618
4166	4.68391143616397	2.22291033949802
4167	6.33941544000246	1.79139207116953
4168	-1.87467214629883	2.12700380208421
4169	1.51311956696982	2.60660426627136
4170	1.36435275540902	2.12963237714805
4171	5.22823915846488	2.49133388642764
4172	4.38826261422772	2.75099962342367
4173	5.47986906477806	2.77016829000378
4174	0.270595138764477	2.19602359073085
4175	-0.153860075129734	2.1826013018715
4176	5.56012300122196	2.81873354138809
4177	2.32505263054526	2.5085069230436
4178	6.24277095251061	2.62804048381855
4179	2.45398224816271	2.46031405392482
4180	8.26490907575558	2.82816670820894
4181	-0.930945882161437	2.07541994233335
4182	5.39932265096741	1.94883618788155
4183	5.81624554422744	2.80762243681144
4184	-2.93409858024638	2.33435547793226
4185	6.16025155235434	2.79601853957454
4186	3.16011254647495	1.94628340536878
4187	5.32739330739337	2.64907114628698
4188	0.282227101930624	2.60755910544031
4189	6.22767820949219	2.87837425616903
4190	-1.77049189360083	2.38908912441407
4191	1.25986883578969	2.59180251098981
4192	1.24833832538136	2.19299188063465
4193	4.27138506427479	1.8371789349985
4194	8.23388103279801	2.85808685627274
4195	-0.724592211437589	2.06245193247939
4196	-1.80064293010617	2.44211736903623
4197	8.34779430816257	1.84889904968547
4198	2.14232647054823	2.75086679900205
4199	2.01688935116643	2.10535621416476
4200	2.11802353590613	2.67964330788588
4201	0.72659511272592	2.07551537700035
4202	0.955969342031826	2.20600298764911
4203	-1.48018317295949	2.45167808032965
4204	9.18937119752268	2.86212220906628
4205	3.86278767333421	1.99739710758894
4206	4.07277951095575	2.85010571772598
4207	8.09335750718966	2.90675517436028
4208	2.40746289272958	2.5593142757271
4209	1.75169841125618	2.52053617246936
4210	6.30234904471344	1.82617720424235
4211	6.13579655870498	2.00265092364108
4212	4.54584570886809	1.96664611346761
4213	0.0167104651076917	2.59141142028552
4214	-3.94584964160729	2.22066522499442
4215	4.87117994637236	2.69277402199128
4216	-0.0896766524990942	2.35969608941614
4217	1.67250081881448	2.62885780140823
4218	10.5986502421001	2.96456152423777
4219	2.16053848443678	2.21568569372281
4220	3.95893327242985	2.70208040163154
4221	8.64082570944673	2.89455273112464
4222	4.54730201138831	2.01019994395596
4223	0.977307494202632	2.54814727517726
4224	1.06882011005263	1.9042246010886
4225	3.19035531022509	2.07761072027027
4226	0.354662517959042	2.2231257451926
4227	8.21281182966493	1.76694486154779
4228	-2.44353143268069	2.21856528525364
4229	3.96386746052535	2.81498087924242
4230	1.75346706331009	2.16711331952337
4231	2.72891950447322	2.34057966122713
4232	0.15130527464686	2.48437176900941
4233	0.776844952845669	2.35460714504042
4234	3.43692809074676	1.97847013720854
4235	1.10411931682987	2.7631879724952
4236	0.19172838097893	2.56870038632639
4237	2.32819553563234	2.72263555340856
4238	5.41486842392824	1.88266972089085
4239	4.00172788958346	2.63631440587237
4240	1.80975166297802	2.25391977031709
4241	3.37918766093409	2.75532186351301
4242	0.271837861555728	2.5425006711708
4243	4.27576087797144	2.70879666595741
4244	1.21458901003792	2.42742376347182
4245	-1.34571426500243	2.39888614845308
4246	1.5991827235065	2.71665842382283
4247	8.90883706034136	1.77911160533651
4248	1.55573076680744	2.33464362887821
4249	1.71821580999688	2.64684346243219
4250	3.09945175602001	2.59839837570972
4251	0.814243488014961	2.33512041227923
4252	3.47294951502317	2.80460043459271
4253	0.820190235673438	2.28674835302041
4254	0.0858972810183634	2.05016647401372
4255	9.50144070357534	1.83706117560345
4256	9.73618464349955	1.87229405337923
4257	0.480776128002462	2.13764484877104
4258	-2.07576876510189	2.3853187018408
4259	2.08428246714859	2.56079188437565
4260	0.0423928969344883	2.24848041100812
4261	10.9400305590002	2.86783559212867
4262	1.45510443302963	2.10990081430235
4263	1.43980085650073	2.31241208633389
4264	1.06729994622673	2.15737793299233
4265	-0.667118095738368	2.54716410829979
4266	2.48559622194781	2.06634597618096
4267	-3.59334622840611	2.3362532967275
4268	5.4842791619212	2.68845269736663
4269	6.52912929207117	1.85366704389921
4270	9.41640296883018	2.82187209356985
4271	1.8833297538254	2.16555153647067
4272	2.72801818624204	2.7779569508363
4273	2.06766699685338	2.17486617750501
4274	-0.873487412559177	2.15906724488659
4275	-2.48713331053373	2.33356803104691
4276	6.12039571806073	2.84252805453007
4277	3.89217324849871	2.80843126989827
4278	0.437893522890534	2.22786895403047
4279	2.91732636838642	2.70192799713428
4280	6.45903992462169	2.9262676627463
4281	-0.983639680156443	2.28254100747957
4282	1.35549236184546	2.62261116588984
4283	2.71621453822414	2.24011397460643
4284	-1.94906625013054	2.14875850917167
4285	3.56726923576964	2.67716392225519
4286	3.84800896785591	1.99863365485086
4287	3.73079781533223	2.62090569881111
4288	4.54384424690582	1.89949641698263
4289	3.07197709478683	2.05101248681739
4290	5.11454114811392	1.92594815267401
4291	1.35550223140033	2.04384146852483
4292	9.41913541980507	1.82268673945563
4293	3.04965937796903	2.53666024484567
4294	6.49725403412085	2.82303221802093
4295	5.97422921167153	2.70387888583526
4296	4.29910421735747	2.7263916950654
4297	-2.48117093495082	2.3077719042698
4298	-0.855475425622786	2.25246289024177
4299	1.02982585245596	2.74298966871587
4300	-0.550405438180211	2.49094107079734
4301	-0.378911573341857	2.55188040341875
4302	0.860069221105435	2.18283847094812
4303	0.0782511233260432	2.08133077122449
4304	9.05461057364169	2.96551368616681
4305	-0.667633028420721	2.52589595071043
4306	6.49555919214203	2.01150416107158
4307	6.37854978133696	1.90889657973137
4308	1.83758599419501	2.33573042465859
4309	7.24258033035268	2.88154162048486
4310	3.71548639175473	2.4833866937274
4311	6.89111419736346	2.94530278782938
4312	1.01091020763872	2.64620552699109
4313	3.60354287504806	2.18715843800381
4314	-1.13234192349842	2.27864187739405
4315	4.04042233026464	1.93195410808773
4316	7.74974825111187	1.76656207383846
4317	1.03288850154374	2.62634579389737
4318	5.11043242136999	1.87684464871611
4319	1.09225002588568	2.2967688116478
4320	0.351957938008793	2.53398328928802
4321	7.69667328978609	2.96447894107313
4322	2.68677664636076	2.35711894281771
4323	-0.420341071145105	2.34335721680434
4324	3.47992365154558	1.96283434197505
4325	2.13723221294091	2.67439028977868
4326	1.50185514701769	2.30608417392627
4327	-0.14263730175095	2.37618283987056
4328	3.0038066445694	2.0045731235818
4329	1.28722956868309	2.03041360245561
4330	-0.318752239915457	2.47965502336221
4331	0.322131339588853	2.45414895555311
4332	5.2616944108093	1.8448762580599
4333	8.82900430089372	1.79405480217635
4334	-2.30272827027497	2.53728105394467
4335	7.22671133846696	2.88709907176442
4336	-2.72650320743043	2.48256845409435
4337	-0.46843181378382	2.4370491373343
4338	-1.03217188205283	2.3943676432079
4339	7.16723598287619	2.95622562116893
4340	-0.111691247546562	2.37186492740599
4341	-2.6259055099788	2.58622843918329
4342	2.72434890377882	2.48678947420722
4343	-0.875120443972189	2.04291039336889
4344	1.17835308185305	2.06652851762602
4345	-0.338855688886291	2.64316669125479
4346	-1.42065506517047	2.30446291003306
4347	7.97386728885544	1.96489593951188
4348	2.22575254380213	2.66444885482942
4349	3.04465045166932	1.8790518563513
4350	1.50293764620544	2.80868275726624
4351	1.37353910564799	2.50282730903933
4352	0.0804999982917752	2.43247022853487
4353	0.419282683854408	2.15295061055824
4354	-1.77964448430797	2.30514905199522
4355	-2.97491361983617	2.36305172486616
4356	1.51608146727065	1.9719206928586
4357	2.03166462183689	2.39877724799937
4358	5.25153152901144	1.84268712769201
4359	-0.990726377760774	2.09050495060679
4360	6.71007762971618	2.01088166014075
4361	2.51754568958693	2.09911461497712
4362	5.14228240478092	2.84607221709595
4363	2.22102915390564	2.29670880903804
4364	4.59494068903147	2.70518873099175
4365	3.97686449291997	2.82835601527054
4366	4.68391143616397	2.25618373710071
4367	6.33941544000246	1.82865221030534
4368	-1.87467214629883	2.16116326779588
4369	1.51311956696982	2.63633276525411
4370	1.36435275540902	2.16376755779428
4371	5.22823915846488	2.52212735355796
4372	4.38826261422772	2.77939407235617
4373	5.47986906477806	2.79838564210215
4374	0.270595138764477	2.22954539153189
4375	-0.153860075129734	2.21624710946528
4376	5.56012300122196	2.84650220540308
4377	2.32505263054526	2.53914173070721
4378	6.24277095251061	2.65757093635673
4379	2.45398224816271	2.49139410928017
4380	8.26490907575558	2.85584822041435
4381	-0.930945882161437	2.11005598466112
4382	5.39932265096741	1.98464172116331
4383	5.81624554422744	2.83549375488616
4384	-2.93409858024638	2.36659924829858
4385	6.16025155235434	2.82399706455673
4386	3.16011254647495	1.98211252347838
4387	5.32739330739337	2.67840729925158
4388	0.282227101930624	2.63727878278734
4389	6.22767820949219	2.90559190732516
4390	-1.77049189360083	2.4208272176916
4391	1.25986883578969	2.62166776147737
4392	1.24833832538136	2.2265416910136
4393	4.27138506427479	1.87401605521461
4394	8.23388103279801	2.88549194009558
4395	-0.724592211437589	2.09720778457486
4396	-1.80064293010617	2.47336554121243
4397	8.34779430816257	1.88562788927611
4398	2.14232647054823	2.77926247508222
4399	2.01688935116643	2.13971567914455
4400	2.11802353590613	2.70869700859909
4401	0.72659511272592	2.10704988293681
4402	0.955969342031826	2.23641871712087
4403	-1.48018317295949	2.47998743732445
4404	9.18937119752268	2.88691249456438
4405	3.86278767333421	2.02960138501441
4406	4.07277951095575	2.87499903038224
4407	8.09335750718966	2.93116278512878
4408	2.40746289272958	2.58670078003449
4409	1.75169841125618	2.54825515300997
4410	6.30234904471344	1.85984948922195
4411	6.13579655870498	2.03481015582647
4412	4.54584570886809	1.99911404418796
4413	0.0167104651076917	2.61852272965495
4414	-3.94584964160729	2.25095524317466
4415	4.87117994637236	2.71901626729688
4416	-0.0896766524990942	2.38879408286538
4417	1.67250081881448	2.65564805248194
4418	10.5986502421001	2.98847351413137
4419	2.16053848443678	2.24601840547652
4420	3.95893327242985	2.72824285577183
4421	8.64082570944673	2.9190649633682
4422	4.54730201138831	2.0422944522475
4423	0.977307494202632	2.57562952326702
4424	1.06882011005263	1.93722772222736
4425	3.19035531022509	2.10912726112389
4426	0.354662517959042	2.25339466733104
4427	8.21281182966493	1.80112499359905
4428	-2.44353143268069	2.24887330792602
4429	3.96386746052535	2.8401753457203
4430	1.75346706331009	2.19786248176475
4431	2.72891950447322	2.3698415553704
4432	0.15130527464686	2.51240081640809
4433	0.776844952845669	2.3837487701507
4434	3.43692809074676	2.01083669095207
4435	1.10411931682987	2.78882650170685
4436	0.19172838097893	2.59600641587007
4437	2.32819553563234	2.74862177150681
4438	5.41486842392824	1.91585764955689
4439	4.00172788958346	2.66304072540852
4440	1.80975166297802	2.28392467022084
4441	3.37918766093409	2.78102783527767
4442	0.271837861555728	2.57003133219139
4443	4.27576087797144	2.73490153609857
4444	1.21458901003792	2.45594107246094
4445	-1.34571426500243	2.42764813363699
4446	1.5991827235065	2.74269588871665
4447	8.90883706034136	1.81318742199311
4448	1.55573076680744	2.363956417457
4449	1.71821580999688	2.67347950779889
4450	3.09945175602001	2.62544978022497
4451	0.814243488014961	2.36442911300595
4452	3.47294951502317	2.82988390106922
4453	0.820190235673438	2.31647178677181
4454	0.0858972810183634	2.08191831672206
4455	9.50144070357534	1.87064014344022
4456	9.73618464349955	1.9055709410856
4457	0.480776128002462	2.16864666819086
4458	-2.07576876510189	2.41419701178444
4459	2.08428246714859	2.58816571994176
4460	0.0423928969344883	2.27853194696527
4461	10.9400305590002	2.89257689214476
4462	1.45510443302963	2.14114050590517
4463	1.43980085650073	2.34191548401686
4464	1.06729994622673	2.18821056462418
4465	-0.667118095738368	2.5746547858792
4466	2.48559622194781	2.09795909885185
4467	-3.59334622840611	2.36555228431402
4468	5.4842791619212	2.71473199290454
4469	6.52912929207117	1.88710363611477
4470	9.41640296883018	2.84700747605988
4471	1.8833297538254	2.19631408914899
4472	2.72801818624204	2.80346885357902
4473	2.06766699685338	2.20554886818636
4474	-0.873487412559177	2.18988539267297
4475	-2.48713331053373	2.36289004160112
4476	6.12039571806073	2.86748633665889
4477	3.89217324849871	2.83368189150652
4478	0.437893522890534	2.25809720877997
4479	2.91732636838642	2.72809175796234
4480	6.45903992462169	2.95050797707443
4481	-0.983639680156443	2.31230051422784
4482	1.35549236184546	2.64945497445278
4483	2.71621453822414	2.27023724283068
4484	-1.94906625013054	2.17966504213762
4485	3.56726923576964	2.70354000564788
4486	3.84800896785591	2.03082733035047
4487	3.73079781533223	2.64776412973106
4488	4.54384424690582	1.93254007669109
4489	3.07197709478683	2.08275707596955
4490	5.11454114811392	1.95876502012844
4491	1.35550223140033	2.07564754065192
4492	9.41913541980507	1.85638895103006
4493	3.04965937796903	2.56424098059354
4494	6.49725403412085	2.84815765382004
4495	5.97422921167153	2.73002592010703
4496	4.29910421735747	2.75234570870483
4497	-2.48117093495082	2.33731508600935
4498	-0.855475425622786	2.28248028116388
4499	1.02982585245596	2.76880137442131
4500	-0.550405438180211	2.5189137942263
4501	-0.378911573341857	2.57933064436243
4502	0.860069221105435	2.21345280867067
4503	0.0782511233260432	2.11281541705425
4504	9.05461057364169	2.98941751240142
4505	-0.667633028420721	2.55356897751089
4506	6.49555919214203	2.04358748724854
4507	6.37854978133696	1.94185964419561
4508	1.83758599419501	2.36503389525282
4509	7.24258033035268	2.90616540756717
4510	3.71548639175473	2.51142418697804
4511	6.89111419736346	2.96937989854117
4512	1.01091020763872	2.67284704189742
4513	3.60354287504806	2.21773573713361
4514	-1.13234192349842	2.3084348145573
4515	4.04042233026464	1.96471948159931
4516	7.74974825111187	1.80074548784023
4517	1.03288850154374	2.65315758245551
4518	5.11043242136999	1.91008252046581
4519	1.09225002588568	2.32640633185368
4520	0.351957938008793	2.56158697675414
4521	7.69667328978609	2.9883916390194
4522	2.68677664636076	2.38623903224178
4523	-0.420341071145105	2.37259529670353
4524	3.47992365154558	1.99533495411407
4525	2.13723221294091	2.70079015377951
4526	1.50185514701769	2.33564182595137
4527	-0.14263730175095	2.40513947899278
4528	3.0038066445694	2.03671587518299
4529	1.28722956868309	2.06233480260485
4530	-0.318752239915457	2.50772451125937
4531	0.322131339588853	2.48243712772405
4532	5.2616944108093	1.87838822083558
4533	8.82900430089372	1.82800249864706
4534	-2.30272827027497	2.56485646699097
4535	7.22671133846696	2.91167521029478
4536	-2.72650320743043	2.51061296277917
4537	-0.46843181378382	2.46548392016106
4538	-1.03217188205283	2.42316836921401
4539	7.16723598287619	2.98020908154252
4540	-0.111691247546562	2.40085858750528
4541	-2.6259055099788	2.61338418646714
4542	2.72434890377882	2.51479779265193
4543	-0.875120443972189	2.07472444836091
4544	1.17835308185305	2.09814007522056
4545	-0.338855688886291	2.66983426057261
4546	-1.42065506517047	2.33403446247275
4547	7.97386728885544	1.99737887589768
4548	2.22575254380213	2.69093395484148
4549	3.04465045166932	1.91227080391392
4550	1.50293764620544	2.83393122266865
4551	1.37353910564799	2.53069812207594
4552	0.0804999982917752	2.46094427007266
4553	0.419282683854408	2.18382120122787
4554	-1.77964448430797	2.33471472158154
4555	-2.97491361983617	2.39212094772219
4556	1.51608146727065	2.00434340031787
4557	2.03166462183689	2.42754016687549
4558	5.25153152901144	1.87621785966365
4559	-0.990726377760774	2.12191093873161
4560	6.71007762971618	2.04297032352472
4561	2.51754568958693	2.13044678544356
4562	5.14228240478092	2.8710001122352
4563	2.22102915390564	2.32634684369512
4564	4.59494068903147	2.73132453489517
4565	3.97686449291997	2.85343580582382
4566	4.68391143616397	2.28616922617502
4567	6.33941544000246	1.86230327504403
4568	-1.87467214629883	2.19196344467231
4569	1.51311956696982	2.66305892738034
4570	1.36435275540902	2.19454540597343
4571	5.22823915846488	2.54983269160834
4572	4.38826261422772	2.8048936534867
4573	5.47986906477806	2.82372239305169
4574	0.270595138764477	2.25975927281855
4575	-0.153860075129734	2.246575007745
4576	5.56012300122196	2.87142641390268
4577	2.32505263054526	2.56670119065759
4578	6.24277095251061	2.68411500636046
4579	2.45398224816271	2.51936294844159
4580	8.26490907575558	2.88069229792234
4581	-0.930945882161437	2.14129434586219
4582	5.39932265096741	2.01695536089574
4583	5.81624554422744	2.86051234778969
4584	-2.93409858024638	2.39563805534958
4585	6.16025155235434	2.84911422794138
4586	3.16011254647495	2.0144478480806
4587	5.32739330739337	2.70477272216153
4588	0.282227101930624	2.66399683393547
4589	6.22767820949219	2.93000949172851
4590	-1.77049189360083	2.44940108423534
4591	1.25986883578969	2.64851965861399
4592	1.24833832538136	2.25678132546894
4593	4.27138506427479	1.90727817879804
4594	8.23388103279801	2.91008185787346
4595	-0.724592211437589	2.12855630384994
4596	-1.80064293010617	2.50148895395786
4597	8.34779430816257	1.91879045515751
4598	2.14232647054823	2.80476318450327
4599	2.01688935116643	2.17069974365053
4600	2.11802353590613	2.73480273318387
4601	0.72659511272592	2.13548825258054
4602	0.955969342031826	2.26383255453194
4603	-1.48018317295949	2.50547234025692
4604	9.18937119752268	2.90917476787323
4605	3.86278767333421	2.0586531054933
4606	4.07277951095575	2.89735565197934
4607	8.09335750718966	2.9530746197151
4608	2.40746289272958	2.61134057015483
4609	1.75169841125618	2.57319941201062
4610	6.30234904471344	1.89024555426335
4611	6.13579655870498	2.06382062561602
4612	4.54584570886809	2.02840720816104
4613	0.0167104651076917	2.6429105068906
4614	-3.94584964160729	2.27825395904516
4615	4.87117994637236	2.74260818926231
4616	-0.0896766524990942	2.41500118857286
4617	1.67250081881448	2.679741816943
4618	10.5986502421001	3.00993147828197
4619	2.16053848443678	2.273356218471
4620	3.95893327242985	2.75176170807292
4621	8.64082570944673	2.94107260625655
4622	4.54730201138831	2.0712456503974
4623	0.977307494202632	2.60035699184164
4624	1.06882011005263	1.96701099289429
4625	3.19035531022509	2.1375491790393
4626	0.354662517959042	2.28067406426207
4627	8.21281182966493	1.83198612535447
4628	-2.44353143268069	2.27618851161433
4629	3.96386746052535	2.86280775234414
4630	1.75346706331009	2.22558166401518
4631	2.72891950447322	2.3961987549968
4632	0.15130527464686	2.53762902264967
4633	0.776844952845669	2.40999583204649
4634	3.43692809074676	2.04003701780918
4635	1.10411931682987	2.81186556381408
4636	0.19172838097893	2.62057251031309
4637	2.32819553563234	2.77197923365417
4638	5.41486842392824	1.94581015981234
4639	4.00172788958346	2.68707594383918
4640	1.80975166297802	2.31096228579687
4641	3.37918766093409	2.80412865866751
4642	0.271837861555728	2.59480313545634
4643	4.27576087797144	2.75836765519954
4644	1.21458901003792	2.48161640979005
4645	-1.34571426500243	2.45354753596571
4646	1.5991827235065	2.7661002806981
4647	8.90883706034136	1.84395302574311
4648	1.55573076680744	2.39036022423978
4649	1.71821580999688	2.69743205663532
4650	3.09945175602001	2.64978269891118
4651	0.814243488014961	2.39082917629186
4652	3.47294951502317	2.85259781045091
4653	0.820190235673438	2.34325164652747
4654	0.0858972810183634	2.11055571497886
4655	9.50144070357534	1.90095075224999
4656	9.73618464349955	1.93560491659088
4657	0.480776128002462	2.19659722411717
4658	-2.07576876510189	2.44020293983081
4659	2.08428246714859	2.61279390851862
4660	0.0423928969344883	2.30561227003598
4661	10.9400305590002	2.91479430644305
4662	1.45510443302963	2.16930889598014
4663	1.43980085650073	2.36849384324799
4664	1.06729994622673	2.21600618491535
4665	-0.667118095738368	2.59938997385455
4666	2.48559622194781	2.12646946266151
4667	-3.59334622840611	2.39194345268165
4668	5.4842791619212	2.73835784404028
4669	6.52912929207117	1.91728386283512
4670	9.41640296883018	2.86958577585193
4671	1.8833297538254	2.22404553384388
4672	2.72801818624204	2.8263919560616
4673	2.06766699685338	2.23320717835202
4674	-0.873487412559177	2.21766774921842
4675	-2.48713331053373	2.38930229351246
4676	6.12039571806073	2.88990245478715
4677	3.89217324849871	2.8563657228277
4678	0.437893522890534	2.28533936408847
4679	2.91732636838642	2.75161180687756
4680	6.45903992462169	2.97226660804861
4681	-0.983639680156443	2.33911340823939
4682	1.35549236184546	2.67359778479185
4683	2.71621453822414	2.2973832555383
4684	-1.94906625013054	2.2075283384134
4685	3.56726923576964	2.72725449135905
4686	3.84800896785591	2.05986934199554
4687	3.73079781533223	2.67192033065936
4688	4.54384424690582	1.96236047101286
4689	3.07197709478683	2.11138783170005
4690	5.11454114811392	1.98837772687212
4691	1.35550223140033	2.10433460011382
4692	9.41913541980507	1.88681242168999
4693	3.04965937796903	2.58905864035776
4694	6.49725403412085	2.8707268448171
4695	5.97422921167153	2.75353065148869
4696	4.29910421735747	2.77567367925388
4697	-2.48117093495082	2.36392987794138
4698	-0.855475425622786	2.3095293355316
4699	1.02982585245596	2.79199902486627
4700	-0.550405438180211	2.544090421154
4701	-0.378911573341857	2.60402880203012
4702	0.860069221105435	2.2410485238393
4703	0.0782511233260432	2.14120812673992
4704	9.05461057364169	3.01086800058872
4705	-0.667633028420721	2.57847115385296
4706	6.49555919214203	2.07252844525022
4707	6.37854978133696	1.97160623250866
4708	1.83758599419501	2.39142916898559
4709	7.24258033035268	2.92827520806394
4710	3.71548639175473	2.5366601276043
4711	6.89111419736346	2.99098907395322
4712	1.01091020763872	2.69680459952678
4713	3.60354287504806	2.24529753379097
4714	-1.13234192349842	2.3352783228504
4715	4.04042233026464	1.99428503218098
4716	7.74974825111187	1.83160962507904
4717	1.03288850154374	2.67727107011213
4718	5.11043242136999	1.94008076666639
4719	1.09225002588568	2.35310751530591
4720	0.351957938008793	2.58642565481458
4721	7.69667328978609	3.00985025157725
4722	2.68677664636076	2.41246637258874
4723	-0.420341071145105	2.39893068816589
4724	3.47992365154558	2.02465804646685
4725	2.13723221294091	2.72452641685223
4726	1.50185514701769	2.36226986921146
4727	-0.14263730175095	2.43121713787256
4728	3.0038066445694	2.0657112526907
4729	1.28722956868309	2.0911272918584
4730	-0.318752239915457	2.53298975134596
4731	0.322131339588853	2.50790263041388
4732	5.2616944108093	1.90863746900095
4733	8.82900430089372	1.85865077488416
4734	-2.30272827027497	2.58966925243089
4735	7.22671133846696	2.93374137608984
4736	-2.72650320743043	2.53585532786883
4737	-0.46843181378382	2.49108368322128
4738	-1.03217188205283	2.44910324888992
4739	7.16723598287619	3.00173249559552
4740	-0.111691247546562	2.42697014876458
4741	-2.6259055099788	2.63781265822676
4742	2.72434890377882	2.54000701611889
4743	-0.875120443972189	2.10341881822189
4744	1.17835308185305	2.12664900579381
4745	-0.338855688886291	2.6938156778247
4746	-1.42065506517047	2.36067523519511
4747	7.97386728885544	2.02668578147904
4748	2.22575254380213	2.71474827375792
4749	3.04465045166932	1.94225172007561
4750	1.50293764620544	2.85661307941989
4751	1.37353910564799	2.55578142340633
4752	0.0804999982917752	2.48657998474263
4753	0.419282683854408	2.21165158293826
4754	-1.77964448430797	2.36135010701424
4755	-2.97491361983617	2.41830170643272
4756	1.51608146727065	2.03359515057686
4757	2.03166462183689	2.45344042424343
4758	5.25153152901144	1.90648429593302
4759	-0.990726377760774	2.15023161673214
4760	6.71007762971618	2.07191616913424
4761	2.51754568958693	2.15869986408645
4762	5.14228240478092	2.89338840313319
4763	2.22102915390564	2.35304849826186
4764	4.59494068903147	2.75481898193967
4765	3.97686449291997	2.87596319666947
4766	4.68391143616397	2.3131890660639
4767	6.33941544000246	1.89267990740921
4768	-1.87467214629883	2.21972934415321
4769	1.51311956696982	2.68709400166108
4770	1.36435275540902	2.22229085769662
4771	5.22823915846488	2.57476445734388
4772	4.38826261422772	2.82780547231321
4773	5.47986906477806	2.84648509829373
4774	0.270595138764477	2.2869882654655
4775	-0.153860075129734	2.2739084127461
4776	5.56012300122196	2.89381132871863
4777	2.32505263054526	2.59149936686902
4778	6.24277095251061	2.7079833277154
4779	2.45398224816271	2.54453601830723
4780	8.26490907575558	2.90300383187417
4781	-0.930945882161437	2.16946151760668
4782	5.39932265096741	2.04610723114723
4783	5.81624554422744	2.8829836961937
4784	-2.93409858024638	2.42179096044179
4785	6.16025155235434	2.87167584338111
4786	3.16011254647495	2.04361957649745
4787	5.32739330739337	2.72847744541477
4788	0.282227101930624	2.68802448049606
4789	6.22767820949219	2.95193045978403
4790	-1.77049189360083	2.47512821478636
4791	1.25986883578969	2.67266987615612
4792	1.24833832538136	2.2840339018721
4793	4.27138506427479	1.93729863389034
4794	8.23388103279801	2.93216064217069
4795	-0.724592211437589	2.15682435409971
4796	-1.80064293010617	2.52680357633566
4797	8.34779430816257	1.94871973915534
4798	2.14232647054823	2.82767603657461
4799	2.01688935116643	2.19863404031318
4800	2.11802353590613	2.75826963475128
4801	0.72659511272592	2.16112871646288
4802	0.955969342031826	2.28853777174944
4803	-1.48018317295949	2.52841672508641
4804	9.18937119752268	2.92917736765052
4805	3.86278767333421	2.08485346813206
4806	4.07277951095575	2.91744437781406
4807	8.09335750718966	2.97275732067804
4808	2.40746289272958	2.63351349176064
4809	1.75169841125618	2.59565026875188
4810	6.30234904471344	1.9176731050065
4811	6.13579655870498	2.08998333246572
4812	4.54584570886809	2.05482797306289
4813	0.0167104651076917	2.66485337794027
4814	-3.94584964160729	2.30285408729285
4815	4.87117994637236	2.76382456195161
4816	-0.0896766524990942	2.43860483790877
4817	1.67250081881448	2.70141629773798
4818	10.5986502421001	3.02919986254726
4819	2.16053848443678	2.29799203662052
4820	3.95893327242985	2.7729113789468
4821	8.64082570944673	2.96084276605396
4822	4.54730201138831	2.09735425099106
4823	0.977307494202632	2.62260995093123
4824	1.06882011005263	1.99387915284749
4825	3.19035531022509	2.16317462492265
4826	0.354662517959042	2.3052565571703
4827	8.21281182966493	1.85983821334435
4828	-2.44353143268069	2.30080369080539
4829	3.96386746052535	2.88314822919094
4830	1.75346706331009	2.25056561598941
4831	2.72891950447322	2.41993941792057
4832	0.15130527464686	2.56033908129948
4833	0.776844952845669	2.43363595548313
4834	3.43692809074676	2.06637303613077
4835	1.10411931682987	2.83257725707796
4836	0.19172838097893	2.64267815864606
4837	2.32819553563234	2.79298157914559
4838	5.41486842392824	1.97283281052306
4839	4.00172788958346	2.70869698075224
4840	1.80975166297802	2.33532406802497
4841	3.37918766093409	2.82489673086387
4842	0.271837861555728	2.61709656557256
4843	4.27576087797144	2.77946918844733
4844	1.21458901003792	2.50473463310762
4845	-1.34571426500243	2.47687029754663
4846	1.5991827235065	2.78714546619926
4847	8.90883706034136	1.87171791076793
4848	1.55573076680744	2.41414343261617
4849	1.71821580999688	2.71897762841431
4850	3.09945175602001	2.67167549220461
4851	0.814243488014961	2.41460896740831
4852	3.47294951502317	2.87301268728243
4853	0.820190235673438	2.36737813574704
4854	0.0858972810183634	2.13637786260005
4855	9.50144070357534	1.92830029407057
4856	9.73618464349955	1.96270193304703
4857	0.480776128002462	2.22179238609711
4858	-2.07576876510189	2.46362294366431
4859	2.08428246714859	2.63495623962811
4860	0.0423928969344883	2.33001303790131
4861	10.9400305590002	2.93475595656674
4862	1.45510443302963	2.19470290837643
4863	1.43980085650073	2.39243639223853
4864	1.06729994622673	2.24105991353534
4865	-0.667118095738368	2.6216499796173
4866	2.48559622194781	2.15217564658801
4867	-3.59334622840611	2.41571512405096
4868	5.4842791619212	2.75960518905272
4869	6.52912929207117	1.94451438505788
4870	9.41640296883018	2.88987686114972
4871	1.8833297538254	2.24904067961945
4872	2.72801818624204	2.84699779530862
4873	2.06766699685338	2.25813556310011
4874	-0.873487412559177	2.24270936999685
4875	-2.48713331053373	2.41309321104438
4876	6.12039571806073	2.91004549217065
4877	3.89217324849871	2.87675314283075
4878	0.437893522890534	2.30988786089374
4879	2.91732636838642	2.77276257008348
4880	6.45903992462169	2.9918094567329
4881	-0.983639680156443	2.36327005285736
4882	1.35549236184546	2.69531703723225
4883	2.71621453822414	2.32184398834362
4884	-1.94906625013054	2.23264384521556
4885	3.56726923576964	2.74858274665271
4886	3.84800896785591	2.08606084190245
4887	3.73079781533223	2.69365180673072
4888	4.54384424690582	1.98926251938193
4889	3.07197709478683	2.13720391567543
4890	5.11454114811392	2.01509018714573
4891	1.35550223140033	2.1302020810832
4892	9.41913541980507	1.91426498971665
4893	3.04965937796903	2.61139393068748
4894	6.49725403412085	2.8910096151299
4895	5.97422921167153	2.77466743204796
4896	4.29910421735747	2.79664910327023
4897	-2.48117093495082	2.38790568460886
4898	-0.855475425622786	2.33390155968767
4899	1.02982585245596	2.81285548586826
4900	-0.550405438180211	2.56675339550548
4901	-0.378911573341857	2.62625500458918
4902	0.860069221105435	2.26591976859673
4903	0.0782511233260432	2.16680690982187
4904	9.05461057364169	3.03012956040329
4905	-0.667633028420721	2.60088359534009
4906	6.49555919214203	2.09862769810043
4907	6.37854978133696	1.99844090688862
4908	1.83758599419501	2.41520458794716
4909	7.24258033035268	2.94813862267513
4910	3.71548639175473	2.55937724660542
4911	6.89111419736346	3.01039549177514
4912	1.01091020763872	2.71835474359421
4913	3.60354287504806	2.27013781595539
4914	-1.13234192349842	2.35946291378748
4915	4.04042233026464	2.02095444584087
4916	7.74974825111187	1.85946445663152
4917	1.03288850154374	2.6989635552727
4918	5.11043242136999	1.96714516754248
4919	1.09225002588568	2.37716218467634
4920	0.351957938008793	2.60878013174558
4921	7.69667328978609	3.02911922774263
4922	2.68677664636076	2.43608849316302
4923	-0.420341071145105	2.4226514434557
4924	3.47992365154558	2.05110613156069
4925	2.13723221294091	2.74587455166173
4926	1.50185514701769	2.38625777238502
4927	-0.14263730175095	2.45470262136652
4928	3.0038066445694	2.09186018251533
4929	1.28722956868309	2.11709101466174
4930	-0.318752239915457	2.55573361642853
4931	0.322131339588853	2.53082930568611
4932	5.2616944108093	1.93593099761256
4933	8.82900430089372	1.88630855721214
4934	-2.30272827027497	2.61200009322217
4935	7.22671133846696	2.95356495866066
4936	-2.72650320743043	2.55857831145651
4937	-0.46843181378382	2.51413291838928
4938	-1.03217188205283	2.47245839605089
4939	7.16723598287619	3.02106062595858
4940	-0.111691247546562	2.45048658012562
4941	-2.6259055099788	2.65979267736862
4942	2.72434890377882	2.56269974629811
4943	-0.875120443972189	2.12929297250631
4944	1.17835308185305	2.15235388138708
4945	-0.338855688886291	2.71538760220502
4946	-1.42065506517047	2.38467475848832
4947	7.97386728885544	2.05311909044041
4948	2.22575254380213	2.73616766202845
4949	3.04465045166932	1.96930030118484
4950	1.50293764620544	2.8769986969321
4951	1.37353910564799	2.57835920526622
4952	0.0804999982917752	2.50966203842237
4953	0.419282683854408	2.23673704360178
4954	-1.77964448430797	2.38534471250737
4955	-2.97491361983617	2.44188130485032
4956	1.51608146727065	2.05997811087213
4957	2.03166462183689	2.47676396634891
4958	5.25153152901144	1.93379351474591
4959	-0.990726377760774	2.17576464552043
4960	6.71007762971618	2.0980198836488
4961	2.51754568958693	2.18417118464169
4962	5.14228240478092	2.91350603836394
4963	2.22102915390564	2.37710359769029
4964	4.59494068903147	2.77594637441752
4965	3.97686449291997	2.89620780961548
4966	4.68391143616397	2.33753462171406
4967	6.33941544000246	1.92008971898805
4968	-1.87467214629883	2.24475594206146
4969	1.51311956696982	2.70871490698655
4970	1.36435275540902	2.24729878982103
4971	5.22823915846488	2.59720390957862
4972	4.38826261422772	2.84840101124818
4973	5.47986906477806	2.86694451854144
4974	0.270595138764477	2.31152474670412
4975	-0.153860075129734	2.29854020704847
4976	5.56012300122196	2.9139258820849
4977	2.32505263054526	2.61381687159163
4978	6.24277095251061	2.72945201223927
4979	2.45398224816271	2.56719574558623
4980	8.26490907575558	2.92305139934558
4981	-0.930945882161437	2.19485441784711
4982	5.39932265096741	2.07239901574209
4983	5.81624554422744	2.90317715066469
4984	-2.93409858024638	2.44534513261822
4985	6.16025155235434	2.89195169832854
4986	3.16011254647495	2.06992948866541
4987	5.32739330739337	2.74979678902567
4988	0.282227101930624	2.70963860540967
4989	6.22767820949219	2.97162149825587
4990	-1.77049189360083	2.49829371766872
4991	1.25986883578969	2.6943958902793
4992	1.24833832538136	2.3085919115982
4993	4.27138506427479	1.96438330820561
4994	8.23388103279801	2.95199574357097
4995	-0.724592211437589	2.1823093415216
4996	-1.80064293010617	2.54959252015923
4997	8.34779430816257	1.97572118772202
4998	2.14232647054823	2.84827251870956
4999	2.01688935116643	2.22381435998594
5000	2.11802353590613	2.7793718822754
5001	0.72659511272592	2.18424229837908
5002	0.955969342031826	2.31079977756386
5003	-1.48018317295949	2.54907542897286
5004	9.18937119752268	2.94715746925886
5005	3.86278767333421	2.10847685822861
5006	4.07277951095575	2.93550290032996
5007	8.09335750718966	2.9904461427817
5008	2.40746289272958	2.65346975032503
5009	1.75169841125618	2.61585959736516
5010	6.30234904471344	1.942413894503
5011	6.13579655870498	2.11357243559686
5012	4.54584570886809	2.07865204743568
5013	0.0167104651076917	2.68460016710672
5014	-3.94584964160729	2.32502040577834
5015	4.87117994637236	2.78290984793935
5016	-0.0896766524990942	2.45986382610471
5017	1.67250081881448	2.72091870781661
5018	10.5986502421001	3.04651143422966
5019	2.16053848443678	2.32019085205961
5020	3.95893327242985	2.79193593050575
5021	8.64082570944673	2.97861122260714
5022	4.54730201138831	2.12089408840831
5023	0.977307494202632	2.64263908653544
5024	1.06882011005263	2.01811059668558
5025	3.19035531022509	2.18627453240459
5026	0.354662517959042	2.32740681803784
5027	8.21281182966493	1.88496555944373
5028	-2.44353143268069	2.3229837137222
5029	3.96386746052535	2.90143598015913
5030	1.75346706331009	2.27308141993699
5031	2.72891950447322	2.44132316197124
5032	0.15130527464686	2.58078442267725
5033	0.776844952845669	2.45492815467429
5034	3.43692809074676	2.09011994566013
5035	1.10411931682987	2.85120301409445
5036	0.19172838097893	2.6625731624489
5037	2.32819553563234	2.81187198558582
5038	5.41486842392824	1.99720492381445
5039	4.00172788958346	2.7281507282327
5040	1.80975166297802	2.35727336379136
5041	3.37918766093409	2.8435738229488
5042	0.271837861555728	2.63716255151837
5043	4.27576087797144	2.79844990894704
5044	1.21458901003792	2.52555162325971
5045	-1.34571426500243	2.49787352722621
5046	1.5991827235065	2.80607488002637
5047	8.90883706034136	1.89676585539621
5048	1.55573076680744	2.43556591584876
5049	1.71821580999688	2.73836266214566
5050	3.09945175602001	2.69137668375276
5051	0.814243488014961	2.43602833910144
5052	3.47294951502317	2.89136818214251
5053	0.820190235673438	2.38911318867193
5054	0.0858972810183634	2.15965687416802
5055	9.50144070357534	1.95297005360601
5056	9.73618464349955	1.98714175905421
5057	0.480776128002462	2.24450050443625
5058	-2.07576876510189	2.48471471595142
5059	2.08428246714859	2.65490285516044
5060	0.0423928969344883	2.35199783150825
5061	10.9400305590002	2.95269877202621
5062	1.45510443302963	2.21759208725153
5063	1.43980085650073	2.41400396089526
5064	1.06729994622673	2.26363925165654
5065	-0.667118095738368	2.64168553147369
5066	2.48559622194781	2.17534906899456
5067	-3.59334622840611	2.43712710241903
5068	5.4842791619212	2.77871867646709
5069	6.52912929207117	1.96907577292094
5070	9.41640296883018	2.90811963931625
5071	1.8833297538254	2.27156667593025
5072	2.72801818624204	2.86552716839302
5073	2.06766699685338	2.28060077106738
5074	-0.873487412559177	2.26527768348797
5075	-2.48713331053373	2.43452271374345
5076	6.12039571806073	2.92815346732694
5077	3.89217324849871	2.89508363724996
5078	0.437893522890534	2.33200716707315
5079	2.91732636838642	2.79178811625048
5080	6.45903992462169	3.00937093825064
5081	-0.983639680156443	2.38503256336919
5082	1.35549236184546	2.7148602135223
5083	2.71621453822414	2.34388338220924
5084	-1.94906625013054	2.2552794346184
5085	3.56726923576964	2.76776990582071
5086	3.84800896785591	2.10967616215933
5087	3.73079781533223	2.71320611308132
5088	4.54384424690582	2.01352481985514
5089	3.07197709478683	2.16047740607337
5090	5.11454114811392	2.039179860763
5091	1.35550223140033	2.15352237031341
5092	9.41913541980507	1.93902855835963
5093	3.04965937796903	2.63149803188008
5094	6.49725403412085	2.90924482220019
5095	5.97422921167153	2.79368024650667
5096	4.29910421735747	2.81551499672831
5097	-2.48117093495082	2.40950353558998
5098	-0.855475425622786	2.35586036320923
5099	1.02982585245596	2.83161305917528
5100	-0.550405438180211	2.58715586491725
5101	-0.378911573341857	2.64625977739925
5102	0.860069221105435	2.28833294852442
5103	0.0782511233260432	2.18988253985345
5104	9.05461057364169	3.04743491817511
5105	-0.667633028420721	2.62105794546738
5106	6.49555919214203	2.12215902405731
5107	6.37854978133696	2.02264186089445
5108	1.83758599419501	2.43661997863426
5109	7.24258033035268	2.96599199112779
5110	3.71548639175473	2.57982901668983
5111	6.89111419736346	3.02783274803093
5112	1.01091020763872	2.73774394056047
5113	3.60354287504806	2.29252280331608
5114	-1.13234192349842	2.38125087043924
5115	4.04042233026464	2.04500492395082
5116	7.74974825111187	1.88459430084443
5117	1.03288850154374	2.71848235898098
5118	5.11043242136999	1.99155529587784
5119	1.09225002588568	2.39883184301661
5120	0.351957938008793	2.62890170303643
5121	7.69667328978609	3.0464313383716
5122	2.68677664636076	2.45736430009327
5123	-0.420341071145105	2.44401706088163
5124	3.47992365154558	2.07495508196187
5125	2.13723221294091	2.76507981185189
5126	1.50185514701769	2.40786663767485
5127	-0.14263730175095	2.47585401526586
5128	3.0038066445694	2.11543674116409
5129	1.28722956868309	2.14049893558192
5130	-0.318752239915457	2.57620973979282
5131	0.322131339588853	2.55147188437661
5132	5.2616944108093	1.96054975508412
5133	8.82900430089372	1.91125898093977
5134	-2.30272827027497	2.6321001429482
5135	7.22671133846696	2.97138205859194
5136	-2.72650320743043	2.57903542146027
5137	-0.46843181378382	2.53488709232217
5138	-1.03217188205283	2.49349111397892
5139	7.16723598287619	3.03842659863587
5140	-0.111691247546562	2.47166615318348
5141	-2.6259055099788	2.67957329122402
5142	2.72434890377882	2.58312930947321
5143	-0.875120443972189	2.15261933803255
5144	1.17835308185305	2.17552611250864
5145	-0.338855688886291	2.73479663093827
5146	-1.42065506517047	2.4062942043197
5147	7.97386728885544	2.0769545866356
5148	2.22575254380213	2.75543780108625
5149	3.04465045166932	1.99369602504712
5150	1.50293764620544	2.89532755011785
5151	1.37353910564799	2.59868410381608
5152	0.0804999982917752	2.53044609480377
5153	0.419282683854408	2.25934527490266
5154	-1.77964448430797	2.40695968050293
5155	-2.97491361983617	2.46311839381046
5156	1.51608146727065	2.08376776277573
5157	2.03166462183689	2.4977679067245
5158	5.25153152901144	1.95842655871636
5159	-0.990726377760774	2.19878040387625
5160	6.71007762971618	2.12155527211333
5161	2.51754568958693	2.20713075540709
5162	5.14228240478092	2.9315908839363
5163	2.22102915390564	2.39877364761401
5164	4.59494068903147	2.79495064068665
5165	3.97686449291997	2.91440827301558
5166	4.68391143616397	2.3594691425911
5167	6.33941544000246	1.94481435633031
5168	-1.87467214629883	2.26731057668292
5169	1.51311956696982	2.72816853465173
5170	1.36435275540902	2.26983642856745
5171	5.22823915846488	2.61740285397395
5172	4.38826261422772	2.86692100552386
5173	5.47986906477806	2.88534057180195
5174	0.270595138764477	2.33363311227312
5175	-0.153860075129734	2.32073535862838
5176	5.56012300122196	2.93200792150759
5177	2.32505263054526	2.63390477834213
5178	6.24277095251061	2.74876703732856
5179	2.45398224816271	2.58759525842041
5180	8.26490907575558	2.94107244567482
5181	-0.930945882161437	2.21774258406385
5182	5.39932265096741	2.09610564885456
5183	5.81624554422744	2.92133103241273
5184	-2.93409858024638	2.46655907006105
5185	6.16025155235434	2.91018060870715
5186	3.16011254647495	2.09365262759244
5187	5.32739330739337	2.76897583378242
5188	0.282227101930624	2.72908605926325
5189	6.22767820949219	2.98931791196461
5190	-1.77049189360083	2.51915375758402
5191	1.25986883578969	2.71394522332744
5192	1.24833832538136	2.330719879638
5193	4.27138506427479	1.98881189624465
5194	8.23388103279801	2.96982333181539
5195	-0.724592211437589	2.20528135646612
5196	-1.80064293010617	2.57010968935665
5197	8.34779430816257	2.00007399569018
5198	2.14232647054823	2.86679337180312
5199	2.01688935116643	2.2465089638646
5200	2.11802353590613	2.79835325314969
5201	0.72659511272592	2.20507488831096
5202	0.955969342031826	2.330858555699
5203	-1.48018317295949	2.56767731565345
5204	9.18937119752268	2.96332535851136
5205	3.86278767333421	2.12977270163038
5206	4.07277951095575	2.95174204924234
5207	8.09335750718966	3.00634935161821
5208	2.40746289272958	2.6714333376503
5209	1.75169841125618	2.63405314486525
5210	6.30234904471344	1.9647250985232
5211	6.13579655870498	2.1348371230535
5212	4.54584570886809	2.10013024900842
5213	0.0167104651076917	2.70237341337985
5214	-3.94584964160729	2.34499223456888
5215	4.87117994637236	2.80008199824209
5216	-0.0896766524990942	2.47901118027682
5217	1.67250081881448	2.73846989123402
5218	10.5986502421001	3.06207184243368
5219	2.16053848443678	2.34019221024395
5220	3.95893327242985	2.80905289253188
5221	8.64082570944673	2.99458679382715
5222	4.54730201138831	2.14211400900206
5223	0.977307494202632	2.66066889590827
5224	1.06882011005263	2.0399589675212
5225	3.19035531022509	2.20709469662546
5226	0.354662517959042	2.34736405556147
5227	8.21281182966493	1.90762802045529
5228	-2.44353143268069	2.34296799548154
5229	3.96386746052535	2.91788342481884
5230	1.75346706331009	2.29337081984394
5231	2.72891950447322	2.46058387953142
5232	0.15130527464686	2.59919243070642
5233	0.776844952845669	2.4741056870769
5234	3.43692809074676	2.11152802893574
5235	1.10411931682987	2.86795759873495
5236	0.19172838097893	2.68048108868059
5237	2.32819553563234	2.82886705236956
5238	5.41486842392824	2.01918111843727
5239	4.00172788958346	2.74565769282758
5240	1.80975166297802	2.37704798796349
5241	3.37918766093409	2.86037505483723
5242	0.271837861555728	2.65522584612992
5243	4.27576087797144	2.81552704248264
5244	1.21458901003792	2.54429734180612
5245	-1.34571426500243	2.51678847826176
5246	1.5991827235065	2.82310539211685
5247	8.90883706034136	1.91935616572752
5248	1.55573076680744	2.45486183500268
5249	1.71821580999688	2.75580718779991
5250	3.09945175602001	2.70910849629511
5251	0.814243488014961	2.45532143085573
5252	3.47294951502317	2.90787718445115
5253	0.820190235673438	2.40869313425013
5254	0.0858972810183634	2.18063978703146
5255	9.50144070357534	1.97521671398569
5256	9.73618464349955	2.00917948299677
5257	0.480776128002462	2.26496465695141
5258	-2.07576876510189	2.5037101240525
5259	2.08428246714859	2.67285768003694
5260	0.0423928969344883	2.37180471192585
5261	10.9400305590002	2.96883278002982
5262	1.45510443302963	2.23822076619993
5263	1.43980085650073	2.43343171654917
5264	1.06729994622673	2.28398638391759
5265	-0.667118095738368	2.6597211711788
5266	2.48559622194781	2.19623603489737
5267	-3.59334622840611	2.45641347599261
5268	5.4842791619212	2.79591645289598
5269	6.52912929207117	1.99122395792262
5270	9.41640296883018	2.92452621800474
5271	1.8833297538254	2.29186533745326
5272	2.72801818624204	2.88219417069824
5273	2.06766699685338	2.30084419532243
5274	-0.873487412559177	2.28561479786713
5275	-2.48713331053373	2.45382501135955
5276	6.12039571806073	2.94443755295894
5277	3.89217324849871	2.91156992211027
5278	0.437893522890534	2.35193627663172
5279	2.91732636838642	2.80890598205895
5280	6.45903992462169	3.0251584350006
5281	-0.983639680156443	2.40463745915988
5282	1.35549236184546	2.73244844045848
5283	2.71621453822414	2.36373987689407
5284	-1.94906625013054	2.27567768140136
5285	3.56726923576964	2.78503462643923
5286	3.84800896785591	2.1309646726438
5287	3.73079781533223	2.73080445370214
5288	4.54384424690582	2.03540122955683
5289	3.07197709478683	2.18145530194949
5290	5.11454114811392	2.06089940756391
5291	1.35550223140033	2.17454279144171
5292	9.41913541980507	1.96136046137811
5293	3.04965937796903	2.6495959611268
5294	6.49725403412085	2.92564452117052
5295	5.97422921167153	2.81078654324215
5296	4.29910421735747	2.83248778900868
5297	-2.48117093495082	2.42895880824418
5298	-0.855475425622786	2.37564362690647
5299	1.02982585245596	2.84848742289412
5300	-0.550405438180211	2.60552491596656
5301	-0.378911573341857	2.66426744874184
5302	0.860069221105435	2.3085290958412
5303	0.0782511233260432	2.21068064359441
5304	9.05461057364169	3.06298967991102
5305	-0.667633028420721	2.63921970865008
5306	6.49555919214203	2.14337121044101
5307	6.37854978133696	2.04446252617113
5308	1.83758599419501	2.45590945292041
5309	7.24258033035268	2.98204472025461
5310	3.71548639175473	2.59824286636841
5311	6.89111419736346	3.04350736353286
5312	1.01091020763872	2.75519224927096
5313	3.60354287504806	2.31269333255731
5314	-1.13234192349842	2.4008788886769
5315	4.04042233026464	2.06668885450336
5316	7.74974825111187	1.90725903184655
5317	1.03288850154374	2.73604843899306
5318	5.11043242136999	2.01356603408332
5319	1.09225002588568	2.41835236571891
5320	0.351957938008793	2.64701550704535
5321	7.69667328978609	3.06199223630662
5322	2.68677664636076	2.47652693714496
5323	-0.420341071145105	2.46326130710587
5324	3.47992365154558	2.09645588793156
5325	2.13723221294091	2.78236098054176
5326	1.50185514701769	2.4273319188321
5327	-0.14263730175095	2.49490360044728
5328	3.0038066445694	2.13669002967654
5329	1.28722956868309	2.16159898604145
5330	-0.318752239915457	2.59464571885622
5331	0.322131339588853	2.57005911838338
5332	5.2616944108093	1.9827500708111
5333	8.82900430089372	1.93376067579305
5334	-2.30272827027497	2.65019439070054
5335	7.22671133846696	2.98740183116957
5336	-2.72650320743043	2.59745412342695
5337	-0.46843181378382	2.55357573090669
5338	-1.03217188205283	2.51243286045233
5339	7.16723598287619	3.05403644003971
5340	-0.111691247546562	2.49074134425641
5341	-2.6259055099788	2.69737727338004
5342	2.72434890377882	2.60152298013507
5343	-0.875120443972189	2.17364528058113
5344	1.17835308185305	2.19641199591233
5345	-0.338855688886291	2.75226296041663
5346	-1.42065506517047	2.42576909982363
5347	7.97386728885544	2.09844316701171
5348	2.22575254380213	2.77277792402934
5349	3.04465045166932	2.01569367416853
5350	1.50293764620544	2.91181234361901
5351	1.37353910564799	2.6169826676266
5352	0.0804999982917752	2.54916188702861
5353	0.419282683854408	2.27971866187334
5354	-1.77964448430797	2.42643050707846
5355	-2.97491361983617	2.4822458485432
5356	1.51608146727065	2.10521468527351
5357	2.03166462183689	2.51668350355665
5358	5.25153152901144	1.98063985632641
5359	-0.990726377760774	2.21952410330866
5360	6.71007762971618	2.14277115002422
5361	2.51754568958693	2.22782339819265
5362	5.14228240478092	2.94785395213385
5363	2.22102915390564	2.41829452614111
5364	4.59494068903147	2.81204916983693
5365	3.97686449291997	2.93077640104139
5366	4.68391143616397	2.3792303410886
5367	6.33941544000246	1.96711088318017
5368	-1.87467214629883	2.2876352613207
5369	1.51311956696982	2.74567539037262
5370	1.36435275540902	2.29014566936108
5371	5.22823915846488	2.63558696552306
5372	4.38826261422772	2.88357948547527
5373	5.47986906477806	2.90188642879525
5374	0.270595138764477	2.35355228029695
5375	-0.153860075129734	2.34073338753018
5376	5.56012300122196	2.9482684398077
5377	2.32505263054526	2.65198799199229
5378	6.24277095251061	2.76614794739639
5379	2.45398224816271	2.60596162288116
5380	8.26490907575558	2.95727754065441
5381	-0.930945882161437	2.23837034282792
5382	5.39932265096741	2.11747713367883
5383	5.81624554422744	2.93765683253408
5384	-2.93409858024638	2.48566548742889
5385	6.16025155235434	2.92657458598768
5386	3.16011254647495	2.11503911095179
5387	5.32739330739337	2.78623318098225
5388	0.282227101930624	2.74658730495325
5389	6.22767820949219	3.0052280191553
5390	-1.77049189360083	2.53793859467139
5391	1.25986883578969	2.7315390447983
5392	1.24833832538136	2.3506568600724
5393	4.27138506427479	2.0108394084489
5394	8.23388103279801	2.98585263493341
5395	-0.724592211437589	2.22598530705211
5396	-1.80064293010617	2.58858296602599
5397	8.34779430816257	2.02203264791505
5398	2.14232647054823	2.8834526321468
5399	2.01688935116643	2.26696083603403
5400	2.11802353590613	2.8154309776689
5401	0.72659511272592	2.22384927366326
5402	0.955969342031826	2.34893094658201
5403	-1.48018317295949	2.584428028904
5404	9.18937119752268	2.97786797317771
5405	3.86278767333421	2.14896734598509
5406	4.07277951095575	2.96634930997294
5407	8.09335750718966	3.02065185080824
5408	2.40746289272958	2.68760499198874
5409	1.75169841125618	2.6504334168179
5410	6.30234904471344	1.98484086806815
5411	6.13579655870498	2.15400350304048
5412	4.54584570886809	2.11949032690652
5413	0.0167104651076917	2.71837239218345
5414	-3.94584964160729	2.36298574585961
5415	4.87117994637236	2.81553566867934
5416	-0.0896766524990942	2.49625673628352
5417	1.67250081881448	2.75426741679379
5418	10.5986502421001	3.07606335625351
5419	2.16053848443678	2.35821251031099
5420	3.95893327242985	2.8244564967061
5421	8.64082570944673	3.00895493946148
5422	4.54730201138831	2.16123977693029
5423	0.977307494202632	2.6769006262385
5424	1.06882011005263	2.05965485934246
5425	3.19035531022509	2.22585780949465
5426	0.354662517959042	2.36534432979803
5427	8.21281182966493	1.92806244689623
5428	-2.44353143268069	2.36097280398338
5429	3.96386746052535	2.9326796494076
5430	1.75346706331009	2.31165242853545
5431	2.72891950447322	2.47793227769144
5432	0.15130527464686	2.61576725914676
5433	0.776844952845669	2.49137862047819
5434	3.43692809074676	2.13082449620269
5435	1.10411931682987	2.8830324577006
5436	0.19172838097893	2.69660224782109
5437	2.32819553563234	2.84416007437593
5438	5.41486842392824	2.03899297074404
5439	4.00172788958346	2.76141510350543
5440	1.80975166297802	2.39486259715938
5441	3.37918766093409	2.87549223172849
5442	0.271837861555728	2.67148795394015
5443	4.27576087797144	2.83089451464105
5444	1.21458901003792	2.56117853791405
5445	-1.34571426500243	2.53382320042332
5446	1.5991827235065	2.8384305697577
5447	8.90883706034136	1.9397251377793
5448	1.55573076680744	2.47224216770314
5449	1.71821580999688	2.77150795448347
5450	3.09945175602001	2.72506988682469
5451	0.814243488014961	2.472699198567
5452	3.47294951502317	2.922729253535
5453	0.820190235673438	2.42633113293582
5454	0.0858972810183634	2.19955054387229
5455	9.50144070357534	1.99527393017326
5456	9.73618464349955	2.0290471540987
5457	0.480776128002462	2.2834047994944
5458	-2.07576876510189	2.52081783607445
5459	2.08428246714859	2.68902138516784
5460	0.0423928969344883	2.38964858367113
5461	10.9400305590002	2.98334465795963
5462	1.45510443302963	2.2568101655088
5463	1.43980085650073	2.45093165002883
5464	1.06729994622673	2.30232036683426
5465	-0.667118095738368	2.67595819072926
5466	2.48559622194781	2.21505974959695
5467	-3.59334622840611	2.47378514903624
5468	5.4842791619212	2.81139337110344
5469	6.52912929207117	2.01119183821353
5470	9.41640296883018	2.9392853693854
5471	1.8833297538254	2.31015534819198
5472	2.72801818624204	2.89718957582869
5473	2.06766699685338	2.31908409535365
5474	-0.873487412559177	2.30393969265964
5475	-2.48713331053373	2.47121113053832
5476	6.12039571806073	2.95908557984065
5477	3.89217324849871	2.92640138214792
5478	0.437893522890534	2.36989103345438
5479	2.91732636838642	2.82431040613564
5480	6.45903992462169	3.03935596132109
5481	-0.983639680156443	2.42229809243352
5482	1.35549236184546	2.748279571535
5483	2.71621453822414	2.38162875821576
5484	-1.94906625013054	2.29405803491077
5485	3.56726923576964	2.80057227575866
5486	3.84800896785591	2.15015266464787
5487	3.73079781533223	2.74664475981414
5488	4.54384424690582	2.05512255796226
5489	3.07197709478683	2.20036150742866
5490	5.11454114811392	2.08047843148491
5491	1.35550223140033	2.19348757541239
5492	9.41913541980507	1.98149500885119
5493	3.04965937796903	2.66588948913821
5494	6.49725403412085	2.94039743133835
5495	5.97422921167153	2.82618047196935
5496	4.29910421735747	2.84776060380414
5497	-2.48117093495082	2.44648370487651
5498	-0.855475425622786	2.39346607379477
5499	1.02982585245596	2.86367094426436
5500	-0.550405438180211	2.62206440301702
5501	-0.378911573341857	2.68047909566824
5502	0.860069221105435	2.32672610669791
5503	0.0782511233260432	2.22942374341269
5504	9.05461057364169	3.07697607131038
5505	-0.667633028420721	2.65557114618188
5506	6.49555919214203	2.16248996196978
5507	6.37854978133696	2.06413328378117
5508	1.83758599419501	2.47328393890007
5509	7.24258033035268	2.99648286278491
5510	3.71548639175473	2.61482299429578
5511	6.89111419736346	3.05760248509275
5512	1.01091020763872	2.77089644790603
5513	3.60354287504806	2.33086710294723
5514	-1.13234192349842	2.41856049840754
5515	4.04042233026464	2.08623556771331
5516	7.74974825111187	1.92769551760066
5517	1.03288850154374	2.75185947859736
5518	5.11043242136999	2.03340922398935
5519	1.09225002588568	2.43593645655464
5520	0.351957938008793	2.66332343648527
5521	7.69667328978609	3.0759841944056
5522	2.68677664636076	2.49378635763005
5523	-0.420341071145105	2.48059476263154
5524	3.47992365154558	2.11583647231677
5525	2.13723221294091	2.79791355139012
5526	1.50185514701769	2.44486589508019
5527	-0.14263730175095	2.51206046138493
5528	3.0038066445694	2.15584606865321
5529	1.28722956868309	2.1806160089601
5530	-0.318752239915457	2.61124592234436
5531	0.322131339588853	2.58679653887202
5532	5.2616944108093	2.00276524358448
5533	8.82900430089372	1.95404925675265
5534	-2.30272827027497	2.66648457889638
5535	7.22671133846696	3.00181007584181
5536	-2.72650320743043	2.61403865330247
5537	-0.46843181378382	2.57040514463327
5538	-1.03217188205283	2.5294918911722
5539	7.16723598287619	3.06807279917338
5540	-0.111691247546562	2.5079214346076
5541	-2.6259055099788	2.71340413547501
5542	2.72434890377882	2.61808480185647
5543	-0.875120443972189	2.19259507353012
5544	1.17835308185305	2.21523472857933
5545	-0.338855688886291	2.76798350731548
5546	-1.42065506517047	2.4433117981127
5547	7.97386728885544	2.11781266045839
5548	2.22575254380213	2.78838397759776
5549	3.04465045166932	2.03552498978593
5550	1.50293764620544	2.92664245071027
5551	1.37353910564799	2.63345820934566
5552	0.0804999982917752	2.56601593427125
5553	0.419282683854408	2.29807646280497
5554	-1.77964448430797	2.44396951407561
5555	-2.97491361983617	2.49947335197375
5556	1.51608146727065	2.12454638710172
5557	2.03166462183689	2.53371881157856
5558	5.25153152901144	2.00066680613673
5559	-0.990726377760774	2.23821784807204
5560	6.71007762971618	2.16189325047024
5561	2.51754568958693	2.24647082486698
5562	5.14228240478092	2.96248291220525
5563	2.22102915390564	2.43587893977759
5564	4.59494068903147	2.82743605188705
5565	3.97686449291997	2.94550067035814
5566	4.68391143616397	2.3970327706442
5567	6.33941544000246	1.9872133377402
5568	-1.87467214629883	2.3059488799738
5569	1.51311956696982	2.76143270228106
5570	1.36435275540902	2.30844527751029
5571	5.22823915846488	2.65195867727357
5572	4.38826261422772	2.89856715920997
5573	5.47986906477806	2.91677193208741
5574	0.270595138764477	2.37149801825683
5575	-0.153860075129734	2.35875066730476
5576	5.56012300122196	2.96289508663716
5577	2.32505263054526	2.6682681701589
5578	6.24277095251061	2.78179100264416
5579	2.45398224816271	2.62249867268483
5580	8.26490907575558	2.97185390799132
5581	-0.930945882161437	2.2569589073546
5582	5.39932265096741	2.13674039918983
5583	5.81624554422744	2.95234270239123
5584	-2.93409858024638	2.50287390596842
5585	6.16025155235434	2.94132230549466
5586	3.16011254647495	2.13431598298664
5587	5.32739330739337	2.80176414120859
5588	0.282227101930624	2.76233952749671
5589	6.22767820949219	3.01953677646455
5590	-1.77049189360083	2.55485527873585
5591	1.25986883578969	2.7473752511818
5592	1.24833832538136	2.36861875727637
5593	4.27138506427479	2.03069781556202
5594	8.23388103279801	3.00026952561838
5595	-0.724592211437589	2.24464299205204
5596	-1.80064293010617	2.60521700553628
5597	8.34779430816257	2.04182858593053
5598	2.14232647054823	2.89844101384571
5599	2.01688935116643	2.28538983796787
5600	2.11802353590613	2.83079898596184
5601	0.72659511272592	2.24076709009484
5602	0.955969342031826	2.36521276597215
5603	-1.48018317295949	2.59951242708822
5604	9.18937119752268	2.99095186533491
5605	3.86278767333421	2.1662659111175
5606	4.07277951095575	2.97949177054827
5607	8.09335750718966	3.03351820174651
5608	2.40746289272958	2.70216477100426
5609	1.75169841125618	2.66518220043563
5610	6.30234904471344	2.00297395956994
5611	6.13579655870498	2.17127646105625
5612	4.54584570886809	2.13693877248494
5613	0.0167104651076917	2.73277572961132
5614	-3.94584964160729	2.37919610145694
5615	4.87117994637236	2.82944496445469
5616	-0.0896766524990942	2.51178945499255
5617	1.67250081881448	2.7684882404375
5618	10.5986502421001	3.08864795885325
5619	2.16053848443678	2.37444713616003
5620	3.95893327242985	2.83832043315663
5621	8.64082570944673	3.02188076514801
5622	4.54730201138831	2.17847594099634
5623	0.977307494202632	2.69151483325125
5624	1.06882011005263	2.07740754757654
5625	3.19035531022509	2.24276541321628
5626	0.354662517959042	2.38154269281186
5627	8.21281182966493	1.94648423703021
5628	-2.44353143268069	2.37719339469387
5629	3.96386746052535	2.94599330856068
5630	1.75346706331009	2.32812379629533
5631	2.72891950447322	2.49355816993404
5632	0.15130527464686	2.63069230818534
5633	0.776844952845669	2.50693614271877
5634	3.43692809074676	2.14821531145069
5635	1.10411931682987	2.89659855565071
5636	0.19172838097893	2.71111627890282
5637	2.32819553563234	2.85792382494941
5638	5.41486842392824	2.05685071753477
5639	4.00172788958346	2.77559958363457
5640	1.80975166297802	2.41091086999395
5641	3.37918766093409	2.88909666911952
5642	0.271837861555728	2.68612968251931
5643	4.27576087797144	2.84472571599726
5644	1.21458901003792	2.57638115171803
5645	-1.34571426500243	2.54916490665632
5646	1.5991827235065	2.85222345288034
5647	8.90883706034136	1.95808762716422
5648	1.55573076680744	2.48789699218683
5649	1.71821580999688	2.78564111595647
5650	3.09945175602001	2.73943916980895
5651	0.814243488014961	2.48835169920684
5652	3.47294951502317	2.93609350700928
5653	0.820190235673438	2.44221939915083
5654	0.0858972810183634	2.21659191094001
5655	9.50144070357534	2.01335397316301
5656	9.73618464349955	2.04695547192684
5657	0.480776128002462	2.30001979667719
5658	-2.07576876510189	2.53622567008665
5659	2.08428246714859	2.70357396231397
5660	0.0423928969344883	2.40572336796078
5661	10.9400305590002	2.99640070306909
5662	1.45510443302963	2.27356038720641
5663	1.43980085650073	2.46669483112366
5664	1.06729994622673	2.31883918489997
5665	-0.667118095738368	2.69057718970059
5666	2.48559622194781	2.23202225771814
5667	-3.59334622840611	2.48943212799357
5668	5.4842791619212	2.82532372902916
5669	6.52912929207117	2.02919094414685
5670	9.41640296883018	2.95256544073729
5671	1.8833297538254	2.32663432808758
5672	2.72801818624204	2.91068368973002
5673	2.06766699685338	2.33551767565836
5674	-0.873487412559177	2.32045027701365
5675	-2.48713331053373	2.48687119748937
5676	6.12039571806073	2.9722649739712
5677	3.89217324849871	2.93974696411839
5678	0.437893522890534	2.3860662780528
5679	2.91732636838642	2.83817508540619
5680	6.45903992462169	3.05212720832709
5681	-0.983639680156443	2.43820686526446
5682	1.35549236184546	2.76253084130067
5683	2.71621453822414	2.39774432054381
5684	-1.94906625013054	2.3106188640764
5685	3.56726923576964	2.81455765521123
5686	3.84800896785591	2.16744520284488
5687	3.73079781533223	2.76090434203194
5688	4.54384424690582	2.07289829138115
5689	3.07197709478683	2.2173987510272
5690	5.11454114811392	2.09812523905745
5691	1.35550223140033	2.21055977057757
5692	9.41913541980507	1.99964511288978
5693	3.04965937796903	2.6805596839744
5694	6.49725403412085	2.95367184823987
5695	5.97422921167153	2.84003564260198
5696	4.29910421735747	2.86150604693089
5697	-2.48117093495082	2.46226950223391
5698	-0.855475425622786	2.4095214474676
5699	1.02982585245596	2.8773354888132
5700	-0.550405438180211	2.63695743325718
5701	-0.378911573341857	2.69507510740172
5702	0.860069221105435	2.34312083001828
5703	0.0782511233260432	2.24631321559379
5704	9.05461057364169	3.08955603306976
5705	-0.667633028420721	2.67029380622292
5706	6.49555919214203	2.17971976927733
5707	6.37854978133696	2.08186320077605
5708	1.83758599419501	2.48893346633758
5709	7.24258033035268	3.00947210466729
5710	3.71548639175473	2.6297528445945
5711	6.89111419736346	3.07028095483678
5712	1.01091020763872	2.78503271867845
5713	3.60354287504806	2.34724077073403
5714	-1.13234192349842	2.43448827561129
5715	4.04042233026464	2.10385310223951
5716	7.74974825111187	1.94611917344319
5717	1.03288850154374	2.76609254577389
5718	5.11043242136999	2.05129536220092
5719	1.09225002588568	2.45177588302149
5720	0.351957938008793	2.67800667881161
5721	7.69667328978609	3.08856919951595
5722	2.68677664636076	2.50933163736004
5723	-0.420341071145105	2.49620711705916
5724	3.47992365154558	2.13330349648192
5725	2.13723221294091	2.81191244953646
5726	1.50185514701769	2.46065991844081
5727	-0.14263730175095	2.52751282361828
5728	3.0038066445694	2.17310965786018
5729	1.28722956868309	2.19775365158845
5730	-0.318752239915457	2.62619396081666
5731	0.322131339588853	2.60186889400231
5732	5.2616944108093	2.02080719583675
5733	8.82900430089372	1.97233891294726
5734	-2.30272827027497	2.68115174790699
5735	7.22671133846696	3.01477223068846
5736	-2.72650320743043	2.62897249170385
5737	-0.46843181378382	2.58556084433354
5738	-1.03217188205283	2.54485562061455
5739	7.16723598287619	3.08069803099196
5740	-0.111691247546562	2.52339484236043
5741	-2.6259055099788	2.72783273476974
5742	2.72434890377882	2.63299806699199
5743	-0.875120443972189	2.20967180675865
5744	1.17835308185305	2.23219634699292
5745	-0.338855688886291	2.78213458938324
5746	-1.42065506517047	2.45911372351884
5747	7.97386728885544	2.1352696363904
5748	2.22575254380213	2.80243133033059
5749	3.04465045166932	2.05340037006026
5750	1.50293764620544	2.93998680693048
5751	1.37353910564799	2.64829330602172
5752	0.0804999982917752	2.581193951588
5753	0.419282683854408	2.31461685965471
5754	-1.77964448430797	2.45976809522358
5755	-2.97491361983617	2.51498971530461
5756	1.51608146727065	2.14196912436292
5757	2.03166462183689	2.54906104859272
5758	5.25153152901144	2.01871942821758
5759	-0.990726377760774	2.2550626052728
5760	6.71007762971618	2.17912609184937
5761	2.51754568958693	2.26327361853541
5762	5.14228240478092	2.97564503207586
5763	2.22102915390564	2.45171865869737
5764	4.59494068903147	2.8412848383301
5765	3.97686449291997	2.95874913905444
5766	4.68391143616397	2.41307000889725
5767	6.33941544000246	2.00533436605434
5768	-1.87467214629883	2.32244924830528
5769	1.51311956696982	2.77561709292651
5770	1.36435275540902	2.3249329525238
5771	5.22823915846488	2.66669970546947
5772	4.38826261422772	2.9120542685763
5773	5.47986906477806	2.93016647648064
5774	0.270595138764477	2.38766509189338
5775	-0.153860075129734	2.37498255681163
5776	5.56012300122196	2.97605511074336
5777	2.32505263054526	2.68292627022488
5778	6.24277095251061	2.79587187837413
5779	2.45398224816271	2.63738949481394
5780	8.26490907575558	2.98496837958976
5781	-0.930945882161437	2.27370837275138
5782	5.39932265096741	2.15410113411743
5783	5.81624554422744	2.96555638172128
5784	-2.93409858024638	2.51837297865846
5785	6.16025155235434	2.95459201973101
5786	3.16011254647495	2.15168904523203
5787	5.32739330739337	2.81574346043761
5788	0.282227101930624	2.77651930724961
5789	6.22767820949219	3.03240879717015
5790	-1.77049189360083	2.57009004412556
5791	1.25986883578969	2.76163111910366
5792	1.24833832538136	2.38480047095908
5793	4.27138506427479	2.04859774034758
5794	8.23388103279801	3.01323951363005
5795	-0.724592211437589	2.26145507961809
5796	-1.80064293010617	2.62019569896516
5797	8.34779430816257	2.05967191459886
5798	2.14232647054823	2.91192876461759
5799	2.01688935116643	2.30199474191665
5800	2.11802353590613	2.84463067304835
5801	0.72659511272592	2.25601066826001
5802	0.955969342031826	2.37988076008485
5803	-1.48018317295949	2.61309674233874
5804	9.18937119752268	3.00272570146211
5805	3.86278767333421	2.18185407088591
5806	4.07277951095575	2.99131861171363
5807	8.09335750718966	3.04509516076858
5808	2.40746289272958	2.7152743003557
5809	1.75169841125618	2.67846278095208
5810	6.30234904471344	2.01931737453341
5811	6.13579655870498	2.18684144611314
5812	4.54584570886809	2.15266257564299
5813	0.0167104651076917	2.74574367767052
5814	-3.94584964160729	2.39379942008093
5815	4.87117994637236	2.84196579959054
5816	-0.0896766524990942	2.52577950506204
5817	1.67250081881448	2.7812910115907
5818	10.5986502421001	3.09996993264756
5819	2.16053848443678	2.38907241961865
5820	3.95893327242985	2.85080021762352
5821	8.64082570944673	3.03351154944663
5822	4.54730201138831	2.19400762713938
5823	0.977307494202632	2.70467362051613
5824	1.06882011005263	2.09340669355739
5825	3.19035531022509	2.25799974877087
5826	0.354662517959042	2.39613515802088
5827	8.21281182966493	1.96308892731074
5828	-2.44353143268069	2.39180597620359
5829	3.96386746052535	2.95797508625048
5830	1.75346706331009	2.34296333368841
5831	2.72891950447322	2.50763254303735
5832	0.15130527464686	2.64413241077285
5833	0.776844952845669	2.52094864024677
5834	3.43692809074676	2.16388695854988
5835	1.10411931682987	2.90880879312306
5836	0.19172838097893	2.7241844058901
5837	2.32819553563234	2.87031294013743
5838	5.41486842392824	2.07294494262108
5839	4.00172788958346	2.78836946352251
5840	1.80975166297802	2.42536750200252
5841	3.37918766093409	2.90134160419161
5842	0.271837861555728	2.69931337709302
5843	4.27576087797144	2.85717587485741
5844	1.21458901003792	2.59007245335536
5845	-1.34571426500243	2.56298208841375
5846	1.5991827235065	2.86463893333363
5847	8.90883706034136	1.97463864963935
5848	1.55573076680744	2.50199754927449
5849	1.71821580999688	2.79836455191757
5850	3.09945175602001	2.75237629823633
5851	0.814243488014961	2.50245015319122
5852	3.47294951502317	2.94812107309515
5853	0.820190235673438	2.45653122347555
5854	0.0858972810183634	2.23194730373827
5855	9.50144070357534	2.02964937866173
5856	9.73618464349955	2.06309546433715
5857	0.480776128002462	2.31498932021786
5858	-2.07576876510189	2.55010269818401
5859	2.08428246714859	2.71667697389741
5860	0.0423928969344883	2.42020399311673
5861	10.9400305590002	3.0081493373234
5862	1.45510443302963	2.2886522903639
5863	1.43980085650073	2.480893452091
5864	1.06729994622673	2.33372166532192
5865	-0.667118095738368	2.70374031373869
5866	2.48559622194781	2.24730628233533
5867	-3.59334622840611	2.50352558479685
5868	5.4842791619212	2.83786362563396
5869	6.52912929207117	2.04541310075304
5870	9.41640296883018	2.96451682111159
5871	1.8833297538254	2.34148075454403
5872	2.72801818624204	2.92282878087651
5873	2.06766699685338	2.35032301500464
5874	-0.873487412559177	2.33532530583938
5875	-2.48713331053373	2.50097649906545
5876	6.12039571806073	2.98412524039485
5877	3.89217324849871	2.95175763229571
5878	0.437893522890534	2.40063782085125
5879	2.91732636838642	2.85065554213305
5880	6.45903992462169	3.0636180972841
5881	-0.983639680156443	2.45253724829361
5882	1.35549236184546	2.77536116651643
5883	2.71621453822414	2.41226185025603
5884	-1.94906625013054	2.32553936498832
5885	3.56726923576964	2.82714734688005
5886	3.84800896785591	2.18302790817298
5887	3.73079781533223	2.77374219010483
5888	4.54384424690582	2.08891829349812
5889	3.07197709478683	2.23275041204223
5890	5.11454114811392	2.11402856191921
5891	1.35550223140033	2.22594306313024
5892	9.41913541980507	2.01600392437907
5893	3.04965937796903	2.69376914081194
5894	6.49725403412085	2.96561811127675
5895	5.97422921167153	2.85250749391092
5896	4.29910421735747	2.87387859368589
5897	-2.48117093495082	2.47648859115819
5898	-0.855475425622786	2.42398450580993
5899	1.02982585245596	2.88963482149915
5900	-0.550405438180211	2.65036855849331
5901	-0.378911573341857	2.70821742774633
5902	0.860069221105435	2.35789100338255
5903	0.0782511233260432	2.26153114191234
5904	9.05461057364169	3.10087380685444
5905	-0.667633028420721	2.68355074462603
5906	6.49555919214203	2.19524570248667
5907	6.37854978133696	2.09784173854447
5908	1.83758599419501	2.50302922954238
5909	7.24258033035268	3.0211602812942
5910	3.71548639175473	2.64319729237326
5911	6.89111419736346	3.08168787938996
5912	1.01091020763872	2.79775896858844
5913	3.60354287504806	2.36199188861763
5914	-1.13234192349842	2.44883585779892
5915	4.04042233026464	2.11972993268456
5916	7.74974825111187	1.9627255522097
5917	1.03288850154374	2.77890639745387
5918	5.11043242136999	2.06741528182354
5919	1.09225002588568	2.46604350685733
5920	0.351957938008793	2.69122794376581
5921	7.69667328978609	3.09989153758663
5922	2.68677664636076	2.52333305528641
5923	-0.420341071145105	2.51026923829666
5924	3.47992365154558	2.14904411345756
5925	2.13723221294091	2.82451437576619
5926	1.50185514701769	2.47488645198506
5927	-0.14263730175095	2.54143015022696
5928	3.0038066445694	2.18866616404596
5929	1.28722956868309	2.21319617478785
5930	-0.318752239915457	2.63965486908496
5931	0.322131339588853	2.61544231016159
5932	5.2616944108093	2.03706812881499
5933	8.82900430089372	1.98882402061446
5934	-2.30272827027497	2.69435846634037
5935	7.22671133846696	3.02643589326141
5936	-2.72650320743043	2.6424205487577
5937	-0.46843181378382	2.59920968821057
5938	-1.03217188205283	2.5586927336095
5939	7.16723598287619	3.09205677465926
5940	-0.111691247546562	2.53733121538695
5941	-2.6259055099788	2.74082354508576
5942	2.72434890377882	2.64642750502256
5943	-0.875120443972189	2.22505920630668
5944	1.17835308185305	2.24747956641532
5945	-0.338855688886291	2.79487424367222
5946	-1.42065506517047	2.4733474084979
5947	7.97386728885544	2.15100115960871
5948	2.22575254380213	2.81507710847382
5949	3.04465045166932	2.06951055363583
5950	1.50293764620544	2.95199636579086
5951	1.37353910564799	2.6616520007693
5952	0.0804999982917752	2.5948629931441
5953	0.419282683854408	2.32951886910456
5954	-1.77964448430797	2.47399875361361
5955	-2.97491361983617	2.52896496358379
5956	1.51608146727065	2.15766966122184
5957	2.03166462183689	2.56287871071273
5958	5.25153152901144	2.03499001750359
5959	-0.990726377760774	2.27024006406099
5960	6.71007762971618	2.19465477092559
5961	2.51754568958693	2.27841309988279
5962	5.14228240478092	2.98748966511147
5963	2.22102915390564	2.46598654720619
5964	4.59494068903147	2.85375091187991
5965	3.97686449291997	2.97067191869102
5966	4.68391143616397	2.42751665449279
5967	6.33941544000246	2.02166686370533
5968	-1.87467214629883	2.33731503152253
5969	1.51311956696982	2.78838689183077
5970	1.36435275540902	2.33978724815396
5971	5.22823915846488	2.67997326724709
5972	4.38826261422772	2.9241930205445
5973	5.47986906477806	2.94222145616867
5974	0.270595138764477	2.40222923988487
5975	-0.153860075129734	2.38960536385164
5976	5.56012300122196	2.98789784708999
5977	2.32505263054526	2.6961247811674
5978	6.24277095251061	2.80854799518452
5979	2.45398224816271	2.65079862168621
5980	8.26490907575558	2.99676989043484
5981	-0.930945882161437	2.2887995914486
5982	5.39932265096741	2.16974555820835
5983	5.81624554422744	2.97744767661327
5984	-2.93409858024638	2.53233257872473
5985	6.16025155235434	2.96653402680614
5986	3.16011254647495	2.16734462567601
5987	5.32739330739337	2.82832766753998
5988	0.282227101930624	2.78928493324732
5989	6.22767820949219	3.04399088739167
5990	-1.77049189360083	2.58381044328819
5991	1.25986883578969	2.77446560569943
5992	1.24833832538136	2.39937786834726
5993	4.27138506427479	2.06473013696553
5994	8.23388103279801	3.02491026530022
5995	-0.724592211437589	2.27660297204117
5996	-1.80064293010617	2.63368435029356
5997	8.34779430816257	2.07575309113185
5998	2.14232647054823	2.92406809706459
5999	2.01688935116643	2.31695513097372
6000	2.11802353590613	2.85708127149955
6001	0.72659511272592	2.2697447633953
6002	0.955969342031826	2.39309440120774
6003	-1.48018317295949	2.62533050048962
6004	9.18937119752268	3.01332239006589
6005	3.86278767333421	2.19589974323957
6006	4.07277951095575	3.00196322847781
6007	8.09335750718966	3.05551382936145
6008	2.40746289272958	2.72707874809547
6009	1.75169841125618	2.6904218963981
6010	6.30234904471344	2.03404596295285
6011	6.13579655870498	2.20086616345327
6012	4.54584570886809	2.16683089932113
6013	0.0167104651076917	2.75742010492168
6014	-3.94584964160729	2.40695458040078
6015	4.87117994637236	2.85323793885985
6016	-0.0896766524990942	2.53838013632832
6017	1.67250081881448	2.79281808275198
6018	10.5986502421001	3.11015803876338
6019	2.16053848443678	2.40224744095839
6020	3.95893327242985	2.86203523809971
6021	8.64082570944673	3.04397888787498
6022	4.54730201138831	2.20800223497033
6023	0.977307494202632	2.71652260819508
6024	1.06882011005263	2.10782398743597
6025	3.19035531022509	2.27172548656245
6026	0.354662517959042	2.40928050447715
6027	8.21281182966493	1.97805376582524
6028	-2.44353143268069	2.40496951220032
6029	3.96386746052535	2.96875979955742
6030	1.75346706331009	2.3563320874976
6031	2.72891950447322	2.52030942078944
6032	0.15130527464686	2.65623576909981
6033	0.776844952845669	2.53356956893061
6034	3.43692809074676	2.17800812173081
6035	1.10411931682987	2.91980008409662
6036	0.19172838097893	2.73595141682726
6037	2.32819553563234	2.88146597573273
6038	5.41486842392824	2.08744820882937
6039	4.00172788958346	2.79986679377817
6040	1.80975166297802	2.43839002550377
6041	3.37918766093409	2.91236426939266
6042	0.271837861555728	2.71118488643282
6043	4.27576087797144	2.86838410729833
6044	1.21458901003792	2.60240295062549
6045	-1.34571426500243	2.57542640887497
6046	1.5991827235065	2.87581580890162
6047	8.90883706034136	1.98955496070676
6048	1.55573076680744	2.51469810308164
6049	1.71821580999688	2.80981988669407
6050	3.09945175602001	2.7640248577921
6051	0.814243488014961	2.51514880533251
6052	3.47294951502317	2.95894718913788
6053	0.820190235673438	2.46942280912374
6054	0.0858972810183634	2.24578250378462
6055	9.50144070357534	2.04433455601297
6056	9.73618464349955	2.07764011422747
6057	0.480776128002462	2.32847560996603
6058	-2.07576876510189	2.56260113284037
6059	2.08428246714859	2.72847552814777
6060	0.0423928969344883	2.43324821167671
6061	10.9400305590002	3.01872323791594
6062	1.45510443302963	2.30224923808172
6063	1.43980085650073	2.49368267711729
6064	1.06729994622673	2.34712924903196
6065	-0.667118095738368	2.71559322281021
6066	2.48559622194781	2.26107694991933
6067	-3.59334622840611	2.51621971839225
6068	5.4842791619212	2.84915300064488
6069	6.52912929207117	2.06003204506698
6070	9.41640296883018	2.97527404858957
6071	1.8833297538254	2.35485573757492
6072	2.72801818624204	2.93376116530714
6073	2.06766699685338	2.36366084629158
6074	-0.873487412559177	2.34872615167485
6075	-2.48713331053373	2.51368134292899
6076	6.12039571806073	2.99480008091128
6077	3.89217324849871	2.96256846892919
6078	0.437893522890534	2.41376424886722
6079	2.91732636838642	2.86189117047946
6080	6.45903992462169	3.07395893969238
6081	-0.983639680156443	2.46544561507417
6082	1.35549236184546	2.78691315258344
6083	2.71621453822414	2.42533943861544
6084	-1.94906625013054	2.3389813275462
6085	3.56726923576964	2.83848174753189
6086	3.84800896785591	2.19706864851829
6087	3.73079781533223	2.78530097848188
6088	4.54384424690582	2.10335444589037
6089	3.07197709478683	2.24658223773943
6090	5.11454114811392	2.12835921071685
6091	1.35550223140033	2.23980349066347
6092	9.41913541980507	2.03074643462906
6093	3.04965937796903	2.70566394487911
6094	6.49725403412085	2.97637071156122
6095	5.97422921167153	2.86373534107529
6096	4.29910421735747	2.88501664778994
6097	-2.48117093495082	2.48929632369919
6098	-0.855475425622786	2.437012840124
6099	1.02982585245596	2.90070667405394
6100	-0.550405438180211	2.66244571494978
6101	-0.378911573341857	2.72005152572378
6102	0.860069221105435	2.37119703692188
6103	0.0782511233260432	2.2752420421616
6104	9.05461057364169	3.11105811524192
6105	-0.667633028420721	2.69548848242495
6106	6.49555919214203	2.2092351084059
6107	6.37854978133696	2.11224039808667
6108	1.83758599419501	2.51572544862977
6109	7.24258033035268	3.03167951495387
6110	3.71548639175473	2.65530457970451
6111	6.89111419736346	3.09195279959248
6112	1.01091020763872	2.80921684779087
6113	3.60354287504806	2.37528069183005
6114	-1.13234192349842	2.46175977638466
6115	4.04042233026464	2.13403662653676
6116	7.74974825111187	1.97769191748524
6117	1.03288850154374	2.79044348783752
6118	5.11043242136999	2.08194178151867
6119	1.09225002588568	2.47889512558549
6120	0.351957938008793	2.70313342495591
6121	7.69667328978609	3.11007997308804
6122	2.68677664636076	2.5359439655844
6123	-0.420341071145105	2.52293503767942
6124	3.47992365154558	2.16322764050833
6125	2.13723221294091	2.83585983913996
6126	1.50185514701769	2.48770091609256
6127	-0.14263730175095	2.55396502356126
6128	3.0038066445694	2.2026832146301
6129	1.28722956868309	2.22711015979476
6130	-0.318752239915457	2.65177704030293
6131	0.322131339588853	2.62766621314754
6132	5.2616944108093	2.05172213545967
6133	8.82900430089372	2.00368073026289
6134	-2.30272827027497	2.70625079429056
6135	7.22671133846696	3.03693296084874
6136	-2.72650320743043	2.65453109966393
6137	-0.46843181378382	2.61150179436892
6138	-1.03217188205283	2.57115507627353
6139	7.16723598287619	3.10227812879132
6140	-0.111691247546562	2.54988331085335
6141	-2.6259055099788	2.75252064482297
6142	2.72434890377882	2.65852122025493
6143	-0.875120443972189	2.23892334746298
6144	1.17835308185305	2.26124950592692
6145	-0.338855688886291	2.80634424336827
6146	-1.42065506517047	2.48616833906834
6147	7.97386728885544	2.16517646391171
6148	2.22575254380213	2.82646222357914
6149	3.04465045166932	2.08402824981266
6150	1.50293764620544	2.96280619935892
6151	1.37353910564799	2.67368174858403
6152	0.0804999982917752	2.60717336242678
6153	0.419282683854408	2.34294411133185
6154	-1.77964448430797	2.48681694748487
6155	-2.97491361983617	2.54155221079066
6156	1.51608146727065	2.17181694707123
6157	2.03166462183689	2.57532346552689
6158	5.25153152901144	2.04965275556482
6159	-0.990726377760774	2.28391437280208
6160	6.71007762971618	2.20864665970971
6161	2.51754568958693	2.29205306870192
6162	5.14228240478092	2.99815036962204
6163	2.22102915390564	2.47883840525668
6164	4.59494068903147	2.86497353468494
6165	3.97686449291997	2.98140328483973
6166	4.68391143616397	2.44053014809004
6167	6.33941544000246	2.03638558048386
6168	-1.87467214629883	2.35070751730352
6169	1.51311956696982	2.79988414885945
6170	1.36435275540902	2.35316934664092
6171	5.22823915846488	2.6919260362164
6172	4.38826261422772	2.93511967296995
6173	5.47986906477806	2.95307236011021
6174	0.270595138764477	2.41534898137621
6175	-0.153860075129734	2.40277814596671
6176	5.56012300122196	2.99855683657843
6177	2.32505263054526	2.70800968774876
6178	6.24277095251061	2.81996054308785
6179	2.45398224816271	2.66287397118419
6180	8.26490907575558	3.00739160304322
6181	-0.930945882161437	2.30239592026448
6182	5.39932265096741	2.18384210582911
6183	5.81624554422744	2.98815057365902
6184	-2.93409858024638	2.54490567652081
6185	6.16025155235434	2.97728277876932
6186	3.16011254647495	2.1814512610827
6187	5.32739330739337	2.83965710894287
6188	0.282227101930624	2.80077841705478
6189	6.22767820949219	3.05441419571235
6190	-1.77049189360083	2.59616725109235
6191	1.25986883578969	2.78602135456514
6192	1.24833832538136	2.41250959019428
6193	4.27138506427479	2.07926791859641
6194	8.23388103279801	3.03541374298366
6195	-0.724592211437589	2.29025054631441
6196	-1.80064293010617	2.64583160731243
6197	8.34779430816257	2.09024455859083
6198	2.14232647054823	2.93499527436998
6199	2.01688935116643	2.33043316114865
6200	2.11802353590613	2.86828990142703
6201	0.72659511272592	2.28211816209381
6202	0.955969342031826	2.40499753060433
6203	-1.48018317295949	2.63634823200241
6204	9.18937119752268	3.02286090624985
6205	3.86278767333421	2.20855467536366
6206	4.07277951095575	3.01154505135553
6207	8.09335750718966	3.0648914910909
6208	2.40746289272958	2.73770856539772
6209	1.75169841125618	2.70119146759313
6210	6.30234904471344	2.04731796104988
6211	6.13579655870498	2.2135021611483
6212	4.54584570886809	2.17959665613169
6213	0.0167104651076917	2.7679342460943
6214	-3.94584964160729	2.41880486799817
6215	4.87117994637236	2.86338677546671
6216	-0.0896766524990942	2.54972936526405
6217	1.67250081881448	2.80319726947626
6218	10.5986502421001	3.11932736997265
6219	2.16053848443678	2.41411567447941
6220	3.95893327242985	2.87215053508826
6221	8.64082570944673	3.05340052645735
6222	4.54730201138831	2.22061102646167
6223	0.977307494202632	2.72719267067867
6224	1.06882011005263	2.12081470752776
6225	3.19035531022509	2.28409133377303
6226	0.354662517959042	2.42112192451148
6227	8.21281182966493	1.99153923363261
6228	-2.44353143268069	2.41682736785104
6229	3.96386746052535	2.97846821018696
6230	1.75346706331009	2.36837537285989
6231	2.72891950447322	2.53172754415349
6232	0.15130527464686	2.66713567457474
6233	0.776844952845669	2.54493713810804
6234	3.43692809074676	2.19073126548897
6235	1.10411931682987	2.92969515316813
6236	0.19172838097893	2.74654740716573
6237	2.32819553563234	2.89150719322185
6238	5.41486842392824	2.10051661138016
6239	4.00172788958346	2.81021910735979
6240	1.80975166297802	2.45012046577054
6241	3.37918766093409	2.92228768743586
6242	0.271837861555728	2.72187529892903
6243	4.27576087797144	2.87847519928442
6244	1.21458901003792	2.61350809320053
6245	-1.34571426500243	2.58663439925468
6246	1.5991827235065	2.88587856759718
6247	8.90883706034136	2.00299658031981
6248	1.55573076680744	2.52613761954022
6249	1.71821580999688	2.82013425420516
6250	3.09945175602001	2.77451381840824
6251	0.814243488014961	2.52658660349311
6252	3.47294951502317	2.9686930102498
6253	0.820190235673438	2.48103493720291
6254	0.0858972810183634	2.25824725836628
6255	9.50144070357534	2.0575673289484
6256	9.73618464349955	2.09074591004412
6257	0.480776128002462	2.34062509787965
6258	-2.07576876510189	2.57385801946101
6259	2.08428246714859	2.73910002023957
6260	0.0423928969344883	2.44499825505901
6261	10.9400305590002	3.02824116341967
6262	1.45510443302963	2.31449871378466
6263	1.43980085650073	2.50520231468423
6264	1.06729994622673	2.35920762012694
6265	-0.667118095738368	2.72626682856659
6266	2.48559622194781	2.27348339457294
6267	-3.59334622840611	2.52765343370716
6268	5.4842791619212	2.8593174110392
6269	6.52912929207117	2.07320497147711
6270	9.41640296883018	2.98495762370764
6271	1.8833297538254	2.36690465150702
6272	2.72801818624204	2.94360300789148
6273	2.06766699685338	2.3756761908318
6274	-0.873487412559177	2.36079843459394
6275	-2.48713331053373	2.52512473577581
6276	6.12039571806073	3.00440921321986
6277	3.89217324849871	2.97230048394691
6278	0.437893522890534	2.42558857466941
6279	2.91732636838642	2.87200701672441
6280	6.45903992462169	3.08326627961697
6281	-0.983639680156443	2.47707290616722
6282	1.35549236184546	2.79731485179692
6283	2.71621453822414	2.43711963411859
6284	-1.94906625013054	2.3510907625131
6285	3.56726923576964	2.84868684197556
6286	3.84800896785591	2.20971912420231
6287	3.73079781533223	2.79570882409353
6288	4.54384424690582	2.1163622060661
6289	3.07197709478683	2.25904394334312
6290	5.11454114811392	2.14127164046837
6291	1.35550223140033	2.25229104017487
6292	9.41913541980507	2.04403101214593
6293	3.04965937796903	2.71637540591163
6294	6.49725403412085	2.98605010566232
6295	5.97422921167153	2.87384415643767
6296	4.29910421735747	2.89504432837617
6297	-2.48117093495082	2.50083268419614
6298	-0.855475425622786	2.44874853089672
6299	1.02982585245596	2.91067453656669
6300	-0.550405438180211	2.67332194506618
6301	-0.378911573341857	2.7307081342434
6302	0.860069221105435	2.38318364980816
6303	0.0782511233260432	2.28759448253794
6304	9.05461057364169	3.12022401491832
6305	-0.667633028420721	2.70623873730973
6306	6.49555919214203	2.22183919957919
6307	6.37854978133696	2.12521428065554
6308	1.83758599419501	2.52716104834337
6309	7.24258033035268	3.04114804477662
6310	3.71548639175473	2.66620803533001
6311	6.89111419736346	3.10119153810012
6312	1.01091020763872	2.81953351438194
6313	3.60354287504806	2.38725173582147
6314	-1.13234192349842	2.47340111970208
6315	4.04042233026464	2.14692741119534
6316	7.74974825111187	1.99117876483591
6317	1.03288850154374	2.80083172768196
6318	5.11043242136999	2.09503117727035
6319	1.09225002588568	2.49047114054972
6320	0.351957938008793	2.71385453357118
6321	7.69667328978609	3.11924960192194
6322	2.68677664636076	2.54730248239754
6323	-0.420341071145105	2.53434315090446
6324	3.47992365154558	2.17600713470828
6325	2.13723221294091	2.84607492958404
6326	1.50185514701769	2.49924335906559
6327	-0.14263730175095	2.56525483526505
6328	3.0038066445694	2.21531228483508
6329	1.28722956868309	2.2396461025074
6330	-0.318752239915457	2.6626939446383
6331	0.322131339588853	2.6386750397784
6332	5.2616944108093	2.06492674331986
6333	8.82900430089372	2.01706849551604
6334	-2.30272827027497	2.71696001796538
6335	7.22671133846696	3.04638146195979
6336	-2.72650320743043	2.66543750417461
6337	-0.46843181378382	2.62257224769013
6338	-1.03217188205283	2.5823793510675
6339	7.16723598287619	3.1114775020812
6340	-0.111691247546562	2.56118868404738
6341	-2.6259055099788	2.76305346513986
6342	2.72434890377882	2.66941241246942
6343	-0.875120443972189	2.25141425251182
6344	1.17835308185305	2.27365529271241
6345	-0.338855688886291	2.81667186173594
6346	-1.42065506517047	2.49771662497646
6347	7.97386728885544	2.17794852824128
6348	2.22575254380213	2.83671314234171
6349	3.04465045166932	2.09710969092414
6350	1.50293764620544	2.97253730803168
6351	1.37353910564799	2.6845151414308
6352	0.0804999982917752	2.61826031785293
6353	0.419282683854408	2.35503843822387
6354	-1.77964448430797	2.49836276057967
6355	-2.97491361983617	2.55288934622315
6356	1.51608146727065	2.18456369462294
6357	2.03166462183689	2.58653184837712
6358	5.25153152901144	2.06286525291586
6359	-0.990726377760774	2.29623375000168
6360	6.71007762971618	2.22125299433797
6361	2.51754568958693	2.30434141720207
6362	5.14228240478092	3.00774672898729
6363	2.22102915390564	2.49041463646661
6364	4.59494068903147	2.87507762944615
6365	3.97686449291997	2.99106349230384
6366	4.68391143616397	2.45225242916014
6367	6.33941544000246	2.04964865881166
6368	-1.87467214629883	2.36277224628531
6369	1.51311956696982	2.81023639627499
6370	1.36435275540902	2.36522468992215
6371	5.22823915846488	2.70268987289292
6372	4.38826261422772	2.94495633625696
6373	5.47986906477806	2.96284057895102
6374	0.270595138764477	2.42716726540102
6375	-0.153860075129734	2.41464435618002
6376	5.56012300122196	3.00815164629234
6377	2.32505263054526	2.71871220565927
6378	6.24277095251061	2.83023624944445
6379	2.45398224816271	2.67374856857783
6380	8.26490907575558	3.01695273029537
6381	-0.930945882161437	2.31464483674302
6382	5.39932265096741	2.19654300757928
6383	5.81624554422744	2.99778505714972
6384	-2.93409858024638	2.55623002689763
6385	6.16025155235434	2.986958695623
6386	3.16011254647495	2.19416127790536
6387	5.32739330739337	2.84985772233253
6388	0.282227101930624	2.81112725508147
6389	6.22767820949219	3.06379604978445
6390	-1.77049189360083	2.60729616721158
6391	1.25986883578969	2.79642645374994
6392	1.24833832538136	2.42433869937052
6393	4.27138506427479	2.09236750842463
6394	8.23388103279801	3.04486803609814
6395	-0.724592211437589	2.30254576691373
6396	-1.80064293010617	2.65677117855361
6397	8.34779430816257	2.10330230008518
6398	2.14232647054823	2.94483241192545
6399	2.01688935116643	2.34257518591731
6400	2.11802353590613	2.87838135257209
6401	0.72659511272592	2.29326516568557
6402	0.955969342031826	2.41571985718718
6403	-1.48018317295949	2.64627099943166
6404	9.18937119752268	3.03144786728297
6405	3.86278767333421	2.21995591790447
6406	4.07277951095575	3.02017112052753
6407	8.09335750718966	3.07333319240084
6408	2.40746289272958	2.74728102663862
6409	1.75169841125618	2.71089013368077
6410	6.30234904471344	2.05927644543196
6411	6.13579655870498	2.22488630494024
6412	4.54584570886809	2.19109797898006
6413	0.0167104651076917	2.77740224592865
6414	-3.94584964160729	2.42947947575876
6415	4.87117994637236	2.87252488676763
6416	-0.0896766524990942	2.55995149166371
6417	1.67250081881448	2.8125433986054
6418	10.5986502421001	3.12758093826644
6419	2.16053848443678	2.42480648831837
6420	3.95893327242985	2.88125835841432
6421	8.64082570944673	3.06188194109387
6422	4.54730201138831	2.2319706016731
6423	0.977307494202632	2.73680147535761
6424	1.06882011005263	2.13251918361832
6425	3.19035531022509	2.29523151798855
6426	0.354662517959042	2.43178852441329
6427	8.21281182966493	2.00369049197999
6428	-2.44353143268069	2.42750880994727
6429	3.96386746052535	2.98720859451327
6430	1.75346706331009	2.37922426738168
6431	2.72891950447322	2.54201188571292
6432	0.15130527464686	2.67695203912136
6433	0.776844952845669	2.55517582667529
6434	3.43692809074676	2.20219410659174
6435	1.10411931682987	2.93860409952581
6436	0.19172838097893	2.75608932094427
6437	2.32819553563234	2.90054811900622
6438	5.41486842392824	2.11229123866748
6439	4.00172788958346	2.81954096867942
6440	1.80975166297802	2.46068684531873
6441	3.37918766093409	2.93122223435147
6442	0.271837861555728	2.73150248070054
6443	4.27576087797144	2.88756116426676
6444	1.21458901003792	2.62350979724824
6445	-1.34571426500243	2.59672898008148
6446	1.5991827235065	2.89493894618248
6447	8.90883706034136	2.01510824152586
6448	1.55573076680744	2.53644128014803
6449	1.71821580999688	2.8294218483003
6450	3.09945175602001	2.78395907892415
6451	0.814243488014961	2.53688871239078
6452	3.47294951502317	2.97746717813735
6453	0.820190235673438	2.49149447485063
6454	0.0858972810183634	2.26947676094969
6455	9.50144070357534	2.06949039102196
6456	9.73618464349955	2.10255430534529
6457	0.480776128002462	2.35156989868675
6458	-2.07576876510189	2.58399675607101
6459	2.08428246714859	2.7486676725456
6460	0.0423928969344883	2.45558233721383
6461	10.9400305590002	3.03680953002518
6462	1.45510443302963	2.32553380863205
6463	1.43980085650073	2.51557832871275
6464	1.06729994622673	2.37008819884321
6465	-0.667118095738368	2.73587883300041
6466	2.48559622194781	2.28466024033664
6467	-3.59334622840611	2.53795185558829
6468	5.4842791619212	2.86846958625934
6469	6.52912929207117	2.08507398910582
6470	9.41640296883018	2.99367558030864
6471	1.8833297538254	2.37775862891255
6472	2.72801818624204	2.95246388803418
6473	2.06766699685338	2.38649985337546
6474	-0.873487412559177	2.37167351537888
6475	-2.48713331053373	2.53543189695864
6476	6.12039571806073	3.01305994419174
6477	3.89217324849871	2.98106218423182
6478	0.437893522890534	2.43623973761339
6479	2.91732636838642	2.88111533605685
6480	6.45903992462169	3.09164447677382
6481	-0.983639680156443	2.4875461367848
6482	1.35549236184546	2.80668131084455
6483	2.71621453822414	2.44773094516639
6484	-1.94906625013054	2.36199939347975
6485	3.56726923576964	2.85787575695379
6486	3.84800896785591	2.22111634235192
6487	3.73079781533223	2.80508083365017
6488	4.54384424690582	2.1280820702159
6489	3.07197709478683	2.27027069254491
6490	5.11454114811392	2.15290541641456
6491	1.35550223140033	2.26354112773487
6492	9.41913541980507	2.05600085638155
6493	3.04965937796903	2.72602159557799
6494	6.49725403412085	2.99476428659312
6495	5.97422921167153	2.88294612652687
6496	4.29910421735747	2.90407302965128
6497	-2.48117093495082	2.51122379987784
6498	-0.855475425622786	2.45931965191783
6499	1.02982585245596	2.91964921909038
6500	-0.550405438180211	2.68311692956439
6501	-0.378911573341857	2.74030478931114
6502	0.860069221105435	2.39398136621244
6503	0.0782511233260432	2.2987225597028
6504	9.05461057364169	3.12847448436404
6505	-0.667633028420721	2.71591995979041
6506	6.49555919214203	2.23319453016524
6507	6.37854978133696	2.13690355160972
6508	1.83758599419501	2.537461171932
6509	7.24258033035268	3.04967180457926
6510	3.71548639175473	2.67602760584249
6511	6.89111419736346	3.10950778470132
6512	1.01091020763872	2.82882318466281
6513	3.60354287504806	2.39803539272478
6514	-1.13234192349842	2.48388704019032
6515	4.04042233026464	2.15854164052582
6516	7.74974825111187	2.00333126898079
6517	1.03288850154374	2.81018603223734
6518	5.11043242136999	2.10682476248184
6519	1.09225002588568	2.50089806622472
6520	0.351957938008793	2.72350943549362
6521	7.69667328978609	3.12750343898586
6522	2.68677664636076	2.55753299622114
6523	-0.420341071145105	2.54461845280113
6524	3.47992365154558	2.18752086311537
6525	2.13723221294091	2.85527287145714
6526	1.50185514701769	2.5096399675314
6527	-0.14263730175095	2.57542330489351
6528	3.0038066445694	2.22669017275248
6529	1.28722956868309	2.2509398915803
6530	-0.318752239915457	2.67252566001727
6531	0.322131339588853	2.64858976564804
6532	5.2616944108093	2.07682437090332
6533	8.82900430089372	2.02913152350622
6534	-2.30272827027497	2.72660418718435
6535	7.22671133846696	3.05488713482088
6536	-2.72650320743043	2.67525973767983
6537	-0.46843181378382	2.63254262558388
6538	-1.03217188205283	2.59248863754554
6539	7.16723598287619	3.11975819989605
6540	-0.111691247546562	2.57137120649005
6541	-2.6259055099788	2.77253833318799
6542	2.72434890377882	2.67922090850036
6543	-0.875120443972189	2.26266737029217
6544	1.17835308185305	2.28483154438788
6545	-0.338855688886291	2.82597142202601
6546	-1.42065506517047	2.50811850990873
6547	7.97386728885544	2.18945554709891
6548	2.22575254380213	2.84594343900189
6549	3.04465045166932	2.10889609269245
6550	1.50293764620544	2.98129818984115
6551	1.37353910564799	2.6942714417039
6552	0.0804999982917752	2.62824559798363
6553	0.419282683854408	2.36593342583336
6554	-1.77964448430797	2.50876241243621
6555	-2.97491361983617	2.5631005515766
6556	1.51608146727065	2.19604785114733
6557	2.03166462183689	2.59662678362469
6558	5.25153152901144	2.07477000510932
6559	-0.990726377760774	2.30733196944258
6560	6.71007762971618	2.23261035087753
6561	2.51754568958693	2.31541161615509
6562	5.14228240478092	3.01638592534413
6563	2.22102915390564	2.50084175742244
6564	4.59494068903147	2.8841753365933
6565	3.97686449291997	2.99976034672923
6566	4.68391143616397	2.46281144054029
6567	6.33941544000246	2.06159908819015
6568	-1.87467214629883	2.37364050548209
6569	1.51311956696982	2.81955819784329
6570	1.36435275540902	2.37608447335574
6571	5.22823915846488	2.71238336041975
6572	4.38826261422772	2.95381253923172
6573	5.47986906477806	2.97163497312267
6574	0.270595138764477	2.43781297231389
6575	-0.153860075129734	2.42533334286959
6576	5.56012300122196	3.01678944323549
6577	2.32505263054526	2.72835031923328
6578	6.24277095251061	2.83948893055806
6579	2.45398224816271	2.68354207864466
6580	8.26490907575558	3.02556011026881
6581	-0.930945882161437	2.32567942658244
6582	5.39932265096741	2.20798576302181
6583	5.81624554422744	3.00645868152365
6584	-2.93409858024638	2.56642968669796
6585	6.16025155235434	2.99566973642319
6586	3.16011254647495	2.20561226472021
6587	5.32739330739337	2.85904259069191
6588	0.282227101930624	2.82044597779888
6589	6.22767820949219	3.07224153699225
6590	-1.77049189360083	2.61731933997435
6591	1.25986883578969	2.80579598314396
6592	1.24833832538136	2.43499418194367
6593	4.27138506427479	2.10417029940379
6594	8.23388103279801	3.05337893943181
6595	-0.724592211437589	2.31362217172053
6596	-1.80064293010617	2.66662336329709
6597	8.34779430816257	2.11506729989832
6598	2.14232647054823	2.95368904318866
6599	2.01688935116643	2.35351324712634
6600	2.11802353590613	2.88746764189319
6601	0.72659511272592	2.30330695303593
6602	0.955969342031826	2.42537832134481
6603	-1.48018317295949	2.65520776318855
6604	9.18937119752268	3.03917890159874
6605	3.86278767333421	2.23022718715193
6606	4.07277951095575	3.02793745474499
6607	8.09335750718966	3.08093311196426
6608	2.40746289272958	2.75590159600842
6609	1.75169841125618	2.71962461843514
6610	6.30234904471344	2.07005069392535
6611	6.13579655870498	2.23514214046542
6612	4.54584570886809	2.20145958300479
6613	0.0167104651076917	2.78592852604088
6614	-3.94584964160729	2.43909486781473
6615	4.87117994637236	2.88075340193563
6616	-0.0896766524990942	2.56915846368216
6617	1.67250081881448	2.82095967542847
6618	10.5986502421001	3.1350110446615
6619	2.16053848443678	2.43443650835179
6620	3.95893327242985	2.88945953496267
6621	8.64082570944673	3.06951770681521
6622	4.54730201138831	2.24220426103493
6623	0.977307494202632	2.74545484914679
6624	1.06882011005263	2.14306415841136
6625	3.19035531022509	2.30526715001374
6626	0.354662517959042	2.44139668839256
6627	8.21281182966493	2.0146387426687
6628	-2.44353143268069	2.43713037083108
6629	3.96386746052535	2.99507811220664
6630	1.75346706331009	2.38899697465922
6631	2.72891950447322	2.55127501455922
6632	0.15130527464686	2.68579276119993
6633	0.776844952845669	2.56439774808546
6634	3.43692809074676	2.21252097611173
6635	1.10411931682987	2.94662576516853
6636	0.19172838097893	2.76468231747505
6637	2.32819553563234	2.90868891230158
6638	5.41486842392824	2.12289953353708
6639	4.00172788958346	2.82793534082191
6640	1.80975166297802	2.47020454811193
6641	3.37918766093409	2.93926700764398
6642	0.271837861555728	2.74017244207428
6643	4.27576087797144	2.89574261097355
6644	1.21458901003792	2.63251781100449
6645	-1.34571426500243	2.60582082654527
6646	1.5991827235065	2.90309729802141
6647	8.90883706034136	2.02602075092809
6648	1.55573076680744	2.54572184680977
6649	1.71821580999688	2.8377852900613
6650	3.09945175602001	2.79246483400687
6651	0.814243488014961	2.54616787844342
6652	3.47294951502317	2.98536718964668
6653	0.820190235673438	2.50091573969794
6654	0.0858972810183634	2.27959301377899
6655	9.50144070357534	2.08023266652856
6656	9.73618464349955	2.11319307999744
6657	0.480776128002462	2.36142917317352
6658	-2.07576876510189	2.59312845855582
6659	2.08428246714859	2.75728390126067
6660	0.0423928969344883	2.46511601878513
6661	10.9400305590002	3.04452378058481
6662	1.45510443302963	2.33547458458719
6663	1.43980085650073	2.52492420322882
6664	1.06729994622673	2.37988950500021
6665	-0.667118095738368	2.74453509496161
6666	2.48559622194781	2.29472896391473
6667	-3.59334622840611	2.54722769365537
6668	5.4842791619212	2.87671079584288
6669	6.52912929207117	2.09576748285895
6670	9.41640296883018	3.00152485422358
6671	1.8833297538254	2.38753592411736
6672	2.72801818624204	2.9604421680106
6673	2.06766699685338	2.39624978569176
6674	-0.873487412559177	2.38146985897717
6675	-2.48713331053373	2.54471562331955
6676	6.12039571806073	3.02084853871449
6677	3.89217324849871	2.98895094219752
6678	0.437893522890534	2.44583396784105
6679	2.91732636838642	2.88931696031191
6680	6.45903992462169	3.09918707603449
6681	-0.983639680156443	2.49697976122026
6682	1.35549236184546	2.81511593791756
6683	2.71621453822414	2.45728920416001
6684	-1.94906625013054	2.37182602024031
6685	3.56726923576964	2.86615012868426
6686	3.84800896785591	2.23138397909172
6687	3.73079781533223	2.81352047073971
6688	4.54384424690582	2.13864093462359
6689	3.07197709478683	2.28038446010893
6690	5.11454114811392	2.16338657563838
6691	1.35550223140033	2.27367596103543
6692	9.41913541980507	2.06678535853886
6693	3.04965937796903	2.73470871391287
6694	6.49725403412085	3.00261015250169
6695	5.97422921167153	2.89114201980961
6696	4.29910421735747	2.91220278882467
6697	-2.48117093495082	2.52058330549186
6698	-0.855475425622786	2.46884163447306
6699	1.02982585245596	2.92773021970178
6700	-0.550405438180211	2.69193835352168
6701	-0.378911573341857	2.74894719658304
6702	0.860069221105435	2.40370787894921
6703	0.0782511233260432	2.30874726362685
6704	9.05461057364169	3.13590179366788
6705	-0.667633028420721	2.72463869954572
6706	6.49555919214203	2.24342435823101
6707	6.37854978133696	2.14743480189849
6708	1.83758599419501	2.54673854599924
6709	7.24258033035268	3.05734579201718
6710	3.71548639175473	2.68487122169926
6711	6.89111419736346	3.11699446597189
6712	1.01091020763872	2.83718850043659
6713	3.60354287504806	2.40774921503404
6714	-1.13234192349842	2.49333211879362
6715	4.04042233026464	2.1690051565267
6716	7.74974825111187	2.01428064415484
6717	1.03288850154374	2.81860968838734
6718	5.11043242136999	2.11745016920791
6719	1.09225002588568	2.5102898947587
6720	0.351957938008793	2.73220441771034
6721	7.69667328978609	3.13493378797899
6722	2.68677664636076	2.5667475389205
6723	-0.420341071145105	2.55387342224082
6724	3.47992365154558	2.19789366468147
6725	2.13723221294091	2.86355539106963
6726	1.50185514701769	2.51900443105813
6727	-0.14263730175095	2.58458184508161
6728	3.0038066445694	2.23694036158205
6729	1.28722956868309	2.26111417086709
6730	-0.318752239915457	2.68138023810862
6731	0.322131339588853	2.65751927090908
6732	5.2616944108093	2.08754368865673
6733	8.82900430089372	2.04000013545416
6734	-2.30272827027497	2.73528948181717
6735	7.22671133846696	3.0625447965712
6736	-2.72650320743043	2.68410575721482
6737	-0.46843181378382	2.64152236363623
6738	-1.03217188205283	2.60159375766687
6739	7.16723598287619	3.12721279401805
6740	-0.111691247546562	2.58054243107006
6741	-2.6259055099788	2.78107983893624
6742	2.72434890377882	2.68805452827649
6743	-0.875120443972189	2.27280493873899
6744	1.17835308185305	2.29489973172832
6745	-0.338855688886291	2.83434566474857
6746	-1.42065506517047	2.51748773609492
6747	7.97386728885544	2.19982229247205
6748	2.22575254380213	2.85425516278607
6749	3.04465045166932	2.11951501547821
6750	1.50293764620544	2.98918620903219
6751	1.37353910564799	2.7030579483938
6752	0.0804999982917752	2.6372387871363
6753	0.419282683854408	2.37574773778732
6754	-1.77964448430797	2.51812962299711
6755	-2.97491361983617	2.57229766600867
6756	1.51608146727065	2.20639396045496
6757	2.03166462183689	2.60571894999678
6758	5.25153152901144	2.08549575369888
6759	-0.990726377760774	2.31732972310128
6760	6.71007762971618	2.24284200761533
6761	2.51754568958693	2.3253840778798
6762	5.14228240478092	3.0241641084592
6763	2.22102915390564	2.51023376222137
6764	4.59494068903147	2.89236738204692
6765	3.97686449291997	3.00759057333727
6766	4.68391143616397	2.4723224926563
6767	6.33941544000246	2.07236606605286
6768	-1.87467214629883	2.3834306917587
6769	1.51311956696982	2.82795251605287
6770	1.36435275540902	2.38586700921442
6771	5.22823915846488	2.72111317088656
6772	4.38826261422772	2.96178659748926
6773	5.47986906477806	2.9795532413392
6774	0.270595138764477	2.44740227780293
6775	-0.153860075129734	2.43496171367613
6776	5.56012300122196	3.02456636320773
6777	2.32505263054526	2.73703014790229
6778	6.24277095251061	2.84782085906249
6779	2.45398224816271	2.69236217174643
6780	8.26490907575558	3.03330957518769
6781	-0.930945882161437	2.33561974670582
6782	5.39932265096741	2.21829450276493
6783	5.81624554422744	3.01426794015531
6784	-2.93409858024638	2.5756163798494
6785	6.16025155235434	3.00351276797796
6786	3.16011254647495	2.21592843428848
6787	5.32739330739337	2.86731330985156
6788	0.282227101930624	2.82883751696714
6789	6.22767820949219	3.07984487379376
6790	-1.77049189360083	2.62634673188441
6791	1.25986883578969	2.81423338158193
6792	1.24833832538136	2.44459231116752
6793	4.27138506427479	2.11480401546656
6794	8.23388103279801	3.06104132232646
6795	-0.724592211437589	2.32360023499097
6796	-1.80064293010617	2.67549641750557
6797	8.34779430816257	2.12566690478928
6798	2.14232647054823	2.96166348802917
6799	2.01688935116643	2.36336643829757
6800	2.11802353590613	2.89564938135556
6801	0.72659511272592	2.31235282775948
6802	0.955969342031826	2.43407833366424
6803	-1.48018317295949	2.66325660427595
6804	9.18937119752268	3.04613984482045
6805	3.86278767333421	2.23948011733715
6806	4.07277951095575	3.03493024813671
6807	8.09335750718966	3.08777575380391
6808	2.40746289272958	2.76366514324205
6809	1.75169841125618	2.727490948515
6810	6.30234904471344	2.0797574490148
6811	6.13579655870498	2.2443811452102
6812	4.54584570886809	2.21079401987638
6813	0.0167104651076917	2.79360699856492
6814	-3.94584964160729	2.44775601731313
6815	4.87117994637236	2.88816320900598
6816	-0.0896766524990942	2.57745110655547
6817	1.67250081881448	2.82853889488674
6818	10.5986502421001	3.14170046855929
6819	2.16053848443678	2.44311085628833
6820	3.95893327242985	2.89684467511775
6821	8.64082570944673	3.0763926916975
6822	4.54730201138831	2.25142325681256
6823	0.977307494202632	2.7532479949426
6824	1.06882011005263	2.15256404588959
6825	3.19035531022509	2.3143074709498
6826	0.354662517959042	2.45005131618804
6827	8.21281182966493	2.02450249534853
6828	-2.44353143268069	2.4457970863001
6829	3.96386746052535	3.00216400532654
6830	1.75346706331009	2.39780006553182
6831	2.72891950447322	2.55961832625679
6832	0.15130527464686	2.69375494641472
6833	0.776844952845669	2.57270387940052
6834	3.43692809074676	2.22182407295604
6835	1.10411931682987	2.95384893736922
6836	0.19172838097893	2.77242098646345
6837	2.32819553563234	2.91601957024049
6838	5.41486842392824	2.1324565530499
6839	4.00172788958346	2.83549479626477
6840	1.80975166297802	2.47877755516572
6841	3.37918766093409	2.94651102926746
6842	0.271837861555728	2.74798055441003
6843	4.27576087797144	2.90310994941308
6844	1.21458901003792	2.64063093908663
6845	-1.34571426500243	2.6140095946678
6846	1.5991827235065	2.91044379857095
6847	8.90883706034136	2.03585225518804
6848	1.55573076680744	2.55408089218817
6849	1.71821580999688	2.84531683783694
6850	3.09945175602001	2.80012478733824
6851	0.814243488014961	2.55452566008917
6852	3.47294951502317	2.99248059653226
6853	0.820190235673438	2.50940173333735
6854	0.0858972810183634	2.28870607673969
6855	9.50144070357534	2.08991057323553
6856	9.73618464349955	2.12277760061395
6857	0.480776128002462	2.37031037135524
6858	-2.07576876510189	2.60135318771464
6859	2.08428246714859	2.76504353203605
6860	0.0423928969344883	2.47370344306887
6861	10.9400305590002	3.05146958026613
6862	1.45510443302963	2.34442931939368
6863	1.43980085650073	2.53334217416125
6864	1.06729994622673	2.38871839988726
6865	-0.667118095738368	2.75233084667885
6866	2.48559622194781	2.30379914248595
6867	-3.59334622840611	2.55558247254755
6868	5.4842791619212	2.88413205674947
6869	6.52912929207117	2.1054013750767
6870	9.41640296883018	3.00859248191627
6871	1.8833297538254	2.39634315455569
6872	2.72801818624204	2.96762619446918
6873	2.06766699685338	2.40503232731768
6874	-0.873487412559177	2.39029427627842
6875	-2.48713331053373	2.55307751961115
6876	6.12039571806073	3.02786141699241
6877	3.89217324849871	2.99605419530756
6878	0.437893522890534	2.45447602358004
6879	2.91732636838642	2.89670250442094
6880	6.45903992462169	3.10597799927719
6881	-0.983639680156443	2.50547690658998
6882	1.35549236184546	2.82271171432225
6883	2.71621453822414	2.46589880400351
6884	-1.94906625013054	2.38067776123995
6885	3.56726923576964	2.87360131092116
6886	3.84800896785591	2.24063363176112
6887	3.73079781533223	2.82112076755014
6888	4.54384424690582	2.14815335433468
6889	3.07197709478683	2.28949528068033
6890	5.11454114811392	2.17282888401204
6891	1.35550223140033	2.28280578866515
6892	9.41913541980507	2.07650136523877
6893	3.04965937796903	2.74253230652204
6894	6.49725403412085	3.00967470524014
6895	5.97422921167153	2.8985223930135
6896	4.29910421735747	2.91952349096642
6897	-2.48117093495082	2.52901357540438
6898	-0.855475425622786	2.47741850304323
6899	1.02982585245596	2.93500692827937
6900	-0.550405438180211	2.69988312655076
6901	-0.378911573341857	2.75673044757963
6902	0.860069221105435	2.41246928970636
6903	0.0782511233260432	2.31777772442553
6904	9.05461057364169	3.14258869382405
6905	-0.667633028420721	2.7324908233283
6906	6.49555919214203	2.25263989713128
6907	6.37854978133696	2.15692230611859
6908	1.83758599419501	2.55509471078385
6909	7.24258033035268	3.06425526334599
6910	3.71548639175473	2.69283601789377
6911	6.89111419736346	3.12373493588732
6912	1.01091020763872	2.84472173908453
6913	3.60354287504806	2.41649917555324
6914	-1.13234192349842	2.5018395989568
6915	4.04042233026464	2.17843154588578
6916	7.74974825111187	2.02414541142814
6917	1.03288850154374	2.82619556601762
6918	5.11043242136999	2.12702262829739
6919	1.09225002588568	2.51874932878916
6920	0.351957938008793	2.74003510569263
6921	7.69667328978609	3.14162343076662
6922	2.68677664636076	2.57504701261946
6923	-0.420341071145105	2.56220937192107
6924	3.47992365154558	2.20723820479923
6925	2.13723221294091	2.87101392492552
6926	1.50185514701769	2.52743917436449
6927	-0.14263730175095	2.5928307891921
6928	3.0038066445694	2.24617427146235
6929	1.28722956868309	2.27027958956954
6930	-0.318752239915457	2.6893549252382
6931	0.322131339588853	2.66556156284718
6932	5.2616944108093	2.09720088118867
6933	8.82900430089372	2.04979203219921
6934	-2.30272827027497	2.74311142894807
6935	7.22671133846696	3.06943953766277
6936	-2.72650320743043	2.69207272218478
6937	-0.46843181378382	2.64960997929671
6938	-1.03217188205283	2.60979450226041
6939	7.16723598287619	3.13392431254584
6940	-0.111691247546562	2.58880281997273
6941	-2.6259055099788	2.78877204914997
6942	2.72434890377882	2.69601030527116
6943	-0.875120443972189	2.28193723421904
6944	1.17835308185305	2.30396942646646
6945	-0.338855688886291	2.84188695794689
6946	-1.42065506517047	2.52592677662325
6947	7.97386728885544	2.20916136824667
6948	2.22575254380213	2.86174004679563
6949	3.04465045166932	2.12908162427941
6950	1.50293764620544	2.99628879556534
6951	1.37353910564799	2.71097121649368
6952	0.0804999982917752	2.64533853936973
6953	0.419282683854408	2.38458836746186
6954	-1.77964448430797	2.52656684487992
6955	-2.97491361983617	2.58058141464184
6956	1.51608146727065	2.21571441685209
6957	2.03166462183689	2.61390800676412
6958	5.25153152901144	2.0951587486046
6959	-0.990726377760774	2.32633586738652
6960	6.71007762971618	2.25205919647813
6961	2.51754568958693	2.33436740192025
6962	5.14228240478092	3.03116759279865
6963	2.22102915390564	2.51869335529104
6964	4.59494068903147	2.89974428345611
6965	3.97686449291997	3.01464101514743
6966	4.68391143616397	2.48088949897952
6967	6.33941544000246	2.08206626104405
6968	-1.87467214629883	2.39224955347104
6969	1.51311956696982	2.8355119228335
6970	1.36435275540902	2.39467896815648
6971	5.22823915846488	2.72897528348008
6972	4.38826261422772	2.96896681480227
6973	5.47986906477806	2.98668312077003
6974	0.270595138764477	2.45603989008019
6975	-0.153860075129734	2.44363457355877
6976	5.56012300122196	3.03156870784672
6977	2.32505263054526	2.74484716323825
6978	6.24277095251061	2.85532397325809
6979	2.45398224816271	2.70030574397967
6980	8.26490907575558	3.04028714785634
6981	-0.930945882161437	2.34457407022733
6982	5.39932265096741	2.22758124158986
6983	5.81624554422744	3.02129946311355
6984	-2.93409858024638	2.58389072563599
6985	6.16025155235434	3.01057476335375
6986	3.16011254647495	2.22522187684864
6987	5.32739330739337	2.87476119647016
6988	0.282227101930624	2.8363944162921
6989	6.22767820949219	3.08669059891719
6990	-1.77049189360083	2.63447734436351
6991	1.25986883578969	2.82183165851611
6992	1.24833832538136	2.45323788486792
6993	4.27138506427479	2.12438397185133
6994	8.23388103279801	3.067940323182
6995	-0.724592211437589	2.33258861315835
6996	-1.80064293010617	2.6834877751482
6997	8.34779430816257	2.13521608356363
6998	2.14232647054823	2.96884405414579
6999	2.01688935116643	2.37224214766416
7000	2.11802353590613	2.90301698394074
7001	0.72659511272592	2.32050135617255
7002	0.955969342031826	2.44191489827585
7003	-1.48018317295949	2.67050582013121
7004	9.18937119752268	3.05240778965658
7005	3.86278767333421	2.24781540732986
7006	4.07277951095575	3.04122692144982
7007	8.09335750718966	3.09393699219141
7008	2.40746289272958	2.77065702741254
7009	1.75169841125618	2.7345755415982
7010	6.30234904471344	2.08850208370826
7011	6.13579655870498	2.25270387462019
7012	4.54584570886809	2.21920282793703
7013	0.0167104651076917	2.80052214635267
7014	-3.94584964160729	2.45555752811943
7015	4.87117994637236	2.89483602372935
7016	-0.0896766524990942	2.58492022874059
7017	1.67250081881448	2.83536451758205
7018	10.5986502421001	3.14772350617381
7019	2.16053848443678	2.45092427192986
7020	3.95893327242985	2.90349524057503
7021	8.64082570944673	3.08258310312725
7022	4.54730201138831	2.25972793837063
7023	0.977307494202632	2.7602665766664
7024	1.06882011005263	2.16112208844229
7025	3.19035531022509	2.32245098991217
7026	0.354662517959042	2.45784694449538
7027	8.21281182966493	2.03338874001327
7028	-2.44353143268069	2.45360361754613
7029	3.96386746052535	3.00854465349431
7030	1.75346706331009	2.40572960578033
7031	2.72891950447322	2.56713315112263
7032	0.15130527464686	2.7009259996969
7033	0.776844952845669	2.58018516800072
7034	3.43692809074676	2.23020461268243
7035	1.10411931682987	2.96035340964563
7036	0.19172838097893	2.77939043075073
7037	2.32819553563234	2.92262099338261
7038	5.41486842392824	2.14106612802268
7039	4.00172788958346	2.84230259205175
7040	1.80975166297802	2.48649956252857
7041	3.37918766093409	2.95303430747685
7042	0.271837861555728	2.755012635776
7043	4.27576087797144	2.90974445793331
7044	1.21458901003792	2.64793814105146
7045	-1.34571426500243	2.6213850230552
7046	1.5991827235065	2.91705951156065
7047	8.90883706034136	2.04470941215913
7048	1.55573076680744	2.56160990864821
7049	1.71821580999688	2.85209946123786
7050	3.09945175602001	2.80702323103307
7051	0.814243488014961	2.5620535366773
7052	3.47294951502317	2.99888606179153
7053	0.820190235673438	2.51704525562866
7054	0.0858972810183634	2.2969152081487
7055	9.50144070357534	2.09862918702889
7056	9.73618464349955	2.13141198125726
7057	0.480776128002462	2.37831036347357
7058	-2.07576876510189	2.60876105253184
7059	2.08428246714859	2.77203188360747
7060	0.0423928969344883	2.48143845460276
7061	10.9400305590002	3.05772386580779
7062	1.45510443302963	2.35249564067856
7063	1.43980085650073	2.5409243407747
7064	1.06729994622673	2.39667121505187
7065	-0.667118095738368	2.75935177891298
7066	2.48559622194781	2.31196959268242
7067	-3.59334622840611	2.56310764068744
7068	5.4842791619212	2.89081520269778
7069	6.52912929207117	2.11408028832092
7070	9.41640296883018	3.01495665488454
7071	1.8833297538254	2.40427642864357
7072	2.72801818624204	2.97409535774879
7073	2.06766699685338	2.41294333238851
7074	-0.873487412559177	2.39824305271354
7075	-2.48713331053373	2.56060910756121
7076	6.12039571806073	3.03417620663553
7077	3.89217324849871	3.00245050198129
7078	0.437893522890534	2.46226031204099
7079	2.91732636838642	2.90335343423991
7080	6.45903992462169	3.11209258810138
7081	-0.983639680156443	2.51313048761026
7082	1.35549236184546	2.82955227118759
7083	2.71621453822414	2.47365381763025
7084	-1.94906625013054	2.38865118332815
7085	3.56726923576964	2.88031144555583
7086	3.84800896785591	2.24896596547329
7087	3.73079781533223	2.82796540176803
7088	4.54384424690582	2.15672270081332
7089	3.07197709478683	2.29770238948069
7090	5.11454114811392	2.18133499089284
7091	1.35550223140033	2.29103004160752
7092	9.41913541980507	2.08525434477553
7093	3.04965937796903	2.7495783509117
7094	6.49725403412085	3.01603610463602
7095	5.97422921167153	2.90516865873714
7096	4.29910421735747	2.92611593409714
7097	-2.48117093495082	2.53660683555252
7098	-0.855475425622786	2.48514399344822
7099	1.02982585245596	2.9415596897351
7100	-0.550405438180211	2.70703847424718
7101	-0.378911573341857	2.76374010431146
7102	0.860069221105435	2.42036123498326
7103	0.0782511233260432	2.32591234966051
7104	9.05461057364169	3.14860945505345
7105	-0.667633028420721	2.73956260249923
7106	6.49555919214203	2.26094146062682
7107	6.37854978133696	2.16546917911879
7108	1.83758599419501	2.56262112898232
7109	7.24258033035268	3.07047678114297
7110	3.71548639175473	2.70000942624879
7111	6.89111419736346	3.12980401640654
7112	1.01091020763872	2.85150588763228
7113	3.60354287504806	2.42438079285081
7114	-1.13234192349842	2.50950250183866
7115	4.04042233026464	2.18692329400353
7116	7.74974825111187	2.0330325712442
7117	1.03288850154374	2.8330271943054
7118	5.11043242136999	2.13564612958585
7119	1.09225002588568	2.52636889462705
7120	0.351957938008793	2.747087550025
7121	7.69667328978609	3.14764666581718
7122	2.68677664636076	2.5825222961286
7123	-0.420341071145105	2.56971755633429
7124	3.47992365154558	2.21565612586854
7125	2.13723221294091	2.87773069063365
7126	1.50185514701769	2.53503646946102
7127	-0.14263730175095	2.60026049560955
7128	3.0038066445694	2.25449240536478
7129	1.28722956868309	2.27853594523893
7130	-0.318752239915457	2.69653725509977
7131	0.322131339588853	2.67280487144715
7132	5.2616944108093	2.10590081104093
7133	8.82900430089372	2.05861346365989
7134	-2.30272827027497	2.75015598913578
7135	7.22671133846696	3.07564776895984
7136	-2.72650320743043	2.69924808674964
7137	-0.46843181378382	2.65689416935868
7138	-1.03217188205283	2.61718073328315
7139	7.16723598287619	3.13996727925552
7140	-0.111691247546562	2.59624284945748
7141	-2.6259055099788	2.79569958817149
7142	2.72434890377882	2.70317557841451
7143	-0.875120443972189	2.29016371313323
7144	1.17835308185305	2.3121394402512
7145	-0.338855688886291	2.8486783716039
7146	-1.42065506517047	2.53352794776322
7147	7.97386728885544	2.21757436054303
7148	2.22575254380213	2.86848058003098
7149	3.04465045166932	2.13769984867698
7150	1.50293764620544	3.00268450099459
7151	1.37353910564799	2.71809814711626
7152	0.0804999982917752	2.65263367647708
7153	0.419282683854408	2.39255176726612
7154	-1.77964448430797	2.53416637562312
7155	-2.97491361983617	2.58804251432746
7156	1.51608146727065	2.22411061468997
7157	2.03166462183689	2.62128369550575
7158	5.25153152901144	2.10386391212945
7159	-0.990726377760774	2.33444855941374
7160	6.71007762971618	2.26036224822038
7161	2.51754568958693	2.34245951035633
7162	5.14228240478092	3.03747390922028
7163	2.22102915390564	2.52631306458043
7164	4.59494068903147	2.90638741766197
7165	3.97686449291997	3.02098968665274
7166	4.68391143616397	2.4886060937543
7167	6.33941544000246	2.09080497860641
7168	-1.87467214629883	2.40019331883062
7169	1.51311956696982	2.8423196747277
7170	1.36435275540902	2.40261650729885
7171	5.22823915846488	2.73605607244043
7172	4.38826261422772	2.97543254227759
7173	5.47986906477806	2.99310344407047
7174	0.270595138764477	2.46382017059116
7175	-0.153860075129734	2.45144664699326
7176	5.56012300122196	3.037873996272
7177	2.32505263054526	2.75188727500519
7178	6.24277095251061	2.86208094990582
7179	2.45398224816271	2.70746000857245
7180	8.26490907575558	3.04657009225711
7181	-0.930945882161437	2.35264002053803
7182	5.39932265096741	2.23594702657607
7183	5.81624554422744	3.02763107003799
7184	-2.93409858024638	2.59134334406512
7185	6.16025155235434	3.01693385603873
7186	3.16011254647495	2.2335937085248
7187	5.32739330739337	2.88146835849607
7188	0.282227101930624	2.84319990649093
7189	6.22767820949219	3.09285461839022
7190	-1.77049189360083	2.64180031704777
7191	1.25986883578969	2.82867447082949
7192	1.24833832538136	2.46102534648848
7193	4.27138506427479	2.13301423561154
7194	8.23388103279801	3.07415239673584
7195	-0.724592211437589	2.34068528035719
7196	-1.80064293010617	2.69068514161556
7197	8.34779430816257	2.14381858628295
7198	2.14232647054823	2.97531009623784
7199	2.01688935116643	2.3802371889361
7200	2.11802353590613	2.90965173071721
7201	0.72659511272592	2.32784140302478
7202	0.955969342031826	2.44897363028587
7203	-1.48018317295949	2.6770349076057
7204	9.18937119752268	3.05805201132088
7205	3.86278767333421	2.25532386732512
7206	4.07277951095575	3.04689704915492
7207	8.09335750718966	3.09948499080796
7208	2.40746289272958	2.77695406481595
7209	1.75169841125618	2.74095617970474
7210	6.30234904471344	2.09637967223499
7211	6.13579655870498	2.26020100805021
7212	4.54584570886809	2.22677758319983
7213	0.0167104651076917	2.80674998635786
7214	-3.94584964160729	2.46258465019372
7215	4.87117994637236	2.90084533874075
7216	-0.0896766524990942	2.5916476177943
7217	1.67250081881448	2.84151162790919
7218	10.5986502421001	3.1531468815858
7219	2.16053848443678	2.45796212924597
7220	3.95893327242985	2.90948449220489
7221	8.64082570944673	3.08815740867345
7222	4.54730201138831	2.26720879706431
7223	0.977307494202632	2.76658768871554
7224	1.06882011005263	2.16883141661832
7225	3.19035531022509	2.32978651946841
7226	0.354662517959042	2.46486876199824
7227	8.21281182966493	2.04139402600535
7228	-2.44353143268069	2.46063526682583
7229	3.96386746052535	3.01429050592413
7230	1.75346706331009	2.41287217901326
7231	2.72891950447322	2.57390175278613
7232	0.15130527464686	2.70738460369922
7233	0.776844952845669	2.5869235281771
7234	3.43692809074676	2.23775387684031
7235	1.10411931682987	2.96621092105455
7236	0.19172838097893	2.78566723288269
7237	2.32819553563234	2.92856593069595
7238	5.41486842392824	2.14882192580369
7239	4.00172788958346	2.84843362687948
7240	1.80975166297802	2.49345499199447
7241	3.37918766093409	2.95890877722531
7242	0.271837861555728	2.76134592119169
7243	4.27576087797144	2.91571923014378
7244	1.21458901003792	2.65451951777614
7245	-1.34571426500243	2.62802792328105
7246	1.5991827235065	2.92301733481204
7247	8.90883706034136	2.05268846818507
7248	1.55573076680744	2.56839130764928
7249	1.71821580999688	2.8582077967467
7250	3.09945175602001	2.81323600804298
7251	0.814243488014961	2.56883390779346
7252	3.47294951502317	3.00465429315169
7253	0.820190235673438	2.52392991080788
7254	0.0858972810183634	2.30430990404086
7255	9.50144070357534	2.10648331108515
7256	9.73618464349955	2.13919014766971
7257	0.480776128002462	2.38551646701531
7258	-2.07576876510189	2.61543320246257
7259	2.08428246714859	2.77832573547287
7260	0.0423928969344883	2.48840561064177
7261	10.9400305590002	3.06335577013831
7262	1.45510443302963	2.35976155686183
7263	1.43980085650073	2.54775366817949
7264	1.06729994622673	2.40383477655114
7265	-0.667118095738368	2.76567501054598
7266	2.48559622194781	2.31932940760714
7267	-3.59334622840611	2.56988556944752
7268	5.4842791619212	2.89683383394042
7269	6.52912929207117	2.1218986122181
7270	9.41640296883018	3.02068765072482
7271	1.8833297538254	2.41142236888392
7272	2.72801818624204	2.97992102910185
7273	2.06766699685338	2.42006919143679
7274	-0.873487412559177	2.40540297226929
7275	-2.48713331053373	2.56739282541564
7276	6.12039571806073	3.03986267082741
7277	3.89217324849871	3.00821047454336
7278	0.437893522890534	2.46927190378342
7279	2.91732636838642	2.90934301443465
7280	6.45903992462169	3.11759852025229
7281	-0.983639680156443	2.52002421329619
7282	1.35549236184546	2.83571284847359
7283	2.71621453822414	2.48063901065165
7284	-1.94906625013054	2.39583332721881
7285	3.56726923576964	2.88635441397481
7286	3.84800896785591	2.25647175962849
7287	3.73079781533223	2.8341296558261
7288	4.54384424690582	2.16444222235836
7289	3.07197709478683	2.30509526147587
7290	5.11454114811392	2.18899748582964
7291	1.35550223140033	2.29843837341432
7292	9.41913541980507	2.09313945830441
7293	3.04965937796903	2.75592422755043
7294	6.49725403412085	3.0217645993942
7295	5.97422921167153	2.91115403306173
7296	4.29910421735747	2.93205277364249
7297	-2.48117093495082	2.54344616660501
7298	-0.855475425622786	2.49210256376394
7299	1.02982585245596	2.94746074614123
7300	-0.550405438180211	2.71348291566283
7301	-0.378911573341857	2.77005316820662
7302	0.860069221105435	2.42746990677168
7303	0.0782511233260432	2.33323985925575
7304	9.05461057364169	3.15403077772433
7305	-0.667633028420721	2.74593168559941
7306	6.49555919214203	2.26841950759278
7307	6.37854978133696	2.17316843509771
7308	1.83758599419501	2.56940018498868
7309	7.24258033035268	3.07607913700383
7310	3.71548639175473	2.70647015394927
7311	6.89111419736346	3.1352689112269
7312	1.01091020763872	2.85761559844952
7313	3.60354287504806	2.43148015133474
7314	-1.13234192349842	2.51640463355761
7315	4.04042233026464	2.19457284085743
7316	7.74974825111187	2.04103868247834
7317	1.03288850154374	2.83917972020413
7318	5.11043242136999	2.1434144854883
7319	1.09225002588568	2.53323194696043
7320	0.351957938008793	2.75343919784251
7321	7.69667328978609	3.15307021926807
7322	2.68677664636076	2.58925524118556
7323	-0.420341071145105	2.57648016993804
7324	3.47992365154558	2.22323909883024
7325	2.13723221294091	2.88377963865466
7326	1.50185514701769	2.54187943904741
7327	-0.14263730175095	2.60695234130723
7328	3.0038066445694	2.261985394774
7329	1.28722956868309	2.28597322583256
7330	-0.318752239915457	2.70300602781122
7331	0.322131339588853	2.67932863202608
7332	5.2616944108093	2.11373808676441
7333	8.82900430089372	2.06656030403685
7334	-2.30272827027497	2.75650052738834
7335	7.22671133846696	3.08123814365619
7336	-2.72650320743043	2.70571057847163
7337	-0.46843181378382	2.66345479499047
7338	-1.03217188205283	2.6238333748368
7339	7.16723598287619	3.14540862582389
7340	-0.111691247546562	2.60294400403021
7341	-2.6259055099788	2.80193860203069
7342	2.72434890377882	2.70962897014915
7343	-0.875120443972189	2.29757405222072
7344	1.17835308185305	2.31949886163957
7345	-0.338855688886291	2.85479463376798
7346	-1.42065506517047	2.54037441259022
7347	7.97386728885544	2.22515288896029
7348	2.22575254380213	2.87455096053275
7349	3.04465045166932	2.14546344611795
7350	1.50293764620544	3.0084439313816
7351	1.37353910564799	2.72451696330037
7352	0.0804999982917752	2.65920417365912
7353	0.419282683854408	2.39972487351455
7354	-1.77964448430797	2.54101136121454
7355	-2.97491361983617	2.59476266905408
7356	1.51608146727065	2.2316739986244
7357	2.03166462183689	2.62792683050725
7358	5.25153152901144	2.1117059073421
7359	-0.990726377760774	2.34175629063453
7360	6.71007762971618	2.26784163721989
7361	2.51754568958693	2.34974868022588
7362	5.14228240478092	3.04315273264437
7363	2.22102915390564	2.53317624627187
7364	4.59494068903147	2.91236996812548
7365	3.97686449291997	3.02670670397506
7366	4.68391143616397	2.49555664239316
7367	6.33941544000246	2.09867723133201
7368	-1.87467214629883	2.40734871962515
7369	1.51311956696982	2.84845066997492
7370	1.36435275540902	2.40976629357238
7371	5.22823915846488	2.74243328016108
7372	4.38826261422772	2.98125511537779
7373	5.47986906477806	2.99888507373995
7374	0.270595138764477	2.47082814814563
7375	-0.153860075129734	2.45848329396779
7376	5.56012300122196	3.0435518926955
7377	2.32505263054526	2.75822780187317
7378	6.24277095251061	2.86816615833294
7379	2.45398224816271	2.71390347329422
7380	8.26490907575558	3.05222783985019
7381	-0.930945882161437	2.35990560219356
7382	5.39932265096741	2.24348298557679
7383	5.81624554422744	3.03333269929332
7384	-2.93409858024638	2.59805585077833
7385	6.16025155235434	3.0226602707094
7386	3.16011254647495	2.24113512015696
7387	5.32739330739337	2.88750864635095
7388	0.282227101930624	2.84932886224357
7389	6.22767820949219	3.09840512486389
7390	-1.77049189360083	2.64839591509374
7391	1.25986883578969	2.83483708197651
7392	1.24833832538136	2.46803979964269
7393	4.27138506427479	2.14078868960507
7394	8.23388103279801	3.07974623620551
7395	-0.724592211437589	2.34797856111276
7396	-1.80064293010617	2.69716747365782
7397	8.34779430816257	2.15156800662576
7398	2.14232647054823	2.98113295304517
7399	2.01688935116643	2.38743882802856
7400	2.11802353590613	2.91562671777638
7401	0.72659511272592	2.33445307234608
7402	0.955969342031826	2.45533167634137
7403	-1.48018317295949	2.68291544534433
7404	9.18937119752268	3.06313478611602
7405	3.86278767333421	2.26208737183221
7406	4.07277951095575	3.05200317989751
7407	8.09335750718966	3.10448101439075
7408	2.40746289272958	2.78262539462089
7409	1.75169841125618	2.7467028808736
7410	6.30234904471344	2.10347596964742
7411	6.13579655870498	2.26695430093662
7412	4.54584570886809	2.23360085711735
7413	0.0167104651076917	2.81235893029655
7414	-3.94584964160729	2.46891419787683
7415	4.87117994637236	2.90625726846524
7416	-0.0896766524990942	2.59770693704954
7417	1.67250081881448	2.84704778889611
7418	10.5986502421001	3.15803054940418
7419	2.16053848443678	2.46430135543402
7420	3.95893327242985	2.91487833351174
7421	8.64082570944673	3.09317714963055
7422	4.54730201138831	2.27394741723829
7423	0.977307494202632	2.77228072334851
7424	1.06882011005263	2.17577601659697
7425	3.19035531022509	2.33639411615936
7426	0.354662517959042	2.47119352727201
7427	8.21281182966493	2.04860545082428
7428	-2.44353143268069	2.46696889607326
7429	3.96386746052535	3.01946490733397
7430	1.75346706331009	2.41930581327661
7431	2.72891950447322	2.57999822783665
7432	0.15130527464686	2.71320159609394
7433	0.776844952845669	2.59299273859891
7434	3.43692809074676	2.24455416890154
7435	1.10411931682987	2.97148599015299
7436	0.19172838097893	2.7913203193003
7437	2.32819553563234	2.93391981982116
7438	5.41486842392824	2.15580842109395
7439	4.00172788958346	2.85395529477876
7440	1.80975166297802	2.49971990422027
7441	3.37918766093409	2.96419913534804
7442	0.271837861555728	2.76704993089074
7443	4.27576087797144	2.9211000173309
7444	1.21458901003792	2.66044719760758
7445	-1.34571426500243	2.63401107047129
7446	1.5991827235065	2.92838284143195
7447	8.90883706034136	2.05987624501721
7448	1.55573076680744	2.57449932031554
7449	1.71821580999688	2.86370899976279
7450	3.09945175602001	2.81883137173107
7451	0.814243488014961	2.57494099375593
7452	3.47294951502317	3.00984887059403
7453	0.820190235673438	2.53013101550196
7454	0.0858972810183634	2.31097084295587
7455	9.50144070357534	2.11355845378146
7456	9.73618464349955	2.14619680970734
7457	0.480776128002462	2.3920073779025
7458	-2.07576876510189	2.62144272012661
7459	2.08428246714859	2.7839941933122
7460	0.0423928969344883	2.49468109512086
7461	10.9400305590002	3.06842744007173
7462	1.45510443302963	2.36630639265878
7463	1.43980085650073	2.55390489135743
7464	1.06729994622673	2.41028733307473
7465	-0.667118095738368	2.77136995611895
7466	2.48559622194781	2.32595889910611
7467	-3.59334622840611	2.57599045347026
7468	5.4842791619212	2.90225416284134
7469	6.52912929207117	2.12894147878851
7470	9.41640296883018	3.02584865797199
7471	1.8833297538254	2.41785903871913
7472	2.72801818624204	2.98516739235993
7473	2.06766699685338	2.42648775679704
7474	-0.873487412559177	2.41185224534859
7475	-2.48713331053373	2.57350292867605
7476	6.12039571806073	3.04498352995438
7477	3.89217324849871	3.01339760615267
7478	0.437893522890534	2.47558744988221
7479	2.91732636838642	2.9147371519637
7480	6.45903992462169	3.12255661823429
7481	-0.983639680156443	2.52623349563035
7482	1.35549236184546	2.84126115078252
7483	2.71621453822414	2.48693075662035
7484	-1.94906625013054	2.40230263695297
7485	3.56726923576964	2.89179668439183
7486	3.84800896785591	2.26323286071083
7487	3.73079781533223	2.83968127297947
7488	4.54384424690582	2.17139601230905
7489	3.07197709478683	2.31175455603147
7490	5.11454114811392	2.19589986265721
7491	1.35550223140033	2.30511160597575
7492	9.41913541980507	2.10024253998604
7493	3.04965937796903	2.76163958903982
7494	6.49725403412085	3.02692335175641
7495	5.97422921167153	2.91654437873068
7496	4.29910421735747	2.93739936211357
7497	-2.48117093495082	2.54960640870914
7498	-0.855475425622786	2.4983703076661
7499	1.02982585245596	2.9527750738309
7500	-0.550405438180211	2.71928713958271
7501	-0.378911573341857	2.77573894691566
7502	0.860069221105435	2.43387297672138
7503	0.0782511233260432	2.33984022544055
7504	9.05461057364169	3.15891259486572
7505	-0.667633028420721	2.75166796919335
7506	6.49555919214203	2.27515559281495
7507	6.37854978133696	2.1801039543485
7508	1.83758599419501	2.57550608529581
7509	7.24258033035268	3.08112416710796
7510	3.71548639175473	2.71228906099328
7511	6.89111419736346	3.14019001143904
7512	1.01091020763872	2.86311804139382
7513	3.60354287504806	2.43787482474666
7514	-1.13234192349842	2.52262149446648
7515	4.04042233026464	2.20146354416275
7516	7.74974825111187	2.0482508513056
7517	1.03288850154374	2.8447207636741
7518	5.11043242136999	2.15041230272568
7519	1.09225002588568	2.53941357531166
7520	0.351957938008793	2.75915976241752
7521	7.69667328978609	3.15795404759986
7522	2.68677664636076	2.59531956953196
7523	-0.420341071145105	2.58257124637092
7524	3.47992365154558	2.23006978152726
7525	2.13723221294091	2.88922730006416
7526	1.50185514701769	2.54804296152183
7527	-0.14263730175095	2.6129796159609
7528	3.0038066445694	2.26873495156144
7529	1.28722956868309	2.29267255757098
7530	-0.318752239915457	2.70883218794555
7531	0.322131339588853	2.68520436722874
7532	5.2616944108093	2.12079803961453
7533	8.82900430089372	2.07371903640748
7534	-2.30272827027497	2.76221468223726
7535	7.22671133846696	3.08627237197664
7536	-2.72650320743043	2.71153107589351
7537	-0.46843181378382	2.66936376638866
7538	-1.03217188205283	2.62982530445513
7539	7.16723598287619	3.15030849578551
7540	-0.111691247546562	2.60897967122825
7541	-2.6259055099788	2.80755761991116
7542	2.72434890377882	2.71544126335224
7543	-0.875120443972189	2.30424909447366
7544	1.17835308185305	2.32612799834043
7545	-0.338855688886291	2.86030298316915
7546	-1.42065506517047	2.5465410862469
7547	7.97386728885544	2.23197956461712
7548	2.22575254380213	2.8800179446901
7549	3.04465045166932	2.15245697329894
7550	1.50293764620544	3.01363057418551
7551	1.37353910564799	2.73029808444026
7552	0.0804999982917752	2.66512204488924
7553	0.419282683854408	2.40618603523803
7554	-1.77964448430797	2.54717670124602
7555	-2.97491361983617	2.60081546610221
7556	1.51608146727065	2.2384870205644
7557	2.03166462183689	2.63391018936271
7558	5.25153152901144	2.11877011511258
7559	-0.990726377760774	2.34833882535376
7560	6.71007762971618	2.27457893237087
7561	2.51754568958693	2.35631448070356
7562	5.14228240478092	3.04826670313202
7563	2.22102915390564	2.53935799124764
7564	4.59494068903147	2.91775776790365
7565	3.97686449291997	3.03185510869706
7566	4.68391143616397	2.5018171542422
7567	6.33941544000246	2.10576871817953
7568	-1.87467214629883	2.41379391875311
7569	1.51311956696982	2.85397230218984
7570	1.36435275540902	2.4162064308517
7571	5.22823915846488	2.74817688861838
7572	4.38826261422772	2.98649868536338
7573	5.47986906477806	3.00409173061235
7574	0.270595138764477	2.47714043582355
7575	-0.153860075129734	2.46482142895573
7576	5.56012300122196	3.04866502743301
7577	2.32505263054526	2.76393834020314
7578	6.24277095251061	2.87364651081037
7579	2.45398224816271	2.71970681666231
7580	8.26490907575558	3.05732280913248
7581	-0.930945882161437	2.36645013639242
7582	5.39932265096741	2.25027128219056
7583	5.81624554422744	3.03846723069186
7584	-2.93409858024638	2.60410175265478
7585	6.16025155235434	3.02781714774008
7586	3.16011254647495	2.24792833266561
7587	5.32739330739337	2.89294850006855
7588	0.282227101930624	2.85484865572412
7589	6.22767820949219	3.10340340943976
7590	-1.77049189360083	2.65433641635302
7591	1.25986883578969	2.84038721794081
7592	1.24833832538136	2.47435792548663
7593	4.27138506427479	2.14779200466036
7594	8.23388103279801	3.08478358824
7595	-0.724592211437589	2.35454806781628
7596	-1.80064293010617	2.70300585839335
7597	8.34779430816257	2.15854875224889
7598	2.14232647054823	2.98637677881084
7599	2.01688935116643	2.39392571393008
7600	2.11802353590613	2.92100769866331
7601	0.72659511272592	2.34040856075128
7602	0.955969342031826	2.46105854685943
7603	-1.48018317295949	2.68821188633479
7604	9.18937119752268	3.06771211769042
7605	3.86278767333421	2.26817972559658
7606	4.07277951095575	3.05660156469564
7607	8.09335750718966	3.10898014778088
7608	2.40746289272958	2.78773325403301
7609	1.75169841125618	2.75187868059047
7610	6.30234904471344	2.10986830539738
7611	6.13579655870498	2.27303744987058
7612	4.54584570886809	2.23974708747021
7613	0.0167104651076917	2.81741055462753
7614	-3.94584964160729	2.47461537975131
7615	4.87117994637236	2.91113130272678
7616	-0.0896766524990942	2.60316453302102
7617	1.67250081881448	2.85203380613619
7618	10.5986502421001	3.1624284044775
7619	2.16053848443678	2.4700112615844
7620	3.95893327242985	2.91973606273988
7621	8.64082570944673	3.09769766203725
7622	4.54730201138831	2.28001734008079
7623	0.977307494202632	2.7774081476531
7624	1.06882011005263	2.18203161115844
7625	3.19035531022509	2.34234593346545
7626	0.354662517959042	2.47689039824734
7627	8.21281182966493	2.05510156326974
7628	-2.44353143268069	2.47267375709999
7629	3.96386746052535	3.02412483181637
7630	1.75346706331009	2.42510081956415
7631	2.72891950447322	2.58548931631673
7632	0.15130527464686	2.71844075684154
7633	0.776844952845669	2.59845925054107
7634	3.43692809074676	2.25067968323921
7635	1.10411931682987	2.97623665723424
7636	0.19172838097893	2.79641173398818
7637	2.32819553563234	2.93874153585736
7638	5.41486842392824	2.16210178039909
7639	4.00172788958346	2.85892824784249
7640	1.80975166297802	2.5053628232156
7641	3.37918766093409	2.96896358406884
7642	0.271837861555728	2.77218724820104
7643	4.27576087797144	2.925945979479
7644	1.21458901003792	2.66578613282907
7645	-1.34571426500243	2.63940000438015
7646	1.5991827235065	2.93321502956377
7647	8.90883706034136	2.06635104099251
7648	1.55573076680744	2.58000080888776
7649	1.71821580999688	2.86866350562948
7650	3.09945175602001	2.82387075472375
7651	0.814243488014961	2.58044164699049
7652	3.47294951502317	3.0145269819013
7653	0.820190235673438	2.53571641791638
7654	0.0858972810183634	2.31697074333713
7655	9.50144070357534	2.11993172051388
7656	9.73618464349955	2.15250834746768
7657	0.480776128002462	2.39785401376227
7658	-2.07576876510189	2.62685542457555
7659	2.08428246714859	2.78909946391328
7660	0.0423928969344883	2.50033354402349
7661	10.9400305590002	3.07299476164168
7662	1.45510443302963	2.37220163683093
7663	1.43980085650073	2.55944533020438
7664	1.06729994622673	2.41609939602755
7665	-0.667118095738368	2.77649910295898
7666	2.48559622194781	2.33193045255404
7667	-3.59334622840611	2.58148912186008
7668	5.4842791619212	2.90713576818262
7669	6.52912929207117	2.13528565158239
7670	9.41640296883018	3.03049650885712
7671	1.8833297538254	2.42365678129357
7672	2.72801818624204	2.98989218378443
7673	2.06766699685338	2.43226917986389
7674	-0.873487412559177	2.41766134858045
7675	-2.48713331053373	2.57900630172528
7676	6.12039571806073	3.0495951910271
7677	3.89217324849871	3.01806900573099
7678	0.437893522890534	2.48127601062504
7679	2.91732636838642	2.91959514820871
7680	6.45903992462169	3.12702156520745
7681	-0.983639680156443	2.53182626943002
7682	1.35549236184546	2.84625811230005
7683	2.71621453822414	2.49259786374994
7684	-1.94906625013054	2.40812980137368
7685	3.56726923576964	2.89669806797797
7686	3.84800896785591	2.26932304801034
7687	3.73079781533223	2.84468122252229
7688	4.54384424690582	2.17765989077928
7689	3.07197709478683	2.31775297417501
7690	5.11454114811392	2.2021173969581
7691	1.35550223140033	2.31112258794081
7692	9.41913541980507	2.10664099112643
7693	3.04965937796903	2.76678713893787
7694	6.49725403412085	3.03156917007155
7695	5.97422921167153	2.92139895696498
7696	4.29910421735747	2.94221449728615
7697	-2.48117093495082	2.55515497728284
7698	-0.855475425622786	2.50401577915544
7699	1.02982585245596	2.95756112889658
7700	-0.550405438180211	2.72451479073268
7701	-0.378911573341857	2.78085983067677
7702	0.860069221105435	2.43964043211059
7703	0.0782511233260432	2.34578552511492
7704	9.05461057364169	3.16330878172512
7705	-0.667633028420721	2.75683437843115
7706	6.49555919214203	2.28122323063315
7707	6.37854978133696	2.18635136347474
7708	1.83758599419501	2.58100566977189
7709	7.24258033035268	3.08566747533879
7710	3.71548639175473	2.7175299476199
7711	6.89111419736346	3.14462160834888
7712	1.01091020763872	2.86807366494098
7713	3.60354287504806	2.44363471143463
7714	-1.13234192349842	2.52822109964944
7715	4.04042233026464	2.20767055586436
7716	7.74974825111187	2.05474763440567
7717	1.03288850154374	2.84971118202052
7718	5.11043242136999	2.15671586771768
7719	1.09225002588568	2.54498142160663
7720	0.351957938008793	2.76431200241543
7721	7.69667328978609	3.16235204736116
7722	2.68677664636076	2.60078168073524
7723	-0.420341071145105	2.58805746849714
7724	3.47992365154558	2.23622269020875
7725	2.13723221294091	2.89413354313077
7726	1.50185514701769	2.55359448704557
7727	-0.14263730175095	2.61840832669158
7728	3.0038066445694	2.27481473274818
7729	1.28722956868309	2.29870706552716
7730	-0.318752239915457	2.7140796125614
7731	0.322131339588853	2.69049647917777
7732	5.2616944108093	2.12715761410728
7733	8.82900430089372	2.08016765149043
7734	-2.30272827027497	2.76736114446067
7735	7.22671133846696	3.0908059433998
7736	-2.72650320743043	2.7167733960985
7737	-0.46843181378382	2.67468583769009
7738	-1.03217188205283	2.6352221549096
7739	7.16723598287619	3.15472095559056
7740	-0.111691247546562	2.61441594706047
7741	-2.6259055099788	2.81261832496776
7742	2.72434890377882	2.72067618821375
7743	-0.875120443972189	2.31026170770803
7744	1.17835308185305	2.33209923197072
7745	-0.338855688886291	2.86526393084019
7746	-1.42065506517047	2.55209545226963
7747	7.97386728885544	2.23812886132295
7748	2.22575254380213	2.88494160542451
7749	3.04465045166932	2.15875667120238
7750	1.50293764620544	3.01830153315104
7751	1.37353910564799	2.73550491057351
7752	0.0804999982917752	2.67045213856498
7753	0.419282683854408	2.41200585498168
7754	-1.77964448430797	2.55272986512913
7755	-2.97491361983617	2.60626718290797
7756	1.51608146727065	2.24462400970892
7757	2.03166462183689	2.63929931406816
7758	5.25153152901144	2.12513352502202
7759	-0.990726377760774	2.35426805161322
7760	6.71007762971618	2.28064766082784
7761	2.51754568958693	2.36222862259396
7762	5.14228240478092	3.05287215473433
7763	2.22102915390564	2.54492594266883
7764	4.59494068903147	2.92261005125315
7765	3.97686449291997	3.03649159957282
7766	4.68391143616397	2.50745610670539
7767	6.33941544000246	2.11215671765071
7768	-1.87467214629883	2.41959934969512
7769	1.51311956696982	2.85894522308743
7770	1.36435275540902	2.42200729900592
7771	5.22823915846488	2.75334990054216
7772	4.38826261422772	2.9912209589114
7773	5.47986906477806	3.0087807304072
7774	0.270595138764477	2.48282605940171
7775	-0.153860075129734	2.47053035149028
7776	5.56012300122196	3.05326972568396
7777	2.32505263054526	2.76908154246962
7778	6.24277095251061	2.87858222184734
7779	2.45398224816271	2.72493367407638
7780	8.26490907575558	3.06191113290776
7781	-0.930945882161437	2.37234510870184
7782	5.39932265096741	2.25638598374319
7783	5.81624554422744	3.04309121605125
7784	-2.93409858024638	2.6095472541018
7785	6.16025155235434	3.03246127561752
7786	3.16011254647495	2.25404746544223
7787	5.32739330739337	2.89784770522395
7788	0.282227101930624	2.85981991917293
7789	6.22767820949219	3.10790458090577
7790	-1.77049189360083	2.65968690890437
7791	1.25986883578969	2.84538583232885
7792	1.24833832538136	2.48004881163082
7793	4.27138506427479	2.15410052542606
7794	8.23388103279801	3.0893199754021
7795	-0.724592211437589	2.36046555052605
7796	-1.80064293010617	2.70826430235513
7797	8.34779430816257	2.16483692876156
7798	2.14232647054823	2.99109928292091
7799	2.01688935116643	2.39976872163802
7800	2.11802353590613	2.92585383541384
7801	0.72659511272592	2.3457729303589
7802	0.955969342031826	2.46621686788853
7803	-1.48018317295949	2.69298227012316
7804	9.18937119752268	3.07183438301859
7805	3.86278767333421	2.27366744912485
7806	4.07277951095575	3.06074280485941
7807	8.09335750718966	3.11303193470112
7808	2.40746289272958	2.79233367314083
7809	1.75169841125618	2.75654033289135
7810	6.30234904471344	2.11562639649176
7811	6.13579655870498	2.27851687727538
7812	4.54584570886809	2.24528336885463
7813	0.0167104651076917	2.82196029021852
7814	-3.94584964160729	2.47975054813666
7815	4.87117994637236	2.91552098005713
7816	-0.0896766524990942	2.60808016246438
7817	1.67250081881448	2.85652441141157
7818	10.5986502421001	3.16638891134316
7819	2.16053848443678	2.4751542929794
7820	3.95893327242985	2.92411104468048
7821	8.64082570944673	3.10176871742344
7822	4.54730201138831	2.28548484708259
7823	0.977307494202632	2.7820262001943
7824	1.06882011005263	2.18766646024466
7825	3.19035531022509	2.34770699438729
7826	0.354662517959042	2.48202168130836
7827	8.21281182966493	2.06095318615579
7828	-2.44353143268069	2.47781224142926
7829	3.96386746052535	3.02832153642618
7830	1.75346706331009	2.43032054995462
7831	2.72891950447322	2.59043513186616
7832	0.15130527464686	2.72315951513041
7833	0.776844952845669	2.60338291576461
7834	3.43692809074676	2.25619729370711
7835	1.10411931682987	2.9805151462737
7836	0.19172838097893	2.80099733180579
7837	2.32819553563234	2.94308405985207
7838	5.41486842392824	2.16777066606857
7839	4.00172788958346	2.86340707864562
7840	1.80975166297802	2.51044548047167
7841	3.37918766093409	2.97325449421531
7842	0.271837861555728	2.77681421710391
7843	4.27576087797144	2.93031035599345
7844	1.21458901003792	2.67059481578996
7845	-1.34571426500243	2.644253750125
7846	1.5991827235065	2.93756699184192
7847	8.90883706034136	2.0721834517844
7848	1.55573076680744	2.58495599782537
7849	1.71821580999688	2.87312571035504
7850	3.09945175602001	2.82840945744943
7851	0.814243488014961	2.58539608305554
7852	3.47294951502317	3.01874007792064
7853	0.820190235673438	2.54074723666635
7854	0.0858972810183634	2.32237514054126
7855	9.50144070357534	2.12567262509671
7856	9.73618464349955	2.15819361700327
7857	0.480776128002462	2.40312027681956
7858	-2.07576876510189	2.63173059421708
7859	2.08428246714859	2.79369754977919
7860	0.0423928969344883	2.50542479038812
7861	10.9400305590002	3.07710800515964
7862	1.45510443302963	2.37751170955595
7863	1.43980085650073	2.56443562421991
7864	1.06729994622673	2.42133449923806
7865	-0.667118095738368	2.7811187079858
7866	2.48559622194781	2.33730930125279
7867	-3.59334622840611	2.58644176902556
7868	5.4842791619212	2.91153226917072
7869	6.52912929207117	2.14100033439949
7870	9.41640296883018	3.03468233178316
7871	1.8833297538254	2.42887897784291
7872	2.72801818624204	2.99414735162905
7873	2.06766699685338	2.4374766679782
7874	-0.873487412559177	2.42289378425561
7875	-2.48713331053373	2.5839631891031
7876	6.12039571806073	3.05374839682287
7877	3.89217324849871	3.0222760526077
7878	0.437893522890534	2.4863998038452
7879	2.91732636838642	2.9239703708061
7880	6.45903992462169	3.13104254061635
7881	-0.983639680156443	2.53686373185722
7882	1.35549236184546	2.85075858142659
7883	2.71621453822414	2.4977023212717
7884	-1.94906625013054	2.41337851522521
7885	3.56726923576964	2.90111239468955
7886	3.84800896785591	2.27480881894859
7887	3.73079781533223	2.84918438469428
7888	4.54384424690582	2.18330220598131
7889	3.07197709478683	2.32315603546889
7890	5.11454114811392	2.20771794311776
7891	1.35550223140033	2.31653697274747
7892	9.41913541980507	2.11240459389586
7893	3.04965937796903	2.77142333026068
7894	6.49725403412085	3.03575316108425
7895	5.97422921167153	2.92577109897991
7896	4.29910421735747	2.94655109008444
7897	-2.48117093495082	2.56015259845314
7898	-0.855475425622786	2.50910073692163
7899	1.02982585245596	2.96187151239531
7900	-0.550405438180211	2.72922317565898
7901	-0.378911573341857	2.78547198836127
7902	0.860069221105435	2.44483533144559
7903	0.0782511233260432	2.35114071182996
7904	9.05461057364169	3.16726778506404
7905	-0.667633028420721	2.76148756728724
7906	6.49555919214203	2.28668867818975
7907	6.37854978133696	2.19197883519728
7908	1.83758599419501	2.58595914258699
7909	7.24258033035268	3.08975907613032
7910	3.71548639175473	2.72225026140787
7911	6.89111419736346	3.14861252603471
7912	1.01091020763872	2.87253687700884
7913	3.60354287504806	2.44882278925557
7914	-1.13234192349842	2.53326471906125
7915	4.04042233026464	2.21326161822269
7916	7.74974825111187	2.06059986173886
7917	1.03288850154374	2.85420575392211
7918	5.11043242136999	2.16239395156188
7919	1.09225002588568	2.54999641738884
7920	0.351957938008793	2.76895242082834
7921	7.69667328978609	3.1663126846311
7922	2.68677664636076	2.60570137966376
7923	-0.420341071145105	2.59299889810237
7924	3.47992365154558	2.24176499063278
7925	2.13723221294091	2.89855224959171
7926	1.50185514701769	2.55859477325385
7927	-0.14263730175095	2.62329792246417
7928	3.0038066445694	2.28029112487198
7929	1.28722956868309	2.30414265382357
7930	-0.318752239915457	2.718805818904
7931	0.322131339588853	2.69526296129053
7932	5.2616944108093	2.13288617815737
7933	8.82900430089372	2.08597646598492
7934	-2.30272827027497	2.7719963554848
7935	7.22671133846696	3.09488876860772
7936	-2.72650320743043	2.72149500194103
7937	-0.46843181378382	2.67947932154823
7938	-1.03217188205283	2.64008303567347
7939	7.16723598287619	3.15869462539919
7940	-0.111691247546562	2.61931236110279
7941	-2.6259055099788	2.81717624482915
7942	2.72434890377882	2.725391128786
7943	-0.875120443972189	2.31567756274402
7944	1.17835308185305	2.33747779242444
7945	-0.338855688886291	2.86973194143092
7946	-1.42065506517047	2.55709829856095
7947	7.97386728885544	2.24366790634794
7948	2.22575254380213	2.88937601006958
7949	3.04465045166932	2.16443126971956
7950	1.50293764620544	3.02250818291254
7951	1.37353910564799	2.74019452634249
7952	0.0804999982917752	2.67525285282334
7953	0.419282683854408	2.41724794922751
7954	-1.77964448430797	2.55773162795686
7955	-2.97491361983617	2.61117751358074
7956	1.51608146727065	2.25015196218318
7957	2.03166462183689	2.64415323177404
7958	5.25153152901144	2.13086554585394
7959	-0.990726377760774	2.35960875169147
7960	6.71007762971618	2.28611409135464
7961	2.51754568958693	2.36755572744201
7962	5.14228240478092	3.05701976406271
7963	2.22102915390564	2.54994103319914
7964	4.59494068903147	2.92698012493584
7965	3.97686449291997	3.04066718395711
7966	4.68391143616397	2.51253518900798
7967	6.33941544000246	2.11791090054662
7968	-1.87467214629883	2.4248284756113
7969	1.51311956696982	2.86342402489988
7970	1.36435275540902	2.42723231257573
7971	5.22823915846488	2.75800904026273
7972	4.38826261422772	2.99547385744596
7973	5.47986906477806	3.01300363999545
7974	0.270595138764477	2.48794720541603
7975	-0.153860075129734	2.47567249637264
7976	5.56012300122196	3.05741665603233
7977	2.32505263054526	2.77371381536193
7978	6.24277095251061	2.88302748718116
7979	2.45398224816271	2.72964134362492
7980	8.26490907575558	3.0660433052795
7981	-0.930945882161437	2.37765493640258
7982	5.39932265096741	2.26189384887133
7983	5.81624554422744	3.047255529472
7984	-2.93409858024638	2.61445198300014
7985	6.16025155235434	3.03664374307364
7986	3.16011254647495	2.259559324341
7987	5.32739330739337	2.90226006856091
7988	0.282227101930624	2.86429722716105
7989	6.22767820949219	3.11195820470169
7990	-1.77049189360083	2.66450600824789
7991	1.25986883578969	2.84988779115343
7992	1.24833832538136	2.48517470068717
7993	4.27138506427479	2.15978307580672
7994	8.23388103279801	3.09340533837736
7995	-0.724592211437589	2.36579566638558
7996	-1.80064293010617	2.71300044020655
7997	8.34779430816257	2.17050114328726
7998	2.14232647054823	2.99535238925628
7999	2.01688935116643	2.40503171471701
8000	2.11802353590613	2.93021836929386
8001	0.72659511272592	2.35060480817102
8002	0.955969342031826	2.47086305998895
8003	-1.48018317295949	2.69727886309916
8004	9.18937119752268	3.07554690820626
8005	3.86278767333421	2.27861049033692
8006	4.07277951095575	3.06447242968385
8007	8.09335750718966	3.11668094654921
8008	2.40746289272958	2.79647709829157
8009	1.75169841125618	2.76073893983035
8010	6.30234904471344	2.12081308604295
8011	6.13579655870498	2.28345244223306
8012	4.54584570886809	2.25027016916537
8013	0.0167104651076917	2.82605804067952
8014	-3.94584964160729	2.48437587566639
8015	4.87117994637236	2.91947449010524
8016	-0.0896766524990942	2.61250764711172
8017	1.67250081881448	2.8605688751437
8018	10.5986502421001	3.16995566393948
8019	2.16053848443678	2.47978670645241
8020	3.95893327242985	2.928051311619
8021	8.64082570944673	3.10543509352049
8022	4.54730201138831	2.29040966967781
8023	0.977307494202632	2.78618551614444
8024	1.06882011005263	2.19274208724855
8025	3.19035531022509	2.35253589049636
8026	0.354662517959042	2.48664350748312
8027	8.21281182966493	2.06622416416666
8028	-2.44353143268069	2.48244055720288
8029	3.96386746052535	3.03210114439156
8030	1.75346706331009	2.43502208260168
8031	2.72891950447322	2.59488981946062
8032	0.15130527464686	2.72740958452597
8033	0.776844952845669	2.60781764205162
8034	3.43692809074676	2.26116726826518
8035	1.10411931682987	2.9843684562764
8036	0.19172838097893	2.80512740038867
8037	2.32819553563234	2.94699507651949
8038	5.41486842392824	2.17287696597122
8039	4.00172788958346	2.86744093152435
8040	1.80975166297802	2.51502348631404
8041	3.37918766093409	2.97711899780211
8042	0.271837861555728	2.78098156825124
8043	4.27576087797144	2.93424106559305
8044	1.21458901003792	2.67492592300118
8045	-1.34571426500243	2.64862546676518
8046	1.5991827235065	2.94148651404912
8047	8.90883706034136	2.07743711634713
8048	1.55573076680744	2.58941913247764
8049	1.71821580999688	2.87714458023768
8050	3.09945175602001	2.83249726537424
8051	0.814243488014961	2.5898585392383
8052	3.47294951502317	3.02253445740527
8053	0.820190235673438	2.54527852697218
8054	0.0858972810183634	2.32724309020011
8055	9.50144070357534	2.13084382660303
8056	9.73618464349955	2.16331468162723
8057	0.480776128002462	2.40786374351643
8058	-2.07576876510189	2.63612161752529
8059	2.08428246714859	2.79783887227197
8060	0.0423928969344883	2.51001053651556
8061	10.9400305590002	3.08081240012257
8062	1.45510443302963	2.38229465640546
8063	1.43980085650073	2.56893039467101
8064	1.06729994622673	2.42604988547757
8065	-0.667118095738368	2.78527942299628
8066	2.48559622194781	2.34215422725169
8067	-3.59334622840611	2.59090261309776
8068	5.4842791619212	2.91549192852476
8069	6.52912929207117	2.14614790552085
8070	9.41640296883018	3.03845213345328
8071	1.8833297538254	2.43358273292931
8072	2.72801818624204	2.99797964516711
8073	2.06766699685338	2.44216716819893
8074	-0.873487412559177	2.42760676658045
8075	-2.48713331053373	2.58842785434627
8076	6.12039571806073	3.057488804769
8077	3.89217324849871	3.02606498075961
8078	0.437893522890534	2.49101488036683
8079	2.91732636838642	2.92791085461838
8080	6.45903992462169	3.13466378591806
8081	-0.983639680156443	2.54140100927514
8082	1.35549236184546	2.85481193420923
8083	2.71621453822414	2.50229997295622
8084	-1.94906625013054	2.41810616702647
8085	3.56726923576964	2.90508811812991
8086	3.84800896785591	2.27975010053646
8087	3.73079781533223	2.85324016438065
8088	4.54384424690582	2.18838456125792
8089	3.07197709478683	2.32802278123958
8090	5.11454114811392	2.21276265720113
8091	1.35550223140033	2.3214139229784
8092	9.41913541980507	2.1175962504277
8093	3.04965937796903	2.77559899241711
8094	6.49725403412085	3.0395213118809
8095	5.97422921167153	2.92970880665003
8096	4.29910421735747	2.95045676170927
8097	-2.48117093495082	2.56465397194881
8098	-0.855475425622786	2.51368081592491
8099	1.02982585245596	2.96575356486937
8100	-0.550405438180211	2.73346389684537
8101	-0.378911573341857	2.78962599201723
8102	0.860069221105435	2.44951448698023
8103	0.0782511233260432	2.35596431425401
8104	9.05461057364169	3.17083318272049
8105	-0.667633028420721	2.76567854718616
8106	6.49555919214203	2.29161164486561
8107	6.37854978133696	2.19704781390962
8108	1.83758599419501	2.59042073071353
8109	7.24258033035268	3.09344396722145
8110	3.71548639175473	2.72650173257945
8111	6.89111419736346	3.15220668408476
8112	1.01091020763872	2.87655665468262
8113	3.60354287504806	2.45349579741611
8114	-1.13234192349842	2.53780754499632
8115	4.04042233026464	2.21829778574674
8116	7.74974825111187	2.06587138446204
8117	1.03288850154374	2.85825379227639
8118	5.11043242136999	2.16750854062445
8119	1.09225002588568	2.55451344844061
8120	0.351957938008793	2.77313189233031
8121	7.69667328978609	3.16987955474443
8122	2.68677664636076	2.61013253162707
8123	-0.420341071145105	2.59744963319604
8124	3.47992365154558	2.24675721514815
8125	2.13723221294091	2.90253191995023
8126	1.50185514701769	2.56309854841362
8127	-0.14263730175095	2.62770194623291
8128	3.0038066445694	2.28522395451201
8129	1.28722956868309	2.30903871209745
8130	-0.318752239915457	2.72306260029519
8131	0.322131339588853	2.69955603817622
8132	5.2616944108093	2.13804625869105
8133	8.82900430089372	2.09120886616763
8134	-2.30272827027497	2.77617113422112
8135	7.22671133846696	3.09856575136724
8136	-2.72650320743043	2.72574763747917
8137	-0.46843181378382	2.68379673171658
8138	-1.03217188205283	2.64446118221039
8139	7.16723598287619	3.16227324010323
8140	-0.111691247546562	2.62372252932191
8141	-2.6259055099788	2.82128137074541
8142	2.72434890377882	2.72963775775294
8143	-0.875120443972189	2.32055583790804
8144	1.17835308185305	2.34232245866429
8145	-0.338855688886291	2.87375604341084
8146	-1.42065506517047	2.56160438080213
8147	7.97386728885544	2.24865719718092
8148	2.22575254380213	2.89336982723035
8149	3.04465045166932	2.16954271789451
8150	1.50293764620544	3.02629675319438
8151	1.37353910564799	2.7444183332441
8152	0.0804999982917752	2.67957677884355
8153	0.419282683854408	2.42196963560933
8154	-1.77964448430797	2.56223673380834
8155	-2.97491361983617	2.61560022311147
8156	1.51608146727065	2.255131256693
8157	2.03166462183689	2.6485251033811
8158	5.25153152901144	2.13602874155103
8159	-0.990726377760774	2.36441929912877
8160	6.71007762971618	2.29103794385811
8161	2.51754568958693	2.3723540232054
8162	5.14228240478092	3.06075512861548
8163	2.22102915390564	2.55445814963547
8164	4.59494068903147	2.93091596867782
8165	3.97686449291997	3.04442775891513
8166	4.68391143616397	2.51710997319366
8167	6.33941544000246	2.12309406812925
8168	-1.87467214629883	2.42953847526596
8169	1.51311956696982	2.86745785165296
8170	1.36435275540902	2.43193860628896
8171	5.22823915846488	2.76220538292858
8172	4.38826261422772	2.99930410593982
8173	5.47986906477806	3.01680686321751
8174	0.270595138764477	2.49255989634344
8175	-0.153860075129734	2.48030411094312
8176	5.56012300122196	3.06115140870567
8177	2.32505263054526	2.77788594632895
8178	6.24277095251061	2.887031091717
8179	2.45398224816271	2.73388142013116
8180	8.26490907575558	3.06976475844157
8181	-0.930945882161437	2.38243766244248
8182	5.39932265096741	2.26685504117832
8183	5.81624554422744	3.05100594732581
8184	-2.93409858024638	2.61886964435495
8185	6.16025155235434	3.04041052088006
8186	3.16011254647495	2.264524115732
8187	5.32739330739337	2.90623402265825
8188	0.282227101930624	2.86832970771783
8189	6.22767820949219	3.11560887189519
8190	-1.77049189360083	2.66884650243686
8191	1.25986883578969	2.85394248641386
8192	1.24833832538136	2.48979166592281
8193	4.27138506427479	2.16490168999776
8194	8.23388103279801	3.09708460810793
8195	-0.724592211437589	2.37059667559554
8196	-1.80064293010617	2.71726617161961
8197	8.34779430816257	2.17560323367454
8198	2.14232647054823	2.99918282501491
8199	2.01688935116643	2.40977223459303
8200	2.11802353590613	2.93414922070729
