group	y	yend
1	2.13777704125361	0
2	0.370577449836003	0
3	7.16402454575909	0
4	3.27689919299469	0
5	7.78067610730869	0
6	-1.62928343012448	0
7	1.91628439509508	0
8	11.1582838640615	0
9	11.150414870694	0
10	8.66180901230595	0
11	9.90929073231001	0
12	9.15011536979567	0
13	7.66580506057516	0
14	-4.34858158202059	0
15	6.76808851786802	0
16	4.77210484422042	0
17	7.49602192084265	0
18	5.03162066214857	0
19	1.68542638489522	0
20	5.25455808507939	0
21	2.45984371888309	0
22	8.10240287198131	0
23	9.99457053677909	0
24	5.90181810027828	0
25	4.53342840149862	0
26	-0.00841014455275049	0
27	6.83559412691964	0
28	-2.87807712491032	0
29	-0.766931271538603	0
30	1.13053242829008	0
31	6.65043333581921	0
32	9.44511717584912	0
33	5.38820949799105	0
34	7.81299269178465	0
35	-1.29491353050677	0
36	8.67049521087237	0
37	2.31378192939679	0
38	9.88122450101968	0
39	9.40661557055468	0
40	2.15311722002144	0
41	1.41268317376875	0
42	9.39955268545147	0
43	5.13947219406398	0
44	9.08499027724131	0
45	5.36810319444381	0
46	1.96156831766021	0
47	8.39846714223112	0
48	5.18780636190517	0
49	6.50776261402182	0
50	10.4478676194402	0
51	4.4694732489229	0
52	-0.871306030983109	0
53	2.30034665122364	0
54	2.34588715545427	0
55	12.3909498764063	0
56	13.9387180330806	0
57	0.23706642464464	0
58	4.02049231090547	0
59	10.7951485216016	0
60	0.233671824257256	0
61	4.94907873701757	0
62	1.83688095080756	0
63	4.02100722935262	0
64	0.533242306116686	0
65	8.37055999542821	0
66	4.19978810011259	0
67	0.11697167428337	0
68	7.66056494244898	0
69	10.1163885197263	0
70	4.45354499695112	0
71	1.2721136596478	0
72	-0.433043155965496	0
73	1.40126937391547	0
74	-1.42564467382355	0
75	1.09277664001855	0
76	0.58298273947091	0
77	-0.599831042607216	0
78	0.158479537609441	0
79	4.22277918280051	0
80	0.391714334442204	0
81	0.33177022213654	0
82	7.5173302663086	0
83	2.69585614553595	0
84	-2.37380881558173	0
85	6.47047610945289	0
86	7.73251541197951	0
87	9.98290102516725	0
88	9.31726091151868	0
89	5.30332070511052	0
90	10.0747615832888	0
91	3.82923596449484	0
92	11.5969566128186	0
93	12.2741860713448	0
94	1.49729153160628	0
95	7.15395395372344	0
96	4.05029911945523	0
97	-0.109726383816623	0
98	-0.553939803402985	0
99	-0.226251676677918	0
100	8.81242485221115	0
101	8.55632071564338	0
102	0.175002105410684	0
103	1.30168454422251	0
104	3.50342881885624	0
105	8.68840932869351	0
106	10.0117443452968	0
107	11.2590644663253	0
108	5.52246623443888	0
109	1.11859344544774	0
110	12.9970950903469	0
111	1.0340007896917	0
112	5.8384678084801	0
113	2.91957960781285	0
114	0.0349888098504865	0
115	8.9947178895006	0
116	6.34460717134618	0
117	6.99388021776221	0
118	9.43567368757619	0
119	2.98403160328304	0
120	9.61489063798503	0
121	2.1282747074767	0
122	7.42181550735181	0
123	3.63732299504189	0
124	8.14695862208917	0
125	5.21783591565566	0
126	3.79803920581527	0
127	5.52105325366223	0
128	6.72285671406426	0
129	4.20797677855704	0
130	8.91230044113409	0
131	9.03218425560953	0
132	8.49667672673218	0
133	9.32091834610859	0
134	6.9123546798909	0
135	1.07035984447719	0
136	6.54460496586534	0
137	7.73540897138004	0
138	5.47983669390778	0
139	1.46692306421476	0
140	5.3440734357843	0
141	5.23292947675027	0
142	12.0460714848872	0
143	1.62997162363475	0
144	2.88644765006361	0
145	4.668533833276	0
146	0.803780709811993	0
147	12.6076383930942	0
148	5.9359075149856	0
149	7.42547261116105	0
150	-2.9985591613619	0
151	10.8055576418856	0
152	8.12978496903149	0
153	-0.0621291524143852	0
154	0.475089487267889	0
155	2.05153761369778	0
156	6.02462503540665	0
157	8.74066847700793	0
158	8.39276821289705	0
159	-0.0540511022314258	0
160	10.2448781354606	0
161	3.19817493684269	0
162	-0.475229338323001	0
163	4.11027026380791	0
164	5.69035499382832	0
165	-1.18604411447534	0
166	5.09384561388329	0
167	8.82429058176307	0
168	-2.44773827934238	0
169	6.91695793778167	0
170	0.767720897728969	0
171	14.6158719177026	0
172	1.15683106764185	0
173	1.38770604247118	0
174	0.0230024708188306	0
175	-0.621341522821964	0
176	-0.0667370358522751	0
177	11.5106223174834	0
178	10.3809630483758	0
179	11.8207729573972	0
180	2.4545735165825	0
181	-0.553269126895843	0
182	9.63762828435777	0
183	0.453897148631049	0
184	2.26581546078627	0
185	1.12986398833778	0
186	7.45632988097753	0
187	8.15088203201351	0
188	5.63187883421854	0
189	0.0479606144664847	0
190	5.85334177583055	0
191	7.47175317907716	0
192	0.94456294939532	0
193	8.52163708262522	0
194	2.08564079178643	0
195	0.0115136148397563	0
196	7.32992453795833	0
197	12.8789455866351	0
198	-1.0826905038033	0
199	1.73616109502928	0
200	2.98812319560942	0
201	2.13777704125361	0.657698142005766
202	0.370577449836003	0.580932960551924
203	7.16402454575909	0.436403583590029
204	3.27689919299469	0.194941441226615
205	7.78067610730869	0.70365471287416
206	-1.62928343012448	0.202010680471553
207	1.91628439509508	0.168684100299136
208	11.1582838640615	0.373081770663832
209	11.150414870694	0.395894726761475
210	8.66180901230595	0.804382489891169
211	9.90929073231001	0.700563920265097
212	9.15011536979567	0.721745362491189
213	7.66580506057516	0.354199187758629
214	-4.34858158202059	0.572307242717595
215	6.76808851786802	0.294568097313415
216	4.77210484422042	0.490516109582765
217	7.49602192084265	0.332169676854238
218	5.03162066214857	0.134676925859601
219	1.68542638489522	0.575236675019399
220	5.25455808507939	0.289093202660877
221	2.45984371888309	0.175862734075223
222	8.10240287198131	0.696122870947164
223	9.99457053677909	0.379651258902925
224	5.90181810027828	0.758467612983588
225	4.53342840149862	0.656465462477618
226	-0.00841014455275049	0.570859731505264
227	6.83559412691964	0.83922856847501
228	-2.87807712491032	0.573542626325595
229	-0.766931271538603	0.222674439937469
230	1.13053242829008	0.603811549680112
231	6.65043333581921	0.50176220468239
232	9.44511717584912	0.417170056886465
233	5.38820949799105	0.493509909043636
234	7.81299269178465	0.714789350932132
235	-1.29491353050677	0.253143937115822
236	8.67049521087237	0.367559970703532
237	2.31378192939679	0.277000713970732
238	9.88122450101968	0.771148236694679
239	9.40661557055468	0.327782995299775
240	2.15311722002144	0.552743766973284
241	1.41268317376875	0.257771528044578
242	9.39955268545147	0.382973126618933
243	5.13947219406398	0.285142059352297
244	9.08499027724131	0.450672271823133
245	5.36810319444381	0.46746080204667
246	1.96156831766021	0.280517028162864
247	8.39846714223112	0.83207093649754
248	5.18780636190517	0.505254341584239
249	6.50776261402182	0.321588806186079
250	10.4478676194402	0.350088798287306
251	4.4694732489229	0.504973852393648
252	-0.871306030983109	0.228781201438765
253	2.30034665122364	0.533430882818511
254	2.34588715545427	0.67261076955523
255	12.3909498764063	0.797979506249127
256	13.9387180330806	0.777252187830528
257	0.23706642464464	0.621147697481601
258	4.02049231090547	0.475442460197042
259	10.7951485216016	0.372212501194802
260	0.233671824257256	0.555943713713588
261	4.94907873701757	0.191580287739942
262	1.83688095080756	0.637469368402403
263	4.02100722935262	0.518333042228145
264	0.533242306116686	0.609538826851205
265	8.37055999542821	0.380229650854258
266	4.19978810011259	0.663092452731695
267	0.11697167428337	0.504307382375492
268	7.66056494244898	0.297110310074324
269	10.1163885197263	0.788210360453719
270	4.45354499695112	0.218620374454526
271	1.2721136596478	0.604730338512523
272	-0.433043155965496	0.244455424109828
273	1.40126937391547	0.599250583724895
274	-1.42564467382355	0.608545013465778
275	1.09277664001855	0.505887110184114
276	0.58298273947091	0.206468580247162
277	-0.599831042607216	0.226527540988637
278	0.158479537609441	0.568069326459892
279	4.22277918280051	0.289182861432531
280	0.391714334442204	0.157205005049233
281	0.33177022213654	0.53590604227829
282	7.5173302663086	0.335844539982324
283	2.69585614553595	0.560865644656339
284	-2.37380881558173	0.614609588974372
285	6.47047610945289	0.303751437653507
286	7.73251541197951	0.702927258562862
287	9.98290102516725	0.3368478573786
288	9.31726091151868	0.761249179057463
289	5.30332070511052	0.672113064630885
290	10.0747615832888	0.745687760773978
291	3.82923596449484	0.676331737328625
292	11.5969566128186	0.80643591213853
293	12.2741860713448	0.386409018995133
294	1.49729153160628	0.217937879284653
295	7.15395395372344	0.288035163774628
296	4.05029911945523	0.27479099540496
297	-0.109726383816623	0.521062837159309
298	-0.553939803402985	0.553600841930686
299	-0.226251676677918	0.26502649398824
300	8.81242485221115	0.413305370873225
301	8.55632071564338	0.377455079009491
302	0.175002105410684	0.594560525031043
303	1.30168454422251	0.654276975884154
304	3.50342881885624	0.134116773957879
305	8.68840932869351	0.392741597148771
306	10.0117443452968	0.69535560681352
307	11.2590644663253	0.755719112290859
308	5.52246623443888	0.504614985289267
309	1.11859344544774	0.183517102671692
310	12.9970950903469	0.417749571542247
311	1.0340007896917	0.146006740143207
312	5.8384678084801	0.321964100282188
313	2.91957960781285	0.592019110920873
314	0.0349888098504865	0.538199880191627
315	8.9947178895006	0.742154488497435
316	6.34460717134618	0.839453760489936
317	6.99388021776221	0.333647477784348
318	9.43567368757619	0.774575096304199
319	2.98403160328304	0.527535899218472
320	9.61489063798503	0.38798385800173
321	2.1282747074767	0.134725509105073
322	7.42181550735181	0.492032231498695
323	3.63732299504189	0.500128183208457
324	8.14695862208917	0.723987807799465
325	5.21783591565566	0.305383151187742
326	3.79803920581527	0.522055720126684
327	5.52105325366223	0.480817040192763
328	6.72285671406426	0.699433100055375
329	4.20797677855704	0.684231280972781
330	8.91230044113409	0.419944893774644
331	9.03218425560953	0.434949980570278
332	8.49667672673218	0.793381933959593
333	9.32091834610859	0.823279931656487
334	6.9123546798909	0.386043800236849
335	1.07035984447719	0.180247683040394
336	6.54460496586534	0.418230937655023
337	7.73540897138004	0.445009714531752
338	5.47983669390778	0.470119015139256
339	1.46692306421476	0.139580894201729
340	5.3440734357843	0.483357245597679
341	5.23292947675027	0.357248308535741
342	12.0460714848872	0.415747733515771
343	1.62997162363475	0.676879483991604
344	2.88644765006361	0.662985064550681
345	4.668533833276	0.323751831512347
346	0.803780709811993	0.523009501227646
347	12.6076383930942	0.722774980710265
348	5.9359075149856	0.311231645569678
349	7.42547261116105	0.773276607552825
350	-2.9985591613619	0.226379592280405
351	10.8055576418856	0.406312758847352
352	8.12978496903149	0.447703462720573
353	-0.0621291524143852	0.612143397571116
354	0.475089487267889	0.522605847486376
355	2.05153761369778	0.488542006731676
356	6.02462503540665	0.718642354918065
357	8.74066847700793	0.467524867616173
358	8.39276821289705	0.794669787948808
359	-0.0540511022314258	0.648879853954564
360	10.2448781354606	0.695721820867655
361	3.19817493684269	0.643814833265172
362	-0.475229338323001	0.204383567876106
363	4.11027026380791	0.527571198441158
364	5.69035499382832	0.287264588693861
365	-1.18604411447534	0.214805917101745
366	5.09384561388329	0.551411887110624
367	8.82429058176307	0.802926456720051
368	-2.44773827934238	0.607311934109332
369	6.91695793778167	0.327772194571154
370	0.767720897728969	0.605779843872626
371	14.6158719177026	0.394958643217723
372	1.15683106764185	0.243609973007649
373	1.38770604247118	0.232437331479495
374	0.0230024708188306	0.567083087012696
375	-0.621341522821964	0.574906397063299
376	-0.0667370358522751	0.204130607995429
377	11.5106223174834	0.384949173792287
378	10.3809630483758	0.315277889170553
379	11.8207729573972	0.413038850694277
380	2.4545735165825	0.198632396060646
381	-0.553269126895843	0.637378082488836
382	9.63762828435777	0.711158640247874
383	0.453897148631049	0.210606822076253
384	2.26581546078627	0.486455017180348
385	1.12986398833778	0.217370265094866
386	7.45632988097753	0.712646554067819
387	8.15088203201351	0.30301996544501
388	5.63187883421854	0.327215657385474
389	0.0479606144664847	0.169368444234824
390	5.85334177583055	0.45455298533509
391	7.47175317907716	0.336399539882681
392	0.94456294939532	0.568850148377165
393	8.52163708262522	0.77623914312307
394	2.08564079178643	0.181193150227399
395	0.0115136148397563	0.644936611655498
396	7.32992453795833	0.423644963352728
397	12.8789455866351	0.769407961646827
398	-1.0826905038033	0.243687390998237
399	1.73616109502928	0.61992943876269
400	2.98812319560942	0.285200687256946
401	2.13777704125361	1.23110759330712
402	0.370577449836003	1.09425176662611
403	7.16402454575909	0.836586937478201
404	3.27689919299469	0.406111812174367
405	7.78067610730869	1.31303828608352
406	-1.62928343012448	0.418714747027763
407	1.91628439509508	0.359300614297681
408	11.1582838640615	0.723697748775298
409	11.150414870694	0.764368348474953
410	8.66180901230595	1.49261427264837
411	9.90929073231001	1.30752806687213
412	9.15011536979567	1.34529002784516
413	7.66580506057516	0.690034160095863
414	-4.34858158202059	1.07887396483398
415	6.76808851786802	0.583724736680023
416	4.77210484422042	0.933057946056312
417	7.49602192084265	0.650760274864292
418	5.03162066214857	0.29867312820483
419	1.68542638489522	1.08409651328337
420	5.25455808507939	0.573964175713785
421	2.45984371888309	0.372098576098337
422	8.10240287198131	1.29961063003128
423	9.99457053677909	0.735409734949302
424	5.90181810027828	1.41075791124678
425	4.53342840149862	1.2289099905312
426	-0.00841014455275049	1.07629336331853
427	6.83559412691964	1.55473734460451
428	-2.87807712491032	1.08107638840335
429	-0.766931271538603	0.455553790855804
430	1.13053242829008	1.13503937591895
431	6.65043333581921	0.953107317563601
432	9.44511717584912	0.802297691401313
433	5.38820949799105	0.938395247322004
434	7.81299269178465	1.33288895363042
435	-1.29491353050677	0.50987435840902
436	8.67049521087237	0.713853565722224
437	2.31378192939679	0.552405866269604
438	9.88122450101968	1.4333647390813
439	9.40661557055468	0.642939764065612
440	2.15311722002144	1.04399649050205
441	1.41268317376875	0.518124358866288
442	9.39955268545147	0.741331911433345
443	5.13947219406398	0.566920136038636
444	9.08499027724131	0.862024943183552
445	5.36810319444381	0.891955285807479
446	1.96156831766021	0.558674699046658
447	8.39846714223112	1.54197682449887
448	5.18780636190517	0.959333047426209
449	6.50776261402182	0.631896855604786
450	10.4478676194402	0.682706218724199
451	4.4694732489229	0.958832995458293
452	-0.871306030983109	0.466440834666234
453	2.30034665122364	1.00956576713842
454	2.34588715545427	1.25769360447281
455	12.3909498764063	1.48119912839989
456	13.9387180330806	1.4442467726139
457	0.23706642464464	1.16594600303692
458	4.02049231090547	0.906184867549706
459	10.7951485216016	0.722148028061563
460	0.233671824257256	1.04970130807932
461	4.94907873701757	0.400119597601188
462	1.83688095080756	1.19504403582181
463	4.02100722935262	0.982649560911057
464	0.533242306116686	1.14524988069516
465	8.37055999542821	0.736440883539667
466	4.19978810011259	1.24072449044447
467	0.11697167428337	0.957644822597038
468	7.66056494244898	0.588256955876331
469	10.1163885197263	1.46378284020155
470	4.45354499695112	0.448326263055054
471	1.2721136596478	1.1366773790191
472	-0.433043155965496	0.494384606316412
473	1.40126937391547	1.12690815347612
474	-1.42564467382355	1.14347812493489
475	1.09277664001855	0.960461137898917
476	0.58298273947091	0.426662224614575
477	-0.599831042607216	0.4624230422489
478	0.158479537609441	1.07131867059942
479	4.22277918280051	0.574124018041799
480	0.391714334442204	0.338835853579045
481	0.33177022213654	1.01397844470422
482	7.5173302663086	0.657311766332285
483	2.69585614553595	1.05847605354699
484	-2.37380881558173	1.15428996018336
485	6.47047610945289	0.600096659603076
486	7.73251541197951	1.31174139132915
487	9.98290102516725	0.659100465702108
488	9.31726091151868	1.41571684597863
489	5.30332070511052	1.25680630351717
490	10.0747615832888	1.38797418031717
491	3.82923596449484	1.2643272906185
492	11.5969566128186	1.49627508336836
493	12.2741860713448	0.747457369390017
494	1.49729153160628	0.447109520791052
495	7.15395395372344	0.572077919683435
496	4.05029911945523	0.548466412791819
497	-0.109726383816623	0.987516198817708
498	-0.553939803402985	1.04552447102137
499	-0.226251676677918	0.531058404522905
500	8.81242485221115	0.795407786509699
501	8.55632071564338	0.731494418015715
502	0.175002105410684	1.11854678641395
503	1.30168454422251	1.22500838909867
504	3.50342881885624	0.297674497704317
505	8.68840932869351	0.758746995778244
506	10.0117443452968	1.29824276291622
507	11.2590644663253	1.40585792498592
508	5.52246623443888	0.958193212508414
509	1.11859344544774	0.385744670879223
510	12.9970950903469	0.803330841532516
511	1.0340007896917	0.318871753031342
512	5.8384678084801	0.632565924351826
513	2.91957960781285	1.11401599104034
514	0.0349888098504865	1.01806786490693
515	8.9947178895006	1.3816751149188
516	6.34460717134618	1.55513881358799
517	6.99388021776221	0.653394876439249
518	9.43567368757619	1.43947409355554
519	2.98403160328304	0.999056277828619
520	9.61489063798503	0.750264969008171
521	2.1282747074767	0.298759741694122
522	7.42181550735181	0.935760865716295
523	3.63732299504189	0.950194208320654
524	8.14695862208917	1.34928782607398
525	5.21783591565566	0.603005654285368
526	3.79803920581527	0.989286295842479
527	5.52105325366223	0.915766589033943
528	6.72285671406426	1.305512057378
529	4.20797677855704	1.27841047983722
530	8.91230044113409	0.80724462944073
531	9.03218425560953	0.833995475578855
532	8.49667672673218	1.4730026447273
533	9.32091834610859	1.52630435148319
534	6.9123546798909	0.746806262805786
535	1.07035984447719	0.379915998062531
536	6.54460496586534	0.804189013897286
537	7.73540897138004	0.851929820048767
538	5.47983669390778	0.896694308674231
539	1.46692306421476	0.307415850214586
540	5.3440734357843	0.920295229545768
541	5.23292947675027	0.695470087383455
542	12.0460714848872	0.799761994396272
543	1.62997162363475	1.26530380524341
544	2.88644765006361	1.24053304038847
545	4.668533833276	0.63575306506788
546	0.803780709811993	0.99098668263989
547	12.6076383930942	1.3471256159317
548	5.9359075149856	0.613432263306806
549	7.42547261116105	1.43715916707273
550	-2.9985591613619	0.46215928148669
551	10.8055576418856	0.782941461525684
552	8.12978496903149	0.856732194357923
553	-0.0621291524143852	1.1498932707357
554	0.475089487267889	0.990267054738175
555	2.05153761369778	0.929538544779294
556	6.02462503540665	1.33975803197705
557	8.74066847700793	0.892069500954373
558	8.39276821289705	1.4752986117139
559	-0.0540511022314258	1.21538648018914
560	10.2448781354606	1.29889564389913
561	3.19817493684269	1.2063566364439
562	-0.475229338323001	0.422945095490708
563	4.11027026380791	0.999119208759158
564	5.69035499382832	0.570704149860959
565	-1.18604411447534	0.441525905074162
566	5.09384561388329	1.0416220348414
567	8.82429058176307	1.49001847831122
568	-2.44773827934238	1.14127980935101
569	6.91695793778167	0.642920508686855
570	0.767720897728969	1.13854842160563
571	14.6158719177026	0.762699512619993
572	1.15683106764185	0.492877348633752
573	1.38770604247118	0.472958929063995
574	0.0230024708188306	1.06956041754387
575	-0.621341522821964	1.08350769864293
576	-0.0667370358522751	0.422494122368109
577	11.5106223174834	0.744854779019253
578	10.3809630483758	0.620645846372242
579	11.8207729573972	0.794932638288509
580	2.4545735165825	0.412691991696997
581	-0.553269126895843	1.19488129264933
582	9.63762828435777	1.32641617648428
583	0.453897148631049	0.434039820756477
584	2.26581546078627	0.92581789076777
585	1.12986398833778	0.446097586634081
586	7.45632988097753	1.32906880716921
587	8.15088203201351	0.59879260180119
588	5.63187883421854	0.64192832244848
589	0.0479606144664847	0.360520652513954
590	5.85334177583055	0.868943421662111
591	7.47175317907716	0.658301211921193
592	0.94456294939532	1.07271070833001
593	8.52163708262522	1.44244073153801
594	2.08564079178643	0.381601562937475
595	0.0115136148397563	1.20835652631654
596	7.32992453795833	0.813841058593842
597	12.8789455866351	1.43026220254305
598	-1.0826905038033	0.493015368278873
599	1.73616109502928	1.16377410946577
600	2.98812319560942	0.567024656997296
601	2.13777704125361	1.73355297827141
602	0.370577449836003	1.54926208043318
603	7.16402454575909	1.20228903692748
604	3.27689919299469	0.622608585877528
605	7.78067610730869	1.84388135301764
606	-1.62928343012448	0.639579775456051
607	1.91628439509508	0.559572338939466
608	11.1582838640615	1.0502717611795
609	11.150414870694	1.10503904084921
610	8.66180901230595	2.08569948087389
611	9.90929073231001	1.8364612579411
612	9.15011536979567	1.88731174681413
613	7.66580506057516	1.004940165641
614	-4.34858158202059	1.52855423797021
615	6.76808851786802	0.861783242292509
616	4.77210484422042	1.33219749035167
617	7.49602192084265	0.952053710263466
618	5.03162066214857	0.477930993322751
619	1.68542638489522	1.53558695382955
620	5.25455808507939	0.848639610870332
621	2.45984371888309	0.576806153004537
622	8.10240287198131	1.82579958880093
623	9.99457053677909	1.06604319378724
624	5.90181810027828	1.97547120121409
625	4.53342840149862	1.73059367285863
626	-0.00841014455275049	1.52507918409944
627	6.83559412691964	2.16935479161159
628	-2.87807712491032	1.53152003509309
629	-0.766931271538603	0.689187458425921
630	1.13053242829008	1.60418692594066
631	6.65043333581921	1.35919609732207
632	9.44511717584912	1.15611492728994
633	5.38820949799105	1.33938473305914
634	7.81299269178465	1.87061238401301
635	-1.29491353050677	0.762335868751171
636	8.67049521087237	1.03701552374093
637	2.31378192939679	0.819609058794514
638	9.88122450101968	2.00591369460246
639	9.40661557055468	0.941522562327752
640	2.15311722002144	1.48158801654698
641	1.41268317376875	0.773445370102395
642	9.39955268545147	1.07401803306057
643	5.13947219406398	0.83915406372467
644	9.08499027724131	1.23654401184777
645	5.36810319444381	1.27684839528937
646	1.96156831766021	0.828050707563869
647	8.39846714223112	2.15217139676328
648	5.18780636190517	1.36757970344176
649	6.50776261402182	0.926652113883241
650	10.4478676194402	0.99507231472489
651	4.4694732489229	1.36690633038657
652	-0.871306030983109	0.70384801857368
653	2.30034665122364	1.43522339272506
654	2.34588715545427	1.76935386440454
655	12.3909498764063	2.07032777742856
656	13.9387180330806	2.02056750787928
657	0.23706642464464	1.64580598008585
658	4.02049231090547	1.29601003757187
659	10.7951485216016	1.04818489773598
660	0.233671824257256	1.48927015897974
661	4.94907873701757	0.614539432882644
662	1.83688095080756	1.6849895699797
663	4.02100722935262	1.39897786389127
664	0.533242306116686	1.61793645446439
665	8.37055999542821	1.06743174482033
666	4.19978810011259	1.7465031510981
667	0.11697167428337	1.36530632950464
668	7.66056494244898	0.867886356534288
669	10.1163885197263	2.0468748966348
670	4.45354499695112	0.67945482504192
671	1.2721136596478	1.60639267098864
672	-0.433043155965496	0.741477273325112
673	1.40126937391547	1.59323737179414
674	-1.42564467382355	1.61555059726175
675	1.09277664001855	1.36909879700979
676	0.58298273947091	0.650281897649479
677	-0.599831042607216	0.698437634596066
678	0.158479537609441	1.51838023229076
679	4.22277918280051	0.848854855532225
680	0.391714334442204	0.532014366302521
681	0.33177022213654	1.44116553147204
682	7.5173302663086	0.960875988964322
683	2.69585614553595	1.50108628518903
684	-2.37380881558173	1.63010988109746
685	6.47047610945289	0.883829774383979
686	7.73251541197951	1.84213494656583
687	9.98290102516725	0.963284662535785
688	9.31726091151868	1.98214893322022
689	5.30332070511052	1.76815901948098
690	10.0747615832888	1.94479048902995
691	3.82923596449484	1.77828682696385
692	11.5969566128186	2.09062915110251
693	12.2741860713448	1.08226661241508
694	1.49729153160628	0.67781635242655
695	7.15395395372344	0.846099566899853
696	4.05029911945523	0.814304166514661
697	-0.109726383816623	1.40553130842498
698	-0.553939803402985	1.48364560451099
699	-0.226251676677918	0.790862435524785
700	8.81242485221115	1.14683693899168
701	8.55632071564338	1.06077080392623
702	0.175002105410684	1.58197790348787
703	1.30168454422251	1.7253397523757
704	3.50342881885624	0.476586231349429
705	8.68840932869351	1.09746929273789
706	10.0117443452968	1.82395761053174
707	11.2590644663253	1.9688728495815
708	5.52246623443888	1.36604479473176
709	1.11859344544774	0.595182068156593
710	12.9970950903469	1.15750617361024
711	1.0340007896917	0.505130585730691
712	5.8384678084801	0.927553085972613
713	2.91957960781285	1.57587670657449
714	0.0349888098504865	1.44667236986593
715	8.9947178895006	1.9363081288268
716	6.34460717134618	2.16989541221368
717	6.99388021776221	0.955601480946453
718	9.43567368757619	2.01414058890849
719	2.98403160328304	1.42107124978971
720	9.61489063798503	1.08604734332693
721	2.1282747074767	0.478047627580083
722	7.42181550735181	1.33583725858809
723	3.63732299504189	1.35527328650062
724	8.14695862208917	1.89269520649453
725	5.21783591565566	0.887747044512753
726	3.79803920581527	1.4079149319642
727	5.52105325366223	1.30891284264777
728	6.72285671406426	1.83374648715835
729	4.20797677855704	1.79725133617391
730	8.91230044113409	1.16277650447627
731	9.03218425560953	1.19879935839697
732	8.49667672673218	2.0592903421087
733	9.32091834610859	2.13106674821853
734	6.9123546798909	1.08138982828461
735	1.07035984447719	0.587333141496736
736	6.54460496586534	1.15866179379419
737	7.73540897138004	1.22294985695195
738	5.47983669390778	1.28322999262556
739	1.46692306421476	0.489703996546671
740	5.3440734357843	1.31501113781101
741	5.23292947675027	1.01226021875609
742	12.0460714848872	1.15270034210904
743	1.62997162363475	1.77960180756308
744	2.88644765006361	1.74624534327532
745	4.668533833276	0.931844909260981
746	0.803780709811993	1.41020468328255
747	12.6076383930942	1.88978356101987
748	5.9359075149856	0.901787580342095
749	7.42547261116105	2.01102329467051
750	-2.9985591613619	0.69808245273161
751	10.8055576418856	1.13004970910338
752	8.12978496903149	1.22941676373008
753	-0.0621291524143852	1.62418927204868
754	0.475089487267889	1.40923562792457
755	2.05153761369778	1.32745824294859
756	6.02462503540665	1.87986232715773
757	8.74066847700793	1.27700219810857
758	8.39276821289705	2.06238210537249
759	-0.0540511022314258	1.71238283066576
760	10.2448781354606	1.82483678407838
761	3.19817493684269	1.70022318754711
762	-0.475229338323001	0.645276388711853
763	4.11027026380791	1.42115599296779
764	5.69035499382832	0.844249640008562
765	-1.18604411447534	0.670297421164326
766	5.09384561388329	1.47839055995203
767	8.82429058176307	2.08220396825599
768	-2.44773827934238	1.61259033197739
769	6.91695793778167	0.941496632916302
770	0.767720897728969	1.60891222844211
771	14.6158719177026	1.10279177622399
772	1.15683106764185	0.739447590860378
773	1.38770604247118	0.712625324574377
774	0.0230024708188306	1.51601255791333
775	-0.621341522821964	1.53479405241366
776	-0.0667370358522751	0.644669105531588
777	11.5106223174834	1.07876194821652
778	10.3809630483758	0.911501435659767
779	11.8207729573972	1.14619710147498
780	2.4545735165825	0.631469496089183
781	-0.553269126895843	1.68477041902281
782	9.63762828435777	1.86189610250203
783	0.453897148631049	0.66021661398456
784	2.26581546078627	1.32244798737557
785	1.12986398833778	0.676453675667627
786	7.45632988097753	1.86546815129538
787	8.15088203201351	0.882073722128325
788	5.63187883421854	0.940160548826005
789	0.0479606144664847	0.561215249904432
790	5.85334177583055	1.24586047751393
791	7.47175317907716	0.962208382479191
792	0.94456294939532	1.52025475885946
793	8.52163708262522	2.01813548185978
794	2.08564079178643	0.589602933523144
795	0.0115136148397563	1.70291625154844
796	7.32992453795833	1.17165929654026
797	12.8789455866351	2.00173579982021
798	-1.0826905038033	0.739633448963285
799	1.73616109502928	1.64288129484632
800	2.98812319560942	0.839294812290379
801	2.13777704125361	2.17574224659391
802	0.370577449836003	1.95366893995968
803	7.16402454575909	1.53556119840486
804	3.27689919299469	0.837037527046508
805	7.78067610730869	2.30868959930031
806	-1.62928343012448	0.857488066011961
807	1.91628439509508	0.761077900393457
808	11.1582838640615	1.35237809231073
809	11.150414870694	1.41837348890535
810	8.66180901230595	2.60008408425352
811	9.90929073231001	2.29974827301388
812	9.15011536979567	2.36102387772614
813	7.66580506057516	1.29775283716071
814	-4.34858158202059	1.9287156780083
815	6.76808851786802	1.1252465891121
816	4.77210484422042	1.69210284072173
817	7.49602192084265	1.2340238621564
818	5.03162066214857	0.662698849708671
819	1.68542638489522	1.93719020650549
820	5.25455808507939	1.10940831535391
821	2.45984371888309	0.781844905819354
822	8.10240287198131	2.28690080117469
823	9.99457053677909	1.37138290606248
824	5.90181810027828	2.46725734763334
825	4.53342840149862	2.17217623901532
826	-0.00841014455275049	1.92452818577257
827	6.83559412691964	2.70088999323196
828	-2.87807712491032	1.9322895081953
829	-0.766931271538603	0.917266070898844
830	1.13053242829008	2.01985420576118
831	6.65043333581921	1.72463656862021
832	9.44511717584912	1.47992070108034
833	5.38820949799105	1.70076357639752
834	7.81299269178465	2.34090089412016
835	-1.29491353050677	1.00541100668523
836	8.67049521087237	1.33640412660736
837	2.31378192939679	1.07442606300982
838	9.88122450101968	2.50394101051766
839	9.40661557055468	1.22133367033374
840	2.15311722002144	1.87212067405576
841	1.41268317376875	1.01879812308145
842	9.39955268545147	1.38099270745843
843	5.13947219406398	1.09797808822613
844	9.08499027724131	1.576838958937
845	5.36810319444381	1.62540634781905
846	1.96156831766021	1.0845983768769
847	8.39846714223112	2.68018374372139
848	5.18780636190517	1.73473894022053
849	6.50776261402182	1.20341455606416
850	10.4478676194402	1.28586192823346
851	4.4694732489229	1.73392751555052
852	-0.871306030983109	0.934932266610695
853	2.30034665122364	1.81625060427063
854	2.34588715545427	2.21888285341323
855	12.3909498764063	2.58156095016091
856	13.9387180330806	2.52159907614845
857	0.23706642464464	2.07000579263512
858	4.02049231090547	1.64849641527291
859	10.7951485216016	1.34986339044084
860	0.233671824257256	1.88137777135189
861	4.94907873701757	0.82731407619608
862	1.83688095080756	2.11722260841713
863	4.02100722935262	1.77257419630233
864	0.533242306116686	2.03642259464931
865	8.37055999542821	1.3730561309638
866	4.19978810011259	2.19134739983177
867	0.11697167428337	1.73199949039769
868	7.66056494244898	1.13260093366376
869	10.1163885197263	2.5532998756908
870	4.45354499695112	0.905538101133668
871	1.2721136596478	2.02251216175435
872	-0.433043155965496	0.980276085143543
873	1.40126937391547	2.00665982815484
874	-1.42564467382355	2.03354760079794
875	1.09277664001855	1.73656947084193
876	0.58298273947091	0.870384284389411
877	-0.599831042607216	0.928412672457302
878	0.158479537609441	1.91645584798168
879	4.22277918280051	1.10966768841228
880	0.391714334442204	0.727870128444818
881	0.33177022213654	1.82341097092737
882	7.5173302663086	1.24465484082182
883	2.69585614553595	1.89561638134122
884	-2.37380881558173	2.05109175702893
885	6.47047610945289	1.15181299222153
886	7.73251541197951	2.30658515323145
887	9.98290102516725	1.24755732874114
888	9.31726091151868	2.47530411524267
889	5.30332070511052	2.2174430472904
890	10.0747615832888	2.43028662751342
891	3.82923596449484	2.22964720779458
892	11.5969566128186	2.6060244111016
893	12.2741860713448	1.3909323697737
894	1.49729153160628	0.903563716962811
895	7.15395395372344	1.10634752412581
896	4.05029911945523	1.06803358794055
897	-0.109726383816623	1.78047119563609
898	-0.553939803402985	1.87460009853205
899	-0.226251676677918	1.039785949152
900	8.81242485221115	1.46874058548876
901	8.55632071564338	1.36502959689729
902	0.175002105410684	1.99309199931986
903	1.30168454422251	2.16584518572878
904	3.50342881885624	0.661078391283678
905	8.68840932869351	1.40925182845881
906	10.0117443452968	2.28468118962694
907	11.2590644663253	2.4593062345693
908	5.52246623443888	1.73288935211493
909	1.11859344544774	0.803988160250885
910	12.9970950903469	1.48159717384332
911	1.0340007896917	0.69547476808548
912	5.8384678084801	1.20450024099716
913	2.91957960781285	1.98573996517777
914	0.0349888098504865	1.83004679410462
915	8.9947178895006	2.42006525575567
916	6.34460717134618	2.70154144919722
917	6.99388021776221	1.23829897924571
918	9.43567368757619	2.51385454202302
919	2.98403160328304	1.79919705895462
920	9.61489063798503	1.39548820744631
921	2.1282747074767	0.662839395744837
922	7.42181550735181	1.69648881624807
923	3.63732299504189	1.71990952251734
924	8.14695862208917	2.36751102769601
925	5.21783591565566	1.1565333617063
926	3.79803920581527	1.7833434978894
927	5.52105325366223	1.66404448965787
928	6.72285671406426	2.29647693334627
929	4.20797677855704	2.25249972692806
930	8.91230044113409	1.48794800188858
931	9.03218425560953	1.53135608323394
932	8.49667672673218	2.56826067441753
933	9.32091834610859	2.65475232446702
934	6.9123546798909	1.38987583169536
935	1.07035984447719	0.794530085449958
936	6.54460496586534	1.48298971356435
937	7.73540897138004	1.56045779760986
938	5.47983669390778	1.6330962686924
939	1.46692306421476	0.676885495851372
940	5.3440734357843	1.67139302714735
941	5.23292947675027	1.30657361137731
942	12.0460714848872	1.47580607452634
943	1.62997162363475	2.23123177921539
944	2.88644765006361	2.19103673752368
945	4.668533833276	1.20967195267863
946	0.803780709811993	1.7861026827032
947	12.6076383930942	2.36400245106044
948	5.9359075149856	1.17345241877919
949	7.42547261116105	2.51009815553133
950	-2.9985591613619	0.927984672962908
951	10.8055576418856	1.44851172071978
952	8.12978496903149	1.56825051764519
953	-0.0621291524143852	2.04395733398268
954	0.475089487267889	1.78493495640644
955	2.05153761369778	1.68639197624548
956	6.02462503540665	2.35204721487947
957	8.74066847700793	1.62559168253189
958	8.39276821289705	2.57198629570091
959	-0.0540511022314258	2.150231899985
960	10.2448781354606	2.28574060698774
961	3.19817493684269	2.13557934694778
962	-0.475229338323001	0.864352570755124
963	4.11027026380791	1.79929917576012
964	5.69035499382832	1.10411833436875
965	-1.18604411447534	0.894503291584542
966	5.09384561388329	1.86826769071698
967	8.82429058176307	2.59587193891946
968	-2.44773827934238	2.02998043655965
969	6.91695793778167	1.22130242500254
970	0.767720897728969	2.025548266421
971	14.6158719177026	1.41566550119647
972	1.15683106764185	0.97783028721403
973	1.38770604247118	0.945509052495293
974	0.0230024708188306	1.91360276470845
975	-0.621341522821964	1.93623474836118
976	-0.0667370358522751	0.863620785379467
977	11.5106223174834	1.38670919664716
978	10.3809630483758	1.18515776069171
979	11.8207729573972	1.46796957164755
980	2.4545735165825	0.84771505726408
981	-0.553269126895843	2.11695852821448
982	9.63762828435777	2.33039764366448
983	0.453897148631049	0.88235576715326
984	2.26581546078627	1.68035454284408
985	1.12986398833778	0.901921670951438
986	7.45632988097753	2.33470201624231
987	8.15088203201351	1.14969692281382
988	5.63187883421854	1.21969242355725
989	0.0479606144664847	0.763057632842404
990	5.85334177583055	1.58806544033624
991	7.47175317907716	1.24626039506815
992	0.94456294939532	1.91871468072039
993	8.52163708262522	2.51866844817763
994	2.08564079178643	0.797265219016451
995	0.0115136148397563	2.13882452961696
996	7.32992453795833	1.49865190006768
997	12.8789455866351	2.49890658440141
998	-1.0826905038033	0.978054249026368
999	1.73616109502928	2.06648150288656
1000	2.98812319560942	1.09814769236697
1001	2.13777704125361	2.56636421792212
1002	0.370577449836003	2.31391233480175
1003	7.16402454575909	1.83860943459062
1004	3.27689919299469	1.04453103358304
1005	7.78067610730869	2.71749813876691
1006	-1.62928343012448	1.06777910941396
1007	1.91628439509508	0.958180489790453
1008	11.1582838640615	1.63036774723883
1009	11.150414870694	1.70539100149708
1010	8.66180901230595	3.04875400905705
1011	9.90929073231001	2.70733368139555
1012	9.15011536979567	2.77699149859745
1013	7.66580506057516	1.56827001591957
1014	-4.34858158202059	2.2855455848078
1015	6.76808851786802	1.37216573022244
1016	4.77210484422042	2.01656523210906
1017	7.49602192084265	1.49582321899018
1018	5.03162066214857	0.846343650949322
1019	1.68542638489522	2.29517938866338
1020	5.25455808507939	1.35416085563292
1021	2.45984371888309	0.981788323194644
1022	8.10240287198131	2.69272873626145
1023	9.99457053677909	1.65197232949457
1024	5.90181810027828	2.89775720400777
1025	4.53342840149862	2.56231039739736
1026	-0.00841014455275049	2.28078526346849
1027	6.83559412691964	3.16334968891148
1028	-2.87807712491032	2.28960829803675
1029	-0.766931271538603	1.13573446222783
1030	1.13053242829008	2.38915143147504
1031	6.65043333581921	2.05354941988641
1032	9.44511717584912	1.77535758077613
1033	5.38820949799105	2.02641071540328
1034	7.81299269178465	2.7541157861477
1035	-1.29491353050677	1.23593720772686
1036	8.67049521087237	1.61220861868873
1037	2.31378192939679	1.31439319686337
1038	9.88122450101968	2.93945901822064
1039	9.40661557055468	1.4813970690339
1040	2.15311722002144	2.22120865237964
1041	1.41268317376875	1.25115561823733
1042	9.39955268545147	1.66289670620417
1043	5.13947219406398	1.34116702757391
1044	9.08499027724131	1.88553379724937
1045	5.36810319444381	1.94074497488859
1046	1.96156831766021	1.32595703508578
1047	8.39846714223112	3.13981092254405
1048	5.18780636190517	2.06503374807126
1049	6.50776261402182	1.46102670480704
1050	10.4478676194402	1.55475248697296
1051	4.4694732489229	2.06411132434975
1052	-0.871306030983109	1.15581730983624
1053	2.30034665122364	2.15769582167931
1054	2.34588715545427	2.61540625541667
1055	12.3909498764063	3.02769699795633
1056	13.9387180330806	2.95953262359141
1057	0.23706642464464	2.44616351788782
1058	4.02049231090547	1.96699365420287
1059	10.7951485216016	1.62750904606416
1060	0.233671824257256	2.23173207673917
1061	4.94907873701757	1.03347746071189
1062	1.83688095080756	2.49983937042397
1063	4.02100722935262	2.10804468797645
1064	0.533242306116686	2.40798629748606
1065	8.37055999542821	1.65387444363708
1066	4.19978810011259	2.58410408220833
1067	0.11697167428337	2.0619195544882
1068	7.66056494244898	1.38052611427456
1069	10.1163885197263	2.99556994235872
1070	4.45354499695112	1.1224021617489
1071	1.2721136596478	2.39217298325854
1072	-0.433043155965496	1.2073639479711
1073	1.40126937391547	2.37415212550799
1074	-1.42564467382355	2.40471801809338
1075	1.09277664001855	2.06711468661127
1076	0.58298273947091	1.08243946938185
1077	-0.599831042607216	1.14840586608305
1078	0.158479537609441	2.27160866810284
1079	4.22277918280051	1.35445570969714
1080	0.391714334442204	0.920430051929526
1081	0.33177022213654	2.16583569257925
1082	7.5173302663086	1.50790846518285
1083	2.69585614553595	2.24791846113315
1084	-2.37380881558173	2.42466213179798
1085	6.47047610945289	1.40236629144414
1086	7.73251541197951	2.71510581444366
1087	9.98290102516725	1.51120799970176
1088	9.31726091151868	2.90690473131213
1089	5.30332070511052	2.61376949063595
1090	10.0747615832888	2.85572906448912
1091	3.82923596449484	2.62764312249147
1092	11.5969566128186	3.05550694448129
1093	12.2741860713448	1.67419606724446
1094	1.49729153160628	1.12015769117524
1095	7.15395395372344	1.35068136266241
1096	4.05029911945523	1.3071262614829
1097	-0.109726383816623	2.11702195941453
1098	-0.553939803402985	2.22402725038037
1099	-0.226251676677918	1.27501447950444
1100	8.81242485221115	1.7626480783268
1101	8.55632071564338	1.64474991772834
1102	0.175002105410684	2.35872828195308
1103	1.30168454422251	2.55511328600857
1104	3.50342881885624	0.844501521487173
1105	8.68840932869351	1.69502154110665
1106	10.0117443452968	2.69020549236727
1107	11.2590644663253	2.88871841633742
1108	5.52246623443888	2.06293114507348
1109	1.11859344544774	1.00696066994977
1110	12.9970950903469	1.77726338707239
1111	1.0340007896917	0.883603159715288
1112	5.8384678084801	1.46226090629647
1113	2.91957960781285	2.35037052436364
1114	0.0349888098504865	2.17337926493624
1115	8.9947178895006	2.84410945748895
1116	6.34460717134618	3.16409026096713
1117	6.99388021776221	1.50068315184799
1118	9.43567368757619	2.95072867387999
1119	2.98403160328304	2.13830943213904
1120	9.61489063798503	1.67937512193172
1121	2.1282747074767	0.846503423017532
1122	7.42181550735181	2.021551188313
1123	3.63732299504189	2.04817573626656
1124	8.14695862208917	2.78436605995648
1125	5.21783591565566	1.40773238511616
1126	3.79803920581527	2.12028717901129
1127	5.52105325366223	1.98466863151946
1128	6.72285671406426	2.70361483795627
1129	4.20797677855704	2.6536217580003
1130	8.91230044113409	1.78448297831322
1131	9.03218425560953	1.83382907958206
1132	8.49667672673218	3.01257730748868
1133	9.32091834610859	3.11090060559289
1134	6.9123546798909	1.67299499976135
1135	1.07035984447719	0.996208775314721
1136	6.54460496586534	1.77884641963142
1137	7.73540897138004	1.86691177064287
1138	5.47983669390778	1.94948684051372
1139	1.46692306421476	0.862470963088579
1140	5.3440734357843	1.99302241413078
1141	5.23292947675027	1.57829743026895
1142	12.0460714848872	1.77068009279868
1143	1.62997162363475	2.62944445577725
1144	2.88644765006361	2.58375092276796
1145	4.668533833276	1.46814008363988
1146	0.803780709811993	2.1234238072386
1147	12.6076383930942	2.78037752665572
1148	5.9359075149856	1.42696588905865
1149	7.42547261116105	2.94645843150856
1150	-2.9985591613619	1.14791931828506
1151	10.8055576418856	1.73965200067246
1152	8.12978496903149	1.87577049786842
1153	-0.0621291524143852	2.41655175347156
1154	0.475089487267889	2.12209634151544
1155	2.05153761369778	2.01007314842226
1156	6.02462503540665	2.76678687079177
1157	8.74066847700793	1.9409556625123
1158	8.39276821289705	3.01681257611704
1159	-0.0540511022314258	2.53736417672816
1160	10.2448781354606	2.69140983300505
1161	3.19817493684269	2.520707223838
1162	-0.475229338323001	1.07558264589191
1163	4.11027026380791	2.13842551803985
1164	5.69035499382832	1.34814723030525
1165	-1.18604411447534	1.10985784252039
1166	5.09384561388329	2.21682859916996
1167	8.82429058176307	3.04396566219233
1168	-2.44773827934238	2.40066288268334
1169	6.91695793778167	1.48136154948939
1170	0.767720897728969	2.39562441266292
1171	14.6158719177026	1.70231257389614
1172	1.15683106764185	1.20458357646947
1173	1.38770604247118	1.16784094993237
1174	0.0230024708188306	2.26836529655161
1175	-0.621341522821964	2.2940932283705
1176	-0.0667370358522751	1.074750755743
1177	11.5106223174834	1.66939518403748
1178	10.3809630483758	1.44027246630186
1179	11.8207729573972	1.76177159344406
1180	2.4545735165825	1.05666919935972
1181	-0.553269126895843	2.49953916530043
1182	9.63762828435777	2.74217574077886
1183	0.453897148631049	1.09604859428427
1184	2.26581546078627	2.00320982272815
1185	1.12986398833778	1.11829102104714
1186	7.45632988097753	2.74706893113745
1187	8.15088203201351	1.39996075376432
1188	5.63187883421854	1.47953130747224
1189	0.0479606144664847	0.960431040261312
1190	5.85334177583055	1.89829600812922
1191	7.47175317907716	1.50973365164529
1192	0.94456294939532	2.27417649846113
1193	8.52163708262522	2.95620109959525
1194	2.08564079178643	0.999318062198013
1195	0.0115136148397563	2.52439633212535
1196	7.32992453795833	1.79665111906366
1197	12.8789455866351	2.93373590645751
1198	-1.0826905038033	1.20483817519693
1199	1.73616109502928	2.44215712199463
1200	2.98812319560942	1.34135983275787
1201	2.13777704125361	2.91253862306544
1202	0.370577449836003	2.6354233448015
1203	7.16402454575909	2.11368552362288
1204	3.27689919299469	1.24202929219094
1205	7.78067610730869	3.07843763721562
1206	-1.62928343012448	1.26754859877466
1207	1.91628439509508	1.14724269493702
1208	11.1582838640615	1.88509957519037
1209	11.150414870694	1.96745225849409
1210	8.66180901230595	3.44205569202033
1211	9.90929073231001	3.06728015881597
1212	9.15011536979567	3.14374322638579
1213	7.66580506057516	1.81693517934036
1214	-4.34858158202059	2.60428529298405
1215	6.76808851786802	1.6016724012299
1216	4.77210484422042	2.3090267892077
1217	7.49602192084265	1.73741066147077
1218	5.03162066214857	1.02447990809403
1219	1.68542638489522	2.61486027544479
1220	5.25455808507939	1.58190853268468
1221	2.45984371888309	1.17315690576464
1222	8.10240287198131	3.05124837729451
1223	9.99457053677909	1.90881482638824
1224	5.90181810027828	3.27630718925219
1225	4.53342840149862	2.90808876280349
1226	-0.00841014455275049	2.59905991000705
1227	6.83559412691964	3.56784684603426
1228	-2.87807712491032	2.60874491472675
1229	-0.766931271538603	1.34214287896691
1230	1.13053242829008	2.71801295733771
1231	6.65043333581921	2.34962416309379
1232	9.44511717584912	2.04425425278481
1233	5.38820949799105	2.31983413122075
1234	7.81299269178465	3.11863266138368
1235	-1.29491353050677	1.45213497472218
1236	8.67049521087237	1.86516638277765
1237	2.31378192939679	1.53825575541237
1238	9.88122450101968	3.32208308011453
1239	9.40661557055468	1.72157514259883
1240	2.15311722002144	2.53366293631113
1241	1.41268317376875	1.46884015438341
1242	9.39955268545147	1.92080646477225
1243	5.13947219406398	1.56764526701291
1244	9.08499027724131	2.16519418204448
1245	5.36810319444381	2.22579923939506
1246	1.96156831766021	1.55094932777632
1247	8.39846714223112	3.54200844977723
1248	5.18780636190517	2.36223045765291
1249	6.50776261402182	1.69921468689022
1250	10.4478676194402	1.80209704959786
1251	4.4694732489229	2.36121791734976
1252	-0.871306030983109	1.36418772899753
1253	2.30034665122364	2.46394519233827
1254	2.34588715545427	2.96637184347542
1255	12.3909498764063	3.41894150717663
1256	13.9387180330806	3.34411778498314
1257	0.23706642464464	2.78059486401793
1258	4.02049231090547	2.25461229470814
1259	10.7951485216016	1.8819615919767
1260	0.233671824257256	2.54521445113302
1261	4.94907873701757	1.2298958357709
1262	1.83688095080756	2.83951460202011
1263	4.02100722935262	2.40944336980431
1264	0.533242306116686	2.7386879036728
1265	8.37055999542821	1.91090276838881
1266	4.19978810011259	2.93201159101195
1267	0.11697167428337	2.35881202159028
1268	7.66056494244898	1.61084955659257
1269	10.1163885197263	3.3836757850846
1270	4.45354499695112	1.32750807366678
1271	1.2721136596478	2.72132970092038
1272	-0.433043155965496	1.42077023808303
1273	1.40126937391547	2.70154828773236
1274	-1.42564467382355	2.73510032832121
1275	1.09277664001855	2.3645146943773
1276	0.58298273947091	1.2836412089059
1277	-0.599831042607216	1.35605222106383
1278	0.158479537609441	2.58898680321602
1279	4.22277918280051	1.58223219264334
1280	0.391714334442204	1.10580421183635
1281	0.33177022213654	2.47288029142166
1282	7.5173302663086	1.75067658098056
1283	2.69585614553595	2.56298217130204
1284	-2.37380881558173	2.75699289077971
1285	6.47047610945289	1.63482341925058
1286	7.73251541197951	3.07581159374015
1287	9.98290102516725	1.75429846494137
1288	9.31726091151868	3.2863483881652
1289	5.30332070511052	2.9645751742565
1290	10.0747615832888	3.23017309259318
1291	3.82923596449484	2.97980419653454
1292	11.5969566128186	3.44946835837106
1293	12.2741860713448	1.93320972174218
1294	1.49729153160628	1.32504432857648
1295	7.15395395372344	1.57808910915406
1296	4.05029911945523	1.53027887365893
1297	-0.109726383816623	2.41929767963107
1298	-0.553939803402985	2.53675689845406
1299	-0.226251676677918	1.49502991734883
1300	8.81242485221115	2.03030309003526
1301	8.55632071564338	1.90088681800266
1302	0.175002105410684	2.68461760515718
1303	1.30168454422251	2.90018852652659
1304	3.50342881885624	1.02245781100292
1305	8.68840932869351	1.95606974921739
1306	10.0117443452968	3.04847862400441
1307	11.2590644663253	3.26638535333844
1308	5.52246623443888	2.35992243995224
1309	1.11859344544774	1.20078847574694
1310	12.9970950903469	2.04634624764568
1311	1.0340007896917	1.06537950057096
1312	5.8384678084801	1.70056946422423
1313	2.91957960781285	2.67544333285057
1314	0.0349888098504865	2.48116083631985
1315	8.9947178895006	3.21741830309678
1316	6.34460717134618	3.56865976859495
1317	6.99388021776221	1.74274538755635
1318	9.43567368757619	3.33445372962358
1319	2.98403160328304	2.44266484114587
1320	9.61489063798503	1.9388947464014
1321	2.1282747074767	1.02465528916306
1322	7.42181550735181	2.31449985054433
1323	3.63732299504189	2.34372549514483
1324	8.14695862208917	3.151838248684
1325	5.21783591565566	1.6407137557485
1326	3.79803920581527	2.42288189625867
1327	5.52105325366223	2.27401403652466
1328	6.72285671406426	3.06319800136973
1329	4.20797677855704	3.00832082599662
1330	8.91230044113409	2.05427115995342
1331	9.03218425560953	2.10843814977871
1332	8.49667672673218	3.4023446920552
1333	9.32091834610859	3.51027372699522
1334	6.9123546798909	1.93189131545548
1335	1.07035984447719	1.18898617014783
1336	6.54460496586534	2.04808393525043
1337	7.73540897138004	2.14475286855094
1338	5.47983669390778	2.23539514533687
1339	1.46692306421476	1.04218278491903
1340	5.3440734357843	2.28318394551595
1341	5.23292947675027	1.82794222624115
1342	12.0460714848872	2.03911979561053
1343	1.62997162363475	2.98178151184931
1344	2.88644765006361	2.93162392950838
1345	4.668533833276	1.70702301032318
1346	0.803780709811993	2.42632495872775
1347	12.6076383930942	3.14746005390943
1348	5.9359075149856	1.66182628511899
1349	7.42547261116105	3.3297663040897
1350	-2.9985591613619	1.35551813976976
1351	10.8055576418856	2.00506040069821
1352	8.12978496903149	2.15447705293741
1353	-0.0621291524143852	2.74809016555947
1354	0.475089487267889	2.42486780567065
1355	2.05153761369778	2.30190045861692
1356	6.02462503540665	3.13254165308399
1357	8.74066847700793	2.22603051023666
1358	8.39276821289705	3.40699372707115
1359	-0.0540511022314258	2.8807054103922
1360	10.2448781354606	3.04980062321804
1361	3.19817493684269	2.86242114933568
1362	-0.475229338323001	1.27611450510027
1363	4.11027026380791	2.44279226810861
1364	5.69035499382832	1.57530740364792
1365	-1.18604411447534	1.31373823178375
1366	5.09384561388329	2.528854971922
1367	8.82429058176307	3.43679954555217
1368	-2.44773827934238	2.73064902471569
1369	6.91695793778167	1.72153615295716
1370	0.767720897728969	2.72511831920273
1371	14.6158719177026	1.96407308258658
1372	1.15683106764185	1.41771823699345
1373	1.38770604247118	1.37738602377672
1374	0.0230024708188306	2.58542656908814
1375	-0.621341522821964	2.61366800225562
1376	-0.0667370358522751	1.27520134308598
1377	11.5106223174834	1.92793981418843
1378	10.3809630483758	1.67643285414083
1379	11.8207729573972	2.02934097658547
1380	2.4545735165825	1.25535330128623
1381	-0.553269126895843	2.83918506822809
1382	9.63762828435777	3.10552612815457
1383	0.453897148631049	1.29857988311045
1384	2.26581546078627	2.29436661737149
1385	1.12986398833778	1.32299529330853
1386	7.45632988097753	3.11089736084676
1387	8.15088203201351	1.63218287153401
1388	5.63187883421854	1.71952710466009
1389	0.0479606144664847	1.14971311390269
1390	5.85334177583055	2.17920320259731
1391	7.47175317907716	1.75268007981833
1392	0.94456294939532	2.59180549886399
1393	8.52163708262522	3.34046078631936
1394	2.08564079178643	1.19239922014855
1395	0.0115136148397563	2.86647066664155
1396	7.32992453795833	2.06762807244041
1397	12.8789455866351	3.31580084648976
1398	-1.0826905038033	1.41799770885294
1399	1.73616109502928	2.7761970615573
1400	2.98812319560942	1.56785690838212
1401	2.13777704125361	3.22015630715569
1402	0.370577449836003	2.92282076894445
1403	7.16402454575909	2.36301332405305
1404	3.27689919299469	1.42775498560395
1405	7.78067610730869	3.39816046834839
1406	-1.62928343012448	1.45513635845853
1407	1.91628439509508	1.32605209832083
1408	11.1582838640615	2.11774815343344
1409	11.150414870694	2.20610986184105
1410	8.66180901230595	3.78831062789934
1411	9.90929073231001	3.3861888626476
1412	9.15011536979567	3.46823120795453
1413	7.66580506057516	2.04461000870942
1414	-4.34858158202059	2.8894106680868
1415	6.76808851786802	1.81364015967295
1416	4.77210484422042	2.57260804831869
1417	7.49602192084265	1.95928282837537
1418	5.03162066214857	1.19433168388916
1419	1.68542638489522	2.90075727488971
1420	5.25455808507939	1.79243418168486
1421	2.45984371888309	1.35385719038223
1422	8.10240287198131	3.3689872907349
1423	9.99457053677909	2.1431938344616
1424	5.90181810027828	3.61046796044695
1425	4.53342840149862	3.2153817541096
1426	-0.00841014455275049	2.88380400478928
1427	6.83559412691964	3.9232803802539
1428	-2.87807712491032	2.89419569487923
1429	-0.766931271538603	1.53517355665053
1430	1.13053242829008	3.01143669459082
1431	6.65043333581921	2.61616768923783
1432	9.44511717584912	2.288515864322
1433	5.38820949799105	2.5842039692445
1434	7.81299269178465	3.44128840131296
1435	-1.29491353050677	1.65319144146461
1436	8.67049521087237	2.09636049652967
1437	2.31378192939679	1.74559619387707
1438	9.88122450101968	3.65958397899318
1439	9.40661557055468	1.94229183980145
1440	2.15311722002144	2.81363521260619
1441	1.41268317376875	1.6711155473335
1442	9.39955268545147	2.15606046626653
1443	5.13947219406398	1.77713016885043
1444	9.08499027724131	2.41828041279053
1445	5.36810319444381	2.48330763705096
1446	1.96156831766021	1.7592159776519
1447	8.39846714223112	3.89555663472196
1448	5.18780636190517	2.62969382681158
1449	6.50776261402182	1.91829980957339
1450	10.4478676194402	2.02868918571952
1451	4.4694732489229	2.62860740451872
1452	-0.871306030983109	1.55882695241313
1453	2.30034665122364	2.73883037666603
1454	2.34588715545427	3.27791757410755
1455	12.3909498764063	3.76350987121111
1456	13.9387180330806	3.68322648933211
1457	0.23706642464464	3.07858501287057
1458	4.02049231090547	2.5142230934729
1459	10.7951485216016	2.11438120111821
1460	0.233671824257256	2.82602960636982
1461	4.94907873701757	1.41473618773174
1462	1.83688095080756	3.14180394514993
1463	4.02100722935262	2.68035172172449
1464	0.533242306116686	3.03362022894716
1465	8.37055999542821	2.14543412724655
1466	4.19978810011259	3.24105015841216
1467	0.11697167428337	2.62602595785505
1468	7.66056494244898	1.8234869441812
1469	10.1163885197263	3.72567091651929
1470	4.45354499695112	1.51947089406985
1471	1.2721136596478	3.01499545087607
1472	-0.433043155965496	1.61953811528253
1473	1.40126937391547	2.9937706480659
1474	-1.42564467382355	3.02977087912161
1475	1.09277664001855	2.63214473734997
1476	0.58298273947091	1.47240319745987
1477	-0.599831042607216	1.5500978211821
1478	0.158479537609441	2.87299589399895
1479	4.22277918280051	1.79278145812738
1480	0.391714334442204	1.28158997500311
1481	0.33177022213654	2.74841744278369
1482	7.5173302663086	1.97351672172843
1483	2.69585614553595	2.84509378309923
1484	-2.37380881558173	3.05326087535063
1485	6.47047610945289	1.84921010676205
1486	7.73251541197951	3.39534281045874
1487	9.98290102516725	1.97740288355816
1488	9.31726091151868	3.62124183513834
1489	5.30332070511052	3.27598980739421
1490	10.0747615832888	3.56096759891534
1491	3.82923596449484	3.29233004516039
1492	11.5969566128186	3.79626417399317
1493	12.2741860713448	2.16936875121506
1494	1.49729153160628	1.51682737698544
1495	7.15395395372344	1.78833606642305
1496	4.05029911945523	1.73703726329675
1497	-0.109726383816623	2.69092507060079
1498	-0.553939803402985	2.81695493176688
1499	-0.226251676677918	1.69921629773503
1500	8.81242485221115	2.27354672761182
1501	8.55632071564338	2.13468734339031
1502	0.175002105410684	2.97560458502054
1503	1.30168454422251	3.20690506159339
1504	3.50342881885624	1.19216204051668
1505	8.68840932869351	2.19389680544377
1506	10.0117443452968	3.36601543696204
1507	11.2590644663253	3.59982215831023
1508	5.52246623443888	2.62721740007131
1509	1.11859344544774	1.38350495207829
1510	12.9970950903469	2.29076050569215
1511	1.0340007896917	1.23821559537154
1512	5.8384678084801	1.91975344089349
1513	2.91957960781285	2.9657608939362
1514	0.0349888098504865	2.75730219388588
1515	8.9947178895006	3.54728213117989
1516	6.34460717134618	3.92415261930409
1517	6.99388021776221	1.96500681321592
1518	9.43567368757619	3.67285727721346
1519	2.98403160328304	2.71599726289924
1520	9.61489063798503	2.17546859485191
1521	2.1282747074767	1.19451986198197
1522	7.42181550735181	2.57848046231328
1523	3.63732299504189	2.60983861340945
1524	8.14695862208917	3.47691689943624
1525	5.21783591565566	1.85553024321871
1526	3.79803920581527	2.69477081662645
1527	5.52105325366223	2.53504052144508
1528	6.72285671406426	3.38180884257457
1529	4.20797677855704	3.32292744643756
1530	8.91230044113409	2.29926367477421
1531	9.03218425560953	2.35738306528159
1532	8.49667672673218	3.74570203691327
1533	9.32091834610859	3.86150632563224
1534	6.9123546798909	2.16795414482708
1535	1.07035984447719	1.37084146809637
1536	6.54460496586534	2.29262498708213
1537	7.73540897138004	2.39634755875439
1538	5.47983669390778	2.49360372709589
1539	1.46692306421476	1.21332628585273
1540	5.3440734357843	2.54487953083624
1541	5.23292947675027	2.0564202063819
1542	12.0460714848872	2.28300676140677
1543	1.62997162363475	3.29445163916637
1544	2.88644765006361	3.24063421042644
1545	4.668533833276	1.92667788264467
1546	0.803780709811993	2.69846510890349
1547	12.6076383930942	3.47221924109043
1548	5.9359075149856	1.8781832897151
1549	7.42547261116105	3.6678278244793
1550	-2.9985591613619	1.5495247695986
1551	10.8055576418856	2.246462155924
1552	8.12978496903149	2.40678128733237
1553	-0.0621291524143852	3.04370854531855
1554	0.475089487267889	2.69690163181481
1555	2.05153761369778	2.5649617310353
1556	6.02462503540665	3.45621228988055
1557	8.74066847700793	2.48355578302323
1558	8.39276821289705	3.75069029789005
1559	-0.0540511022314258	3.18600032166659
1560	10.2448781354606	3.3674338984419
1561	3.19817493684269	3.16638191363042
1562	-0.475229338323001	1.46432729294452
1563	4.11027026380791	2.71613398782032
1564	5.69035499382832	1.78535138831727
1565	-1.18604411447534	1.50469630865895
1566	5.09384561388329	2.80847642566272
1567	8.82429058176307	3.78267095639218
1568	-2.44773827934238	3.02499477741557
1569	6.91695793778167	1.94225000520408
1570	0.767720897728969	3.01906051312424
1571	14.6158719177026	2.20248411773388
1572	1.15683106764185	1.61626341894577
1573	1.38770604247118	1.57298828666444
1574	0.0230024708188306	2.86917588040315
1575	-0.621341522821964	2.89947800514818
1576	-0.0667370358522751	1.46334750027235
1577	11.5106223174834	2.16371431451769
1578	10.3809630483758	1.89385565570206
1579	11.8207729573972	2.27251441166661
1580	2.4545735165825	1.44205120716306
1581	-0.553269126895843	3.14145036627827
1582	9.63762828435777	3.42722552417325
1583	0.453897148631049	1.48843190133575
1584	2.26581546078627	2.55687816828285
1585	1.12986398833778	1.51462882983919
1586	7.45632988097753	3.43298867939658
1587	8.15088203201351	1.84637688630089
1588	5.63187883421854	1.9400943627565
1589	0.0479606144664847	1.32870277625301
1590	5.85334177583055	2.43331162901211
1591	7.47175317907716	1.97566640978954
1592	0.94456294939532	2.87602026130483
1593	8.52163708262522	3.67930265058622
1594	2.08564079178643	1.37450355798641
1595	0.0115136148397563	3.17072691191121
1596	7.32992453795833	2.31359520058556
1597	12.8789455866351	3.65284334986694
1598	-1.0826905038033	1.61656328301777
1599	1.73616109502928	3.07386631612541
1600	2.98812319560942	1.77735725304737
1601	2.13777704125361	3.49413751044809
1602	0.370577449836003	3.18006305000432
1603	7.16402454575909	2.58874045780962
1604	3.27689919299469	1.60083043605077
1605	7.78067610730869	3.68216266620202
1606	-1.62928343012448	1.6297532817935
1607	1.91628439509508	1.49340204171492
1608	11.1582838640615	2.32966773952164
1609	11.150414870694	2.42300389455702
1610	8.66180901230595	4.0942768776084
1611	9.90929073231001	3.669517102124
1612	9.15011536979567	3.75617813662675
1613	7.66580506057516	2.25241218009458
1614	-4.34858158202059	3.14477208053809
1615	6.76808851786802	2.00843955862014
1616	4.77210484422042	2.81013461180687
1617	7.49602192084265	2.16228138615778
1618	5.03162066214857	1.35426624132948
1619	1.68542638489522	3.1567574605264
1620	5.25455808507939	1.98603976028167
1621	2.45984371888309	1.52277246053304
1622	8.10240287198131	3.65134714353187
1623	9.99457053677909	2.35654592094463
1624	5.90181810027828	3.90642230711199
1625	4.53342840149862	3.48909416722437
1626	-0.00841014455275049	3.13884978224622
1627	6.83559412691964	4.23684494196427
1628	-2.87807712491032	3.14982648714243
1629	-0.766931271538603	1.71429628660486
1630	1.13053242829008	3.27366773379538
1631	6.65043333581921	2.85614650396448
1632	9.44511717584912	2.51004905882576
1633	5.38820949799105	2.82238334140722
1634	7.81299269178465	3.72771854679871
1635	-1.29491353050677	1.83895815419959
1636	8.67049521087237	2.30707603439746
1637	2.31378192939679	1.93656496208734
1638	9.88122450101968	3.95830338098851
1639	9.40661557055468	2.14433386598961
1640	2.15311722002144	3.06473073923684
1641	1.41268317376875	1.85789132281299
1642	9.39955268545147	2.3701368978799
1643	5.13947219406398	1.96987418652445
1644	9.08499027724131	2.64711888502336
1645	5.36810319444381	2.71580690831387
1646	1.96156831766021	1.95095149074172
1647	8.39846714223112	4.20756044919289
1648	5.18780636190517	2.87043411447321
1649	6.50776261402182	2.11899117068261
1650	10.4478676194402	2.23559507198684
1651	4.4694732489229	2.86928653050966
1652	-0.871306030983109	1.73928128354298
1653	2.30034665122364	2.98571465986796
1654	2.34588715545427	3.55515052914607
1655	12.3909498764063	4.06807992744795
1656	13.9387180330806	3.98327687969274
1657	0.23706642464464	3.34459626107569
1658	4.02049231090547	2.74846279382795
1659	10.7951485216016	2.32611123989127
1660	0.233671824257256	3.07782289282621
1661	4.94907873701757	1.5870787266455
1662	1.83688095080756	3.41137419204526
1663	4.02100722935262	2.92394386681464
1664	0.533242306116686	3.29710012141248
1665	8.37055999542821	2.35891233416217
1666	4.19978810011259	3.51620761044168
1667	0.11697167428337	2.86655975767607
1668	7.66056494244898	2.01884068170868
1669	10.1163885197263	4.02811077559315
1670	4.45354499695112	1.69770962055334
1671	1.2721136596478	3.27742683526999
1672	-0.433043155965496	1.80341026669727
1673	1.40126937391547	3.2550071523396
1674	-1.42564467382355	3.2930340670256
1675	1.09277664001855	2.8730230024668
1676	0.58298273947091	1.6479921817768
1677	-0.599831042607216	1.73006073359452
1678	0.158479537609441	3.12743321366074
1679	4.22277918280051	1.98640658713986
1680	0.391714334442204	1.44643686064303
1681	0.33177022213654	2.9958414433539
1682	7.5173302663086	2.17731659655265
1683	2.69585614553595	3.09796031419238
1684	-2.37380881558173	3.31784646562362
1685	6.47047610945289	2.04601196589857
1686	7.73251541197951	3.67918638429932
1687	9.98290102516725	2.18142153532725
1688	9.31726091151868	3.9178027122292
1689	5.30332070511052	3.55311423609481
1690	10.0747615832888	3.85413525312127
1691	3.82923596449484	3.57037437052343
1692	11.5969566128186	4.10267817976374
1693	12.2741860713448	2.38419439144352
1694	1.49729153160628	1.6949172829574
1695	7.15395395372344	1.98171093585849
1696	4.05029911945523	1.92752419447456
1697	-0.109726383816623	2.93511245723403
1698	-0.553939803402985	3.06823734665583
1699	-0.226251676677918	1.88757404447324
1700	8.81242485221115	2.4942372135151
1701	8.55632071564338	2.34756054499678
1702	0.175002105410684	3.23581840523025
1703	1.30168454422251	3.48014026738315
1704	3.50342881885624	1.35197445483242
1705	8.68840932869351	2.41010328697603
1706	10.0117443452968	3.6482079850719
1707	11.2590644663253	3.89517718457401
1708	5.52246623443888	2.86781827380728
1709	1.11859344544774	1.55408928466403
1710	12.9970950903469	2.51242006543822
1711	1.0340007896917	1.40062065931768
1712	5.8384678084801	2.12052663622195
1713	2.91957960781285	3.22542054971426
1714	0.0349888098504865	3.00522637401299
1715	8.9947178895006	3.83967934273534
1716	6.34460717134618	4.23776628493832
1717	6.99388021776221	2.16832761077391
1718	9.43567368757619	3.97232391819683
1719	2.98403160328304	2.96159612385407
1720	9.61489063798503	2.39063763435541
1721	2.1282747074767	1.35446501317263
1722	7.42181550735181	2.81633762160499
1723	3.63732299504189	2.84946112391249
1724	8.14695862208917	3.76535280132412
1725	5.21783591565566	2.05268790332434
1726	3.79803920581527	2.93917470494003
1727	5.52105325366223	2.770452168181
1728	6.72285671406426	3.66489050266184
1729	4.20797677855704	3.60269429553113
1730	8.91230044113409	2.52140193238079
1731	9.03218425560953	2.58279323570343
1732	8.49667672673218	4.04926957607719
1733	9.32091834610859	4.1715932300719
1734	6.9123546798909	2.38270014779973
1735	1.07035984447719	1.54071289204413
1736	6.54460496586534	2.51438951042986
1737	7.73540897138004	2.62395129012759
1738	5.47983669390778	2.72668263122609
1739	1.46692306421476	1.37433017112053
1740	5.3440734357843	2.7808450784413
1741	5.23292947675027	2.26488724945236
1742	12.0460714848872	2.5042298132151
1743	1.62997162363475	3.57261540264733
1744	2.88644765006361	3.5157682460792
1745	4.668533833276	2.12784089915857
1746	0.803780709811993	2.94307697259566
1747	12.6076383930942	3.76039068169595
1748	5.9359075149856	2.07661623492763
1749	7.42547261116105	3.96701132534866
1750	-2.9985591613619	1.72945542126631
1751	10.8055576418856	2.46562787777818
1752	8.12978496903149	2.63497240012763
1753	-0.0621291524143852	3.30775637374004
1754	0.475089487267889	2.94142547736574
1755	2.05153761369778	2.80205783433987
1756	6.02462503540665	3.74348259665896
1757	8.74066847700793	2.71606902401259
1758	8.39276821289705	4.05453865822007
1759	-0.0540511022314258	3.45805866572623
1760	10.2448781354606	3.64970630083539
1761	3.19817493684269	3.43733581182255
1762	-0.475229338323001	1.63946163286053
1763	4.11027026380791	2.96174054589684
1764	5.69035499382832	1.97855823110173
1765	-1.18604411447534	1.68210327908093
1766	5.09384561388329	3.05928153112818
1767	8.82429058176307	4.08831971286332
1768	-2.44773827934238	3.28798908795794
1769	6.91695793778167	2.14428967625476
1770	0.767720897728969	3.28172074591365
1771	14.6158719177026	2.41917403408686
1772	1.15683106764185	1.7999512167254
1773	1.38770604247118	1.75423985001943
1774	0.0230024708188306	3.12339814702792
1775	-0.621341522821964	3.15540617249588
1776	-0.0667370358522751	1.6384266813821
1777	11.5106223174834	2.37822163028108
1778	10.3809630483758	2.09317089879608
1779	11.8207729573972	2.49314678189213
1780	2.4545735165825	1.6159314835057
1781	-0.553269126895843	3.41100070795382
1782	9.63762828435777	3.7128639802154
1783	0.453897148631049	1.66492324407669
1784	2.26581546078627	2.79351919605528
1785	1.12986398833778	1.69259496550798
1786	7.45632988097753	3.71895158036609
1787	8.15088203201351	2.04301924530751
1788	5.63187883421854	2.14201267888435
1789	0.0479606144664847	1.49620194328864
1790	5.85334177583055	2.66299630469881
1791	7.47175317907716	2.17958730432601
1792	0.94456294939532	3.13062784197693
1793	8.52163708262522	3.979132142927
1794	2.08564079178643	1.54458114443411
1795	0.0115136148397563	3.44192541789143
1796	7.32992453795833	2.53654027159047
1797	12.8789455866351	3.95118327866704
1798	-1.0826905038033	1.800267962067
1799	1.73616109502928	3.33961191866189
1800	2.98812319560942	1.97011405474557
1801	2.13777704125361	3.73862892985399
1802	0.370577449836003	3.4105665076678
1803	7.16402454575909	2.79290812941347
1804	3.27689919299469	1.76099947252274
1805	7.78067610730869	3.93502817843157
1806	-1.62928343012448	1.79121045757854
1807	1.91628439509508	1.64878653038286
1808	11.1582838640615	2.52229706678894
1809	11.150414870694	2.61979014233283
1810	8.66180901230595	4.36549675655249
1811	9.90929073231001	3.92181941775908
1812	9.15011536979567	4.01234008234276
1813	7.66580506057516	2.44160076974785
1814	-4.34858158202059	3.37370378120468
1815	6.76808851786802	2.18676231827069
1816	4.77210484422042	3.02416253423063
1817	7.49602192084265	2.34745581275043
1818	5.03162066214857	1.50345402667413
1819	1.68542638489522	3.38622295511087
1820	5.25455808507939	2.16336489815248
1821	2.45984371888309	1.67946502211529
1822	8.10240287198131	3.90284022213032
1823	9.99457053677909	2.55037232413118
1824	5.90181810027828	4.16927569060297
1825	4.53342840149862	3.73336097081156
1826	-0.00841014455275049	3.36751772099528
1827	6.83559412691964	4.5144143872726
1828	-2.87807712491032	3.37898329635848
1829	-0.766931271538603	1.87951876159704
1830	1.13053242829008	3.50834007145608
1831	6.65043333581921	3.07222366205768
1832	9.44511717584912	2.71071204470353
1833	5.38820949799105	3.03695678657359
1834	7.81299269178465	3.98261298527087
1835	-1.29491353050677	2.00973270570314
1836	8.67049521087237	2.49869919291571
1837	2.31378192939679	2.11168663653939
1838	9.88122450101968	4.22346739640899
1839	9.40661557055468	2.32870896230519
1840	2.15311722002144	3.29009763167818
1841	1.41268317376875	2.0295091025047
1842	9.39955268545147	2.56456860359613
1843	5.13947219406398	2.14647935682152
1844	9.08499027724131	2.85388656175113
1845	5.36810319444381	2.92563374954865
1846	1.96156831766021	2.12671389928001
1847	8.39846714223112	4.48382564848276
1848	5.18780636190517	3.08714760112652
1849	6.50776261402182	2.30223757715852
1850	10.4478676194402	2.42403467662396
1851	4.4694732489229	3.08594890711552
1852	-0.871306030983109	1.90561651753126
1853	2.30034665122364	3.20756240626448
1854	2.34588715545427	3.80235929070749
1855	12.3909498764063	4.33813307052916
1856	13.9387180330806	4.24955314201146
1857	0.23706642464464	3.58242754876575
1858	4.02049231090547	2.95974403309494
1859	10.7951485216016	2.51858217102316
1860	0.233671824257256	3.3037728716582
1861	4.94907873701757	1.74663530203171
1862	1.83688095080756	3.65217957429341
1863	4.02100722935262	3.14304052199284
1864	0.533242306116686	3.53281606937201
1865	8.37055999542821	2.55284413050138
1866	4.19978810011259	3.76168196782325
1867	0.11697167428337	3.0831006917615
1868	7.66056494244898	2.19762667708886
1869	10.1163885197263	4.29638380905886
1870	4.45354499695112	1.8621933737474
1871	1.2721136596478	3.51226659236217
1872	-0.433043155965496	1.97260161882287
1873	1.40126937391547	3.48884840205024
1874	-1.42564467382355	3.52856892476492
1875	1.09277664001855	3.08985179065134
1876	0.58298273947091	1.81026166504724
1877	-0.599831042607216	1.89598531114248
1878	0.158479537609441	3.35559269169517
1879	4.22277918280051	2.16374806241058
1880	0.391714334442204	1.59972965692971
1881	0.33177022213654	3.21814020719316
1882	7.5173302663086	2.363160647627
1883	2.69585614553595	3.3248071551228
1884	-2.37380881558173	3.55448639533166
1885	6.47047610945289	2.22600809114159
1886	7.73251541197951	3.93191934160119
1887	9.98290102516725	2.3674484084192
1888	9.31726091151868	4.18116294581926
1889	5.30332070511052	3.80023230709431
1890	10.0747615832888	4.11465992351087
1891	3.82923596449484	3.81826115764114
1892	11.5969566128186	4.37427222823747
1893	12.2741860713448	2.57925217698134
1894	1.49729153160628	1.85927667356747
1895	7.15395395372344	2.15884328049698
1896	4.05029911945523	2.10224321946791
1897	-0.109726383816623	3.15470652890155
1898	-0.553939803402985	3.29376041317879
1899	-0.226251676677918	2.0605138061383
1900	8.81242485221115	2.69419598585392
1901	8.55632071564338	2.54098676570806
1902	0.175002105410684	3.46880504403088
1903	1.30168454422251	3.72400829034918
1904	3.50342881885624	1.5010601706812
1905	8.68840932869351	2.60631497926255
1906	10.0117443452968	3.89956125469518
1907	11.2590644663253	4.157529743058
1908	5.52246623443888	3.08441525853584
1909	1.11859344544774	1.71217660638444
1910	12.9970950903469	2.71318864904507
1911	1.0340007896917	1.55187293543466
1912	5.8384678084801	2.30384142786102
1913	2.91957960781285	3.45794409831343
1914	0.0349888098504865	3.22794311533067
1915	8.9947178895006	4.09956018897844
1916	6.34460717134618	4.51537676417935
1917	6.99388021776221	2.35377131860164
1918	9.43567368757619	4.23811236751046
1919	2.98403160328304	3.18236970090053
1920	9.61489063798503	2.58598238316692
1921	2.1282747074767	1.50366165123627
1922	7.42181550735181	3.03064180801921
1923	3.63732299504189	3.06524053464899
1924	8.14695862208917	4.021923359885
1925	5.21783591565566	2.23298135537698
1926	3.79803920581527	3.1589496972893
1927	5.52105325366223	2.98271275013875
1928	6.72285671406426	3.9169867630316
1929	4.20797677855704	3.85202051797855
1930	8.91230044113409	2.72257054218203
1931	9.03218425560953	2.78669603535565
1932	8.49667672673218	4.31848496089254
1933	9.32091834610859	4.44625655417481
1934	6.9123546798909	2.57769138407757
1935	1.07035984447719	1.69820446819531
1936	6.54460496586534	2.71524580738073
1937	7.73540897138004	2.82968714965314
1938	5.47983669390778	2.9369938454844
1939	1.46692306421476	1.5244115454629
1940	5.3440734357843	2.99356853035323
1941	5.23292947675027	2.45463144236183
1942	12.0460714848872	2.70463362684162
1943	1.62997162363475	3.82060199880894
1944	2.88644765006361	3.7612230354517
1945	4.668533833276	2.31148144676642
1946	0.803780709811993	3.16302576058116
1947	12.6076383930942	4.01674024190051
1948	5.9359075149856	2.25797538517985
1949	7.42547261116105	4.23256316724949
1950	-2.9985591613619	1.89535303996611
1951	10.8055576418856	2.66431247362649
1952	8.12978496903149	2.84119910779416
1953	-0.0621291524143852	3.54394692014246
1954	0.475089487267889	3.16130071256359
1955	2.05153761369778	3.01572604061846
1956	6.02462503540665	3.99907911999991
1957	8.74066847700793	2.9259075391172
1958	8.39276821289705	4.32398871260813
1959	-0.0540511022314258	3.70094323846599
1960	10.2448781354606	3.90112630107901
1961	3.19817493684269	3.67929744900369
1962	-0.475229338323001	1.80135119032703
1963	4.11027026380791	3.18252055508047
1964	5.69035499382832	2.15555016345244
1965	-1.18604411447534	1.84589197127847
1966	5.09384561388329	3.2844057317109
1967	8.82429058176307	4.3592742770396
1968	-2.44773827934238	3.52329925702282
1969	6.91695793778167	2.32866280448825
1970	0.767720897728969	3.5167517412801
1971	14.6158719177026	2.61578971103161
1972	1.15683106764185	1.96898851283956
1973	1.38770604247118	1.92124129499252
1974	0.0230024708188306	3.35137791494646
1975	-0.621341522821964	3.38481148464703
1976	-0.0667370358522751	1.80027014512399
1977	11.5106223174834	2.57301340643209
1978	10.3809630483758	2.27526734556239
1979	11.8207729573972	2.69305698958228
1980	2.4545735165825	1.77677307665028
1981	-0.553269126895843	3.65178945630829
1982	9.63762828435777	3.96709683955511
1983	0.453897148631049	1.82794678755112
1984	2.26581546078627	3.00680711625302
1985	1.12986398833778	1.85685092686249
1986	7.45632988097753	3.97345556368668
1987	8.15088203201351	2.22288208349155
1988	5.63187883421854	2.3262843962866
1989	0.0479606144664847	1.6517111314181
1990	5.85334177583055	2.87047111545676
1991	7.47175317907716	2.36553248611127
1992	0.94456294939532	3.35892959945238
1993	8.52163708262522	4.24522381074151
1994	2.08564079178643	1.70224500128065
1995	0.0115136148397563	3.68409146275989
1996	7.32992453795833	2.73838309893048
1997	12.8789455866351	4.21603018546704
1998	-1.0826905038033	1.96931936509617
1999	1.73616109502928	3.57722121825749
2000	2.98812319560942	2.14672990807461
2001	2.13777704125361	3.95715492723232
2002	0.370577449836003	3.61729808310336
2003	7.16402454575909	2.97743379817714
2004	3.27689919299469	1.90842620741686
2005	7.78067610730869	4.1606150747435
2006	-1.62928343012448	1.93972333060052
2007	1.91628439509508	1.79217901234969
2008	11.1582838640615	2.69709379118371
2009	11.150414870694	2.79809191452247
2010	8.66180901230595	4.60655975649626
2011	9.90929073231001	4.14693143585828
2012	9.15011536979567	4.24070647778126
2013	7.66580506057516	2.6134963201216
2014	-4.34858158202059	3.57911007669209
2015	6.76808851786802	2.34949597742893
2016	4.77210484422042	3.21700220619029
2017	7.49602192084265	2.51596668608859
2018	5.03162066214857	1.64162154913686
2019	1.68542638489522	3.59207933695208
2020	5.25455808507939	2.32525737884412
2021	2.45984371888309	1.82396044989851
2022	8.10240287198131	4.12726990471579
2023	9.99457053677909	2.72617840348054
2024	5.90181810027828	4.40328419759248
2025	4.53342840149862	3.95169757578308
2026	-0.00841014455275049	3.57270161672173
2027	6.83559412691964	4.76083123835154
2028	-2.87807712491032	3.58457939971526
2029	-0.766931271538603	2.03120647369905
2030	1.13053242829008	3.71858677873296
2031	6.65043333581921	3.26679121621993
2032	9.44511717584912	2.89228261943768
2033	5.38820949799105	3.23025643444139
2034	7.81299269178465	4.20991063920688
2035	-1.29491353050677	2.16610183846097
2036	8.67049521087237	2.67264753217829
2037	2.31378192939679	2.27172119269742
2038	9.88122450101968	4.45942419067814
2039	9.40661557055468	2.49654585334823
2040	2.15311722002144	3.49249813882215
2041	1.41268317376875	2.18658923156265
2042	9.39955268545147	2.74088506419827
2043	5.13947219406398	2.30776477255929
2044	9.08499027724131	3.04060451256773
2045	5.36810319444381	3.11493113814558
2046	1.96156831766021	2.28728871200332
2047	8.39846714223112	4.72914278052171
2048	5.18780636190517	3.28225169718606
2049	6.50776261402182	2.46912277527754
2050	10.4478676194402	2.59529869500812
2051	4.4694732489229	3.28100990801392
2052	-0.871306030983109	2.05824248992897
2053	2.30034665122364	3.40699562667325
2054	2.34588715545427	4.02317650681628
2055	12.3909498764063	4.57821229776066
2056	13.9387180330806	4.48644776478373
2057	0.23706642464464	3.79533783135322
2058	4.02049231090547	3.15026774646888
2059	10.7951485216016	2.69324533837155
2060	0.233671824257256	3.50666502776769
2061	4.94907873701757	1.89354561969493
2062	1.83688095080756	3.86759756506323
2063	4.02100722935262	3.34015406701004
2064	0.533242306116686	3.74394273188719
2065	8.37055999542821	2.72873907564371
2066	4.19978810011259	3.98103676252333
2067	0.11697167428337	3.27805929430095
2068	7.66056494244898	2.36075092908362
2069	10.1163885197263	4.53496207680131
2070	4.45354499695112	2.01325820763843
2071	1.2721136596478	3.72265446498199
2072	-0.433043155965496	2.12763582360284
2073	1.40126937391547	3.69839434947841
2074	-1.42564467382355	3.73954289495035
2075	1.09277664001855	3.28505310708759
2076	0.58298273947091	1.95945946253545
2077	-0.599831042607216	2.04826502470563
2078	0.158479537609441	3.56034786161296
2079	4.22277918280051	2.32565431853221
2080	0.391714334442204	1.74135845788473
2081	0.33177022213654	3.41795371817757
2082	7.5173302663086	2.53223613744223
2083	2.69585614553595	3.52845553077366
2084	-2.37380881558173	3.76639214423626
2085	6.47047610945289	2.39015270496396
2086	7.73251541197951	4.15739446975302
2087	9.98290102516725	2.53667805078758
2088	9.31726091151868	4.41559882057258
2089	5.30332070511052	4.02097305439564
2090	10.0747615832888	4.34670489747053
2091	3.82923596449484	4.03965007387652
2092	11.5969566128186	4.61565072184586
2093	12.2741860713448	2.75609653791105
2094	1.49729153160628	2.01023664694941
2095	7.15395395372344	2.3205732010693
2096	4.05029911945523	2.26193826814812
2097	-0.109726383816623	3.3522394874162
2098	-0.553939803402985	3.49629260376951
2099	-0.226251676677918	2.21870860890508
2100	8.81242485221115	2.87517277918023
2101	8.55632071564338	2.71645541769993
2102	0.175002105410684	3.6776303974329
2103	1.30168454422251	3.94200864998381
2104	3.50342881885624	1.63914162980433
2105	8.68840932869351	2.784132295604
2106	10.0117443452968	4.12387305262562
2107	11.2590644663253	4.39111596254338
2108	5.52246623443888	3.27942112206636
2109	1.11859344544774	1.85784807324191
2110	12.9970950903469	2.89484826206771
2111	1.0340007896917	1.69178120295477
2112	5.8384678084801	2.4707842872379
2113	2.91957960781285	3.66637898158591
2114	0.0349888098504865	3.42810905812995
2115	8.9947178895006	4.33106230088426
2116	6.34460717134618	4.76182821440327
2117	6.99388021776221	2.52250924549959
2118	9.43567368757619	4.47459567428708
2119	2.98403160328304	3.38089719917581
2120	9.61489063798503	2.76306870686391
2121	2.1282747074767	1.64183663816773
2122	7.42181550735181	3.22371442128448
2123	3.63732299504189	3.25955703308049
2124	8.14695862208917	4.25063429103161
2125	5.21783591565566	2.39737667033166
2126	3.79803920581527	3.35663520518161
2127	5.52105325366223	3.17406222934863
2128	6.72285671406426	4.14192503868088
2129	4.20797677855704	4.07462314268345
2130	8.91230044113409	2.90456745078867
2131	9.03218425560953	2.97099836839566
2132	8.49667672673218	4.55785780397346
2133	9.32091834610859	4.69022301109735
2134	6.9123546798909	2.75447963175312
2135	1.07035984447719	1.84337361207367
2136	6.54460496586534	2.89697937886912
2137	7.73540897138004	3.01553508897879
2138	5.47983669390778	3.12669964954044
2139	1.46692306421476	1.66333252764169
2140	5.3440734357843	3.18530829398372
2141	5.23292947675027	2.62699546836891
2142	12.0460714848872	2.88598567174681
2143	1.62997162363475	4.04207507240758
2144	2.88644765006361	3.98056133072463
2145	4.668533833276	2.47869897828045
2146	0.803780709811993	3.36085781012859
2147	12.6076383930942	4.24526483082578
2148	5.9359075149856	2.42326927953165
2149	7.42547261116105	4.4688469705021
2150	-2.9985591613619	2.04761002226676
2151	10.8055576418856	2.84421490204995
2152	8.12978496903149	3.02746092229271
2153	-0.0621291524143852	3.75547375634926
2154	0.475089487267889	3.3590707435962
2155	2.05153761369778	3.2082624057723
2156	6.02462503540665	4.22696876048368
2157	8.74066847700793	3.11521477093138
2158	8.39276821289705	4.5635594252578
2159	-0.0540511022314258	3.91811436885751
2160	10.2448781354606	4.12549436518369
2161	3.19817493684269	3.89569037513609
2162	-0.475229338323001	1.9502286405537
2163	4.11027026380791	3.38105347682923
2164	5.69035499382832	2.31716169066635
2165	-1.18604411447534	1.99637074103666
2166	5.09384561388329	3.48660160502506
2167	8.82429058176307	4.6001135678843
2168	-2.44773827934238	3.73408377337067
2169	6.91695793778167	2.49649803607646
2170	0.767720897728969	3.72730086290389
2171	14.6158719177026	2.79394766066942
2172	1.15683106764185	2.12389282009513
2173	1.38770604247118	2.0744290056622
2174	0.0230024708188306	3.55598155621601
2175	-0.621341522821964	3.59061712163884
2176	-0.0667370358522751	1.94910872987141
2177	11.5106223174834	2.74963347257127
2178	10.3809630483758	2.44118291634884
2179	11.8207729573972	2.87399283398635
2180	2.4545735165825	1.92476690039719
2181	-0.553269126895843	3.86719342164937
2182	9.63762828435777	4.19383666072174
2183	0.453897148631049	1.97778039634478
2184	2.26581546078627	3.1990228303657
2185	1.12986398833778	2.00772369037756
2186	7.45632988097753	4.20042399218641
2187	8.15088203201351	2.3869143118326
2188	5.63187883421854	2.49403411991052
2189	0.0479606144664847	1.79520875794368
2190	5.85334177583055	3.05778531019192
2191	7.47175317907716	2.53469324769788
2192	0.94456294939532	3.56380473708182
2193	8.52163708262522	4.48196278642873
2194	2.08564079178643	1.84755940944062
2195	0.0115136148397563	3.90065674213123
2196	7.32992453795833	2.92094849680524
2197	12.8789455866351	4.45171959890257
2198	-1.0826905038033	2.12423556707314
2199	1.73616109502928	3.7899443240925
2200	2.98812319560942	2.30802433157126
2201	2.13777704125361	4.15273430002692
2202	0.370577449836003	3.80284871523887
2203	7.16402454575909	3.14410285390366
2204	3.27689919299469	2.04355021682303
2205	7.78067610730869	4.36219829618526
2206	-1.62928343012448	2.07577087807046
2207	1.91628439509508	1.92387271575552
2208	11.1582838640615	2.85549037196947
2209	11.150414870694	2.95946882071145
2210	8.66180901230595	4.82130223495713
2211	9.90929073231001	4.34811087062331
2212	9.15011536979567	4.44465309405812
2213	7.66580506057516	2.7694260464905
2214	-4.34858158202059	3.76353382961594
2215	6.76808851786802	2.49763539144569
2216	4.77210484422042	3.39074061913465
2217	7.49602192084265	2.6690184377361
2218	5.03162066214857	1.76887249442574
2219	1.68542638489522	3.77688579615341
2220	5.25455808507939	2.47268154282738
2221	2.45984371888309	1.95659198286538
2222	8.10240287198131	4.32786915285167
2223	9.99457053677909	2.88543323396446
2224	5.90181810027828	4.61202827437983
2225	4.53342840149862	4.14711590911852
2226	-0.00841014455275049	3.75693626419081
2227	6.83559412691964	4.9801260708678
2228	-2.87807712491032	3.76916454536411
2229	-0.766931271538603	2.16995357167875
2230	1.13053242829008	3.90712631068825
2231	6.65043333581921	3.44199883915045
2232	9.44511717584912	3.05643897282159
2233	5.38820949799105	3.40438596270405
2234	7.81299269178465	4.41294850968745
2235	-1.29491353050677	2.30882952607034
2236	8.67049521087237	2.83032273513721
2237	2.31378192939679	2.41756557232143
2238	9.88122450101968	4.66982488683623
2239	9.40661557055468	2.64902452106849
2240	2.15311722002144	3.67436608427035
2241	1.41268317376875	2.32992147593098
2242	9.39955268545147	2.90057386942434
2243	5.13947219406398	2.45467275211104
2244	9.08499027724131	3.20913765525562
2245	5.36810319444381	3.28565756446115
2246	1.96156831766021	2.43359246920504
2247	8.39846714223112	4.94750252718946
2248	5.18780636190517	3.45791553912983
2249	6.50776261402182	2.62079222304889
2250	10.4478676194402	2.75069143274187
2251	4.4694732489229	3.45663710634796
2252	-0.871306030983109	2.19778738615787
2253	2.30034665122364	3.58634050237942
2254	2.34588715545427	4.22070409195672
2255	12.3909498764063	4.79211827898184
2256	13.9387180330806	4.69764589203985
2257	0.23706642464464	3.98614218867641
2258	4.02049231090547	3.32203691088659
2259	10.7951485216016	2.85152835623851
2260	0.233671824257256	3.68895101998362
2261	4.94907873701757	2.02823052199558
2262	1.83688095080756	4.06053421467946
2263	4.02100722935262	3.51752653380731
2264	0.533242306116686	3.93323048557978
2265	8.37055999542821	2.88806946828706
2266	4.19978810011259	4.17732085772307
2267	0.11697167428337	3.45359942379932
2268	7.66056494244898	2.50922246232419
2269	10.1163885197263	4.7475917993361
2270	4.45354499695112	2.1514756752496
2271	1.2721136596478	3.91131402915431
2272	-0.433043155965496	2.26922842832697
2273	1.40126937391547	3.88633802868049
2274	-1.42564467382355	3.92870081508405
2275	1.09277664001855	3.46079961505344
2276	0.58298273947091	2.09608939800848
2277	-0.599831042607216	2.18751549870091
2278	0.158479537609441	3.74421796557411
2279	4.22277918280051	2.47309019569783
2280	0.391714334442204	1.87155251174786
2281	0.33177022213654	3.5976219531443
2282	7.5173302663086	2.68576797978414
2283	2.69585614553595	3.71138453285463
2284	-2.37380881558173	3.9563423513656
2285	6.47047610945289	2.53949184699427
2286	7.73251541197951	4.35888265526193
2287	9.98290102516725	2.69034096830935
2288	9.31726091151868	4.62470628612882
2289	5.30332070511052	4.21843561847423
2290	10.0747615832888	4.55377939149857
2291	3.82923596449484	4.23766377290471
2292	11.5969566128186	4.83066146306326
2293	12.2741860713448	2.9162342142649
2294	1.49729153160628	2.14836495217042
2295	7.15395395372344	2.46785914095934
2296	4.05029911945523	2.4074939661849
2297	-0.109726383816623	3.52996857950763
2298	-0.553939803402985	3.67827251902369
2299	-0.226251676677918	2.36298865500541
2300	8.81242485221115	3.03882424306839
2301	8.55632071564338	2.875423335313
2302	0.175002105410684	3.86496135897541
2303	1.30168454422251	4.13714107551488
2304	3.50342881885624	1.76631939584651
2305	8.68840932869351	2.94509727129857
2306	10.0117443452968	4.32437206400223
2307	11.2590644663253	4.59950097028241
2308	5.52246623443888	3.45500143735977
2309	1.11859344544774	1.99147958661799
2310	12.9970950903469	3.05908032428317
2311	1.0340007896917	1.8205122954538
2312	5.8384678084801	2.62250276410146
2313	2.91957960781285	3.85337792824178
2314	0.0349888098504865	3.60807696418599
2315	8.9947178895006	4.53767520190009
2316	6.34460717134618	4.98115246640728
2317	6.99388021776221	2.6757540597048
2318	9.43567368757619	4.68544406151615
2319	2.98403160328304	3.55947194367673
2320	9.61489063798503	2.9234121230034
2321	2.1282747074767	1.76909393045873
2322	7.42181550735181	3.39765090310869
2323	3.63732299504189	3.43455118452194
2324	8.14695862208917	4.45487386437588
2325	5.21783591565566	2.54692898233766
2326	3.79803920581527	3.53449400928043
2327	5.52105325366223	3.34653353851358
2328	6.72285671406426	4.34295674107036
2329	4.20797677855704	4.27366885222776
2330	8.91230044113409	3.0690863138286
2331	9.03218425560953	3.13747752282278
2332	8.49667672673218	4.77116315012442
2333	9.32091834610859	4.90743428516315
2334	6.9123546798909	2.91456959527492
2335	1.07035984447719	1.97657800261923
2336	6.54460496586534	3.06127432761484
2337	7.73540897138004	3.18332846505026
2338	5.47983669390778	3.29777334957071
2339	1.46692306421476	1.79122413612933
2340	5.3440734357843	3.35811146012789
2341	5.23292947675027	2.78332353733184
2342	12.0460714848872	3.04995621026065
2343	1.62997162363475	4.24016033003989
2344	2.88644765006361	4.17683139654025
2345	4.668533833276	2.63065100755066
2346	0.803780709811993	3.53884121789702
2347	12.6076383930942	4.44934595826904
2348	5.9359075149856	2.57358564930826
2349	7.42547261116105	4.67952572083733
2350	-2.9985591613619	2.18684116797807
2351	10.8055576418856	3.00695283859135
2352	8.12978496903149	3.19560621444742
2353	-0.0621291524143852	3.94510177582099
2354	0.475089487267889	3.53700141731763
2355	2.05153761369778	3.38174291838798
2356	6.02462503540665	4.43050999429906
2357	8.74066847700793	3.28594956688759
2358	8.39276821289705	4.77703301895823
2359	-0.0540511022314258	4.11254170472277
2360	10.2448781354606	4.3260412194196
2361	3.19817493684269	4.08945600763577
2362	-0.475229338323001	2.08658618627992
2363	4.11027026380791	3.55963283288377
2364	5.69035499382832	2.46434696124907
2365	-1.18604411447534	2.13408988111415
2366	5.09384561388329	3.6682955513049
2367	8.82429058176307	4.81466582756645
2368	-2.44773827934238	3.92308060181094
2369	6.91695793778167	2.64897529277021
2370	0.767720897728969	3.9160975363343
2371	14.6158719177026	2.95520227522933
2372	1.15683106764185	2.26537497357453
2373	1.38770604247118	2.21445154526144
2374	0.0230024708188306	3.73972281609113
2375	-0.621341522821964	3.77538043273702
2376	-0.0667370358522751	2.0854332284662
2377	11.5106223174834	2.90958043213576
2378	10.3809630483758	2.59202789462932
2379	11.8207729573972	3.03760947920145
2380	2.4545735165825	2.06037310274701
2381	-0.553269126895843	4.06011814551052
2382	9.63762828435777	4.39640020866218
2383	0.453897148631049	2.11495095913482
2384	2.26581546078627	3.3722306949322
2385	1.12986398833778	2.1457778414652
2386	7.45632988097753	4.40318192385057
2387	8.15088203201351	2.53615789302478
2388	5.63187883421854	2.64643866959054
2389	0.0479606144664847	1.92699186526575
2390	5.85334177583055	3.22682543623667
2391	7.47175317907716	2.68829759621982
2392	0.94456294939532	3.74777684901536
2393	8.52163708262522	4.69302856771165
2394	2.08564079178643	1.9808873175112
2395	0.0115136148397563	4.09456892576699
2396	7.32992453795833	3.08595074355529
2397	12.8789455866351	4.66189294241458
2398	-1.0826905038033	2.26572783457735
2399	1.73616109502928	3.98058952591686
2400	2.98812319560942	2.45493997037738
2401	2.13777704125361	4.3279711046762
2402	0.370577449836003	3.96949192420658
2403	7.16402454575909	3.29456650065061
2404	3.27689919299469	2.16698301462808
2405	7.78067610730869	4.54257977946975
2406	-1.62928343012448	2.19999505267808
2407	1.91628439509508	2.0443660953591
2408	11.1582838640615	2.99886536149181
2409	11.150414870694	3.10539764150588
2410	8.66180901230595	5.0129598433441
2411	9.90929073231001	4.52814635040055
2412	9.15011536979567	4.62705976279104
2413	7.66580506057516	2.91068719638088
2414	-4.34858158202059	3.92921141940413
2415	6.76808851786802	2.63222104768606
2416	4.77210484422042	3.54726197539108
2417	7.49602192084265	2.80781346032515
2418	5.03162066214857	1.88555888885882
2419	1.68542638489522	3.94289132572238
2420	5.25455808507939	2.60665430360979
2421	2.45984371888309	2.07788898560969
2422	8.10240287198131	4.50740747256862
2423	9.99457053677909	3.02954365489845
2424	5.90181810027828	4.79854587162582
2425	4.53342840149862	4.32221471957213
2426	-0.00841014455275049	3.92245181012177
2427	6.83559412691964	5.17568457683316
2428	-2.87807712491032	3.93498043206032
2429	-0.766931271538603	2.29649098245344
2430	1.13053242829008	4.07633069831806
2431	6.65043333581921	3.59977915672832
2432	9.44511717584912	3.20474949299617
2433	5.38820949799105	3.56124246442137
2434	7.81299269178465	4.59457647706433
2435	-1.29491353050677	2.43877789132221
2436	8.67049521087237	2.97307957831515
2437	2.31378192939679	2.55018462095701
2438	9.88122450101968	4.85776203590375
2439	9.40661557055468	2.78732846987971
2440	2.15311722002144	3.837853610836
2441	1.41268317376875	2.46038788392916
2442	9.39955268545147	3.04505616192195
2443	5.13947219406398	2.58820319611088
2444	9.08499027724131	3.36119863213662
2445	5.36810319444381	3.43959795904295
2446	1.96156831766021	2.5666051570125
2447	8.39846714223112	5.14225976109258
2448	5.18780636190517	3.61608678931582
2449	6.50776261402182	2.75840275388323
2450	10.4478676194402	2.89149243879437
2451	4.4694732489229	3.61477695674239
2452	-0.871306030983109	2.32500842769161
2453	2.30034665122364	3.74766601858142
2454	2.34588715545427	4.39761031351198
2455	12.3909498764063	4.98305909556902
2456	13.9387180330806	4.88626635725576
2457	0.23706642464464	4.15728729789459
2458	4.02049231090547	3.47687082440124
2459	10.7951485216016	2.99480603406023
2460	0.233671824257256	3.85279676948274
2461	4.94907873701757	2.1512870503313
2462	1.83688095080756	4.23350647831953
2463	4.02100722935262	3.6771618991461
2464	0.533242306116686	4.10307602201472
2465	8.37055999542821	3.03224463819292
2466	4.19978810011259	4.35316153673936
2467	0.11697167428337	3.61166466518792
2468	7.66056494244898	2.64409271046143
2469	10.1163885197263	4.93743899395131
2470	4.45354499695112	2.27755924746146
2471	1.2721136596478	4.08062127200563
2472	-0.433043155965496	2.39820414469776
2473	1.40126937391547	4.05503183199858
2474	-1.42564467382355	4.09843509755912
2475	1.09277664001855	3.61904170148843
2476	0.58298273947091	2.22081261902665
2477	-0.599831042607216	2.31448425076767
2478	0.158479537609441	3.9094211353432
2479	4.22277918280051	2.6070729934686
2480	0.391714334442204	1.99076084647173
2481	0.33177022213654	3.7592245548588
2482	7.5173302663086	2.82497439054827
2483	2.69585614553595	3.87578127544325
2484	-2.37380881558173	4.12675554202423
2485	6.47047610945289	2.67510554631868
2486	7.73251541197951	4.53918270256061
2487	9.98290102516725	2.82965969697439
2488	9.31726091151868	4.81153527004448
2489	5.30332070511052	4.39528612369029
2490	10.0747615832888	4.73886632863694
2491	3.82923596449484	4.4149865438901
2492	11.5969566128186	5.02254894494526
2493	12.2741860713448	3.06110114299116
2494	1.49729153160628	2.27437212141633
2495	7.15395395372344	2.60171345795992
2496	4.05029911945523	2.53986564449497
2497	-0.109726383816623	3.68990953591633
2498	-0.553939803402985	3.84185599215669
2499	-0.226251676677918	2.4942672312656
2500	8.81242485221115	3.18670212505461
2501	8.55632071564338	3.01928790152886
2502	0.175002105410684	4.03313012649767
2503	1.30168454422251	4.3119948924886
2504	3.50342881885624	1.88294308321797
2505	8.68840932869351	3.0906731101745
2506	10.0117443452968	4.5038244911619
2507	11.2590644663253	4.78571088241339
2508	5.52246623443888	3.61310111382716
2509	1.11859344544774	2.11363346936531
2510	12.9970950903469	3.2074557191125
2511	1.0340007896917	1.93846702328044
2512	5.8384678084801	2.76015530780756
2513	2.91957960781285	4.02126219327334
2514	0.0349888098504865	3.76993635309505
2515	8.9947178895006	4.72236660146788
2516	6.34460717134618	5.17673618183728
2517	6.99388021776221	2.81471451697988
2518	9.43567368757619	4.87376483562544
2519	2.98403160328304	3.72013753692083
2520	9.61489063798503	3.06845534949162
2521	2.1282747074767	1.88578576361755
2522	7.42181550735181	3.55434198395254
2523	3.63732299504189	3.592148579066
2524	8.14695862208917	4.63753156707958
2525	5.21783591565566	2.68272534633004
2526	3.79803920581527	3.69454611549194
2527	5.52105325366223	3.50196911760846
2528	6.72285671406426	4.52286562944918
2529	4.20797677855704	4.45187594971198
2530	8.91230044113409	3.21770746736388
2531	9.03218425560953	3.28777844375581
2532	8.49667672673218	4.96158928444778
2533	9.32091834610859	5.1012073965799
2534	6.9123546798909	3.05939563902853
2535	1.07035984447719	2.09836588518402
2536	6.54460496586534	3.20970360971011
2537	7.73540897138004	3.33475553829209
2538	5.47983669390778	3.45201132188397
2539	1.46692306421476	1.9084595128011
2540	5.3440734357843	3.51383140640311
2541	5.23292947675027	2.9249260257125
2542	12.0460714848872	3.19810750626948
2543	1.62997162363475	4.41754441936348
2544	2.88644765006361	4.35266005382233
2545	4.668533833276	2.76850368156438
2546	0.803780709811993	3.69900009659307
2547	12.6076383930942	4.63186788918872
2548	5.9359075149856	2.71003673195189
2549	7.42547261116105	4.86770113363678
2550	-2.9985591613619	2.31379335770034
2551	10.8055576418856	3.15404792192627
2552	8.12978496903149	3.34733484345143
2553	-0.0621291524143852	4.11523888490993
2554	0.475089487267889	3.69711510837805
2555	2.05153761369778	3.53804328068056
2556	6.02462503540665	4.61256929210188
2557	8.74066847700793	3.43989713338757
2558	8.39276821289705	4.96760332406672
2559	-0.0540511022314258	4.28679133262498
2560	10.2448781354606	4.50553464297183
2561	3.19817493684269	4.26313862404789
2562	-0.475229338323001	2.21107599739834
2563	4.11027026380791	3.72030237775336
2564	5.69035499382832	2.59811501504333
2565	-1.18604411447534	2.25974643806188
2566	5.09384561388329	3.83163397854167
2567	8.82429058176307	5.00616043809248
2568	-2.44773827934238	4.09267684533095
2569	6.91695793778167	2.78727803247734
2570	0.767720897728969	4.08552226766881
2571	14.6158719177026	3.10102630471934
2572	1.15683106764185	2.39425604462821
2573	1.38770604247118	2.34208187786614
2574	0.0230024708188306	3.90481557977645
2575	-0.621341522821964	3.9413489888349
2576	-0.0667370358522751	2.20989472160377
2577	11.5106223174834	3.05428393625736
2578	10.3809630483758	2.72893194020323
2579	11.8207729573972	3.18545752517848
2580	2.4545735165825	2.18421909013777
2581	-0.553269126895843	4.23308019000933
2582	9.63762828435777	4.57762173057685
2583	0.453897148631049	2.24013744196568
2584	2.26581546078627	3.52829742598655
2585	1.12986398833778	2.27172146827223
2586	7.45632988097753	4.58457001255419
2587	8.15088203201351	2.67168970657373
2588	5.63187883421854	2.78467910689096
2589	0.0479606144664847	2.0475618547982
2590	5.85334177583055	3.3793208455289
2591	7.47175317907716	2.8275661372969
2592	0.94456294939532	3.91306742908856
2593	8.52163708262522	4.88153562608791
2594	2.08564079178643	2.10278104184671
2595	0.0115136148397563	4.26837712137723
2596	7.32992453795833	3.23498610704025
2597	12.8789455866351	4.8496352737294
2598	-1.0826905038033	2.39461757230644
2599	1.73616109502928	4.15159825529892
2600	2.98812319560942	2.5884769775677
2601	2.13777704125361	4.48512585627131
2602	0.370577449836003	4.11923103065148
2603	7.16402454575909	3.43034382711881
2604	3.27689919299469	2.27943469356877
2605	7.78067610730869	4.70417401281201
2606	-1.62928343012448	2.3131296319745
2607	1.91628439509508	2.15428127117144
2608	11.1582838640615	3.12852569473422
2609	11.150414870694	3.23726174453095
2610	8.66180901230595	5.18428454871784
2611	9.90929073231001	4.68944200799809
2612	9.15011536979567	4.79040158319759
2613	7.66580506057516	3.03852344047647
2614	-4.34858158202059	4.07811726705365
2615	6.76808851786802	2.75429682853142
2616	4.77210484422042	3.68826666253692
2617	7.49602192084265	2.93352161675644
2618	5.03162066214857	1.99218891464053
2619	1.68542638489522	4.09208016144059
2620	5.25455808507939	2.7282012004584
2621	2.45984371888309	2.18849762947276
2622	8.10240287198131	4.66827411736096
2623	9.99457053677909	3.15983861171208
2624	5.90181810027828	4.96543512295888
2625	4.53342840149862	4.47925039225944
2626	-0.00841014455275049	4.07121782576285
2627	6.83559412691964	5.35037547178347
2628	-2.87807712491032	4.08400561983629
2629	-0.766931271538603	2.41162171553686
2630	1.13053242829008	4.22827991480633
2631	6.65043333581921	3.74187023550386
2632	9.44511717584912	3.3386688285586
2633	5.38820949799105	3.7025363576113
2634	7.81299269178465	4.75724633509932
2635	-1.29491353050677	2.55685202888538
2636	8.67049521087237	3.1022064964295
2637	2.31378192939679	2.67056336313693
2638	9.88122450101968	5.02587625673397
2639	9.40661557055468	2.91261286552285
2640	2.15311722002144	3.98486959394958
2641	1.41268317376875	2.57890905452968
2642	9.39955268545147	3.17567201672281
2643	5.13947219406398	2.70936840589566
2644	9.08499027724131	3.49835433779564
2645	5.36810319444381	3.57837546485111
2646	1.96156831766021	2.68732358103504
2647	8.39846714223112	5.3162592168011
2648	5.18780636190517	3.75851521436723
2649	6.50776261402182	2.88308878047949
2650	10.4478676194402	3.01893161237998
2651	4.4694732489229	3.75717828606803
2652	-0.871306030983109	2.44072908416807
2653	2.30034665122364	3.89281634472649
2654	2.34588715545427	4.55620564991481
2655	12.3909498764063	5.15376526199459
2656	13.9387180330806	5.05497022999301
2657	0.23706642464464	4.31091121530758
2658	4.02049231090547	3.61641937176018
2659	10.7951485216016	3.12438239441546
2660	0.233671824257256	4.00012187281302
2661	4.94907873701757	2.2634140362135
2662	1.83688095080756	4.3887070964908
2663	4.02100722935262	3.82085374859337
2664	0.533242306116686	4.2555785030739
2665	8.37055999542821	3.16259546863816
2666	4.19978810011259	4.51083738778889
2667	0.11697167428337	3.75400161239312
2668	7.66056494244898	2.76641407331903
2669	10.1163885197263	5.10720144452463
2670	4.45354499695112	2.39229835102655
2671	1.2721136596478	4.23265924503457
2672	-0.433043155965496	2.51543895734675
2673	1.40126937391547	4.20654045153358
2674	-1.42564467382355	4.25084157458011
2675	1.09277664001855	3.76153125304681
2676	0.58298273947091	2.33437783891071
2677	-0.599831042607216	2.42998719986859
2678	0.158479537609441	4.05791759318151
2679	4.22277918280051	2.72862855150478
2680	0.391714334442204	2.09956712244945
2681	0.33177022213654	3.90461398555486
2682	7.5173302663086	2.95103754491504
2683	2.69585614553595	4.0235818455494
2684	-2.37380881558173	4.27974786720068
2685	6.47047610945289	2.79806845322779
2686	7.73251541197951	4.70070666259753
2687	9.98290102516725	2.95581977348273
2688	9.31726091151868	4.97869322532086
2689	5.30332070511052	4.55383338096352
2690	10.0747615832888	4.90452102483363
2691	3.82923596449484	4.57394133201441
2692	11.5969566128186	5.19407201434865
2693	12.2741860713448	3.19204891075248
2694	1.49729153160628	2.38904529480447
2695	7.15395395372344	2.72315814647936
2696	4.05029911945523	2.660030924159
2697	-0.109726383816623	3.83386508812778
2698	-0.553939803402985	3.98895477014721
2699	-0.226251676677918	2.61348924373213
2700	8.81242485221115	3.32024812547279
2701	8.55632071564338	3.14937070368504
2702	0.175002105410684	4.18418567850454
2703	1.30168454422251	4.46881915370413
2704	3.50342881885624	1.98951899738742
2705	8.68840932869351	3.22223261559584
2706	10.0117443452968	4.66461701695336
2707	11.2590644663253	4.95233462397437
2708	5.52246623443888	3.75546777598922
2709	1.11859344544774	2.22498153805987
2710	12.9970950903469	3.34143103676167
2711	1.0340007896917	2.0461915281053
2712	5.8384678084801	2.88487758844231
2713	2.91957960781285	4.17207224041897
2714	0.0349888098504865	3.91554737237692
2715	8.9947178895006	4.88767997764258
2716	6.34460717134618	5.35144883071355
2717	6.99388021776221	2.9405654314571
2718	9.43567368757619	5.04221009683572
2719	2.98403160328304	3.86471839777296
2720	9.61489063798503	3.19955524933965
2721	2.1282747074767	1.99242048262217
2722	7.42181550735181	3.69549313101575
2723	3.63732299504189	3.73408180862932
2724	8.14695862208917	4.80109001146017
2725	5.21783591565566	2.80584587950052
2726	3.79803920581527	3.83859758186163
2727	5.52105325366223	3.64203685840022
2728	6.72285671406426	4.68405204791974
2729	4.20797677855704	4.61159384698818
2730	8.91230044113409	3.35189485681901
2731	9.03218425560953	3.42341534973675
2732	8.49667672673218	5.13185131768685
2733	9.32091834610859	5.27435762649125
2734	6.9123546798909	3.19030812604587
2735	1.07035984447719	2.2093981224642
2736	6.54460496586534	3.34372542813231
2737	7.73540897138004	3.47136423142902
2738	5.47983669390778	3.59104561553078
2739	1.46692306421476	2.01556327014136
2740	5.3440734357843	3.65414453529315
2741	5.23292947675027	3.05305681998403
2742	12.0460714848872	3.33188944301116
2743	1.62997162363475	4.57655212073319
2744	2.88644765006361	4.51032553099364
2745	4.668533833276	2.89339866003135
2746	0.803780709811993	3.8431436998152
2747	12.6076383930942	4.79530917244038
2748	5.9359075149856	2.83372223947895
2749	7.42547261116105	5.03602095865803
2750	-2.9985591613619	2.42928201470815
2751	10.8055576418856	3.28691842430648
2752	8.12978496903149	3.48420375717683
2753	-0.0621291524143852	4.26799297186467
2754	0.475089487267889	3.84121971797245
2755	2.05153761369778	3.67885726618332
2756	6.02462503540665	4.77561135677771
2757	8.74066847700793	3.5786808280371
2758	8.39276821289705	5.13798976615897
2759	-0.0540511022314258	4.44309422281911
2760	10.2448781354606	4.66636254565452
2761	3.19817493684269	4.41895222475687
2762	-0.475229338323001	2.32443980159386
2763	4.11027026380791	3.86488664856954
2764	5.69035499382832	2.71948526471885
2765	-1.18604411447534	2.37411705865548
2766	5.09384561388329	3.97852129982893
2767	8.82429058176307	5.17734448822227
2768	-2.44773827934238	4.24496420482005
2769	6.91695793778167	2.912561384752
2770	0.767720897728969	4.237661624674
2771	14.6158719177026	3.23279998050565
2772	1.15683106764185	2.51140918528416
2773	1.38770604247118	2.45815572263046
2774	0.0230024708188306	4.05321676523169
2775	-0.621341522821964	4.09050591914916
2776	-0.0667370358522751	2.32323408945099
2777	11.5106223174834	3.18509068052609
2778	10.3809630483758	2.85300832164171
2779	11.8207729573972	3.31897777930082
2780	2.4545735165825	2.29702732149971
2781	-0.553269126895843	4.3882719898084
2782	9.63762828435777	4.73994085587641
2783	0.453897148631049	2.35410242294414
2784	2.26581546078627	3.66890980480186
2785	1.12986398833778	2.38633980917859
2786	7.45632988097753	4.74703287282179
2787	8.15088203201351	2.7945819520419
2788	5.63187883421854	2.909908696741
2789	0.0479606144664847	2.15754313938136
2790	5.85334177583055	3.5168514346154
2791	7.47175317907716	2.95368290558396
2792	0.94456294939532	4.06163931563236
2793	8.52163708262522	5.05014163700905
2794	2.08564079178643	2.21390461284131
2795	0.0115136148397563	4.42429908775828
2796	7.32992453795833	3.36953092941617
2797	12.8789455866351	5.01758138107413
2798	-1.0826905038033	2.51177819167
2799	1.73616109502928	4.30510448687845
2800	2.98812319560942	2.7096478509063
2801	2.13777704125361	4.62617182179089
2802	0.370577449836003	4.25383758748351
2803	7.16402454575909	3.55282660976066
2804	3.27689919299469	2.38166254568351
2805	7.78067610730869	4.84907502219517
2806	-1.62928343012448	2.41595048367246
2807	1.91628439509508	2.25430653943139
2808	11.1582838640615	3.24569675890494
2809	11.150414870694	3.3563464620651
2810	8.66180901230595	5.33763505708108
2811	9.90929073231001	4.83408374779572
2812	9.15011536979567	4.93682011763704
2813	7.66580506057516	3.1541105486648
2814	-4.34858158202059	4.2120002598778
2815	6.76808851786802	2.86488181265011
2816	4.77210484422042	3.81528864724126
2817	7.49602192084265	3.04726079048785
2818	5.03162066214857	2.08936150815422
2819	1.68542638489522	4.22620888822193
2820	5.25455808507939	2.83832692578917
2821	2.45984371888309	2.28912507382122
2822	8.10240287198131	4.81254332196727
2823	9.99457053677909	3.27756075410392
2824	5.90181810027828	5.11493408493551
2825	4.53342840149862	4.62019295507597
2826	-0.00841014455275049	4.20497939483603
2827	6.83559412691964	5.50664902594574
2828	-2.87807712491032	4.21799224219386
2829	-0.766931271538603	2.51617593631833
2830	1.13053242829008	4.3648056305956
2831	6.65043333581921	3.86983559324679
2832	9.44511717584912	3.45953821647381
2833	5.38820949799105	3.82980947567965
2834	7.81299269178465	4.9030813680031
2835	-1.29491353050677	2.663962168133
2836	8.67049521087237	3.21891436718412
2837	2.31378192939679	2.7796747161279
2838	9.88122450101968	5.1764389264612
2839	9.40661557055468	3.02598406467546
2840	2.15311722002144	4.11711151443754
2841	1.41268317376875	2.68640737691795
2842	9.39955268545147	3.29367281231945
2843	5.13947219406398	2.81916269155462
2844	9.08499027724131	3.62203404218284
2845	5.36810319444381	3.70346346666334
2846	1.96156831766021	2.7967298982758
2847	8.39846714223112	5.47193235660017
2848	5.18780636190517	3.88677350826009
2849	6.50776261402182	2.99594038318961
2850	10.4478676194402	3.13417392261213
2851	4.4694732489229	3.88541305126602
2852	-0.871306030983109	2.54579556757068
2853	2.30034665122364	4.02343821362787
2854	2.34588715545427	4.69850255370585
2855	12.3909498764063	5.30657865929121
2856	13.9387180330806	5.20604492659529
2857	0.23706642464464	4.44889116514733
2858	4.02049231090547	3.74217691095721
2859	10.7951485216016	3.2414805403534
2860	0.233671824257256	4.13263221922597
2861	4.94907873701757	2.36535993965629
2862	1.83688095080756	4.52805618149746
2863	4.02100722935262	3.95020914272039
2864	0.533242306116686	4.39258464863188
2865	8.37055999542821	3.28036612914831
2866	4.19978810011259	4.65233585235418
2867	0.11697167428337	3.8821804710884
2868	7.66056494244898	2.87721230967822
2869	10.1163885197263	5.25919536193318
2870	4.45354499695112	2.49651249856131
2871	1.2721136596478	4.36926203296354
2872	-0.433043155965496	2.62182026504505
2873	1.40126937391547	4.34268357298464
2874	-1.42564467382355	4.38776435460145
2875	1.09277664001855	3.88984262641583
2876	0.58298273947091	2.43757263929217
2877	-0.599831042607216	2.53486463609634
2878	0.158479537609441	4.19144509052906
2879	4.22277918280051	2.83876179781657
2880	0.391714334442204	2.19862947257023
2881	0.33177022213654	4.03544348196427
2882	7.5173302663086	3.06508498269409
2883	2.69585614553595	4.15650506566723
2884	-2.37380881558173	4.41717937109235
2885	6.47047610945289	2.90942377723816
2886	7.73251541197951	4.84554664984118
2887	9.98290102516725	3.0699513740376
2888	9.31726091151868	5.12842551757043
2889	5.30332070511052	4.69608853502697
2890	10.0747615832888	5.0529479553269
2891	3.82923596449484	4.7165503673181
2892	11.5969566128186	5.34759477300569
2893	12.2741860713448	3.31033792445527
2894	1.49729153160628	2.49320219157473
2895	7.15395395372344	2.83319511874959
2896	4.05029911945523	2.76895691601801
2897	-0.109726383816623	3.96344946973144
2898	-0.553939803402985	4.12126858593746
2899	-0.226251676677918	2.72159614529445
2900	8.81242485221115	3.44079332614299
2901	8.55632071564338	3.26690862062965
2902	0.175002105410684	4.31993537673785
2903	1.30168454422251	4.60957813642203
2904	3.50342881885624	2.08664460284019
2905	8.68840932869351	3.34105283443623
2906	10.0117443452968	4.80882185999321
2907	11.2590644663253	5.10160302935094
2908	5.52246623443888	3.88367243780042
2909	1.11859344544774	2.3262510652733
2910	12.9970950903469	3.46234903697269
2911	1.0340007896917	2.14431451739927
2912	5.8384678084801	2.99776067250917
2913	2.91957960781285	4.30760875340619
2914	0.0349888098504865	4.04656928622751
2915	8.9947178895006	5.03581052136568
2916	6.34460717134618	5.50774127499487
2917	6.99388021776221	3.05442856977724
2918	9.43567368757619	5.19306022696
2919	2.98403160328304	3.99484576893607
2920	9.61489063798503	3.31797636762148
2921	2.1282747074767	2.089597151517
2922	7.42181550735181	3.82264229484547
2923	3.63732299504189	3.86191009730167
2924	8.14695862208917	4.94769665229794
2925	5.21783591565566	2.91733807898111
2926	3.79803920581527	3.96826525095429
2927	5.52105325366223	3.76824524154057
2928	6.72285671406426	4.82859892943208
2929	4.20797677855704	4.75486553154256
2930	8.91230044113409	3.4729970105328
2931	9.03218425560953	3.54577619761943
2932	8.49667672673218	5.28427904994129
2933	9.32091834610859	5.4292933372649
2934	6.9123546798909	3.30856650355657
2935	1.07035984447719	2.31039339605408
2936	6.54460496586534	3.46468380749792
2937	7.73540897138004	3.5945689350421
2938	5.47983669390778	3.71635660021307
2939	1.46692306421476	2.11314723057619
2940	5.3440734357843	3.78056600228796
2941	5.23292947675027	3.16889970213719
2942	12.0460714848872	3.45263952004485
2943	1.62997162363475	4.71920710349057
2944	2.88644765006361	4.65181498735531
2945	4.668533833276	3.00643170703449
2946	0.803780709811993	3.97289137635643
2947	12.6076383930942	4.94181407588696
2948	5.9359075149856	2.94570503697311
2949	7.42547261116105	5.18676216570563
2950	-2.9985591613619	2.53414704033283
2951	10.8055576418856	3.40687705322924
2952	8.12978496903149	3.60763442450369
2953	-0.0621291524143852	4.40521760052923
2954	0.475089487267889	3.97093353422235
2955	2.05153761369778	3.80571365426158
2956	6.02462503540665	4.92176959698551
2957	8.74066847700793	3.70377420395744
2958	8.39276821289705	5.29052552939842
2959	-0.0540511022314258	4.58340047067489
2960	10.2448781354606	4.81059810837635
2961	3.19817493684269	4.55883359589625
2962	-0.475229338323001	2.42745970175987
2963	4.11027026380791	3.99501698079021
2964	5.69035499382832	2.82945759768549
2965	-1.18604411447534	2.47801123235119
2966	5.09384561388329	4.1106514962436
2967	8.82429058176307	5.33057285797432
2968	-2.44773827934238	4.38178354859894
2969	6.91695793778167	3.02593167789092
2970	0.767720897728969	4.37435244983294
2971	14.6158719177026	3.35180617514192
2972	1.15683106764185	2.61771957274143
2973	1.38770604247118	2.56352889866509
2974	0.0230024708188306	4.18666153237859
2975	-0.621341522821964	4.22460694073006
2976	-0.0667370358522751	2.42623277020446
2977	11.5106223174834	3.30325723584731
2978	10.3809630483758	2.96533053624792
2979	11.8207729573972	3.43950062305968
2980	2.4545735165825	2.39956478750675
2981	-0.553269126895843	4.52761341734205
2982	9.63762828435777	4.88547132843813
2983	0.453897148631049	2.45764435766282
2984	2.26581546078627	3.79559112680989
2985	1.12986398833778	2.49044909191765
2986	7.45632988097753	4.89268815828692
2987	8.15088203201351	2.90587591687347
2988	5.63187883421854	3.02323230503764
2989	0.0479606144664847	2.2576258134886
2990	5.85334177583055	3.64085667070629
2991	7.47175317907716	3.06777689925087
2992	0.94456294939532	4.19523231183424
2993	8.52163708262522	5.20113135486489
2994	2.08564079178643	2.31497919647126
2995	0.0115136148397563	4.56427455871447
2996	7.32992453795833	3.490943461608
2997	12.8789455866351	5.1679980687031
2998	-1.0826905038033	2.61809507329651
2999	1.73616109502928	4.44298224369748
3000	2.98812319560942	2.81944705453759
3001	2.13777704125361	4.75283993297412
3002	0.370577449836003	4.37488296673175
3003	7.16402454575909	3.66328581011897
3004	3.27689919299469	2.47443564313363
3005	7.78067610730869	4.97910926205484
3006	-1.62928343012448	2.50924137364916
3007	1.91628439509508	2.34515639529509
3008	11.1582838640615	3.35151789845262
3009	11.150414870694	3.46383855626113
3010	8.66180901230595	5.47504718985846
3011	9.90929073231001	4.96389159988455
3012	9.15011536979567	5.06817942273332
3013	7.66580506057516	3.25854861713904
3014	-4.34858158202059	4.33241384098252
3015	6.76808851786802	2.96495215046554
3016	4.77210484422042	3.92971136624461
3017	7.49602192084265	3.15008528843274
3018	5.03162066214857	2.17772047919073
3019	1.68542638489522	4.34683703812259
3020	5.25455808507939	2.93799625022301
3021	2.45984371888309	2.38050073490831
3022	8.10240287198131	4.94202588556786
3023	9.99457053677909	3.38386308148466
3024	5.90181810027828	5.24898314294657
3025	4.53342840149862	4.74677077758382
3026	-0.00841014455275049	4.32528695173334
3027	6.83559412691964	5.64661348980801
3028	-2.87807712491032	4.33849631003662
3029	-0.766931271538603	2.61098036118215
3030	1.13053242829008	4.48752677184012
3031	6.65043333581921	3.98508204218685
3032	9.44511717584912	3.56858864057744
3033	5.38820949799105	3.94445147810704
3034	7.81299269178465	5.03393117403233
3035	-1.29491353050677	2.76099835760133
3036	8.67049521087237	3.32433105773047
3037	2.31378192939679	2.87845831579638
3038	9.88122450101968	5.31141678769457
3039	9.40661557055468	3.12848725634584
3040	2.15311722002144	4.23609215188546
3041	1.41268317376875	2.78378251827573
3042	9.39955268545147	3.40021845276658
3043	5.13947219406398	2.91854261108848
3044	9.08499027724131	3.73353836491928
3045	5.36810319444381	3.81619747977817
3046	1.96156831766021	2.89577105341053
3047	8.39846714223112	5.61137255353392
3048	5.18780636190517	4.00227574177993
3049	6.50776261402182	3.0979898761351
3050	10.4478676194402	3.23831092206383
3051	4.4694732489229	4.00089474011314
3052	-0.871306030983109	2.64104728744849
3053	2.30034665122364	4.14100426221614
3054	2.34588715545427	4.82626295315791
3055	12.3909498764063	5.44352180000836
3056	13.9387180330806	5.34146987699502
3057	0.23706642464464	4.57288210749213
3058	4.02049231090547	3.85549554750842
3059	10.7951485216016	3.34723800950897
3060	0.233671824257256	4.25184723953324
3061	4.94907873701757	2.45788684651987
3062	1.83688095080756	4.6532426187083
3063	4.02100722935262	4.06666933695088
3064	0.533242306116686	4.51572528923329
3065	8.37055999542821	3.38671082134647
3066	4.19978810011259	4.77939907447979
3067	0.11697167428337	3.99761334376413
3068	7.66056494244898	2.9774688540603
3069	10.1163885197263	5.39542295313946
3070	4.45354499695112	2.5910199799017
3071	1.2721136596478	4.49205047168866
3072	-0.433043155965496	2.71822005688335
3073	1.40126937391547	4.46507064234338
3074	-1.42564467382355	4.51083220248415
3075	1.09277664001855	4.0053912076176
3076	0.58298273947091	2.53119005198342
3077	-0.599831042607216	2.62995128467043
3078	0.158479537609441	4.31154826180176
3079	4.22277918280051	2.93843768938448
3080	0.391714334442204	2.28863853220023
3081	0.33177022213654	4.1531908257423
3082	7.5173302663086	3.16817864915881
3083	2.69585614553595	4.27608059705217
3084	-2.37380881558173	4.54069142403962
3085	6.47047610945289	3.01016675673856
3086	7.73251541197951	4.9755276066823
3087	9.98290102516725	3.1731185293505
3088	9.31726091151868	5.26267831378801
3089	5.30332070511052	4.82381247965252
3090	10.0747615832888	5.18606094203867
3091	3.82923596449484	4.84458331226452
3092	11.5969566128186	5.4851573104669
3093	12.2741860713448	3.41713522980337
3094	1.49729153160628	2.58765968296766
3095	7.15395395372344	2.93278694621252
3096	4.05029911945523	2.86757866294398
3097	-0.109726383816623	4.08010961014644
3098	-0.553939803402985	4.24031200057997
3099	-0.226251676677918	2.81950268289107
3100	8.81242485221115	3.54956067798581
3101	8.55632071564338	3.37305008691962
3102	0.175002105410684	4.44197891870181
3103	1.30168454422251	4.7359956613415
3104	3.50342881885624	2.17496254506746
3105	8.68840932869351	3.44831397493382
3106	10.0117443452968	4.93824822467048
3107	11.2590644663253	5.23545077105784
3108	5.52246623443888	3.99912784111691
3109	1.11859344544774	2.41818737719107
3110	12.9970950903469	3.57144190812718
3111	1.0340007896917	2.23350335045634
3112	5.8384678084801	3.09983765419448
3113	2.91957960781285	4.42946614730137
3114	0.0349888098504865	4.16448464414222
3115	8.9947178895006	5.16866471050167
3116	6.34460717134618	5.64772223324054
3117	6.99388021776221	3.15736131052604
3118	9.43567368757619	5.32828909148156
3119	2.98403160328304	4.11198003436541
3120	9.61489063798503	3.42488902341111
3121	2.1282747074767	2.17795968107524
3122	7.42181550735181	3.93717606350639
3123	3.63732299504189	3.97703686092933
3124	8.14695862208917	5.07922020723521
3125	5.21783591565566	3.01820057474689
3126	3.79803920581527	4.08499811593872
3127	5.52105325366223	3.88195754383981
3128	6.72285671406426	4.95832395361918
3129	4.20797677855704	4.88347708537752
3130	8.91230044113409	3.58225067995794
3131	9.03218425560953	3.65612892757065
3132	8.49667672673218	5.42088543751012
3133	9.32091834610859	5.56808962946575
3134	6.9123546798909	3.41533705814167
3135	1.07035984447719	2.40209023651067
3136	6.54460496586534	3.57381193672858
3137	7.73540897138004	3.70565849888508
3138	5.47983669390778	3.82928531643891
3139	1.46692306421476	2.2018653970042
3140	5.3440734357843	3.89446436412333
3141	5.23292947675027	3.27356110609299
3142	12.0460714848872	3.56158576484626
3143	1.62997162363475	4.84728016861382
3144	2.88644765006361	4.77887034374096
3145	4.668533833276	3.10863963263589
3146	0.803780709811993	4.08969410186036
3147	12.6076383930942	5.07324879625788
3148	5.9359075149856	3.04699591075493
3149	7.42547261116105	5.32189592129848
3150	-2.9985591613619	2.62922285227616
3151	10.8055576418856	3.51513222517223
3152	8.12978496903149	3.71892129425645
3153	-0.0621291524143852	4.52854901515978
3154	0.475089487267889	4.08770669375979
3155	2.05153761369778	3.9199917783987
3156	6.02462503540665	5.05290161961538
3157	8.74066847700793	3.81651290961018
3158	8.39276821289705	5.42722624694363
3159	-0.0540511022314258	4.70942267874295
3160	10.2448781354606	4.94005129671792
3161	3.19817493684269	4.68448481215471
3162	-0.475229338323001	2.52092439592142
3163	4.11027026380791	4.11215383174157
3164	5.69035499382832	2.92899298371191
3165	-1.18604411447534	2.57223932047234
3166	5.09384561388329	4.22953457900207
3167	8.82429058176307	5.46787834234606
3168	-2.44773827934238	4.5047610785205
3169	6.91695793778167	3.12843407845261
3170	0.767720897728969	4.49721776048349
3171	14.6158719177026	3.4592297050913
3172	1.15683106764185	2.71405743878444
3173	1.38770604247118	2.6590484149416
3174	0.0230024708188306	4.30669246569223
3175	-0.621341522821964	4.34521089913692
3176	-0.0667370358522751	2.51967893610135
3177	11.5106223174834	3.40994761357422
3178	10.3809630483758	3.06691778063267
3179	11.8207729573972	3.54824845340209
3180	2.4545735165825	2.4926082321276
3181	-0.553269126895843	4.65279316823741
3182	9.63762828435777	5.01605519993135
3183	0.453897148631049	2.55156487944659
3184	2.26581546078627	3.90971638759703
3185	1.12986398833778	2.58486500791961
3186	7.45632988097753	5.02338101331139
3187	8.15088203201351	3.00656531906098
3188	5.63187883421854	3.12569394155309
3189	0.0479606144664847	2.34852579471421
3190	5.85334177583055	3.75264523965151
3191	7.47175317907716	3.17091121716205
3192	0.94456294939532	4.31539267508182
3193	8.52163708262522	5.33648210393114
3194	2.08564079178643	2.40674528848755
3195	0.0115136148397563	4.69000794059881
3196	7.32992453795833	3.60046814582115
3197	12.8789455866351	5.30284846198939
3198	-1.0826905038033	2.71443860988703
3199	1.73616109502928	4.56688395363152
3200	2.98812319560942	2.9188312683229
3201	2.13777704125361	4.86665496063485
3202	0.370577449836003	4.4837645718891
3203	7.16402454575909	3.7628790313085
3204	3.27689919299469	2.55851095966525
3205	7.78067610730869	5.09587775346836
3206	-1.62928343012448	2.59377100479728
3207	1.91628439509508	2.42754424683077
3208	11.1582838640615	3.44704165415106
3209	11.150414870694	3.5608284187133
3210	8.66180901230595	5.5982890937285
3211	9.90929073231001	5.08046145715793
3212	9.15011536979567	5.18611053522362
3213	7.66580506057516	3.35285885705256
3214	-4.34858158202059	4.44074110223466
3215	6.76808851786802	3.05543011436627
3216	4.77210484422042	4.03278220512997
3217	7.49602192084265	3.24297977080129
3218	5.03162066214857	2.25792281176483
3219	1.68542638489522	4.45535256346746
3220	5.25455808507939	3.02812236230796
3221	2.45984371888309	2.4633499314541
3222	8.10240287198131	5.05831033255198
3223	9.99457053677909	3.47980903459735
3224	5.90181810027828	5.36927426258493
3225	4.53342840149862	4.86050658535855
3226	-0.00841014455275049	4.43352118663872
3227	6.83559412691964	5.77209482599599
3228	-2.87807712491032	4.44690296495626
3229	-0.766931271538603	2.69683797793549
3230	1.13053242829008	4.59787870175035
3231	6.65043333581921	4.08887562721296
3232	9.44511717584912	3.66694579208458
3233	5.38820949799105	4.04771471773126
3234	7.81299269178465	5.15141524864283
3235	-1.29491353050677	2.84881413950455
3236	8.67049521087237	3.41949994717747
3237	2.31378192939679	2.96780728706441
3238	9.88122450101968	5.43252284547531
3239	9.40661557055468	3.22109982244603
3240	2.15311722002144	4.3431621388154
3241	1.41268317376875	2.87189569882754
3242	9.39955268545147	3.4963778903866
3243	5.13947219406398	3.00841479738386
3244	9.08499027724131	3.83404858345436
3245	5.36810319444381	3.91778663685328
3246	1.96156831766021	2.98534600556255
3247	8.39846714223112	5.73639389442195
3248	5.18780636190517	4.10629375390241
3249	6.50776261402182	3.19020436394791
3250	10.4478676194402	3.33235700200884
3251	4.4694732489229	4.10489472620274
3252	-0.871306030983109	2.72729736383057
3253	2.30034665122364	4.24683307944531
3254	2.34588715545427	4.94103636183128
3255	12.3909498764063	5.56635220711659
3256	13.9387180330806	5.4629682137924
3257	0.23706642464464	4.68434816935732
3258	4.02049231090547	3.95759765708606
3259	10.7951485216016	3.44270590038069
3260	0.233671824257256	4.35912287554729
3261	4.94907873701757	2.54174615378877
3262	1.83688095080756	4.7657576157429
3263	4.02100722935262	4.17152787019048
3264	0.533242306116686	4.6264452906773
3265	8.37055999542821	3.48269394563252
3266	4.19978810011259	4.89356077511675
3267	0.11697167428337	4.10157049821935
3268	7.66056494244898	3.0681101968446
3269	10.1163885197263	5.51762553233413
3270	4.45354499695112	2.67661705642698
3271	1.2721136596478	4.60246144885724
3272	-0.433043155965496	2.8054774592612
3273	1.40126937391547	4.57512945535276
3274	-1.42564467382355	4.62148833511125
3275	1.09277664001855	4.10944988550536
3276	0.58298273947091	2.61600617633919
3277	-0.599831042607216	2.71605652638959
3278	0.158479537609441	4.41960316739685
3279	4.22277918280051	3.02856956351667
3280	0.391714334442204	2.37028866351234
3281	0.33177022213654	4.25917871258021
3282	7.5173302663086	3.26130930178202
3283	2.69585614553595	4.38367254789038
3284	-2.37380881558173	4.65173730515321
3285	6.47047610945289	3.1012349009402
3286	7.73251541197951	5.09224934721995
3287	9.98290102516725	3.26631366157927
3288	9.31726091151868	5.38314819468771
3289	5.30332070511052	4.93855390261795
3290	10.0747615832888	5.30553074647545
3291	3.82923596449484	4.95959585417251
3292	11.5969566128186	5.60853118040974
3293	12.2741860713448	3.51351547988611
3294	1.49729153160628	2.67321289797961
3295	7.15395395372344	3.0228450619383
3296	4.05029911945523	2.95678562353619
3297	-0.109726383816623	4.18514357750198
3298	-0.553939803402985	4.34743706863917
3299	-0.226251676677918	2.90808211404727
3300	8.81242485221115	3.64766946000323
3301	8.55632071564338	3.46885489943833
3302	0.175002105410684	4.55173631848368
3303	1.30168454422251	4.849590822943
3304	3.50342881885624	2.25512887869067
3305	8.68840932869351	3.54510119707051
3306	10.0117443452968	5.05448336234442
3307	11.2590644663253	5.35556525442816
3308	5.52246623443888	4.10310476410662
3309	1.11859344544774	2.50152849251525
3310	12.9970950903469	3.66983630295987
3311	1.0340007896917	2.31443380950246
3312	5.8384678084801	3.19207626081094
3313	2.91957960781285	4.53906021952609
3314	0.0349888098504865	4.2706199477043
3315	8.9947178895006	5.28790744421928
3316	6.34460717134618	5.77321804171052
3317	6.99388021776221	3.25035076585272
3318	9.43567368757619	5.44961538122155
3319	2.98403160328304	4.21743000217094
3320	9.61489063798503	3.52137048274064
3321	2.1282747074767	2.25816513592003
3322	7.42181550735181	4.04034433810201
3323	3.63732299504189	4.08072543326403
3324	8.14695862208917	5.19729543363154
3325	5.21783591565566	3.10937358331693
3326	3.79803920581527	4.19009589231655
3327	5.52105325366223	3.9844050583705
3328	6.72285671406426	5.07482113713911
3329	4.20797677855704	4.99899730258364
3330	8.91230044113409	3.68078616026582
3331	9.03218425560953	3.75562873091484
3332	8.49667672673218	5.54342037515987
3333	9.32091834610859	5.69254600404628
3334	6.9123546798909	3.51169383692653
3335	1.07035984447719	2.48522123797754
3336	6.54460496586534	3.67223726723247
3337	7.73540897138004	3.8058048052006
3338	5.47983669390778	3.93104530732228
3339	1.46692306421476	2.28238289001063
3340	5.3440734357843	3.99707512853203
3341	5.23292947675027	3.36806730204767
3342	12.0460714848872	3.65985150873876
3343	1.62997162363475	4.96232791223256
3344	2.88644765006361	4.89302514292522
3345	4.668533833276	3.20099313031772
3346	0.803780709811993	4.19485317432396
3347	12.6076383930942	5.19124607861315
3348	5.9359075149856	3.13854478105354
3349	7.42547261116105	5.44313876183005
3350	-2.9985591613619	2.71531858586321
3351	10.8055576418856	3.61279161712931
3352	8.12978496903149	3.81924071809323
3353	-0.0621291524143852	4.63943640300942
3354	0.475089487267889	4.1928398248472
3355	2.05153761369778	4.02293574878398
3356	6.02462503540665	5.17063331295367
3357	8.74066847700793	3.91810618394934
3358	8.39276821289705	5.54984395034382
3359	-0.0540511022314258	4.82267098670226
3360	10.2448781354606	5.05630996965383
3361	3.19817493684269	4.79740760942576
3362	-0.475229338323001	2.6056065240206
3363	4.11027026380791	4.21760606810136
3364	5.69035499382832	3.01900157734483
3365	-1.18604411447534	2.6575912555235
3366	5.09384561388329	4.3365189707968
3367	8.82429058176307	5.59102667219366
3368	-2.44773827934238	4.61533796556606
3369	6.91695793778167	3.22104595042876
3370	0.767720897728969	4.60769618559217
3371	14.6158719177026	3.55615940881613
3372	1.15683106764185	2.80126050705646
3373	1.38770604247118	2.74553345767009
3374	0.0230024708188306	4.41468398922021
3375	-0.621341522821964	4.45370519870377
3376	-0.0667370358522751	2.60434480737752
3377	11.5106223174834	3.50623404464894
3378	10.3809630483758	3.15872668847508
3379	11.8207729573972	3.64634010712483
3380	2.4545735165825	2.57692075307002
3381	-0.553269126895843	4.76530229865421
3382	9.63762828435777	5.13330594180618
3383	0.453897148631049	2.63664695374187
3384	2.26581546078627	4.01252623465945
3385	1.12986398833778	2.67038174440622
3386	7.45632988097753	5.14072737806346
3387	8.15088203201351	3.09758645417092
3388	5.63187883421854	3.21827004688316
3389	0.0479606144664847	2.43095762657675
3390	5.85334177583055	3.85340485770608
3391	7.47175317907716	3.26407753763553
3392	0.94456294939532	4.42349776129715
3393	8.52163708262522	5.45791533598361
3394	2.08564079178643	2.4899370517348
3395	0.0115136148397563	4.80300283053804
3396	7.32992453795833	3.6992414163117
3397	12.8789455866351	5.42384267854315
3398	-1.0826905038033	2.80164665353525
3399	1.73616109502928	4.67827172238432
3400	2.98812319560942	3.00870722242314
3401	2.13777704125361	4.96896493521303
3402	0.370577449836003	4.58172779369753
3403	7.16402454575909	3.85265841953872
3404	3.27689919299469	2.63461779197583
3405	7.78067610730869	5.20078997359495
3406	-1.62928343012448	2.6702781258154
3407	1.91628439509508	2.50216428308041
3408	11.1582838640615	3.53323550710981
3409	11.150414870694	3.64831403283546
3410	8.66180901230595	5.70890492499034
3411	9.90929073231001	5.18519866419811
3412	9.15011536979567	5.29204712056162
3413	7.66580506057516	3.43798350235768
3414	-4.34858158202059	4.53821590126889
3415	6.76808851786802	3.13717820792426
3416	4.77210484422042	4.12562566183215
3417	7.49602192084265	3.32685701675521
3418	5.03162066214857	2.33061722526615
3419	1.68542638489522	4.55299323871967
3420	5.25455808507939	3.1095604453502
3421	2.45984371888309	2.53837645076883
3422	8.10240287198131	5.16279606954992
3423	9.99457053677909	3.5663748783553
3424	5.90181810027828	5.47729020917782
3425	4.53342840149862	4.9627467606729
3426	-0.00841014455275049	4.53091402177667
3427	6.83559412691964	5.88468378212682
3428	-2.87807712491032	4.54444771637018
3429	-0.766931271538603	2.77451516397516
3430	1.13053242829008	4.69713740112788
3431	6.65043333581921	4.18235588297035
3432	9.44511717584912	3.75563610081433
3433	5.38820949799105	4.14072769537838
3434	7.81299269178465	5.25695795667946
3435	-1.29491353050677	2.92821663080298
3436	8.67049521087237	3.50538113365363
3437	2.31378192939679	3.04856064484825
3438	9.88122450101968	5.54125681989272
3439	9.40661557055468	3.30472867687875
3440	2.15311722002144	4.43952917530981
3441	1.41268317376875	2.95156022290316
3442	9.39955268545147	3.58313183163122
3443	5.13947219406398	3.08962915082896
3444	9.08499027724131	3.92463592209807
3445	5.36810319444381	4.00932460948062
3446	1.96156831766021	3.0662984711732
3447	8.39846714223112	5.84857755669385
3448	5.18780636190517	4.19997174847137
3449	6.50776261402182	3.27348247852466
3450	10.4478676194402	3.41724890055975
3451	4.4694732489229	4.19855683834763
3452	-0.871306030983109	2.80532033922379
3453	2.30034665122364	4.34210654290176
3454	2.34588715545427	5.04419074925233
3455	12.3909498764063	5.676605475738
3456	13.9387180330806	5.57204781842919
3457	0.23706642464464	4.7845885110243
3458	4.02049231090547	4.04958758324253
3459	10.7951485216016	3.52885053181217
3460	0.233671824257256	4.45567110587324
3461	4.94907873701757	2.61766266409462
3462	1.83688095080756	4.86692215594545
3463	4.02100722935262	4.26594643329809
3464	0.533242306116686	4.72602829148205
3465	8.37055999542821	3.56929254026488
3466	4.19978810011259	4.99617619722524
3467	0.11697167428337	4.19519487215607
3468	7.66056494244898	3.15000224069556
3469	10.1163885197263	5.62732563269957
3470	4.45354499695112	2.75406468500279
3471	1.2721136596478	4.7017721737472
3472	-0.433043155965496	2.88438797207071
3473	1.40126937391547	4.6741298945266
3474	-1.42564467382355	4.72101506221217
3475	1.09277664001855	4.20316370997288
3476	0.58298273947091	2.69276572154012
3477	-0.599831042607216	2.79395189048015
3478	0.158479537609441	4.51683799859824
3479	4.22277918280051	3.11001272339852
3480	0.391714334442204	2.44425870730281
3481	0.33177022213654	4.35459232950251
3482	7.5173302663086	3.34539463324005
3483	2.69585614553595	4.48049947770681
3484	-2.37380881558173	4.75160743286741
3485	6.47047610945289	3.18350299209741
3486	7.73251541197951	5.19712037596285
3487	9.98290102516725	3.35045580489638
3488	9.31726091151868	5.4913216447191
3489	5.30332070511052	5.04168010798801
3490	10.0747615832888	5.41282304652785
3491	3.82923596449484	5.06296093772778
3492	11.5969566128186	5.71926328468328
3493	12.2741860713448	3.60046397515145
3494	1.49729153160628	2.75062188093884
3495	7.15395395372344	3.10422323457099
3496	4.05029911945523	3.03741385818329
3497	-0.109726383816623	4.27971671255814
3498	-0.553939803402985	4.44385263615863
3499	-0.226251676677918	2.98815744342175
3500	8.81242485221115	3.73614093469502
3501	8.55632071564338	3.55529638667352
3502	0.175002105410684	4.65047118770469
3503	1.30168454422251	4.95170707736013
3504	3.50342881885624	2.32779157414243
3505	8.68840932869351	3.63240826833485
3506	10.0117443452968	5.15892565376671
3507	11.2590644663253	5.46342556987718
3508	5.52246623443888	4.19674655575528
3509	1.11859344544774	2.57698843291056
3510	12.9970950903469	3.75855942613606
3511	1.0340007896917	2.3877697625753
3512	5.8384678084801	3.27537562604614
3513	2.91957960781285	4.63765118367694
3514	0.0349888098504865	4.36616345093853
3515	8.9947178895006	5.39499967621005
3516	6.34460717134618	5.88581974911733
3517	6.99388021776221	3.33431169082836
3518	9.43567368757619	5.55854339818816
3519	2.98403160328304	4.31236966798885
3520	9.61489063798503	3.60840815171317
3521	2.1282747074767	2.33086230039976
3522	7.42181550735181	4.13327364371397
3523	3.63732299504189	4.17411316416532
3524	8.14695862208917	5.30335899522584
3525	5.21783591565566	3.19173406864543
3526	3.79803920581527	4.28472524839254
3527	5.52105325366223	4.07669931482413
3528	6.72285671406426	5.17949431259903
3529	4.20797677855704	5.10280969001503
3530	8.91230044113409	3.76963359140056
3531	9.03218425560953	3.84532581030617
3532	8.49667672673218	5.65341331077998
3533	9.32091834610859	5.80423188433007
3534	6.9123546798909	3.5986216520395
3535	1.07035984447719	2.56049605070731
3536	6.54460496586534	3.76098764729055
3537	7.73540897138004	3.89607150711651
3538	5.47983669390778	4.02273379864708
3539	1.46692306421476	2.35535498588787
3540	5.3440734357843	4.08951322161406
3541	5.23292947675027	3.45336460081276
3542	12.0460714848872	3.74846127980894
3543	1.62997162363475	5.06572401140298
3544	2.88644765006361	4.99563448428376
3545	4.668533833276	3.28439372407253
3546	0.803780709811993	4.28953653731511
3547	12.6076383930942	5.29724096506842
3548	5.9359075149856	3.2212364316144
3549	7.42547261116105	5.55199325315041
3550	-2.9985591613619	2.79320557250393
3551	10.8055576418856	3.70086714205435
3552	8.12978496903149	3.90965995084642
3553	-0.0621291524143852	4.73916688506513
3554	0.475089487267889	4.28750033134294
3555	2.05153761369778	4.11566742385713
3556	6.02462503540665	5.27639419354497
3557	8.74066847700793	4.00964778422644
3558	8.39276821289705	5.65990980942726
3559	-0.0540511022314258	4.92448163440744
3560	10.2448781354606	5.16077299758614
3561	3.19817493684269	4.89893145532453
3562	-0.475229338323001	2.6822480074502
3563	4.11027026380791	4.31254773270298
3564	5.69035499382832	3.10033611692276
3565	-1.18604411447534	2.73482289420976
3566	5.09384561388329	4.43281059090616
3567	8.82429058176307	5.70156005701169
3568	-2.44773827934238	4.71479487076327
3569	6.91695793778167	3.30467419328086
3570	0.767720897728969	4.70706633768916
3571	14.6158719177026	3.64359201812987
3572	1.15683106764185	2.88012314703026
3573	1.38770604247118	2.8237634578248
3574	0.0230024708188306	4.51186297558457
3575	-0.621341522821964	4.55132717229211
3576	-0.0667370358522751	2.6809719672031
3577	11.5106223174834	3.59309987761792
3578	10.3809630483758	3.24164745359342
3579	11.8207729573972	3.73479649037407
3580	2.4545735165825	2.6532365820617
3581	-0.553269126895843	4.86646166988184
3582	9.63762828435777	5.23864306442733
3583	0.453897148631049	2.71364082280932
3584	2.26581546078627	4.10513973600538
3585	1.12986398833778	2.74775858677117
3586	7.45632988097753	5.24614875233876
3587	8.15088203201351	3.17981312643498
3588	5.63187883421854	3.30186677636543
3589	0.0479606144664847	2.50561641312753
3590	5.85334177583055	3.94421193792908
3591	7.47175317907716	3.34819429541612
3592	0.94456294939532	4.52077680577033
3593	8.52163708262522	5.5669375779619
3594	2.08564079178643	2.56526540061255
3595	0.0115136148397563	4.90459019603297
3596	7.32992453795833	3.78829836024094
3597	12.8789455866351	5.53247811160052
3598	-1.0826905038033	2.8805136772265
3599	1.73616109502928	4.77844308135159
3600	2.98812319560942	3.08992489561559
3601	2.13777704125361	5.06096530963415
3602	0.370577449836003	4.66988456377598
3603	7.16402454575909	3.93357865698071
3604	3.27689919299469	2.70344810894343
3605	7.78067610730869	5.2950913765816
3606	-1.62928343012448	2.73946239698654
3607	1.91628439509508	2.56967990466522
3608	11.1582838640615	3.61098524471659
3609	11.150414870694	3.72720600674606
3610	8.66180901230595	5.80824973064781
3611	9.90929073231001	5.27934531233798
3612	9.15011536979567	5.38725431570708
3613	7.66580506057516	3.51478779599779
3614	-4.34858158202059	4.62594078483448
3615	6.76808851786802	3.21099679484354
3616	4.77210484422042	4.20925529350678
3617	7.49602192084265	3.40255830090358
3618	5.03162066214857	2.39643012016053
3619	1.68542638489522	4.64086479788094
3620	5.25455808507939	3.18310490631206
3621	2.45984371888309	2.60625150390104
3622	8.10240287198131	5.25672035598724
3623	9.99457053677909	3.64445354781695
3624	5.90181810027828	5.57433607387101
3625	4.53342840149862	5.05468541528437
3626	-0.00841014455275049	4.61856642898935
3627	6.83559412691964	5.98577331809605
3628	-2.87807712491032	4.63223445513771
3629	-0.766931271538603	2.84473406196688
3630	1.13053242829008	4.7864396937318
3631	6.65043333581921	4.26654860248174
3632	9.44511717584912	3.83559332266302
3633	5.38820949799105	4.22450722548862
3634	7.81299269178465	5.35181686688987
3635	-1.29491353050677	2.99996112528853
3636	8.67049521087237	3.58285439677152
3637	2.31378192939679	3.12149963935823
3638	9.88122450101968	5.63893759874153
3639	9.40661557055468	3.38021032149845
3640	2.15311722002144	4.52627452285523
3641	1.41268317376875	3.02353641916096
3642	9.39955268545147	3.6613768257851
3643	5.13947219406398	3.1629757795016
3644	9.08499027724131	4.006270587501
3645	5.36810319444381	4.09179987040423
3646	1.96156831766021	3.13941352623879
3647	8.39846714223112	5.949308712668
3648	5.18780636190517	4.28433931799037
3649	6.50776261402182	3.34865398237838
3650	10.4478676194402	3.49384738851397
3651	4.4694732489229	4.28291036387622
3652	-0.871306030983109	2.87584500051316
3653	2.30034665122364	4.42788490145555
3654	2.34588715545427	5.13693779343863
3655	12.3909498764063	5.77562968636441
3656	13.9387180330806	5.67003421986168
3657	0.23706642464464	4.8747588181592
3658	4.02049231090547	4.13246248284798
3659	10.7951485216016	3.60655674541702
3660	0.233671824257256	4.54257667357258
3661	4.94907873701757	2.68632468934593
3662	1.83688095080756	4.9579096831278
3663	4.02100722935262	4.35096884853802
3664	0.533242306116686	4.81561734674307
3665	8.37055999542821	3.64740016959836
3666	4.19978810011259	5.08844666279627
3667	0.11697167428337	4.2795150277765
3668	7.66056494244898	3.22394811527081
3669	10.1163885197263	5.72586070579654
3670	4.45354499695112	2.82408059742996
3671	1.2721136596478	4.79112046976933
3672	-0.433043155965496	2.95569743591231
3673	1.40126937391547	4.76320382124614
3674	-1.42564467382355	4.81055435760326
3675	1.09277664001855	4.28756296198245
3676	0.58298273947091	2.76217319811001
3677	-0.599831042607216	2.8643637118214
3678	0.158479537609441	4.60435069125875
3679	4.22277918280051	3.18356167354203
3680	0.391714334442204	2.51119957481922
3681	0.33177022213654	4.4404946183782
3682	7.5173302663086	3.42127991643083
3683	2.69585614553595	4.56765148467441
3684	-2.37380881558173	4.84145037931904
3685	6.47047610945289	3.25778138548288
3686	7.73251541197951	5.29138535558026
3687	9.98290102516725	3.42639132381941
3688	9.31726091151868	5.58850678140043
3689	5.30332070511052	5.13440223227218
3690	10.0747615832888	5.50922902873107
3691	3.82923596449484	5.15589428939908
3692	11.5969566128186	5.81871090443586
3693	12.2741860713448	3.67888100317026
3694	1.49729153160628	2.82060362108439
3695	7.15395395372344	3.17771471991577
3696	4.05029911945523	3.11024221289909
3697	-0.109726383816623	4.36487580762417
3698	-0.553939803402985	4.53064089713129
3699	-0.226251676677918	3.06049689315045
3700	8.81242485221115	3.8159046531394
3701	8.55632071564338	3.63326509421733
3702	0.175002105410684	4.739310284914
3703	1.30168454422251	5.04353615525445
3704	3.50342881885624	2.39357642243754
3705	8.68840932869351	3.71114236620787
3706	10.0117443452968	5.25281152357165
3707	11.2590644663253	5.56033381815368
3708	5.52246623443888	4.28108211294023
3709	1.11859344544774	2.64524673745729
3710	12.9970950903469	3.83854566406998
3711	1.0340007896917	2.45414993709512
3712	5.8384678084801	3.35056592073694
3713	2.91957960781285	4.72636303321842
3714	0.0349888098504865	4.45218059143312
3715	8.9947178895006	5.49122874877261
3716	6.34460717134618	5.98692056036775
3717	6.99388021776221	3.41008696792464
3718	9.43567368757619	5.65639575863461
3719	2.98403160328304	4.39785286688646
3720	9.61489063798503	3.68690403134062
3721	2.1282747074767	2.39667762783934
3722	7.42181550735181	4.21697918705415
3723	3.63732299504189	4.25822406882375
3724	8.14695862208917	5.3986784687814
3725	5.21783591565566	3.26609416132618
3726	3.79803920581527	4.3699340567428
3727	5.52105325366223	4.1598433176691
3728	6.72285671406426	5.27358434098777
3729	4.20797677855704	5.19613856892513
3730	8.91230044113409	3.84972974830954
3731	9.03218425560953	3.9261732663807
3732	8.49667672673218	5.75220732265635
3733	9.32091834610859	5.90452287793185
3734	6.9123546798909	3.67702039368969
3735	1.07035984447719	2.62859065661809
3736	6.54460496586534	3.84099798704831
3737	7.73540897138004	3.97742265036286
3738	5.47983669390778	4.10534215532051
3739	1.46692306421476	2.42141342066972
3740	5.3440734357843	4.17278441160744
3741	5.23292947675027	3.5303215628064
3742	12.0460714848872	3.82834728645067
3743	1.62997162363475	5.15868478854782
3744	2.88644765006361	5.08789957296815
3745	4.668533833276	3.35967352980713
3746	0.803780709811993	4.37479310113357
3747	12.6076383930942	5.39249971281863
3748	5.9359075149856	3.29588935625332
3749	7.42547261116105	5.64978059874365
3750	-2.9985591613619	2.86360998610789
3751	10.8055576418856	3.7802807429918
3752	8.12978496903149	3.99114596907177
3753	-0.0621291524143852	4.82888635022215
3754	0.475089487267889	4.37273668436734
3755	2.05153761369778	4.19919821292958
3756	6.02462503540665	5.37144602224489
3757	8.74066847700793	4.09212625288949
3758	8.39276821289705	5.75876830367821
3759	-0.0540511022314258	5.01604048039591
3760	10.2448781354606	5.25467720359379
3761	3.19817493684269	4.99023669759387
3762	-0.475229338323001	2.75155108821913
3763	4.11027026380791	4.39803269901966
3764	5.69035499382832	3.17378901985725
3765	-1.18604411447534	2.80464781816314
3766	5.09384561388329	4.51948925171775
3767	8.82429058176307	5.80083195962493
3768	-2.44773827934238	4.80427242632545
3769	6.91695793778167	3.38015529711207
3770	0.767720897728969	4.79646718205786
3771	14.6158719177026	3.72243712268244
3772	1.15683106764185	2.95139027944677
3773	1.38770604247118	2.8944711801978
3774	0.0230024708188306	4.59932628759944
3775	-0.621341522821964	4.63918219455784
3776	-0.0667370358522751	2.75026238236404
3777	11.5106223174834	3.67144381172547
3778	10.3809630483758	3.31650297215815
3779	11.8207729573972	3.81454686425132
3780	2.4545735165825	2.72225170377749
3781	-0.553269126895843	4.95744462641214
3782	9.63762828435777	5.33332018629193
3783	0.453897148631049	2.78325549962239
3784	2.26581546078627	4.18856603028018
3785	1.12986398833778	2.81771190668344
3786	7.45632988097753	5.34090037349994
3787	8.15088203201351	3.25405489527657
3788	5.63187883421854	3.37732001458487
3789	0.0479606144664847	2.57316629956098
3790	5.85334177583055	4.02604090922727
3791	7.47175317907716	3.42410736724737
3792	0.94456294939532	4.60832859389645
3793	8.52163708262522	5.66487325661927
3794	2.08564079178643	2.63340734571692
3795	0.0115136148397563	4.99595160533287
3796	7.32992453795833	3.86857977826999
3797	12.8789455866351	5.63007175551908
3798	-1.0826905038033	2.95178468593326
3799	1.73616109502928	4.86855239072144
3800	2.98812319560942	3.1632744597658
3801	2.13777704125361	5.14371899649079
3802	0.370577449836003	4.74922916293881
3803	7.16402454575909	4.00650480820837
3804	3.27689919299469	2.76565109632958
3805	7.78067610730869	5.37988596241393
3806	-1.62928343012448	2.8019793243134
3807	1.91628439509508	2.63071682201633
3808	11.1582838640615	3.68109931878755
3809	11.150414870694	3.79833318814535
3810	8.66180901230595	5.89751756618203
3811	9.90929073231001	5.36400263824533
3812	9.15011536979567	5.47285229455971
3813	7.66580506057516	3.58406330784835
3814	-4.34858158202059	4.70490232193763
3815	6.76808851786802	3.27762413192585
3816	4.77210484422042	4.28458454393839
3817	7.49602192084265	3.47085549767558
3818	5.03162066214857	2.45595680282336
3819	1.68542638489522	4.71995642901137
3820	5.25455808507939	3.24948910717517
3821	2.45984371888309	2.66760721932702
3822	8.10240287198131	5.34118045801925
3823	9.99457053677909	3.71485936823809
3824	5.90181810027828	5.661564862029
3825	4.53342840149862	5.13738435971052
3826	-0.00841014455275049	4.69746368313808
3827	6.83559412691964	6.07658864346131
3828	-2.87807712491032	4.71125085475763
3829	-0.766931271538603	2.90816865231192
3830	1.13053242829008	4.86680031493967
3831	6.65043333581921	4.34237728408359
3832	9.44511717584912	3.90766532650312
3833	5.38820949799105	4.29996942844775
3834	7.81299269178465	5.43710593416365
3835	-1.29491353050677	3.0647488445639
3836	8.67049521087237	3.65272325159157
3837	2.31378192939679	3.18734682130729
3838	9.88122450101968	5.72672952447602
3839	9.40661557055468	3.44831270882923
3840	2.15311722002144	4.6043672597661
3841	1.41268317376875	3.08852964649334
3842	9.39955268545147	3.73193016801413
3843	5.13947219406398	3.22918451287054
3844	9.08499027724131	4.07983040113316
3845	5.36810319444381	4.16610525085065
3846	1.96156831766021	3.20541686522694
3847	8.39846714223112	6.03980617263348
3848	5.18780636190517	4.36032308293485
3849	6.50776261402182	3.41648129012906
3850	10.4478676194402	3.56294036086032
3851	4.4694732489229	4.35888167249311
3852	-0.871306030983109	2.93955078783955
3853	2.30034665122364	4.5051199667703
3854	2.34588715545427	5.22035373959172
3855	12.3909498764063	5.86461316990044
3856	13.9387180330806	5.75809721777117
3857	0.23706642464464	4.95588932549264
3858	4.02049231090547	4.2071223231167
3859	10.7951485216016	3.67663221584251
3860	0.233671824257256	4.62081151786659
3861	4.94907873701757	2.74837841027076
3862	1.83688095080756	5.03976502438236
3863	4.02100722935262	4.42753342937548
3864	0.533242306116686	4.8962323123002
3865	8.37055999542821	3.71783167599908
3866	4.19978810011259	5.17143990719663
3867	0.11697167428337	4.35545673892883
3868	7.66056494244898	3.29068835023305
3869	10.1163885197263	5.81441034844169
3870	4.45354499695112	2.88733514957947
3871	1.2721136596478	4.87152189374275
3872	-0.433043155965496	3.02009930443861
3873	1.40126937391547	4.84336189316519
3874	-1.42564467382355	4.89112518860723
3875	1.09277664001855	4.36357482773522
3876	0.58298273947091	2.82488809762919
3877	-0.599831042607216	2.92796941567295
3878	0.158479537609441	4.68312402548283
3879	4.22277918280051	3.24994985608811
3880	0.391714334442204	2.57172671362735
3881	0.33177022213654	4.51783960378295
3882	7.5173302663086	3.48974031128859
3883	2.69585614553595	4.64610490845835
3884	-2.37380881558173	4.92229053385411
3885	6.47047610945289	3.32481654824799
3886	7.73251541197951	5.37614763567848
3887	9.98290102516725	3.49489627529676
3888	9.31726091151868	5.67585909695056
3889	5.30332070511052	5.21779607569978
3890	10.0747615832888	5.59589027264476
3891	3.82923596449484	5.23947548111279
3892	11.5969566128186	5.90806993100723
3893	12.2741860713448	3.74958693096211
3894	1.49729153160628	2.88382786410363
3895	7.15395395372344	3.24405193401642
3896	4.05029911945523	3.17599126280148
3897	-0.109726383816623	4.44156161673375
3898	-0.553939803402985	4.60877169613795
3899	-0.226251676677918	3.12581230841555
3900	8.81242485221115	3.88780502899298
3901	8.55632071564338	3.70357338383471
3902	0.175002105410684	4.81926007462654
3903	1.30168454422251	5.12613791053088
3904	3.50342881885624	2.45307822914856
3905	8.68840932869351	3.78212951933971
3906	10.0117443452968	5.33723755194335
3907	11.2590644663253	5.64744054732984
3908	5.52246623443888	4.35703748452152
3909	1.11859344544774	2.70694237800677
3910	12.9970950903469	3.91064340374818
3911	1.0340007896917	2.51417976883826
3912	5.8384678084801	3.41840989503435
3913	2.91957960781285	4.80619996051855
3914	0.0349888098504865	4.52962744456557
3915	8.9947178895006	5.57773308255064
3916	6.34460717134618	6.07774588635194
3917	6.99388021776221	3.47844979279611
3918	9.43567368757619	5.74433986879311
3919	2.98403160328304	4.47482614012743
3920	9.61489063798503	3.75767989662464
3921	2.1282747074767	2.45620646804992
3922	7.42181550735181	4.29237576739325
3923	3.63732299504189	4.3339801846817
3924	8.14695862208917	5.48437603305231
3925	5.21783591565566	3.33320178734121
3926	3.79803920581527	4.44666395908634
3927	5.52105325366223	4.2347418392537
3928	6.72285671406426	5.35819144796528
3929	4.20797677855704	5.28007057381369
3930	8.91230044113409	3.92192498070338
3931	9.03218425560953	3.99903486412106
3932	8.49667672673218	5.840986631242
3933	9.32091834610859	5.99462993555799
3934	6.9123546798909	3.74771010237347
3935	1.07035984447719	2.69014110454221
3936	6.54460496586534	3.91311710385688
3937	7.73540897138004	4.05073099381008
3938	5.47983669390778	4.17976558513997
3939	1.46692306421476	2.48115788511603
3940	5.3440734357843	4.24779574192669
3941	5.23292947675027	3.59973248396521
3942	12.0460714848872	3.90035612591068
3943	1.62997162363475	5.24229030530541
3944	2.88644765006361	5.17088804833495
3945	4.668533833276	3.42759689599057
3946	0.803780709811993	4.4515653602247
3947	12.6076383930942	5.47814341629189
3948	5.9359075149856	3.36325670978866
3949	7.42547261116105	5.73766704393036
3950	-2.9985591613619	2.92720911966141
3951	10.8055576418856	3.85187058186555
3952	8.12978496903149	4.06457393998065
3953	-0.0621291524143852	4.90961698293229
3954	0.475089487267889	4.44949101747984
3955	2.05153761369778	4.27443979484262
3956	6.02462503540665	5.45690619871458
3957	8.74066847700793	4.16643447844278
3958	8.39276821289705	5.84760480495335
3959	-0.0540511022314258	5.09840255328505
3960	10.2448781354606	5.33911949527396
3961	3.19817493684269	5.0723738364781
3962	-0.475229338323001	2.81417339380599
3963	4.11027026380791	4.47500753987427
3964	5.69035499382832	3.24009201326076
3965	-1.18604411447534	2.8677329729456
3966	5.09384561388329	4.59752284078107
3967	8.82429058176307	5.89003513375053
3968	-2.44773827934238	4.88478849714284
3969	6.91695793778167	3.44825720479008
3970	0.767720897728969	4.87691521382587
3971	14.6158719177026	3.79352273327022
3972	1.15683106764185	3.01575460208451
3973	1.38770604247118	2.95833933368672
3974	0.0230024708188306	4.67805582362363
3975	-0.621341522821964	4.71825915827663
3976	-0.0667370358522751	2.81287345418059
3977	11.5106223174834	3.74208490881906
3978	10.3809630483758	3.38405001652473
3979	11.8207729573972	3.88643540413129
3980	2.4545735165825	2.78461860387074
3981	-0.553269126895843	5.03929591372351
3982	9.63762828435777	5.41844801625891
3983	0.453897148631049	2.84615417554939
3984	2.26581546078627	4.26371493045573
3985	1.12986398833778	2.88091094235591
3986	7.45632988097753	5.42609428067271
3987	8.15088203201351	3.32105757387559
3988	5.63187883421854	3.44539720683807
3989	0.0479606144664847	2.63423360814474
3990	5.85334177583055	4.0997730626159
3991	7.47175317907716	3.49259240926018
3992	0.94456294939532	4.68713660387247
3993	8.52163708262522	5.75289126592611
3994	2.08564079178643	2.69499978117355
3995	0.0115136148397563	5.07813856160609
3996	7.32992453795833	3.9409393281503
3997	12.8789455866351	5.71778639686322
3998	-1.0826905038033	3.01615244664949
3999	1.73616109502928	4.94962879604238
4000	2.98812319560942	3.22948579675874
4001	2.13777704125361	5.21817313991578
4002	0.370577449836003	4.82065179254168
4003	7.16402454575909	4.07221986576277
4004	3.27689919299469	2.82183063519922
4005	7.78067610730869	5.45615496483053
4006	-1.62928343012448	2.85843803267209
4007	1.91628439509508	2.68585943906222
4008	11.1582838640615	3.74431375109114
4009	11.150414870694	3.8624485209669
4010	8.66180901230595	5.97776438305194
4011	9.90929073231001	5.4401495829746
4012	9.15011536979567	5.54983571011684
4013	7.66580506057516	3.64653205297983
4014	-4.34858158202059	4.77598431556017
4015	6.76808851786802	3.33773800116844
4016	4.77210484422042	4.35243654518771
4017	7.49602192084265	3.53245428111953
4018	5.03162066214857	2.5097564513852
4019	1.68542638489522	4.79115410808329
4020	5.25455808507939	3.30938676877649
4021	2.45984371888309	2.72303332593294
4022	8.10240287198131	5.41715202242457
4023	9.99457053677909	3.77833323449368
4024	5.90181810027828	5.73999846643267
4025	4.53342840149862	5.21178982370875
4026	-0.00841014455275049	4.76848851347168
4027	6.83559412691964	6.15821155776072
4028	-2.87807712491032	4.78238163459304
4029	-0.766931271538603	2.96544338782316
4030	1.13053242829008	4.93912643695745
4031	6.65043333581921	4.41067340195054
4032	9.44511717584912	3.97262083785513
4033	5.38820949799105	4.3679396570532
4034	7.81299269178465	5.51381465167684
4035	-1.29491353050677	3.12322684306626
4036	8.67049521087237	3.71571962392857
4037	2.31378192939679	3.24676694158175
4038	9.88122450101968	5.80566389609375
4039	9.40661557055468	3.50973825897243
4040	2.15311722002144	4.67467667725445
4041	1.41268317376875	3.14719039198591
4042	9.39955268545147	3.79553521728402
4043	5.13947219406398	3.28892614089874
4044	9.08499027724131	4.14610893974477
4045	5.36810319444381	4.23304678094435
4046	1.96156831766021	3.26497584735092
4047	8.39846714223112	6.12114642674943
4048	5.18780636190517	4.42875710787225
4049	6.50776261402182	3.47766222716044
4050	10.4478676194402	3.62524678366987
4051	4.4694732489229	4.42730462070481
4052	-0.871306030983109	2.99706668388151
4053	2.30034665122364	4.57466670417177
4054	2.34588715545427	5.29539679371403
4055	12.3909498764063	5.9446071282081
4056	13.9387180330806	5.8372726389362
4057	0.23706642464464	5.02890006481591
4058	4.02049231090547	4.27437905479722
4059	10.7951485216016	3.7398123200515
4060	0.233671824257256	4.69124730361968
4061	4.94907873701757	2.80442521470195
4062	1.83688095080756	5.11342031856839
4063	4.02100722935262	4.49648394187959
4064	0.533242306116686	4.96878460873168
4065	8.37055999542821	3.78132838338084
4066	4.19978810011259	5.246107075944
4067	0.11697167428337	4.42385336774632
4068	7.66056494244898	3.35090261333881
4069	10.1163885197263	5.89401851595269
4070	4.45354499695112	2.94444978704478
4071	1.2721136596478	4.94388429941144
4072	-0.433043155965496	3.07823418713282
4073	1.40126937391547	4.91550789926227
4074	-1.42564467382355	4.96363823861269
4075	1.09277664001855	4.43203384117288
4076	0.58298273947091	2.88152285174887
4077	-0.599831042607216	2.98539631299602
4078	0.158479537609441	4.75403866065628
4079	4.22277918280051	3.30985105838067
4080	0.391714334442204	2.62641601270725
4081	0.33177022213654	4.58748408706312
4082	7.5173302663086	3.55148421779688
4083	2.69585614553595	4.71673506490663
4084	-2.37380881558173	4.99504307843421
4085	6.47047610945289	3.38529307439631
4086	7.73251541197951	5.45238791038601
4087	9.98290102516725	3.55667980355149
4088	9.31726091151868	5.75440254745685
4089	5.30332070511052	5.29281947508633
4090	10.0747615832888	5.67381919122754
4091	3.82923596449484	5.31466547900601
4092	11.5969566128186	5.98839783904123
4093	12.2741860713448	3.81332766616451
4094	1.49729153160628	2.94091554932963
4095	7.15395395372344	3.30390781287916
4096	4.05029911945523	3.23532411965457
4097	-0.109726383816623	4.51061993085975
4098	-0.553939803402985	4.67911496015061
4099	-0.226251676677918	3.18475955788193
4100	8.81242485221115	3.95260792103444
4101	8.55632071564338	3.76696052132113
4102	0.175002105410684	4.89122086683514
4103	1.30168454422251	5.20045694957405
4104	3.50342881885624	2.50685575689729
4105	8.68840932869351	3.84612033273953
4106	10.0117443452968	5.41317881652025
4107	11.2590644663253	5.72576561140725
4108	5.52246623443888	4.42544626080571
4109	1.11859344544774	2.76267076129282
4110	12.9970950903469	3.97562180056279
4111	1.0340007896917	2.56842684015026
4112	5.8384678084801	3.47960565270731
4113	2.91957960781285	4.87806039040329
4114	0.0349888098504865	4.59936251320239
4115	8.9947178895006	5.65552246959657
4116	6.34460717134618	6.15937769365066
4117	6.99388021776221	3.54010693569237
4118	9.43567368757619	5.8234095696327
4119	2.98403160328304	4.54414008026423
4120	9.61489063798503	3.8214828233848
4121	2.1282747074767	2.51000803520008
4122	7.42181550735181	4.36028764141896
4123	3.63732299504189	4.40221177383146
4124	8.14695862208917	5.56144800443408
4125	5.21783591565566	3.39374275106447
4126	3.79803920581527	4.51576148289546
4127	5.52105325366223	4.30221081707546
4128	6.72285671406426	5.43429373576767
4129	4.20797677855704	5.3555725305311
4130	8.91230044113409	3.98699007241749
4131	9.03218425560953	4.06469251781654
4132	8.49667672673218	5.92079902801773
4133	9.32091834610859	6.0756230263874
4134	6.9123546798909	3.81143641481684
4135	1.07035984447719	2.74574037602764
4136	6.54460496586534	3.97811451017549
4137	7.73540897138004	4.11678591384394
4138	5.47983669390778	4.24681209003579
4139	1.46692306421476	2.53515119501666
4140	5.3440734357843	4.31536503433965
4141	5.23292947675027	3.66232164113253
4142	12.0460714848872	3.96525546866025
4143	1.62997162363475	5.31750193411969
4144	2.88644765006361	5.24555097624358
4145	4.668533833276	3.48886325249274
4146	0.803780709811993	4.52070054955529
4147	12.6076383930942	5.55516749223441
4148	5.9359075149856	3.42402863488297
4149	7.42547261116105	5.81668546648827
4150	-2.9985591613619	2.9846301743805
4151	10.8055576418856	3.91639733048355
4152	8.12978496903149	4.13073523812386
4153	-0.0621291524143852	4.98227213578889
4154	0.475089487267889	4.51861026622549
4155	2.05153761369778	4.34221383730951
4156	6.02462503540665	5.5337670742064
4157	8.74066847700793	4.23337853853324
4158	8.39276821289705	5.92746806003613
4159	-0.0540511022314258	5.17250845598933
4160	10.2448781354606	5.41507522191486
4161	3.19817493684269	5.14627971776723
4162	-0.475229338323001	2.87072580924423
4163	4.11027026380791	4.5443228740035
4164	5.69035499382832	3.29991746154333
4165	-1.18604411447534	2.92469697466733
4166	5.09384561388329	4.66777966134805
4167	8.82429058176307	5.97022445079305
4168	-2.44773827934238	4.95725285193203
4169	6.91695793778167	3.50968232840452
4170	0.767720897728969	4.94931906523786
4171	14.6158719177026	3.85760109945992
4172	1.15683106764185	3.07385609728907
4173	1.38770604247118	3.01599961300954
4174	0.0230024708188306	4.74893151147148
4175	-0.621341522821964	4.78944379442766
4176	-0.0667370358522751	2.86941588004594
4177	11.5106223174834	3.80576799365411
4178	10.3809630483758	3.44498173077307
4179	11.8207729573972	3.95122777109365
4180	2.4545735165825	2.8409439012781
4181	-0.553269126895843	5.11294760296126
4182	9.63762828435777	5.49501335432044
4183	0.453897148631049	2.90295235190122
4184	2.26581546078627	4.33140655616085
4185	1.12986398833778	2.93797621207751
4186	7.45632988097753	5.50271837755205
4187	8.15088203201351	3.3815052136451
4188	5.63187883421854	3.50680035238721
4189	0.0479606144664847	2.68940325043907
4190	5.85334177583055	4.16620485347584
4191	7.47175317907716	3.55435823312523
4192	0.94456294939532	4.75808207428124
4193	8.52163708262522	5.83202668120598
4194	2.08564079178643	2.75063638985785
4195	0.0115136148397563	5.15208874275398
4196	7.32992453795833	4.00615053835011
4197	12.8789455866351	5.79665204373149
4198	-1.0826905038033	3.07425699914778
4199	1.73616109502928	5.02259142542733
4200	2.98812319560942	3.28922974004627
4201	2.13777704125361	5.28517327941818
4202	0.370577449836003	4.88495030517179
4203	7.16402454575909	4.13143189984569
4204	3.27689919299469	2.87254479824093
4205	7.78067610730869	5.52477247179647
4206	-1.62928343012448	2.90940098619861
4207	1.91628439509508	2.7356495172975
4208	11.1582838640615	3.80129727599628
4209	11.150414870694	3.9202349111042
4210	8.66180901230595	6.04992684183095
4211	9.90929073231001	5.50865831447475
4212	9.15011536979567	5.61908988834723
4213	7.66580506057516	3.70285103580445
4214	-4.34858158202059	4.8399792599494
4215	6.76808851786802	3.39195836384627
4216	4.77210484422042	4.41355298243338
4217	7.49602192084265	3.58799797080323
4218	5.03162066214857	2.55834970191062
4219	1.68542638489522	4.8552521491223
4220	5.25455808507939	3.36341445135853
4221	2.45984371888309	2.77307604461729
4222	8.10240287198131	5.48550445834967
4223	9.99457053677909	3.83554796195222
4224	5.90181810027828	5.8105450250999
4225	4.53342840149862	5.27874658104133
4226	-0.00841014455275049	4.83243251503612
4227	6.83559412691964	6.23160036812925
4228	-2.87807712491032	4.84642005631782
4229	-0.766931271538603	3.01713356906932
4230	1.13053242829008	5.00423012466847
4231	6.65043333581921	4.47218562739281
4232	9.44511717584912	4.031155978956
4233	5.38820949799105	4.42916145624709
4234	7.81299269178465	5.58282402428838
4235	-1.29491353050677	3.1759893491712
4236	8.67049521087237	3.77250881798119
4237	2.31378192939679	3.30036904850853
4238	9.88122450101968	5.87665672888066
4239	9.40661557055468	3.56512756646692
4240	2.15311722002144	4.73798311663679
4241	1.41268317376875	3.20011575869732
4242	9.39955268545147	3.85286685252442
4243	5.13947219406398	3.34281476935837
4244	9.08499027724131	4.20582313731943
4245	5.36810319444381	4.29335182378948
4246	1.96156831766021	3.31870170528999
4247	8.39846714223112	6.19428333579335
4248	5.18780636190517	4.49039223344602
4249	6.50776261402182	3.53283354014955
4250	10.4478676194402	3.68142110795997
4251	4.4694732489229	4.48892987491347
4252	-0.871306030983109	3.0489717827591
4253	2.30034665122364	4.63729345771444
4254	2.34588715545427	5.36292175911485
4255	12.3909498764063	6.01654424429472
4256	13.9387180330806	5.90848029044825
4257	0.23706642464464	5.09461387031569
4258	4.02049231090547	4.33496499924039
4259	10.7951485216016	3.7967652524183
4260	0.233671824257256	4.75466635997159
4261	4.94907873701757	2.8550210873624
4262	1.83688095080756	5.17970853897771
4263	4.02100722935262	4.55857935124929
4264	0.533242306116686	5.03408985873458
4265	8.37055999542821	3.83856346641217
4266	4.19978810011259	5.31329705952073
4267	0.11697167428337	4.48545516661655
4268	7.66056494244898	3.40521244509859
4269	10.1163885197263	5.96561182269371
4270	4.45354499695112	2.99599729198843
4271	1.2721136596478	5.009020322415
4272	-0.433043155965496	3.13069091502201
4273	1.40126937391547	4.98045107112542
4274	-1.42564467382355	5.02890851295478
4275	1.09277664001855	4.49369123601796
4276	0.58298273947091	2.93264269387515
4277	-0.599831042607216	3.0372220979253
4278	0.158479537609441	4.81788445841122
4279	4.22277918280051	3.36388189635871
4280	0.391714334442204	2.67580210268106
4281	0.33177022213654	4.65019794985483
4282	7.5173302663086	3.6071572383672
4283	2.69585614553595	4.78032734068753
4284	-2.37380881558173	5.0605267857397
4285	6.47047610945289	3.43983662994063
4286	7.73251541197951	5.52097981576958
4287	9.98290102516725	3.61238813426096
4288	9.31726091151868	5.82504699886021
4289	5.30332070511052	5.36032692456426
4290	10.0747615832888	5.74391598358797
4291	3.82923596449484	5.38232139787215
4292	11.5969566128186	6.06063256470762
4293	12.2741860713448	3.87078022210096
4294	1.49729153160628	2.99243903495546
4295	7.15395395372344	3.35789825948738
4296	4.05029911945523	3.28884845909688
4297	-0.109726383816623	4.57281141096363
4298	-0.553939803402985	4.74245156290509
4299	-0.226251676677918	3.23794025143006
4300	8.81242485221115	4.01100705073811
4301	8.55632071564338	3.82409795776694
4302	0.175002105410684	4.95599897963948
4303	1.30168454422251	5.2673366866472
4304	3.50342881885624	2.55542929377907
4305	8.68840932869351	3.90379575356063
4306	10.0117443452968	5.48150424982043
4307	11.2590644663253	5.79621544102116
4308	5.52246623443888	4.48705888526485
4309	1.11859344544774	2.81298286314672
4310	12.9970950903469	4.03417733674822
4311	1.0340007896917	2.61741882523407
4312	5.8384678084801	3.53479017356743
4313	2.91957960781285	4.94274906223291
4314	0.0349888098504865	4.66215710392349
4315	8.9947178895006	5.72549491413227
4316	6.34460717134618	6.23277442928931
4317	6.99388021776221	3.59570263419868
4318	9.43567368757619	5.89452300522199
4319	2.98403160328304	4.60655936935747
4320	9.61489063798503	3.8789908032426
4321	2.1282747074767	2.55860299553454
4322	7.42181550735181	4.42145743613259
4323	3.63732299504189	4.4636664925208
4324	8.14695862208917	5.63078110191393
4325	5.21783591565566	3.44834373213751
4326	3.79803920581527	4.57798790591558
4327	5.52105325366223	4.3629859112017
4328	6.72285671406426	5.50276266987258
4329	4.20797677855704	5.42350646110755
4330	8.91230044113409	4.04562286943165
4331	9.03218425560953	4.12385339468332
4332	8.49667672673218	5.99257433995552
4333	9.32091834610859	6.14845055018056
4334	6.9123546798909	3.86887611746755
4335	1.07035984447719	2.79593741592551
4336	6.54460496586534	4.03668698726566
4337	7.73540897138004	4.1763008268386
4338	5.47983669390778	4.30721068440762
4339	1.46692306421476	2.58391703280629
4340	5.3440734357843	4.37622952690218
4341	5.23292947675027	3.71874793284997
4342	12.0460714848872	4.02374055338183
4343	1.62997162363475	5.38517713004706
4344	2.88644765006361	5.31273718046632
4345	4.668533833276	3.544110689673
4346	0.803780709811993	4.58296053936446
4347	12.6076383930942	5.62445790621904
4348	5.9359075149856	3.4788354442923
4349	7.42547261116105	5.88775320385817
4350	-2.9985591613619	3.03645075249339
4351	10.8055576418856	3.97455036647392
4352	8.12978496903149	4.19034495324569
4353	-0.0621291524143852	5.04766904946162
4354	0.475089487267889	4.58085605009163
4355	2.05153761369778	4.40326079918613
4356	6.02462503540665	5.60291204708503
4357	8.74066847700793	4.29368583606285
4358	8.39276821289705	5.99928869592
4359	-0.0540511022314258	5.23919825005235
4360	10.2448781354606	5.48341354352861
4361	3.19817493684269	5.21279125658817
4362	-0.475229338323001	2.92177227271961
4363	4.11027026380791	4.606743405396
4364	5.69035499382832	3.35388078900318
4365	-1.18604411447534	2.97611023593055
4366	5.09384561388329	4.73103922736463
4367	8.82429058176307	6.04233566683064
4368	-2.44773827934238	5.02247973003299
4369	6.91695793778167	3.56507125578478
4370	0.767720897728969	5.01449202389154
4371	14.6158719177026	3.91535454564517
4372	1.15683106764185	3.12628307088896
4373	1.38770604247118	3.06803338349292
4374	0.0230024708188306	4.81274260011817
4375	-0.621341522821964	4.85353021186617
4376	-0.0667370358522751	2.92045344100591
4377	11.5106223174834	3.86316917269084
4378	10.3809630483758	3.49993094120638
4379	11.8207729573972	4.00961752104906
4380	2.4545735165825	2.89178796152809
4381	-0.553269126895843	5.17923261070994
4382	9.63762828435777	5.56389494991948
4383	0.453897148631049	2.95421783278087
4384	2.26581546078627	4.3923800698029
4385	1.12986398833778	2.98947972143651
4386	7.45632988097753	5.57165233788056
4387	8.15088203201351	3.43602302620363
4388	5.63187883421854	3.56216969333794
4389	0.0479606144664847	2.7392174130565
4390	5.85334177583055	4.2260556265097
4391	7.47175317907716	3.61005078602279
4392	0.94456294939532	4.82195535180546
4393	8.52163708262522	5.90319868024184
4394	2.08564079178643	2.80086670394997
4395	0.0115136148397563	5.21863976075789
4396	7.32992453795833	4.06491355335129
4397	12.8789455866351	5.86758363034213
4398	-1.0826905038033	3.12668669734911
4399	1.73616109502928	5.08826235627443
4400	2.98812319560942	3.34312043182054
4401	2.13777704125361	5.34547541074204
4402	0.370577449836003	4.94284040617008
4403	7.16402454575909	4.18478075918251
4404	3.27689919299469	2.91830670215306
4405	7.78067610730869	5.58651859948034
4406	-1.62928343012448	2.95538501189974
4407	1.91628439509508	2.78058639218753
4408	11.1582838640615	3.85265650761184
4409	11.150414870694	3.97231094610486
4410	8.66180901230595	6.11483792592072
4411	9.90929073231001	5.5703073267039
4412	9.15011536979567	5.68140444034352
4413	7.66580506057516	3.75361695985882
4414	-4.34858158202059	4.89759833321608
4415	6.76808851786802	3.44085062596463
4416	4.77210484422042	4.46860210549935
4417	7.49602192084265	3.63807170801777
4418	5.03162066214857	2.60221804111192
4419	1.68542638489522	4.91296326775922
4420	5.25455808507939	3.41213468741401
4421	2.45984371888309	2.81823847856986
4422	8.10240287198131	5.54701392885653
4423	9.99457053677909	3.88711361273538
4424	5.90181810027828	5.87401342289103
4425	4.53342840149862	5.33900998047728
4426	-0.00841014455275049	4.89000610621216
4427	6.83559412691964	6.29760634702262
4428	-2.87807712491032	4.90407794643701
4429	-0.766931271538603	3.0637668684845
4430	1.13053242829008	5.06283909130009
4431	6.65043333581921	4.52758811277632
4432	9.44511717584912	4.08390050376514
4433	5.38820949799105	4.48430464715673
4434	7.81299269178465	5.64492001221033
4435	-1.29491353050677	3.22358002730687
4436	8.67049521087237	3.82369454972735
4437	2.31378192939679	3.34870932780654
4438	9.88122450101968	5.94052356315509
4439	9.40661557055468	3.6150634702427
4440	2.15311722002144	4.79498748808325
4441	1.41268317376875	3.24785183985873
4442	9.39955268545147	3.90453687934782
4443	5.13947219406398	3.39141085697441
4444	9.08499027724131	4.25962033154028
4445	5.36810319444381	4.34767652857246
4446	1.96156831766021	3.36715247030959
4447	8.39846714223112	6.26006441551939
4448	5.18780636190517	4.54590444487914
4449	6.50776261402182	3.58257481699028
4450	10.4478676194402	3.73205787991873
4451	4.4694732489229	4.54443327312657
4452	-0.871306030983109	3.09579696205592
4453	2.30034665122364	4.69369100115147
4454	2.34588715545427	5.4236924584692
4455	12.3909498764063	6.08125414093953
4456	13.9387180330806	5.97253891630015
4457	0.23706642464464	5.15376755414115
4458	4.02049231090547	4.38954049482647
4459	10.7951485216016	3.84809717081345
4460	0.233671824257256	4.81177127659272
4461	4.94907873701757	2.90067738084041
4462	1.83688095080756	5.23937506423049
4463	4.02100722935262	4.61450250709724
4464	0.533242306116686	5.09287878151244
4465	8.37055999542821	3.89014729078523
4466	4.19978810011259	5.37376868488877
4467	0.11697167428337	4.54093762374849
4468	7.66056494244898	3.45418458580458
4469	10.1163885197263	6.03001476408267
4470	4.45354499695112	3.04250320905784
4471	1.2721136596478	5.0676581582095
4472	-0.433043155965496	3.17800859234589
4473	1.40126937391547	5.03891672814727
4474	-1.42564467382355	5.08766620923154
4475	1.09277664001855	4.54922332960368
4476	0.58298273947091	2.97876679075495
4477	-0.599831042607216	3.08397646520493
4478	0.158479537609441	4.87537037257716
4479	4.22277918280051	3.4126049495726
4480	0.391714334442204	2.72037829418146
4481	0.33177022213654	4.70667326500509
4482	7.5173302663086	3.65734644305201
4483	2.69585614553595	4.83758690875961
4484	-2.37380881558173	5.11947503637667
4485	6.47047610945289	3.48901744078604
4486	7.73251541197951	5.58270308619152
4487	9.98290102516725	3.66260886407136
4488	9.31726091151868	5.8886027959331
4489	5.30332070511052	5.42108198558691
4490	10.0747615832888	5.80698282704806
4491	3.82923596449484	5.44320901334575
4492	11.5969566128186	6.12560816915204
4493	12.2741860713448	3.92255820772091
4494	1.49729153160628	3.03892350741919
4495	7.15395395372344	3.40658525101936
4496	4.05029911945523	3.33711930707081
4497	-0.109726383816623	4.62882033939796
4498	-0.553939803402985	4.79948286440955
4499	-0.226251676677918	3.28590429007866
4500	8.81242485221115	4.06363014367297
4501	8.55632071564338	3.87559460262315
4502	0.175002105410684	5.01431727084282
4503	1.30168454422251	5.32753132188654
4504	3.50342881885624	2.59928003250906
4505	8.68840932869351	3.95577271442244
4506	10.0117443452968	5.54298961220532
4507	11.2590644663253	5.85959747847425
4508	5.52246623443888	4.54255100755413
4509	1.11859344544774	2.8583858041733
4510	12.9970950903469	4.08694007042363
4511	1.0340007896917	2.66164315728418
4512	5.8384678084801	3.58454324248269
4513	2.91957960781285	5.00098749994294
4514	0.0349888098504865	4.71870449350259
4515	8.9947178895006	5.78845073903266
4516	6.34460717134618	6.29878748391623
4517	6.99388021776221	3.64582280523376
4518	9.43567368757619	5.9584975144754
4519	2.98403160328304	4.66277168716299
4520	9.61489063798503	3.93081827170581
4521	2.1282747074767	2.60247286126465
4522	7.42181550735181	4.47655419709858
4523	3.63732299504189	4.51901763549525
4524	8.14695862208917	5.69316611353767
4525	5.21783591565566	3.49757581287446
4526	3.79803920581527	4.63402803161645
4527	5.52105325366223	4.41773028087486
4528	6.72285671406426	5.56437615072426
4529	4.20797677855704	5.48464228727339
4530	8.91230044113409	4.09845458208553
4531	9.03218425560953	4.17715658051949
4532	8.49667672673218	6.05713977678695
4533	9.32091834610859	6.21395540871013
4534	6.9123546798909	3.92064262758906
4535	1.07035984447719	2.84123762887736
4536	6.54460496586534	4.08946484589277
4537	7.73540897138004	4.22992009846944
4538	5.47983669390778	4.3616189126119
4539	1.46692306421476	2.62793945905764
4540	5.3440734357843	4.43105371209006
4541	5.23292947675027	3.769609662993
4542	12.0460714848872	4.07644038752473
4543	1.62997162363475	5.44608195620834
4544	2.88644765006361	5.37320543160213
4545	4.668533833276	3.59391993069466
4546	0.803780709811993	4.63903063371643
4547	12.6076383930942	5.68680480973617
4548	5.9359075149856	3.52825128992815
4549	7.42547261116105	5.9516869134393
4550	-2.9985591613619	3.08320047109293
4551	10.8055576418856	4.0269537453152
4552	8.12978496903149	4.24404886484217
4553	-0.0621291524143852	5.10653981016968
4554	0.475089487267889	4.63691346128378
4555	2.05153761369778	4.45824789418349
4556	6.02462503540665	5.66512909982155
4557	8.74066847700793	4.34801255384305
4558	8.39276821289705	6.06389459827002
4559	-0.0540511022314258	5.299223302917
4560	10.2448781354606	5.54491041268502
4561	3.19817493684269	5.27265716199467
4562	-0.475229338323001	2.96783085665496
4563	4.11027026380791	4.66295683233452
4564	5.69035499382832	3.40254356838028
4565	-1.18604411447534	3.02249629935491
4566	5.09384561388329	4.78800174996037
4567	8.82429058176307	6.10720100106225
4568	-2.44773827934238	5.08119868185887
4569	6.91695793778167	3.61500682019204
4570	0.767720897728969	5.07316283607856
4571	14.6158719177026	3.96740116806773
4572	1.15683106764185	3.17357418338672
4573	1.38770604247118	3.11497344164974
4574	0.0230024708188306	4.87019752576289
4575	-0.621341522821964	4.91123095287575
4576	-0.0667370358522751	2.96650407671666
4577	11.5106223174834	3.91490128867519
4578	10.3809630483758	3.54947392341749
4579	11.8207729573972	4.06223223968269
4580	2.4545735165825	2.93766583852621
4581	-0.553269126895843	5.23889626767806
4582	9.63762828435777	5.62587685768025
4583	0.453897148631049	3.00047195690215
4584	2.26581546078627	4.44730158973105
4585	1.12986398833778	3.03594635895719
4586	7.45632988097753	5.63368099721786
4587	8.15088203201351	3.48518085354121
4588	5.63187883421854	3.61208777085149
4589	0.0479606144664847	2.78417579064209
4590	5.85334177583055	4.27997475620309
4591	7.47175317907716	3.66025742929846
4592	0.94456294939532	4.879465800091
4593	8.52163708262522	5.96722547532738
4594	2.08564079178643	2.84619662432233
4595	0.0115136148397563	5.27854091343984
4596	7.32992453795833	4.11786152548453
4597	12.8789455866351	5.93139578362564
4598	-1.0826905038033	3.17398024238904
4599	1.73616109502928	5.14737776132664
4600	2.98812319560942	3.39171836157753
4601	2.13777704125361	5.39975633441012
4602	0.370577449836003	4.99496457293987
4603	7.16402454575909	4.23284429944347
4604	3.27689919299469	2.95958624045696
4605	7.78067610730869	5.6420906964299
4606	-1.62928343012448	2.99686316408325
4607	1.91628439509508	2.82112821711534
4608	11.1582838640615	3.89894098926505
4609	11.150414870694	4.01923636938684
4610	8.66180901230595	6.17324002110406
4611	9.90929073231001	5.62579258625981
4612	9.15011536979567	5.73748480331443
4613	7.66580506057516	3.79937092572132
4614	-4.34858158202059	4.949480156047
4615	6.76808851786802	3.48492922594856
4616	4.77210484422042	4.51818596475791
4617	7.49602192084265	3.68320674354351
4618	5.03162066214857	2.64180441714123
4619	1.68542638489522	4.96492739448372
4620	5.25455808507939	3.45605946744226
4621	2.45984371888309	2.85898199087239
4622	8.10240287198131	5.60237441486835
4623	9.99457053677909	3.93358266750898
4624	5.90181810027828	5.93112551620597
4625	4.53342840149862	5.39325627138575
4626	-0.00841014455275049	4.94184726047781
4627	6.83559412691964	6.35698746054397
4628	-2.87807712491032	4.95599447800004
4629	-0.766931271538603	3.10582557952201
4630	1.13053242829008	5.1156060436921
4631	6.65043333581921	4.57748793680856
4632	9.44511717584912	4.1314236682905
4633	5.38820949799105	4.53397261873701
4634	7.81299269178465	5.70080494249119
4635	-1.29491353050677	3.26649479439717
4636	8.67049521087237	3.86982389359636
4637	2.31378192939679	3.39229436320179
4638	9.88122450101968	5.99799192505619
4639	9.40661557055468	3.66007525971438
4640	2.15311722002144	4.84631966509211
4641	1.41268317376875	3.29089662147474
4642	9.39955268545147	3.95109926368797
4643	5.13947219406398	3.43522462761761
4644	9.08499027724131	4.30808475786955
4645	5.36810319444381	4.39661263721506
4646	1.96156831766021	3.41083629834424
4647	8.39846714223112	6.31924443172227
4648	5.18780636190517	4.59590238227749
4649	6.50776261402182	3.62741257756178
4650	10.4478676194402	3.77769636229407
4651	4.4694732489229	4.59442333003815
4652	-0.871306030983109	3.13802724567028
4653	2.30034665122364	4.74448057283669
4654	2.34588715545427	5.47839236000888
4655	12.3909498764063	6.139476341034
4656	13.9387180330806	6.03017877181945
4657	0.23706642464464	5.20702157444145
4658	4.02049231090547	4.43870085222286
4659	10.7951485216016	3.89435722989789
4660	0.233671824257256	4.86319335773618
4661	4.94907873701757	2.941862485824
4662	1.83688095080756	5.29308765019406
4663	4.02100722935262	4.66486789725608
4664	0.533242306116686	5.14580664467562
4665	8.37055999542821	3.93663259577549
4666	4.19978810011259	5.42820116446604
4667	0.11697167428337	4.59090895584523
4668	7.66056494244898	3.49833461055173
4669	10.1163885197263	6.08796249504693
4670	4.45354499695112	3.08444801905935
4671	1.2721136596478	5.12045092444204
4672	-0.433043155965496	3.22067925123496
4673	1.40126937391547	5.09155553787615
4674	-1.42564467382355	5.14056615070113
4675	1.09277664001855	4.59923904495836
4676	0.58298273947091	3.02037018990473
4677	-0.599831042607216	3.12614343108031
4678	0.158479537609441	4.92713312899086
4679	4.22277918280051	3.45653224860974
4680	0.391714334442204	2.76059760807761
4681	0.33177022213654	4.75753237755686
4682	7.5173302663086	3.70258472573032
4683	2.69585614553595	4.8891472740615
4684	-2.37380881558173	5.17254536518614
4685	6.47047610945289	3.53335405139735
4686	7.73251541197951	5.63825474494144
4687	9.98290102516725	3.70787533546329
4688	9.31726091151868	5.94579303876458
4689	5.30332070511052	5.47576790385307
4690	10.0747615832888	5.86373586390158
4691	3.82923596449484	5.49801345737151
4692	11.5969566128186	6.18406795628
4693	12.2741860713448	3.96921712520856
4694	1.49729153160628	3.08084914237105
4695	7.15395395372344	3.45048030490584
4696	4.05029911945523	3.38064225929671
4697	-0.109726383816623	4.67926242453669
4698	-0.553939803402985	4.85083912137617
4699	-0.226251676677918	3.32915290366053
4700	8.81242485221115	4.11104472787505
4701	8.55632071564338	3.92200195460331
4702	0.175002105410684	5.06682431098229
4703	1.30168454422251	5.38171612614874
4704	3.50342881885624	2.6388506707852
4705	8.68840932869351	4.00260954892088
4706	10.0117443452968	5.59832854154026
4707	11.2590644663253	5.91663235126138
4708	5.52246623443888	4.59253098191151
4709	1.11859344544774	2.89934436986279
4710	12.9970950903469	4.13447951670861
4711	1.0340007896917	2.70154785022032
4712	5.8384678084801	3.6293915471331
4713	2.91957960781285	5.05342313775769
4714	0.0349888098504865	4.76962805259965
4715	8.9947178895006	5.84510450680076
4716	6.34460717134618	6.35817492432201
4717	6.99388021776221	3.69099936032982
4718	9.43567368757619	6.01606215574382
4719	2.98403160328304	4.71339563627945
4720	9.61489063798503	3.97752143509801
4721	2.1282747074767	2.64206060226501
4722	7.42181550735181	4.52618065257509
4723	3.63732299504189	4.56887155086135
4724	8.14695862208917	5.74930947915245
4725	5.21783591565566	3.54195826730916
4726	3.79803920581527	4.6844980123082
4727	5.52105325366223	4.46704163983552
4728	6.72285671406426	5.61982963931003
4729	4.20797677855704	5.53966867300403
4730	8.91230044113409	4.14605570706753
4731	9.03218425560953	4.22517928106274
4732	8.49667672673218	6.11523280574469
4733	9.32091834610859	6.27288843715143
4734	6.9123546798909	3.96729128406955
4735	1.07035984447719	2.88210433855597
4736	6.54460496586534	4.13701781640403
4737	7.73540897138004	4.27822543236554
4738	5.47983669390778	4.41062970510616
4739	1.46692306421476	2.66766361457696
4740	5.3440734357843	4.48043643941625
4741	5.23292947675027	3.8154492954578
4742	12.0460714848872	4.12392359115007
4743	1.62997162363475	5.50090178945577
4744	2.88644765006361	5.42763489405372
4745	4.668533833276	3.63881846256515
4746	0.803780709811993	4.68952741137434
4747	12.6076383930942	5.74291410035573
4748	5.9359075149856	3.57279806079334
4749	7.42547261116105	6.00921507300444
4750	-2.9985591613619	3.12536328027394
4751	10.8055576418856	4.07417186851845
4752	8.12978496903149	4.29242988096657
4753	-0.0621291524143852	5.15954085007473
4754	0.475089487267889	4.68739889808409
4755	2.05153761369778	4.50777629001629
4756	6.02462503540665	5.72112228221318
4757	8.74066847700793	4.39695046244047
4758	8.39276821289705	6.12202381014197
4759	-0.0540511022314258	5.35325647228781
4760	10.2448781354606	5.60025963099046
4761	3.19817493684269	5.3265480270277
4762	-0.475229338323001	3.0093756763195
4763	4.11027026380791	4.71358177320063
4764	5.69035499382832	3.44641697256713
4765	-1.18604411447534	3.06433394023296
4766	5.09384561388329	4.83929650712566
4767	8.82429058176307	6.16556218825154
4768	-2.44773827934238	5.13406397933548
4769	6.91695793778167	3.66001830621175
4770	0.767720897728969	5.12598508869909
4771	14.6158719177026	4.01430029160545
4772	1.15683106764185	3.21622108889617
4773	1.38770604247118	3.15730644610103
4774	0.0230024708188306	4.92193257327665
4775	-0.621341522821964	4.96318580027274
4776	-0.0667370358522751	3.00804178934443
4777	11.5106223174834	3.96151919106782
4778	10.3809630483758	3.59413437555892
4779	11.8207729573972	4.1096393358645
4780	2.4545735165825	2.97904907608736
4781	-0.553269126895843	5.29260628891737
4782	9.63762828435777	5.68165978129394
4783	0.453897148631049	3.04219162206528
4784	2.26581546078627	4.49677135052872
4785	1.12986398833778	3.07785604649909
4786	7.45632988097753	5.68950572452868
4787	8.15088203201351	3.52949691306801
4788	5.63187883421854	3.65708362067531
4789	0.0479606144664847	2.82473684256157
4790	5.85334177583055	4.32854821315638
4791	7.47175317907716	3.70551130498183
4792	0.94456294939532	4.93125049409443
4793	8.52163708262522	6.0248368688393
4794	2.08564079178643	2.88708989738344
4795	0.0115136148397563	5.33246329540849
4796	7.32992453795833	4.16556660580716
4797	12.8789455866351	5.9888152516123
4798	-1.0826905038033	3.2166293229964
4799	1.73616109502928	5.20059755402732
4800	2.98812319560942	3.43553377940159
4801	2.13777704125361	5.44862259634907
4802	0.370577449836003	5.04189988964354
4803	7.16402454575909	4.27614413575723
4804	3.27689919299469	2.99681235735175
4805	7.78067610730869	5.69211294627726
4806	-1.62928343012448	3.03426710005667
4807	1.91628439509508	2.85769385895628
4808	11.1582838640615	3.9406480337604
4809	11.150414870694	4.06151724915549
4810	8.66180901230595	6.22579596939918
4811	9.90929073231001	5.67573709055706
4812	9.15011536979567	5.78796210391553
4813	7.66580506057516	3.84060299923633
4814	-4.34858158202059	4.99619850213407
4815	6.76808851786802	3.52466134378329
4816	4.77210484422042	4.56284694322304
4817	7.49602192084265	3.72388468850296
4818	5.03162066214857	2.67751464523591
4819	1.68542638489522	5.01171942727664
4820	5.25455808507939	3.49565387021474
4821	2.45984371888309	2.89572820349324
4822	8.10240287198131	5.65220720936622
4823	9.99457053677909	3.97545496038612
4824	5.90181810027828	5.98252652535922
4825	4.53342840149862	5.44209152660242
4826	-0.00841014455275049	4.9885291959836
4827	6.83559412691964	6.41041992431311
4828	-2.87807712491032	5.00274389882759
4829	-0.766931271538603	3.14374929004853
4830	1.13053242829008	5.16311684659707
4831	6.65043333581921	4.62243179865047
4832	9.44511717584912	4.17423970601169
4833	5.38820949799105	4.57870890299436
4834	7.81299269178465	5.75110727213381
4835	-1.29491353050677	3.30518493221903
4836	8.67049521087237	3.91139204317709
4837	2.31378192939679	3.43158459248081
4838	9.88122450101968	6.04971190160419
4839	9.40661557055468	3.70064286243682
4840	2.15311722002144	4.89254591307482
4841	1.41268317376875	3.32970316134875
4842	9.39955268545147	3.99305511455998
4843	5.13947219406398	3.47471964364727
4844	9.08499027724131	4.35174350762604
4845	5.36810319444381	4.4406936843182
4846	1.96156831766021	3.45021497670924
4847	8.39846714223112	6.37249685298904
4848	5.18780636190517	4.64093408505176
4849	6.50776261402182	3.66782437214661
4850	10.4478676194402	3.81882504340103
4851	4.4694732489229	4.63944797740975
4852	-0.871306030983109	3.17610456518724
4853	2.30034665122364	4.79022102607585
4854	2.34588715545427	5.52763373298862
4855	12.3909498764063	6.19187122919065
4856	13.9387180330806	6.08205228666618
4857	0.23706642464464	5.25496844942182
4858	4.02049231090547	4.48298266931681
4859	10.7951485216016	3.93604240885853
4860	0.233671824257256	4.9095000969233
4861	4.94907873701757	2.97900405653278
4862	1.83688095080756	5.34144507917951
4863	4.02100722935262	4.71022858062042
4864	0.533242306116686	5.19346151105253
4865	8.37055999542821	3.97851943747752
4866	4.19978810011259	5.4772031144656
4867	0.11697167428337	4.63591683888329
4868	7.66056494244898	3.53813067500294
4869	10.1163885197263	6.14011165089149
4870	4.45354499695112	3.12226975394692
4871	1.2721136596478	5.16798483848782
4872	-0.433043155965496	3.2591508388955
4873	1.40126937391547	5.13895161460823
4874	-1.42564467382355	5.18819601877562
4875	1.09277664001855	4.64428666434338
4876	0.58298273947091	3.0578862595326
4877	-0.599831042607216	3.16416406220254
4878	0.158479537609441	4.97374487487129
4879	4.22277918280051	3.49612890665178
4880	0.391714334442204	2.79687450567463
4881	0.33177022213654	4.80333509075913
4882	7.5173302663086	3.74335510790302
4883	2.69585614553595	4.93557781910594
4884	-2.37380881558173	5.22032778110798
4885	6.47047610945289	3.57331716624059
4886	7.73251541197951	5.68825869646124
4887	9.98290102516725	3.74867095500153
4888	9.31726091151868	5.99726401520841
4889	5.30332070511052	5.52499675760295
4890	10.0747615832888	5.91481540967438
4891	3.82923596449484	5.54734842727706
4892	11.5969566128186	6.23667555619412
4893	12.2741860713448	4.01125940224264
4894	1.49729153160628	3.1186537098297
4895	7.15395395372344	3.49004809385278
4896	4.05029911945523	3.41987690549164
4897	-0.109726383816623	4.72469177294443
4898	-0.553939803402985	4.89708692815382
4899	-0.226251676677918	3.3681419343677
4900	8.81242485221115	4.15376355359333
4901	8.55632071564338	3.96381900494704
4902	0.175002105410684	5.11410241435305
4903	1.30168454422251	5.43049633234866
4904	3.50342881885624	2.67454680886374
4905	8.68840932869351	4.0448111151194
4906	10.0117443452968	5.64814203633746
4907	11.2590644663253	5.96796422484801
4908	5.52246623443888	4.63754660236866
4909	1.11859344544774	2.93628311985919
4910	12.9970950903469	4.17731013149511
4911	1.0340007896917	2.73754306755743
4912	5.8384678084801	3.66981278183561
4913	2.91957960781285	5.10063731460116
4914	0.0349888098504865	4.81548846481736
4915	8.9947178895006	5.89609517692527
4916	6.34460717134618	6.41161305255308
4917	6.99388021776221	3.73171447777569
4918	9.43567368757619	6.06786833124439
4919	2.98403160328304	4.75898780757256
4920	9.61489063798503	4.01960332550652
4921	2.1282747074767	2.67777205241876
4922	7.42181550735181	4.57087976744965
4923	3.63732299504189	4.61377431065778
4924	8.14695862208917	5.7998431860435
4925	5.21783591565566	3.58196242614415
4926	3.79803920581527	4.7299523356147
4927	5.52105325366223	4.51145864868487
4928	6.72285671406426	5.66974569904616
4929	4.20797677855704	5.58920234739867
4930	8.91230044113409	4.1889415428139
4931	9.03218425560953	4.2684425535624
4932	8.49667672673218	6.16751204693563
4933	9.32091834610859	6.32591973018547
4934	6.9123546798909	4.00932437442019
4935	1.07035984447719	2.91896084983242
4936	6.54460496586534	4.17986053943524
4937	7.73540897138004	4.32174174660877
4938	5.47983669390778	4.45477761668885
4939	1.46692306421476	2.70349719669914
4940	5.3440734357843	4.52491734438921
4941	5.23292947675027	3.856758066313
4942	12.0460714848872	4.16670385186294
4943	1.62997162363475	5.55025053733707
4944	2.88644765006361	5.47663414281956
4945	4.668533833276	3.67928466571606
4946	0.803780709811993	4.73500572601437
4947	12.6076383930942	5.79341729989117
4948	5.9359075149856	3.6129493321883
4949	7.42547261116105	6.0609885864228
4950	-2.9985591613619	3.16338018990619
4951	10.8055576418856	4.11671480263304
4952	8.12978496903149	4.33601395353632
4953	-0.0621291524143852	5.20726123161523
4954	0.475089487267889	4.7328670592502
4955	2.05153761369778	4.55238761205618
4956	6.02462503540665	5.77152153000993
4957	8.74066847700793	4.44103312104382
4958	8.39276821289705	6.17433544590916
4959	-0.0540511022314258	5.40190091971432
4960	10.2448781354606	5.65008233750669
4961	3.19817493684269	5.37506506932885
4962	-0.475229338323001	3.04683929971293
4963	4.11027026380791	4.75917483240757
4964	5.69035499382832	3.48596537853011
4965	-1.18604411447534	3.10205972656532
4966	5.09384561388329	4.88548925310882
4967	8.82429058176307	6.21808151160472
4968	-2.44773827934238	5.18166283063045
4969	6.91695793778167	3.70058563725352
4970	0.767720897728969	5.17354540191877
4971	14.6158719177026	4.0565576252035
4972	1.15683106764185	3.2546714101473
4973	1.38770604247118	3.19547573162065
4974	0.0230024708188306	4.9685195113689
4975	-0.621341522821964	5.00996952528036
4976	-0.0667370358522751	3.04549904980525
4977	11.5106223174834	4.00352474727241
4978	10.3809630483758	3.63438742584184
4979	11.8207729573972	4.15235145755552
4980	2.4545735165825	3.01636803496488
4981	-0.553269126895843	5.34096142170425
4982	9.63762828435777	5.73187078433037
4983	0.453897148631049	3.07981178469719
4984	2.26581546078627	4.54133017660034
4985	1.12986398833778	3.11564633623581
4986	7.45632988097753	5.73975415443034
4987	8.15088203201351	3.56944162851782
4988	5.63187883421854	3.69763695262522
4989	0.0479606144664847	2.86131969833514
4990	5.85334177583055	4.37230457807021
4991	7.47175317907716	3.74629564757764
4992	0.94456294939532	4.97788188070693
4993	8.52163708262522	6.07668490164047
4994	2.08564079178643	2.92397019086591
4995	0.0115136148397563	5.38100855483356
4996	7.32992453795833	4.2085455128078
4997	12.8789455866351	6.04049145342092
4998	-1.0826905038033	3.25508159161347
4999	1.73616109502928	5.2485137850253
5000	2.98812319560942	3.47503027015288
5001	2.13777704125361	5.49261825968785
5002	0.370577449836003	5.0841649569199
5003	7.16402454575909	4.31515092934835
5004	3.27689919299469	3.0303756227067
5005	7.78067610730869	5.73714465563432
5006	-1.62928343012448	3.067989734508
5007	1.91628439509508	2.89066517819766
5008	11.1582838640615	3.97822729890645
5009	11.150414870694	4.09961081012221
5010	8.66180901230595	6.27309848813857
5011	9.90929073231001	5.72069912101259
5012	9.15011536979567	5.83340164930451
5013	7.66580506057516	3.87775657498772
5014	-4.34858158202059	5.038269111024
5015	6.76808851786802	3.56047059482434
5016	4.77210484422042	4.60307365087724
5017	7.49602192084265	3.76054163044061
5018	5.03162066214857	2.70971930593413
5019	1.68542638489522	5.05385607735751
5020	5.25455808507939	3.53133969510152
5021	2.45984371888309	2.9288613580239
5022	8.10240287198131	5.69706912070111
5023	9.99457053677909	4.01318232823008
5024	5.90181810027828	6.02879393802998
5025	4.53342840149862	5.48605940038483
5026	-0.00841014455275049	5.0305671721466
5027	6.83559412691964	6.45850801387049
5028	-2.87807712491032	5.04484235823474
5029	-0.766931271538603	3.17793776878094
5030	1.13053242829008	5.20589768932669
5031	6.65043333581921	4.66291203853801
5032	9.44511717584912	4.21281289852287
5033	5.38820949799105	4.61900310293426
5034	7.81299269178465	5.79639000103403
5035	-1.29491353050677	3.34006031601494
5036	8.67049521087237	3.94884682473451
5037	2.31378192939679	3.46699780401717
5038	9.88122450101968	6.09626518655516
5039	9.40661557055468	3.73720091092197
5040	2.15311722002144	4.93417548250585
5041	1.41268317376875	3.36468286966377
5042	9.39955268545147	4.03085737066813
5043	5.13947219406398	3.51031639386606
5044	9.08499027724131	4.39107197486143
5045	5.36810319444381	4.48040063257517
5046	1.96156831766021	3.48570746011574
5047	8.39846714223112	6.4204235807222
5048	5.18780636190517	4.68149305175603
5049	6.50776261402182	3.7042427786862
5050	10.4478676194402	3.85588595443517
5051	4.4694732489229	4.68000062075909
5052	-0.871306030983109	3.21043071489506
5053	2.30034665122364	4.8314152053907
5054	2.34588715545427	5.57196558695483
5055	12.3909498764063	6.2390293989157
5056	13.9387180330806	6.12874317923562
5057	0.23706642464464	5.29814011867663
5058	4.02049231090547	4.5228695562635
5059	10.7951485216016	3.97360207717315
5060	0.233671824257256	4.95120180602916
5061	4.94907873701757	3.0124915479642
5062	1.83688095080756	5.38498470456876
5063	4.02100722935262	4.75108239386068
5064	0.533242306116686	5.23637146965387
5065	8.37055999542821	4.01625984460328
5066	4.19978810011259	5.5213203872727
5067	0.11697167428337	4.67645445731681
5068	7.66056494244898	3.57399723774847
5069	10.1163885197263	6.18704958476316
5070	4.45354499695112	3.15636683773141
5071	1.2721136596478	5.21078639441456
5072	-0.433043155965496	3.29383034864914
5073	1.40126937391547	5.18162963481371
5074	-1.42564467382355	5.23108357282454
5075	1.09277664001855	4.6848598961979
5076	0.58298273947091	3.09170939298168
5077	-0.599831042607216	3.19843940533598
5078	0.158479537609441	5.01571994407709
5079	4.22277918280051	3.53181675280804
5080	0.391714334442204	2.82958703992178
5081	0.33177022213654	4.84458507012726
5082	7.5173302663086	3.78009489604175
5083	2.69585614553595	4.97739048833914
5084	-2.37380881558173	5.2633520550903
5085	6.47047610945289	3.609333446723
5086	7.73251541197951	5.73327400607113
5087	9.98290102516725	3.78543336195132
5088	9.31726091151868	6.04359413557038
5089	5.30332070511052	5.5693173912976
5090	10.0747615832888	5.96079471305531
5091	3.82923596449484	5.59176416682857
5092	11.5969566128186	6.28402436733312
5093	12.2741860713448	4.0491391171896
5094	1.49729153160628	3.15273540742697
5095	7.15395395372344	3.52571006628595
5096	4.05029911945523	3.4552403010805
5097	-0.109726383816623	4.76560712674604
5098	-0.553939803402985	4.93873581950292
5099	-0.226251676677918	3.40328519880618
5100	8.81242485221115	4.19224962053182
5101	8.55632071564338	4.00149686205965
5102	0.175002105410684	5.15667470176465
5103	1.30168454422251	5.47441486883766
5104	3.50342881885624	2.70673884148427
5105	8.68840932869351	4.08283359185772
5106	10.0117443452968	5.69298665045162
5107	11.2590644663253	6.01416967525428
5108	5.52246623443888	4.67809115540953
5109	1.11859344544774	2.96958883465614
5110	12.9970950903469	4.21589638859837
5111	1.0340007896917	2.77000314785625
5112	5.8384678084801	3.70623964901416
5113	2.91957960781285	5.14315230831308
5114	0.0349888098504865	4.85679015652153
5115	8.9947178895006	5.94199482613261
5116	6.34460717134618	6.45970621884456
5117	6.99388021776221	3.76840473529238
5118	9.43567368757619	6.11449887139927
5119	2.98403160328304	4.800049090238
5120	9.61489063798503	4.05751854366121
5121	2.1282747074767	2.70997780837881
5122	7.42181550735181	4.6111406545921
5123	3.63732299504189	4.65421771312665
5124	8.14695862208917	5.84533328517243
5125	5.21783591565566	3.61801549201498
5126	3.79803920581527	4.77089007299336
5127	5.52105325366223	4.55146670028983
5128	6.72285671406426	5.71468223626419
5129	4.20797677855704	5.63379617444852
5130	8.91230044113409	4.22757729131338
5131	9.03218425560953	4.30741657709272
5132	8.49667672673218	6.21456656888248
5133	9.32091834610859	6.37364827329801
5134	6.9123546798909	4.04719585586685
5135	1.07035984447719	2.95219285875604
5136	6.54460496586534	4.2184576484675
5137	7.73540897138004	4.36094255701894
5138	5.47983669390778	4.49454449176452
5139	1.46692306421476	2.7358124125754
5140	5.3440734357843	4.56498266244477
5141	5.23292947675027	3.89398038151515
5142	12.0460714848872	4.20524497948248
5143	1.62997162363475	5.59467862530228
5144	2.88644765006361	5.52074899466497
5145	4.668533833276	3.71575183554965
5146	0.803780709811993	4.77596496545668
5147	12.6076383930942	5.83888005701757
5148	5.9359075149856	3.64913424665452
5149	7.42547261116105	6.10758985341663
5150	-2.9985591613619	3.19765219768046
5151	10.8055576418856	4.15504322796099
5152	8.12978496903149	4.37527549186924
5153	-0.0621291524143852	5.25022990772035
5154	0.475089487267889	4.77381719871304
5155	2.05153761369778	4.59256981548911
5156	6.02462503540665	5.81689112112295
5157	8.74066847700793	4.48074151359651
5158	8.39276821289705	6.22141900126674
5159	-0.0540511022314258	5.44569778335916
5160	10.2448781354606	5.69493520755913
5161	3.19817493684269	5.41874774702772
5162	-0.475229338323001	3.08061542859391
5163	4.11027026380791	4.80023691085952
5164	5.69035499382832	3.52160997910047
5165	-1.18604411447534	3.13607081713322
5166	5.09384561388329	4.9270887966088
5167	8.82429058176307	6.26535120549793
5168	-2.44773827934238	5.22452258610925
5169	6.91695793778167	3.73714344224679
5170	0.767720897728969	5.21637061791912
5171	14.6158719177026	4.09463008308072
5172	1.15683106764185	3.28933186003134
5173	1.38770604247118	3.2298843052104
5174	0.0230024708188306	5.01047234676932
5175	-0.621341522821964	5.0520987295672
5176	-0.0667370358522751	3.07926947595271
5177	11.5106223174834	4.04137155143467
5178	10.3809630483758	3.67066355891928
5179	11.8207729573972	4.1908315160568
5180	2.4545735165825	3.05001450929272
5181	-0.553269126895843	5.38449898914171
5182	9.63762828435777	5.77707166240323
5183	0.453897148631049	3.11372821076773
5184	2.26581546078627	4.58146533089156
5185	1.12986398833778	3.14971523752538
5186	7.45632988097753	5.78498857606748
5187	8.15088203201351	3.6054414186735
5188	5.63187883421854	3.73418221103104
5189	0.0479606144664847	2.89430644544236
5190	5.85334177583055	4.4117205322026
5191	7.47175317907716	3.78304794764722
5192	0.94456294939532	5.01987455278045
5193	8.52163708262522	6.12335295610611
5194	2.08564079178643	2.9572235144241
5195	0.0115136148397563	5.42471652193094
5196	7.32992453795833	4.24726467576317
5197	12.8789455866351	6.08700550557014
5198	-1.0826905038033	3.28974378681052
5199	1.73616109502928	5.2916579898268
5200	2.98812319560942	3.51062834208053
5201	2.13777704125361	5.53223169715839
5202	0.370577449836003	5.12222600684587
5203	7.16402454575909	4.35028922705292
5204	3.27689919299469	3.06063094071669
5205	7.78067610730869	5.77768745205193
5206	-1.62928343012448	3.0983880105459
5207	1.91628439509508	2.92038950587795
5208	11.1582838640615	4.01208506822791
5209	11.150414870694	4.13392991553681
5210	8.66180901230595	6.31567825683283
5211	9.90929073231001	5.76117941372919
5212	9.15011536979567	5.87431028474714
5213	7.66580506057516	3.91123249037546
5214	-4.34858158202059	5.07615572695952
5215	6.76808851786802	3.59274061764043
5216	4.77210484422042	4.63930624172052
5217	7.49602192084265	3.79357205299301
5218	5.03162066214857	2.73875592190677
5219	1.68542638489522	5.09180193387752
5220	5.25455808507939	3.56349900159928
5221	2.45984371888309	2.95873085596823
5222	8.10240287198131	5.73745960408599
5223	9.99457053677909	4.0471729493409
5224	5.90181810027828	6.07044519093528
5225	4.53342840149862	5.5256479099348
5226	-0.00841014455275049	5.06842451571756
5227	6.83559412691964	6.50179245905148
5228	-2.87807712491032	5.08275395677421
5229	-0.766931271538603	3.20875391868056
5230	1.13053242829008	5.24442140261289
5231	6.65043333581921	4.69937205407601
5232	9.44511717584912	4.24756224531601
5233	5.38820949799105	4.65529623602998
5234	7.81299269178465	5.83715796820102
5235	-1.29491353050677	3.371492636775
5236	8.67049521087237	3.98259292919282
5237	2.31378192939679	3.49891256958544
5238	9.88122450101968	6.13817287397848
5239	9.40661557055468	3.77014262359734
5240	2.15311722002144	4.97166647511972
5241	1.41268317376875	3.39620877210218
5242	9.39955268545147	4.06491516840733
5243	5.13947219406398	3.54239579817975
5244	9.08499027724131	4.42649882179459
5245	5.36810319444381	4.51616698636179
5246	1.96156831766021	3.51769333451553
5247	8.39846714223112	6.46356328034903
5248	5.18780636190517	4.71802368719915
5249	6.50776261402182	3.73705922907668
5250	10.4478676194402	3.88927874727571
5251	4.4694732489229	4.71652558399617
5252	-0.871306030983109	3.2413703590705
5253	2.30034665122364	4.86851564228329
5254	2.34588715545427	5.6118805957475
5255	12.3909498764063	6.28147968296775
5256	13.9387180330806	6.17077430410201
5257	0.23706642464464	5.33701441303889
5258	4.02049231090547	4.55879731951288
5259	10.7951485216016	4.0074422676513
5260	0.233671824257256	4.98875750971866
5261	4.94907873701757	3.04267889488744
5262	1.83688095080756	5.42418906469995
5263	4.02100722935262	4.78787751395158
5264	0.533242306116686	5.27501100307592
5265	8.37055999542821	4.05026216227293
5266	4.19978810011259	5.56104291144927
5267	0.11697167428337	4.71296594283215
5268	7.66056494244898	3.60631867058341
5269	10.1163885197263	6.22930231179827
5270	4.45354499695112	3.18710100409837
5271	1.2721136596478	5.24932868795176
5272	-0.433043155965496	3.3250869655404
5273	1.40126937391547	5.22006111374827
5274	-1.42564467382355	5.26970300880799
5275	1.09277664001855	4.72140332783422
5276	0.58298273947091	3.1221978191105
5277	-0.599831042607216	3.22933347475544
5278	0.158479537609441	5.05352085854888
5279	4.22277918280051	3.56397787243458
5280	0.391714334442204	2.85907923105069
5281	0.33177022213654	4.88173556105011
5282	7.5173302663086	3.8131996336891
5283	2.69585614553595	5.01504572601196
5284	-2.37380881558173	5.30209413224132
5285	6.47047610945289	3.64178918007728
5286	7.73251541197951	5.77380209150922
5287	9.98290102516725	3.81855838923259
5288	9.31726091151868	6.08530163882833
5289	5.30332070511052	5.60922233522869
5290	10.0747615832888	6.00218752478955
5291	3.82923596449484	5.63175442306957
5292	11.5969566128186	6.32664566145675
5293	12.2741860713448	4.08326639742632
5294	1.49729153160628	3.18345577200279
5295	7.15395395372344	3.55784797654185
5296	4.05029911945523	3.48711038050964
5297	-0.109726383816623	4.80245745024518
5298	-0.553939803402985	4.976244144356
5299	-0.226251676677918	3.43495781513953
5300	8.81242485221115	4.22692081352766
5301	8.55632071564338	4.03544307081779
5302	0.175002105410684	5.1950113357635
5303	1.30168454422251	5.51395912161307
5304	3.50342881885624	2.73576412975835
5305	8.68840932869351	4.11708893295829
5306	10.0117443452968	5.73336161780095
5307	11.2590644663253	6.05576534647319
5308	5.52246623443888	4.71460886143947
5309	1.11859344544774	2.99961312343462
5310	12.9970950903469	4.25065745465428
5311	1.0340007896917	2.79926888153881
5312	5.8384678084801	3.7390636888074
5313	2.91957960781285	5.18143754844383
5314	0.0349888098504865	4.89398703469104
5315	8.9947178895006	5.98331618609966
5316	6.34460717134618	6.50299521798182
5317	6.99388021776221	3.8014650427446
5318	9.43567368757619	6.15647585865455
5319	2.98403160328304	4.83703031554348
5320	9.61489063798503	4.09167767115488
5321	2.1282747074767	2.73901540682845
5322	7.42181550735181	4.64740390528316
5323	3.63732299504189	4.69064468458744
5324	8.14695862208917	5.88628726857229
5325	5.21783591565566	3.65050422277406
5326	3.79803920581527	4.80776047511568
5327	5.52105325366223	4.58750315123961
5328	6.72285671406426	5.75513966091515
5329	4.20797677855704	5.67394617958778
5330	8.91230044113409	4.26238275237788
5331	9.03218425560953	4.34252547924088
5332	8.49667672673218	6.25692387830955
5333	9.32091834610859	6.41661019641
5334	6.9123546798909	4.0813157504498
5335	1.07035984447719	2.98215103154003
5336	6.54460496586534	4.2532284489726
5337	7.73540897138004	4.3962548926171
5338	5.47983669390778	4.53036460139223
5339	1.46692306421476	2.76494819928182
5340	5.3440734357843	4.60107048281955
5341	5.23292947675027	3.92751795789328
5342	12.0460714848872	4.23996556327339
5343	1.62997162363475	5.63467995837631
5344	2.88644765006361	5.56046934717893
5345	4.668533833276	3.74861202782299
5346	0.803780709811993	4.81285465546282
5347	12.6076383930942	5.87980951396376
5348	5.9359075149856	3.68174124887027
5349	7.42547261116105	6.14954058192117
5350	-2.9985591613619	3.22854327520011
5351	10.8055576418856	4.18957301252651
5352	8.12978496903149	4.41064230191867
5353	-0.0621291524143852	5.28892211219805
5354	0.475089487267889	4.81069872581214
5355	2.05153761369778	4.62876248494329
5356	6.02462503540665	5.85773700584688
5357	8.74066847700793	4.51650916295216
5358	8.39276821289705	6.26380235438256
5359	-0.0540511022314258	5.48513289257885
5360	10.2448781354606	5.73531758068964
5361	3.19817493684269	5.45808042862486
5362	-0.475229338323001	3.11106169046057
5363	4.11027026380791	4.83721885000521
5364	5.69035499382832	3.55373230636504
5365	-1.18604411447534	3.16672784545437
5366	5.09384561388329	4.9645528552186
5367	8.82429058176307	6.30790152949192
5368	-2.44773827934238	5.26311708608658
5369	6.91695793778167	3.77008493650391
5370	0.767720897728969	5.25493413512854
5371	14.6158719177026	4.12893025850119
5372	1.15683106764185	3.32057137974734
5373	1.38770604247118	3.26089788565003
5374	0.0230024708188306	5.04825331696684
5375	-0.621341522821964	5.09003790702549
5376	-0.0667370358522751	3.10971062232611
5377	11.5106223174834	4.07546930988212
5378	10.3809630483758	3.70335238648931
5379	11.8207729573972	4.22549731933561
5380	2.4545735165825	3.08034446781294
5381	-0.553269126895843	5.42370150323916
5382	9.63762828435777	5.81776620735018
5383	0.453897148631049	3.14430032268938
5384	2.26581546078627	4.61761579609997
5385	1.12986398833778	3.18042412349617
5386	7.45632988097753	5.82571321042265
5387	8.15088203201351	3.63788235979613
5388	5.63187883421854	3.76711245068837
5389	0.0479606144664847	2.92404461230054
5390	5.85334177583055	4.44722585704991
5391	7.47175317907716	3.81616390880653
5392	0.94456294939532	5.05769125746073
5393	8.52163708262522	6.16536359462758
5394	2.08564079178643	2.9872008069634
5395	0.0115136148397563	5.46407188874509
5396	7.32992453795833	4.28214496166126
5397	12.8789455866351	6.12887800019827
5398	-1.0826905038033	3.32098487211553
5399	1.73616109502928	5.33050764789398
5400	2.98812319560942	3.54270893199982
5401	2.13777704125361	5.56790155556398
5402	0.370577449836003	5.15650233041679
5403	7.16402454575909	4.38194187778658
5404	3.27689919299469	3.0879002772933
5405	7.78067610730869	5.81419156996389
5406	-1.62928343012448	3.12578567654161
5407	1.91628439509508	2.94718218730239
5408	11.1582838640615	4.04258822448458
5409	11.150414870694	4.16484720028769
5410	8.66180901230595	6.35401090772593
5411	9.90929073231001	5.79762742381876
5412	9.15011536979567	5.91114280610902
5413	7.66580506057516	3.94139286704706
5414	-4.34858158202059	5.11027546602105
5415	6.76808851786802	3.62181849831332
5416	4.77210484422042	4.67194120876653
5417	7.49602192084265	3.82333252321934
5418	5.03162066214857	2.76493126378595
5419	1.68542638489522	5.12597485155313
5420	5.25455808507939	3.59247749533307
5421	2.45984371888309	2.98565385267419
5422	8.10240287198131	5.77382699485297
5423	9.99457053677909	4.07779536292926
5424	5.90181810027828	6.10794433920143
5425	4.53342840149862	5.56129539124402
5426	-0.00841014455275049	5.10251797779701
5427	6.83559412691964	6.54075767829703
5428	-2.87807712491032	5.11689612201985
5429	-0.766931271538603	3.23652669834219
5430	1.13053242829008	5.27911304612854
5431	6.65043333581921	4.73221117390299
5432	9.44511717584912	4.27886574570642
5433	5.38820949799105	4.68798555016092
5434	7.81299269178465	5.87386421559032
5435	-1.29491353050677	3.39981853576637
5436	8.67049521087237	4.01299584702826
5437	2.31378192939679	3.52767154577353
5438	9.88122450101968	6.17590221633174
5439	9.40661557055468	3.79982346145077
5440	2.15311722002144	5.00543107420216
5441	1.41268317376875	3.42461867674608
5442	9.39955268545147	4.09559788457417
5443	5.13947219406398	3.57130256596001
5444	9.08499027724131	4.45841049509188
5445	5.36810319444381	4.54838342545584
5446	1.96156831766021	3.54651614311076
5447	8.39846714223112	6.50239856556322
5448	5.18780636190517	4.75092620053772
5449	6.50776261402182	3.76662762248409
5450	10.4478676194402	3.91936450716397
5451	4.4694732489229	4.74942300555418
5452	-0.871306030983109	3.26925399608592
5453	2.30034665122364	4.90192965042961
5454	2.34588715545427	5.6478211662855
5455	12.3909498764063	6.31969609912289
5456	13.9387180330806	6.20861445279189
5457	0.23706642464464	5.37202076337087
5458	4.02049231090547	4.59115865136248
5459	10.7951485216016	4.03792964387251
5460	0.233671824257256	5.0225801981219
5461	4.94907873701757	3.06988721572255
5462	1.83688095080756	5.45949170583145
5463	4.02100722935262	4.82101744775336
5464	0.533242306116686	5.30980661508476
5465	8.37055999542821	4.08089507553468
5466	4.19978810011259	5.59681069393662
5467	0.11697167428337	4.74585126581671
5468	7.66056494244898	3.63544270059083
5469	10.1163885197263	6.26734138655053
5470	4.45354499695112	3.21480018943813
5471	1.2721136596478	5.28403701043852
5472	-0.433043155965496	3.35325514008813
5473	1.40126937391547	5.25466996106885
5474	-1.42564467382355	5.30448057990889
5475	1.09277664001855	4.75431732795715
5476	0.58298273947091	3.14967641031877
5477	-0.599831042607216	3.25717620058843
5478	0.158479537609441	5.08756366580593
5479	4.22277918280051	3.59295799376331
5480	0.391714334442204	2.88566352999236
5481	0.33177022213654	4.91519450129798
5482	7.5173302663086	3.84302681449546
5483	2.69585614553595	5.04895776328526
5484	-2.37380881558173	5.33698179488462
5485	6.47047610945289	3.67103376790072
5486	7.73251541197951	5.81029300378675
5487	9.98290102516725	3.84840378347524
5488	9.31726091151868	6.12285128146114
5489	5.30332070511052	5.64515387082225
5490	10.0747615832888	6.03945467765233
5491	3.82923596449484	5.66776254113515
5492	11.5969566128186	6.36501558856515
5493	12.2741860713448	4.11401148608578
5494	1.49729153160628	3.21114256786107
5495	7.15395395372344	3.58680726346838
5496	4.05029911945523	3.51582924320177
5497	-0.109726383816623	4.83564693860094
5498	-0.553939803402985	5.01002430210432
5499	-0.226251676677918	3.46349942073919
5500	8.81242485221115	4.25815415744241
5501	8.55632071564338	4.06602561668062
5502	0.175002105410684	5.22953504344078
5503	1.30168454422251	5.54956687485489
5504	3.50342881885624	2.76192930307969
5505	8.68840932869351	4.14794897826975
5506	10.0117443452968	5.76971508025723
5507	11.2590644663253	6.09321460061565
5508	5.52246623443888	4.74749976840582
5509	1.11859344544774	3.02667507153852
5510	12.9970950903469	4.28197147509877
5511	1.0340007896917	2.82564989597129
5512	5.8384678084801	3.76863889500918
5513	2.91957960781285	5.21591512128466
5514	0.0349888098504865	4.92748761547146
5515	8.9947178895006	6.02051919871156
5516	6.34460717134618	6.54196452518641
5517	6.99388021776221	3.83125233980877
5518	9.43567368757619	6.19426740952668
5519	2.98403160328304	4.87033731078576
5520	9.61489063798503	4.12245134820524
5521	2.1282747074767	2.76519163064972
5522	7.42181550735181	4.6800663948161
5523	3.63732299504189	4.72345414167147
5524	8.14695862208917	5.92316049752572
5525	5.21783591565566	3.67977843144392
5526	3.79803920581527	4.8409679874893
5527	5.52105325366223	4.61996204899479
5528	6.72285671406426	5.79156714298245
5529	4.20797677855704	5.71009769976662
5530	8.91230044113409	4.29373662497859
5531	9.03218425560953	4.37415174240656
5532	8.49667672673218	6.29505683374696
5533	9.32091834610859	6.45528589662425
5534	6.9123546798909	4.11205420921466
5535	1.07035984447719	3.00915362916682
5536	6.54460496586534	4.28455120775956
5537	7.73540897138004	4.42806377229508
5538	5.47983669390778	4.56262929559976
5539	1.46692306421476	2.7912125639521
5540	5.3440734357843	4.6335754934693
5541	5.23292947675027	3.95773368590956
5542	12.0460714848872	4.27124324392201
5543	1.62997162363475	5.67069801980476
5544	2.88644765006361	5.59623518022555
5545	4.668533833276	3.77821968709395
5546	0.803780709811993	4.84607948202972
5547	12.6076383930942	5.91666072620642
5548	5.9359075149856	3.71112162651541
5549	7.42547261116105	6.18730856104798
5550	-2.9985591613619	3.25638331528841
5551	10.8055576418856	4.22067941805253
5552	8.12978496903149	4.44250008178637
5553	-0.0621291524143852	5.32376500553886
5554	0.475089487267889	4.84391622476593
5555	2.05153761369778	4.66136161567604
5556	6.02462503540665	5.89451319764549
5557	8.74066847700793	4.54872676504226
5558	8.39276821289705	6.30195868851017
5559	-0.0540511022314258	5.52064267070652
5560	10.2448781354606	5.77167769110835
5561	3.19817493684269	5.49349826034355
5562	-0.475229338323001	3.13850243199123
5563	4.11027026380791	4.87052648604186
5564	5.69035499382832	3.58267760487653
5565	-1.18604411447534	3.19435778613013
5566	5.09384561388329	4.99829327639969
5567	8.82429058176307	6.34620774870198
5568	-2.44773827934238	5.29787227283295
5569	6.91695793778167	3.7997655782894
5570	0.767720897728969	5.28966150951163
5571	14.6158719177026	4.15983055032635
5572	1.15683106764185	3.34872420663954
5573	1.38770604247118	3.28884789317973
5574	0.0230024708188306	5.08227822080727
5575	-0.621341522821964	5.12420482909438
5576	-0.0667370358522751	3.1371467718217
5577	11.5106223174834	4.10618789765791
5578	10.3809630483758	3.73280621646401
5579	11.8207729573972	4.25672582505227
5580	2.4545735165825	3.10768080708579
5581	-0.553269126895843	5.45900248723785
5582	9.63762828435777	5.85440654566825
5583	0.453897148631049	3.17185403629082
5584	2.26581546078627	4.65017704126293
5585	1.12986398833778	3.20810061533209
5586	7.45632988097753	5.86238055916001
5587	8.15088203201351	3.6671136690474
5588	5.63187883421854	3.79678298953473
5589	0.0479606144664847	2.9508497167675
5590	5.85334177583055	4.4792079777735
5591	7.47175317907716	3.84600116464535
5592	0.94456294939532	5.09174823914582
5593	8.52163708262522	6.2031853532992
5594	2.08564079178643	3.01422056785919
5595	0.0115136148397563	5.49951008434796
5596	7.32992453795833	4.31356600242011
5597	12.8789455866351	6.16657575096463
5598	-1.0826905038033	3.34913910439315
5599	1.73616109502928	5.36549188291365
5600	2.98812319560942	3.57161676406503
5601	2.13777704125361	5.60002201458745
5602	0.370577449836003	5.18737110676501
5603	7.16402454575909	4.41045405295466
5604	3.27689919299469	3.11247532921616
5605	7.78067610730869	5.84706136667511
5606	-1.62928343012448	3.15047599484075
5607	1.91628439509508	2.97132910425423
5608	11.1582838640615	4.07006791572305
5609	11.150414870694	4.19269886461836
5610	8.66180901230595	6.38852310547132
5611	9.90929073231001	5.83044682409388
5612	9.15011536979567	5.94430757708175
5613	7.66580506057516	3.96856467127948
5614	-4.34858158202059	5.14100359707449
5615	6.76808851786802	3.64801799711503
5616	4.77210484422042	4.70133570727465
5617	7.49602192084265	3.85014512870278
5618	5.03162066214857	2.78852368206699
5619	1.68542638489522	5.15675074800738
5620	5.25455808507939	3.61858772409522
5621	2.45984371888309	3.00991781971775
5622	8.10240287198131	5.80657398229214
5623	9.99457053677909	4.10538217193203
5624	5.90181810027828	6.14170787909345
5625	4.53342840149862	5.593395751004
5626	-0.00841014455275049	5.13322250668248
5627	6.83559412691964	6.57583805333372
5628	-2.87807712491032	5.14764439642774
5629	-0.766931271538603	3.26155394634356
5630	1.13053242829008	5.31035486573809
5631	6.65043333581921	4.76178904385808
5632	9.44511717584912	4.30706431160916
5633	5.38820949799105	4.71742886359851
5634	7.81299269178465	5.90691556640313
5635	-1.29491353050677	3.42534259939456
5636	8.67049521087237	4.04038550341999
5637	2.31378192939679	3.55358460235022
5638	9.88122450101968	6.20987251815293
5639	9.40661557055468	3.82656454058334
5640	2.15311722002144	5.03584021605772
5641	1.41268317376875	3.45021819483531
5642	9.39955268545147	4.1232388577721
5643	5.13947219406398	3.59734836997212
5644	9.08499027724131	4.48715532612713
5645	5.36810319444381	4.57740199924824
5646	1.96156831766021	3.57248653439925
5647	8.39846714223112	6.53736223294973
5648	5.18780636190517	4.78056101098558
5649	6.50776261402182	3.79326770323361
5650	10.4478676194402	3.94646929008292
5651	4.4694732489229	4.77905324252937
5652	-0.871306030983109	3.29438081693306
5653	2.30034665122364	4.93202388906931
5654	2.34588715545427	5.68018478082808
5655	12.3909498764063	6.35410389401867
5656	13.9387180330806	6.24268428163487
5657	0.23706642464464	5.40354525483043
5658	4.02049231090547	4.62030736883509
5659	10.7951485216016	4.06539516137343
5660	0.233671824257256	5.0530415162092
5661	4.94907873701757	3.09440746288226
5662	1.83688095080756	5.49128232774672
5663	4.02100722935262	4.85086551091164
5664	0.533242306116686	5.34114181991761
5665	8.37055999542821	4.10849131541707
5666	4.19978810011259	5.62901910905103
5667	0.11697167428337	4.77547063576912
5668	7.66056494244898	3.66168365104562
5669	10.1163885197263	6.30158989216552
5670	4.45354499695112	3.23976133450802
5671	1.2721136596478	5.31529381121586
5672	-0.433043155965496	3.37863753452467
5673	1.40126937391547	5.28583741256045
5674	-1.42564467382355	5.33579958027282
5675	1.09277664001855	4.78396245591458
5676	0.58298273947091	3.17443941620636
5677	-0.599831042607216	3.28226627472713
5678	0.158479537609441	5.1182226961778
5679	4.22277918280051	3.61906968444256
5680	0.391714334442204	2.90962327634968
5681	0.33177022213654	4.94532909826363
5682	7.5173302663086	3.86989933988561
5683	2.69585614553595	5.07949933514872
5684	-2.37380881558173	5.3683996802372
5685	6.47047610945289	3.69738300422389
5686	7.73251541197951	5.84315093910532
5687	9.98290102516725	3.87529266830048
5688	9.31726091151868	6.15666017574428
5689	5.30332070511052	5.67750937011493
5690	10.0747615832888	6.0730098376604
5691	3.82923596449484	5.70018682733653
5692	11.5969566128186	6.39956126806625
5693	12.2741860713448	4.14170848269015
5694	1.49729153160628	3.23609258461258
5695	7.15395395372344	3.61290024054274
5696	4.05029911945523	3.54170626955756
5697	-0.109726383816623	4.86553951200407
5698	-0.553939803402985	5.04044741886172
5699	-0.226251676677918	3.48921723354237
5700	8.81242485221115	4.28628970831104
5701	8.55632071564338	4.09357661621519
5702	0.175002105410684	5.26062602191296
5703	1.30168454422251	5.58163155058857
5704	3.50342881885624	2.7855125878914
5705	8.68840932869351	4.17574922973804
5706	10.0117443452968	5.80244955719092
5707	11.2590644663253	6.12693332525894
5708	5.52246623443888	4.77712415392949
5709	1.11859344544774	3.05106384569359
5710	12.9970950903469	4.31017949018721
5711	1.0340007896917	2.84942705076939
5712	5.8384678084801	3.79528509505797
5713	2.91957960781285	5.24696466112603
5714	0.0349888098504865	4.9576596142529
5715	8.9947178895006	6.05401674750042
5716	6.34460717134618	6.57704857205632
5717	6.99388021776221	3.85808904134444
5718	9.43567368757619	6.22829358747195
5719	2.98403160328304	4.90033542969119
5720	9.61489063798503	4.15017402310104
5721	2.1282747074767	2.78878484109729
5722	7.42181550735181	4.7094856142133
5723	3.63732299504189	4.75300536834466
5724	8.14695862208917	5.95636183234016
5725	5.21783591565566	3.70615427341724
5726	3.79803920581527	4.87087675019056
5727	5.52105325366223	4.64919840084199
5728	6.72285671406426	5.82436810484528
5729	4.20797677855704	5.74265079074296
5730	8.91230044113409	4.32198043555078
5731	9.03218425560953	4.40264021607766
5732	8.49667672673218	6.32938966364593
5733	9.32091834610859	6.49010622365452
5734	6.9123546798909	4.13974525080162
5735	1.07035984447719	3.03348909431078
5736	6.54460496586534	4.31276707168797
5737	7.73540897138004	4.45671627338693
5738	5.47983669390778	4.59169121247052
5739	1.46692306421476	2.81488494312293
5740	5.3440734357843	4.66285326423894
5741	5.23292947675027	3.98495520710452
5742	12.0460714848872	4.29941861835321
5743	1.62997162363475	5.7031312372038
5744	2.88644765006361	5.62844184433875
5745	4.668533833276	3.80489503671506
5746	0.803780709811993	4.87600379645974
5747	12.6076383930942	5.9498422854582
5748	5.9359075149856	3.73759283020032
5749	7.42547261116105	6.22131356668774
5750	-2.9985591613619	3.28147097707255
5751	10.8055576418856	4.24870095197805
5752	8.12978496903149	4.47119650536854
5753	-0.0621291524143852	5.35514267879274
5754	0.475089487267889	4.87383395748293
5755	2.05153761369778	4.69072392575848
5756	6.02462503540665	5.92762737301294
5757	8.74066847700793	4.5777463834458
5758	8.39276821289705	6.3363125173112
5759	-0.0540511022314258	5.55261934451161
5760	10.2448781354606	5.80441813928809
5761	3.19817493684269	5.52539234724497
5762	-0.475229338323001	3.16323144103529
5763	4.11027026380791	4.90052518051325
5764	5.69035499382832	3.60875801745928
5765	-1.18604411447534	3.21925673516149
5766	5.09384561388329	5.02868070149619
5767	8.82429058176307	6.38069620532594
5768	-2.44773827934238	5.32917116741404
5769	6.91695793778167	3.82650648131237
5770	0.767720897728969	5.32093542283468
5771	14.6158719177026	4.18766695149301
5772	1.15683106764185	3.37409281570519
5773	1.38770604247118	3.31403432848414
5774	0.0230024708188306	5.11292117020589
5775	-0.621341522821964	5.15497534025301
5776	-0.0667370358522751	3.16187165626794
5777	11.5106223174834	4.13386109098436
5778	10.3809630483758	3.75934339554192
5779	11.8207729573972	4.28485703021776
5780	2.4545735165825	3.13231604129616
5781	-0.553269126895843	5.49079162070492
5782	9.63762828435777	5.88739869649512
5783	0.453897148631049	3.19668451763415
5784	2.26581546078627	4.67950532226324
5785	1.12986398833778	3.23304137693909
5786	7.45632988097753	5.89539697093326
5787	8.15088203201351	3.69345097846472
5788	5.63187883421854	3.82351481802756
5789	0.0479606144664847	2.97500779218249
5790	5.85334177583055	4.50801608517674
5791	7.47175317907716	3.87288273949969
5792	0.94456294939532	5.1224200010875
5793	8.52163708262522	6.23723866409994
5794	2.08564079178643	3.0385714491707
5795	0.0115136148397563	5.5314224622317
5796	7.32992453795833	4.34187014389884
5797	12.8789455866351	6.20051767700286
5798	-1.0826905038033	3.37450897578575
5799	1.73616109502928	5.39699651024597
5800	2.98812319560942	3.59766352402528
5801	2.13777704125361	5.62894743961165
5802	0.370577449836003	5.21517170900676
5803	7.16402454575909	4.43613689903586
5804	3.27689919299469	3.13462008532369
5805	7.78067610730869	5.87666018290267
5806	-1.62928343012448	3.1727243349066
5807	1.91628439509508	2.99308911750409
5808	11.1582838640615	4.09482292164994
5809	11.150414870694	4.21778814361369
5810	8.66180901230595	6.41959786295596
5811	9.90929073231001	5.86000035163878
5812	9.15011536979567	5.97417147149259
5813	7.66580506057516	3.99304299500435
5814	-4.34858158202059	5.16867780863037
5815	6.76808851786802	3.67162256000452
5816	4.77210484422042	4.7278114519187
5817	7.49602192084265	3.87430065900383
5818	5.03162066214857	2.80978539590751
5819	1.68542638489522	5.18446788386995
5820	5.25455808507939	3.64211206459586
5821	2.45984371888309	3.03178301985918
5822	8.10240287198131	5.83606243614926
5823	9.99457053677909	4.13023343907919
5824	5.90181810027828	6.17210985630686
5825	4.53342840149862	5.62230311385482
5826	-0.00841014455275049	5.16087550818507
5827	6.83559412691964	6.60742340249973
5828	-2.87807712491032	5.17533670977926
5829	-0.766931271538603	3.28410506778735
5830	1.13053242829008	5.33849070275417
5831	6.65043333581921	4.7884295749814
5832	9.44511717584912	4.33246533318851
5833	5.38820949799105	4.74394847570664
5834	7.81299269178465	5.93667753595522
5835	-1.29491353050677	3.44834018346564
5836	8.67049521087237	4.0650595996652
5837	2.31378192939679	3.57693175435841
5838	9.88122450101968	6.24046030166779
5839	9.40661557055468	3.85065579383511
5840	2.15311722002144	5.06322776844333
5841	1.41268317376875	3.47328358594607
5842	9.39955268545147	4.14813879949302
5843	5.13947219406398	3.62081481526655
5844	9.08499027724131	4.51304724805882
5845	5.36810319444381	4.60353991970323
5846	1.96156831766021	3.59588521016129
5847	8.39846714223112	6.56884270295877
5848	5.18780636190517	4.8072527115984
5849	6.50776261402182	3.81726819443803
5850	10.4478676194402	3.9708873852037
5851	4.4694732489229	4.80574083319773
5852	-0.871306030983109	3.31702141936724
5853	2.30034665122364	4.95912845414634
5854	2.34588715545427	5.70932871719943
5855	12.3909498764063	6.38508483003712
5856	13.9387180330806	6.27336150496047
5857	0.23706642464464	5.43193511448592
5858	4.02049231090547	4.64656224271557
5859	10.7951485216016	4.09013743009207
5860	0.233671824257256	5.08047595668818
5861	4.94907873701757	3.11650296877053
5862	1.83688095080756	5.51991134514211
5863	4.02100722935262	4.87774885075687
5864	0.533242306116686	5.36936157742631
5865	8.37055999542821	4.13335105761022
5866	4.19978810011259	5.65802357568609
5867	0.11697167428337	4.80214846080356
5868	7.66056494244898	3.68532546440175
5869	10.1163885197263	6.33242768310767
5870	4.45354499695112	3.26225305265034
5871	1.2721136596478	5.34344311103619
5872	-0.433043155965496	3.40150780778648
5873	1.40126937391547	5.31390641877748
5874	-1.42564467382355	5.36400477565952
5875	1.09277664001855	4.8106634283421
5876	0.58298273947091	3.19675307686593
5877	-0.599831042607216	3.30487385478619
5878	0.158479537609441	5.14583481050852
5879	4.22277918280051	3.64259533869284
5880	0.391714334442204	2.93121508902195
5881	0.33177022213654	4.9724699312905
5882	7.5173302663086	3.89410871712209
5883	2.69585614553595	5.10700589556481
5884	-2.37380881558173	5.39669373847251
5885	6.47047610945289	3.72112212851528
5886	7.73251541197951	5.87273909610996
5887	9.98290102516725	3.89951674691907
5888	9.31726091151868	6.18710291061411
5889	5.30332070511052	5.70664601372898
5890	10.0747615832888	6.10322455459969
5891	3.82923596449484	5.72938528620421
5892	11.5969566128186	6.43066611388106
5893	12.2741860713448	4.16665876976231
5894	1.49729153160628	3.25857430230806
5895	7.15395395372344	3.6364090778397
5896	4.05029911945523	3.56502104306108
5897	-0.109726383816623	4.89246285091491
5898	-0.553939803402985	5.06784752977217
5899	-0.226251676677918	3.51238893002263
5900	8.81242485221115	4.3116341015233
5901	8.55632071564338	4.11839570323678
5902	0.175002105410684	5.28862630576432
5903	1.30168454422251	5.610506846042
5904	3.50342881885624	2.80676609395322
5905	8.68840932869351	4.20079230664074
5906	10.0117443452968	5.83192676850081
5907	11.2590644663253	6.15729502931546
5908	5.52246623443888	4.80380648619962
5909	1.11859344544774	3.07304120356096
5910	12.9970950903469	4.33558900326329
5911	1.0340007896917	2.87085477780737
5912	5.8384678084801	3.81929108536161
5913	2.91957960781285	5.2749277062132
5914	0.0349888098504865	4.98483405836615
5915	8.9947178895006	6.0841796922029
5916	6.34460717134618	6.60863722090982
5917	6.99388021776221	3.88226622552714
5918	9.43567368757619	6.25893158398296
5919	2.98403160328304	4.92735361691136
5920	9.61489063798503	4.17514738593175
5921	2.1282747074767	2.81004726681707
5922	7.42181550735181	4.73598357424772
5923	3.63732299504189	4.77962195652215
5924	8.14695862208917	5.98625858479319
5925	5.21783591565566	3.72991730683674
5926	3.79803920581527	4.89781463759019
5927	5.52105325366223	4.67553202722342
5928	6.72285671406426	5.85390506273828
5929	4.20797677855704	5.77196499983091
5930	8.91230044113409	4.34742211618531
5931	9.03218425560953	4.4283017628437
5932	8.49667672673218	6.36030323248101
5933	9.32091834610859	6.52145788106468
5934	6.9123546798909	4.16469018640619
5935	1.07035984447719	3.05541854611426
5936	6.54460496586534	4.33818363811245
5937	7.73540897138004	4.4825252231517
5938	5.47983669390778	4.61786808311869
5939	1.46692306421476	2.83621851369864
5940	5.3440734357843	4.68922411167369
5941	5.23292947675027	4.00947820890416
5942	12.0460714848872	4.32479879895099
5943	1.62997162363475	5.73233772207902
5944	2.88644765006361	5.65744473743916
5945	4.668533833276	3.8289272222387
5946	0.803780709811993	4.90295565939739
5947	12.6076383930942	5.97972126663114
5948	5.9359075149856	3.76144156028072
5949	7.42547261116105	6.25193253673776
5950	-2.9985591613619	3.30407638927277
5951	10.8055576418856	4.27394288403322
5952	8.12978496903149	4.4970449260142
5953	-0.0621291524143852	5.38340060048511
5954	0.475089487267889	4.90077990577391
5955	2.05153761369778	4.71717074432147
5956	6.02462503540665	5.95744579975802
5957	8.74066847700793	4.60388524263904
5958	8.39276821289705	6.36724495677851
5959	-0.0540511022314258	5.58141555716225
5960	10.2448781354606	5.83390071664941
5961	3.19817493684269	5.55411434329692
5962	-0.475229338323001	3.18551455048177
5963	4.11027026380791	4.92754388496492
5964	5.69035499382832	3.63225556369446
5965	-1.18604411447534	3.24169256092589
5966	5.09384561388329	5.05604873814844
5967	8.82429058176307	6.41174962788696
5968	-2.44773827934238	5.35735829476878
5969	6.91695793778167	3.85059757630351
5970	0.767720897728969	5.34910010081887
5971	14.6158719177026	4.21274251426862
5972	1.15683106764185	3.39695070076387
5973	1.38770604247118	3.33672850336207
5974	0.0230024708188306	5.14051883339382
5975	-0.621341522821964	5.18268763662765
5976	-0.0667370358522751	3.1841510591507
5977	11.5106223174834	4.15878998727606
5978	10.3809630483758	3.78325141431153
5979	11.8207729573972	4.31019751817032
5980	2.4545735165825	3.15451488012723
5981	-0.553269126895843	5.51941930050853
5982	9.63762828435777	5.91710746606752
5983	0.453897148631049	3.21905881501209
5984	2.26581546078627	4.70592156064196
5985	1.12986398833778	3.25551477751267
5986	7.45632988097753	5.92512754256919
5987	8.15088203201351	3.71717938465985
5988	5.63187883421854	3.84759775820562
5989	0.0479606144664847	2.99677783296873
5990	5.85334177583055	4.53396487032281
5991	7.47175317907716	3.89710024902375
5992	0.94456294939532	5.15004355662457
5993	8.52163708262522	6.26790104351134
5994	2.08564079178643	3.0605147546903
5995	0.0115136148397563	5.56016089544782
5996	7.32992453795833	4.36736604081319
5997	12.8789455866351	6.23107996066238
5998	-1.0826905038033	3.39736799523268
5999	1.73616109502928	5.42536851903293
6000	2.98812319560942	3.6211308283811
6001	2.13777704125361	5.65499651059938
6002	0.370577449836003	5.24020955012897
6003	7.16402454575909	4.45927085066466
6004	3.27689919299469	3.15457324945056
6005	7.78067610730869	5.90331464107375
6006	-1.62928343012448	3.19277062231822
6007	1.91628439509508	3.01269639295029
6008	11.1582838640615	4.11712273327988
6009	11.150414870694	4.24038847094736
6010	8.66180901230595	6.44757921092887
6011	9.90929073231001	5.88661409471305
6012	9.15011536979567	6.00106423829309
6013	7.66580506057516	4.01509406584569
6014	-4.34858158202059	5.19360202293218
6015	6.76808851786802	3.69288810883667
6016	4.77210484422042	4.75165822935403
6017	7.49602192084265	3.89606153448671
6018	5.03162066214857	2.82894469390112
6019	1.68542638489522	5.20943068766477
6020	5.25455808507939	3.66330549248882
6021	2.45984371888309	3.05148485964731
6022	8.10240287198131	5.86261767715762
6023	9.99457053677909	4.15261979076001
6024	5.90181810027828	6.19948636633214
6025	4.53342840149862	5.64833594672092
6026	-0.00841014455275049	5.18578065438151
6027	6.83559412691964	6.63586377883281
6028	-2.87807712491032	5.20027719782362
6029	-0.766931271538603	3.30442355947584
6030	1.13053242829008	5.36382992416585
6031	6.65043333581921	4.81242449753955
6032	9.44511717584912	4.35534592103631
6033	5.38820949799105	4.76783469054535
6034	7.81299269178465	5.96347867102242
6035	-1.29491353050677	3.46906005068598
6036	8.67049521087237	4.08728667247104
6037	2.31378192939679	3.59796588756229
6038	9.88122450101968	6.26800385390109
6039	9.40661557055468	3.87235888344014
6040	2.15311722002144	5.08789427253628
6041	1.41268317376875	3.49406441255013
6042	9.39955268545147	4.17056891022944
6043	5.13947219406398	3.64195619463906
6044	9.08499027724131	4.53636916151367
6045	5.36810319444381	4.6270829889326
6046	1.96156831766021	3.6169656638696
6047	8.39846714223112	6.59718879160718
6048	5.18780636190517	4.83129363617287
6049	6.50776261402182	3.83888968781798
6050	10.4478676194402	3.99288430977047
6051	4.4694732489229	4.82977806288031
6052	-0.871306030983109	3.33742035559444
6053	2.30034665122364	4.98354054908039
6054	2.34588715545427	5.7355742326437
6055	12.3909498764063	6.41298183132883
6056	13.9387180330806	6.30098546471147
6057	0.23706642464464	5.45750270545366
6058	4.02049231090547	4.67021045454925
6059	10.7951485216016	4.11242579081117
6060	0.233671824257256	5.10518461376834
6061	4.94907873701757	3.13641185632925
6062	1.83688095080756	5.54569394193382
6063	4.02100722935262	4.90196206141785
6064	0.533242306116686	5.39477624441909
6065	8.37055999542821	4.15574502846427
6066	4.19978810011259	5.6841437060787
6067	0.11697167428337	4.82617691105809
6068	7.66056494244898	3.70662450187314
6069	10.1163885197263	6.36019599517073
6070	4.45354499695112	3.28251814002172
6071	1.2721136596478	5.36879443567865
6072	-0.433043155965496	3.42211322098389
6073	1.40126937391547	5.33918555845806
6074	-1.42564467382355	5.389406351121
6075	1.09277664001855	4.83471268839489
6076	0.58298273947091	3.216858088315
6077	-0.599831042607216	3.32524310348174
6078	0.158479537609441	5.17070319862187
6079	4.22277918280051	3.66378994766329
6080	0.391714334442204	2.95067115002788
6081	0.33177022213654	4.9969146315688
6082	7.5173302663086	3.91591800167894
6083	2.69585614553595	5.13177938937785
6084	-2.37380881558173	5.42217520275546
6085	6.47047610945289	3.74250864974456
6086	7.73251541197951	5.8993839715052
6087	9.98290102516725	3.92133924820382
6088	9.31726091151868	6.21451606228647
6089	5.30332070511052	5.73288497289246
6090	10.0747615832888	6.13043271527717
6091	3.82923596449484	5.75567981806022
6092	11.5969566128186	6.45867451164222
6093	12.2741860713448	4.18913414160435
6094	1.49729153160628	3.27883039915163
6095	7.15395395372344	3.65758856815705
6096	4.05029911945523	3.58602606758097
6097	-0.109726383816623	4.91671202124027
6098	-0.553939803402985	5.09252532413732
6099	-0.226251676677918	3.53326532649439
6100	8.81242485221115	4.334463779755
6101	8.55632071564338	4.14075312457892
6102	0.175002105410684	5.31384366317158
6103	1.30168454422251	5.63651084991347
6104	3.50342881885624	2.82591801305028
6105	8.68840932869351	4.22335109771053
6106	10.0117443452968	5.85847190231745
6107	11.2590644663253	6.18463533326484
6108	5.52246623443888	4.82783898851587
6109	1.11859344544774	3.09284387455902
6110	12.9970950903469	4.35847722507373
6111	1.0340007896917	2.89016332375893
6112	5.8384678084801	3.8409175225011
6113	2.91957960781285	5.30011158550186
6114	0.0349888098504865	5.00930897543493
6115	8.9947178895006	6.11134130898663
6116	6.34460717134618	6.63708056370356
6117	6.99388021776221	3.90404656812268
6118	9.43567368757619	6.286520278333
6119	2.98403160328304	4.95168805706285
6120	9.61489063798503	4.19764350317173
6121	2.1282747074767	2.82920720479912
6122	7.42181550735181	4.75985032359911
6123	3.63732299504189	4.80359535407008
6124	8.14695862208917	6.01318089138796
6125	5.21783591565566	3.75132532267369
6126	3.79803920581527	4.92207688719044
6127	5.52105325366223	4.69925103854853
6128	6.72285671406426	5.88050390948655
6129	4.20797677855704	5.79836359259455
6130	8.91230044113409	4.37033925703645
6131	9.03218425560953	4.45141656611958
6132	8.49667672673218	6.38813966982538
6133	9.32091834610859	6.54968816556237
6134	6.9123546798909	4.18716074721139
6135	1.07035984447719	3.0751781489568
6136	6.54460496586534	4.36107820097206
6137	7.73540897138004	4.50577254358222
6138	5.47983669390778	4.64144616906289
6139	1.46692306421476	2.8554424118033
6140	5.3440734357843	4.71297658519508
6141	5.23292947675027	4.03156944589811
6142	12.0460714848872	4.34766065049356
6143	1.62997162363475	5.75863946941702
6144	2.88644765006361	5.68356345320429
6145	4.668533833276	3.8505772092113
6146	0.803780709811993	4.92723047318255
6147	12.6076383930942	6.00662759662101
6148	5.9359075149856	3.78292661849646
6149	7.42547261116105	6.27950412605944
6150	-2.9985591613619	3.32444368903588
6151	10.8055576418856	4.29668044839266
6152	8.12978496903149	4.52032773126435
6153	-0.0621291524143852	5.40884957756026
6154	0.475089487267889	4.92504940221713
6155	2.05153761369778	4.74099151684516
6156	6.02462503540665	5.98429769055365
6157	8.74066847700793	4.62742915580593
6158	8.39276821289705	6.39509835905921
6159	-0.0540511022314258	5.60734846459678
6160	10.2448781354606	5.86045067461394
6161	3.19817493684269	5.57998052907336
6162	-0.475229338323001	3.20559209600502
6163	4.11027026380791	4.95187879011406
6164	5.69035499382832	3.65342490320489
6165	-1.18604411447534	3.2619074003447
6166	5.09384561388329	5.08069769735099
6167	8.82429058176307	6.43971179549451
6168	-2.44773827934238	5.38274362684168
6169	6.91695793778167	3.87230052363025
6170	0.767720897728969	5.37446525062457
6171	14.6158719177026	4.23533051054779
6172	1.15683106764185	3.41754497681045
6173	1.38770604247118	3.35717560189176
6174	0.0230024708188306	5.16537422974756
6175	-0.621341522821964	5.20764608966179
6176	-0.0667370358522751	3.20422527242642
6177	11.5106223174834	4.18124612853674
6178	10.3809630483758	3.80478977380651
6179	11.8207729573972	4.33302368552431
6180	2.4545735165825	3.17451666530455
6181	-0.553269126895843	5.54520069478837
6182	9.63762828435777	5.94386077368213
6183	0.453897148631049	3.23921833963562
6184	2.26581546078627	4.72971484119437
6185	1.12986398833778	3.27576339715876
6186	7.45632988097753	5.95190045051384
6187	8.15088203201351	3.73855627018543
6188	5.63187883421854	3.86929337425257
6189	0.0479606144664847	3.01639412329658
6190	5.85334177583055	4.55733790452444
6191	7.47175317907716	3.91891684460968
6192	0.94456294939532	5.1749222305267
6193	8.52163708262522	6.2955116583963
6194	2.08564079178643	3.08028681219832
6195	0.0115136148397563	5.58604185844212
6196	7.32992453795833	4.39033192278356
6197	12.8789455866351	6.2586005882042
6198	-1.0826905038033	3.41796329110859
6199	1.73616109502928	5.45092006184476
6200	2.98812319560942	3.64227298006062
6201	2.13777704125361	5.67845589522274
6202	0.370577449836003	5.26275952304414
6203	7.16402454575909	4.48010863186612
6204	3.27689919299469	3.1725505085352
6205	7.78067610730869	5.92731845798821
6206	-1.62928343012448	3.21083162834146
6207	1.91628439509508	3.03036259000377
6208	11.1582838640615	4.13721036191258
6209	11.150414870694	4.26074635712366
6210	8.66180901230595	6.47277631649353
6211	9.90929073231001	5.91058129603001
6212	9.15011536979567	6.02528236914857
6213	7.66580506057516	4.0349579987657
6214	-4.34858158202059	5.21604980982184
6215	6.76808851786802	3.71204561195614
6216	4.77210484422042	4.77313706374869
6217	7.49602192084265	3.91566449107914
6218	5.03162066214857	2.84620801920973
6219	1.68542638489522	5.23191317856976
6220	5.25455808507939	3.68239813634262
6221	2.45984371888309	3.06923609960021
6222	8.10240287198131	5.88653226683256
6223	9.99457053677909	4.17278524594647
6224	5.90181810027828	6.22413953354025
6225	4.53342840149862	5.67178072819772
6226	-0.00841014455275049	5.20821129308472
6227	6.83559412691964	6.66147369436221
6228	-2.87807712491032	5.22273961989418
6229	-0.766931271538603	3.3227293622212
6230	1.13053242829008	5.38665093215741
6231	6.65043333581921	4.83403656070227
6232	9.44511717584912	4.37595584901001
6233	5.38820949799105	4.78934899149177
6234	7.81299269178465	5.98761439631025
6235	-1.29491353050677	3.48772681548409
6236	8.67049521087237	4.10730888616641
6237	2.31378192939679	3.61691527570317
6238	9.88122450101968	6.29280724426314
6239	9.40661557055468	3.89190987246745
6240	2.15311722002144	5.11011029740105
6241	1.41268317376875	3.51278599888701
6242	9.39955268545147	4.19077371848375
6243	5.13947219406398	3.66100203060525
6244	9.08499027724131	4.55737597914407
6245	5.36810319444381	4.64828869472634
6246	1.96156831766021	3.6359567086214
6247	8.39846714223112	6.62271391303852
6248	5.18780636190517	4.85294706952615
6249	6.50776261402182	3.85836729633611
6250	10.4478676194402	4.01269954826627
6251	4.4694732489229	4.85142817337094
6252	-0.871306030983109	3.35579850312299
6253	2.30034665122364	5.00552778059592
6254	2.34588715545427	5.75921028223204
6255	12.3909498764063	6.43810308286461
6256	13.9387180330806	6.32586116656324
6257	0.23706642464464	5.48052908905286
6258	4.02049231090547	4.6915107164065
6259	10.7951485216016	4.13250312149606
6260	0.233671824257256	5.12743854734349
6261	4.94907873701757	3.15434929694052
6262	1.83688095080756	5.56891368296865
6263	4.02100722935262	4.92377043381078
6264	0.533242306116686	5.41766510156853
6265	8.37055999542821	4.17591733566882
6266	4.19978810011259	5.70766699531661
6267	0.11697167428337	4.84781912609891
6268	7.66056494244898	3.72581212174614
6269	10.1163885197263	6.38520151486823
6270	4.45354499695112	3.30077591559453
6271	1.2721136596478	5.39162632825755
6272	-0.433043155965496	3.44067705584286
6273	1.40126937391547	5.36195253419487
6274	-1.42564467382355	5.41228343489205
6275	1.09277664001855	4.85637361794843
6276	0.58298273947091	3.23497190560206
6277	-0.599831042607216	3.34359455264052
6278	0.158479537609441	5.19310078031967
6279	4.22277918280051	3.68288365367489
6280	0.391714334442204	2.9682013580376
6281	0.33177022213654	5.01893118547959
6282	7.5173302663086	3.93556449315907
6283	2.69585614553595	5.15409163144055
6284	-2.37380881558173	5.44512413154619
6285	6.47047610945289	3.76177494485888
6286	7.73251541197951	5.92337917050911
6287	9.98290102516725	3.94099762565322
6288	9.31726091151868	6.23920218178763
6289	5.30332070511052	5.75651512633522
6290	10.0747615832888	6.15493448380416
6291	3.82923596449484	5.77935994872275
6292	11.5969566128186	6.48389594342091
6293	12.2741860713448	4.20937965373893
6294	1.49729153160628	3.29708008942995
6295	7.15395395372344	3.67666867777419
6296	4.05029911945523	3.60494927791706
6297	-0.109726383816623	4.93855273261065
6298	-0.553939803402985	5.11475150248556
6299	-0.226251676677918	3.55207286001262
6300	8.81242485221115	4.35502792407207
6301	8.55632071564338	4.16089256234875
6302	0.175002105410684	5.33655507733468
6303	1.30168454422251	5.65992970511362
6304	3.50342881885624	2.84317470242463
6305	8.68840932869351	4.24367162980346
6306	10.0117443452968	5.88237740246804
6307	11.2590644663253	6.20925593989455
6308	5.52246623443888	4.84948484762664
6309	1.11859344544774	3.11068579328436
6310	12.9970950903469	4.37909401836583
6311	1.0340007896917	2.90756086962908
6312	5.8384678084801	3.86039957700422
6313	2.91957960781285	5.32279289237278
6314	0.0349888098504865	5.0313527036846
6315	8.9947178895006	6.13580122000589
6316	6.34460717134618	6.66269314700826
6317	6.99388021776221	3.92366703173383
6318	9.43567368757619	6.31136426556712
6319	2.98403160328304	4.97360545265794
6320	9.61489063798503	4.21790767190301
6321	2.1282747074767	2.84647110565737
6322	7.42181550735181	4.78134711898853
6323	3.63732299504189	4.82518805952098
6324	8.14695862208917	6.03742558775114
6325	5.21783591565566	3.77061094815843
6326	3.79803920581527	4.94392936091685
6327	5.52105325366223	4.7206149712769
6328	6.72285671406426	5.9044577143506
6329	4.20797677855704	5.8221373065372
6330	8.91230044113409	4.39098205758475
6331	9.03218425560953	4.47223712696696
6332	8.49667672673218	6.41320645544327
6333	9.32091834610859	6.57510914286772
6334	6.9123546798909	4.20740193272017
6335	1.07035984447719	3.0929813359494
6336	6.54460496586534	4.38170069684925
6337	7.73540897138004	4.52671227876975
6338	5.47983669390778	4.66268336582772
6339	1.46692306421476	2.87276383280247
6340	5.3440734357843	4.7343706108965
6341	5.23292947675027	4.05146950074322
6342	12.0460714848872	4.36825372867284
6343	1.62997162363475	5.78232608905305
6344	2.88644765006361	5.70708547024995
6345	4.668533833276	3.87008044237486
6346	0.803780709811993	4.94909424603812
6347	12.6076383930942	6.0308579250229
6348	5.9359075149856	3.80228152915926
6349	7.42547261116105	6.30433273052691
6350	-2.9985591613619	3.34279338549527
6351	10.8055576418856	4.31716175354845
6352	8.12978496903149	4.54129937839549
6353	-0.0621291524143852	5.43176929019734
6354	0.475089487267889	4.94690839312038
6355	2.05153761369778	4.76244696469644
6356	6.02462503540665	6.00847906110499
6357	8.74066847700793	4.64863562056329
6358	8.39276821289705	6.42018040145725
6359	-0.0540511022314258	5.63070338187898
6360	10.2448781354606	5.88436051318127
6361	3.19817493684269	5.60327544273113
6362	-0.475229338323001	3.22368121284031
6363	4.11027026380791	4.97379660388736
6364	5.69035499382832	3.67249588407398
6365	-1.18604411447534	3.2801199873032
6366	5.09384561388329	5.10289794387566
6367	8.82429058176307	6.46489165191589
6368	-2.44773827934238	5.40560610272953
6369	6.91695793778167	3.8918513847049
6370	0.767720897728969	5.39730957634625
6371	14.6158719177026	4.25567730725204
6372	1.15683106764185	3.43609879588992
6373	1.38770604247118	3.37559706238333
6374	0.0230024708188306	5.18776012779291
6375	-0.621341522821964	5.23012466787309
6376	-0.0667370358522751	3.22231139252969
6377	11.5106223174834	4.20147434636816
6378	10.3809630483758	3.82419261897862
6379	11.8207729573972	4.35358467246499
6380	2.4545735165825	3.19253764991002
6381	-0.553269126895843	5.56841935438918
6382	9.63762828435777	5.96795348714164
6383	0.453897148631049	3.25738118130455
6384	2.26581546078627	4.75114556517089
6385	1.12986398833778	3.29400636309957
6386	7.45632988097753	5.97601079079612
6387	8.15088203201351	3.75781389979049
6388	5.63187883421854	3.8888376422153
6389	0.0479606144664847	3.03406842754626
6390	5.85334177583055	4.57839069568395
6391	7.47175317907716	3.93856991099003
6392	0.94456294939532	5.19732906236344
6393	8.52163708262522	6.32037535904257
6394	2.08564079178643	3.09810119982789
6395	0.0115136148397563	5.60935006143736
6396	7.32992453795833	4.41101855683204
6397	12.8789455866351	6.28338336210349
6398	-1.0826905038033	3.43651802733339
6399	1.73616109502928	5.47393201313595
6400	2.98812319560942	3.6613195105722
6401	2.13777704125361	5.69958352344086
6402	0.370577449836003	5.28306908135951
6403	7.16402454575909	4.49887797193258
6404	3.27689919299469	3.18874663887846
6405	7.78067610730869	5.9489358354227
6406	-1.62928343012448	3.22710309403535
6407	1.91628439509508	3.04627890155506
6408	11.1582838640615	4.15530489514134
6409	11.150414870694	4.27908400308169
6410	8.66180901230595	6.49546712801868
6411	9.90929073231001	5.93216573555747
6412	9.15011536979567	6.04709253471555
6413	7.66580506057516	4.05285130440054
6414	-4.34858158202059	5.23626744573156
6415	6.76808851786802	3.72930344198293
6416	4.77210484422042	4.79248306927777
6417	7.49602192084265	3.93332303299035
6418	5.03162066214857	2.86176192367281
6419	1.68542638489522	5.25216203280467
6420	5.25455808507939	3.69959762160358
6421	2.45984371888309	3.08522891229595
6422	8.10240287198131	5.90806937905988
6423	9.99457053677909	4.1909497887877
6424	5.90181810027828	6.24634104017254
6425	4.53342840149862	5.69289522001725
6426	-0.00841014455275049	5.22841350318114
6427	6.83559412691964	6.68453585299523
6428	-2.87807712491032	5.24297042101928
6429	-0.766931271538603	3.33922103712162
6430	1.13053242829008	5.40720430263904
6431	6.65043333581921	4.85350241342966
6432	9.44511717584912	4.39452022155055
6433	5.38820949799105	4.80872690129292
6434	7.81299269178465	6.0093504331695
6435	-1.29491353050677	3.5045431972128
6436	8.67049521087237	4.12534457476964
6437	2.31378192939679	3.63398589393276
6438	9.88122450101968	6.31514388555427
6439	9.40661557055468	3.90952166646399
6440	2.15311722002144	5.13011944958941
6441	1.41268317376875	3.52965169584939
6442	9.39955268545147	4.20897366174934
6443	5.13947219406398	3.67815940938824
6444	9.08499027724131	4.57629737752882
6445	5.36810319444381	4.6673890048394
6446	1.96156831766021	3.6530647994493
6447	8.39846714223112	6.64569979433872
6448	5.18780636190517	4.87245013719971
6449	6.50776261402182	3.87591308020162
6450	10.4478676194402	4.03054905037129
6451	4.4694732489229	4.87092825193199
6452	-0.871306030983109	3.37235525645731
6453	2.30034665122364	5.0253311195632
6454	2.34588715545427	5.7804968310902
6455	12.3909498764063	6.4607256591807
6456	13.9387180330806	6.34826285633881
6457	0.23706642464464	5.50126720710464
6458	4.02049231090547	4.71069608532074
6459	10.7951485216016	4.15058839110847
6460	0.233671824257256	5.1474818006708
6461	4.94907873701757	3.17050960819947
6462	1.83688095080756	5.58982573753032
6463	4.02100722935262	4.94341287836279
6464	0.533242306116686	5.43827950640179
6465	8.37055999542821	4.19408804230774
6466	4.19978810011259	5.72885210953512
6467	0.11697167428337	4.8673121022334
6468	7.66056494244898	3.7430970435834
6469	10.1163885197263	6.40771998351467
6470	4.45354499695112	3.31722438719766
6471	1.2721136596478	5.41218949007265
6472	-0.433043155965496	3.45740084597139
6473	1.40126937391547	5.38245729945073
6474	-1.42564467382355	5.43288724887143
6475	1.09277664001855	4.87588342889983
6476	0.58298273947091	3.25129087816778
6477	-0.599831042607216	3.36012728920383
6478	0.158479537609441	5.21327325367424
6479	4.22277918280051	3.70008409440995
6480	0.391714334442204	2.98399533935849
6481	0.33177022213654	5.03876090168483
6482	7.5173302663086	3.95326219729025
6483	2.69585614553595	5.17418733671926
6484	-2.37380881558173	5.4657925743925
6485	6.47047610945289	3.77913063975353
6486	7.73251541197951	5.94498879562065
6487	9.98290102516725	3.95870602192046
6488	9.31726091151868	6.26143333096677
6489	5.30332070511052	5.77779637125986
6490	10.0747615832888	6.17699979832101
6491	3.82923596449484	5.80068615112809
6492	11.5969566128186	6.50660863782195
6493	12.2741860713448	4.22761621256497
6494	1.49729153160628	3.31352128782997
6495	7.15395395372344	3.69385688774403
6496	4.05029911945523	3.62199634765476
6497	-0.109726383816623	4.95822426799565
6498	-0.553939803402985	5.13476978833601
6499	-0.226251676677918	3.56901587157482
6500	8.81242485221115	4.37355111149129
6501	8.55632071564338	4.1790337009768
6502	0.175002105410684	5.35700986165143
6503	1.30168454422251	5.6810208747058
6504	3.50342881885624	2.85872263747029
6505	8.68840932869351	4.26197567354254
6506	10.0117443452968	5.90390633812776
6507	11.2590644663253	6.23142815635059
6508	5.52246623443888	4.86898110181873
6509	1.11859344544774	3.12676017692743
6510	12.9970950903469	4.39766456666847
6511	1.0340007896917	2.92323551346767
6512	5.8384678084801	3.87794936029759
6513	2.91957960781285	5.34322059339012
6514	0.0349888098504865	5.05120686482338
6515	8.9947178895006	6.1578288812058
6516	6.34460717134618	6.68575770546378
6517	6.99388021776221	3.94134132224929
6518	9.43567368757619	6.33373742615846
6519	2.98403160328304	4.99334597006251
6520	9.61489063798503	4.23616101344706
6521	2.1282747074767	2.86202552786157
6522	7.42181550735181	4.80070928150031
6523	3.63732299504189	4.84463649883564
6524	8.14695862208917	6.0592596505718
6525	5.21783591565566	3.7879840318706
6526	3.79803920581527	4.96361147724047
6527	5.52105325366223	4.73985761592541
6528	6.72285671406426	5.92603010297215
6529	4.20797677855704	5.84354769266722
6530	8.91230044113409	4.40957600096066
6531	9.03218425560953	4.49099097630106
6532	8.49667672673218	6.43578003642782
6533	9.32091834610859	6.59800134033444
6534	6.9123546798909	4.22563459948906
6535	1.07035984447719	3.10902087809599
6536	6.54460496586534	4.40027637496623
6537	7.73540897138004	4.5455733325086
6538	5.47983669390778	4.68181200394164
6539	1.46692306421476	2.88836999779342
6540	5.3440734357843	4.75364032596352
6541	5.23292947675027	4.0693953001974
6542	12.0460714848872	4.38680294382145
6543	1.62997162363475	5.80365812867587
6544	2.88644765006361	5.72826944005589
6545	4.668533833276	3.88764927713252
6546	0.803780709811993	4.96878652660023
6547	12.6076383930942	6.05267906300811
6548	5.9359075149856	3.81971693900861
6549	7.42547261116105	6.32669205340503
6550	-2.9985591613619	3.35932454540125
6551	10.8055576418856	4.3356104222167
6552	8.12978496903149	4.56018913882503
6553	-0.0621291524143852	5.45241145137632
6554	0.475089487267889	4.96659637203204
6555	2.05153761369778	4.78177193263926
6556	6.02462503540665	6.03025615859273
6557	8.74066847700793	4.66773661340923
6558	8.39276821289705	6.44276770682267
6559	-0.0540511022314258	5.65173703551238
6560	10.2448781354606	5.90589335150481
6561	3.19817493684269	5.62425511953669
6562	-0.475229338323001	3.23997796588104
6563	4.11027026380791	4.9935374974681
6564	5.69035499382832	3.68967588219218
6565	-1.18604411447534	3.29652780906097
6566	5.09384561388329	5.12289290250897
6567	8.82429058176307	6.48756694681108
6568	-2.44773827934238	5.42619677604944
6569	6.91695793778167	3.90946306360041
6570	0.767720897728969	5.41788392251253
6571	14.6158719177026	4.27400497757061
6572	1.15683106764185	3.45281357622927
6573	1.38770604247118	3.39219277830317
6574	0.0230024708188306	5.20792209100742
6575	-0.621341522821964	5.2503700024074
6576	-0.0667370358522751	3.23860544983179
6577	11.5106223174834	4.21969534794025
6578	10.3809630483758	3.84167114876915
6579	11.8207729573972	4.37210501963642
6580	2.4545735165825	3.20877311395907
6581	-0.553269126895843	5.58933043613665
6582	9.63762828435777	5.98965083230395
6583	0.453897148631049	3.27374425421663
6584	2.26581546078627	4.77044829251833
6585	1.12986398833778	3.31044151255817
6586	7.45632988097753	5.99772399233356
6587	8.15088203201351	3.77516179954433
6588	5.63187883421854	3.90644339021463
6589	0.0479606144664847	3.04999203200257
6590	5.85334177583055	4.5973534499916
6591	7.47175317907716	3.95627352963487
6592	0.94456294939532	5.21750985676796
6593	8.52163708262522	6.34276625302023
6594	2.08564079178643	3.1141508176134
6595	0.0115136148397563	5.63034169279213
6596	7.32992453795833	4.4296519310476
6597	12.8789455866351	6.30570145766057
6598	-1.0826905038033	3.45323363269948
6599	1.73616109502928	5.49465714846857
6600	2.98812319560942	3.67847751414006
6601	2.13777704125361	5.71861151192755
6602	0.370577449836003	5.30136100115397
6603	7.16402454575909	4.51578406097052
6604	3.27689919299469	3.20333745007838
6605	7.78067610730869	5.96840448193139
6606	-1.62928343012448	3.24176168916527
6607	1.91628439509508	3.06061794227477
6608	11.1582838640615	4.17160381823312
6609	11.150414870694	4.29560166991174
6610	8.66180901230595	6.515901610362
6611	9.90929073231001	5.95160474576973
6612	9.15011536979567	6.06673464477312
6613	7.66580506057516	4.06896917043179
6614	-4.34858158202059	5.25447665718448
6615	6.76808851786802	3.74484953083696
6616	4.77210484422042	4.80990802032433
6617	7.49602192084265	3.94922966740624
6618	5.03162066214857	2.87577488405321
6619	1.68542638489522	5.27039933333864
6620	5.25455808507939	3.71509121402015
6621	2.45984371888309	3.09963678588332
6622	8.10240287198131	5.9274658059381
6623	9.99457053677909	4.20731170390952
6624	5.90181810027828	6.26633526427952
6625	4.53342840149862	5.71191138886395
6626	-0.00841014455275049	5.24660883506438
6627	6.83559412691964	6.70530445957309
6628	-2.87807712491032	5.26119147804046
6629	-0.766931271538603	3.35407776825693
6630	1.13053242829008	5.425715595499
6631	6.65043333581921	4.87103519850143
6632	9.44511717584912	4.41124188847706
6633	5.38820949799105	4.82618055860984
6634	7.81299269178465	6.02892584498921
6635	-1.29491353050677	3.51969208740403
6636	8.67049521087237	4.1415905516689
6637	2.31378192939679	3.64936353661578
6638	9.88122450101968	6.3352596987715
6639	9.40661557055468	3.92538623885522
6640	2.15311722002144	5.14814107518982
6641	1.41268317376875	3.54484495804286
6642	9.39955268545147	4.22536742884857
6643	5.13947219406398	3.69361511597125
6644	9.08499027724131	4.59334028295264
6645	5.36810319444381	4.68459288834276
6646	1.96156831766021	3.66847615857433
6647	8.39846714223112	6.66639976942624
6648	5.18780636190517	4.89001640688773
6649	6.50776261402182	3.89171825914658
6650	10.4478676194402	4.04662750362521
6651	4.4694732489229	4.88849183212839
6652	-0.871306030983109	3.38727054273269
6653	2.30034665122364	5.04316756212732
6654	2.34588715545427	5.79966781042313
6655	12.3909498764063	6.48109874603577
6656	13.9387180330806	6.36843719774871
6657	0.23706642464464	5.5199447289163
6658	4.02049231090547	4.72797650155111
6659	10.7951485216016	4.16687897914483
6660	0.233671824257256	5.16553410920021
6661	4.94907873701757	3.18506819072743
6662	1.83688095080756	5.60865976090614
6663	4.02100722935262	4.96110455415155
6664	0.533242306116686	5.4568457156879
6665	8.37055999542821	4.21045550338411
6666	4.19978810011259	5.74793182177425
6667	0.11697167428337	4.88486929193212
6668	7.66056494244898	3.7586675086349
6669	10.1163885197263	6.42799939818356
6670	4.45354499695112	3.33204224562243
6671	1.2721136596478	5.43070959280815
6672	-0.433043155965496	3.47246642570487
6673	1.40126937391547	5.40092485914701
6674	-1.42564467382355	5.45144392890345
6675	1.09277664001855	4.89345576593697
6676	0.58298273947091	3.2659922182036
6677	-0.599831042607216	3.37502096608717
6678	0.158479537609441	5.2314418295497
6679	4.22277918280051	3.71557854652637
6680	0.391714334442204	2.99822431191359
6681	0.33177022213654	5.05662107750082
6682	7.5173302663086	3.9692040684065
6683	2.69585614553595	5.19228683955218
6684	-2.37380881558173	5.48440740506103
6685	6.47047610945289	3.79476478375426
6686	7.73251541197951	5.96445046687919
6687	9.98290102516725	3.9746575134207
6688	9.31726091151868	6.28145422632839
6689	5.30332070511052	5.79696257831184
6690	10.0747615832888	6.19687148185785
6691	3.82923596449484	5.81989280923922
6692	11.5969566128186	6.52706280955829
6693	12.2741860713448	4.2440429249756
6694	1.49729153160628	3.32833260209868
6695	7.15395395372344	3.7093403350755
6696	4.05029911945523	3.6373528022858
6697	-0.109726383816623	4.97594211862758
6698	-0.553939803402985	5.15279963206384
6699	-0.226251676677918	3.58427869855265
6700	8.81242485221115	4.3902357215865
6701	8.55632071564338	4.19537455786322
6702	0.175002105410684	5.37543245036863
6703	1.30168454422251	5.70001605908488
6704	3.50342881885624	2.87273022679222
6705	8.68840932869351	4.27846310635312
6706	10.0117443452968	5.92329540803637
6707	11.2590644663253	6.25139602625281
6708	5.52246623443888	4.88654124099102
6709	1.11859344544774	3.14124144500141
6710	12.9970950903469	4.41439179031467
6711	1.0340007896917	2.93735711062095
6712	5.8384678084801	3.89375813777809
6713	2.91957960781285	5.36161881356777
6714	0.0349888098504865	5.06908903527602
6715	8.9947178895006	6.17766668569676
6716	6.34460717134618	6.70652847131214
6717	6.99388021776221	3.95726212667009
6718	9.43567368757619	6.35388609807574
6719	2.98403160328304	5.01112588813483
6720	9.61489063798503	4.25260282631947
6721	2.1282747074767	2.87603895408605
6722	7.42181550735181	4.81814876999541
6723	3.63732299504189	4.86215361597011
6724	8.14695862208917	6.07892326248417
6725	5.21783591565566	3.80363382167877
6726	3.79803920581527	4.98133884820509
6727	5.52105325366223	4.75718956671864
6728	6.72285671406426	5.94545827023012
6729	4.20797677855704	5.86283009614427
6730	8.91230044113409	4.42632427461852
6731	9.03218425560953	4.50788312735757
6732	8.49667672673218	6.45610903911662
6733	9.32091834610859	6.61861702221358
6734	6.9123546798909	4.24205780997227
6735	1.07035984447719	3.12347079709495
6736	6.54460496586534	4.41700821422745
6737	7.73540897138004	4.56256194207769
6738	5.47983669390778	4.69904137592033
6739	1.46692306421476	2.90242998024158
6740	5.3440734357843	4.77099663370653
6741	5.23292947675027	4.0855424029516
6742	12.0460714848872	4.40351097269379
6743	1.62997162363475	5.82287003889691
6744	2.88644765006361	5.7473481225954
6745	4.668533833276	3.90347519640783
6746	0.803780709811993	4.98652304296639
6747	12.6076383930942	6.07233104563709
6748	5.9359075149856	3.83542280754323
6749	7.42547261116105	6.34682827466565
6750	-2.9985591613619	3.37421680366732
6751	10.8055576418856	4.35222798312773
6752	8.12978496903149	4.57720357760039
6753	-0.0621291524143852	5.47100263478386
6754	0.475089487267889	4.98432901793406
6755	2.05153761369778	4.79917795485276
6756	6.02462503540665	6.04986851522976
6757	8.74066847700793	4.6849411112101
6758	8.39276821289705	6.46310905819591
6759	-0.0540511022314258	5.67068046918358
6760	10.2448781354606	5.92528593288431
6761	3.19817493684269	5.64314998687763
6762	-0.475229338323001	3.25465931361957
6763	4.11027026380791	5.01131775400966
6764	5.69035499382832	3.70515194080677
6765	-1.18604411447534	3.31130909227571
6766	5.09384561388329	5.14090175727955
6767	8.82429058176307	6.50798746787128
6768	-2.44773827934238	5.44474163260769
6769	6.91695793778167	3.92532753242805
6770	0.767720897728969	5.43641408850879
6771	14.6158719177026	4.29051366869348
6772	1.15683106764185	3.46787104929154
6773	1.38770604247118	3.40714312165529
6774	0.0230024708188306	5.22608121025207
6775	-0.621341522821964	5.26860413604645
6776	-0.0667370358522751	3.25328437204555
6777	11.5106223174834	4.23610806251581
6778	10.3809630483758	3.85741581501361
6779	11.8207729573972	4.38878707418293
6780	2.4545735165825	3.22339931615587
6781	-0.553269126895843	5.60816358421065
6782	9.63762828435777	6.00919143078232
6783	0.453897148631049	3.28848527409419
6784	2.26581546078627	4.7878343034762
6785	1.12986398833778	3.32524738421571
6786	7.45632988097753	6.01727885778504
6787	8.15088203201351	3.790788929769
6788	5.63187883421854	3.92230252264378
6789	0.0479606144664847	3.06433763460537
6790	5.85334177583055	4.6144335659276
6791	7.47175317907716	3.97222072240923
6792	0.94456294939532	5.23568591961286
6793	8.52163708262522	6.36293088077508
6794	2.08564079178643	3.1286098022953
6795	0.0115136148397563	5.64924731638919
6796	7.32992453795833	4.44643568309974
6797	12.8789455866351	6.32580058412016
6798	-1.0826905038033	3.46829184808995
6799	1.73616109502928	5.51332298891527
6800	2.98812319560942	3.69393378288113
6801	2.13777704125361	5.73574877963998
6802	0.370577449836003	5.31783585884989
6803	7.16402454575909	4.53101176852406
6804	3.27689919299469	3.21648157053316
6805	7.78067610730869	5.98593831084893
6806	-1.62928343012448	3.25496681038624
6807	1.91628439509508	3.07353548701765
6808	11.1582838640615	4.18628511916907
6809	11.150414870694	4.31047982481637
6810	8.66180901230595	6.53430462355259
6811	9.90929073231001	5.96911190410636
6812	9.15011536979567	6.08442457867582
6813	7.66580506057516	4.08348753275655
6814	-4.34858158202059	5.27087708319425
6815	6.76808851786802	3.75885333394544
6816	4.77210484422042	4.82560266716671
6817	7.49602192084265	3.96355793614422
6818	5.03162066214857	2.88839897944111
6819	1.68542638489522	5.28682503754436
6820	5.25455808507939	3.72904777402976
6821	2.45984371888309	3.11261627536244
6822	8.10240287198131	5.94493464227124
6823	9.99457053677909	4.22204969323897
6824	5.90181810027828	6.28434207604397
6825	4.53342840149862	5.72903801973229
6826	-0.00841014455275049	5.26299677043832
6827	6.83559412691964	6.7240081610582
6828	-2.87807712491032	5.27760256422794
6829	-0.766931271538603	3.36746119793741
6830	1.13053242829008	5.44238787351381
6831	6.65043333581921	4.88682688837686
6832	9.44511717584912	4.42630362911044
6833	5.38820949799105	4.84190103907513
6834	7.81299269178465	6.04655575517225
6835	-1.29491353050677	3.5333384396719
6836	8.67049521087237	4.15622420475809
6837	2.31378192939679	3.66321575002604
6838	9.88122450101968	6.35337593217741
6839	9.40661557055468	3.93967665473145
6840	2.15311722002144	5.16437268713512
6841	1.41268317376875	3.55853124198971
6842	9.39955268545147	4.24013408271586
6843	5.13947219406398	3.70753758139716
6844	9.08499027724131	4.60869111562395
6845	5.36810319444381	4.70008858995559
6846	1.96156831766021	3.68235871440935
6847	8.39846714223112	6.68504170740052
6848	5.18780636190517	4.90583823056105
6849	6.50776261402182	3.90595522510144
6850	10.4478676194402	4.06111039722436
6851	4.4694732489229	4.90431123544855
6852	-0.871306030983109	3.40070666791796
6853	2.30034665122364	5.05923252237364
6854	2.34588715545427	5.8169337598331
6855	12.3909498764063	6.49944650760811
6856	13.9387180330806	6.38660610240864
6857	0.23706642464464	5.53676660128801
6858	4.02049231090547	4.74354107723168
6859	10.7951485216016	4.18155277911755
6860	0.233671824257256	5.18179333362206
6861	4.94907873701757	3.19818330764579
6862	1.83688095080756	5.62562247367057
6863	4.02100722935262	4.97703923448912
6864	0.533242306116686	5.47356741462106
6865	8.37055999542821	4.22519848368231
6866	4.19978810011259	5.76511563722342
6867	0.11697167428337	4.90068294425414
6868	7.66056494244898	3.77269324860545
6869	10.1163885197263	6.44626286138124
6870	4.45354499695112	3.34539069259939
6871	1.2721136596478	5.44738979909088
6872	-0.433043155965496	3.48603780442438
6873	1.40126937391547	5.41755778039256
6874	-1.42564467382355	5.46815705217864
6875	1.09277664001855	4.90928304979745
6876	0.58298273947091	3.27923580683138
6877	-0.599831042607216	3.38843764434054
6878	0.158479537609441	5.24780568639979
6879	4.22277918280051	3.72953588020534
6880	0.391714334442204	3.01104280305521
6881	0.33177022213654	5.07270739600342
6882	7.5173302663086	3.98356404769475
6883	2.69585614553595	5.20858853552553
6884	-2.37380881558173	5.50117285981628
6885	6.47047610945289	3.80884783029722
6886	7.73251541197951	5.98197801856253
6887	9.98290102516725	3.98902615037746
6888	9.31726091151868	6.29948504034482
6889	5.30332070511052	5.81422423300485
6890	10.0747615832888	6.21476801573389
6891	3.82923596449484	5.8371908670384
6892	11.5969566128186	6.54548354181681
6893	12.2741860713448	4.25883922730438
6894	1.49729153160628	3.34167515979578
6895	7.15395395372344	3.72328776522255
6896	4.05029911945523	3.65118594794056
6897	-0.109726383816623	4.99190035448174
6898	-0.553939803402985	5.16903863974541
6899	-0.226251676677918	3.59802758590928
6900	8.81242485221115	4.40526411367985
6901	8.55632071564338	4.21009359626293
6902	0.175002105410684	5.39202490089819
6903	1.30168454422251	5.7171238054093
6904	3.50342881885624	2.88534948860553
6905	8.68840932869351	4.29331405276819
6906	10.0117443452968	5.94075762361465
6907	11.2590644663253	6.26937912108785
6908	5.52246623443888	4.90235754763167
6909	1.11859344544774	3.15428698435279
6910	12.9970950903469	4.42945853160466
6911	1.0340007896917	2.9500789714583
6912	5.8384678084801	3.90799834216167
6913	2.91957960781285	5.37818933412685
6914	0.0349888098504865	5.08519514740355
6915	8.9947178895006	6.19553273081601
6916	6.34460717134618	6.72523411598874
6917	6.99388021776221	3.97160314741517
6918	9.43567368757619	6.372031901999
6919	2.98403160328304	5.02713998031689
6920	9.61489063798503	4.26741271800103
6921	2.1282747074767	2.88866346870085
6922	7.42181550735181	4.83385649951831
6923	3.63732299504189	4.87793120580473
6924	8.14695862208917	6.09663254654283
6925	5.21783591565566	3.81773094834723
6926	3.79803920581527	4.99730565168862
6927	5.52105325366223	4.77280051987864
6928	6.72285671406426	5.96295567067106
6929	4.20797677855704	5.88019631944163
6930	8.91230044113409	4.44140995943745
6931	9.03218425560953	4.52309829170881
6932	8.49667672673218	6.4744171280421
6933	9.32091834610859	6.6371831022331
6934	6.9123546798909	4.25685096081284
6935	1.07035984447719	3.13648812448524
6936	6.54460496586534	4.43207910924611
6937	7.73540897138004	4.57786391230124
6938	5.47983669390778	4.71456001536703
6939	1.46692306421476	2.91509639218093
6940	5.3440734357843	4.78662950640704
6941	5.23292947675027	4.10008707626927
6942	12.0460714848872	4.41856044003829
6943	1.62997162363475	5.84017282322535
6944	2.88644765006361	5.76453101138739
6945	4.668533833276	3.91773082720025
6946	0.803780709811993	5.00249807666761
6947	12.6076383930942	6.09002986415921
6948	5.9359075149856	3.84957040111851
6949	7.42547261116105	6.36496287387424
6950	-2.9985591613619	3.38763220526499
6951	10.8055576418856	4.36719603567444
6952	8.12978496903149	4.59252879229166
6953	-0.0621291524143852	5.48774680866857
6954	0.475089487267889	5.00030056848998
6955	2.05153761369778	4.81485556707766
6956	6.02462503540665	6.0675316731481
6957	8.74066847700793	4.70043736564746
6958	8.39276821289705	6.48142826006825
6959	-0.0540511022314258	5.68774164351327
6960	10.2448781354606	5.94275130853924
6961	3.19817493684269	5.66016745492832
6962	-0.475229338323001	3.2678849105869
6963	4.11027026380791	5.0273321507902
6964	5.69035499382832	3.71909272162866
6965	-1.18604411447534	3.32462462413789
6966	5.09384561388329	5.15712187637686
6967	8.82429058176307	6.52637791688969
6968	-2.44773827934238	5.46144411558865
6969	6.91695793778167	3.93961785510434
6970	0.767720897728969	5.45310335101792
6971	14.6158719177026	4.30538374609339
6972	1.15683106764185	3.48143513257752
6973	1.38770604247118	3.42061079574222
6974	0.0230024708188306	5.24243655680001
6975	-0.621341522821964	5.28502699026964
6976	-0.0667370358522751	3.26650778621131
6977	11.5106223174834	4.25089176777822
6978	10.3809630483758	3.87159832379706
6979	11.8207729573972	4.40381316646232
6980	2.4545735165825	3.23657528601694
6981	-0.553269126895843	5.62512550926505
6982	9.63762828435777	6.0267900114084
6983	0.453897148631049	3.30176457178676
6984	2.26581546078627	4.80349390697948
6985	1.12986398833778	3.33858504394582
6986	7.45632988097753	6.03489027768278
6987	8.15088203201351	3.80486566440715
6988	5.63187883421854	3.93658804293702
6989	0.0479606144664847	3.07726108458118
6990	5.85334177583055	4.6298178854409
6991	7.47175317907716	3.98658549081524
6992	0.94456294939532	5.25205651420849
6993	8.52163708262522	6.38109104382913
6994	2.08564079178643	3.14163528816217
6995	0.0115136148397563	5.66627446431333
6996	7.32992453795833	4.46155329597647
6997	12.8789455866351	6.34390180061864
6998	-1.0826905038033	3.48185659941907
6999	1.73616109502928	5.53013434888066
7000	2.98812319560942	3.70785675420972
7001	2.13777704125361	5.75118339001715
7002	0.370577449836003	5.33267425589251
7003	7.16402454575909	4.5447276469958
7004	3.27689919299469	3.22832208121002
7005	7.78067610730869	6.00172985284332
7006	-1.62928343012448	3.26686222583403
7007	1.91628439509508	3.08517206439436
7008	11.1582838640615	4.19950919512671
7009	11.150414870694	4.32388108251668
7010	8.66180901230595	6.55087848954701
7011	9.90929073231001	5.98487944079349
7012	9.15011536979567	6.10035662560133
7013	7.66580506057516	4.09656495306242
7014	-4.34858158202059	5.28564848673936
7015	6.76808851786802	3.77146761652918
7016	4.77210484422042	4.8397388222398
7017	7.49602192084265	3.97646425950346
7018	5.03162066214857	2.8997714327646
7019	1.68542638489522	5.30161919315711
7020	5.25455808507939	3.74161953466365
7021	2.45984371888309	3.12430860714629
7022	8.10240287198131	5.96066768659122
7023	9.99457053677909	4.23532479254359
7024	5.90181810027828	6.3005593342463
7025	4.53342840149862	5.74446305623811
7026	-0.00841014455275049	5.27775693157548
7027	6.83559412691964	6.74085266663576
7028	-2.87807712491032	5.29238356264623
7029	-0.766931271538603	3.3795171029288
7030	1.13053242829008	5.45740396205218
7031	6.65043333581921	4.90105038867252
7032	9.44511717584912	4.43987012624973
7033	5.38820949799105	4.85606044613728
7034	7.81299269178465	6.06243377673407
7035	-1.29491353050677	3.54563099258322
7036	8.67049521087237	4.16940539446567
7037	2.31378192939679	3.67569359173902
7038	9.88122450101968	6.3696916771781
7039	9.40661557055468	3.9525489079825
7040	2.15311722002144	5.17899214672741
7041	1.41268317376875	3.57085973608383
7042	9.39955268545147	4.25343498202239
7043	5.13947219406398	3.72007865462456
7044	9.08499027724131	4.6225178149396
7045	5.36810319444381	4.71404568101131
7046	1.96156831766021	3.69486386633472
7047	8.39846714223112	6.70183062168593
7048	5.18780636190517	4.92008885329097
7049	6.50776261402182	3.91877936984709
7050	10.4478676194402	4.07415589330409
7051	4.4694732489229	4.91855967969869
7052	-0.871306030983109	3.41281000238934
7053	2.30034665122364	5.07370198428673
7054	2.34588715545427	5.83248419234773
7055	12.3909498764063	6.5159706434494
7056	13.9387180330806	6.40296925506202
7057	0.23706642464464	5.55191733475645
7058	4.02049231090547	4.7575601595565
7059	10.7951485216016	4.19477010370642
7060	0.233671824257256	5.19643764629071
7061	4.94907873701757	3.20999771319933
7062	1.83688095080756	5.64089997291565
7063	4.02100722935262	4.99139143576773
7064	0.533242306116686	5.48862798529255
7065	8.37055999542821	4.23847807519274
7066	4.19978810011259	5.78059214367802
7067	0.11697167428337	4.91492621222117
7068	7.66056494244898	3.78532727583278
7069	10.1163885197263	6.46271112304519
7070	4.45354499695112	3.35741511081703
7071	1.2721136596478	5.46241302360084
7072	-0.433043155965496	3.49826287612595
7073	1.40126937391547	5.43253844520537
7074	-1.42564467382355	5.48320990418417
7075	1.09277664001855	4.92353858706114
7076	0.58298273947091	3.29116584551903
7077	-0.599831042607216	3.40052347527208
7078	0.158479537609441	5.26254417525447
7079	4.22277918280051	3.7421083371934
7080	0.391714334442204	3.02259022556343
7081	0.33177022213654	5.08719608177617
7082	7.5173302663086	3.99649891267088
7083	2.69585614553595	5.22327107543216
7084	-2.37380881558173	5.5162728136552
7085	6.47047610945289	3.82153343727391
7086	7.73251541197951	5.99776391062615
7087	9.98290102516725	4.00196880783449
7088	9.31726091151868	6.31572390217985
7089	5.30332070511052	5.82977079998687
7090	10.0747615832888	6.23088601645833
7091	3.82923596449484	5.85277019925159
7092	11.5969566128186	6.56207335615788
7093	12.2741860713448	4.27216681220992
7094	1.49729153160628	3.35369427726752
7095	7.15395395372344	3.73585130836928
7096	4.05029911945523	3.66364662739782
7097	-0.109726383816623	5.00627375730131
7098	-0.553939803402985	5.18366475599517
7099	-0.226251676677918	3.61041242726077
7100	8.81242485221115	4.41880059490189
7101	8.55632071564338	4.22335163846285
7102	0.175002105410684	5.40696913935883
7103	1.30168454422251	5.73253184456209
7104	3.50342881885624	2.8967175913885
7105	8.68840932869351	4.30669082100744
7106	10.0117443452968	5.9564847088123
7107	11.2590644663253	6.2855750324669
7108	5.52246623443888	4.91660320466306
7109	1.11859344544774	3.16603876544085
7110	12.9970950903469	4.44302952966949
7111	1.0340007896917	2.96153942022746
7112	5.8384678084801	3.92082540170985
7113	2.91957960781285	5.39311383414681
7114	0.0349888098504865	5.09970164876307
7115	8.9947178895006	6.21162328961945
7116	6.34460717134618	6.74208037056863
7117	6.99388021776221	3.98452094843398
7118	9.43567368757619	6.38837426244379
7119	2.98403160328304	5.04156365756871
7120	9.61489063798503	4.2807525342333
7121	2.1282747074767	2.90003629935659
7122	7.42181550735181	4.84800442987918
7123	3.63732299504189	4.89214201512028
7124	8.14695862208917	6.11258200990336
7125	5.21783591565566	3.83042922837892
7126	3.79803920581527	5.01168676594785
7127	5.52105325366223	4.78686134503791
7128	6.72285671406426	5.97871442459919
7129	4.20797677855704	5.8958370051639
7130	8.91230044113409	4.45499800794577
7131	9.03218425560953	4.53680288045926
7132	8.49667672673218	6.49090555584683
7133	9.32091834610859	6.65390373928382
7134	6.9123546798909	4.27017570916815
7135	1.07035984447719	3.14821451292075
7136	6.54460496586534	4.44565384594465
7137	7.73540897138004	4.59164663214467
7138	5.47983669390778	4.72853775200792
7139	1.46692306421476	2.92650693323199
7140	5.3440734357843	4.80071006061933
7141	5.23292947675027	4.11318817822913
7142	12.0460714848872	4.43211589039644
7143	1.62997162363475	5.85575640963111
7144	2.88644765006361	5.78000668378852
7145	4.668533833276	3.93057177154851
7146	0.803780709811993	5.01688659867342
7147	12.6076383930942	6.10596990783663
7148	5.9359075149856	3.86231410474293
7149	7.42547261116105	6.38129514932614
7150	-2.9985591613619	3.39971688712099
7151	10.8055576418856	4.38067820726736
7152	8.12978496903149	4.60633243371125
7153	-0.0621291524143852	5.50282760830018
7154	0.475089487267889	5.01468595543197
7155	2.05153761369778	4.82897638985528
7156	6.02462503540665	6.0834396198962
7157	8.74066847700793	4.71439495428224
7158	8.39276821289705	6.49792669026868
7159	-0.0540511022314258	5.70310776475482
7160	10.2448781354606	5.9584812380173
7161	3.19817493684269	5.67549423759452
7162	-0.475229338323001	3.27979875557638
7163	4.11027026380791	5.04175610220106
7164	5.69035499382832	3.73165027993787
7165	-1.18604411447534	3.33661941654999
7166	5.09384561388329	5.171730991637
7167	8.82429058176307	6.54294047428852
7168	-2.44773827934238	5.47648739061748
7169	6.91695793778167	3.9524900244692
7170	0.767720897728969	5.46813472673756
7171	14.6158719177026	4.318777733499
7172	1.15683106764185	3.4936536379008
7173	1.38770604247118	3.43274252633593
7174	0.0230024708188306	5.25716738581336
7175	-0.621341522821964	5.29981858070743
7176	-0.0667370358522751	3.27841966653333
7177	11.5106223174834	4.26420801448121
7178	10.3809630483758	3.88437345344489
7179	11.8207729573972	4.41734757769792
7180	2.4545735165825	3.2484444632904
7181	-0.553269126895843	5.6404022995184
7182	9.63762828435777	6.0426398342728
7183	0.453897148631049	3.3137267510219
7184	2.26581546078627	4.81759852070273
7185	1.12986398833778	3.35059975291956
7186	7.45632988097753	6.0507516567507
7187	8.15088203201351	3.81754559024721
7188	5.63187883421854	3.94945588983582
7189	0.0479606144664847	3.08890297706263
7190	5.85334177583055	4.64367472515483
7191	7.47175317907716	3.99952466631776
7192	0.94456294939532	5.26680106748496
7193	8.52163708262522	6.39744632845235
7194	2.08564079178643	3.15336901977246
7195	0.0115136148397563	5.68160995951328
7196	7.32992453795833	4.47517008187301
7197	12.8789455866351	6.36020402939793
7198	-1.0826905038033	3.49407570602587
7199	1.73616109502928	5.54527562048007
7200	2.98812319560942	3.72039828278338
7201	2.13777704125361	5.76508465051467
7202	0.370577449836003	5.34603881724176
7203	7.16402454575909	4.55708173990028
7204	3.27689919299469	3.23898800607149
7205	7.78067610730869	6.01595241594151
7206	-1.62928343012448	3.27757757485643
7207	1.91628439509508	3.09565441263627
7208	11.1582838640615	4.21142057738528
7209	11.150414870694	4.33595196018548
7210	8.66180901230595	6.56580528483886
7211	9.90929073231001	5.99908039480108
7212	9.15011536979567	6.11470566838806
7213	7.66580506057516	4.10834431887851
7214	-4.34858158202059	5.29895274190125
7215	6.76808851786802	3.78283007516358
7216	4.77210484422042	4.85247123961458
7217	7.49602192084265	3.98808960731926
7218	5.03162066214857	2.91001602189214
7219	1.68542638489522	5.31494392926872
7220	5.25455808507939	3.75294371590142
7221	2.45984371888309	3.13484114437441
7222	8.10240287198131	5.97483759126966
7223	9.99457053677909	4.247282104984
7224	5.90181810027828	6.3151651184383
7225	4.53342840149862	5.75835569853086
7226	-0.00841014455275049	5.2910510665498
7227	6.83559412691964	6.75602308618984
7228	-2.87807712491032	5.3056964549183
7229	-0.766931271538603	3.39037692138246
7230	1.13053242829008	5.47092847768104
7231	6.65043333581921	4.91386143244468
7232	9.44511717584912	4.45208974910927
7233	5.38820949799105	4.8688137944809
7234	7.81299269178465	6.07673418698443
7235	-1.29491353050677	3.55670383669349
7236	8.67049521087237	4.18127817139199
7237	2.31378192939679	3.68693322906955
7238	9.88122450101968	6.38438611718797
7239	9.40661557055468	3.9641435865781
7240	2.15311722002144	5.19215962502549
7241	1.41268317376875	3.5819649337177
7242	9.39955268545147	4.2654155191011
7243	5.13947219406398	3.73137521168157
7244	9.08499027724131	4.63497166651952
7245	5.36810319444381	4.72661690859036
7246	1.96156831766021	3.7061280877644
7247	8.39846714223112	6.71695099908661
7248	5.18780636190517	4.9329243121282
7249	6.50776261402182	3.93033074214211
7250	10.4478676194402	4.08590652157945
7251	4.4694732489229	4.93139317751262
7252	-0.871306030983109	3.42371251589868
7253	2.30034665122364	5.08673443771702
7254	2.34588715545427	5.84648971358368
7255	12.3909498764063	6.5308526726663
7256	13.9387180330806	6.41770637047906
7257	0.23706642464464	5.5655630550198
7258	4.02049231090547	4.77018719041837
7259	10.7951485216016	4.2066754085198
7260	0.233671824257256	5.20962749682393
7261	4.94907873701757	3.2206401387584
7262	1.83688095080756	5.65465980515939
7263	4.02100722935262	5.00431833355376
7264	0.533242306116686	5.50219254283522
7265	8.37055999542821	4.25043943142568
7266	4.19978810011259	5.79453111817448
7267	0.11697167428337	4.92775505045006
7268	7.66056494244898	3.79670750819476
7269	10.1163885197263	6.47752485186693
7270	4.45354499695112	3.36824658551574
7271	1.2721136596478	5.47594396288655
7272	-0.433043155965496	3.5092749750202
7273	1.40126937391547	5.44603107311511
7274	-1.42564467382355	5.49676751354034
7275	1.09277664001855	4.93637846986198
7276	0.58298273947091	3.30191236167954
7277	-0.599831042607216	3.41141023244995
7278	0.158479537609441	5.27581880127978
7279	4.22277918280051	3.75343314527508
7280	0.391714334442204	3.03299231840144
7281	0.33177022213654	5.10024584013493
7282	7.5173302663086	4.00814995307118
7283	2.69585614553595	5.23649533734948
7284	-2.37380881558173	5.52987282312622
7285	6.47047610945289	3.83296010067986
7286	7.73251541197951	6.01198138777129
7287	9.98290102516725	4.013626862868
7288	9.31726091151868	6.33034913352373
7289	5.30332070511052	5.84377284154878
7290	10.0747615832888	6.24540245108239
7291	3.82923596449484	5.86680173540989
7292	11.5969566128186	6.57701450782786
7293	12.2741860713448	4.2841713711235
7294	1.49729153160628	3.36452098034231
7295	7.15395395372344	3.74716809239182
7296	4.05029911945523	3.67487081561392
7297	-0.109726383816623	5.01921974028438
7298	-0.553939803402985	5.19683822648126
7299	-0.226251676677918	3.62156834755261
7300	8.81242485221115	4.43099319804165
7301	8.55632071564338	4.23529359644365
7302	0.175002105410684	5.42042897700536
7303	1.30168454422251	5.74640918618247
7304	3.50342881885624	2.90695826424771
7305	8.68840932869351	4.31873965376024
7306	10.0117443452968	5.9706492492097
7307	11.2590644663253	6.30016160068164
7308	5.52246623443888	4.92943419347922
7309	1.11859344544774	3.17662481772655
7310	12.9970950903469	4.45525320417089
7311	1.0340007896917	2.97186322107001
7312	5.8384678084801	3.93237939785097
7313	2.91957960781285	5.40655590364946
7314	0.0349888098504865	5.11276744435162
7315	8.9947178895006	6.22611502158293
7316	6.34460717134618	6.75725236453914
7317	6.99388021776221	3.99615662820609
7318	9.43567368757619	6.40309266113646
7319	2.98403160328304	5.05455489657578
7320	9.61489063798503	4.29276810353905
7321	2.1282747074767	2.91028122815097
7322	7.42181550735181	4.86074744712913
7323	3.63732299504189	4.90494163472959
7324	8.14695862208917	6.12694673061157
7325	5.21783591565566	3.84186729981189
7326	3.79803920581527	5.02463969061246
7327	5.52105325366223	4.7995259519525
7328	6.72285671406426	5.99290747254531
7329	4.20797677855704	5.90992377050639
7330	8.91230044113409	4.46723703091049
7331	9.03218425560953	4.54914681058567
7332	8.49667672673218	6.50575544141363
7333	9.32091834610859	6.66896265490299
7334	6.9123546798909	4.28217771467674
7335	1.07035984447719	3.15877770725578
7336	6.54460496586534	4.45788088588827
7337	7.73540897138004	4.60406089429593
7338	5.47983669390778	4.7411275643239
7339	1.46692306421476	2.93678580815919
7340	5.3440734357843	4.8133924272272
7341	5.23292947675027	4.12498886178971
7342	12.0460714848872	4.44432556916769
7343	1.62997162363475	5.86979177532725
7344	2.88644765006361	5.79394490748697
7345	4.668533833276	3.94213826650499
7346	0.803780709811993	5.02984619164123
7347	12.6076383930942	6.1203261491372
7348	5.9359075149856	3.87379306557255
7349	7.42547261116105	6.39600446971283
7350	-2.9985591613619	3.41060260992437
7351	10.8055576418856	4.39282192198079
7352	8.12978496903149	4.61876552904092
7353	-0.0621291524143852	5.51641037554235
7354	0.475089487267889	5.02764272627893
7355	2.05153761369778	4.84169500540873
7356	6.02462503540665	6.09776696819215
7357	8.74066847700793	4.72696662977187
7358	8.39276821289705	6.51278557978918
7359	-0.0540511022314258	5.71694737272189
7360	10.2448781354606	5.97264833877824
7361	3.19817493684269	5.68929843377414
7362	-0.475229338323001	3.29053069449832
7363	4.11027026380791	5.05474758800052
7364	5.69035499382832	3.74296167653109
7365	-1.18604411447534	3.34742422269958
7366	5.09384561388329	5.18488915817714
7367	8.82429058176307	6.55785708981205
7368	-2.44773827934238	5.4900363789735
7369	6.91695793778167	3.96408462755215
7370	0.767720897728969	5.48167300357686
7371	14.6158719177026	4.33084206659602
7372	1.15683106764185	3.50465982587453
7373	1.38770604247118	3.44367060145851
7374	0.0230024708188306	5.27043511660491
7375	-0.621341522821964	5.31314100770057
7376	-0.0667370358522751	3.28914983690149
7377	11.5106223174834	4.27620236697487
7378	10.3809630483758	3.89588070334324
7379	11.8207729573972	4.42953831747788
7380	2.4545735165825	3.25913619324056
7381	-0.553269126895843	5.65416149354217
7382	9.63762828435777	6.05691486062782
7383	0.453897148631049	3.32450219945123
7384	2.26581546078627	4.83030254519428
7385	1.12986398833778	3.36142248755388
7386	7.45632988097753	6.06503708576569
7387	8.15088203201351	3.82896713960921
7388	5.63187883421854	3.96104660192252
7389	0.0479606144664847	3.099390109854
7390	5.85334177583055	4.65615570850982
7391	7.47175317907716	4.01117958696648
7392	0.94456294939532	5.28008115257973
7393	8.52163708262522	6.41217636122826
7394	2.08564079178643	3.16393882428445
7395	0.0115136148397563	5.69542199853903
7396	7.32992453795833	4.48743497365161
7397	12.8789455866351	6.37488630237948
7398	-1.0826905038033	3.50508243526282
7399	1.73616109502928	5.55891282336087
7400	2.98812319560942	3.73169524973387
7401	2.13777704125361	5.77760499620375
7402	0.370577449836003	5.35807598751343
7403	7.16402454575909	4.5682092133443
7404	3.27689919299469	3.24859566846033
7405	7.78067610730869	6.02876202148633
7406	-1.62928343012448	3.28722973245205
7407	1.91628439509508	3.10509680606563
7408	11.1582838640615	4.22214949066423
7409	11.150414870694	4.34682446277635
7410	8.66180901230595	6.57924889117393
7411	9.90929073231001	6.01187054627856
7412	9.15011536979567	6.1276291401026
7413	7.66580506057516	4.11895438140111
7414	-4.34858158202059	5.31093562017834
7415	6.76808851786802	3.79306480766713
7416	4.77210484422042	4.86393930812838
7417	7.49602192084265	3.99856101169079
7418	5.03162066214857	2.91924436735869
7419	1.68542638489522	5.32694524597908
7420	5.25455808507939	3.76314398832217
7421	2.45984371888309	3.14432872156163
7422	8.10240287198131	5.98759978989381
7423	9.99457053677909	4.25805236793687
7424	5.90181810027828	6.32831972734777
7425	4.53342840149862	5.77086828548826
7426	-0.00841014455275049	5.30302483390159
7427	6.83559412691964	6.76968602071832
7428	-2.87807712491032	5.3176871089471
7429	-0.766931271538603	3.40015914081623
7430	1.13053242829008	5.48310965037207
7431	6.65043333581921	4.92540028613206
7432	9.44511717584912	4.46309616288643
7433	5.38820949799105	4.88030070656775
7434	7.81299269178465	6.08961387616989
7435	-1.29491353050677	3.56667783724129
7436	8.67049521087237	4.19197232935674
7437	2.31378192939679	3.69705738894605
7438	9.88122450101968	6.39762054048123
7439	9.40661557055468	3.97458738029788
7440	2.15311722002144	5.20401936687042
7441	1.41268317376875	3.59196806124906
7442	9.39955268545147	4.27620669055429
7443	5.13947219406398	3.74155061481548
7444	9.08499027724131	4.6461889499433
7445	5.36810319444381	4.73793986238377
7446	1.96156831766021	3.71627438002625
7447	8.39846714223112	6.73056888204675
7448	5.18780636190517	4.94448514602422
7449	6.50776261402182	3.94073554839579
7450	10.4478676194402	4.09649071248798
7451	4.4694732489229	4.94295224595354
7452	-0.871306030983109	3.43353317251167
7453	2.30034665122364	5.0984726204034
7454	2.34588715545427	5.85910392233548
7455	12.3909498764063	6.5442559773407
7456	13.9387180330806	6.43097921326255
7457	0.23706642464464	5.5778533448951
7458	4.02049231090547	4.78156038236579
7459	10.7951485216016	4.21739885044271
7460	0.233671824257256	5.22150737977414
7461	4.94907873701757	3.23022664537442
7462	1.83688095080756	5.66705282689842
7463	4.02100722935262	5.01596148740947
7464	0.533242306116686	5.51440976415514
7465	8.37055999542821	4.26121333489326
7466	4.19978810011259	5.807085416735
7467	0.11697167428337	4.93930992399528
7468	7.66056494244898	3.80695824189428
7469	10.1163885197263	6.4908666675823
7470	4.45354499695112	3.3780032878499
7471	1.2721136596478	5.48813091861839
7472	-0.433043155965496	3.51919428832804
7473	1.40126937391547	5.45818353817349
7474	-1.42564467382355	5.50897847959989
7475	1.09277664001855	4.94794328653023
7476	0.58298273947091	3.31159257818865
7477	-0.599831042607216	3.42121670407298
7478	0.158479537609441	5.28777500526368
7479	4.22277918280051	3.76363398202609
7480	0.391714334442204	3.04236246010763
7481	0.33177022213654	5.11199960197038
7482	7.5173302663086	4.0186444877668
7483	2.69585614553595	5.24840619991822
7484	-2.37380881558173	5.5421219608379
7485	6.47047610945289	3.84325263496565
7486	7.73251541197951	6.02478641457306
7487	9.98290102516725	4.02412771264414
7488	9.31726091151868	6.34352125016683
7489	5.30332070511052	5.85638391764616
7490	10.0747615832888	6.25847662104403
7491	3.82923596449484	5.87943936467765
7492	11.5969566128186	6.59047103881356
7493	12.2741860713448	4.29498416877103
7494	1.49729153160628	3.37427338691526
7495	7.15395395372344	3.75736170530405
7496	4.05029911945523	3.68498106707947
7497	-0.109726383816623	5.03088007601579
7498	-0.553939803402985	5.20870336292752
7499	-0.226251676677918	3.63161713929178
7500	8.81242485221115	4.44197528671148
7501	8.55632071564338	4.24605003620068
7502	0.175002105410684	5.43255192189556
7503	1.30168454422251	5.75890799836721
7504	3.50342881885624	2.91618308400607
7505	8.68840932869351	4.3295923099222
7506	10.0117443452968	5.98340661851982
7507	11.2590644663253	6.31329890997761
7508	5.52246623443888	4.94099100313875
7509	1.11859344544774	3.18616057304183
7510	12.9970950903469	4.46626326552928
7511	1.0340007896917	2.98116287865544
7512	5.8384678084801	3.9427865662808
7513	2.91957960781285	5.41866285237056
7514	0.0349888098504865	5.12453564406203
7515	8.9947178895006	6.23916695242164
7516	6.34460717134618	6.77091671647123
7517	6.99388021776221	4.00663733415247
7518	9.43567368757619	6.41634865377003
7519	2.98403160328304	5.06625597505544
7520	9.61489063798503	4.30359081353851
7521	2.1282747074767	2.91950987941019
7522	7.42181550735181	4.87222505841774
7523	3.63732299504189	4.91647020355875
7524	8.14695862208917	6.13988431672573
7525	5.21783591565566	3.85217010442927
7526	3.79803920581527	5.03630627574801
7527	5.52105325366223	4.81093297258219
7528	6.72285671406426	6.00569050641404
7529	4.20797677855704	5.92261112108301
7530	8.91230044113409	4.47826091006644
7531	9.03218425560953	4.56026513476133
7532	8.49667672673218	6.51912980804779
7533	9.32091834610859	6.68252520551904
7534	6.9123546798909	4.2929882135643
7535	1.07035984447719	3.16829288418948
7536	6.54460496586534	4.46889397706133
7537	7.73540897138004	4.6152425364507
7538	5.47983669390778	4.75246724944259
7539	1.46692306421476	2.94604502018407
7540	5.3440734357843	4.82481543641816
7541	5.23292947675027	4.13561811608879
7542	12.0460714848872	4.45532303055686
7543	1.62997162363475	5.88243285222214
7544	2.88644765006361	5.80649853012478
7545	4.668533833276	3.95255668727302
7546	0.803780709811993	5.04151878006593
7547	12.6076383930942	6.1332561014749
7548	5.9359075149856	3.88413268178421
7549	7.42547261116105	6.40925228939829
7550	-2.9985591613619	3.42040815032861
7551	10.8055576418856	4.40375999775089
7552	8.12978496903149	4.62996412618598
7553	-0.0621291524143852	5.52864399055171
7554	0.475089487267889	5.03931277402619
7555	2.05153761369778	4.85315064852405
7556	6.02462503540665	6.11067090895592
7557	8.74066847700793	4.73828998680679
7558	8.39276821289705	6.52616805243413
7559	-0.0540511022314258	5.72941221434091
7560	10.2448781354606	5.98540801311292
7561	3.19817493684269	5.70173139513912
7562	-0.475229338323001	3.30019778752223
7563	4.11027026380791	5.06644888866055
7564	5.69035499382832	3.75315043928952
7565	-1.18604411447534	3.35715691607566
7566	5.09384561388329	5.19674051690362
7567	8.82429058176307	6.57129153158289
7568	-2.44773827934238	5.50223958378477
7569	6.91695793778167	3.97452835328999
7570	0.767720897728969	5.49386656510551
7571	14.6158719177026	4.3417086772897
7572	1.15683106764185	3.51457381774391
7573	1.38770604247118	3.45351427048579
7574	0.0230024708188306	5.28238511300032
7575	-0.621341522821964	5.32514024557537
7576	-0.0667370358522751	3.29881533774528
7577	11.5106223174834	4.28700597606449
7578	10.3809630483758	3.90624578742202
7579	11.8207729573972	4.44051872861636
7580	2.4545735165825	3.2687670872379
7581	-0.553269126895843	5.66655394070938
7582	9.63762828435777	6.06977169739352
7583	0.453897148631049	3.33420846288272
7584	2.26581546078627	4.84174505237963
7585	1.12986398833778	3.37117132144951
7586	7.45632988097753	6.07790328775878
7587	8.15088203201351	3.83925506986252
7588	5.63187883421854	3.97148682470391
7589	0.0479606144664847	3.10883681068107
7590	5.85334177583055	4.66739741792122
7591	7.47175317907716	4.02167761494256
7592	0.94456294939532	5.29204227121308
7593	8.52163708262522	6.42544282770558
7594	2.08564079178643	3.17345995217787
7595	0.0115136148397563	5.70786202060174
7596	7.32992453795833	4.49848214178609
7597	12.8789455866351	6.38810977203326
7598	-1.0826905038033	3.51499691441652
7599	1.73616109502928	5.57119544527194
7600	2.98812319560942	3.74187102188354
7601	2.13777704125361	5.7888816808215
7602	0.370577449836003	5.3689176458806
7603	7.16402454575909	4.57823182755935
7604	3.27689919299469	3.25724992310848
7605	7.78067610730869	6.04029914077427
7606	-1.62928343012448	3.29592404829181
7607	1.91628439509508	3.11360226105803
7608	11.1582838640615	4.23181326184217
7609	11.150414870694	4.35661751437242
7610	8.66180901230595	6.59135683210697
7611	9.90929073231001	6.02339015012662
7612	9.15011536979567	6.13926877862288
7613	7.66580506057516	4.12851114548174
7614	-4.34858158202059	5.32172839683096
7615	6.76808851786802	3.80228364393723
7616	4.77210484422042	4.87426857659534
7617	7.49602192084265	4.00799293511646
7618	5.03162066214857	2.92755710459405
7619	1.68542638489522	5.33775462364698
7620	5.25455808507939	3.77233179850925
7621	2.45984371888309	3.15287485768156
7622	8.10240287198131	5.99909422643299
7623	9.99457053677909	4.26775336823071
7624	5.90181810027828	6.34016746988919
7625	4.53342840149862	5.78213798454376
7626	-0.00841014455275049	5.3138094075465
7627	6.83559412691964	6.78199143345597
7628	-2.87807712491032	5.32848688648591
7629	-0.766931271538603	3.40897055763371
7630	1.13053242829008	5.49408096109801
7631	6.65043333581921	4.93579328592215
7632	9.44511717584912	4.47300978121495
7633	5.38820949799105	4.89064694081698
7634	7.81299269178465	6.10121409515686
7635	-1.29491353050677	3.57566192389245
7636	8.67049521087237	4.20160480864053
7637	2.31378192939679	3.70617667131993
7638	9.88122450101968	6.40954014378145
7639	9.40661557055468	3.98399444451534
7640	2.15311722002144	5.21470127782403
7641	1.41268317376875	3.60097837233548
7642	9.39955268545147	4.28592651578451
7643	5.13947219406398	3.75071603397805
7644	9.08499027724131	4.65629242443674
7645	5.36810319444381	4.74813847703342
7646	1.96156831766021	3.72541358925954
7647	8.39846714223112	6.74283373267352
7648	5.18780636190517	4.95489793566167
7649	6.50776261402182	3.95010751030756
7650	10.4478676194402	4.10602418310032
7651	4.4694732489229	4.95336344606617
7652	-0.871306030983109	3.44237919618487
7653	2.30034665122364	5.10904508575391
7654	2.34588715545427	5.87046511641866
7655	12.3909498764063	6.55632763273499
7656	13.9387180330806	6.44293340749222
7657	0.23706642464464	5.58892289911158
7658	4.02049231090547	4.79180422886083
7659	10.7951485216016	4.22705769549359
7660	0.233671824257256	5.2322074247412
7661	4.94907873701757	3.23886185245476
7662	1.83688095080756	5.67821487559181
7663	4.02100722935262	5.02644839369715
7664	0.533242306116686	5.52541353120916
7665	8.37055999542821	4.27091761291897
7666	4.19978810011259	5.81839267076879
7667	0.11697167428337	4.94971734723997
7668	7.66056494244898	3.81619148481677
7669	10.1163885197263	6.50288296148605
7670	4.45354499695112	3.38679173038563
7671	1.2721136596478	5.49910743609632
7672	-0.433043155965496	3.52812913740607
7673	1.40126937391547	5.46912900202615
7674	-1.42564467382355	5.51997661473977
7675	1.09277664001855	4.95835966205057
7676	0.58298273947091	3.32031215682839
7677	-0.599831042607216	3.43004995631208
7678	0.158479537609441	5.29854376575709
7679	4.22277918280051	3.77282230030705
7680	0.391714334442204	3.05080286337122
7681	0.33177022213654	5.12258609398401
7682	7.5173302663086	4.0280972365445
7683	2.69585614553595	5.2591341373376
7684	-2.37380881558173	5.5531544637666
7685	6.47047610945289	3.85252351298228
7686	7.73251541197951	6.03631941139668
7687	9.98290102516725	4.03358614719497
7688	9.31726091151868	6.35538475576953
7689	5.30332070511052	5.86774229124872
7690	10.0747615832888	6.27025194050139
7691	3.82923596449484	5.89082164538668
7692	11.5969566128186	6.6025906164361
7693	12.2741860713448	4.30472346511236
7694	1.49729153160628	3.38305796176894
7695	7.15395395372344	3.76654351961277
7696	4.05029911945523	3.69408782703675
7697	-0.109726383816623	5.04138245197906
7698	-0.553939803402985	5.21939013090222
7699	-0.226251676677918	3.64066856407809
7700	8.81242485221115	4.4518670039667
7701	8.55632071564338	4.25573859080122
7702	0.175002105410684	5.44347080730978
7703	1.30168454422251	5.77016529532713
7704	3.50342881885624	2.92449264687543
7705	8.68840932869351	4.33936749281625
7706	10.0117443452968	5.99489670699347
7707	11.2590644663253	6.32513107683839
7708	5.52246623443888	4.951400169561
7709	1.11859344544774	3.1947500862659
7710	12.9970950903469	4.47618016795201
7711	1.0340007896917	2.98953982164833
7712	5.8384678084801	3.95216065497428
7713	2.91957960781285	5.42956733565832
7714	0.0349888098504865	5.13513513519437
7715	8.9947178895006	6.25092224891857
7716	6.34460717134618	6.78322340536607
7717	6.99388021776221	4.01607763223688
7718	9.43567368757619	6.42828767699291
7719	2.98403160328304	5.07679503368999
7720	9.61489063798503	4.31333903445079
7721	2.1282747074767	2.92782289196552
7722	7.42181550735181	4.88256291870745
7723	3.63732299504189	4.92685394339242
7724	8.14695862208917	6.15153666312419
7725	5.21783591565566	3.8614502293233
7726	3.79803920581527	5.04681427835275
7727	5.52105325366223	4.82120727667975
7728	6.72285671406426	6.01720370193392
7729	4.20797677855704	5.93403816829669
7730	8.91230044113409	4.48819025332212
7731	9.03218425560953	4.57027951144655
7732	8.49667672673218	6.53117540912166
7733	9.32091834610859	6.69474023775417
7734	6.9123546798909	4.30272544022061
7735	1.07035984447719	3.17686386969908
7736	6.54460496586534	4.47881360737307
7737	7.73540897138004	4.6253139213819
7738	5.47983669390778	4.76268092811545
7739	1.46692306421476	2.95438554807817
7740	5.3440734357843	4.83510413579248
7741	5.23292947675027	4.14519215945613
7742	12.0460714848872	4.4652285886165
7743	1.62997162363475	5.89381823699701
7744	2.88644765006361	5.8178051755926
7745	4.668533833276	3.96194090699204
7746	0.803780709811993	5.05203218772292
7747	12.6076383930942	6.14490157481436
7748	5.9359075149856	3.89344594994103
7749	7.42547261116105	6.4211839541198
7750	-2.9985591613619	3.4292405641463
7751	10.8055576418856	4.41361208805892
7752	8.12978496903149	4.64005077651684
7753	-0.0621291524143852	5.53966251763903
7754	0.475089487267889	5.04982389418812
7755	2.05153761369778	4.86346872980242
7756	6.02462503540665	6.12229296281445
7757	8.74066847700793	4.74848896451433
7758	8.39276821289705	6.53822095174245
7759	-0.0540511022314258	5.74063892595378
7760	10.2448781354606	5.99690017691191
7761	3.19817493684269	5.71292940341386
7762	-0.475229338323001	3.30890555045207
7763	4.11027026380791	5.07698814733486
7764	5.69035499382832	3.76232788676967
7765	-1.18604411447534	3.36592374218258
7766	5.09384561388329	5.20741488012932
7767	8.82429058176307	6.58339122121451
7768	-2.44773827934238	5.51323073109658
7769	6.91695793778167	3.98393535630001
7770	0.767720897728969	5.50484903010253
7771	14.6158719177026	4.35149642412512
7772	1.15683106764185	3.52350387567292
7773	1.38770604247118	3.46238101335112
7774	0.0230024708188306	5.2931482845009
7775	-0.621341522821964	5.33594775156684
7776	-0.0667370358522751	3.30752166715818
7777	11.5106223174834	4.29673699950171
7778	10.3809630483758	3.91558198553418
7779	11.8207729573972	4.45040893550878
7780	2.4545735165825	3.27744225842936
7781	-0.553269126895843	5.67771547208792
7782	9.63762828435777	6.08135134123918
7783	0.453897148631049	3.34295149282932
7784	2.26581546078627	4.85205130674348
7785	1.12986398833778	3.37995267964861
7786	7.45632988097753	6.08949136357266
7787	8.15088203201351	3.84852180264551
7788	5.63187883421854	3.98089067383243
7789	0.0479606144664847	3.11734614383243
7790	5.85334177583055	4.67752288431536
7791	7.47175317907716	4.03113350889001
7792	0.94456294939532	5.30281545660361
7793	8.52163708262522	6.43739128103772
7794	2.08564079178643	3.18203629562498
7795	0.0115136148397563	5.71906638596492
7796	7.32992453795833	4.5084324532381
7797	12.8789455866351	6.40001951324086
7798	-1.0826905038033	3.52392741107125
7799	1.73616109502928	5.58225809564852
7800	2.98812319560942	3.75103677328889
7801	2.13777704125361	5.79903829582934
7802	0.370577449836003	5.37868255848415
7803	7.16402454575909	4.58725926383084
7804	3.27689919299469	3.26504527342747
7805	7.78067610730869	6.05069025401375
7806	-1.62928343012448	3.30375547014683
7807	1.91628439509508	3.12126363053601
7808	11.1582838640615	4.24051759190982
7809	11.150414870694	4.36543824994557
7810	8.66180901230595	6.60226191941242
7811	9.90929073231001	6.03376549227206
7812	9.15011536979567	6.14975220130286
7813	7.66580506057516	4.13711912518606
7814	-4.34858158202059	5.33144929580293
7815	6.76808851786802	3.81058734973695
7816	4.77210484422042	4.88357212771646
7817	7.49602192084265	4.01648850692669
7818	5.03162066214857	2.93504494889123
7819	1.68542638489522	5.34749047035507
7820	5.25455808507939	3.78060756808375
7821	2.45984371888309	3.16057285689266
7822	8.10240287198131	6.00944690765765
7823	9.99457053677909	4.27649121980237
7824	5.90181810027828	6.35083827171082
7825	4.53342840149862	5.79228830967479
7826	-0.00841014455275049	5.32352292044041
7827	6.83559412691964	6.79307432653878
7828	-2.87807712491032	5.33821408913254
7829	-0.766931271538603	3.4169074184926
7830	1.13053242829008	5.5039626141065
7831	6.65043333581921	4.94515422142518
7832	9.44511717584912	4.48193907639552
7833	5.38820949799105	4.89996576811442
7834	7.81299269178465	6.11166202405698
7835	-1.29491353050677	3.58375425856221
7836	8.67049521087237	4.21028096314369
7837	2.31378192939679	3.71439073770029
7838	9.88122450101968	6.42027564981795
7839	9.40661557055468	3.99246763282203
7840	2.15311722002144	5.22432235210542
7841	1.41268317376875	3.60909431977419
7842	9.39955268545147	4.29468131753522
7843	5.13947219406398	3.75897164242866
7844	9.08499027724131	4.66539266818919
7845	5.36810319444381	4.75732438602536
7846	1.96156831766021	3.73364559800254
7847	8.39846714223112	6.75388010318709
7848	5.18780636190517	4.96427669016017
7849	6.50776261402182	3.95854909211345
7850	10.4478676194402	4.11461118911047
7851	4.4694732489229	4.9627407693391
7852	-0.871306030983109	3.45034721743598
7853	2.30034665122364	5.11856761401465
7854	2.34588715545427	5.88069782467549
7855	12.3909498764063	6.56720004814363
7856	13.9387180330806	6.45370005958075
7857	0.23706642464464	5.59889301163578
7858	4.02049231090547	4.80103086510213
7859	10.7951485216016	4.23575759002243
7860	0.233671824257256	5.24184482708706
7861	4.94907873701757	3.24664005213492
7862	1.83688095080756	5.68826827115685
7863	4.02100722935262	5.0358938836399
7864	0.533242306116686	5.53532440825119
7865	8.37055999542821	4.27965841579634
7866	4.19978810011259	5.82857681081391
7867	0.11697167428337	4.95909126977961
7868	7.66056494244898	3.82450816252423
7869	10.1163885197263	6.5137055288018
7870	4.45354499695112	3.39470790494944
7871	1.2721136596478	5.50899377732137
7872	-0.433043155965496	3.5361771380253
7873	1.40126937391547	5.47898738222661
7874	-1.42564467382355	5.52988242074458
7875	1.09277664001855	4.96774164531734
7876	0.58298273947091	3.32816632558542
7877	-0.599831042607216	3.43800647802395
7878	0.158479537609441	5.30824304031606
7879	4.22277918280051	3.78109852737485
7880	0.391714334442204	3.05840565955955
7881	0.33177022213654	5.13212125200596
7882	7.5173302663086	4.03661155972998
7883	2.69585614553595	5.26879665435326
7884	-2.37380881558173	5.56309121490517
7885	6.47047610945289	3.86087407774101
7886	7.73251541197951	6.0467068127241
7887	9.98290102516725	4.04210558991287
7888	9.31726091151868	6.36606975082432
7889	5.30332070511052	5.87797245991387
7890	10.0747615832888	6.28085753178431
7891	3.82923596449484	5.90107334027253
7892	11.5969566128186	6.61350618154433
7893	12.2741860713448	4.31349579886494
7894	1.49729153160628	3.39097065382942
7895	7.15395395372344	3.77481389043268
7896	4.05029911945523	3.70229061809595
7897	-0.109726383816623	5.05084187098727
7898	-0.553939803402985	5.22901557849863
7899	-0.226251676677918	3.64882153074283
7900	8.81242485221115	4.46077657918081
7901	8.55632071564338	4.26446523613421
7902	0.175002105410684	5.45330525599297
7903	1.30168454422251	5.78030445347537
7904	3.50342881885624	2.93197763293867
7905	8.68840932869351	4.34817213921424
7906	10.0117443452968	6.00524547317227
7907	11.2590644663253	6.33578785414644
7908	5.52246623443888	4.96077566167683
7909	1.11859344544774	3.20248714269703
7910	12.9970950903469	4.48511242016701
7911	1.0340007896917	2.99708547751334
7912	5.8384678084801	3.96060415175773
7913	2.91957960781285	5.43938881650897
7914	0.0349888098504865	5.14468199776529
7915	8.9947178895006	6.26150981130845
7916	6.34460717134618	6.79430744751479
7917	6.99388021776221	4.02458074468164
7918	9.43567368757619	6.43904066894064
7919	2.98403160328304	5.0862874821775
7920	9.61489063798503	4.32211940398488
7921	2.1282747074767	2.93531098416381
7922	7.42181550735181	4.89187420599995
7923	3.63732299504189	4.93620654112918
7924	8.14695862208917	6.16203152811698
7925	5.21783591565566	3.86980912007178
7926	3.79803920581527	5.05627876365063
7927	5.52105325366223	4.8304613372802
7928	6.72285671406426	6.02757327395042
7929	4.20797677855704	5.94433017143402
7930	8.91230044113409	4.49713370739948
7931	9.03218425560953	4.57929953055591
7932	8.49667672673218	6.54202436493461
7933	9.32091834610859	6.70574175124184
7934	6.9123546798909	4.3114959104061
7935	1.07035984447719	3.18458424357301
7936	6.54460496586534	4.48774831580923
7937	7.73540897138004	4.6343852713408
7938	5.47983669390778	4.77188040091899
7939	1.46692306421476	2.96189841538908
7940	5.3440734357843	4.84437115805792
7941	5.23292947675027	4.1538156976196
7942	12.0460714848872	4.47415062624262
7943	1.62997162363475	5.90407272681777
7944	2.88644765006361	5.82798876767824
7945	4.668533833276	3.97039352586193
7946	0.803780709811993	5.06150153978908
7947	12.6076383930942	6.15539025122949
7948	5.9359075149856	3.90183468324662
7949	7.42547261116105	6.43193032039224
7950	-2.9985591613619	3.43719633093434
7951	10.8055576418856	4.42248598273544
7952	8.12978496903149	4.64913587160891
7953	-0.0621291524143852	5.54958668477683
7954	0.475089487267889	5.05929118656865
7955	2.05153761369778	4.87276220785633
7956	6.02462503540665	6.13276055207225
7957	8.74066847700793	4.75767520040757
7958	8.39276821289705	6.5490764789657
7959	-0.0540511022314258	5.75075054472028
7960	10.2448781354606	6.0072508117364
7961	3.19817493684269	5.7230151773801
7962	-0.475229338323001	3.31674908021441
7963	4.11027026380791	5.08648077594037
7964	5.69035499382832	3.77059432564926
7965	-1.18604411447534	3.37382045307695
7966	5.09384561388329	5.21702915835377
7967	8.82429058176307	6.59428887895772
7968	-2.44773827934238	5.52313024518442
7969	6.91695793778167	3.99240848949483
7970	0.767720897728969	5.51474072653895
7971	14.6158719177026	4.36031238323363
7972	1.15683106764185	3.53154756228907
7973	1.38770604247118	3.47036769038992
7974	0.0230024708188306	5.30284252666946
7975	-0.621341522821964	5.34568191299695
7976	-0.0667370358522751	3.31536390616614
7977	11.5106223174834	4.30550188424076
7978	10.3809630483758	3.92399136522289
7979	11.8207729573972	4.45931715077568
7980	2.4545735165825	3.28525644223321
7981	-0.553269126895843	5.68776840185699
7982	9.63762828435777	6.09178074405654
7983	0.453897148631049	3.35082677740011
7984	2.26581546078627	4.86133413571391
7985	1.12986398833778	3.38786247539805
7986	7.45632988097753	6.09992835862663
7987	8.15088203201351	3.85686863499044
7988	5.63187883421854	3.9893609672378
7989	0.0479606144664847	3.12501100524725
7990	5.85334177583055	4.68664292981627
7991	7.47175317907716	4.03965066402078
7992	0.94456294939532	5.31251871538846
7993	8.52163708262522	6.44815276395919
7994	2.08564079178643	3.18976149384458
7995	0.0115136148397563	5.72915788392326
7996	7.32992453795833	4.51739478730925
7997	12.8789455866351	6.41074613934108
7998	-1.0826905038033	3.53197149272082
7999	1.73616109502928	5.5922219918796
8000	2.98812319560942	3.75929268089455
8001	2.13777704125361	5.80818613562042
8002	0.370577449836003	5.38747768504324
8003	7.16402454575909	4.59539032078573
8004	3.27689919299469	3.2720668834818
8005	7.78067610730869	6.06004925061231
8006	-1.62928343012448	3.31080956125799
8007	1.91628439509508	3.12816459589952
8008	11.1582838640615	4.24835770392236
8009	11.150414870694	4.37338318072261
8010	8.66180901230595	6.61208373025971
8011	9.90929073231001	6.04311028759565
8012	9.15011536979567	6.15919431906879
8013	7.66580506057516	4.14487247733275
8014	-4.34858158202059	5.34020478974789
8015	6.76808851786802	3.81806671471603
8016	4.77210484422042	4.8919518156727
8017	7.49602192084265	4.0241406400071
8018	5.03162066214857	2.94178966137837
8019	1.68542638489522	5.35625942417227
8020	5.25455808507939	3.78806177754634
8021	2.45984371888309	3.16750680594842
8022	8.10240287198131	6.01877129767731
8023	9.99457053677909	4.28436151666415
8024	5.90181810027828	6.360449117322
8025	4.53342840149862	5.80143048566919
8026	-0.00841014455275049	5.33227176350084
8027	6.83559412691964	6.80305624477807
8028	-2.87807712491032	5.34697525929863
8029	-0.766931271538603	3.42405645344742
8030	1.13053242829008	5.51286286099439
8031	6.65043333581921	4.9535855818516
8032	9.44511717584912	4.48998176100193
8033	5.38820949799105	4.9083592116909
8034	7.81299269178465	6.12107218101369
8035	-1.29491353050677	3.59104329181604
8036	8.67049521087237	4.21809570412377
8037	2.31378192939679	3.72178938576528
8038	9.88122450101968	6.42994475913265
8039	9.40661557055468	4.00009961040225
8040	2.15311722002144	5.23298795768397
8041	1.41268317376875	3.6164046154353
8042	9.39955268545147	4.30256687739354
8043	5.13947219406398	3.76640769756008
8044	9.08499027724131	4.67358928553288
8045	5.36810319444381	4.76559814168415
8046	1.96156831766021	3.74106040248793
8047	8.39846714223112	6.76382913423116
8048	5.18780636190517	4.97272409591951
8049	6.50776261402182	3.96615260923255
8050	10.4478676194402	4.12234565523713
8051	4.4694732489229	4.97118688633383
8052	-0.871306030983109	3.45752431114798
8053	2.30034665122364	5.12714448262077
8054	2.34588715545427	5.88991418356547
8055	12.3909498764063	6.57699243918089
8056	13.9387180330806	6.46339721473983
8057	0.23706642464464	5.60787291297905
8058	4.02049231090547	4.8093412941119
8059	10.7951485216016	4.24359370799968
8060	0.233671824257256	5.25052513547143
8061	4.94907873701757	3.25364621868626
8062	1.83688095080756	5.69732316573525
8063	4.02100722935262	5.04440138214815
8064	0.533242306116686	5.54425097027836
8065	8.37055999542821	4.28753137019752
8066	4.19978810011259	5.83774943586224
8067	0.11697167428337	4.96753432454235
8068	7.66056494244898	3.83199920821665
8069	10.1163885197263	6.52345303351271
8070	4.45354499695112	3.40183831267623
8071	1.2721136596478	5.51789824577133
8072	-0.433043155965496	3.5434262501398
8073	1.40126937391547	5.48786667282921
8074	-1.42564467382355	5.53880441649411
8075	1.09277664001855	4.97619195846065
8076	0.58298273947091	3.33524089942336
8077	-0.599831042607216	3.44517321683485
8078	0.158479537609441	5.31697906229323
8079	4.22277918280051	3.7885531487929
8080	0.391714334442204	3.06525388188632
8081	0.33177022213654	5.1407094932354
8082	7.5173302663086	4.0442805777161
8083	2.69585614553595	5.27749957754993
8084	-2.37380881558173	5.57204107557976
8085	6.47047610945289	3.86839563744419
8086	7.73251541197951	6.05606246688594
8087	9.98290102516725	4.04977921784474
8088	9.31726091151868	6.3756933769063
8089	5.30332070511052	5.8871865319974
8090	10.0747615832888	6.29040965776646
8091	3.82923596449484	5.9103067959054
8092	11.5969566128186	6.62333742725758
8093	12.2741860713448	4.32139714562927
8094	1.49729153160628	3.39809792569341
8095	7.15395395372344	3.78226323852052
8096	4.05029911945523	3.70967911315977
8097	-0.109726383816623	5.05936191209328
8098	-0.553939803402985	5.2376851220823
8099	-0.226251676677918	3.65616516081984
8100	8.81242485221115	4.46880150670168
8101	8.55632071564338	4.272325442201
8102	0.175002105410684	5.46216299716744
8103	1.30168454422251	5.7894365740232
8104	3.50342881885624	2.93871977169403
8105	8.68840932869351	4.35610258229626
8106	10.0117443452968	6.01456633784089
8107	11.2590644663253	6.34538607121244
8108	5.52246623443888	4.9692201297837
8109	1.11859344544774	3.20945626130538
8110	12.9970950903469	4.49315776747131
8111	1.0340007896917	3.00388224713548
8112	5.8384678084801	3.96820939324185
8113	2.91957960781285	5.44823488063967
8114	0.0349888098504865	5.15328077849935
8115	8.9947178895006	6.27104570295283
8116	6.34460717134618	6.80429040044458
8117	6.99388021776221	4.03223966781884
8118	9.43567368757619	6.44872552365847
8119	2.98403160328304	5.09483726508307
8120	9.61489063798503	4.33002798666718
8121	2.1282747074767	2.94205591987654
8122	7.42181550735181	4.90026086008655
8123	3.63732299504189	4.94463039371176
8124	8.14695862208917	6.17148394925375
8125	5.21783591565566	3.87733817701451
8126	3.79803920581527	5.06480336675929
8127	5.52105325366223	4.83879646089038
8128	6.72285671406426	6.03691287349067
8129	4.20797677855704	5.95359992312608
8130	8.91230044113409	4.50518914155808
8131	9.03218425560953	4.58742390863621
8132	8.49667672673218	6.55179563149134
8133	9.32091834610859	6.71565039022702
8134	6.9123546798909	4.3193955790986
8135	1.07035984447719	3.19153834016822
8136	6.54460496586534	4.49579587484801
8137	7.73540897138004	4.64255587091386
8138	5.47983669390778	4.78016637027823
8139	1.46692306421476	2.96866566015571
8140	5.3440734357843	4.85271795315824
8141	5.23292947675027	4.16158305957156
8142	12.0460714848872	4.48218677569516
8143	1.62997162363475	5.91330869918402
8144	2.88644765006361	5.83716089930974
8145	4.668533833276	3.97800698144062
8146	0.803780709811993	5.0700305252389
8147	12.6076383930942	6.16483709978564
8148	5.9359075149856	3.90939061228573
8149	7.42547261116105	6.44160920893953
8150	-2.9985591613619	3.44436238996483
8151	10.8055576418856	4.43047878127881
8152	8.12978496903149	4.65731884815564
8153	-0.0621291524143852	5.55852521403366
8154	0.475089487267889	5.06781831734929
8155	2.05153761369778	4.8811328253957
8156	6.02462503540665	6.14218841243906
8157	8.74066847700793	4.76594925042864
8158	8.39276821289705	6.55885366282939
8159	-0.0540511022314258	5.75985786709422
8160	10.2448781354606	6.01657335904994
8161	3.19817493684269	5.73209922748679
8162	-0.475229338323001	3.32381407403914
8163	4.11027026380791	5.09503072103539
8164	5.69035499382832	3.77804013317324
8165	-1.18604411447534	3.38093333450398
8166	5.09384561388329	5.22568864433952
8167	8.82429058176307	6.6041039997646
8168	-2.44773827934238	5.53204657530017
8169	6.91695793778167	4.00004041744891
8170	0.767720897728969	5.52365001715465
8171	14.6158719177026	4.36825301298452
8172	1.15683106764185	3.53879278980661
8173	1.38770604247118	3.47756158293465
8174	0.0230024708188306	5.311574017169
8175	-0.621341522821964	5.35444934928494
8176	-0.0667370358522751	3.32242773771527
8177	11.5106223174834	4.31339652344953
8178	10.3809630483758	3.93156588555081
8179	11.8207729573972	4.4673408537154
8180	2.4545735165825	3.29229501112987
8181	-0.553269126895843	5.6968228770037
8182	9.63762828435777	6.10117421897492
8183	0.453897148631049	3.3579203652314
8184	2.26581546078627	4.86969516415552
8185	1.12986398833778	3.39498713924325
8186	7.45632988097753	6.10932867006754
8187	8.15088203201351	3.86438683379585
8188	5.63187883421854	3.99699033806864
8189	0.0479606144664847	3.1319151149681
8190	5.85334177583055	4.69485737788711
8191	7.47175317907716	4.04732223206677
8192	0.94456294939532	5.32125832501067
8193	8.52163708262522	6.45784526447841
8194	2.08564079178643	3.19671993458099
8195	0.0115136148397563	5.73824708826882
8196	7.32992453795833	4.52546722218972
8197	12.8789455866351	6.42040725260828
8198	-1.0826905038033	3.53921707595106
8199	1.73616109502928	5.60119629568553
8200	2.98812319560942	3.7667290054038
