colour	x	key	showSelected2	showSelected3	group
#00BFC4	-2.92153454711661	1	0	prediction	1
#00BFC4	-2.92153454711661	1	1	prediction	2
#00BFC4	-2.92153454711661	1	2	prediction	3
#00BFC4	-2.92153454711661	1	3	prediction	4
#00BFC4	-2.92153454711661	1	4	prediction	5
#00BFC4	-2.92153454711661	1	5	prediction	6
#00BFC4	-2.92153454711661	1	6	prediction	7
#00BFC4	-2.92153454711661	1	7	prediction	8
#00BFC4	-2.92153454711661	1	8	prediction	9
#00BFC4	-2.92153454711661	1	9	prediction	10
#00BFC4	-2.92153454711661	1	10	prediction	11
#00BFC4	-2.92153454711661	1	11	prediction	12
#00BFC4	-2.92153454711661	1	12	prediction	13
#00BFC4	-2.92153454711661	1	13	prediction	14
#00BFC4	-2.92153454711661	1	14	prediction	15
#00BFC4	-2.92153454711661	1	15	prediction	16
#00BFC4	-2.92153454711661	1	16	prediction	17
#00BFC4	-2.92153454711661	1	17	prediction	18
#00BFC4	-2.92153454711661	1	18	prediction	19
#00BFC4	-2.92153454711661	1	19	prediction	20
#00BFC4	-2.92153454711661	1	20	prediction	21
#00BFC4	-2.92153454711661	1	21	prediction	22
#00BFC4	-2.92153454711661	1	22	prediction	23
#00BFC4	-2.92153454711661	1	23	prediction	24
#00BFC4	-2.92153454711661	1	24	prediction	25
#00BFC4	-2.92153454711661	1	25	prediction	26
#00BFC4	-2.92153454711661	1	26	prediction	27
#00BFC4	-2.92153454711661	1	27	prediction	28
#00BFC4	-2.92153454711661	1	28	prediction	29
#00BFC4	-2.92153454711661	1	29	prediction	30
#00BFC4	-2.92153454711661	1	30	prediction	31
#00BFC4	-2.92153454711661	1	31	prediction	32
#00BFC4	-2.92153454711661	1	32	prediction	33
#00BFC4	-2.92153454711661	1	33	prediction	34
#00BFC4	-2.92153454711661	1	34	prediction	35
#00BFC4	-2.92153454711661	1	35	prediction	36
#00BFC4	-2.92153454711661	1	36	prediction	37
#00BFC4	-2.92153454711661	1	37	prediction	38
#00BFC4	-2.92153454711661	1	38	prediction	39
#00BFC4	-2.92153454711661	1	39	prediction	40
#00BFC4	-2.92153454711661	1	40	prediction	41
#00BFC4	-2.91965800104663	1	0	prediction	42
#00BFC4	-2.91965800104663	1	1	prediction	43
#00BFC4	-2.91965800104663	1	2	prediction	44
#00BFC4	-2.91965800104663	1	3	prediction	45
#00BFC4	-2.91965800104663	1	4	prediction	46
#00BFC4	-2.91965800104663	1	5	prediction	47
#00BFC4	-2.91965800104663	1	6	prediction	48
#00BFC4	-2.91965800104663	1	7	prediction	49
#00BFC4	-2.91965800104663	1	8	prediction	50
#00BFC4	-2.91965800104663	1	9	prediction	51
#00BFC4	-2.91965800104663	1	10	prediction	52
#00BFC4	-2.91965800104663	1	11	prediction	53
#00BFC4	-2.91965800104663	1	12	prediction	54
#00BFC4	-2.91965800104663	1	13	prediction	55
#00BFC4	-2.91965800104663	1	14	prediction	56
#00BFC4	-2.91965800104663	1	15	prediction	57
#00BFC4	-2.91965800104663	1	16	prediction	58
#00BFC4	-2.91965800104663	1	17	prediction	59
#00BFC4	-2.91965800104663	1	18	prediction	60
#00BFC4	-2.91965800104663	1	19	prediction	61
#00BFC4	-2.91965800104663	1	20	prediction	62
#00BFC4	-2.91965800104663	1	21	prediction	63
#00BFC4	-2.91965800104663	1	22	prediction	64
#00BFC4	-2.91965800104663	1	23	prediction	65
#00BFC4	-2.91965800104663	1	24	prediction	66
#00BFC4	-2.91965800104663	1	25	prediction	67
#00BFC4	-2.91965800104663	1	26	prediction	68
#00BFC4	-2.91965800104663	1	27	prediction	69
#00BFC4	-2.91965800104663	1	28	prediction	70
#00BFC4	-2.91965800104663	1	29	prediction	71
#00BFC4	-2.91965800104663	1	30	prediction	72
#00BFC4	-2.91965800104663	1	31	prediction	73
#00BFC4	-2.91965800104663	1	32	prediction	74
#00BFC4	-2.91965800104663	1	33	prediction	75
#00BFC4	-2.91965800104663	1	34	prediction	76
#00BFC4	-2.91965800104663	1	35	prediction	77
#00BFC4	-2.91965800104663	1	36	prediction	78
#00BFC4	-2.91965800104663	1	37	prediction	79
#00BFC4	-2.91965800104663	1	38	prediction	80
#00BFC4	-2.91965800104663	1	39	prediction	81
#00BFC4	-2.91965800104663	1	40	prediction	82
#00BFC4	-2.86001278599724	1	0	prediction	83
#00BFC4	-2.86001278599724	1	1	prediction	84
#00BFC4	-2.86001278599724	1	2	prediction	85
#00BFC4	-2.86001278599724	1	3	prediction	86
#00BFC4	-2.86001278599724	1	4	prediction	87
#00BFC4	-2.86001278599724	1	5	prediction	88
#00BFC4	-2.86001278599724	1	6	prediction	89
#00BFC4	-2.86001278599724	1	7	prediction	90
#00BFC4	-2.86001278599724	1	8	prediction	91
#00BFC4	-2.86001278599724	1	9	prediction	92
#00BFC4	-2.86001278599724	1	10	prediction	93
#00BFC4	-2.86001278599724	1	11	prediction	94
#00BFC4	-2.86001278599724	1	12	prediction	95
#00BFC4	-2.86001278599724	1	13	prediction	96
#00BFC4	-2.86001278599724	1	14	prediction	97
#00BFC4	-2.86001278599724	1	15	prediction	98
#00BFC4	-2.86001278599724	1	16	prediction	99
#00BFC4	-2.86001278599724	1	17	prediction	100
#00BFC4	-2.86001278599724	1	18	prediction	101
#00BFC4	-2.86001278599724	1	19	prediction	102
#00BFC4	-2.86001278599724	1	20	prediction	103
#00BFC4	-2.86001278599724	1	21	prediction	104
#00BFC4	-2.86001278599724	1	22	prediction	105
#00BFC4	-2.86001278599724	1	23	prediction	106
#00BFC4	-2.86001278599724	1	24	prediction	107
#00BFC4	-2.86001278599724	1	25	prediction	108
#00BFC4	-2.86001278599724	1	26	prediction	109
#00BFC4	-2.86001278599724	1	27	prediction	110
#00BFC4	-2.86001278599724	1	28	prediction	111
#00BFC4	-2.86001278599724	1	29	prediction	112
#00BFC4	-2.86001278599724	1	30	prediction	113
#00BFC4	-2.86001278599724	1	31	prediction	114
#00BFC4	-2.86001278599724	1	32	prediction	115
#00BFC4	-2.86001278599724	1	33	prediction	116
#00BFC4	-2.86001278599724	1	34	prediction	117
#00BFC4	-2.86001278599724	1	35	prediction	118
#00BFC4	-2.86001278599724	1	36	prediction	119
#00BFC4	-2.86001278599724	1	37	prediction	120
#00BFC4	-2.86001278599724	1	38	prediction	121
#00BFC4	-2.86001278599724	1	39	prediction	122
#00BFC4	-2.86001278599724	1	40	prediction	123
#00BFC4	-2.78675652248785	1	0	prediction	124
#00BFC4	-2.78675652248785	1	1	prediction	125
#00BFC4	-2.78675652248785	1	2	prediction	126
#00BFC4	-2.78675652248785	1	3	prediction	127
#00BFC4	-2.78675652248785	1	4	prediction	128
#00BFC4	-2.78675652248785	1	5	prediction	129
#00BFC4	-2.78675652248785	1	6	prediction	130
#00BFC4	-2.78675652248785	1	7	prediction	131
#00BFC4	-2.78675652248785	1	8	prediction	132
#00BFC4	-2.78675652248785	1	9	prediction	133
#00BFC4	-2.78675652248785	1	10	prediction	134
#00BFC4	-2.78675652248785	1	11	prediction	135
#00BFC4	-2.78675652248785	1	12	prediction	136
#00BFC4	-2.78675652248785	1	13	prediction	137
#00BFC4	-2.78675652248785	1	14	prediction	138
#00BFC4	-2.78675652248785	1	15	prediction	139
#00BFC4	-2.78675652248785	1	16	prediction	140
#00BFC4	-2.78675652248785	1	17	prediction	141
#00BFC4	-2.78675652248785	1	18	prediction	142
#00BFC4	-2.78675652248785	1	19	prediction	143
#00BFC4	-2.78675652248785	1	20	prediction	144
#00BFC4	-2.78675652248785	1	21	prediction	145
#00BFC4	-2.78675652248785	1	22	prediction	146
#00BFC4	-2.78675652248785	1	23	prediction	147
#00BFC4	-2.78675652248785	1	24	prediction	148
#00BFC4	-2.78675652248785	1	25	prediction	149
#00BFC4	-2.78675652248785	1	26	prediction	150
#00BFC4	-2.78675652248785	1	27	prediction	151
#00BFC4	-2.78675652248785	1	28	prediction	152
#00BFC4	-2.78675652248785	1	29	prediction	153
#00BFC4	-2.78675652248785	1	30	prediction	154
#00BFC4	-2.78675652248785	1	31	prediction	155
#00BFC4	-2.78675652248785	1	32	prediction	156
#00BFC4	-2.78675652248785	1	33	prediction	157
#00BFC4	-2.78675652248785	1	34	prediction	158
#00BFC4	-2.78675652248785	1	35	prediction	159
#00BFC4	-2.78675652248785	1	36	prediction	160
#00BFC4	-2.78675652248785	1	37	prediction	161
#00BFC4	-2.78675652248785	1	38	prediction	162
#00BFC4	-2.78675652248785	1	39	prediction	163
#00BFC4	-2.78675652248785	1	40	prediction	164
#00BFC4	-2.64639373635873	1	0	prediction	165
#00BFC4	-2.64639373635873	1	1	prediction	166
#00BFC4	-2.64639373635873	1	2	prediction	167
#00BFC4	-2.64639373635873	1	3	prediction	168
#00BFC4	-2.64639373635873	1	4	prediction	169
#00BFC4	-2.64639373635873	1	5	prediction	170
#00BFC4	-2.64639373635873	1	6	prediction	171
#00BFC4	-2.64639373635873	1	7	prediction	172
#00BFC4	-2.64639373635873	1	8	prediction	173
#00BFC4	-2.64639373635873	1	9	prediction	174
#00BFC4	-2.64639373635873	1	10	prediction	175
#00BFC4	-2.64639373635873	1	11	prediction	176
#00BFC4	-2.64639373635873	1	12	prediction	177
#00BFC4	-2.64639373635873	1	13	prediction	178
#00BFC4	-2.64639373635873	1	14	prediction	179
#00BFC4	-2.64639373635873	1	15	prediction	180
#00BFC4	-2.64639373635873	1	16	prediction	181
#00BFC4	-2.64639373635873	1	17	prediction	182
#00BFC4	-2.64639373635873	1	18	prediction	183
#00BFC4	-2.64639373635873	1	19	prediction	184
#00BFC4	-2.64639373635873	1	20	prediction	185
#00BFC4	-2.64639373635873	1	21	prediction	186
#00BFC4	-2.64639373635873	1	22	prediction	187
#00BFC4	-2.64639373635873	1	23	prediction	188
#00BFC4	-2.64639373635873	1	24	prediction	189
#00BFC4	-2.64639373635873	1	25	prediction	190
#00BFC4	-2.64639373635873	1	26	prediction	191
#00BFC4	-2.64639373635873	1	27	prediction	192
#00BFC4	-2.64639373635873	1	28	prediction	193
#00BFC4	-2.64639373635873	1	29	prediction	194
#00BFC4	-2.64639373635873	1	30	prediction	195
#00BFC4	-2.64639373635873	1	31	prediction	196
#00BFC4	-2.64639373635873	1	32	prediction	197
#00BFC4	-2.64639373635873	1	33	prediction	198
#00BFC4	-2.64639373635873	1	34	prediction	199
#00BFC4	-2.64639373635873	1	35	prediction	200
#00BFC4	-2.64639373635873	1	36	prediction	201
#00BFC4	-2.64639373635873	1	37	prediction	202
#00BFC4	-2.64639373635873	1	38	prediction	203
#00BFC4	-2.64639373635873	1	39	prediction	204
#00BFC4	-2.64639373635873	1	40	prediction	205
#00BFC4	-2.62928237719461	1	0	prediction	206
#00BFC4	-2.62928237719461	1	1	prediction	207
#00BFC4	-2.62928237719461	1	2	prediction	208
#00BFC4	-2.62928237719461	1	3	prediction	209
#00BFC4	-2.62928237719461	1	4	prediction	210
#00BFC4	-2.62928237719461	1	5	prediction	211
#00BFC4	-2.62928237719461	1	6	prediction	212
#00BFC4	-2.62928237719461	1	7	prediction	213
#00BFC4	-2.62928237719461	1	8	prediction	214
#00BFC4	-2.62928237719461	1	9	prediction	215
#00BFC4	-2.62928237719461	1	10	prediction	216
#00BFC4	-2.62928237719461	1	11	prediction	217
#00BFC4	-2.62928237719461	1	12	prediction	218
#00BFC4	-2.62928237719461	1	13	prediction	219
#00BFC4	-2.62928237719461	1	14	prediction	220
#00BFC4	-2.62928237719461	1	15	prediction	221
#00BFC4	-2.62928237719461	1	16	prediction	222
#00BFC4	-2.62928237719461	1	17	prediction	223
#00BFC4	-2.62928237719461	1	18	prediction	224
#00BFC4	-2.62928237719461	1	19	prediction	225
#00BFC4	-2.62928237719461	1	20	prediction	226
#00BFC4	-2.62928237719461	1	21	prediction	227
#00BFC4	-2.62928237719461	1	22	prediction	228
#00BFC4	-2.62928237719461	1	23	prediction	229
#00BFC4	-2.62928237719461	1	24	prediction	230
#00BFC4	-2.62928237719461	1	25	prediction	231
#00BFC4	-2.62928237719461	1	26	prediction	232
#00BFC4	-2.62928237719461	1	27	prediction	233
#00BFC4	-2.62928237719461	1	28	prediction	234
#00BFC4	-2.62928237719461	1	29	prediction	235
#00BFC4	-2.62928237719461	1	30	prediction	236
#00BFC4	-2.62928237719461	1	31	prediction	237
#00BFC4	-2.62928237719461	1	32	prediction	238
#00BFC4	-2.62928237719461	1	33	prediction	239
#00BFC4	-2.62928237719461	1	34	prediction	240
#00BFC4	-2.62928237719461	1	35	prediction	241
#00BFC4	-2.62928237719461	1	36	prediction	242
#00BFC4	-2.62928237719461	1	37	prediction	243
#00BFC4	-2.62928237719461	1	38	prediction	244
#00BFC4	-2.62928237719461	1	39	prediction	245
#00BFC4	-2.62928237719461	1	40	prediction	246
#00BFC4	-2.61714911693707	1	0	prediction	247
#00BFC4	-2.61714911693707	1	1	prediction	248
#00BFC4	-2.61714911693707	1	2	prediction	249
#00BFC4	-2.61714911693707	1	3	prediction	250
#00BFC4	-2.61714911693707	1	4	prediction	251
#00BFC4	-2.61714911693707	1	5	prediction	252
#00BFC4	-2.61714911693707	1	6	prediction	253
#00BFC4	-2.61714911693707	1	7	prediction	254
#00BFC4	-2.61714911693707	1	8	prediction	255
#00BFC4	-2.61714911693707	1	9	prediction	256
#00BFC4	-2.61714911693707	1	10	prediction	257
#00BFC4	-2.61714911693707	1	11	prediction	258
#00BFC4	-2.61714911693707	1	12	prediction	259
#00BFC4	-2.61714911693707	1	13	prediction	260
#00BFC4	-2.61714911693707	1	14	prediction	261
#00BFC4	-2.61714911693707	1	15	prediction	262
#00BFC4	-2.61714911693707	1	16	prediction	263
#00BFC4	-2.61714911693707	1	17	prediction	264
#00BFC4	-2.61714911693707	1	18	prediction	265
#00BFC4	-2.61714911693707	1	19	prediction	266
#00BFC4	-2.61714911693707	1	20	prediction	267
#00BFC4	-2.61714911693707	1	21	prediction	268
#00BFC4	-2.61714911693707	1	22	prediction	269
#00BFC4	-2.61714911693707	1	23	prediction	270
#00BFC4	-2.61714911693707	1	24	prediction	271
#00BFC4	-2.61714911693707	1	25	prediction	272
#00BFC4	-2.61714911693707	1	26	prediction	273
#00BFC4	-2.61714911693707	1	27	prediction	274
#00BFC4	-2.61714911693707	1	28	prediction	275
#00BFC4	-2.61714911693707	1	29	prediction	276
#00BFC4	-2.61714911693707	1	30	prediction	277
#00BFC4	-2.61714911693707	1	31	prediction	278
#00BFC4	-2.61714911693707	1	32	prediction	279
#00BFC4	-2.61714911693707	1	33	prediction	280
#00BFC4	-2.61714911693707	1	34	prediction	281
#00BFC4	-2.61714911693707	1	35	prediction	282
#00BFC4	-2.61714911693707	1	36	prediction	283
#00BFC4	-2.61714911693707	1	37	prediction	284
#00BFC4	-2.61714911693707	1	38	prediction	285
#00BFC4	-2.61714911693707	1	39	prediction	286
#00BFC4	-2.61714911693707	1	40	prediction	287
#00BFC4	-2.5759257171303	1	0	prediction	288
#00BFC4	-2.5759257171303	1	1	prediction	289
#00BFC4	-2.5759257171303	1	2	prediction	290
#00BFC4	-2.5759257171303	1	3	prediction	291
#00BFC4	-2.5759257171303	1	4	prediction	292
#00BFC4	-2.5759257171303	1	5	prediction	293
#00BFC4	-2.5759257171303	1	6	prediction	294
#00BFC4	-2.5759257171303	1	7	prediction	295
#00BFC4	-2.5759257171303	1	8	prediction	296
#00BFC4	-2.5759257171303	1	9	prediction	297
#00BFC4	-2.5759257171303	1	10	prediction	298
#00BFC4	-2.5759257171303	1	11	prediction	299
#00BFC4	-2.5759257171303	1	12	prediction	300
#00BFC4	-2.5759257171303	1	13	prediction	301
#00BFC4	-2.5759257171303	1	14	prediction	302
#00BFC4	-2.5759257171303	1	15	prediction	303
#00BFC4	-2.5759257171303	1	16	prediction	304
#00BFC4	-2.5759257171303	1	17	prediction	305
#00BFC4	-2.5759257171303	1	18	prediction	306
#00BFC4	-2.5759257171303	1	19	prediction	307
#00BFC4	-2.5759257171303	1	20	prediction	308
#00BFC4	-2.5759257171303	1	21	prediction	309
#00BFC4	-2.5759257171303	1	22	prediction	310
#00BFC4	-2.5759257171303	1	23	prediction	311
#00BFC4	-2.5759257171303	1	24	prediction	312
#00BFC4	-2.5759257171303	1	25	prediction	313
#00BFC4	-2.5759257171303	1	26	prediction	314
#00BFC4	-2.5759257171303	1	27	prediction	315
#00BFC4	-2.5759257171303	1	28	prediction	316
#00BFC4	-2.5759257171303	1	29	prediction	317
#00BFC4	-2.5759257171303	1	30	prediction	318
#00BFC4	-2.5759257171303	1	31	prediction	319
#00BFC4	-2.5759257171303	1	32	prediction	320
#00BFC4	-2.5759257171303	1	33	prediction	321
#00BFC4	-2.5759257171303	1	34	prediction	322
#00BFC4	-2.5759257171303	1	35	prediction	323
#00BFC4	-2.5759257171303	1	36	prediction	324
#00BFC4	-2.5759257171303	1	37	prediction	325
#00BFC4	-2.5759257171303	1	38	prediction	326
#00BFC4	-2.5759257171303	1	39	prediction	327
#00BFC4	-2.5759257171303	1	40	prediction	328
#00BFC4	-2.54834552574903	1	0	prediction	329
#00BFC4	-2.54834552574903	1	1	prediction	330
#00BFC4	-2.54834552574903	1	2	prediction	331
#00BFC4	-2.54834552574903	1	3	prediction	332
#00BFC4	-2.54834552574903	1	4	prediction	333
#00BFC4	-2.54834552574903	1	5	prediction	334
#00BFC4	-2.54834552574903	1	6	prediction	335
#00BFC4	-2.54834552574903	1	7	prediction	336
#00BFC4	-2.54834552574903	1	8	prediction	337
#00BFC4	-2.54834552574903	1	9	prediction	338
#00BFC4	-2.54834552574903	1	10	prediction	339
#00BFC4	-2.54834552574903	1	11	prediction	340
#00BFC4	-2.54834552574903	1	12	prediction	341
#00BFC4	-2.54834552574903	1	13	prediction	342
#00BFC4	-2.54834552574903	1	14	prediction	343
#00BFC4	-2.54834552574903	1	15	prediction	344
#00BFC4	-2.54834552574903	1	16	prediction	345
#00BFC4	-2.54834552574903	1	17	prediction	346
#00BFC4	-2.54834552574903	1	18	prediction	347
#00BFC4	-2.54834552574903	1	19	prediction	348
#00BFC4	-2.54834552574903	1	20	prediction	349
#00BFC4	-2.54834552574903	1	21	prediction	350
#00BFC4	-2.54834552574903	1	22	prediction	351
#00BFC4	-2.54834552574903	1	23	prediction	352
#00BFC4	-2.54834552574903	1	24	prediction	353
#00BFC4	-2.54834552574903	1	25	prediction	354
#00BFC4	-2.54834552574903	1	26	prediction	355
#00BFC4	-2.54834552574903	1	27	prediction	356
#00BFC4	-2.54834552574903	1	28	prediction	357
#00BFC4	-2.54834552574903	1	29	prediction	358
#00BFC4	-2.54834552574903	1	30	prediction	359
#00BFC4	-2.54834552574903	1	31	prediction	360
#00BFC4	-2.54834552574903	1	32	prediction	361
#00BFC4	-2.54834552574903	1	33	prediction	362
#00BFC4	-2.54834552574903	1	34	prediction	363
#00BFC4	-2.54834552574903	1	35	prediction	364
#00BFC4	-2.54834552574903	1	36	prediction	365
#00BFC4	-2.54834552574903	1	37	prediction	366
#00BFC4	-2.54834552574903	1	38	prediction	367
#00BFC4	-2.54834552574903	1	39	prediction	368
#00BFC4	-2.54834552574903	1	40	prediction	369
#00BFC4	-2.53761371830478	1	0	prediction	370
#00BFC4	-2.53761371830478	1	1	prediction	371
#00BFC4	-2.53761371830478	1	2	prediction	372
#00BFC4	-2.53761371830478	1	3	prediction	373
#00BFC4	-2.53761371830478	1	4	prediction	374
#00BFC4	-2.53761371830478	1	5	prediction	375
#00BFC4	-2.53761371830478	1	6	prediction	376
#00BFC4	-2.53761371830478	1	7	prediction	377
#00BFC4	-2.53761371830478	1	8	prediction	378
#00BFC4	-2.53761371830478	1	9	prediction	379
#00BFC4	-2.53761371830478	1	10	prediction	380
#00BFC4	-2.53761371830478	1	11	prediction	381
#00BFC4	-2.53761371830478	1	12	prediction	382
#00BFC4	-2.53761371830478	1	13	prediction	383
#00BFC4	-2.53761371830478	1	14	prediction	384
#00BFC4	-2.53761371830478	1	15	prediction	385
#00BFC4	-2.53761371830478	1	16	prediction	386
#00BFC4	-2.53761371830478	1	17	prediction	387
#00BFC4	-2.53761371830478	1	18	prediction	388
#00BFC4	-2.53761371830478	1	19	prediction	389
#00BFC4	-2.53761371830478	1	20	prediction	390
#00BFC4	-2.53761371830478	1	21	prediction	391
#00BFC4	-2.53761371830478	1	22	prediction	392
#00BFC4	-2.53761371830478	1	23	prediction	393
#00BFC4	-2.53761371830478	1	24	prediction	394
#00BFC4	-2.53761371830478	1	25	prediction	395
#00BFC4	-2.53761371830478	1	26	prediction	396
#00BFC4	-2.53761371830478	1	27	prediction	397
#00BFC4	-2.53761371830478	1	28	prediction	398
#00BFC4	-2.53761371830478	1	29	prediction	399
#00BFC4	-2.53761371830478	1	30	prediction	400
#00BFC4	-2.53761371830478	1	31	prediction	401
#00BFC4	-2.53761371830478	1	32	prediction	402
#00BFC4	-2.53761371830478	1	33	prediction	403
#00BFC4	-2.53761371830478	1	34	prediction	404
#00BFC4	-2.53761371830478	1	35	prediction	405
#00BFC4	-2.53761371830478	1	36	prediction	406
#00BFC4	-2.53761371830478	1	37	prediction	407
#00BFC4	-2.53761371830478	1	38	prediction	408
#00BFC4	-2.53761371830478	1	39	prediction	409
#00BFC4	-2.53761371830478	1	40	prediction	410
#00BFC4	-2.49451851379126	1	0	prediction	411
#00BFC4	-2.49451851379126	1	1	prediction	412
#00BFC4	-2.49451851379126	1	2	prediction	413
#00BFC4	-2.49451851379126	1	3	prediction	414
#00BFC4	-2.49451851379126	1	4	prediction	415
#00BFC4	-2.49451851379126	1	5	prediction	416
#00BFC4	-2.49451851379126	1	6	prediction	417
#00BFC4	-2.49451851379126	1	7	prediction	418
#00BFC4	-2.49451851379126	1	8	prediction	419
#00BFC4	-2.49451851379126	1	9	prediction	420
#00BFC4	-2.49451851379126	1	10	prediction	421
#00BFC4	-2.49451851379126	1	11	prediction	422
#00BFC4	-2.49451851379126	1	12	prediction	423
#00BFC4	-2.49451851379126	1	13	prediction	424
#00BFC4	-2.49451851379126	1	14	prediction	425
#00BFC4	-2.49451851379126	1	15	prediction	426
#00BFC4	-2.49451851379126	1	16	prediction	427
#00BFC4	-2.49451851379126	1	17	prediction	428
#00BFC4	-2.49451851379126	1	18	prediction	429
#00BFC4	-2.49451851379126	1	19	prediction	430
#00BFC4	-2.49451851379126	1	20	prediction	431
#00BFC4	-2.49451851379126	1	21	prediction	432
#00BFC4	-2.49451851379126	1	22	prediction	433
#00BFC4	-2.49451851379126	1	23	prediction	434
#00BFC4	-2.49451851379126	1	24	prediction	435
#00BFC4	-2.49451851379126	1	25	prediction	436
#00BFC4	-2.49451851379126	1	26	prediction	437
#00BFC4	-2.49451851379126	1	27	prediction	438
#00BFC4	-2.49451851379126	1	28	prediction	439
#00BFC4	-2.49451851379126	1	29	prediction	440
#00BFC4	-2.49451851379126	1	30	prediction	441
#00BFC4	-2.49451851379126	1	31	prediction	442
#00BFC4	-2.49451851379126	1	32	prediction	443
#00BFC4	-2.49451851379126	1	33	prediction	444
#00BFC4	-2.49451851379126	1	34	prediction	445
#00BFC4	-2.49451851379126	1	35	prediction	446
#00BFC4	-2.49451851379126	1	36	prediction	447
#00BFC4	-2.49451851379126	1	37	prediction	448
#00BFC4	-2.49451851379126	1	38	prediction	449
#00BFC4	-2.49451851379126	1	39	prediction	450
#00BFC4	-2.49451851379126	1	40	prediction	451
#00BFC4	-2.40320303896442	1	0	prediction	452
#00BFC4	-2.40320303896442	1	1	prediction	453
#00BFC4	-2.40320303896442	1	2	prediction	454
#00BFC4	-2.40320303896442	1	3	prediction	455
#00BFC4	-2.40320303896442	1	4	prediction	456
#00BFC4	-2.40320303896442	1	5	prediction	457
#00BFC4	-2.40320303896442	1	6	prediction	458
#00BFC4	-2.40320303896442	1	7	prediction	459
#00BFC4	-2.40320303896442	1	8	prediction	460
#00BFC4	-2.40320303896442	1	9	prediction	461
#00BFC4	-2.40320303896442	1	10	prediction	462
#00BFC4	-2.40320303896442	1	11	prediction	463
#00BFC4	-2.40320303896442	1	12	prediction	464
#00BFC4	-2.40320303896442	1	13	prediction	465
#00BFC4	-2.40320303896442	1	14	prediction	466
#00BFC4	-2.40320303896442	1	15	prediction	467
#00BFC4	-2.40320303896442	1	16	prediction	468
#00BFC4	-2.40320303896442	1	17	prediction	469
#00BFC4	-2.40320303896442	1	18	prediction	470
#00BFC4	-2.40320303896442	1	19	prediction	471
#00BFC4	-2.40320303896442	1	20	prediction	472
#00BFC4	-2.40320303896442	1	21	prediction	473
#00BFC4	-2.40320303896442	1	22	prediction	474
#00BFC4	-2.40320303896442	1	23	prediction	475
#00BFC4	-2.40320303896442	1	24	prediction	476
#00BFC4	-2.40320303896442	1	25	prediction	477
#00BFC4	-2.40320303896442	1	26	prediction	478
#00BFC4	-2.40320303896442	1	27	prediction	479
#00BFC4	-2.40320303896442	1	28	prediction	480
#00BFC4	-2.40320303896442	1	29	prediction	481
#00BFC4	-2.40320303896442	1	30	prediction	482
#00BFC4	-2.40320303896442	1	31	prediction	483
#00BFC4	-2.40320303896442	1	32	prediction	484
#00BFC4	-2.40320303896442	1	33	prediction	485
#00BFC4	-2.40320303896442	1	34	prediction	486
#00BFC4	-2.40320303896442	1	35	prediction	487
#00BFC4	-2.40320303896442	1	36	prediction	488
#00BFC4	-2.40320303896442	1	37	prediction	489
#00BFC4	-2.40320303896442	1	38	prediction	490
#00BFC4	-2.40320303896442	1	39	prediction	491
#00BFC4	-2.40320303896442	1	40	prediction	492
#00BFC4	-2.39476124290377	1	0	prediction	493
#00BFC4	-2.39476124290377	1	1	prediction	494
#00BFC4	-2.39476124290377	1	2	prediction	495
#00BFC4	-2.39476124290377	1	3	prediction	496
#00BFC4	-2.39476124290377	1	4	prediction	497
#00BFC4	-2.39476124290377	1	5	prediction	498
#00BFC4	-2.39476124290377	1	6	prediction	499
#00BFC4	-2.39476124290377	1	7	prediction	500
#00BFC4	-2.39476124290377	1	8	prediction	501
#00BFC4	-2.39476124290377	1	9	prediction	502
#00BFC4	-2.39476124290377	1	10	prediction	503
#00BFC4	-2.39476124290377	1	11	prediction	504
#00BFC4	-2.39476124290377	1	12	prediction	505
#00BFC4	-2.39476124290377	1	13	prediction	506
#00BFC4	-2.39476124290377	1	14	prediction	507
#00BFC4	-2.39476124290377	1	15	prediction	508
#00BFC4	-2.39476124290377	1	16	prediction	509
#00BFC4	-2.39476124290377	1	17	prediction	510
#00BFC4	-2.39476124290377	1	18	prediction	511
#00BFC4	-2.39476124290377	1	19	prediction	512
#00BFC4	-2.39476124290377	1	20	prediction	513
#00BFC4	-2.39476124290377	1	21	prediction	514
#00BFC4	-2.39476124290377	1	22	prediction	515
#00BFC4	-2.39476124290377	1	23	prediction	516
#00BFC4	-2.39476124290377	1	24	prediction	517
#00BFC4	-2.39476124290377	1	25	prediction	518
#00BFC4	-2.39476124290377	1	26	prediction	519
#00BFC4	-2.39476124290377	1	27	prediction	520
#00BFC4	-2.39476124290377	1	28	prediction	521
#00BFC4	-2.39476124290377	1	29	prediction	522
#00BFC4	-2.39476124290377	1	30	prediction	523
#00BFC4	-2.39476124290377	1	31	prediction	524
#00BFC4	-2.39476124290377	1	32	prediction	525
#00BFC4	-2.39476124290377	1	33	prediction	526
#00BFC4	-2.39476124290377	1	34	prediction	527
#00BFC4	-2.39476124290377	1	35	prediction	528
#00BFC4	-2.39476124290377	1	36	prediction	529
#00BFC4	-2.39476124290377	1	37	prediction	530
#00BFC4	-2.39476124290377	1	38	prediction	531
#00BFC4	-2.39476124290377	1	39	prediction	532
#00BFC4	-2.39476124290377	1	40	prediction	533
#00BFC4	-2.38089458551258	1	0	prediction	534
#00BFC4	-2.38089458551258	1	1	prediction	535
#00BFC4	-2.38089458551258	1	2	prediction	536
#00BFC4	-2.38089458551258	1	3	prediction	537
#00BFC4	-2.38089458551258	1	4	prediction	538
#00BFC4	-2.38089458551258	1	5	prediction	539
#00BFC4	-2.38089458551258	1	6	prediction	540
#00BFC4	-2.38089458551258	1	7	prediction	541
#00BFC4	-2.38089458551258	1	8	prediction	542
#00BFC4	-2.38089458551258	1	9	prediction	543
#00BFC4	-2.38089458551258	1	10	prediction	544
#00BFC4	-2.38089458551258	1	11	prediction	545
#00BFC4	-2.38089458551258	1	12	prediction	546
#00BFC4	-2.38089458551258	1	13	prediction	547
#00BFC4	-2.38089458551258	1	14	prediction	548
#00BFC4	-2.38089458551258	1	15	prediction	549
#00BFC4	-2.38089458551258	1	16	prediction	550
#00BFC4	-2.38089458551258	1	17	prediction	551
#00BFC4	-2.38089458551258	1	18	prediction	552
#00BFC4	-2.38089458551258	1	19	prediction	553
#00BFC4	-2.38089458551258	1	20	prediction	554
#00BFC4	-2.38089458551258	1	21	prediction	555
#00BFC4	-2.38089458551258	1	22	prediction	556
#00BFC4	-2.38089458551258	1	23	prediction	557
#00BFC4	-2.38089458551258	1	24	prediction	558
#00BFC4	-2.38089458551258	1	25	prediction	559
#00BFC4	-2.38089458551258	1	26	prediction	560
#00BFC4	-2.38089458551258	1	27	prediction	561
#00BFC4	-2.38089458551258	1	28	prediction	562
#00BFC4	-2.38089458551258	1	29	prediction	563
#00BFC4	-2.38089458551258	1	30	prediction	564
#00BFC4	-2.38089458551258	1	31	prediction	565
#00BFC4	-2.38089458551258	1	32	prediction	566
#00BFC4	-2.38089458551258	1	33	prediction	567
#00BFC4	-2.38089458551258	1	34	prediction	568
#00BFC4	-2.38089458551258	1	35	prediction	569
#00BFC4	-2.38089458551258	1	36	prediction	570
#00BFC4	-2.38089458551258	1	37	prediction	571
#00BFC4	-2.38089458551258	1	38	prediction	572
#00BFC4	-2.38089458551258	1	39	prediction	573
#00BFC4	-2.38089458551258	1	40	prediction	574
#00BFC4	-2.37007415760309	1	0	prediction	575
#00BFC4	-2.37007415760309	1	1	prediction	576
#00BFC4	-2.37007415760309	1	2	prediction	577
#00BFC4	-2.37007415760309	1	3	prediction	578
#00BFC4	-2.37007415760309	1	4	prediction	579
#00BFC4	-2.37007415760309	1	5	prediction	580
#00BFC4	-2.37007415760309	1	6	prediction	581
#00BFC4	-2.37007415760309	1	7	prediction	582
#00BFC4	-2.37007415760309	1	8	prediction	583
#00BFC4	-2.37007415760309	1	9	prediction	584
#00BFC4	-2.37007415760309	1	10	prediction	585
#00BFC4	-2.37007415760309	1	11	prediction	586
#00BFC4	-2.37007415760309	1	12	prediction	587
#00BFC4	-2.37007415760309	1	13	prediction	588
#00BFC4	-2.37007415760309	1	14	prediction	589
#00BFC4	-2.37007415760309	1	15	prediction	590
#00BFC4	-2.37007415760309	1	16	prediction	591
#00BFC4	-2.37007415760309	1	17	prediction	592
#00BFC4	-2.37007415760309	1	18	prediction	593
#00BFC4	-2.37007415760309	1	19	prediction	594
#00BFC4	-2.37007415760309	1	20	prediction	595
#00BFC4	-2.37007415760309	1	21	prediction	596
#00BFC4	-2.37007415760309	1	22	prediction	597
#00BFC4	-2.37007415760309	1	23	prediction	598
#00BFC4	-2.37007415760309	1	24	prediction	599
#00BFC4	-2.37007415760309	1	25	prediction	600
#00BFC4	-2.37007415760309	1	26	prediction	601
#00BFC4	-2.37007415760309	1	27	prediction	602
#00BFC4	-2.37007415760309	1	28	prediction	603
#00BFC4	-2.37007415760309	1	29	prediction	604
#00BFC4	-2.37007415760309	1	30	prediction	605
#00BFC4	-2.37007415760309	1	31	prediction	606
#00BFC4	-2.37007415760309	1	32	prediction	607
#00BFC4	-2.37007415760309	1	33	prediction	608
#00BFC4	-2.37007415760309	1	34	prediction	609
#00BFC4	-2.37007415760309	1	35	prediction	610
#00BFC4	-2.37007415760309	1	36	prediction	611
#00BFC4	-2.37007415760309	1	37	prediction	612
#00BFC4	-2.37007415760309	1	38	prediction	613
#00BFC4	-2.37007415760309	1	39	prediction	614
#00BFC4	-2.37007415760309	1	40	prediction	615
#00BFC4	-2.35233824467286	1	0	prediction	616
#00BFC4	-2.35233824467286	1	1	prediction	617
#00BFC4	-2.35233824467286	1	2	prediction	618
#00BFC4	-2.35233824467286	1	3	prediction	619
#00BFC4	-2.35233824467286	1	4	prediction	620
#00BFC4	-2.35233824467286	1	5	prediction	621
#00BFC4	-2.35233824467286	1	6	prediction	622
#00BFC4	-2.35233824467286	1	7	prediction	623
#00BFC4	-2.35233824467286	1	8	prediction	624
#00BFC4	-2.35233824467286	1	9	prediction	625
#00BFC4	-2.35233824467286	1	10	prediction	626
#00BFC4	-2.35233824467286	1	11	prediction	627
#00BFC4	-2.35233824467286	1	12	prediction	628
#00BFC4	-2.35233824467286	1	13	prediction	629
#00BFC4	-2.35233824467286	1	14	prediction	630
#00BFC4	-2.35233824467286	1	15	prediction	631
#00BFC4	-2.35233824467286	1	16	prediction	632
#00BFC4	-2.35233824467286	1	17	prediction	633
#00BFC4	-2.35233824467286	1	18	prediction	634
#00BFC4	-2.35233824467286	1	19	prediction	635
#00BFC4	-2.35233824467286	1	20	prediction	636
#00BFC4	-2.35233824467286	1	21	prediction	637
#00BFC4	-2.35233824467286	1	22	prediction	638
#00BFC4	-2.35233824467286	1	23	prediction	639
#00BFC4	-2.35233824467286	1	24	prediction	640
#00BFC4	-2.35233824467286	1	25	prediction	641
#00BFC4	-2.35233824467286	1	26	prediction	642
#00BFC4	-2.35233824467286	1	27	prediction	643
#00BFC4	-2.35233824467286	1	28	prediction	644
#00BFC4	-2.35233824467286	1	29	prediction	645
#00BFC4	-2.35233824467286	1	30	prediction	646
#00BFC4	-2.35233824467286	1	31	prediction	647
#00BFC4	-2.35233824467286	1	32	prediction	648
#00BFC4	-2.35233824467286	1	33	prediction	649
#00BFC4	-2.35233824467286	1	34	prediction	650
#00BFC4	-2.35233824467286	1	35	prediction	651
#00BFC4	-2.35233824467286	1	36	prediction	652
#00BFC4	-2.35233824467286	1	37	prediction	653
#00BFC4	-2.35233824467286	1	38	prediction	654
#00BFC4	-2.35233824467286	1	39	prediction	655
#00BFC4	-2.35233824467286	1	40	prediction	656
#00BFC4	-2.33783637033775	1	0	prediction	657
#00BFC4	-2.33783637033775	1	1	prediction	658
#00BFC4	-2.33783637033775	1	2	prediction	659
#00BFC4	-2.33783637033775	1	3	prediction	660
#00BFC4	-2.33783637033775	1	4	prediction	661
#00BFC4	-2.33783637033775	1	5	prediction	662
#00BFC4	-2.33783637033775	1	6	prediction	663
#00BFC4	-2.33783637033775	1	7	prediction	664
#00BFC4	-2.33783637033775	1	8	prediction	665
#00BFC4	-2.33783637033775	1	9	prediction	666
#00BFC4	-2.33783637033775	1	10	prediction	667
#00BFC4	-2.33783637033775	1	11	prediction	668
#00BFC4	-2.33783637033775	1	12	prediction	669
#00BFC4	-2.33783637033775	1	13	prediction	670
#00BFC4	-2.33783637033775	1	14	prediction	671
#00BFC4	-2.33783637033775	1	15	prediction	672
#00BFC4	-2.33783637033775	1	16	prediction	673
#00BFC4	-2.33783637033775	1	17	prediction	674
#00BFC4	-2.33783637033775	1	18	prediction	675
#00BFC4	-2.33783637033775	1	19	prediction	676
#00BFC4	-2.33783637033775	1	20	prediction	677
#00BFC4	-2.33783637033775	1	21	prediction	678
#00BFC4	-2.33783637033775	1	22	prediction	679
#00BFC4	-2.33783637033775	1	23	prediction	680
#00BFC4	-2.33783637033775	1	24	prediction	681
#00BFC4	-2.33783637033775	1	25	prediction	682
#00BFC4	-2.33783637033775	1	26	prediction	683
#00BFC4	-2.33783637033775	1	27	prediction	684
#00BFC4	-2.33783637033775	1	28	prediction	685
#00BFC4	-2.33783637033775	1	29	prediction	686
#00BFC4	-2.33783637033775	1	30	prediction	687
#00BFC4	-2.33783637033775	1	31	prediction	688
#00BFC4	-2.33783637033775	1	32	prediction	689
#00BFC4	-2.33783637033775	1	33	prediction	690
#00BFC4	-2.33783637033775	1	34	prediction	691
#00BFC4	-2.33783637033775	1	35	prediction	692
#00BFC4	-2.33783637033775	1	36	prediction	693
#00BFC4	-2.33783637033775	1	37	prediction	694
#00BFC4	-2.33783637033775	1	38	prediction	695
#00BFC4	-2.33783637033775	1	39	prediction	696
#00BFC4	-2.33783637033775	1	40	prediction	697
#00BFC4	-2.26984847383574	1	0	prediction	698
#00BFC4	-2.26984847383574	1	1	prediction	699
#00BFC4	-2.26984847383574	1	2	prediction	700
#00BFC4	-2.26984847383574	1	3	prediction	701
#00BFC4	-2.26984847383574	1	4	prediction	702
#00BFC4	-2.26984847383574	1	5	prediction	703
#00BFC4	-2.26984847383574	1	6	prediction	704
#00BFC4	-2.26984847383574	1	7	prediction	705
#00BFC4	-2.26984847383574	1	8	prediction	706
#00BFC4	-2.26984847383574	1	9	prediction	707
#00BFC4	-2.26984847383574	1	10	prediction	708
#00BFC4	-2.26984847383574	1	11	prediction	709
#00BFC4	-2.26984847383574	1	12	prediction	710
#00BFC4	-2.26984847383574	1	13	prediction	711
#00BFC4	-2.26984847383574	1	14	prediction	712
#00BFC4	-2.26984847383574	1	15	prediction	713
#00BFC4	-2.26984847383574	1	16	prediction	714
#00BFC4	-2.26984847383574	1	17	prediction	715
#00BFC4	-2.26984847383574	1	18	prediction	716
#00BFC4	-2.26984847383574	1	19	prediction	717
#00BFC4	-2.26984847383574	1	20	prediction	718
#00BFC4	-2.26984847383574	1	21	prediction	719
#00BFC4	-2.26984847383574	1	22	prediction	720
#00BFC4	-2.26984847383574	1	23	prediction	721
#00BFC4	-2.26984847383574	1	24	prediction	722
#00BFC4	-2.26984847383574	1	25	prediction	723
#00BFC4	-2.26984847383574	1	26	prediction	724
#00BFC4	-2.26984847383574	1	27	prediction	725
#00BFC4	-2.26984847383574	1	28	prediction	726
#00BFC4	-2.26984847383574	1	29	prediction	727
#00BFC4	-2.26984847383574	1	30	prediction	728
#00BFC4	-2.26984847383574	1	31	prediction	729
#00BFC4	-2.26984847383574	1	32	prediction	730
#00BFC4	-2.26984847383574	1	33	prediction	731
#00BFC4	-2.26984847383574	1	34	prediction	732
#00BFC4	-2.26984847383574	1	35	prediction	733
#00BFC4	-2.26984847383574	1	36	prediction	734
#00BFC4	-2.26984847383574	1	37	prediction	735
#00BFC4	-2.26984847383574	1	38	prediction	736
#00BFC4	-2.26984847383574	1	39	prediction	737
#00BFC4	-2.26984847383574	1	40	prediction	738
#00BFC4	-2.2466694242321	1	0	prediction	739
#00BFC4	-2.2466694242321	1	1	prediction	740
#00BFC4	-2.2466694242321	1	2	prediction	741
#00BFC4	-2.2466694242321	1	3	prediction	742
#00BFC4	-2.2466694242321	1	4	prediction	743
#00BFC4	-2.2466694242321	1	5	prediction	744
#00BFC4	-2.2466694242321	1	6	prediction	745
#00BFC4	-2.2466694242321	1	7	prediction	746
#00BFC4	-2.2466694242321	1	8	prediction	747
#00BFC4	-2.2466694242321	1	9	prediction	748
#00BFC4	-2.2466694242321	1	10	prediction	749
#00BFC4	-2.2466694242321	1	11	prediction	750
#00BFC4	-2.2466694242321	1	12	prediction	751
#00BFC4	-2.2466694242321	1	13	prediction	752
#00BFC4	-2.2466694242321	1	14	prediction	753
#00BFC4	-2.2466694242321	1	15	prediction	754
#00BFC4	-2.2466694242321	1	16	prediction	755
#00BFC4	-2.2466694242321	1	17	prediction	756
#00BFC4	-2.2466694242321	1	18	prediction	757
#00BFC4	-2.2466694242321	1	19	prediction	758
#00BFC4	-2.2466694242321	1	20	prediction	759
#00BFC4	-2.2466694242321	1	21	prediction	760
#00BFC4	-2.2466694242321	1	22	prediction	761
#00BFC4	-2.2466694242321	1	23	prediction	762
#00BFC4	-2.2466694242321	1	24	prediction	763
#00BFC4	-2.2466694242321	1	25	prediction	764
#00BFC4	-2.2466694242321	1	26	prediction	765
#00BFC4	-2.2466694242321	1	27	prediction	766
#00BFC4	-2.2466694242321	1	28	prediction	767
#00BFC4	-2.2466694242321	1	29	prediction	768
#00BFC4	-2.2466694242321	1	30	prediction	769
#00BFC4	-2.2466694242321	1	31	prediction	770
#00BFC4	-2.2466694242321	1	32	prediction	771
#00BFC4	-2.2466694242321	1	33	prediction	772
#00BFC4	-2.2466694242321	1	34	prediction	773
#00BFC4	-2.2466694242321	1	35	prediction	774
#00BFC4	-2.2466694242321	1	36	prediction	775
#00BFC4	-2.2466694242321	1	37	prediction	776
#00BFC4	-2.2466694242321	1	38	prediction	777
#00BFC4	-2.2466694242321	1	39	prediction	778
#00BFC4	-2.2466694242321	1	40	prediction	779
#00BFC4	-2.22376591153443	1	0	prediction	780
#00BFC4	-2.22376591153443	1	1	prediction	781
#00BFC4	-2.22376591153443	1	2	prediction	782
#00BFC4	-2.22376591153443	1	3	prediction	783
#00BFC4	-2.22376591153443	1	4	prediction	784
#00BFC4	-2.22376591153443	1	5	prediction	785
#00BFC4	-2.22376591153443	1	6	prediction	786
#00BFC4	-2.22376591153443	1	7	prediction	787
#00BFC4	-2.22376591153443	1	8	prediction	788
#00BFC4	-2.22376591153443	1	9	prediction	789
#00BFC4	-2.22376591153443	1	10	prediction	790
#00BFC4	-2.22376591153443	1	11	prediction	791
#00BFC4	-2.22376591153443	1	12	prediction	792
#00BFC4	-2.22376591153443	1	13	prediction	793
#00BFC4	-2.22376591153443	1	14	prediction	794
#00BFC4	-2.22376591153443	1	15	prediction	795
#00BFC4	-2.22376591153443	1	16	prediction	796
#00BFC4	-2.22376591153443	1	17	prediction	797
#00BFC4	-2.22376591153443	1	18	prediction	798
#00BFC4	-2.22376591153443	1	19	prediction	799
#00BFC4	-2.22376591153443	1	20	prediction	800
#00BFC4	-2.22376591153443	1	21	prediction	801
#00BFC4	-2.22376591153443	1	22	prediction	802
#00BFC4	-2.22376591153443	1	23	prediction	803
#00BFC4	-2.22376591153443	1	24	prediction	804
#00BFC4	-2.22376591153443	1	25	prediction	805
#00BFC4	-2.22376591153443	1	26	prediction	806
#00BFC4	-2.22376591153443	1	27	prediction	807
#00BFC4	-2.22376591153443	1	28	prediction	808
#00BFC4	-2.22376591153443	1	29	prediction	809
#00BFC4	-2.22376591153443	1	30	prediction	810
#00BFC4	-2.22376591153443	1	31	prediction	811
#00BFC4	-2.22376591153443	1	32	prediction	812
#00BFC4	-2.22376591153443	1	33	prediction	813
#00BFC4	-2.22376591153443	1	34	prediction	814
#00BFC4	-2.22376591153443	1	35	prediction	815
#00BFC4	-2.22376591153443	1	36	prediction	816
#00BFC4	-2.22376591153443	1	37	prediction	817
#00BFC4	-2.22376591153443	1	38	prediction	818
#00BFC4	-2.22376591153443	1	39	prediction	819
#00BFC4	-2.22376591153443	1	40	prediction	820
#00BFC4	-2.14017372345552	1	0	prediction	821
#00BFC4	-2.14017372345552	1	1	prediction	822
#00BFC4	-2.14017372345552	1	2	prediction	823
#00BFC4	-2.14017372345552	1	3	prediction	824
#00BFC4	-2.14017372345552	1	4	prediction	825
#00BFC4	-2.14017372345552	1	5	prediction	826
#00BFC4	-2.14017372345552	1	6	prediction	827
#00BFC4	-2.14017372345552	1	7	prediction	828
#00BFC4	-2.14017372345552	1	8	prediction	829
#00BFC4	-2.14017372345552	1	9	prediction	830
#00BFC4	-2.14017372345552	1	10	prediction	831
#00BFC4	-2.14017372345552	1	11	prediction	832
#00BFC4	-2.14017372345552	1	12	prediction	833
#00BFC4	-2.14017372345552	1	13	prediction	834
#00BFC4	-2.14017372345552	1	14	prediction	835
#00BFC4	-2.14017372345552	1	15	prediction	836
#00BFC4	-2.14017372345552	1	16	prediction	837
#00BFC4	-2.14017372345552	1	17	prediction	838
#00BFC4	-2.14017372345552	1	18	prediction	839
#00BFC4	-2.14017372345552	1	19	prediction	840
#00BFC4	-2.14017372345552	1	20	prediction	841
#00BFC4	-2.14017372345552	1	21	prediction	842
#00BFC4	-2.14017372345552	1	22	prediction	843
#00BFC4	-2.14017372345552	1	23	prediction	844
#00BFC4	-2.14017372345552	1	24	prediction	845
#00BFC4	-2.14017372345552	1	25	prediction	846
#00BFC4	-2.14017372345552	1	26	prediction	847
#00BFC4	-2.14017372345552	1	27	prediction	848
#00BFC4	-2.14017372345552	1	28	prediction	849
#00BFC4	-2.14017372345552	1	29	prediction	850
#00BFC4	-2.14017372345552	1	30	prediction	851
#00BFC4	-2.14017372345552	1	31	prediction	852
#00BFC4	-2.14017372345552	1	32	prediction	853
#00BFC4	-2.14017372345552	1	33	prediction	854
#00BFC4	-2.14017372345552	1	34	prediction	855
#00BFC4	-2.14017372345552	1	35	prediction	856
#00BFC4	-2.14017372345552	1	36	prediction	857
#00BFC4	-2.14017372345552	1	37	prediction	858
#00BFC4	-2.14017372345552	1	38	prediction	859
#00BFC4	-2.14017372345552	1	39	prediction	860
#00BFC4	-2.14017372345552	1	40	prediction	861
#00BFC4	-2.11073063593358	1	0	prediction	862
#00BFC4	-2.11073063593358	1	1	prediction	863
#00BFC4	-2.11073063593358	1	2	prediction	864
#00BFC4	-2.11073063593358	1	3	prediction	865
#00BFC4	-2.11073063593358	1	4	prediction	866
#00BFC4	-2.11073063593358	1	5	prediction	867
#00BFC4	-2.11073063593358	1	6	prediction	868
#00BFC4	-2.11073063593358	1	7	prediction	869
#00BFC4	-2.11073063593358	1	8	prediction	870
#00BFC4	-2.11073063593358	1	9	prediction	871
#00BFC4	-2.11073063593358	1	10	prediction	872
#00BFC4	-2.11073063593358	1	11	prediction	873
#00BFC4	-2.11073063593358	1	12	prediction	874
#00BFC4	-2.11073063593358	1	13	prediction	875
#00BFC4	-2.11073063593358	1	14	prediction	876
#00BFC4	-2.11073063593358	1	15	prediction	877
#00BFC4	-2.11073063593358	1	16	prediction	878
#00BFC4	-2.11073063593358	1	17	prediction	879
#00BFC4	-2.11073063593358	1	18	prediction	880
#00BFC4	-2.11073063593358	1	19	prediction	881
#00BFC4	-2.11073063593358	1	20	prediction	882
#00BFC4	-2.11073063593358	1	21	prediction	883
#00BFC4	-2.11073063593358	1	22	prediction	884
#00BFC4	-2.11073063593358	1	23	prediction	885
#00BFC4	-2.11073063593358	1	24	prediction	886
#00BFC4	-2.11073063593358	1	25	prediction	887
#00BFC4	-2.11073063593358	1	26	prediction	888
#00BFC4	-2.11073063593358	1	27	prediction	889
#00BFC4	-2.11073063593358	1	28	prediction	890
#00BFC4	-2.11073063593358	1	29	prediction	891
#00BFC4	-2.11073063593358	1	30	prediction	892
#00BFC4	-2.11073063593358	1	31	prediction	893
#00BFC4	-2.11073063593358	1	32	prediction	894
#00BFC4	-2.11073063593358	1	33	prediction	895
#00BFC4	-2.11073063593358	1	34	prediction	896
#00BFC4	-2.11073063593358	1	35	prediction	897
#00BFC4	-2.11073063593358	1	36	prediction	898
#00BFC4	-2.11073063593358	1	37	prediction	899
#00BFC4	-2.11073063593358	1	38	prediction	900
#00BFC4	-2.11073063593358	1	39	prediction	901
#00BFC4	-2.11073063593358	1	40	prediction	902
#00BFC4	-1.95934599079192	1	0	prediction	903
#00BFC4	-1.95934599079192	1	1	prediction	904
#00BFC4	-1.95934599079192	1	2	prediction	905
#00BFC4	-1.95934599079192	1	3	prediction	906
#00BFC4	-1.95934599079192	1	4	prediction	907
#00BFC4	-1.95934599079192	1	5	prediction	908
#00BFC4	-1.95934599079192	1	6	prediction	909
#00BFC4	-1.95934599079192	1	7	prediction	910
#00BFC4	-1.95934599079192	1	8	prediction	911
#00BFC4	-1.95934599079192	1	9	prediction	912
#00BFC4	-1.95934599079192	1	10	prediction	913
#00BFC4	-1.95934599079192	1	11	prediction	914
#00BFC4	-1.95934599079192	1	12	prediction	915
#00BFC4	-1.95934599079192	1	13	prediction	916
#00BFC4	-1.95934599079192	1	14	prediction	917
#00BFC4	-1.95934599079192	1	15	prediction	918
#00BFC4	-1.95934599079192	1	16	prediction	919
#00BFC4	-1.95934599079192	1	17	prediction	920
#00BFC4	-1.95934599079192	1	18	prediction	921
#00BFC4	-1.95934599079192	1	19	prediction	922
#00BFC4	-1.95934599079192	1	20	prediction	923
#00BFC4	-1.95934599079192	1	21	prediction	924
#00BFC4	-1.95934599079192	1	22	prediction	925
#00BFC4	-1.95934599079192	1	23	prediction	926
#00BFC4	-1.95934599079192	1	24	prediction	927
#00BFC4	-1.95934599079192	1	25	prediction	928
#00BFC4	-1.95934599079192	1	26	prediction	929
#00BFC4	-1.95934599079192	1	27	prediction	930
#00BFC4	-1.95934599079192	1	28	prediction	931
#00BFC4	-1.95934599079192	1	29	prediction	932
#00BFC4	-1.95934599079192	1	30	prediction	933
#00BFC4	-1.95934599079192	1	31	prediction	934
#00BFC4	-1.95934599079192	1	32	prediction	935
#00BFC4	-1.95934599079192	1	33	prediction	936
#00BFC4	-1.95934599079192	1	34	prediction	937
#00BFC4	-1.95934599079192	1	35	prediction	938
#00BFC4	-1.95934599079192	1	36	prediction	939
#00BFC4	-1.95934599079192	1	37	prediction	940
#00BFC4	-1.95934599079192	1	38	prediction	941
#00BFC4	-1.95934599079192	1	39	prediction	942
#00BFC4	-1.95934599079192	1	40	prediction	943
#00BFC4	-1.94923938950524	1	0	prediction	944
#00BFC4	-1.94923938950524	1	1	prediction	945
#00BFC4	-1.94923938950524	1	2	prediction	946
#00BFC4	-1.94923938950524	1	3	prediction	947
#00BFC4	-1.94923938950524	1	4	prediction	948
#00BFC4	-1.94923938950524	1	5	prediction	949
#00BFC4	-1.94923938950524	1	6	prediction	950
#00BFC4	-1.94923938950524	1	7	prediction	951
#00BFC4	-1.94923938950524	1	8	prediction	952
#00BFC4	-1.94923938950524	1	9	prediction	953
#00BFC4	-1.94923938950524	1	10	prediction	954
#00BFC4	-1.94923938950524	1	11	prediction	955
#00BFC4	-1.94923938950524	1	12	prediction	956
#00BFC4	-1.94923938950524	1	13	prediction	957
#00BFC4	-1.94923938950524	1	14	prediction	958
#00BFC4	-1.94923938950524	1	15	prediction	959
#00BFC4	-1.94923938950524	1	16	prediction	960
#00BFC4	-1.94923938950524	1	17	prediction	961
#00BFC4	-1.94923938950524	1	18	prediction	962
#00BFC4	-1.94923938950524	1	19	prediction	963
#00BFC4	-1.94923938950524	1	20	prediction	964
#00BFC4	-1.94923938950524	1	21	prediction	965
#00BFC4	-1.94923938950524	1	22	prediction	966
#00BFC4	-1.94923938950524	1	23	prediction	967
#00BFC4	-1.94923938950524	1	24	prediction	968
#00BFC4	-1.94923938950524	1	25	prediction	969
#00BFC4	-1.94923938950524	1	26	prediction	970
#00BFC4	-1.94923938950524	1	27	prediction	971
#00BFC4	-1.94923938950524	1	28	prediction	972
#00BFC4	-1.94923938950524	1	29	prediction	973
#00BFC4	-1.94923938950524	1	30	prediction	974
#00BFC4	-1.94923938950524	1	31	prediction	975
#00BFC4	-1.94923938950524	1	32	prediction	976
#00BFC4	-1.94923938950524	1	33	prediction	977
#00BFC4	-1.94923938950524	1	34	prediction	978
#00BFC4	-1.94923938950524	1	35	prediction	979
#00BFC4	-1.94923938950524	1	36	prediction	980
#00BFC4	-1.94923938950524	1	37	prediction	981
#00BFC4	-1.94923938950524	1	38	prediction	982
#00BFC4	-1.94923938950524	1	39	prediction	983
#00BFC4	-1.94923938950524	1	40	prediction	984
#00BFC4	-1.94065948482603	1	0	prediction	985
#00BFC4	-1.94065948482603	1	1	prediction	986
#00BFC4	-1.94065948482603	1	2	prediction	987
#00BFC4	-1.94065948482603	1	3	prediction	988
#00BFC4	-1.94065948482603	1	4	prediction	989
#00BFC4	-1.94065948482603	1	5	prediction	990
#00BFC4	-1.94065948482603	1	6	prediction	991
#00BFC4	-1.94065948482603	1	7	prediction	992
#00BFC4	-1.94065948482603	1	8	prediction	993
#00BFC4	-1.94065948482603	1	9	prediction	994
#00BFC4	-1.94065948482603	1	10	prediction	995
#00BFC4	-1.94065948482603	1	11	prediction	996
#00BFC4	-1.94065948482603	1	12	prediction	997
#00BFC4	-1.94065948482603	1	13	prediction	998
#00BFC4	-1.94065948482603	1	14	prediction	999
#00BFC4	-1.94065948482603	1	15	prediction	1000
#00BFC4	-1.94065948482603	1	16	prediction	1001
#00BFC4	-1.94065948482603	1	17	prediction	1002
#00BFC4	-1.94065948482603	1	18	prediction	1003
#00BFC4	-1.94065948482603	1	19	prediction	1004
#00BFC4	-1.94065948482603	1	20	prediction	1005
#00BFC4	-1.94065948482603	1	21	prediction	1006
#00BFC4	-1.94065948482603	1	22	prediction	1007
#00BFC4	-1.94065948482603	1	23	prediction	1008
#00BFC4	-1.94065948482603	1	24	prediction	1009
#00BFC4	-1.94065948482603	1	25	prediction	1010
#00BFC4	-1.94065948482603	1	26	prediction	1011
#00BFC4	-1.94065948482603	1	27	prediction	1012
#00BFC4	-1.94065948482603	1	28	prediction	1013
#00BFC4	-1.94065948482603	1	29	prediction	1014
#00BFC4	-1.94065948482603	1	30	prediction	1015
#00BFC4	-1.94065948482603	1	31	prediction	1016
#00BFC4	-1.94065948482603	1	32	prediction	1017
#00BFC4	-1.94065948482603	1	33	prediction	1018
#00BFC4	-1.94065948482603	1	34	prediction	1019
#00BFC4	-1.94065948482603	1	35	prediction	1020
#00BFC4	-1.94065948482603	1	36	prediction	1021
#00BFC4	-1.94065948482603	1	37	prediction	1022
#00BFC4	-1.94065948482603	1	38	prediction	1023
#00BFC4	-1.94065948482603	1	39	prediction	1024
#00BFC4	-1.94065948482603	1	40	prediction	1025
#00BFC4	-1.91480183321983	1	0	prediction	1026
#00BFC4	-1.91480183321983	1	1	prediction	1027
#00BFC4	-1.91480183321983	1	2	prediction	1028
#00BFC4	-1.91480183321983	1	3	prediction	1029
#00BFC4	-1.91480183321983	1	4	prediction	1030
#00BFC4	-1.91480183321983	1	5	prediction	1031
#00BFC4	-1.91480183321983	1	6	prediction	1032
#00BFC4	-1.91480183321983	1	7	prediction	1033
#00BFC4	-1.91480183321983	1	8	prediction	1034
#00BFC4	-1.91480183321983	1	9	prediction	1035
#00BFC4	-1.91480183321983	1	10	prediction	1036
#00BFC4	-1.91480183321983	1	11	prediction	1037
#00BFC4	-1.91480183321983	1	12	prediction	1038
#00BFC4	-1.91480183321983	1	13	prediction	1039
#00BFC4	-1.91480183321983	1	14	prediction	1040
#00BFC4	-1.91480183321983	1	15	prediction	1041
#00BFC4	-1.91480183321983	1	16	prediction	1042
#00BFC4	-1.91480183321983	1	17	prediction	1043
#00BFC4	-1.91480183321983	1	18	prediction	1044
#00BFC4	-1.91480183321983	1	19	prediction	1045
#00BFC4	-1.91480183321983	1	20	prediction	1046
#00BFC4	-1.91480183321983	1	21	prediction	1047
#00BFC4	-1.91480183321983	1	22	prediction	1048
#00BFC4	-1.91480183321983	1	23	prediction	1049
#00BFC4	-1.91480183321983	1	24	prediction	1050
#00BFC4	-1.91480183321983	1	25	prediction	1051
#00BFC4	-1.91480183321983	1	26	prediction	1052
#00BFC4	-1.91480183321983	1	27	prediction	1053
#00BFC4	-1.91480183321983	1	28	prediction	1054
#00BFC4	-1.91480183321983	1	29	prediction	1055
#00BFC4	-1.91480183321983	1	30	prediction	1056
#00BFC4	-1.91480183321983	1	31	prediction	1057
#00BFC4	-1.91480183321983	1	32	prediction	1058
#00BFC4	-1.91480183321983	1	33	prediction	1059
#00BFC4	-1.91480183321983	1	34	prediction	1060
#00BFC4	-1.91480183321983	1	35	prediction	1061
#00BFC4	-1.91480183321983	1	36	prediction	1062
#00BFC4	-1.91480183321983	1	37	prediction	1063
#00BFC4	-1.91480183321983	1	38	prediction	1064
#00BFC4	-1.91480183321983	1	39	prediction	1065
#00BFC4	-1.91480183321983	1	40	prediction	1066
#00BFC4	-1.88269439153373	1	0	prediction	1067
#00BFC4	-1.88269439153373	1	1	prediction	1068
#00BFC4	-1.88269439153373	1	2	prediction	1069
#00BFC4	-1.88269439153373	1	3	prediction	1070
#00BFC4	-1.88269439153373	1	4	prediction	1071
#00BFC4	-1.88269439153373	1	5	prediction	1072
#00BFC4	-1.88269439153373	1	6	prediction	1073
#00BFC4	-1.88269439153373	1	7	prediction	1074
#00BFC4	-1.88269439153373	1	8	prediction	1075
#00BFC4	-1.88269439153373	1	9	prediction	1076
#00BFC4	-1.88269439153373	1	10	prediction	1077
#00BFC4	-1.88269439153373	1	11	prediction	1078
#00BFC4	-1.88269439153373	1	12	prediction	1079
#00BFC4	-1.88269439153373	1	13	prediction	1080
#00BFC4	-1.88269439153373	1	14	prediction	1081
#00BFC4	-1.88269439153373	1	15	prediction	1082
#00BFC4	-1.88269439153373	1	16	prediction	1083
#00BFC4	-1.88269439153373	1	17	prediction	1084
#00BFC4	-1.88269439153373	1	18	prediction	1085
#00BFC4	-1.88269439153373	1	19	prediction	1086
#00BFC4	-1.88269439153373	1	20	prediction	1087
#00BFC4	-1.88269439153373	1	21	prediction	1088
#00BFC4	-1.88269439153373	1	22	prediction	1089
#00BFC4	-1.88269439153373	1	23	prediction	1090
#00BFC4	-1.88269439153373	1	24	prediction	1091
#00BFC4	-1.88269439153373	1	25	prediction	1092
#00BFC4	-1.88269439153373	1	26	prediction	1093
#00BFC4	-1.88269439153373	1	27	prediction	1094
#00BFC4	-1.88269439153373	1	28	prediction	1095
#00BFC4	-1.88269439153373	1	29	prediction	1096
#00BFC4	-1.88269439153373	1	30	prediction	1097
#00BFC4	-1.88269439153373	1	31	prediction	1098
#00BFC4	-1.88269439153373	1	32	prediction	1099
#00BFC4	-1.88269439153373	1	33	prediction	1100
#00BFC4	-1.88269439153373	1	34	prediction	1101
#00BFC4	-1.88269439153373	1	35	prediction	1102
#00BFC4	-1.88269439153373	1	36	prediction	1103
#00BFC4	-1.88269439153373	1	37	prediction	1104
#00BFC4	-1.88269439153373	1	38	prediction	1105
#00BFC4	-1.88269439153373	1	39	prediction	1106
#00BFC4	-1.88269439153373	1	40	prediction	1107
#00BFC4	-1.86483826534823	1	0	prediction	1108
#00BFC4	-1.86483826534823	1	1	prediction	1109
#00BFC4	-1.86483826534823	1	2	prediction	1110
#00BFC4	-1.86483826534823	1	3	prediction	1111
#00BFC4	-1.86483826534823	1	4	prediction	1112
#00BFC4	-1.86483826534823	1	5	prediction	1113
#00BFC4	-1.86483826534823	1	6	prediction	1114
#00BFC4	-1.86483826534823	1	7	prediction	1115
#00BFC4	-1.86483826534823	1	8	prediction	1116
#00BFC4	-1.86483826534823	1	9	prediction	1117
#00BFC4	-1.86483826534823	1	10	prediction	1118
#00BFC4	-1.86483826534823	1	11	prediction	1119
#00BFC4	-1.86483826534823	1	12	prediction	1120
#00BFC4	-1.86483826534823	1	13	prediction	1121
#00BFC4	-1.86483826534823	1	14	prediction	1122
#00BFC4	-1.86483826534823	1	15	prediction	1123
#00BFC4	-1.86483826534823	1	16	prediction	1124
#00BFC4	-1.86483826534823	1	17	prediction	1125
#00BFC4	-1.86483826534823	1	18	prediction	1126
#00BFC4	-1.86483826534823	1	19	prediction	1127
#00BFC4	-1.86483826534823	1	20	prediction	1128
#00BFC4	-1.86483826534823	1	21	prediction	1129
#00BFC4	-1.86483826534823	1	22	prediction	1130
#00BFC4	-1.86483826534823	1	23	prediction	1131
#00BFC4	-1.86483826534823	1	24	prediction	1132
#00BFC4	-1.86483826534823	1	25	prediction	1133
#00BFC4	-1.86483826534823	1	26	prediction	1134
#00BFC4	-1.86483826534823	1	27	prediction	1135
#00BFC4	-1.86483826534823	1	28	prediction	1136
#00BFC4	-1.86483826534823	1	29	prediction	1137
#00BFC4	-1.86483826534823	1	30	prediction	1138
#00BFC4	-1.86483826534823	1	31	prediction	1139
#00BFC4	-1.86483826534823	1	32	prediction	1140
#00BFC4	-1.86483826534823	1	33	prediction	1141
#00BFC4	-1.86483826534823	1	34	prediction	1142
#00BFC4	-1.86483826534823	1	35	prediction	1143
#00BFC4	-1.86483826534823	1	36	prediction	1144
#00BFC4	-1.86483826534823	1	37	prediction	1145
#00BFC4	-1.86483826534823	1	38	prediction	1146
#00BFC4	-1.86483826534823	1	39	prediction	1147
#00BFC4	-1.86483826534823	1	40	prediction	1148
#00BFC4	-1.85243934066966	1	0	prediction	1149
#00BFC4	-1.85243934066966	1	1	prediction	1150
#00BFC4	-1.85243934066966	1	2	prediction	1151
#00BFC4	-1.85243934066966	1	3	prediction	1152
#00BFC4	-1.85243934066966	1	4	prediction	1153
#00BFC4	-1.85243934066966	1	5	prediction	1154
#00BFC4	-1.85243934066966	1	6	prediction	1155
#00BFC4	-1.85243934066966	1	7	prediction	1156
#00BFC4	-1.85243934066966	1	8	prediction	1157
#00BFC4	-1.85243934066966	1	9	prediction	1158
#00BFC4	-1.85243934066966	1	10	prediction	1159
#00BFC4	-1.85243934066966	1	11	prediction	1160
#00BFC4	-1.85243934066966	1	12	prediction	1161
#00BFC4	-1.85243934066966	1	13	prediction	1162
#00BFC4	-1.85243934066966	1	14	prediction	1163
#00BFC4	-1.85243934066966	1	15	prediction	1164
#00BFC4	-1.85243934066966	1	16	prediction	1165
#00BFC4	-1.85243934066966	1	17	prediction	1166
#00BFC4	-1.85243934066966	1	18	prediction	1167
#00BFC4	-1.85243934066966	1	19	prediction	1168
#00BFC4	-1.85243934066966	1	20	prediction	1169
#00BFC4	-1.85243934066966	1	21	prediction	1170
#00BFC4	-1.85243934066966	1	22	prediction	1171
#00BFC4	-1.85243934066966	1	23	prediction	1172
#00BFC4	-1.85243934066966	1	24	prediction	1173
#00BFC4	-1.85243934066966	1	25	prediction	1174
#00BFC4	-1.85243934066966	1	26	prediction	1175
#00BFC4	-1.85243934066966	1	27	prediction	1176
#00BFC4	-1.85243934066966	1	28	prediction	1177
#00BFC4	-1.85243934066966	1	29	prediction	1178
#00BFC4	-1.85243934066966	1	30	prediction	1179
#00BFC4	-1.85243934066966	1	31	prediction	1180
#00BFC4	-1.85243934066966	1	32	prediction	1181
#00BFC4	-1.85243934066966	1	33	prediction	1182
#00BFC4	-1.85243934066966	1	34	prediction	1183
#00BFC4	-1.85243934066966	1	35	prediction	1184
#00BFC4	-1.85243934066966	1	36	prediction	1185
#00BFC4	-1.85243934066966	1	37	prediction	1186
#00BFC4	-1.85243934066966	1	38	prediction	1187
#00BFC4	-1.85243934066966	1	39	prediction	1188
#00BFC4	-1.85243934066966	1	40	prediction	1189
#00BFC4	-1.78990841377527	1	0	prediction	1190
#00BFC4	-1.78990841377527	1	1	prediction	1191
#00BFC4	-1.78990841377527	1	2	prediction	1192
#00BFC4	-1.78990841377527	1	3	prediction	1193
#00BFC4	-1.78990841377527	1	4	prediction	1194
#00BFC4	-1.78990841377527	1	5	prediction	1195
#00BFC4	-1.78990841377527	1	6	prediction	1196
#00BFC4	-1.78990841377527	1	7	prediction	1197
#00BFC4	-1.78990841377527	1	8	prediction	1198
#00BFC4	-1.78990841377527	1	9	prediction	1199
#00BFC4	-1.78990841377527	1	10	prediction	1200
#00BFC4	-1.78990841377527	1	11	prediction	1201
#00BFC4	-1.78990841377527	1	12	prediction	1202
#00BFC4	-1.78990841377527	1	13	prediction	1203
#00BFC4	-1.78990841377527	1	14	prediction	1204
#00BFC4	-1.78990841377527	1	15	prediction	1205
#00BFC4	-1.78990841377527	1	16	prediction	1206
#00BFC4	-1.78990841377527	1	17	prediction	1207
#00BFC4	-1.78990841377527	1	18	prediction	1208
#00BFC4	-1.78990841377527	1	19	prediction	1209
#00BFC4	-1.78990841377527	1	20	prediction	1210
#00BFC4	-1.78990841377527	1	21	prediction	1211
#00BFC4	-1.78990841377527	1	22	prediction	1212
#00BFC4	-1.78990841377527	1	23	prediction	1213
#00BFC4	-1.78990841377527	1	24	prediction	1214
#00BFC4	-1.78990841377527	1	25	prediction	1215
#00BFC4	-1.78990841377527	1	26	prediction	1216
#00BFC4	-1.78990841377527	1	27	prediction	1217
#00BFC4	-1.78990841377527	1	28	prediction	1218
#00BFC4	-1.78990841377527	1	29	prediction	1219
#00BFC4	-1.78990841377527	1	30	prediction	1220
#00BFC4	-1.78990841377527	1	31	prediction	1221
#00BFC4	-1.78990841377527	1	32	prediction	1222
#00BFC4	-1.78990841377527	1	33	prediction	1223
#00BFC4	-1.78990841377527	1	34	prediction	1224
#00BFC4	-1.78990841377527	1	35	prediction	1225
#00BFC4	-1.78990841377527	1	36	prediction	1226
#00BFC4	-1.78990841377527	1	37	prediction	1227
#00BFC4	-1.78990841377527	1	38	prediction	1228
#00BFC4	-1.78990841377527	1	39	prediction	1229
#00BFC4	-1.78990841377527	1	40	prediction	1230
#00BFC4	-1.78384646913037	1	0	prediction	1231
#00BFC4	-1.78384646913037	1	1	prediction	1232
#00BFC4	-1.78384646913037	1	2	prediction	1233
#00BFC4	-1.78384646913037	1	3	prediction	1234
#00BFC4	-1.78384646913037	1	4	prediction	1235
#00BFC4	-1.78384646913037	1	5	prediction	1236
#00BFC4	-1.78384646913037	1	6	prediction	1237
#00BFC4	-1.78384646913037	1	7	prediction	1238
#00BFC4	-1.78384646913037	1	8	prediction	1239
#00BFC4	-1.78384646913037	1	9	prediction	1240
#00BFC4	-1.78384646913037	1	10	prediction	1241
#00BFC4	-1.78384646913037	1	11	prediction	1242
#00BFC4	-1.78384646913037	1	12	prediction	1243
#00BFC4	-1.78384646913037	1	13	prediction	1244
#00BFC4	-1.78384646913037	1	14	prediction	1245
#00BFC4	-1.78384646913037	1	15	prediction	1246
#00BFC4	-1.78384646913037	1	16	prediction	1247
#00BFC4	-1.78384646913037	1	17	prediction	1248
#00BFC4	-1.78384646913037	1	18	prediction	1249
#00BFC4	-1.78384646913037	1	19	prediction	1250
#00BFC4	-1.78384646913037	1	20	prediction	1251
#00BFC4	-1.78384646913037	1	21	prediction	1252
#00BFC4	-1.78384646913037	1	22	prediction	1253
#00BFC4	-1.78384646913037	1	23	prediction	1254
#00BFC4	-1.78384646913037	1	24	prediction	1255
#00BFC4	-1.78384646913037	1	25	prediction	1256
#00BFC4	-1.78384646913037	1	26	prediction	1257
#00BFC4	-1.78384646913037	1	27	prediction	1258
#00BFC4	-1.78384646913037	1	28	prediction	1259
#00BFC4	-1.78384646913037	1	29	prediction	1260
#00BFC4	-1.78384646913037	1	30	prediction	1261
#00BFC4	-1.78384646913037	1	31	prediction	1262
#00BFC4	-1.78384646913037	1	32	prediction	1263
#00BFC4	-1.78384646913037	1	33	prediction	1264
#00BFC4	-1.78384646913037	1	34	prediction	1265
#00BFC4	-1.78384646913037	1	35	prediction	1266
#00BFC4	-1.78384646913037	1	36	prediction	1267
#00BFC4	-1.78384646913037	1	37	prediction	1268
#00BFC4	-1.78384646913037	1	38	prediction	1269
#00BFC4	-1.78384646913037	1	39	prediction	1270
#00BFC4	-1.78384646913037	1	40	prediction	1271
#00BFC4	-1.76415255060419	1	0	prediction	1272
#00BFC4	-1.76415255060419	1	1	prediction	1273
#00BFC4	-1.76415255060419	1	2	prediction	1274
#00BFC4	-1.76415255060419	1	3	prediction	1275
#00BFC4	-1.76415255060419	1	4	prediction	1276
#00BFC4	-1.76415255060419	1	5	prediction	1277
#00BFC4	-1.76415255060419	1	6	prediction	1278
#00BFC4	-1.76415255060419	1	7	prediction	1279
#00BFC4	-1.76415255060419	1	8	prediction	1280
#00BFC4	-1.76415255060419	1	9	prediction	1281
#00BFC4	-1.76415255060419	1	10	prediction	1282
#00BFC4	-1.76415255060419	1	11	prediction	1283
#00BFC4	-1.76415255060419	1	12	prediction	1284
#00BFC4	-1.76415255060419	1	13	prediction	1285
#00BFC4	-1.76415255060419	1	14	prediction	1286
#00BFC4	-1.76415255060419	1	15	prediction	1287
#00BFC4	-1.76415255060419	1	16	prediction	1288
#00BFC4	-1.76415255060419	1	17	prediction	1289
#00BFC4	-1.76415255060419	1	18	prediction	1290
#00BFC4	-1.76415255060419	1	19	prediction	1291
#00BFC4	-1.76415255060419	1	20	prediction	1292
#00BFC4	-1.76415255060419	1	21	prediction	1293
#00BFC4	-1.76415255060419	1	22	prediction	1294
#00BFC4	-1.76415255060419	1	23	prediction	1295
#00BFC4	-1.76415255060419	1	24	prediction	1296
#00BFC4	-1.76415255060419	1	25	prediction	1297
#00BFC4	-1.76415255060419	1	26	prediction	1298
#00BFC4	-1.76415255060419	1	27	prediction	1299
#00BFC4	-1.76415255060419	1	28	prediction	1300
#00BFC4	-1.76415255060419	1	29	prediction	1301
#00BFC4	-1.76415255060419	1	30	prediction	1302
#00BFC4	-1.76415255060419	1	31	prediction	1303
#00BFC4	-1.76415255060419	1	32	prediction	1304
#00BFC4	-1.76415255060419	1	33	prediction	1305
#00BFC4	-1.76415255060419	1	34	prediction	1306
#00BFC4	-1.76415255060419	1	35	prediction	1307
#00BFC4	-1.76415255060419	1	36	prediction	1308
#00BFC4	-1.76415255060419	1	37	prediction	1309
#00BFC4	-1.76415255060419	1	38	prediction	1310
#00BFC4	-1.76415255060419	1	39	prediction	1311
#00BFC4	-1.76415255060419	1	40	prediction	1312
#00BFC4	-1.75472932029516	1	0	prediction	1313
#00BFC4	-1.75472932029516	1	1	prediction	1314
#00BFC4	-1.75472932029516	1	2	prediction	1315
#00BFC4	-1.75472932029516	1	3	prediction	1316
#00BFC4	-1.75472932029516	1	4	prediction	1317
#00BFC4	-1.75472932029516	1	5	prediction	1318
#00BFC4	-1.75472932029516	1	6	prediction	1319
#00BFC4	-1.75472932029516	1	7	prediction	1320
#00BFC4	-1.75472932029516	1	8	prediction	1321
#00BFC4	-1.75472932029516	1	9	prediction	1322
#00BFC4	-1.75472932029516	1	10	prediction	1323
#00BFC4	-1.75472932029516	1	11	prediction	1324
#00BFC4	-1.75472932029516	1	12	prediction	1325
#00BFC4	-1.75472932029516	1	13	prediction	1326
#00BFC4	-1.75472932029516	1	14	prediction	1327
#00BFC4	-1.75472932029516	1	15	prediction	1328
#00BFC4	-1.75472932029516	1	16	prediction	1329
#00BFC4	-1.75472932029516	1	17	prediction	1330
#00BFC4	-1.75472932029516	1	18	prediction	1331
#00BFC4	-1.75472932029516	1	19	prediction	1332
#00BFC4	-1.75472932029516	1	20	prediction	1333
#00BFC4	-1.75472932029516	1	21	prediction	1334
#00BFC4	-1.75472932029516	1	22	prediction	1335
#00BFC4	-1.75472932029516	1	23	prediction	1336
#00BFC4	-1.75472932029516	1	24	prediction	1337
#00BFC4	-1.75472932029516	1	25	prediction	1338
#00BFC4	-1.75472932029516	1	26	prediction	1339
#00BFC4	-1.75472932029516	1	27	prediction	1340
#00BFC4	-1.75472932029516	1	28	prediction	1341
#00BFC4	-1.75472932029516	1	29	prediction	1342
#00BFC4	-1.75472932029516	1	30	prediction	1343
#00BFC4	-1.75472932029516	1	31	prediction	1344
#00BFC4	-1.75472932029516	1	32	prediction	1345
#00BFC4	-1.75472932029516	1	33	prediction	1346
#00BFC4	-1.75472932029516	1	34	prediction	1347
#00BFC4	-1.75472932029516	1	35	prediction	1348
#00BFC4	-1.75472932029516	1	36	prediction	1349
#00BFC4	-1.75472932029516	1	37	prediction	1350
#00BFC4	-1.75472932029516	1	38	prediction	1351
#00BFC4	-1.75472932029516	1	39	prediction	1352
#00BFC4	-1.75472932029516	1	40	prediction	1353
#00BFC4	-1.72714487230405	1	0	prediction	1354
#00BFC4	-1.72714487230405	1	1	prediction	1355
#00BFC4	-1.72714487230405	1	2	prediction	1356
#00BFC4	-1.72714487230405	1	3	prediction	1357
#00BFC4	-1.72714487230405	1	4	prediction	1358
#00BFC4	-1.72714487230405	1	5	prediction	1359
#00BFC4	-1.72714487230405	1	6	prediction	1360
#00BFC4	-1.72714487230405	1	7	prediction	1361
#00BFC4	-1.72714487230405	1	8	prediction	1362
#00BFC4	-1.72714487230405	1	9	prediction	1363
#00BFC4	-1.72714487230405	1	10	prediction	1364
#00BFC4	-1.72714487230405	1	11	prediction	1365
#00BFC4	-1.72714487230405	1	12	prediction	1366
#00BFC4	-1.72714487230405	1	13	prediction	1367
#00BFC4	-1.72714487230405	1	14	prediction	1368
#00BFC4	-1.72714487230405	1	15	prediction	1369
#00BFC4	-1.72714487230405	1	16	prediction	1370
#00BFC4	-1.72714487230405	1	17	prediction	1371
#00BFC4	-1.72714487230405	1	18	prediction	1372
#00BFC4	-1.72714487230405	1	19	prediction	1373
#00BFC4	-1.72714487230405	1	20	prediction	1374
#00BFC4	-1.72714487230405	1	21	prediction	1375
#00BFC4	-1.72714487230405	1	22	prediction	1376
#00BFC4	-1.72714487230405	1	23	prediction	1377
#00BFC4	-1.72714487230405	1	24	prediction	1378
#00BFC4	-1.72714487230405	1	25	prediction	1379
#00BFC4	-1.72714487230405	1	26	prediction	1380
#00BFC4	-1.72714487230405	1	27	prediction	1381
#00BFC4	-1.72714487230405	1	28	prediction	1382
#00BFC4	-1.72714487230405	1	29	prediction	1383
#00BFC4	-1.72714487230405	1	30	prediction	1384
#00BFC4	-1.72714487230405	1	31	prediction	1385
#00BFC4	-1.72714487230405	1	32	prediction	1386
#00BFC4	-1.72714487230405	1	33	prediction	1387
#00BFC4	-1.72714487230405	1	34	prediction	1388
#00BFC4	-1.72714487230405	1	35	prediction	1389
#00BFC4	-1.72714487230405	1	36	prediction	1390
#00BFC4	-1.72714487230405	1	37	prediction	1391
#00BFC4	-1.72714487230405	1	38	prediction	1392
#00BFC4	-1.72714487230405	1	39	prediction	1393
#00BFC4	-1.72714487230405	1	40	prediction	1394
#00BFC4	-1.72380288457498	1	0	prediction	1395
#00BFC4	-1.72380288457498	1	1	prediction	1396
#00BFC4	-1.72380288457498	1	2	prediction	1397
#00BFC4	-1.72380288457498	1	3	prediction	1398
#00BFC4	-1.72380288457498	1	4	prediction	1399
#00BFC4	-1.72380288457498	1	5	prediction	1400
#00BFC4	-1.72380288457498	1	6	prediction	1401
#00BFC4	-1.72380288457498	1	7	prediction	1402
#00BFC4	-1.72380288457498	1	8	prediction	1403
#00BFC4	-1.72380288457498	1	9	prediction	1404
#00BFC4	-1.72380288457498	1	10	prediction	1405
#00BFC4	-1.72380288457498	1	11	prediction	1406
#00BFC4	-1.72380288457498	1	12	prediction	1407
#00BFC4	-1.72380288457498	1	13	prediction	1408
#00BFC4	-1.72380288457498	1	14	prediction	1409
#00BFC4	-1.72380288457498	1	15	prediction	1410
#00BFC4	-1.72380288457498	1	16	prediction	1411
#00BFC4	-1.72380288457498	1	17	prediction	1412
#00BFC4	-1.72380288457498	1	18	prediction	1413
#00BFC4	-1.72380288457498	1	19	prediction	1414
#00BFC4	-1.72380288457498	1	20	prediction	1415
#00BFC4	-1.72380288457498	1	21	prediction	1416
#00BFC4	-1.72380288457498	1	22	prediction	1417
#00BFC4	-1.72380288457498	1	23	prediction	1418
#00BFC4	-1.72380288457498	1	24	prediction	1419
#00BFC4	-1.72380288457498	1	25	prediction	1420
#00BFC4	-1.72380288457498	1	26	prediction	1421
#00BFC4	-1.72380288457498	1	27	prediction	1422
#00BFC4	-1.72380288457498	1	28	prediction	1423
#00BFC4	-1.72380288457498	1	29	prediction	1424
#00BFC4	-1.72380288457498	1	30	prediction	1425
#00BFC4	-1.72380288457498	1	31	prediction	1426
#00BFC4	-1.72380288457498	1	32	prediction	1427
#00BFC4	-1.72380288457498	1	33	prediction	1428
#00BFC4	-1.72380288457498	1	34	prediction	1429
#00BFC4	-1.72380288457498	1	35	prediction	1430
#00BFC4	-1.72380288457498	1	36	prediction	1431
#00BFC4	-1.72380288457498	1	37	prediction	1432
#00BFC4	-1.72380288457498	1	38	prediction	1433
#00BFC4	-1.72380288457498	1	39	prediction	1434
#00BFC4	-1.72380288457498	1	40	prediction	1435
#00BFC4	-1.72075118869543	1	0	prediction	1436
#00BFC4	-1.72075118869543	1	1	prediction	1437
#00BFC4	-1.72075118869543	1	2	prediction	1438
#00BFC4	-1.72075118869543	1	3	prediction	1439
#00BFC4	-1.72075118869543	1	4	prediction	1440
#00BFC4	-1.72075118869543	1	5	prediction	1441
#00BFC4	-1.72075118869543	1	6	prediction	1442
#00BFC4	-1.72075118869543	1	7	prediction	1443
#00BFC4	-1.72075118869543	1	8	prediction	1444
#00BFC4	-1.72075118869543	1	9	prediction	1445
#00BFC4	-1.72075118869543	1	10	prediction	1446
#00BFC4	-1.72075118869543	1	11	prediction	1447
#00BFC4	-1.72075118869543	1	12	prediction	1448
#00BFC4	-1.72075118869543	1	13	prediction	1449
#00BFC4	-1.72075118869543	1	14	prediction	1450
#00BFC4	-1.72075118869543	1	15	prediction	1451
#00BFC4	-1.72075118869543	1	16	prediction	1452
#00BFC4	-1.72075118869543	1	17	prediction	1453
#00BFC4	-1.72075118869543	1	18	prediction	1454
#00BFC4	-1.72075118869543	1	19	prediction	1455
#00BFC4	-1.72075118869543	1	20	prediction	1456
#00BFC4	-1.72075118869543	1	21	prediction	1457
#00BFC4	-1.72075118869543	1	22	prediction	1458
#00BFC4	-1.72075118869543	1	23	prediction	1459
#00BFC4	-1.72075118869543	1	24	prediction	1460
#00BFC4	-1.72075118869543	1	25	prediction	1461
#00BFC4	-1.72075118869543	1	26	prediction	1462
#00BFC4	-1.72075118869543	1	27	prediction	1463
#00BFC4	-1.72075118869543	1	28	prediction	1464
#00BFC4	-1.72075118869543	1	29	prediction	1465
#00BFC4	-1.72075118869543	1	30	prediction	1466
#00BFC4	-1.72075118869543	1	31	prediction	1467
#00BFC4	-1.72075118869543	1	32	prediction	1468
#00BFC4	-1.72075118869543	1	33	prediction	1469
#00BFC4	-1.72075118869543	1	34	prediction	1470
#00BFC4	-1.72075118869543	1	35	prediction	1471
#00BFC4	-1.72075118869543	1	36	prediction	1472
#00BFC4	-1.72075118869543	1	37	prediction	1473
#00BFC4	-1.72075118869543	1	38	prediction	1474
#00BFC4	-1.72075118869543	1	39	prediction	1475
#00BFC4	-1.72075118869543	1	40	prediction	1476
#00BFC4	-1.62805114360526	1	0	prediction	1477
#00BFC4	-1.62805114360526	1	1	prediction	1478
#00BFC4	-1.62805114360526	1	2	prediction	1479
#00BFC4	-1.62805114360526	1	3	prediction	1480
#00BFC4	-1.62805114360526	1	4	prediction	1481
#00BFC4	-1.62805114360526	1	5	prediction	1482
#00BFC4	-1.62805114360526	1	6	prediction	1483
#00BFC4	-1.62805114360526	1	7	prediction	1484
#00BFC4	-1.62805114360526	1	8	prediction	1485
#00BFC4	-1.62805114360526	1	9	prediction	1486
#00BFC4	-1.62805114360526	1	10	prediction	1487
#00BFC4	-1.62805114360526	1	11	prediction	1488
#00BFC4	-1.62805114360526	1	12	prediction	1489
#00BFC4	-1.62805114360526	1	13	prediction	1490
#00BFC4	-1.62805114360526	1	14	prediction	1491
#00BFC4	-1.62805114360526	1	15	prediction	1492
#00BFC4	-1.62805114360526	1	16	prediction	1493
#00BFC4	-1.62805114360526	1	17	prediction	1494
#00BFC4	-1.62805114360526	1	18	prediction	1495
#00BFC4	-1.62805114360526	1	19	prediction	1496
#00BFC4	-1.62805114360526	1	20	prediction	1497
#00BFC4	-1.62805114360526	1	21	prediction	1498
#00BFC4	-1.62805114360526	1	22	prediction	1499
#00BFC4	-1.62805114360526	1	23	prediction	1500
#00BFC4	-1.62805114360526	1	24	prediction	1501
#00BFC4	-1.62805114360526	1	25	prediction	1502
#00BFC4	-1.62805114360526	1	26	prediction	1503
#00BFC4	-1.62805114360526	1	27	prediction	1504
#00BFC4	-1.62805114360526	1	28	prediction	1505
#00BFC4	-1.62805114360526	1	29	prediction	1506
#00BFC4	-1.62805114360526	1	30	prediction	1507
#00BFC4	-1.62805114360526	1	31	prediction	1508
#00BFC4	-1.62805114360526	1	32	prediction	1509
#00BFC4	-1.62805114360526	1	33	prediction	1510
#00BFC4	-1.62805114360526	1	34	prediction	1511
#00BFC4	-1.62805114360526	1	35	prediction	1512
#00BFC4	-1.62805114360526	1	36	prediction	1513
#00BFC4	-1.62805114360526	1	37	prediction	1514
#00BFC4	-1.62805114360526	1	38	prediction	1515
#00BFC4	-1.62805114360526	1	39	prediction	1516
#00BFC4	-1.62805114360526	1	40	prediction	1517
#00BFC4	-1.56678793346509	1	0	prediction	1518
#00BFC4	-1.56678793346509	1	1	prediction	1519
#00BFC4	-1.56678793346509	1	2	prediction	1520
#00BFC4	-1.56678793346509	1	3	prediction	1521
#00BFC4	-1.56678793346509	1	4	prediction	1522
#00BFC4	-1.56678793346509	1	5	prediction	1523
#00BFC4	-1.56678793346509	1	6	prediction	1524
#00BFC4	-1.56678793346509	1	7	prediction	1525
#00BFC4	-1.56678793346509	1	8	prediction	1526
#00BFC4	-1.56678793346509	1	9	prediction	1527
#00BFC4	-1.56678793346509	1	10	prediction	1528
#00BFC4	-1.56678793346509	1	11	prediction	1529
#00BFC4	-1.56678793346509	1	12	prediction	1530
#00BFC4	-1.56678793346509	1	13	prediction	1531
#00BFC4	-1.56678793346509	1	14	prediction	1532
#00BFC4	-1.56678793346509	1	15	prediction	1533
#00BFC4	-1.56678793346509	1	16	prediction	1534
#00BFC4	-1.56678793346509	1	17	prediction	1535
#00BFC4	-1.56678793346509	1	18	prediction	1536
#00BFC4	-1.56678793346509	1	19	prediction	1537
#00BFC4	-1.56678793346509	1	20	prediction	1538
#00BFC4	-1.56678793346509	1	21	prediction	1539
#00BFC4	-1.56678793346509	1	22	prediction	1540
#00BFC4	-1.56678793346509	1	23	prediction	1541
#00BFC4	-1.56678793346509	1	24	prediction	1542
#00BFC4	-1.56678793346509	1	25	prediction	1543
#00BFC4	-1.56678793346509	1	26	prediction	1544
#00BFC4	-1.56678793346509	1	27	prediction	1545
#00BFC4	-1.56678793346509	1	28	prediction	1546
#00BFC4	-1.56678793346509	1	29	prediction	1547
#00BFC4	-1.56678793346509	1	30	prediction	1548
#00BFC4	-1.56678793346509	1	31	prediction	1549
#00BFC4	-1.56678793346509	1	32	prediction	1550
#00BFC4	-1.56678793346509	1	33	prediction	1551
#00BFC4	-1.56678793346509	1	34	prediction	1552
#00BFC4	-1.56678793346509	1	35	prediction	1553
#00BFC4	-1.56678793346509	1	36	prediction	1554
#00BFC4	-1.56678793346509	1	37	prediction	1555
#00BFC4	-1.56678793346509	1	38	prediction	1556
#00BFC4	-1.56678793346509	1	39	prediction	1557
#00BFC4	-1.56678793346509	1	40	prediction	1558
#00BFC4	-1.56222350941971	1	0	prediction	1559
#00BFC4	-1.56222350941971	1	1	prediction	1560
#00BFC4	-1.56222350941971	1	2	prediction	1561
#00BFC4	-1.56222350941971	1	3	prediction	1562
#00BFC4	-1.56222350941971	1	4	prediction	1563
#00BFC4	-1.56222350941971	1	5	prediction	1564
#00BFC4	-1.56222350941971	1	6	prediction	1565
#00BFC4	-1.56222350941971	1	7	prediction	1566
#00BFC4	-1.56222350941971	1	8	prediction	1567
#00BFC4	-1.56222350941971	1	9	prediction	1568
#00BFC4	-1.56222350941971	1	10	prediction	1569
#00BFC4	-1.56222350941971	1	11	prediction	1570
#00BFC4	-1.56222350941971	1	12	prediction	1571
#00BFC4	-1.56222350941971	1	13	prediction	1572
#00BFC4	-1.56222350941971	1	14	prediction	1573
#00BFC4	-1.56222350941971	1	15	prediction	1574
#00BFC4	-1.56222350941971	1	16	prediction	1575
#00BFC4	-1.56222350941971	1	17	prediction	1576
#00BFC4	-1.56222350941971	1	18	prediction	1577
#00BFC4	-1.56222350941971	1	19	prediction	1578
#00BFC4	-1.56222350941971	1	20	prediction	1579
#00BFC4	-1.56222350941971	1	21	prediction	1580
#00BFC4	-1.56222350941971	1	22	prediction	1581
#00BFC4	-1.56222350941971	1	23	prediction	1582
#00BFC4	-1.56222350941971	1	24	prediction	1583
#00BFC4	-1.56222350941971	1	25	prediction	1584
#00BFC4	-1.56222350941971	1	26	prediction	1585
#00BFC4	-1.56222350941971	1	27	prediction	1586
#00BFC4	-1.56222350941971	1	28	prediction	1587
#00BFC4	-1.56222350941971	1	29	prediction	1588
#00BFC4	-1.56222350941971	1	30	prediction	1589
#00BFC4	-1.56222350941971	1	31	prediction	1590
#00BFC4	-1.56222350941971	1	32	prediction	1591
#00BFC4	-1.56222350941971	1	33	prediction	1592
#00BFC4	-1.56222350941971	1	34	prediction	1593
#00BFC4	-1.56222350941971	1	35	prediction	1594
#00BFC4	-1.56222350941971	1	36	prediction	1595
#00BFC4	-1.56222350941971	1	37	prediction	1596
#00BFC4	-1.56222350941971	1	38	prediction	1597
#00BFC4	-1.56222350941971	1	39	prediction	1598
#00BFC4	-1.56222350941971	1	40	prediction	1599
#00BFC4	-1.5312163378112	1	0	prediction	1600
#00BFC4	-1.5312163378112	1	1	prediction	1601
#00BFC4	-1.5312163378112	1	2	prediction	1602
#00BFC4	-1.5312163378112	1	3	prediction	1603
#00BFC4	-1.5312163378112	1	4	prediction	1604
#00BFC4	-1.5312163378112	1	5	prediction	1605
#00BFC4	-1.5312163378112	1	6	prediction	1606
#00BFC4	-1.5312163378112	1	7	prediction	1607
#00BFC4	-1.5312163378112	1	8	prediction	1608
#00BFC4	-1.5312163378112	1	9	prediction	1609
#00BFC4	-1.5312163378112	1	10	prediction	1610
#00BFC4	-1.5312163378112	1	11	prediction	1611
#00BFC4	-1.5312163378112	1	12	prediction	1612
#00BFC4	-1.5312163378112	1	13	prediction	1613
#00BFC4	-1.5312163378112	1	14	prediction	1614
#00BFC4	-1.5312163378112	1	15	prediction	1615
#00BFC4	-1.5312163378112	1	16	prediction	1616
#00BFC4	-1.5312163378112	1	17	prediction	1617
#00BFC4	-1.5312163378112	1	18	prediction	1618
#00BFC4	-1.5312163378112	1	19	prediction	1619
#00BFC4	-1.5312163378112	1	20	prediction	1620
#00BFC4	-1.5312163378112	1	21	prediction	1621
#00BFC4	-1.5312163378112	1	22	prediction	1622
#00BFC4	-1.5312163378112	1	23	prediction	1623
#00BFC4	-1.5312163378112	1	24	prediction	1624
#00BFC4	-1.5312163378112	1	25	prediction	1625
#00BFC4	-1.5312163378112	1	26	prediction	1626
#00BFC4	-1.5312163378112	1	27	prediction	1627
#00BFC4	-1.5312163378112	1	28	prediction	1628
#00BFC4	-1.5312163378112	1	29	prediction	1629
#00BFC4	-1.5312163378112	1	30	prediction	1630
#00BFC4	-1.5312163378112	1	31	prediction	1631
#00BFC4	-1.5312163378112	1	32	prediction	1632
#00BFC4	-1.5312163378112	1	33	prediction	1633
#00BFC4	-1.5312163378112	1	34	prediction	1634
#00BFC4	-1.5312163378112	1	35	prediction	1635
#00BFC4	-1.5312163378112	1	36	prediction	1636
#00BFC4	-1.5312163378112	1	37	prediction	1637
#00BFC4	-1.5312163378112	1	38	prediction	1638
#00BFC4	-1.5312163378112	1	39	prediction	1639
#00BFC4	-1.5312163378112	1	40	prediction	1640
#00BFC4	-1.52706891624257	1	0	prediction	1641
#00BFC4	-1.52706891624257	1	1	prediction	1642
#00BFC4	-1.52706891624257	1	2	prediction	1643
#00BFC4	-1.52706891624257	1	3	prediction	1644
#00BFC4	-1.52706891624257	1	4	prediction	1645
#00BFC4	-1.52706891624257	1	5	prediction	1646
#00BFC4	-1.52706891624257	1	6	prediction	1647
#00BFC4	-1.52706891624257	1	7	prediction	1648
#00BFC4	-1.52706891624257	1	8	prediction	1649
#00BFC4	-1.52706891624257	1	9	prediction	1650
#00BFC4	-1.52706891624257	1	10	prediction	1651
#00BFC4	-1.52706891624257	1	11	prediction	1652
#00BFC4	-1.52706891624257	1	12	prediction	1653
#00BFC4	-1.52706891624257	1	13	prediction	1654
#00BFC4	-1.52706891624257	1	14	prediction	1655
#00BFC4	-1.52706891624257	1	15	prediction	1656
#00BFC4	-1.52706891624257	1	16	prediction	1657
#00BFC4	-1.52706891624257	1	17	prediction	1658
#00BFC4	-1.52706891624257	1	18	prediction	1659
#00BFC4	-1.52706891624257	1	19	prediction	1660
#00BFC4	-1.52706891624257	1	20	prediction	1661
#00BFC4	-1.52706891624257	1	21	prediction	1662
#00BFC4	-1.52706891624257	1	22	prediction	1663
#00BFC4	-1.52706891624257	1	23	prediction	1664
#00BFC4	-1.52706891624257	1	24	prediction	1665
#00BFC4	-1.52706891624257	1	25	prediction	1666
#00BFC4	-1.52706891624257	1	26	prediction	1667
#00BFC4	-1.52706891624257	1	27	prediction	1668
#00BFC4	-1.52706891624257	1	28	prediction	1669
#00BFC4	-1.52706891624257	1	29	prediction	1670
#00BFC4	-1.52706891624257	1	30	prediction	1671
#00BFC4	-1.52706891624257	1	31	prediction	1672
#00BFC4	-1.52706891624257	1	32	prediction	1673
#00BFC4	-1.52706891624257	1	33	prediction	1674
#00BFC4	-1.52706891624257	1	34	prediction	1675
#00BFC4	-1.52706891624257	1	35	prediction	1676
#00BFC4	-1.52706891624257	1	36	prediction	1677
#00BFC4	-1.52706891624257	1	37	prediction	1678
#00BFC4	-1.52706891624257	1	38	prediction	1679
#00BFC4	-1.52706891624257	1	39	prediction	1680
#00BFC4	-1.52706891624257	1	40	prediction	1681
#00BFC4	-1.45189931569621	1	0	prediction	1682
#00BFC4	-1.45189931569621	1	1	prediction	1683
#00BFC4	-1.45189931569621	1	2	prediction	1684
#00BFC4	-1.45189931569621	1	3	prediction	1685
#00BFC4	-1.45189931569621	1	4	prediction	1686
#00BFC4	-1.45189931569621	1	5	prediction	1687
#00BFC4	-1.45189931569621	1	6	prediction	1688
#00BFC4	-1.45189931569621	1	7	prediction	1689
#00BFC4	-1.45189931569621	1	8	prediction	1690
#00BFC4	-1.45189931569621	1	9	prediction	1691
#00BFC4	-1.45189931569621	1	10	prediction	1692
#00BFC4	-1.45189931569621	1	11	prediction	1693
#00BFC4	-1.45189931569621	1	12	prediction	1694
#00BFC4	-1.45189931569621	1	13	prediction	1695
#00BFC4	-1.45189931569621	1	14	prediction	1696
#00BFC4	-1.45189931569621	1	15	prediction	1697
#00BFC4	-1.45189931569621	1	16	prediction	1698
#00BFC4	-1.45189931569621	1	17	prediction	1699
#00BFC4	-1.45189931569621	1	18	prediction	1700
#00BFC4	-1.45189931569621	1	19	prediction	1701
#00BFC4	-1.45189931569621	1	20	prediction	1702
#00BFC4	-1.45189931569621	1	21	prediction	1703
#00BFC4	-1.45189931569621	1	22	prediction	1704
#00BFC4	-1.45189931569621	1	23	prediction	1705
#00BFC4	-1.45189931569621	1	24	prediction	1706
#00BFC4	-1.45189931569621	1	25	prediction	1707
#00BFC4	-1.45189931569621	1	26	prediction	1708
#00BFC4	-1.45189931569621	1	27	prediction	1709
#00BFC4	-1.45189931569621	1	28	prediction	1710
#00BFC4	-1.45189931569621	1	29	prediction	1711
#00BFC4	-1.45189931569621	1	30	prediction	1712
#00BFC4	-1.45189931569621	1	31	prediction	1713
#00BFC4	-1.45189931569621	1	32	prediction	1714
#00BFC4	-1.45189931569621	1	33	prediction	1715
#00BFC4	-1.45189931569621	1	34	prediction	1716
#00BFC4	-1.45189931569621	1	35	prediction	1717
#00BFC4	-1.45189931569621	1	36	prediction	1718
#00BFC4	-1.45189931569621	1	37	prediction	1719
#00BFC4	-1.45189931569621	1	38	prediction	1720
#00BFC4	-1.45189931569621	1	39	prediction	1721
#00BFC4	-1.45189931569621	1	40	prediction	1722
#00BFC4	-1.45100443996489	1	0	prediction	1723
#00BFC4	-1.45100443996489	1	1	prediction	1724
#00BFC4	-1.45100443996489	1	2	prediction	1725
#00BFC4	-1.45100443996489	1	3	prediction	1726
#00BFC4	-1.45100443996489	1	4	prediction	1727
#00BFC4	-1.45100443996489	1	5	prediction	1728
#00BFC4	-1.45100443996489	1	6	prediction	1729
#00BFC4	-1.45100443996489	1	7	prediction	1730
#00BFC4	-1.45100443996489	1	8	prediction	1731
#00BFC4	-1.45100443996489	1	9	prediction	1732
#00BFC4	-1.45100443996489	1	10	prediction	1733
#00BFC4	-1.45100443996489	1	11	prediction	1734
#00BFC4	-1.45100443996489	1	12	prediction	1735
#00BFC4	-1.45100443996489	1	13	prediction	1736
#00BFC4	-1.45100443996489	1	14	prediction	1737
#00BFC4	-1.45100443996489	1	15	prediction	1738
#00BFC4	-1.45100443996489	1	16	prediction	1739
#00BFC4	-1.45100443996489	1	17	prediction	1740
#00BFC4	-1.45100443996489	1	18	prediction	1741
#00BFC4	-1.45100443996489	1	19	prediction	1742
#00BFC4	-1.45100443996489	1	20	prediction	1743
#00BFC4	-1.45100443996489	1	21	prediction	1744
#00BFC4	-1.45100443996489	1	22	prediction	1745
#00BFC4	-1.45100443996489	1	23	prediction	1746
#00BFC4	-1.45100443996489	1	24	prediction	1747
#00BFC4	-1.45100443996489	1	25	prediction	1748
#00BFC4	-1.45100443996489	1	26	prediction	1749
#00BFC4	-1.45100443996489	1	27	prediction	1750
#00BFC4	-1.45100443996489	1	28	prediction	1751
#00BFC4	-1.45100443996489	1	29	prediction	1752
#00BFC4	-1.45100443996489	1	30	prediction	1753
#00BFC4	-1.45100443996489	1	31	prediction	1754
#00BFC4	-1.45100443996489	1	32	prediction	1755
#00BFC4	-1.45100443996489	1	33	prediction	1756
#00BFC4	-1.45100443996489	1	34	prediction	1757
#00BFC4	-1.45100443996489	1	35	prediction	1758
#00BFC4	-1.45100443996489	1	36	prediction	1759
#00BFC4	-1.45100443996489	1	37	prediction	1760
#00BFC4	-1.45100443996489	1	38	prediction	1761
#00BFC4	-1.45100443996489	1	39	prediction	1762
#00BFC4	-1.45100443996489	1	40	prediction	1763
#00BFC4	-1.4069480211474	1	0	prediction	1764
#00BFC4	-1.4069480211474	1	1	prediction	1765
#00BFC4	-1.4069480211474	1	2	prediction	1766
#00BFC4	-1.4069480211474	1	3	prediction	1767
#00BFC4	-1.4069480211474	1	4	prediction	1768
#00BFC4	-1.4069480211474	1	5	prediction	1769
#00BFC4	-1.4069480211474	1	6	prediction	1770
#00BFC4	-1.4069480211474	1	7	prediction	1771
#00BFC4	-1.4069480211474	1	8	prediction	1772
#00BFC4	-1.4069480211474	1	9	prediction	1773
#00BFC4	-1.4069480211474	1	10	prediction	1774
#00BFC4	-1.4069480211474	1	11	prediction	1775
#00BFC4	-1.4069480211474	1	12	prediction	1776
#00BFC4	-1.4069480211474	1	13	prediction	1777
#00BFC4	-1.4069480211474	1	14	prediction	1778
#00BFC4	-1.4069480211474	1	15	prediction	1779
#00BFC4	-1.4069480211474	1	16	prediction	1780
#00BFC4	-1.4069480211474	1	17	prediction	1781
#00BFC4	-1.4069480211474	1	18	prediction	1782
#00BFC4	-1.4069480211474	1	19	prediction	1783
#00BFC4	-1.4069480211474	1	20	prediction	1784
#00BFC4	-1.4069480211474	1	21	prediction	1785
#00BFC4	-1.4069480211474	1	22	prediction	1786
#00BFC4	-1.4069480211474	1	23	prediction	1787
#00BFC4	-1.4069480211474	1	24	prediction	1788
#00BFC4	-1.4069480211474	1	25	prediction	1789
#00BFC4	-1.4069480211474	1	26	prediction	1790
#00BFC4	-1.4069480211474	1	27	prediction	1791
#00BFC4	-1.4069480211474	1	28	prediction	1792
#00BFC4	-1.4069480211474	1	29	prediction	1793
#00BFC4	-1.4069480211474	1	30	prediction	1794
#00BFC4	-1.4069480211474	1	31	prediction	1795
#00BFC4	-1.4069480211474	1	32	prediction	1796
#00BFC4	-1.4069480211474	1	33	prediction	1797
#00BFC4	-1.4069480211474	1	34	prediction	1798
#00BFC4	-1.4069480211474	1	35	prediction	1799
#00BFC4	-1.4069480211474	1	36	prediction	1800
#00BFC4	-1.4069480211474	1	37	prediction	1801
#00BFC4	-1.4069480211474	1	38	prediction	1802
#00BFC4	-1.4069480211474	1	39	prediction	1803
#00BFC4	-1.4069480211474	1	40	prediction	1804
#00BFC4	-1.39667598763481	1	0	prediction	1805
#00BFC4	-1.39667598763481	1	1	prediction	1806
#00BFC4	-1.39667598763481	1	2	prediction	1807
#00BFC4	-1.39667598763481	1	3	prediction	1808
#00BFC4	-1.39667598763481	1	4	prediction	1809
#00BFC4	-1.39667598763481	1	5	prediction	1810
#00BFC4	-1.39667598763481	1	6	prediction	1811
#00BFC4	-1.39667598763481	1	7	prediction	1812
#00BFC4	-1.39667598763481	1	8	prediction	1813
#00BFC4	-1.39667598763481	1	9	prediction	1814
#00BFC4	-1.39667598763481	1	10	prediction	1815
#00BFC4	-1.39667598763481	1	11	prediction	1816
#00BFC4	-1.39667598763481	1	12	prediction	1817
#00BFC4	-1.39667598763481	1	13	prediction	1818
#00BFC4	-1.39667598763481	1	14	prediction	1819
#00BFC4	-1.39667598763481	1	15	prediction	1820
#00BFC4	-1.39667598763481	1	16	prediction	1821
#00BFC4	-1.39667598763481	1	17	prediction	1822
#00BFC4	-1.39667598763481	1	18	prediction	1823
#00BFC4	-1.39667598763481	1	19	prediction	1824
#00BFC4	-1.39667598763481	1	20	prediction	1825
#00BFC4	-1.39667598763481	1	21	prediction	1826
#00BFC4	-1.39667598763481	1	22	prediction	1827
#00BFC4	-1.39667598763481	1	23	prediction	1828
#00BFC4	-1.39667598763481	1	24	prediction	1829
#00BFC4	-1.39667598763481	1	25	prediction	1830
#00BFC4	-1.39667598763481	1	26	prediction	1831
#00BFC4	-1.39667598763481	1	27	prediction	1832
#00BFC4	-1.39667598763481	1	28	prediction	1833
#00BFC4	-1.39667598763481	1	29	prediction	1834
#00BFC4	-1.39667598763481	1	30	prediction	1835
#00BFC4	-1.39667598763481	1	31	prediction	1836
#00BFC4	-1.39667598763481	1	32	prediction	1837
#00BFC4	-1.39667598763481	1	33	prediction	1838
#00BFC4	-1.39667598763481	1	34	prediction	1839
#00BFC4	-1.39667598763481	1	35	prediction	1840
#00BFC4	-1.39667598763481	1	36	prediction	1841
#00BFC4	-1.39667598763481	1	37	prediction	1842
#00BFC4	-1.39667598763481	1	38	prediction	1843
#00BFC4	-1.39667598763481	1	39	prediction	1844
#00BFC4	-1.39667598763481	1	40	prediction	1845
#00BFC4	-1.3784391246736	1	0	prediction	1846
#00BFC4	-1.3784391246736	1	1	prediction	1847
#00BFC4	-1.3784391246736	1	2	prediction	1848
#00BFC4	-1.3784391246736	1	3	prediction	1849
#00BFC4	-1.3784391246736	1	4	prediction	1850
#00BFC4	-1.3784391246736	1	5	prediction	1851
#00BFC4	-1.3784391246736	1	6	prediction	1852
#00BFC4	-1.3784391246736	1	7	prediction	1853
#00BFC4	-1.3784391246736	1	8	prediction	1854
#00BFC4	-1.3784391246736	1	9	prediction	1855
#00BFC4	-1.3784391246736	1	10	prediction	1856
#00BFC4	-1.3784391246736	1	11	prediction	1857
#00BFC4	-1.3784391246736	1	12	prediction	1858
#00BFC4	-1.3784391246736	1	13	prediction	1859
#00BFC4	-1.3784391246736	1	14	prediction	1860
#00BFC4	-1.3784391246736	1	15	prediction	1861
#00BFC4	-1.3784391246736	1	16	prediction	1862
#00BFC4	-1.3784391246736	1	17	prediction	1863
#00BFC4	-1.3784391246736	1	18	prediction	1864
#00BFC4	-1.3784391246736	1	19	prediction	1865
#00BFC4	-1.3784391246736	1	20	prediction	1866
#00BFC4	-1.3784391246736	1	21	prediction	1867
#00BFC4	-1.3784391246736	1	22	prediction	1868
#00BFC4	-1.3784391246736	1	23	prediction	1869
#00BFC4	-1.3784391246736	1	24	prediction	1870
#00BFC4	-1.3784391246736	1	25	prediction	1871
#00BFC4	-1.3784391246736	1	26	prediction	1872
#00BFC4	-1.3784391246736	1	27	prediction	1873
#00BFC4	-1.3784391246736	1	28	prediction	1874
#00BFC4	-1.3784391246736	1	29	prediction	1875
#00BFC4	-1.3784391246736	1	30	prediction	1876
#00BFC4	-1.3784391246736	1	31	prediction	1877
#00BFC4	-1.3784391246736	1	32	prediction	1878
#00BFC4	-1.3784391246736	1	33	prediction	1879
#00BFC4	-1.3784391246736	1	34	prediction	1880
#00BFC4	-1.3784391246736	1	35	prediction	1881
#00BFC4	-1.3784391246736	1	36	prediction	1882
#00BFC4	-1.3784391246736	1	37	prediction	1883
#00BFC4	-1.3784391246736	1	38	prediction	1884
#00BFC4	-1.3784391246736	1	39	prediction	1885
#00BFC4	-1.3784391246736	1	40	prediction	1886
#00BFC4	-1.33346440410241	1	0	prediction	1887
#00BFC4	-1.33346440410241	1	1	prediction	1888
#00BFC4	-1.33346440410241	1	2	prediction	1889
#00BFC4	-1.33346440410241	1	3	prediction	1890
#00BFC4	-1.33346440410241	1	4	prediction	1891
#00BFC4	-1.33346440410241	1	5	prediction	1892
#00BFC4	-1.33346440410241	1	6	prediction	1893
#00BFC4	-1.33346440410241	1	7	prediction	1894
#00BFC4	-1.33346440410241	1	8	prediction	1895
#00BFC4	-1.33346440410241	1	9	prediction	1896
#00BFC4	-1.33346440410241	1	10	prediction	1897
#00BFC4	-1.33346440410241	1	11	prediction	1898
#00BFC4	-1.33346440410241	1	12	prediction	1899
#00BFC4	-1.33346440410241	1	13	prediction	1900
#00BFC4	-1.33346440410241	1	14	prediction	1901
#00BFC4	-1.33346440410241	1	15	prediction	1902
#00BFC4	-1.33346440410241	1	16	prediction	1903
#00BFC4	-1.33346440410241	1	17	prediction	1904
#00BFC4	-1.33346440410241	1	18	prediction	1905
#00BFC4	-1.33346440410241	1	19	prediction	1906
#00BFC4	-1.33346440410241	1	20	prediction	1907
#00BFC4	-1.33346440410241	1	21	prediction	1908
#00BFC4	-1.33346440410241	1	22	prediction	1909
#00BFC4	-1.33346440410241	1	23	prediction	1910
#00BFC4	-1.33346440410241	1	24	prediction	1911
#00BFC4	-1.33346440410241	1	25	prediction	1912
#00BFC4	-1.33346440410241	1	26	prediction	1913
#00BFC4	-1.33346440410241	1	27	prediction	1914
#00BFC4	-1.33346440410241	1	28	prediction	1915
#00BFC4	-1.33346440410241	1	29	prediction	1916
#00BFC4	-1.33346440410241	1	30	prediction	1917
#00BFC4	-1.33346440410241	1	31	prediction	1918
#00BFC4	-1.33346440410241	1	32	prediction	1919
#00BFC4	-1.33346440410241	1	33	prediction	1920
#00BFC4	-1.33346440410241	1	34	prediction	1921
#00BFC4	-1.33346440410241	1	35	prediction	1922
#00BFC4	-1.33346440410241	1	36	prediction	1923
#00BFC4	-1.33346440410241	1	37	prediction	1924
#00BFC4	-1.33346440410241	1	38	prediction	1925
#00BFC4	-1.33346440410241	1	39	prediction	1926
#00BFC4	-1.33346440410241	1	40	prediction	1927
#00BFC4	-1.30060499813408	1	0	prediction	1928
#00BFC4	-1.30060499813408	1	1	prediction	1929
#00BFC4	-1.30060499813408	1	2	prediction	1930
#00BFC4	-1.30060499813408	1	3	prediction	1931
#00BFC4	-1.30060499813408	1	4	prediction	1932
#00BFC4	-1.30060499813408	1	5	prediction	1933
#00BFC4	-1.30060499813408	1	6	prediction	1934
#00BFC4	-1.30060499813408	1	7	prediction	1935
#00BFC4	-1.30060499813408	1	8	prediction	1936
#00BFC4	-1.30060499813408	1	9	prediction	1937
#00BFC4	-1.30060499813408	1	10	prediction	1938
#00BFC4	-1.30060499813408	1	11	prediction	1939
#00BFC4	-1.30060499813408	1	12	prediction	1940
#00BFC4	-1.30060499813408	1	13	prediction	1941
#00BFC4	-1.30060499813408	1	14	prediction	1942
#00BFC4	-1.30060499813408	1	15	prediction	1943
#00BFC4	-1.30060499813408	1	16	prediction	1944
#00BFC4	-1.30060499813408	1	17	prediction	1945
#00BFC4	-1.30060499813408	1	18	prediction	1946
#00BFC4	-1.30060499813408	1	19	prediction	1947
#00BFC4	-1.30060499813408	1	20	prediction	1948
#00BFC4	-1.30060499813408	1	21	prediction	1949
#00BFC4	-1.30060499813408	1	22	prediction	1950
#00BFC4	-1.30060499813408	1	23	prediction	1951
#00BFC4	-1.30060499813408	1	24	prediction	1952
#00BFC4	-1.30060499813408	1	25	prediction	1953
#00BFC4	-1.30060499813408	1	26	prediction	1954
#00BFC4	-1.30060499813408	1	27	prediction	1955
#00BFC4	-1.30060499813408	1	28	prediction	1956
#00BFC4	-1.30060499813408	1	29	prediction	1957
#00BFC4	-1.30060499813408	1	30	prediction	1958
#00BFC4	-1.30060499813408	1	31	prediction	1959
#00BFC4	-1.30060499813408	1	32	prediction	1960
#00BFC4	-1.30060499813408	1	33	prediction	1961
#00BFC4	-1.30060499813408	1	34	prediction	1962
#00BFC4	-1.30060499813408	1	35	prediction	1963
#00BFC4	-1.30060499813408	1	36	prediction	1964
#00BFC4	-1.30060499813408	1	37	prediction	1965
#00BFC4	-1.30060499813408	1	38	prediction	1966
#00BFC4	-1.30060499813408	1	39	prediction	1967
#00BFC4	-1.30060499813408	1	40	prediction	1968
#00BFC4	-1.29125711414963	1	0	prediction	1969
#00BFC4	-1.29125711414963	1	1	prediction	1970
#00BFC4	-1.29125711414963	1	2	prediction	1971
#00BFC4	-1.29125711414963	1	3	prediction	1972
#00BFC4	-1.29125711414963	1	4	prediction	1973
#00BFC4	-1.29125711414963	1	5	prediction	1974
#00BFC4	-1.29125711414963	1	6	prediction	1975
#00BFC4	-1.29125711414963	1	7	prediction	1976
#00BFC4	-1.29125711414963	1	8	prediction	1977
#00BFC4	-1.29125711414963	1	9	prediction	1978
#00BFC4	-1.29125711414963	1	10	prediction	1979
#00BFC4	-1.29125711414963	1	11	prediction	1980
#00BFC4	-1.29125711414963	1	12	prediction	1981
#00BFC4	-1.29125711414963	1	13	prediction	1982
#00BFC4	-1.29125711414963	1	14	prediction	1983
#00BFC4	-1.29125711414963	1	15	prediction	1984
#00BFC4	-1.29125711414963	1	16	prediction	1985
#00BFC4	-1.29125711414963	1	17	prediction	1986
#00BFC4	-1.29125711414963	1	18	prediction	1987
#00BFC4	-1.29125711414963	1	19	prediction	1988
#00BFC4	-1.29125711414963	1	20	prediction	1989
#00BFC4	-1.29125711414963	1	21	prediction	1990
#00BFC4	-1.29125711414963	1	22	prediction	1991
#00BFC4	-1.29125711414963	1	23	prediction	1992
#00BFC4	-1.29125711414963	1	24	prediction	1993
#00BFC4	-1.29125711414963	1	25	prediction	1994
#00BFC4	-1.29125711414963	1	26	prediction	1995
#00BFC4	-1.29125711414963	1	27	prediction	1996
#00BFC4	-1.29125711414963	1	28	prediction	1997
#00BFC4	-1.29125711414963	1	29	prediction	1998
#00BFC4	-1.29125711414963	1	30	prediction	1999
#00BFC4	-1.29125711414963	1	31	prediction	2000
#00BFC4	-1.29125711414963	1	32	prediction	2001
#00BFC4	-1.29125711414963	1	33	prediction	2002
#00BFC4	-1.29125711414963	1	34	prediction	2003
#00BFC4	-1.29125711414963	1	35	prediction	2004
#00BFC4	-1.29125711414963	1	36	prediction	2005
#00BFC4	-1.29125711414963	1	37	prediction	2006
#00BFC4	-1.29125711414963	1	38	prediction	2007
#00BFC4	-1.29125711414963	1	39	prediction	2008
#00BFC4	-1.29125711414963	1	40	prediction	2009
#00BFC4	-1.2383797634393	1	0	prediction	2010
#00BFC4	-1.2383797634393	1	1	prediction	2011
#00BFC4	-1.2383797634393	1	2	prediction	2012
#00BFC4	-1.2383797634393	1	3	prediction	2013
#00BFC4	-1.2383797634393	1	4	prediction	2014
#00BFC4	-1.2383797634393	1	5	prediction	2015
#00BFC4	-1.2383797634393	1	6	prediction	2016
#00BFC4	-1.2383797634393	1	7	prediction	2017
#00BFC4	-1.2383797634393	1	8	prediction	2018
#00BFC4	-1.2383797634393	1	9	prediction	2019
#00BFC4	-1.2383797634393	1	10	prediction	2020
#00BFC4	-1.2383797634393	1	11	prediction	2021
#00BFC4	-1.2383797634393	1	12	prediction	2022
#00BFC4	-1.2383797634393	1	13	prediction	2023
#00BFC4	-1.2383797634393	1	14	prediction	2024
#00BFC4	-1.2383797634393	1	15	prediction	2025
#00BFC4	-1.2383797634393	1	16	prediction	2026
#00BFC4	-1.2383797634393	1	17	prediction	2027
#00BFC4	-1.2383797634393	1	18	prediction	2028
#00BFC4	-1.2383797634393	1	19	prediction	2029
#00BFC4	-1.2383797634393	1	20	prediction	2030
#00BFC4	-1.2383797634393	1	21	prediction	2031
#00BFC4	-1.2383797634393	1	22	prediction	2032
#00BFC4	-1.2383797634393	1	23	prediction	2033
#00BFC4	-1.2383797634393	1	24	prediction	2034
#00BFC4	-1.2383797634393	1	25	prediction	2035
#00BFC4	-1.2383797634393	1	26	prediction	2036
#00BFC4	-1.2383797634393	1	27	prediction	2037
#00BFC4	-1.2383797634393	1	28	prediction	2038
#00BFC4	-1.2383797634393	1	29	prediction	2039
#00BFC4	-1.2383797634393	1	30	prediction	2040
#00BFC4	-1.2383797634393	1	31	prediction	2041
#00BFC4	-1.2383797634393	1	32	prediction	2042
#00BFC4	-1.2383797634393	1	33	prediction	2043
#00BFC4	-1.2383797634393	1	34	prediction	2044
#00BFC4	-1.2383797634393	1	35	prediction	2045
#00BFC4	-1.2383797634393	1	36	prediction	2046
#00BFC4	-1.2383797634393	1	37	prediction	2047
#00BFC4	-1.2383797634393	1	38	prediction	2048
#00BFC4	-1.2383797634393	1	39	prediction	2049
#00BFC4	-1.2383797634393	1	40	prediction	2050
#00BFC4	-1.2376190694049	1	0	prediction	2051
#00BFC4	-1.2376190694049	1	1	prediction	2052
#00BFC4	-1.2376190694049	1	2	prediction	2053
#00BFC4	-1.2376190694049	1	3	prediction	2054
#00BFC4	-1.2376190694049	1	4	prediction	2055
#00BFC4	-1.2376190694049	1	5	prediction	2056
#00BFC4	-1.2376190694049	1	6	prediction	2057
#00BFC4	-1.2376190694049	1	7	prediction	2058
#00BFC4	-1.2376190694049	1	8	prediction	2059
#00BFC4	-1.2376190694049	1	9	prediction	2060
#00BFC4	-1.2376190694049	1	10	prediction	2061
#00BFC4	-1.2376190694049	1	11	prediction	2062
#00BFC4	-1.2376190694049	1	12	prediction	2063
#00BFC4	-1.2376190694049	1	13	prediction	2064
#00BFC4	-1.2376190694049	1	14	prediction	2065
#00BFC4	-1.2376190694049	1	15	prediction	2066
#00BFC4	-1.2376190694049	1	16	prediction	2067
#00BFC4	-1.2376190694049	1	17	prediction	2068
#00BFC4	-1.2376190694049	1	18	prediction	2069
#00BFC4	-1.2376190694049	1	19	prediction	2070
#00BFC4	-1.2376190694049	1	20	prediction	2071
#00BFC4	-1.2376190694049	1	21	prediction	2072
#00BFC4	-1.2376190694049	1	22	prediction	2073
#00BFC4	-1.2376190694049	1	23	prediction	2074
#00BFC4	-1.2376190694049	1	24	prediction	2075
#00BFC4	-1.2376190694049	1	25	prediction	2076
#00BFC4	-1.2376190694049	1	26	prediction	2077
#00BFC4	-1.2376190694049	1	27	prediction	2078
#00BFC4	-1.2376190694049	1	28	prediction	2079
#00BFC4	-1.2376190694049	1	29	prediction	2080
#00BFC4	-1.2376190694049	1	30	prediction	2081
#00BFC4	-1.2376190694049	1	31	prediction	2082
#00BFC4	-1.2376190694049	1	32	prediction	2083
#00BFC4	-1.2376190694049	1	33	prediction	2084
#00BFC4	-1.2376190694049	1	34	prediction	2085
#00BFC4	-1.2376190694049	1	35	prediction	2086
#00BFC4	-1.2376190694049	1	36	prediction	2087
#00BFC4	-1.2376190694049	1	37	prediction	2088
#00BFC4	-1.2376190694049	1	38	prediction	2089
#00BFC4	-1.2376190694049	1	39	prediction	2090
#00BFC4	-1.2376190694049	1	40	prediction	2091
#00BFC4	-1.1023697569035	1	0	prediction	2092
#00BFC4	-1.1023697569035	1	1	prediction	2093
#00BFC4	-1.1023697569035	1	2	prediction	2094
#00BFC4	-1.1023697569035	1	3	prediction	2095
#00BFC4	-1.1023697569035	1	4	prediction	2096
#00BFC4	-1.1023697569035	1	5	prediction	2097
#00BFC4	-1.1023697569035	1	6	prediction	2098
#00BFC4	-1.1023697569035	1	7	prediction	2099
#00BFC4	-1.1023697569035	1	8	prediction	2100
#00BFC4	-1.1023697569035	1	9	prediction	2101
#00BFC4	-1.1023697569035	1	10	prediction	2102
#00BFC4	-1.1023697569035	1	11	prediction	2103
#00BFC4	-1.1023697569035	1	12	prediction	2104
#00BFC4	-1.1023697569035	1	13	prediction	2105
#00BFC4	-1.1023697569035	1	14	prediction	2106
#00BFC4	-1.1023697569035	1	15	prediction	2107
#00BFC4	-1.1023697569035	1	16	prediction	2108
#00BFC4	-1.1023697569035	1	17	prediction	2109
#00BFC4	-1.1023697569035	1	18	prediction	2110
#00BFC4	-1.1023697569035	1	19	prediction	2111
#00BFC4	-1.1023697569035	1	20	prediction	2112
#00BFC4	-1.1023697569035	1	21	prediction	2113
#00BFC4	-1.1023697569035	1	22	prediction	2114
#00BFC4	-1.1023697569035	1	23	prediction	2115
#00BFC4	-1.1023697569035	1	24	prediction	2116
#00BFC4	-1.1023697569035	1	25	prediction	2117
#00BFC4	-1.1023697569035	1	26	prediction	2118
#00BFC4	-1.1023697569035	1	27	prediction	2119
#00BFC4	-1.1023697569035	1	28	prediction	2120
#00BFC4	-1.1023697569035	1	29	prediction	2121
#00BFC4	-1.1023697569035	1	30	prediction	2122
#00BFC4	-1.1023697569035	1	31	prediction	2123
#00BFC4	-1.1023697569035	1	32	prediction	2124
#00BFC4	-1.1023697569035	1	33	prediction	2125
#00BFC4	-1.1023697569035	1	34	prediction	2126
#00BFC4	-1.1023697569035	1	35	prediction	2127
#00BFC4	-1.1023697569035	1	36	prediction	2128
#00BFC4	-1.1023697569035	1	37	prediction	2129
#00BFC4	-1.1023697569035	1	38	prediction	2130
#00BFC4	-1.1023697569035	1	39	prediction	2131
#00BFC4	-1.1023697569035	1	40	prediction	2132
#00BFC4	-1.09221789333969	1	0	prediction	2133
#00BFC4	-1.09221789333969	1	1	prediction	2134
#00BFC4	-1.09221789333969	1	2	prediction	2135
#00BFC4	-1.09221789333969	1	3	prediction	2136
#00BFC4	-1.09221789333969	1	4	prediction	2137
#00BFC4	-1.09221789333969	1	5	prediction	2138
#00BFC4	-1.09221789333969	1	6	prediction	2139
#00BFC4	-1.09221789333969	1	7	prediction	2140
#00BFC4	-1.09221789333969	1	8	prediction	2141
#00BFC4	-1.09221789333969	1	9	prediction	2142
#00BFC4	-1.09221789333969	1	10	prediction	2143
#00BFC4	-1.09221789333969	1	11	prediction	2144
#00BFC4	-1.09221789333969	1	12	prediction	2145
#00BFC4	-1.09221789333969	1	13	prediction	2146
#00BFC4	-1.09221789333969	1	14	prediction	2147
#00BFC4	-1.09221789333969	1	15	prediction	2148
#00BFC4	-1.09221789333969	1	16	prediction	2149
#00BFC4	-1.09221789333969	1	17	prediction	2150
#00BFC4	-1.09221789333969	1	18	prediction	2151
#00BFC4	-1.09221789333969	1	19	prediction	2152
#00BFC4	-1.09221789333969	1	20	prediction	2153
#00BFC4	-1.09221789333969	1	21	prediction	2154
#00BFC4	-1.09221789333969	1	22	prediction	2155
#00BFC4	-1.09221789333969	1	23	prediction	2156
#00BFC4	-1.09221789333969	1	24	prediction	2157
#00BFC4	-1.09221789333969	1	25	prediction	2158
#00BFC4	-1.09221789333969	1	26	prediction	2159
#00BFC4	-1.09221789333969	1	27	prediction	2160
#00BFC4	-1.09221789333969	1	28	prediction	2161
#00BFC4	-1.09221789333969	1	29	prediction	2162
#00BFC4	-1.09221789333969	1	30	prediction	2163
#00BFC4	-1.09221789333969	1	31	prediction	2164
#00BFC4	-1.09221789333969	1	32	prediction	2165
#00BFC4	-1.09221789333969	1	33	prediction	2166
#00BFC4	-1.09221789333969	1	34	prediction	2167
#00BFC4	-1.09221789333969	1	35	prediction	2168
#00BFC4	-1.09221789333969	1	36	prediction	2169
#00BFC4	-1.09221789333969	1	37	prediction	2170
#00BFC4	-1.09221789333969	1	38	prediction	2171
#00BFC4	-1.09221789333969	1	39	prediction	2172
#00BFC4	-1.09221789333969	1	40	prediction	2173
#00BFC4	-1.04788708873093	1	0	prediction	2174
#00BFC4	-1.04788708873093	1	1	prediction	2175
#00BFC4	-1.04788708873093	1	2	prediction	2176
#00BFC4	-1.04788708873093	1	3	prediction	2177
#00BFC4	-1.04788708873093	1	4	prediction	2178
#00BFC4	-1.04788708873093	1	5	prediction	2179
#00BFC4	-1.04788708873093	1	6	prediction	2180
#00BFC4	-1.04788708873093	1	7	prediction	2181
#00BFC4	-1.04788708873093	1	8	prediction	2182
#00BFC4	-1.04788708873093	1	9	prediction	2183
#00BFC4	-1.04788708873093	1	10	prediction	2184
#00BFC4	-1.04788708873093	1	11	prediction	2185
#00BFC4	-1.04788708873093	1	12	prediction	2186
#00BFC4	-1.04788708873093	1	13	prediction	2187
#00BFC4	-1.04788708873093	1	14	prediction	2188
#00BFC4	-1.04788708873093	1	15	prediction	2189
#00BFC4	-1.04788708873093	1	16	prediction	2190
#00BFC4	-1.04788708873093	1	17	prediction	2191
#00BFC4	-1.04788708873093	1	18	prediction	2192
#00BFC4	-1.04788708873093	1	19	prediction	2193
#00BFC4	-1.04788708873093	1	20	prediction	2194
#00BFC4	-1.04788708873093	1	21	prediction	2195
#00BFC4	-1.04788708873093	1	22	prediction	2196
#00BFC4	-1.04788708873093	1	23	prediction	2197
#00BFC4	-1.04788708873093	1	24	prediction	2198
#00BFC4	-1.04788708873093	1	25	prediction	2199
#00BFC4	-1.04788708873093	1	26	prediction	2200
#00BFC4	-1.04788708873093	1	27	prediction	2201
#00BFC4	-1.04788708873093	1	28	prediction	2202
#00BFC4	-1.04788708873093	1	29	prediction	2203
#00BFC4	-1.04788708873093	1	30	prediction	2204
#00BFC4	-1.04788708873093	1	31	prediction	2205
#00BFC4	-1.04788708873093	1	32	prediction	2206
#00BFC4	-1.04788708873093	1	33	prediction	2207
#00BFC4	-1.04788708873093	1	34	prediction	2208
#00BFC4	-1.04788708873093	1	35	prediction	2209
#00BFC4	-1.04788708873093	1	36	prediction	2210
#00BFC4	-1.04788708873093	1	37	prediction	2211
#00BFC4	-1.04788708873093	1	38	prediction	2212
#00BFC4	-1.04788708873093	1	39	prediction	2213
#00BFC4	-1.04788708873093	1	40	prediction	2214
#00BFC4	-1.02733608568087	1	0	prediction	2215
#00BFC4	-1.02733608568087	1	1	prediction	2216
#00BFC4	-1.02733608568087	1	2	prediction	2217
#00BFC4	-1.02733608568087	1	3	prediction	2218
#00BFC4	-1.02733608568087	1	4	prediction	2219
#00BFC4	-1.02733608568087	1	5	prediction	2220
#00BFC4	-1.02733608568087	1	6	prediction	2221
#00BFC4	-1.02733608568087	1	7	prediction	2222
#00BFC4	-1.02733608568087	1	8	prediction	2223
#00BFC4	-1.02733608568087	1	9	prediction	2224
#00BFC4	-1.02733608568087	1	10	prediction	2225
#00BFC4	-1.02733608568087	1	11	prediction	2226
#00BFC4	-1.02733608568087	1	12	prediction	2227
#00BFC4	-1.02733608568087	1	13	prediction	2228
#00BFC4	-1.02733608568087	1	14	prediction	2229
#00BFC4	-1.02733608568087	1	15	prediction	2230
#00BFC4	-1.02733608568087	1	16	prediction	2231
#00BFC4	-1.02733608568087	1	17	prediction	2232
#00BFC4	-1.02733608568087	1	18	prediction	2233
#00BFC4	-1.02733608568087	1	19	prediction	2234
#00BFC4	-1.02733608568087	1	20	prediction	2235
#00BFC4	-1.02733608568087	1	21	prediction	2236
#00BFC4	-1.02733608568087	1	22	prediction	2237
#00BFC4	-1.02733608568087	1	23	prediction	2238
#00BFC4	-1.02733608568087	1	24	prediction	2239
#00BFC4	-1.02733608568087	1	25	prediction	2240
#00BFC4	-1.02733608568087	1	26	prediction	2241
#00BFC4	-1.02733608568087	1	27	prediction	2242
#00BFC4	-1.02733608568087	1	28	prediction	2243
#00BFC4	-1.02733608568087	1	29	prediction	2244
#00BFC4	-1.02733608568087	1	30	prediction	2245
#00BFC4	-1.02733608568087	1	31	prediction	2246
#00BFC4	-1.02733608568087	1	32	prediction	2247
#00BFC4	-1.02733608568087	1	33	prediction	2248
#00BFC4	-1.02733608568087	1	34	prediction	2249
#00BFC4	-1.02733608568087	1	35	prediction	2250
#00BFC4	-1.02733608568087	1	36	prediction	2251
#00BFC4	-1.02733608568087	1	37	prediction	2252
#00BFC4	-1.02733608568087	1	38	prediction	2253
#00BFC4	-1.02733608568087	1	39	prediction	2254
#00BFC4	-1.02733608568087	1	40	prediction	2255
#00BFC4	-1.00563195487484	1	0	prediction	2256
#00BFC4	-1.00563195487484	1	1	prediction	2257
#00BFC4	-1.00563195487484	1	2	prediction	2258
#00BFC4	-1.00563195487484	1	3	prediction	2259
#00BFC4	-1.00563195487484	1	4	prediction	2260
#00BFC4	-1.00563195487484	1	5	prediction	2261
#00BFC4	-1.00563195487484	1	6	prediction	2262
#00BFC4	-1.00563195487484	1	7	prediction	2263
#00BFC4	-1.00563195487484	1	8	prediction	2264
#00BFC4	-1.00563195487484	1	9	prediction	2265
#00BFC4	-1.00563195487484	1	10	prediction	2266
#00BFC4	-1.00563195487484	1	11	prediction	2267
#00BFC4	-1.00563195487484	1	12	prediction	2268
#00BFC4	-1.00563195487484	1	13	prediction	2269
#00BFC4	-1.00563195487484	1	14	prediction	2270
#00BFC4	-1.00563195487484	1	15	prediction	2271
#00BFC4	-1.00563195487484	1	16	prediction	2272
#00BFC4	-1.00563195487484	1	17	prediction	2273
#00BFC4	-1.00563195487484	1	18	prediction	2274
#00BFC4	-1.00563195487484	1	19	prediction	2275
#00BFC4	-1.00563195487484	1	20	prediction	2276
#00BFC4	-1.00563195487484	1	21	prediction	2277
#00BFC4	-1.00563195487484	1	22	prediction	2278
#00BFC4	-1.00563195487484	1	23	prediction	2279
#00BFC4	-1.00563195487484	1	24	prediction	2280
#00BFC4	-1.00563195487484	1	25	prediction	2281
#00BFC4	-1.00563195487484	1	26	prediction	2282
#00BFC4	-1.00563195487484	1	27	prediction	2283
#00BFC4	-1.00563195487484	1	28	prediction	2284
#00BFC4	-1.00563195487484	1	29	prediction	2285
#00BFC4	-1.00563195487484	1	30	prediction	2286
#00BFC4	-1.00563195487484	1	31	prediction	2287
#00BFC4	-1.00563195487484	1	32	prediction	2288
#00BFC4	-1.00563195487484	1	33	prediction	2289
#00BFC4	-1.00563195487484	1	34	prediction	2290
#00BFC4	-1.00563195487484	1	35	prediction	2291
#00BFC4	-1.00563195487484	1	36	prediction	2292
#00BFC4	-1.00563195487484	1	37	prediction	2293
#00BFC4	-1.00563195487484	1	38	prediction	2294
#00BFC4	-1.00563195487484	1	39	prediction	2295
#00BFC4	-1.00563195487484	1	40	prediction	2296
#00BFC4	-0.997350415214896	1	0	prediction	2297
#00BFC4	-0.997350415214896	1	1	prediction	2298
#00BFC4	-0.997350415214896	1	2	prediction	2299
#00BFC4	-0.997350415214896	1	3	prediction	2300
#00BFC4	-0.997350415214896	1	4	prediction	2301
#00BFC4	-0.997350415214896	1	5	prediction	2302
#00BFC4	-0.997350415214896	1	6	prediction	2303
#00BFC4	-0.997350415214896	1	7	prediction	2304
#00BFC4	-0.997350415214896	1	8	prediction	2305
#00BFC4	-0.997350415214896	1	9	prediction	2306
#00BFC4	-0.997350415214896	1	10	prediction	2307
#00BFC4	-0.997350415214896	1	11	prediction	2308
#00BFC4	-0.997350415214896	1	12	prediction	2309
#00BFC4	-0.997350415214896	1	13	prediction	2310
#00BFC4	-0.997350415214896	1	14	prediction	2311
#00BFC4	-0.997350415214896	1	15	prediction	2312
#00BFC4	-0.997350415214896	1	16	prediction	2313
#00BFC4	-0.997350415214896	1	17	prediction	2314
#00BFC4	-0.997350415214896	1	18	prediction	2315
#00BFC4	-0.997350415214896	1	19	prediction	2316
#00BFC4	-0.997350415214896	1	20	prediction	2317
#00BFC4	-0.997350415214896	1	21	prediction	2318
#00BFC4	-0.997350415214896	1	22	prediction	2319
#00BFC4	-0.997350415214896	1	23	prediction	2320
#00BFC4	-0.997350415214896	1	24	prediction	2321
#00BFC4	-0.997350415214896	1	25	prediction	2322
#00BFC4	-0.997350415214896	1	26	prediction	2323
#00BFC4	-0.997350415214896	1	27	prediction	2324
#00BFC4	-0.997350415214896	1	28	prediction	2325
#00BFC4	-0.997350415214896	1	29	prediction	2326
#00BFC4	-0.997350415214896	1	30	prediction	2327
#00BFC4	-0.997350415214896	1	31	prediction	2328
#00BFC4	-0.997350415214896	1	32	prediction	2329
#00BFC4	-0.997350415214896	1	33	prediction	2330
#00BFC4	-0.997350415214896	1	34	prediction	2331
#00BFC4	-0.997350415214896	1	35	prediction	2332
#00BFC4	-0.997350415214896	1	36	prediction	2333
#00BFC4	-0.997350415214896	1	37	prediction	2334
#00BFC4	-0.997350415214896	1	38	prediction	2335
#00BFC4	-0.997350415214896	1	39	prediction	2336
#00BFC4	-0.997350415214896	1	40	prediction	2337
#00BFC4	-0.987075049895793	1	0	prediction	2338
#00BFC4	-0.987075049895793	1	1	prediction	2339
#00BFC4	-0.987075049895793	1	2	prediction	2340
#00BFC4	-0.987075049895793	1	3	prediction	2341
#00BFC4	-0.987075049895793	1	4	prediction	2342
#00BFC4	-0.987075049895793	1	5	prediction	2343
#00BFC4	-0.987075049895793	1	6	prediction	2344
#00BFC4	-0.987075049895793	1	7	prediction	2345
#00BFC4	-0.987075049895793	1	8	prediction	2346
#00BFC4	-0.987075049895793	1	9	prediction	2347
#00BFC4	-0.987075049895793	1	10	prediction	2348
#00BFC4	-0.987075049895793	1	11	prediction	2349
#00BFC4	-0.987075049895793	1	12	prediction	2350
#00BFC4	-0.987075049895793	1	13	prediction	2351
#00BFC4	-0.987075049895793	1	14	prediction	2352
#00BFC4	-0.987075049895793	1	15	prediction	2353
#00BFC4	-0.987075049895793	1	16	prediction	2354
#00BFC4	-0.987075049895793	1	17	prediction	2355
#00BFC4	-0.987075049895793	1	18	prediction	2356
#00BFC4	-0.987075049895793	1	19	prediction	2357
#00BFC4	-0.987075049895793	1	20	prediction	2358
#00BFC4	-0.987075049895793	1	21	prediction	2359
#00BFC4	-0.987075049895793	1	22	prediction	2360
#00BFC4	-0.987075049895793	1	23	prediction	2361
#00BFC4	-0.987075049895793	1	24	prediction	2362
#00BFC4	-0.987075049895793	1	25	prediction	2363
#00BFC4	-0.987075049895793	1	26	prediction	2364
#00BFC4	-0.987075049895793	1	27	prediction	2365
#00BFC4	-0.987075049895793	1	28	prediction	2366
#00BFC4	-0.987075049895793	1	29	prediction	2367
#00BFC4	-0.987075049895793	1	30	prediction	2368
#00BFC4	-0.987075049895793	1	31	prediction	2369
#00BFC4	-0.987075049895793	1	32	prediction	2370
#00BFC4	-0.987075049895793	1	33	prediction	2371
#00BFC4	-0.987075049895793	1	34	prediction	2372
#00BFC4	-0.987075049895793	1	35	prediction	2373
#00BFC4	-0.987075049895793	1	36	prediction	2374
#00BFC4	-0.987075049895793	1	37	prediction	2375
#00BFC4	-0.987075049895793	1	38	prediction	2376
#00BFC4	-0.987075049895793	1	39	prediction	2377
#00BFC4	-0.987075049895793	1	40	prediction	2378
#00BFC4	-0.974307999014854	1	0	prediction	2379
#00BFC4	-0.974307999014854	1	1	prediction	2380
#00BFC4	-0.974307999014854	1	2	prediction	2381
#00BFC4	-0.974307999014854	1	3	prediction	2382
#00BFC4	-0.974307999014854	1	4	prediction	2383
#00BFC4	-0.974307999014854	1	5	prediction	2384
#00BFC4	-0.974307999014854	1	6	prediction	2385
#00BFC4	-0.974307999014854	1	7	prediction	2386
#00BFC4	-0.974307999014854	1	8	prediction	2387
#00BFC4	-0.974307999014854	1	9	prediction	2388
#00BFC4	-0.974307999014854	1	10	prediction	2389
#00BFC4	-0.974307999014854	1	11	prediction	2390
#00BFC4	-0.974307999014854	1	12	prediction	2391
#00BFC4	-0.974307999014854	1	13	prediction	2392
#00BFC4	-0.974307999014854	1	14	prediction	2393
#00BFC4	-0.974307999014854	1	15	prediction	2394
#00BFC4	-0.974307999014854	1	16	prediction	2395
#00BFC4	-0.974307999014854	1	17	prediction	2396
#00BFC4	-0.974307999014854	1	18	prediction	2397
#00BFC4	-0.974307999014854	1	19	prediction	2398
#00BFC4	-0.974307999014854	1	20	prediction	2399
#00BFC4	-0.974307999014854	1	21	prediction	2400
#00BFC4	-0.974307999014854	1	22	prediction	2401
#00BFC4	-0.974307999014854	1	23	prediction	2402
#00BFC4	-0.974307999014854	1	24	prediction	2403
#00BFC4	-0.974307999014854	1	25	prediction	2404
#00BFC4	-0.974307999014854	1	26	prediction	2405
#00BFC4	-0.974307999014854	1	27	prediction	2406
#00BFC4	-0.974307999014854	1	28	prediction	2407
#00BFC4	-0.974307999014854	1	29	prediction	2408
#00BFC4	-0.974307999014854	1	30	prediction	2409
#00BFC4	-0.974307999014854	1	31	prediction	2410
#00BFC4	-0.974307999014854	1	32	prediction	2411
#00BFC4	-0.974307999014854	1	33	prediction	2412
#00BFC4	-0.974307999014854	1	34	prediction	2413
#00BFC4	-0.974307999014854	1	35	prediction	2414
#00BFC4	-0.974307999014854	1	36	prediction	2415
#00BFC4	-0.974307999014854	1	37	prediction	2416
#00BFC4	-0.974307999014854	1	38	prediction	2417
#00BFC4	-0.974307999014854	1	39	prediction	2418
#00BFC4	-0.974307999014854	1	40	prediction	2419
#00BFC4	-0.965562372934073	1	0	prediction	2420
#00BFC4	-0.965562372934073	1	1	prediction	2421
#00BFC4	-0.965562372934073	1	2	prediction	2422
#00BFC4	-0.965562372934073	1	3	prediction	2423
#00BFC4	-0.965562372934073	1	4	prediction	2424
#00BFC4	-0.965562372934073	1	5	prediction	2425
#00BFC4	-0.965562372934073	1	6	prediction	2426
#00BFC4	-0.965562372934073	1	7	prediction	2427
#00BFC4	-0.965562372934073	1	8	prediction	2428
#00BFC4	-0.965562372934073	1	9	prediction	2429
#00BFC4	-0.965562372934073	1	10	prediction	2430
#00BFC4	-0.965562372934073	1	11	prediction	2431
#00BFC4	-0.965562372934073	1	12	prediction	2432
#00BFC4	-0.965562372934073	1	13	prediction	2433
#00BFC4	-0.965562372934073	1	14	prediction	2434
#00BFC4	-0.965562372934073	1	15	prediction	2435
#00BFC4	-0.965562372934073	1	16	prediction	2436
#00BFC4	-0.965562372934073	1	17	prediction	2437
#00BFC4	-0.965562372934073	1	18	prediction	2438
#00BFC4	-0.965562372934073	1	19	prediction	2439
#00BFC4	-0.965562372934073	1	20	prediction	2440
#00BFC4	-0.965562372934073	1	21	prediction	2441
#00BFC4	-0.965562372934073	1	22	prediction	2442
#00BFC4	-0.965562372934073	1	23	prediction	2443
#00BFC4	-0.965562372934073	1	24	prediction	2444
#00BFC4	-0.965562372934073	1	25	prediction	2445
#00BFC4	-0.965562372934073	1	26	prediction	2446
#00BFC4	-0.965562372934073	1	27	prediction	2447
#00BFC4	-0.965562372934073	1	28	prediction	2448
#00BFC4	-0.965562372934073	1	29	prediction	2449
#00BFC4	-0.965562372934073	1	30	prediction	2450
#00BFC4	-0.965562372934073	1	31	prediction	2451
#00BFC4	-0.965562372934073	1	32	prediction	2452
#00BFC4	-0.965562372934073	1	33	prediction	2453
#00BFC4	-0.965562372934073	1	34	prediction	2454
#00BFC4	-0.965562372934073	1	35	prediction	2455
#00BFC4	-0.965562372934073	1	36	prediction	2456
#00BFC4	-0.965562372934073	1	37	prediction	2457
#00BFC4	-0.965562372934073	1	38	prediction	2458
#00BFC4	-0.965562372934073	1	39	prediction	2459
#00BFC4	-0.965562372934073	1	40	prediction	2460
#00BFC4	-0.957906019873917	1	0	prediction	2461
#00BFC4	-0.957906019873917	1	1	prediction	2462
#00BFC4	-0.957906019873917	1	2	prediction	2463
#00BFC4	-0.957906019873917	1	3	prediction	2464
#00BFC4	-0.957906019873917	1	4	prediction	2465
#00BFC4	-0.957906019873917	1	5	prediction	2466
#00BFC4	-0.957906019873917	1	6	prediction	2467
#00BFC4	-0.957906019873917	1	7	prediction	2468
#00BFC4	-0.957906019873917	1	8	prediction	2469
#00BFC4	-0.957906019873917	1	9	prediction	2470
#00BFC4	-0.957906019873917	1	10	prediction	2471
#00BFC4	-0.957906019873917	1	11	prediction	2472
#00BFC4	-0.957906019873917	1	12	prediction	2473
#00BFC4	-0.957906019873917	1	13	prediction	2474
#00BFC4	-0.957906019873917	1	14	prediction	2475
#00BFC4	-0.957906019873917	1	15	prediction	2476
#00BFC4	-0.957906019873917	1	16	prediction	2477
#00BFC4	-0.957906019873917	1	17	prediction	2478
#00BFC4	-0.957906019873917	1	18	prediction	2479
#00BFC4	-0.957906019873917	1	19	prediction	2480
#00BFC4	-0.957906019873917	1	20	prediction	2481
#00BFC4	-0.957906019873917	1	21	prediction	2482
#00BFC4	-0.957906019873917	1	22	prediction	2483
#00BFC4	-0.957906019873917	1	23	prediction	2484
#00BFC4	-0.957906019873917	1	24	prediction	2485
#00BFC4	-0.957906019873917	1	25	prediction	2486
#00BFC4	-0.957906019873917	1	26	prediction	2487
#00BFC4	-0.957906019873917	1	27	prediction	2488
#00BFC4	-0.957906019873917	1	28	prediction	2489
#00BFC4	-0.957906019873917	1	29	prediction	2490
#00BFC4	-0.957906019873917	1	30	prediction	2491
#00BFC4	-0.957906019873917	1	31	prediction	2492
#00BFC4	-0.957906019873917	1	32	prediction	2493
#00BFC4	-0.957906019873917	1	33	prediction	2494
#00BFC4	-0.957906019873917	1	34	prediction	2495
#00BFC4	-0.957906019873917	1	35	prediction	2496
#00BFC4	-0.957906019873917	1	36	prediction	2497
#00BFC4	-0.957906019873917	1	37	prediction	2498
#00BFC4	-0.957906019873917	1	38	prediction	2499
#00BFC4	-0.957906019873917	1	39	prediction	2500
#00BFC4	-0.957906019873917	1	40	prediction	2501
#00BFC4	-0.919899065047503	1	0	prediction	2502
#00BFC4	-0.919899065047503	1	1	prediction	2503
#00BFC4	-0.919899065047503	1	2	prediction	2504
#00BFC4	-0.919899065047503	1	3	prediction	2505
#00BFC4	-0.919899065047503	1	4	prediction	2506
#00BFC4	-0.919899065047503	1	5	prediction	2507
#00BFC4	-0.919899065047503	1	6	prediction	2508
#00BFC4	-0.919899065047503	1	7	prediction	2509
#00BFC4	-0.919899065047503	1	8	prediction	2510
#00BFC4	-0.919899065047503	1	9	prediction	2511
#00BFC4	-0.919899065047503	1	10	prediction	2512
#00BFC4	-0.919899065047503	1	11	prediction	2513
#00BFC4	-0.919899065047503	1	12	prediction	2514
#00BFC4	-0.919899065047503	1	13	prediction	2515
#00BFC4	-0.919899065047503	1	14	prediction	2516
#00BFC4	-0.919899065047503	1	15	prediction	2517
#00BFC4	-0.919899065047503	1	16	prediction	2518
#00BFC4	-0.919899065047503	1	17	prediction	2519
#00BFC4	-0.919899065047503	1	18	prediction	2520
#00BFC4	-0.919899065047503	1	19	prediction	2521
#00BFC4	-0.919899065047503	1	20	prediction	2522
#00BFC4	-0.919899065047503	1	21	prediction	2523
#00BFC4	-0.919899065047503	1	22	prediction	2524
#00BFC4	-0.919899065047503	1	23	prediction	2525
#00BFC4	-0.919899065047503	1	24	prediction	2526
#00BFC4	-0.919899065047503	1	25	prediction	2527
#00BFC4	-0.919899065047503	1	26	prediction	2528
#00BFC4	-0.919899065047503	1	27	prediction	2529
#00BFC4	-0.919899065047503	1	28	prediction	2530
#00BFC4	-0.919899065047503	1	29	prediction	2531
#00BFC4	-0.919899065047503	1	30	prediction	2532
#00BFC4	-0.919899065047503	1	31	prediction	2533
#00BFC4	-0.919899065047503	1	32	prediction	2534
#00BFC4	-0.919899065047503	1	33	prediction	2535
#00BFC4	-0.919899065047503	1	34	prediction	2536
#00BFC4	-0.919899065047503	1	35	prediction	2537
#00BFC4	-0.919899065047503	1	36	prediction	2538
#00BFC4	-0.919899065047503	1	37	prediction	2539
#00BFC4	-0.919899065047503	1	38	prediction	2540
#00BFC4	-0.919899065047503	1	39	prediction	2541
#00BFC4	-0.919899065047503	1	40	prediction	2542
#00BFC4	-0.880816368386149	1	0	prediction	2543
#00BFC4	-0.880816368386149	1	1	prediction	2544
#00BFC4	-0.880816368386149	1	2	prediction	2545
#00BFC4	-0.880816368386149	1	3	prediction	2546
#00BFC4	-0.880816368386149	1	4	prediction	2547
#00BFC4	-0.880816368386149	1	5	prediction	2548
#00BFC4	-0.880816368386149	1	6	prediction	2549
#00BFC4	-0.880816368386149	1	7	prediction	2550
#00BFC4	-0.880816368386149	1	8	prediction	2551
#00BFC4	-0.880816368386149	1	9	prediction	2552
#00BFC4	-0.880816368386149	1	10	prediction	2553
#00BFC4	-0.880816368386149	1	11	prediction	2554
#00BFC4	-0.880816368386149	1	12	prediction	2555
#00BFC4	-0.880816368386149	1	13	prediction	2556
#00BFC4	-0.880816368386149	1	14	prediction	2557
#00BFC4	-0.880816368386149	1	15	prediction	2558
#00BFC4	-0.880816368386149	1	16	prediction	2559
#00BFC4	-0.880816368386149	1	17	prediction	2560
#00BFC4	-0.880816368386149	1	18	prediction	2561
#00BFC4	-0.880816368386149	1	19	prediction	2562
#00BFC4	-0.880816368386149	1	20	prediction	2563
#00BFC4	-0.880816368386149	1	21	prediction	2564
#00BFC4	-0.880816368386149	1	22	prediction	2565
#00BFC4	-0.880816368386149	1	23	prediction	2566
#00BFC4	-0.880816368386149	1	24	prediction	2567
#00BFC4	-0.880816368386149	1	25	prediction	2568
#00BFC4	-0.880816368386149	1	26	prediction	2569
#00BFC4	-0.880816368386149	1	27	prediction	2570
#00BFC4	-0.880816368386149	1	28	prediction	2571
#00BFC4	-0.880816368386149	1	29	prediction	2572
#00BFC4	-0.880816368386149	1	30	prediction	2573
#00BFC4	-0.880816368386149	1	31	prediction	2574
#00BFC4	-0.880816368386149	1	32	prediction	2575
#00BFC4	-0.880816368386149	1	33	prediction	2576
#00BFC4	-0.880816368386149	1	34	prediction	2577
#00BFC4	-0.880816368386149	1	35	prediction	2578
#00BFC4	-0.880816368386149	1	36	prediction	2579
#00BFC4	-0.880816368386149	1	37	prediction	2580
#00BFC4	-0.880816368386149	1	38	prediction	2581
#00BFC4	-0.880816368386149	1	39	prediction	2582
#00BFC4	-0.880816368386149	1	40	prediction	2583
#00BFC4	-0.859638527501374	1	0	prediction	2584
#00BFC4	-0.859638527501374	1	1	prediction	2585
#00BFC4	-0.859638527501374	1	2	prediction	2586
#00BFC4	-0.859638527501374	1	3	prediction	2587
#00BFC4	-0.859638527501374	1	4	prediction	2588
#00BFC4	-0.859638527501374	1	5	prediction	2589
#00BFC4	-0.859638527501374	1	6	prediction	2590
#00BFC4	-0.859638527501374	1	7	prediction	2591
#00BFC4	-0.859638527501374	1	8	prediction	2592
#00BFC4	-0.859638527501374	1	9	prediction	2593
#00BFC4	-0.859638527501374	1	10	prediction	2594
#00BFC4	-0.859638527501374	1	11	prediction	2595
#00BFC4	-0.859638527501374	1	12	prediction	2596
#00BFC4	-0.859638527501374	1	13	prediction	2597
#00BFC4	-0.859638527501374	1	14	prediction	2598
#00BFC4	-0.859638527501374	1	15	prediction	2599
#00BFC4	-0.859638527501374	1	16	prediction	2600
#00BFC4	-0.859638527501374	1	17	prediction	2601
#00BFC4	-0.859638527501374	1	18	prediction	2602
#00BFC4	-0.859638527501374	1	19	prediction	2603
#00BFC4	-0.859638527501374	1	20	prediction	2604
#00BFC4	-0.859638527501374	1	21	prediction	2605
#00BFC4	-0.859638527501374	1	22	prediction	2606
#00BFC4	-0.859638527501374	1	23	prediction	2607
#00BFC4	-0.859638527501374	1	24	prediction	2608
#00BFC4	-0.859638527501374	1	25	prediction	2609
#00BFC4	-0.859638527501374	1	26	prediction	2610
#00BFC4	-0.859638527501374	1	27	prediction	2611
#00BFC4	-0.859638527501374	1	28	prediction	2612
#00BFC4	-0.859638527501374	1	29	prediction	2613
#00BFC4	-0.859638527501374	1	30	prediction	2614
#00BFC4	-0.859638527501374	1	31	prediction	2615
#00BFC4	-0.859638527501374	1	32	prediction	2616
#00BFC4	-0.859638527501374	1	33	prediction	2617
#00BFC4	-0.859638527501374	1	34	prediction	2618
#00BFC4	-0.859638527501374	1	35	prediction	2619
#00BFC4	-0.859638527501374	1	36	prediction	2620
#00BFC4	-0.859638527501374	1	37	prediction	2621
#00BFC4	-0.859638527501374	1	38	prediction	2622
#00BFC4	-0.859638527501374	1	39	prediction	2623
#00BFC4	-0.859638527501374	1	40	prediction	2624
#00BFC4	-0.767256602179259	1	0	prediction	2625
#00BFC4	-0.767256602179259	1	1	prediction	2626
#00BFC4	-0.767256602179259	1	2	prediction	2627
#00BFC4	-0.767256602179259	1	3	prediction	2628
#00BFC4	-0.767256602179259	1	4	prediction	2629
#00BFC4	-0.767256602179259	1	5	prediction	2630
#00BFC4	-0.767256602179259	1	6	prediction	2631
#00BFC4	-0.767256602179259	1	7	prediction	2632
#00BFC4	-0.767256602179259	1	8	prediction	2633
#00BFC4	-0.767256602179259	1	9	prediction	2634
#00BFC4	-0.767256602179259	1	10	prediction	2635
#00BFC4	-0.767256602179259	1	11	prediction	2636
#00BFC4	-0.767256602179259	1	12	prediction	2637
#00BFC4	-0.767256602179259	1	13	prediction	2638
#00BFC4	-0.767256602179259	1	14	prediction	2639
#00BFC4	-0.767256602179259	1	15	prediction	2640
#00BFC4	-0.767256602179259	1	16	prediction	2641
#00BFC4	-0.767256602179259	1	17	prediction	2642
#00BFC4	-0.767256602179259	1	18	prediction	2643
#00BFC4	-0.767256602179259	1	19	prediction	2644
#00BFC4	-0.767256602179259	1	20	prediction	2645
#00BFC4	-0.767256602179259	1	21	prediction	2646
#00BFC4	-0.767256602179259	1	22	prediction	2647
#00BFC4	-0.767256602179259	1	23	prediction	2648
#00BFC4	-0.767256602179259	1	24	prediction	2649
#00BFC4	-0.767256602179259	1	25	prediction	2650
#00BFC4	-0.767256602179259	1	26	prediction	2651
#00BFC4	-0.767256602179259	1	27	prediction	2652
#00BFC4	-0.767256602179259	1	28	prediction	2653
#00BFC4	-0.767256602179259	1	29	prediction	2654
#00BFC4	-0.767256602179259	1	30	prediction	2655
#00BFC4	-0.767256602179259	1	31	prediction	2656
#00BFC4	-0.767256602179259	1	32	prediction	2657
#00BFC4	-0.767256602179259	1	33	prediction	2658
#00BFC4	-0.767256602179259	1	34	prediction	2659
#00BFC4	-0.767256602179259	1	35	prediction	2660
#00BFC4	-0.767256602179259	1	36	prediction	2661
#00BFC4	-0.767256602179259	1	37	prediction	2662
#00BFC4	-0.767256602179259	1	38	prediction	2663
#00BFC4	-0.767256602179259	1	39	prediction	2664
#00BFC4	-0.767256602179259	1	40	prediction	2665
#00BFC4	-0.719788923393935	1	0	prediction	2666
#00BFC4	-0.719788923393935	1	1	prediction	2667
#00BFC4	-0.719788923393935	1	2	prediction	2668
#00BFC4	-0.719788923393935	1	3	prediction	2669
#00BFC4	-0.719788923393935	1	4	prediction	2670
#00BFC4	-0.719788923393935	1	5	prediction	2671
#00BFC4	-0.719788923393935	1	6	prediction	2672
#00BFC4	-0.719788923393935	1	7	prediction	2673
#00BFC4	-0.719788923393935	1	8	prediction	2674
#00BFC4	-0.719788923393935	1	9	prediction	2675
#00BFC4	-0.719788923393935	1	10	prediction	2676
#00BFC4	-0.719788923393935	1	11	prediction	2677
#00BFC4	-0.719788923393935	1	12	prediction	2678
#00BFC4	-0.719788923393935	1	13	prediction	2679
#00BFC4	-0.719788923393935	1	14	prediction	2680
#00BFC4	-0.719788923393935	1	15	prediction	2681
#00BFC4	-0.719788923393935	1	16	prediction	2682
#00BFC4	-0.719788923393935	1	17	prediction	2683
#00BFC4	-0.719788923393935	1	18	prediction	2684
#00BFC4	-0.719788923393935	1	19	prediction	2685
#00BFC4	-0.719788923393935	1	20	prediction	2686
#00BFC4	-0.719788923393935	1	21	prediction	2687
#00BFC4	-0.719788923393935	1	22	prediction	2688
#00BFC4	-0.719788923393935	1	23	prediction	2689
#00BFC4	-0.719788923393935	1	24	prediction	2690
#00BFC4	-0.719788923393935	1	25	prediction	2691
#00BFC4	-0.719788923393935	1	26	prediction	2692
#00BFC4	-0.719788923393935	1	27	prediction	2693
#00BFC4	-0.719788923393935	1	28	prediction	2694
#00BFC4	-0.719788923393935	1	29	prediction	2695
#00BFC4	-0.719788923393935	1	30	prediction	2696
#00BFC4	-0.719788923393935	1	31	prediction	2697
#00BFC4	-0.719788923393935	1	32	prediction	2698
#00BFC4	-0.719788923393935	1	33	prediction	2699
#00BFC4	-0.719788923393935	1	34	prediction	2700
#00BFC4	-0.719788923393935	1	35	prediction	2701
#00BFC4	-0.719788923393935	1	36	prediction	2702
#00BFC4	-0.719788923393935	1	37	prediction	2703
#00BFC4	-0.719788923393935	1	38	prediction	2704
#00BFC4	-0.719788923393935	1	39	prediction	2705
#00BFC4	-0.719788923393935	1	40	prediction	2706
#00BFC4	-0.717036686372012	1	0	prediction	2707
#00BFC4	-0.717036686372012	1	1	prediction	2708
#00BFC4	-0.717036686372012	1	2	prediction	2709
#00BFC4	-0.717036686372012	1	3	prediction	2710
#00BFC4	-0.717036686372012	1	4	prediction	2711
#00BFC4	-0.717036686372012	1	5	prediction	2712
#00BFC4	-0.717036686372012	1	6	prediction	2713
#00BFC4	-0.717036686372012	1	7	prediction	2714
#00BFC4	-0.717036686372012	1	8	prediction	2715
#00BFC4	-0.717036686372012	1	9	prediction	2716
#00BFC4	-0.717036686372012	1	10	prediction	2717
#00BFC4	-0.717036686372012	1	11	prediction	2718
#00BFC4	-0.717036686372012	1	12	prediction	2719
#00BFC4	-0.717036686372012	1	13	prediction	2720
#00BFC4	-0.717036686372012	1	14	prediction	2721
#00BFC4	-0.717036686372012	1	15	prediction	2722
#00BFC4	-0.717036686372012	1	16	prediction	2723
#00BFC4	-0.717036686372012	1	17	prediction	2724
#00BFC4	-0.717036686372012	1	18	prediction	2725
#00BFC4	-0.717036686372012	1	19	prediction	2726
#00BFC4	-0.717036686372012	1	20	prediction	2727
#00BFC4	-0.717036686372012	1	21	prediction	2728
#00BFC4	-0.717036686372012	1	22	prediction	2729
#00BFC4	-0.717036686372012	1	23	prediction	2730
#00BFC4	-0.717036686372012	1	24	prediction	2731
#00BFC4	-0.717036686372012	1	25	prediction	2732
#00BFC4	-0.717036686372012	1	26	prediction	2733
#00BFC4	-0.717036686372012	1	27	prediction	2734
#00BFC4	-0.717036686372012	1	28	prediction	2735
#00BFC4	-0.717036686372012	1	29	prediction	2736
#00BFC4	-0.717036686372012	1	30	prediction	2737
#00BFC4	-0.717036686372012	1	31	prediction	2738
#00BFC4	-0.717036686372012	1	32	prediction	2739
#00BFC4	-0.717036686372012	1	33	prediction	2740
#00BFC4	-0.717036686372012	1	34	prediction	2741
#00BFC4	-0.717036686372012	1	35	prediction	2742
#00BFC4	-0.717036686372012	1	36	prediction	2743
#00BFC4	-0.717036686372012	1	37	prediction	2744
#00BFC4	-0.717036686372012	1	38	prediction	2745
#00BFC4	-0.717036686372012	1	39	prediction	2746
#00BFC4	-0.717036686372012	1	40	prediction	2747
#00BFC4	-0.705672257579863	1	0	prediction	2748
#00BFC4	-0.705672257579863	1	1	prediction	2749
#00BFC4	-0.705672257579863	1	2	prediction	2750
#00BFC4	-0.705672257579863	1	3	prediction	2751
#00BFC4	-0.705672257579863	1	4	prediction	2752
#00BFC4	-0.705672257579863	1	5	prediction	2753
#00BFC4	-0.705672257579863	1	6	prediction	2754
#00BFC4	-0.705672257579863	1	7	prediction	2755
#00BFC4	-0.705672257579863	1	8	prediction	2756
#00BFC4	-0.705672257579863	1	9	prediction	2757
#00BFC4	-0.705672257579863	1	10	prediction	2758
#00BFC4	-0.705672257579863	1	11	prediction	2759
#00BFC4	-0.705672257579863	1	12	prediction	2760
#00BFC4	-0.705672257579863	1	13	prediction	2761
#00BFC4	-0.705672257579863	1	14	prediction	2762
#00BFC4	-0.705672257579863	1	15	prediction	2763
#00BFC4	-0.705672257579863	1	16	prediction	2764
#00BFC4	-0.705672257579863	1	17	prediction	2765
#00BFC4	-0.705672257579863	1	18	prediction	2766
#00BFC4	-0.705672257579863	1	19	prediction	2767
#00BFC4	-0.705672257579863	1	20	prediction	2768
#00BFC4	-0.705672257579863	1	21	prediction	2769
#00BFC4	-0.705672257579863	1	22	prediction	2770
#00BFC4	-0.705672257579863	1	23	prediction	2771
#00BFC4	-0.705672257579863	1	24	prediction	2772
#00BFC4	-0.705672257579863	1	25	prediction	2773
#00BFC4	-0.705672257579863	1	26	prediction	2774
#00BFC4	-0.705672257579863	1	27	prediction	2775
#00BFC4	-0.705672257579863	1	28	prediction	2776
#00BFC4	-0.705672257579863	1	29	prediction	2777
#00BFC4	-0.705672257579863	1	30	prediction	2778
#00BFC4	-0.705672257579863	1	31	prediction	2779
#00BFC4	-0.705672257579863	1	32	prediction	2780
#00BFC4	-0.705672257579863	1	33	prediction	2781
#00BFC4	-0.705672257579863	1	34	prediction	2782
#00BFC4	-0.705672257579863	1	35	prediction	2783
#00BFC4	-0.705672257579863	1	36	prediction	2784
#00BFC4	-0.705672257579863	1	37	prediction	2785
#00BFC4	-0.705672257579863	1	38	prediction	2786
#00BFC4	-0.705672257579863	1	39	prediction	2787
#00BFC4	-0.705672257579863	1	40	prediction	2788
#00BFC4	-0.695377690717578	1	0	prediction	2789
#00BFC4	-0.695377690717578	1	1	prediction	2790
#00BFC4	-0.695377690717578	1	2	prediction	2791
#00BFC4	-0.695377690717578	1	3	prediction	2792
#00BFC4	-0.695377690717578	1	4	prediction	2793
#00BFC4	-0.695377690717578	1	5	prediction	2794
#00BFC4	-0.695377690717578	1	6	prediction	2795
#00BFC4	-0.695377690717578	1	7	prediction	2796
#00BFC4	-0.695377690717578	1	8	prediction	2797
#00BFC4	-0.695377690717578	1	9	prediction	2798
#00BFC4	-0.695377690717578	1	10	prediction	2799
#00BFC4	-0.695377690717578	1	11	prediction	2800
#00BFC4	-0.695377690717578	1	12	prediction	2801
#00BFC4	-0.695377690717578	1	13	prediction	2802
#00BFC4	-0.695377690717578	1	14	prediction	2803
#00BFC4	-0.695377690717578	1	15	prediction	2804
#00BFC4	-0.695377690717578	1	16	prediction	2805
#00BFC4	-0.695377690717578	1	17	prediction	2806
#00BFC4	-0.695377690717578	1	18	prediction	2807
#00BFC4	-0.695377690717578	1	19	prediction	2808
#00BFC4	-0.695377690717578	1	20	prediction	2809
#00BFC4	-0.695377690717578	1	21	prediction	2810
#00BFC4	-0.695377690717578	1	22	prediction	2811
#00BFC4	-0.695377690717578	1	23	prediction	2812
#00BFC4	-0.695377690717578	1	24	prediction	2813
#00BFC4	-0.695377690717578	1	25	prediction	2814
#00BFC4	-0.695377690717578	1	26	prediction	2815
#00BFC4	-0.695377690717578	1	27	prediction	2816
#00BFC4	-0.695377690717578	1	28	prediction	2817
#00BFC4	-0.695377690717578	1	29	prediction	2818
#00BFC4	-0.695377690717578	1	30	prediction	2819
#00BFC4	-0.695377690717578	1	31	prediction	2820
#00BFC4	-0.695377690717578	1	32	prediction	2821
#00BFC4	-0.695377690717578	1	33	prediction	2822
#00BFC4	-0.695377690717578	1	34	prediction	2823
#00BFC4	-0.695377690717578	1	35	prediction	2824
#00BFC4	-0.695377690717578	1	36	prediction	2825
#00BFC4	-0.695377690717578	1	37	prediction	2826
#00BFC4	-0.695377690717578	1	38	prediction	2827
#00BFC4	-0.695377690717578	1	39	prediction	2828
#00BFC4	-0.695377690717578	1	40	prediction	2829
#00BFC4	-0.683315444737673	1	0	prediction	2830
#00BFC4	-0.683315444737673	1	1	prediction	2831
#00BFC4	-0.683315444737673	1	2	prediction	2832
#00BFC4	-0.683315444737673	1	3	prediction	2833
#00BFC4	-0.683315444737673	1	4	prediction	2834
#00BFC4	-0.683315444737673	1	5	prediction	2835
#00BFC4	-0.683315444737673	1	6	prediction	2836
#00BFC4	-0.683315444737673	1	7	prediction	2837
#00BFC4	-0.683315444737673	1	8	prediction	2838
#00BFC4	-0.683315444737673	1	9	prediction	2839
#00BFC4	-0.683315444737673	1	10	prediction	2840
#00BFC4	-0.683315444737673	1	11	prediction	2841
#00BFC4	-0.683315444737673	1	12	prediction	2842
#00BFC4	-0.683315444737673	1	13	prediction	2843
#00BFC4	-0.683315444737673	1	14	prediction	2844
#00BFC4	-0.683315444737673	1	15	prediction	2845
#00BFC4	-0.683315444737673	1	16	prediction	2846
#00BFC4	-0.683315444737673	1	17	prediction	2847
#00BFC4	-0.683315444737673	1	18	prediction	2848
#00BFC4	-0.683315444737673	1	19	prediction	2849
#00BFC4	-0.683315444737673	1	20	prediction	2850
#00BFC4	-0.683315444737673	1	21	prediction	2851
#00BFC4	-0.683315444737673	1	22	prediction	2852
#00BFC4	-0.683315444737673	1	23	prediction	2853
#00BFC4	-0.683315444737673	1	24	prediction	2854
#00BFC4	-0.683315444737673	1	25	prediction	2855
#00BFC4	-0.683315444737673	1	26	prediction	2856
#00BFC4	-0.683315444737673	1	27	prediction	2857
#00BFC4	-0.683315444737673	1	28	prediction	2858
#00BFC4	-0.683315444737673	1	29	prediction	2859
#00BFC4	-0.683315444737673	1	30	prediction	2860
#00BFC4	-0.683315444737673	1	31	prediction	2861
#00BFC4	-0.683315444737673	1	32	prediction	2862
#00BFC4	-0.683315444737673	1	33	prediction	2863
#00BFC4	-0.683315444737673	1	34	prediction	2864
#00BFC4	-0.683315444737673	1	35	prediction	2865
#00BFC4	-0.683315444737673	1	36	prediction	2866
#00BFC4	-0.683315444737673	1	37	prediction	2867
#00BFC4	-0.683315444737673	1	38	prediction	2868
#00BFC4	-0.683315444737673	1	39	prediction	2869
#00BFC4	-0.683315444737673	1	40	prediction	2870
#00BFC4	-0.666569401044399	1	0	prediction	2871
#00BFC4	-0.666569401044399	1	1	prediction	2872
#00BFC4	-0.666569401044399	1	2	prediction	2873
#00BFC4	-0.666569401044399	1	3	prediction	2874
#00BFC4	-0.666569401044399	1	4	prediction	2875
#00BFC4	-0.666569401044399	1	5	prediction	2876
#00BFC4	-0.666569401044399	1	6	prediction	2877
#00BFC4	-0.666569401044399	1	7	prediction	2878
#00BFC4	-0.666569401044399	1	8	prediction	2879
#00BFC4	-0.666569401044399	1	9	prediction	2880
#00BFC4	-0.666569401044399	1	10	prediction	2881
#00BFC4	-0.666569401044399	1	11	prediction	2882
#00BFC4	-0.666569401044399	1	12	prediction	2883
#00BFC4	-0.666569401044399	1	13	prediction	2884
#00BFC4	-0.666569401044399	1	14	prediction	2885
#00BFC4	-0.666569401044399	1	15	prediction	2886
#00BFC4	-0.666569401044399	1	16	prediction	2887
#00BFC4	-0.666569401044399	1	17	prediction	2888
#00BFC4	-0.666569401044399	1	18	prediction	2889
#00BFC4	-0.666569401044399	1	19	prediction	2890
#00BFC4	-0.666569401044399	1	20	prediction	2891
#00BFC4	-0.666569401044399	1	21	prediction	2892
#00BFC4	-0.666569401044399	1	22	prediction	2893
#00BFC4	-0.666569401044399	1	23	prediction	2894
#00BFC4	-0.666569401044399	1	24	prediction	2895
#00BFC4	-0.666569401044399	1	25	prediction	2896
#00BFC4	-0.666569401044399	1	26	prediction	2897
#00BFC4	-0.666569401044399	1	27	prediction	2898
#00BFC4	-0.666569401044399	1	28	prediction	2899
#00BFC4	-0.666569401044399	1	29	prediction	2900
#00BFC4	-0.666569401044399	1	30	prediction	2901
#00BFC4	-0.666569401044399	1	31	prediction	2902
#00BFC4	-0.666569401044399	1	32	prediction	2903
#00BFC4	-0.666569401044399	1	33	prediction	2904
#00BFC4	-0.666569401044399	1	34	prediction	2905
#00BFC4	-0.666569401044399	1	35	prediction	2906
#00BFC4	-0.666569401044399	1	36	prediction	2907
#00BFC4	-0.666569401044399	1	37	prediction	2908
#00BFC4	-0.666569401044399	1	38	prediction	2909
#00BFC4	-0.666569401044399	1	39	prediction	2910
#00BFC4	-0.666569401044399	1	40	prediction	2911
#00BFC4	-0.660062739159912	1	0	prediction	2912
#00BFC4	-0.660062739159912	1	1	prediction	2913
#00BFC4	-0.660062739159912	1	2	prediction	2914
#00BFC4	-0.660062739159912	1	3	prediction	2915
#00BFC4	-0.660062739159912	1	4	prediction	2916
#00BFC4	-0.660062739159912	1	5	prediction	2917
#00BFC4	-0.660062739159912	1	6	prediction	2918
#00BFC4	-0.660062739159912	1	7	prediction	2919
#00BFC4	-0.660062739159912	1	8	prediction	2920
#00BFC4	-0.660062739159912	1	9	prediction	2921
#00BFC4	-0.660062739159912	1	10	prediction	2922
#00BFC4	-0.660062739159912	1	11	prediction	2923
#00BFC4	-0.660062739159912	1	12	prediction	2924
#00BFC4	-0.660062739159912	1	13	prediction	2925
#00BFC4	-0.660062739159912	1	14	prediction	2926
#00BFC4	-0.660062739159912	1	15	prediction	2927
#00BFC4	-0.660062739159912	1	16	prediction	2928
#00BFC4	-0.660062739159912	1	17	prediction	2929
#00BFC4	-0.660062739159912	1	18	prediction	2930
#00BFC4	-0.660062739159912	1	19	prediction	2931
#00BFC4	-0.660062739159912	1	20	prediction	2932
#00BFC4	-0.660062739159912	1	21	prediction	2933
#00BFC4	-0.660062739159912	1	22	prediction	2934
#00BFC4	-0.660062739159912	1	23	prediction	2935
#00BFC4	-0.660062739159912	1	24	prediction	2936
#00BFC4	-0.660062739159912	1	25	prediction	2937
#00BFC4	-0.660062739159912	1	26	prediction	2938
#00BFC4	-0.660062739159912	1	27	prediction	2939
#00BFC4	-0.660062739159912	1	28	prediction	2940
#00BFC4	-0.660062739159912	1	29	prediction	2941
#00BFC4	-0.660062739159912	1	30	prediction	2942
#00BFC4	-0.660062739159912	1	31	prediction	2943
#00BFC4	-0.660062739159912	1	32	prediction	2944
#00BFC4	-0.660062739159912	1	33	prediction	2945
#00BFC4	-0.660062739159912	1	34	prediction	2946
#00BFC4	-0.660062739159912	1	35	prediction	2947
#00BFC4	-0.660062739159912	1	36	prediction	2948
#00BFC4	-0.660062739159912	1	37	prediction	2949
#00BFC4	-0.660062739159912	1	38	prediction	2950
#00BFC4	-0.660062739159912	1	39	prediction	2951
#00BFC4	-0.660062739159912	1	40	prediction	2952
#00BFC4	-0.651844313833863	1	0	prediction	2953
#00BFC4	-0.651844313833863	1	1	prediction	2954
#00BFC4	-0.651844313833863	1	2	prediction	2955
#00BFC4	-0.651844313833863	1	3	prediction	2956
#00BFC4	-0.651844313833863	1	4	prediction	2957
#00BFC4	-0.651844313833863	1	5	prediction	2958
#00BFC4	-0.651844313833863	1	6	prediction	2959
#00BFC4	-0.651844313833863	1	7	prediction	2960
#00BFC4	-0.651844313833863	1	8	prediction	2961
#00BFC4	-0.651844313833863	1	9	prediction	2962
#00BFC4	-0.651844313833863	1	10	prediction	2963
#00BFC4	-0.651844313833863	1	11	prediction	2964
#00BFC4	-0.651844313833863	1	12	prediction	2965
#00BFC4	-0.651844313833863	1	13	prediction	2966
#00BFC4	-0.651844313833863	1	14	prediction	2967
#00BFC4	-0.651844313833863	1	15	prediction	2968
#00BFC4	-0.651844313833863	1	16	prediction	2969
#00BFC4	-0.651844313833863	1	17	prediction	2970
#00BFC4	-0.651844313833863	1	18	prediction	2971
#00BFC4	-0.651844313833863	1	19	prediction	2972
#00BFC4	-0.651844313833863	1	20	prediction	2973
#00BFC4	-0.651844313833863	1	21	prediction	2974
#00BFC4	-0.651844313833863	1	22	prediction	2975
#00BFC4	-0.651844313833863	1	23	prediction	2976
#00BFC4	-0.651844313833863	1	24	prediction	2977
#00BFC4	-0.651844313833863	1	25	prediction	2978
#00BFC4	-0.651844313833863	1	26	prediction	2979
#00BFC4	-0.651844313833863	1	27	prediction	2980
#00BFC4	-0.651844313833863	1	28	prediction	2981
#00BFC4	-0.651844313833863	1	29	prediction	2982
#00BFC4	-0.651844313833863	1	30	prediction	2983
#00BFC4	-0.651844313833863	1	31	prediction	2984
#00BFC4	-0.651844313833863	1	32	prediction	2985
#00BFC4	-0.651844313833863	1	33	prediction	2986
#00BFC4	-0.651844313833863	1	34	prediction	2987
#00BFC4	-0.651844313833863	1	35	prediction	2988
#00BFC4	-0.651844313833863	1	36	prediction	2989
#00BFC4	-0.651844313833863	1	37	prediction	2990
#00BFC4	-0.651844313833863	1	38	prediction	2991
#00BFC4	-0.651844313833863	1	39	prediction	2992
#00BFC4	-0.651844313833863	1	40	prediction	2993
#00BFC4	-0.600033786613494	1	0	prediction	2994
#00BFC4	-0.600033786613494	1	1	prediction	2995
#00BFC4	-0.600033786613494	1	2	prediction	2996
#00BFC4	-0.600033786613494	1	3	prediction	2997
#00BFC4	-0.600033786613494	1	4	prediction	2998
#00BFC4	-0.600033786613494	1	5	prediction	2999
#00BFC4	-0.600033786613494	1	6	prediction	3000
#00BFC4	-0.600033786613494	1	7	prediction	3001
#00BFC4	-0.600033786613494	1	8	prediction	3002
#00BFC4	-0.600033786613494	1	9	prediction	3003
#00BFC4	-0.600033786613494	1	10	prediction	3004
#00BFC4	-0.600033786613494	1	11	prediction	3005
#00BFC4	-0.600033786613494	1	12	prediction	3006
#00BFC4	-0.600033786613494	1	13	prediction	3007
#00BFC4	-0.600033786613494	1	14	prediction	3008
#00BFC4	-0.600033786613494	1	15	prediction	3009
#00BFC4	-0.600033786613494	1	16	prediction	3010
#00BFC4	-0.600033786613494	1	17	prediction	3011
#00BFC4	-0.600033786613494	1	18	prediction	3012
#00BFC4	-0.600033786613494	1	19	prediction	3013
#00BFC4	-0.600033786613494	1	20	prediction	3014
#00BFC4	-0.600033786613494	1	21	prediction	3015
#00BFC4	-0.600033786613494	1	22	prediction	3016
#00BFC4	-0.600033786613494	1	23	prediction	3017
#00BFC4	-0.600033786613494	1	24	prediction	3018
#00BFC4	-0.600033786613494	1	25	prediction	3019
#00BFC4	-0.600033786613494	1	26	prediction	3020
#00BFC4	-0.600033786613494	1	27	prediction	3021
#00BFC4	-0.600033786613494	1	28	prediction	3022
#00BFC4	-0.600033786613494	1	29	prediction	3023
#00BFC4	-0.600033786613494	1	30	prediction	3024
#00BFC4	-0.600033786613494	1	31	prediction	3025
#00BFC4	-0.600033786613494	1	32	prediction	3026
#00BFC4	-0.600033786613494	1	33	prediction	3027
#00BFC4	-0.600033786613494	1	34	prediction	3028
#00BFC4	-0.600033786613494	1	35	prediction	3029
#00BFC4	-0.600033786613494	1	36	prediction	3030
#00BFC4	-0.600033786613494	1	37	prediction	3031
#00BFC4	-0.600033786613494	1	38	prediction	3032
#00BFC4	-0.600033786613494	1	39	prediction	3033
#00BFC4	-0.600033786613494	1	40	prediction	3034
#00BFC4	-0.559018876869231	1	0	prediction	3035
#00BFC4	-0.559018876869231	1	1	prediction	3036
#00BFC4	-0.559018876869231	1	2	prediction	3037
#00BFC4	-0.559018876869231	1	3	prediction	3038
#00BFC4	-0.559018876869231	1	4	prediction	3039
#00BFC4	-0.559018876869231	1	5	prediction	3040
#00BFC4	-0.559018876869231	1	6	prediction	3041
#00BFC4	-0.559018876869231	1	7	prediction	3042
#00BFC4	-0.559018876869231	1	8	prediction	3043
#00BFC4	-0.559018876869231	1	9	prediction	3044
#00BFC4	-0.559018876869231	1	10	prediction	3045
#00BFC4	-0.559018876869231	1	11	prediction	3046
#00BFC4	-0.559018876869231	1	12	prediction	3047
#00BFC4	-0.559018876869231	1	13	prediction	3048
#00BFC4	-0.559018876869231	1	14	prediction	3049
#00BFC4	-0.559018876869231	1	15	prediction	3050
#00BFC4	-0.559018876869231	1	16	prediction	3051
#00BFC4	-0.559018876869231	1	17	prediction	3052
#00BFC4	-0.559018876869231	1	18	prediction	3053
#00BFC4	-0.559018876869231	1	19	prediction	3054
#00BFC4	-0.559018876869231	1	20	prediction	3055
#00BFC4	-0.559018876869231	1	21	prediction	3056
#00BFC4	-0.559018876869231	1	22	prediction	3057
#00BFC4	-0.559018876869231	1	23	prediction	3058
#00BFC4	-0.559018876869231	1	24	prediction	3059
#00BFC4	-0.559018876869231	1	25	prediction	3060
#00BFC4	-0.559018876869231	1	26	prediction	3061
#00BFC4	-0.559018876869231	1	27	prediction	3062
#00BFC4	-0.559018876869231	1	28	prediction	3063
#00BFC4	-0.559018876869231	1	29	prediction	3064
#00BFC4	-0.559018876869231	1	30	prediction	3065
#00BFC4	-0.559018876869231	1	31	prediction	3066
#00BFC4	-0.559018876869231	1	32	prediction	3067
#00BFC4	-0.559018876869231	1	33	prediction	3068
#00BFC4	-0.559018876869231	1	34	prediction	3069
#00BFC4	-0.559018876869231	1	35	prediction	3070
#00BFC4	-0.559018876869231	1	36	prediction	3071
#00BFC4	-0.559018876869231	1	37	prediction	3072
#00BFC4	-0.559018876869231	1	38	prediction	3073
#00BFC4	-0.559018876869231	1	39	prediction	3074
#00BFC4	-0.559018876869231	1	40	prediction	3075
#00BFC4	-0.539495507720858	1	0	prediction	3076
#00BFC4	-0.539495507720858	1	1	prediction	3077
#00BFC4	-0.539495507720858	1	2	prediction	3078
#00BFC4	-0.539495507720858	1	3	prediction	3079
#00BFC4	-0.539495507720858	1	4	prediction	3080
#00BFC4	-0.539495507720858	1	5	prediction	3081
#00BFC4	-0.539495507720858	1	6	prediction	3082
#00BFC4	-0.539495507720858	1	7	prediction	3083
#00BFC4	-0.539495507720858	1	8	prediction	3084
#00BFC4	-0.539495507720858	1	9	prediction	3085
#00BFC4	-0.539495507720858	1	10	prediction	3086
#00BFC4	-0.539495507720858	1	11	prediction	3087
#00BFC4	-0.539495507720858	1	12	prediction	3088
#00BFC4	-0.539495507720858	1	13	prediction	3089
#00BFC4	-0.539495507720858	1	14	prediction	3090
#00BFC4	-0.539495507720858	1	15	prediction	3091
#00BFC4	-0.539495507720858	1	16	prediction	3092
#00BFC4	-0.539495507720858	1	17	prediction	3093
#00BFC4	-0.539495507720858	1	18	prediction	3094
#00BFC4	-0.539495507720858	1	19	prediction	3095
#00BFC4	-0.539495507720858	1	20	prediction	3096
#00BFC4	-0.539495507720858	1	21	prediction	3097
#00BFC4	-0.539495507720858	1	22	prediction	3098
#00BFC4	-0.539495507720858	1	23	prediction	3099
#00BFC4	-0.539495507720858	1	24	prediction	3100
#00BFC4	-0.539495507720858	1	25	prediction	3101
#00BFC4	-0.539495507720858	1	26	prediction	3102
#00BFC4	-0.539495507720858	1	27	prediction	3103
#00BFC4	-0.539495507720858	1	28	prediction	3104
#00BFC4	-0.539495507720858	1	29	prediction	3105
#00BFC4	-0.539495507720858	1	30	prediction	3106
#00BFC4	-0.539495507720858	1	31	prediction	3107
#00BFC4	-0.539495507720858	1	32	prediction	3108
#00BFC4	-0.539495507720858	1	33	prediction	3109
#00BFC4	-0.539495507720858	1	34	prediction	3110
#00BFC4	-0.539495507720858	1	35	prediction	3111
#00BFC4	-0.539495507720858	1	36	prediction	3112
#00BFC4	-0.539495507720858	1	37	prediction	3113
#00BFC4	-0.539495507720858	1	38	prediction	3114
#00BFC4	-0.539495507720858	1	39	prediction	3115
#00BFC4	-0.539495507720858	1	40	prediction	3116
#00BFC4	-0.53235342213884	1	0	prediction	3117
#00BFC4	-0.53235342213884	1	1	prediction	3118
#00BFC4	-0.53235342213884	1	2	prediction	3119
#00BFC4	-0.53235342213884	1	3	prediction	3120
#00BFC4	-0.53235342213884	1	4	prediction	3121
#00BFC4	-0.53235342213884	1	5	prediction	3122
#00BFC4	-0.53235342213884	1	6	prediction	3123
#00BFC4	-0.53235342213884	1	7	prediction	3124
#00BFC4	-0.53235342213884	1	8	prediction	3125
#00BFC4	-0.53235342213884	1	9	prediction	3126
#00BFC4	-0.53235342213884	1	10	prediction	3127
#00BFC4	-0.53235342213884	1	11	prediction	3128
#00BFC4	-0.53235342213884	1	12	prediction	3129
#00BFC4	-0.53235342213884	1	13	prediction	3130
#00BFC4	-0.53235342213884	1	14	prediction	3131
#00BFC4	-0.53235342213884	1	15	prediction	3132
#00BFC4	-0.53235342213884	1	16	prediction	3133
#00BFC4	-0.53235342213884	1	17	prediction	3134
#00BFC4	-0.53235342213884	1	18	prediction	3135
#00BFC4	-0.53235342213884	1	19	prediction	3136
#00BFC4	-0.53235342213884	1	20	prediction	3137
#00BFC4	-0.53235342213884	1	21	prediction	3138
#00BFC4	-0.53235342213884	1	22	prediction	3139
#00BFC4	-0.53235342213884	1	23	prediction	3140
#00BFC4	-0.53235342213884	1	24	prediction	3141
#00BFC4	-0.53235342213884	1	25	prediction	3142
#00BFC4	-0.53235342213884	1	26	prediction	3143
#00BFC4	-0.53235342213884	1	27	prediction	3144
#00BFC4	-0.53235342213884	1	28	prediction	3145
#00BFC4	-0.53235342213884	1	29	prediction	3146
#00BFC4	-0.53235342213884	1	30	prediction	3147
#00BFC4	-0.53235342213884	1	31	prediction	3148
#00BFC4	-0.53235342213884	1	32	prediction	3149
#00BFC4	-0.53235342213884	1	33	prediction	3150
#00BFC4	-0.53235342213884	1	34	prediction	3151
#00BFC4	-0.53235342213884	1	35	prediction	3152
#00BFC4	-0.53235342213884	1	36	prediction	3153
#00BFC4	-0.53235342213884	1	37	prediction	3154
#00BFC4	-0.53235342213884	1	38	prediction	3155
#00BFC4	-0.53235342213884	1	39	prediction	3156
#00BFC4	-0.53235342213884	1	40	prediction	3157
#00BFC4	-0.521254742983729	1	0	prediction	3158
#00BFC4	-0.521254742983729	1	1	prediction	3159
#00BFC4	-0.521254742983729	1	2	prediction	3160
#00BFC4	-0.521254742983729	1	3	prediction	3161
#00BFC4	-0.521254742983729	1	4	prediction	3162
#00BFC4	-0.521254742983729	1	5	prediction	3163
#00BFC4	-0.521254742983729	1	6	prediction	3164
#00BFC4	-0.521254742983729	1	7	prediction	3165
#00BFC4	-0.521254742983729	1	8	prediction	3166
#00BFC4	-0.521254742983729	1	9	prediction	3167
#00BFC4	-0.521254742983729	1	10	prediction	3168
#00BFC4	-0.521254742983729	1	11	prediction	3169
#00BFC4	-0.521254742983729	1	12	prediction	3170
#00BFC4	-0.521254742983729	1	13	prediction	3171
#00BFC4	-0.521254742983729	1	14	prediction	3172
#00BFC4	-0.521254742983729	1	15	prediction	3173
#00BFC4	-0.521254742983729	1	16	prediction	3174
#00BFC4	-0.521254742983729	1	17	prediction	3175
#00BFC4	-0.521254742983729	1	18	prediction	3176
#00BFC4	-0.521254742983729	1	19	prediction	3177
#00BFC4	-0.521254742983729	1	20	prediction	3178
#00BFC4	-0.521254742983729	1	21	prediction	3179
#00BFC4	-0.521254742983729	1	22	prediction	3180
#00BFC4	-0.521254742983729	1	23	prediction	3181
#00BFC4	-0.521254742983729	1	24	prediction	3182
#00BFC4	-0.521254742983729	1	25	prediction	3183
#00BFC4	-0.521254742983729	1	26	prediction	3184
#00BFC4	-0.521254742983729	1	27	prediction	3185
#00BFC4	-0.521254742983729	1	28	prediction	3186
#00BFC4	-0.521254742983729	1	29	prediction	3187
#00BFC4	-0.521254742983729	1	30	prediction	3188
#00BFC4	-0.521254742983729	1	31	prediction	3189
#00BFC4	-0.521254742983729	1	32	prediction	3190
#00BFC4	-0.521254742983729	1	33	prediction	3191
#00BFC4	-0.521254742983729	1	34	prediction	3192
#00BFC4	-0.521254742983729	1	35	prediction	3193
#00BFC4	-0.521254742983729	1	36	prediction	3194
#00BFC4	-0.521254742983729	1	37	prediction	3195
#00BFC4	-0.521254742983729	1	38	prediction	3196
#00BFC4	-0.521254742983729	1	39	prediction	3197
#00BFC4	-0.521254742983729	1	40	prediction	3198
#00BFC4	-0.411157856695354	1	0	prediction	3199
#00BFC4	-0.411157856695354	1	1	prediction	3200
#00BFC4	-0.411157856695354	1	2	prediction	3201
#00BFC4	-0.411157856695354	1	3	prediction	3202
#00BFC4	-0.411157856695354	1	4	prediction	3203
#00BFC4	-0.411157856695354	1	5	prediction	3204
#00BFC4	-0.411157856695354	1	6	prediction	3205
#00BFC4	-0.411157856695354	1	7	prediction	3206
#00BFC4	-0.411157856695354	1	8	prediction	3207
#00BFC4	-0.411157856695354	1	9	prediction	3208
#00BFC4	-0.411157856695354	1	10	prediction	3209
#00BFC4	-0.411157856695354	1	11	prediction	3210
#00BFC4	-0.411157856695354	1	12	prediction	3211
#00BFC4	-0.411157856695354	1	13	prediction	3212
#00BFC4	-0.411157856695354	1	14	prediction	3213
#00BFC4	-0.411157856695354	1	15	prediction	3214
#00BFC4	-0.411157856695354	1	16	prediction	3215
#00BFC4	-0.411157856695354	1	17	prediction	3216
#00BFC4	-0.411157856695354	1	18	prediction	3217
#00BFC4	-0.411157856695354	1	19	prediction	3218
#00BFC4	-0.411157856695354	1	20	prediction	3219
#00BFC4	-0.411157856695354	1	21	prediction	3220
#00BFC4	-0.411157856695354	1	22	prediction	3221
#00BFC4	-0.411157856695354	1	23	prediction	3222
#00BFC4	-0.411157856695354	1	24	prediction	3223
#00BFC4	-0.411157856695354	1	25	prediction	3224
#00BFC4	-0.411157856695354	1	26	prediction	3225
#00BFC4	-0.411157856695354	1	27	prediction	3226
#00BFC4	-0.411157856695354	1	28	prediction	3227
#00BFC4	-0.411157856695354	1	29	prediction	3228
#00BFC4	-0.411157856695354	1	30	prediction	3229
#00BFC4	-0.411157856695354	1	31	prediction	3230
#00BFC4	-0.411157856695354	1	32	prediction	3231
#00BFC4	-0.411157856695354	1	33	prediction	3232
#00BFC4	-0.411157856695354	1	34	prediction	3233
#00BFC4	-0.411157856695354	1	35	prediction	3234
#00BFC4	-0.411157856695354	1	36	prediction	3235
#00BFC4	-0.411157856695354	1	37	prediction	3236
#00BFC4	-0.411157856695354	1	38	prediction	3237
#00BFC4	-0.411157856695354	1	39	prediction	3238
#00BFC4	-0.411157856695354	1	40	prediction	3239
#00BFC4	-0.392043091356754	1	0	prediction	3240
#00BFC4	-0.392043091356754	1	1	prediction	3241
#00BFC4	-0.392043091356754	1	2	prediction	3242
#00BFC4	-0.392043091356754	1	3	prediction	3243
#00BFC4	-0.392043091356754	1	4	prediction	3244
#00BFC4	-0.392043091356754	1	5	prediction	3245
#00BFC4	-0.392043091356754	1	6	prediction	3246
#00BFC4	-0.392043091356754	1	7	prediction	3247
#00BFC4	-0.392043091356754	1	8	prediction	3248
#00BFC4	-0.392043091356754	1	9	prediction	3249
#00BFC4	-0.392043091356754	1	10	prediction	3250
#00BFC4	-0.392043091356754	1	11	prediction	3251
#00BFC4	-0.392043091356754	1	12	prediction	3252
#00BFC4	-0.392043091356754	1	13	prediction	3253
#00BFC4	-0.392043091356754	1	14	prediction	3254
#00BFC4	-0.392043091356754	1	15	prediction	3255
#00BFC4	-0.392043091356754	1	16	prediction	3256
#00BFC4	-0.392043091356754	1	17	prediction	3257
#00BFC4	-0.392043091356754	1	18	prediction	3258
#00BFC4	-0.392043091356754	1	19	prediction	3259
#00BFC4	-0.392043091356754	1	20	prediction	3260
#00BFC4	-0.392043091356754	1	21	prediction	3261
#00BFC4	-0.392043091356754	1	22	prediction	3262
#00BFC4	-0.392043091356754	1	23	prediction	3263
#00BFC4	-0.392043091356754	1	24	prediction	3264
#00BFC4	-0.392043091356754	1	25	prediction	3265
#00BFC4	-0.392043091356754	1	26	prediction	3266
#00BFC4	-0.392043091356754	1	27	prediction	3267
#00BFC4	-0.392043091356754	1	28	prediction	3268
#00BFC4	-0.392043091356754	1	29	prediction	3269
#00BFC4	-0.392043091356754	1	30	prediction	3270
#00BFC4	-0.392043091356754	1	31	prediction	3271
#00BFC4	-0.392043091356754	1	32	prediction	3272
#00BFC4	-0.392043091356754	1	33	prediction	3273
#00BFC4	-0.392043091356754	1	34	prediction	3274
#00BFC4	-0.392043091356754	1	35	prediction	3275
#00BFC4	-0.392043091356754	1	36	prediction	3276
#00BFC4	-0.392043091356754	1	37	prediction	3277
#00BFC4	-0.392043091356754	1	38	prediction	3278
#00BFC4	-0.392043091356754	1	39	prediction	3279
#00BFC4	-0.392043091356754	1	40	prediction	3280
#00BFC4	-0.371417356655002	1	0	prediction	3281
#00BFC4	-0.371417356655002	1	1	prediction	3282
#00BFC4	-0.371417356655002	1	2	prediction	3283
#00BFC4	-0.371417356655002	1	3	prediction	3284
#00BFC4	-0.371417356655002	1	4	prediction	3285
#00BFC4	-0.371417356655002	1	5	prediction	3286
#00BFC4	-0.371417356655002	1	6	prediction	3287
#00BFC4	-0.371417356655002	1	7	prediction	3288
#00BFC4	-0.371417356655002	1	8	prediction	3289
#00BFC4	-0.371417356655002	1	9	prediction	3290
#00BFC4	-0.371417356655002	1	10	prediction	3291
#00BFC4	-0.371417356655002	1	11	prediction	3292
#00BFC4	-0.371417356655002	1	12	prediction	3293
#00BFC4	-0.371417356655002	1	13	prediction	3294
#00BFC4	-0.371417356655002	1	14	prediction	3295
#00BFC4	-0.371417356655002	1	15	prediction	3296
#00BFC4	-0.371417356655002	1	16	prediction	3297
#00BFC4	-0.371417356655002	1	17	prediction	3298
#00BFC4	-0.371417356655002	1	18	prediction	3299
#00BFC4	-0.371417356655002	1	19	prediction	3300
#00BFC4	-0.371417356655002	1	20	prediction	3301
#00BFC4	-0.371417356655002	1	21	prediction	3302
#00BFC4	-0.371417356655002	1	22	prediction	3303
#00BFC4	-0.371417356655002	1	23	prediction	3304
#00BFC4	-0.371417356655002	1	24	prediction	3305
#00BFC4	-0.371417356655002	1	25	prediction	3306
#00BFC4	-0.371417356655002	1	26	prediction	3307
#00BFC4	-0.371417356655002	1	27	prediction	3308
#00BFC4	-0.371417356655002	1	28	prediction	3309
#00BFC4	-0.371417356655002	1	29	prediction	3310
#00BFC4	-0.371417356655002	1	30	prediction	3311
#00BFC4	-0.371417356655002	1	31	prediction	3312
#00BFC4	-0.371417356655002	1	32	prediction	3313
#00BFC4	-0.371417356655002	1	33	prediction	3314
#00BFC4	-0.371417356655002	1	34	prediction	3315
#00BFC4	-0.371417356655002	1	35	prediction	3316
#00BFC4	-0.371417356655002	1	36	prediction	3317
#00BFC4	-0.371417356655002	1	37	prediction	3318
#00BFC4	-0.371417356655002	1	38	prediction	3319
#00BFC4	-0.371417356655002	1	39	prediction	3320
#00BFC4	-0.371417356655002	1	40	prediction	3321
#00BFC4	-0.322588060051203	1	0	prediction	3322
#00BFC4	-0.322588060051203	1	1	prediction	3323
#00BFC4	-0.322588060051203	1	2	prediction	3324
#00BFC4	-0.322588060051203	1	3	prediction	3325
#00BFC4	-0.322588060051203	1	4	prediction	3326
#00BFC4	-0.322588060051203	1	5	prediction	3327
#00BFC4	-0.322588060051203	1	6	prediction	3328
#00BFC4	-0.322588060051203	1	7	prediction	3329
#00BFC4	-0.322588060051203	1	8	prediction	3330
#00BFC4	-0.322588060051203	1	9	prediction	3331
#00BFC4	-0.322588060051203	1	10	prediction	3332
#00BFC4	-0.322588060051203	1	11	prediction	3333
#00BFC4	-0.322588060051203	1	12	prediction	3334
#00BFC4	-0.322588060051203	1	13	prediction	3335
#00BFC4	-0.322588060051203	1	14	prediction	3336
#00BFC4	-0.322588060051203	1	15	prediction	3337
#00BFC4	-0.322588060051203	1	16	prediction	3338
#00BFC4	-0.322588060051203	1	17	prediction	3339
#00BFC4	-0.322588060051203	1	18	prediction	3340
#00BFC4	-0.322588060051203	1	19	prediction	3341
#00BFC4	-0.322588060051203	1	20	prediction	3342
#00BFC4	-0.322588060051203	1	21	prediction	3343
#00BFC4	-0.322588060051203	1	22	prediction	3344
#00BFC4	-0.322588060051203	1	23	prediction	3345
#00BFC4	-0.322588060051203	1	24	prediction	3346
#00BFC4	-0.322588060051203	1	25	prediction	3347
#00BFC4	-0.322588060051203	1	26	prediction	3348
#00BFC4	-0.322588060051203	1	27	prediction	3349
#00BFC4	-0.322588060051203	1	28	prediction	3350
#00BFC4	-0.322588060051203	1	29	prediction	3351
#00BFC4	-0.322588060051203	1	30	prediction	3352
#00BFC4	-0.322588060051203	1	31	prediction	3353
#00BFC4	-0.322588060051203	1	32	prediction	3354
#00BFC4	-0.322588060051203	1	33	prediction	3355
#00BFC4	-0.322588060051203	1	34	prediction	3356
#00BFC4	-0.322588060051203	1	35	prediction	3357
#00BFC4	-0.322588060051203	1	36	prediction	3358
#00BFC4	-0.322588060051203	1	37	prediction	3359
#00BFC4	-0.322588060051203	1	38	prediction	3360
#00BFC4	-0.322588060051203	1	39	prediction	3361
#00BFC4	-0.322588060051203	1	40	prediction	3362
#00BFC4	-0.322293908335268	1	0	prediction	3363
#00BFC4	-0.322293908335268	1	1	prediction	3364
#00BFC4	-0.322293908335268	1	2	prediction	3365
#00BFC4	-0.322293908335268	1	3	prediction	3366
#00BFC4	-0.322293908335268	1	4	prediction	3367
#00BFC4	-0.322293908335268	1	5	prediction	3368
#00BFC4	-0.322293908335268	1	6	prediction	3369
#00BFC4	-0.322293908335268	1	7	prediction	3370
#00BFC4	-0.322293908335268	1	8	prediction	3371
#00BFC4	-0.322293908335268	1	9	prediction	3372
#00BFC4	-0.322293908335268	1	10	prediction	3373
#00BFC4	-0.322293908335268	1	11	prediction	3374
#00BFC4	-0.322293908335268	1	12	prediction	3375
#00BFC4	-0.322293908335268	1	13	prediction	3376
#00BFC4	-0.322293908335268	1	14	prediction	3377
#00BFC4	-0.322293908335268	1	15	prediction	3378
#00BFC4	-0.322293908335268	1	16	prediction	3379
#00BFC4	-0.322293908335268	1	17	prediction	3380
#00BFC4	-0.322293908335268	1	18	prediction	3381
#00BFC4	-0.322293908335268	1	19	prediction	3382
#00BFC4	-0.322293908335268	1	20	prediction	3383
#00BFC4	-0.322293908335268	1	21	prediction	3384
#00BFC4	-0.322293908335268	1	22	prediction	3385
#00BFC4	-0.322293908335268	1	23	prediction	3386
#00BFC4	-0.322293908335268	1	24	prediction	3387
#00BFC4	-0.322293908335268	1	25	prediction	3388
#00BFC4	-0.322293908335268	1	26	prediction	3389
#00BFC4	-0.322293908335268	1	27	prediction	3390
#00BFC4	-0.322293908335268	1	28	prediction	3391
#00BFC4	-0.322293908335268	1	29	prediction	3392
#00BFC4	-0.322293908335268	1	30	prediction	3393
#00BFC4	-0.322293908335268	1	31	prediction	3394
#00BFC4	-0.322293908335268	1	32	prediction	3395
#00BFC4	-0.322293908335268	1	33	prediction	3396
#00BFC4	-0.322293908335268	1	34	prediction	3397
#00BFC4	-0.322293908335268	1	35	prediction	3398
#00BFC4	-0.322293908335268	1	36	prediction	3399
#00BFC4	-0.322293908335268	1	37	prediction	3400
#00BFC4	-0.322293908335268	1	38	prediction	3401
#00BFC4	-0.322293908335268	1	39	prediction	3402
#00BFC4	-0.322293908335268	1	40	prediction	3403
#00BFC4	-0.284575011581182	1	0	prediction	3404
#00BFC4	-0.284575011581182	1	1	prediction	3405
#00BFC4	-0.284575011581182	1	2	prediction	3406
#00BFC4	-0.284575011581182	1	3	prediction	3407
#00BFC4	-0.284575011581182	1	4	prediction	3408
#00BFC4	-0.284575011581182	1	5	prediction	3409
#00BFC4	-0.284575011581182	1	6	prediction	3410
#00BFC4	-0.284575011581182	1	7	prediction	3411
#00BFC4	-0.284575011581182	1	8	prediction	3412
#00BFC4	-0.284575011581182	1	9	prediction	3413
#00BFC4	-0.284575011581182	1	10	prediction	3414
#00BFC4	-0.284575011581182	1	11	prediction	3415
#00BFC4	-0.284575011581182	1	12	prediction	3416
#00BFC4	-0.284575011581182	1	13	prediction	3417
#00BFC4	-0.284575011581182	1	14	prediction	3418
#00BFC4	-0.284575011581182	1	15	prediction	3419
#00BFC4	-0.284575011581182	1	16	prediction	3420
#00BFC4	-0.284575011581182	1	17	prediction	3421
#00BFC4	-0.284575011581182	1	18	prediction	3422
#00BFC4	-0.284575011581182	1	19	prediction	3423
#00BFC4	-0.284575011581182	1	20	prediction	3424
#00BFC4	-0.284575011581182	1	21	prediction	3425
#00BFC4	-0.284575011581182	1	22	prediction	3426
#00BFC4	-0.284575011581182	1	23	prediction	3427
#00BFC4	-0.284575011581182	1	24	prediction	3428
#00BFC4	-0.284575011581182	1	25	prediction	3429
#00BFC4	-0.284575011581182	1	26	prediction	3430
#00BFC4	-0.284575011581182	1	27	prediction	3431
#00BFC4	-0.284575011581182	1	28	prediction	3432
#00BFC4	-0.284575011581182	1	29	prediction	3433
#00BFC4	-0.284575011581182	1	30	prediction	3434
#00BFC4	-0.284575011581182	1	31	prediction	3435
#00BFC4	-0.284575011581182	1	32	prediction	3436
#00BFC4	-0.284575011581182	1	33	prediction	3437
#00BFC4	-0.284575011581182	1	34	prediction	3438
#00BFC4	-0.284575011581182	1	35	prediction	3439
#00BFC4	-0.284575011581182	1	36	prediction	3440
#00BFC4	-0.284575011581182	1	37	prediction	3441
#00BFC4	-0.284575011581182	1	38	prediction	3442
#00BFC4	-0.284575011581182	1	39	prediction	3443
#00BFC4	-0.284575011581182	1	40	prediction	3444
#00BFC4	-0.28121132729575	1	0	prediction	3445
#00BFC4	-0.28121132729575	1	1	prediction	3446
#00BFC4	-0.28121132729575	1	2	prediction	3447
#00BFC4	-0.28121132729575	1	3	prediction	3448
#00BFC4	-0.28121132729575	1	4	prediction	3449
#00BFC4	-0.28121132729575	1	5	prediction	3450
#00BFC4	-0.28121132729575	1	6	prediction	3451
#00BFC4	-0.28121132729575	1	7	prediction	3452
#00BFC4	-0.28121132729575	1	8	prediction	3453
#00BFC4	-0.28121132729575	1	9	prediction	3454
#00BFC4	-0.28121132729575	1	10	prediction	3455
#00BFC4	-0.28121132729575	1	11	prediction	3456
#00BFC4	-0.28121132729575	1	12	prediction	3457
#00BFC4	-0.28121132729575	1	13	prediction	3458
#00BFC4	-0.28121132729575	1	14	prediction	3459
#00BFC4	-0.28121132729575	1	15	prediction	3460
#00BFC4	-0.28121132729575	1	16	prediction	3461
#00BFC4	-0.28121132729575	1	17	prediction	3462
#00BFC4	-0.28121132729575	1	18	prediction	3463
#00BFC4	-0.28121132729575	1	19	prediction	3464
#00BFC4	-0.28121132729575	1	20	prediction	3465
#00BFC4	-0.28121132729575	1	21	prediction	3466
#00BFC4	-0.28121132729575	1	22	prediction	3467
#00BFC4	-0.28121132729575	1	23	prediction	3468
#00BFC4	-0.28121132729575	1	24	prediction	3469
#00BFC4	-0.28121132729575	1	25	prediction	3470
#00BFC4	-0.28121132729575	1	26	prediction	3471
#00BFC4	-0.28121132729575	1	27	prediction	3472
#00BFC4	-0.28121132729575	1	28	prediction	3473
#00BFC4	-0.28121132729575	1	29	prediction	3474
#00BFC4	-0.28121132729575	1	30	prediction	3475
#00BFC4	-0.28121132729575	1	31	prediction	3476
#00BFC4	-0.28121132729575	1	32	prediction	3477
#00BFC4	-0.28121132729575	1	33	prediction	3478
#00BFC4	-0.28121132729575	1	34	prediction	3479
#00BFC4	-0.28121132729575	1	35	prediction	3480
#00BFC4	-0.28121132729575	1	36	prediction	3481
#00BFC4	-0.28121132729575	1	37	prediction	3482
#00BFC4	-0.28121132729575	1	38	prediction	3483
#00BFC4	-0.28121132729575	1	39	prediction	3484
#00BFC4	-0.28121132729575	1	40	prediction	3485
#00BFC4	-0.276627064682543	1	0	prediction	3486
#00BFC4	-0.276627064682543	1	1	prediction	3487
#00BFC4	-0.276627064682543	1	2	prediction	3488
#00BFC4	-0.276627064682543	1	3	prediction	3489
#00BFC4	-0.276627064682543	1	4	prediction	3490
#00BFC4	-0.276627064682543	1	5	prediction	3491
#00BFC4	-0.276627064682543	1	6	prediction	3492
#00BFC4	-0.276627064682543	1	7	prediction	3493
#00BFC4	-0.276627064682543	1	8	prediction	3494
#00BFC4	-0.276627064682543	1	9	prediction	3495
#00BFC4	-0.276627064682543	1	10	prediction	3496
#00BFC4	-0.276627064682543	1	11	prediction	3497
#00BFC4	-0.276627064682543	1	12	prediction	3498
#00BFC4	-0.276627064682543	1	13	prediction	3499
#00BFC4	-0.276627064682543	1	14	prediction	3500
#00BFC4	-0.276627064682543	1	15	prediction	3501
#00BFC4	-0.276627064682543	1	16	prediction	3502
#00BFC4	-0.276627064682543	1	17	prediction	3503
#00BFC4	-0.276627064682543	1	18	prediction	3504
#00BFC4	-0.276627064682543	1	19	prediction	3505
#00BFC4	-0.276627064682543	1	20	prediction	3506
#00BFC4	-0.276627064682543	1	21	prediction	3507
#00BFC4	-0.276627064682543	1	22	prediction	3508
#00BFC4	-0.276627064682543	1	23	prediction	3509
#00BFC4	-0.276627064682543	1	24	prediction	3510
#00BFC4	-0.276627064682543	1	25	prediction	3511
#00BFC4	-0.276627064682543	1	26	prediction	3512
#00BFC4	-0.276627064682543	1	27	prediction	3513
#00BFC4	-0.276627064682543	1	28	prediction	3514
#00BFC4	-0.276627064682543	1	29	prediction	3515
#00BFC4	-0.276627064682543	1	30	prediction	3516
#00BFC4	-0.276627064682543	1	31	prediction	3517
#00BFC4	-0.276627064682543	1	32	prediction	3518
#00BFC4	-0.276627064682543	1	33	prediction	3519
#00BFC4	-0.276627064682543	1	34	prediction	3520
#00BFC4	-0.276627064682543	1	35	prediction	3521
#00BFC4	-0.276627064682543	1	36	prediction	3522
#00BFC4	-0.276627064682543	1	37	prediction	3523
#00BFC4	-0.276627064682543	1	38	prediction	3524
#00BFC4	-0.276627064682543	1	39	prediction	3525
#00BFC4	-0.276627064682543	1	40	prediction	3526
#00BFC4	-0.26835327828303	1	0	prediction	3527
#00BFC4	-0.26835327828303	1	1	prediction	3528
#00BFC4	-0.26835327828303	1	2	prediction	3529
#00BFC4	-0.26835327828303	1	3	prediction	3530
#00BFC4	-0.26835327828303	1	4	prediction	3531
#00BFC4	-0.26835327828303	1	5	prediction	3532
#00BFC4	-0.26835327828303	1	6	prediction	3533
#00BFC4	-0.26835327828303	1	7	prediction	3534
#00BFC4	-0.26835327828303	1	8	prediction	3535
#00BFC4	-0.26835327828303	1	9	prediction	3536
#00BFC4	-0.26835327828303	1	10	prediction	3537
#00BFC4	-0.26835327828303	1	11	prediction	3538
#00BFC4	-0.26835327828303	1	12	prediction	3539
#00BFC4	-0.26835327828303	1	13	prediction	3540
#00BFC4	-0.26835327828303	1	14	prediction	3541
#00BFC4	-0.26835327828303	1	15	prediction	3542
#00BFC4	-0.26835327828303	1	16	prediction	3543
#00BFC4	-0.26835327828303	1	17	prediction	3544
#00BFC4	-0.26835327828303	1	18	prediction	3545
#00BFC4	-0.26835327828303	1	19	prediction	3546
#00BFC4	-0.26835327828303	1	20	prediction	3547
#00BFC4	-0.26835327828303	1	21	prediction	3548
#00BFC4	-0.26835327828303	1	22	prediction	3549
#00BFC4	-0.26835327828303	1	23	prediction	3550
#00BFC4	-0.26835327828303	1	24	prediction	3551
#00BFC4	-0.26835327828303	1	25	prediction	3552
#00BFC4	-0.26835327828303	1	26	prediction	3553
#00BFC4	-0.26835327828303	1	27	prediction	3554
#00BFC4	-0.26835327828303	1	28	prediction	3555
#00BFC4	-0.26835327828303	1	29	prediction	3556
#00BFC4	-0.26835327828303	1	30	prediction	3557
#00BFC4	-0.26835327828303	1	31	prediction	3558
#00BFC4	-0.26835327828303	1	32	prediction	3559
#00BFC4	-0.26835327828303	1	33	prediction	3560
#00BFC4	-0.26835327828303	1	34	prediction	3561
#00BFC4	-0.26835327828303	1	35	prediction	3562
#00BFC4	-0.26835327828303	1	36	prediction	3563
#00BFC4	-0.26835327828303	1	37	prediction	3564
#00BFC4	-0.26835327828303	1	38	prediction	3565
#00BFC4	-0.26835327828303	1	39	prediction	3566
#00BFC4	-0.26835327828303	1	40	prediction	3567
#00BFC4	-0.24560564244166	1	0	prediction	3568
#00BFC4	-0.24560564244166	1	1	prediction	3569
#00BFC4	-0.24560564244166	1	2	prediction	3570
#00BFC4	-0.24560564244166	1	3	prediction	3571
#00BFC4	-0.24560564244166	1	4	prediction	3572
#00BFC4	-0.24560564244166	1	5	prediction	3573
#00BFC4	-0.24560564244166	1	6	prediction	3574
#00BFC4	-0.24560564244166	1	7	prediction	3575
#00BFC4	-0.24560564244166	1	8	prediction	3576
#00BFC4	-0.24560564244166	1	9	prediction	3577
#00BFC4	-0.24560564244166	1	10	prediction	3578
#00BFC4	-0.24560564244166	1	11	prediction	3579
#00BFC4	-0.24560564244166	1	12	prediction	3580
#00BFC4	-0.24560564244166	1	13	prediction	3581
#00BFC4	-0.24560564244166	1	14	prediction	3582
#00BFC4	-0.24560564244166	1	15	prediction	3583
#00BFC4	-0.24560564244166	1	16	prediction	3584
#00BFC4	-0.24560564244166	1	17	prediction	3585
#00BFC4	-0.24560564244166	1	18	prediction	3586
#00BFC4	-0.24560564244166	1	19	prediction	3587
#00BFC4	-0.24560564244166	1	20	prediction	3588
#00BFC4	-0.24560564244166	1	21	prediction	3589
#00BFC4	-0.24560564244166	1	22	prediction	3590
#00BFC4	-0.24560564244166	1	23	prediction	3591
#00BFC4	-0.24560564244166	1	24	prediction	3592
#00BFC4	-0.24560564244166	1	25	prediction	3593
#00BFC4	-0.24560564244166	1	26	prediction	3594
#00BFC4	-0.24560564244166	1	27	prediction	3595
#00BFC4	-0.24560564244166	1	28	prediction	3596
#00BFC4	-0.24560564244166	1	29	prediction	3597
#00BFC4	-0.24560564244166	1	30	prediction	3598
#00BFC4	-0.24560564244166	1	31	prediction	3599
#00BFC4	-0.24560564244166	1	32	prediction	3600
#00BFC4	-0.24560564244166	1	33	prediction	3601
#00BFC4	-0.24560564244166	1	34	prediction	3602
#00BFC4	-0.24560564244166	1	35	prediction	3603
#00BFC4	-0.24560564244166	1	36	prediction	3604
#00BFC4	-0.24560564244166	1	37	prediction	3605
#00BFC4	-0.24560564244166	1	38	prediction	3606
#00BFC4	-0.24560564244166	1	39	prediction	3607
#00BFC4	-0.24560564244166	1	40	prediction	3608
#00BFC4	-0.14189252955839	1	0	prediction	3609
#00BFC4	-0.14189252955839	1	1	prediction	3610
#00BFC4	-0.14189252955839	1	2	prediction	3611
#00BFC4	-0.14189252955839	1	3	prediction	3612
#00BFC4	-0.14189252955839	1	4	prediction	3613
#00BFC4	-0.14189252955839	1	5	prediction	3614
#00BFC4	-0.14189252955839	1	6	prediction	3615
#00BFC4	-0.14189252955839	1	7	prediction	3616
#00BFC4	-0.14189252955839	1	8	prediction	3617
#00BFC4	-0.14189252955839	1	9	prediction	3618
#00BFC4	-0.14189252955839	1	10	prediction	3619
#00BFC4	-0.14189252955839	1	11	prediction	3620
#00BFC4	-0.14189252955839	1	12	prediction	3621
#00BFC4	-0.14189252955839	1	13	prediction	3622
#00BFC4	-0.14189252955839	1	14	prediction	3623
#00BFC4	-0.14189252955839	1	15	prediction	3624
#00BFC4	-0.14189252955839	1	16	prediction	3625
#00BFC4	-0.14189252955839	1	17	prediction	3626
#00BFC4	-0.14189252955839	1	18	prediction	3627
#00BFC4	-0.14189252955839	1	19	prediction	3628
#00BFC4	-0.14189252955839	1	20	prediction	3629
#00BFC4	-0.14189252955839	1	21	prediction	3630
#00BFC4	-0.14189252955839	1	22	prediction	3631
#00BFC4	-0.14189252955839	1	23	prediction	3632
#00BFC4	-0.14189252955839	1	24	prediction	3633
#00BFC4	-0.14189252955839	1	25	prediction	3634
#00BFC4	-0.14189252955839	1	26	prediction	3635
#00BFC4	-0.14189252955839	1	27	prediction	3636
#00BFC4	-0.14189252955839	1	28	prediction	3637
#00BFC4	-0.14189252955839	1	29	prediction	3638
#00BFC4	-0.14189252955839	1	30	prediction	3639
#00BFC4	-0.14189252955839	1	31	prediction	3640
#00BFC4	-0.14189252955839	1	32	prediction	3641
#00BFC4	-0.14189252955839	1	33	prediction	3642
#00BFC4	-0.14189252955839	1	34	prediction	3643
#00BFC4	-0.14189252955839	1	35	prediction	3644
#00BFC4	-0.14189252955839	1	36	prediction	3645
#00BFC4	-0.14189252955839	1	37	prediction	3646
#00BFC4	-0.14189252955839	1	38	prediction	3647
#00BFC4	-0.14189252955839	1	39	prediction	3648
#00BFC4	-0.14189252955839	1	40	prediction	3649
#00BFC4	-0.13661960978061	1	0	prediction	3650
#00BFC4	-0.13661960978061	1	1	prediction	3651
#00BFC4	-0.13661960978061	1	2	prediction	3652
#00BFC4	-0.13661960978061	1	3	prediction	3653
#00BFC4	-0.13661960978061	1	4	prediction	3654
#00BFC4	-0.13661960978061	1	5	prediction	3655
#00BFC4	-0.13661960978061	1	6	prediction	3656
#00BFC4	-0.13661960978061	1	7	prediction	3657
#00BFC4	-0.13661960978061	1	8	prediction	3658
#00BFC4	-0.13661960978061	1	9	prediction	3659
#00BFC4	-0.13661960978061	1	10	prediction	3660
#00BFC4	-0.13661960978061	1	11	prediction	3661
#00BFC4	-0.13661960978061	1	12	prediction	3662
#00BFC4	-0.13661960978061	1	13	prediction	3663
#00BFC4	-0.13661960978061	1	14	prediction	3664
#00BFC4	-0.13661960978061	1	15	prediction	3665
#00BFC4	-0.13661960978061	1	16	prediction	3666
#00BFC4	-0.13661960978061	1	17	prediction	3667
#00BFC4	-0.13661960978061	1	18	prediction	3668
#00BFC4	-0.13661960978061	1	19	prediction	3669
#00BFC4	-0.13661960978061	1	20	prediction	3670
#00BFC4	-0.13661960978061	1	21	prediction	3671
#00BFC4	-0.13661960978061	1	22	prediction	3672
#00BFC4	-0.13661960978061	1	23	prediction	3673
#00BFC4	-0.13661960978061	1	24	prediction	3674
#00BFC4	-0.13661960978061	1	25	prediction	3675
#00BFC4	-0.13661960978061	1	26	prediction	3676
#00BFC4	-0.13661960978061	1	27	prediction	3677
#00BFC4	-0.13661960978061	1	28	prediction	3678
#00BFC4	-0.13661960978061	1	29	prediction	3679
#00BFC4	-0.13661960978061	1	30	prediction	3680
#00BFC4	-0.13661960978061	1	31	prediction	3681
#00BFC4	-0.13661960978061	1	32	prediction	3682
#00BFC4	-0.13661960978061	1	33	prediction	3683
#00BFC4	-0.13661960978061	1	34	prediction	3684
#00BFC4	-0.13661960978061	1	35	prediction	3685
#00BFC4	-0.13661960978061	1	36	prediction	3686
#00BFC4	-0.13661960978061	1	37	prediction	3687
#00BFC4	-0.13661960978061	1	38	prediction	3688
#00BFC4	-0.13661960978061	1	39	prediction	3689
#00BFC4	-0.13661960978061	1	40	prediction	3690
#00BFC4	-0.134282267186791	1	0	prediction	3691
#00BFC4	-0.134282267186791	1	1	prediction	3692
#00BFC4	-0.134282267186791	1	2	prediction	3693
#00BFC4	-0.134282267186791	1	3	prediction	3694
#00BFC4	-0.134282267186791	1	4	prediction	3695
#00BFC4	-0.134282267186791	1	5	prediction	3696
#00BFC4	-0.134282267186791	1	6	prediction	3697
#00BFC4	-0.134282267186791	1	7	prediction	3698
#00BFC4	-0.134282267186791	1	8	prediction	3699
#00BFC4	-0.134282267186791	1	9	prediction	3700
#00BFC4	-0.134282267186791	1	10	prediction	3701
#00BFC4	-0.134282267186791	1	11	prediction	3702
#00BFC4	-0.134282267186791	1	12	prediction	3703
#00BFC4	-0.134282267186791	1	13	prediction	3704
#00BFC4	-0.134282267186791	1	14	prediction	3705
#00BFC4	-0.134282267186791	1	15	prediction	3706
#00BFC4	-0.134282267186791	1	16	prediction	3707
#00BFC4	-0.134282267186791	1	17	prediction	3708
#00BFC4	-0.134282267186791	1	18	prediction	3709
#00BFC4	-0.134282267186791	1	19	prediction	3710
#00BFC4	-0.134282267186791	1	20	prediction	3711
#00BFC4	-0.134282267186791	1	21	prediction	3712
#00BFC4	-0.134282267186791	1	22	prediction	3713
#00BFC4	-0.134282267186791	1	23	prediction	3714
#00BFC4	-0.134282267186791	1	24	prediction	3715
#00BFC4	-0.134282267186791	1	25	prediction	3716
#00BFC4	-0.134282267186791	1	26	prediction	3717
#00BFC4	-0.134282267186791	1	27	prediction	3718
#00BFC4	-0.134282267186791	1	28	prediction	3719
#00BFC4	-0.134282267186791	1	29	prediction	3720
#00BFC4	-0.134282267186791	1	30	prediction	3721
#00BFC4	-0.134282267186791	1	31	prediction	3722
#00BFC4	-0.134282267186791	1	32	prediction	3723
#00BFC4	-0.134282267186791	1	33	prediction	3724
#00BFC4	-0.134282267186791	1	34	prediction	3725
#00BFC4	-0.134282267186791	1	35	prediction	3726
#00BFC4	-0.134282267186791	1	36	prediction	3727
#00BFC4	-0.134282267186791	1	37	prediction	3728
#00BFC4	-0.134282267186791	1	38	prediction	3729
#00BFC4	-0.134282267186791	1	39	prediction	3730
#00BFC4	-0.134282267186791	1	40	prediction	3731
#00BFC4	-0.131291794124991	1	0	prediction	3732
#00BFC4	-0.131291794124991	1	1	prediction	3733
#00BFC4	-0.131291794124991	1	2	prediction	3734
#00BFC4	-0.131291794124991	1	3	prediction	3735
#00BFC4	-0.131291794124991	1	4	prediction	3736
#00BFC4	-0.131291794124991	1	5	prediction	3737
#00BFC4	-0.131291794124991	1	6	prediction	3738
#00BFC4	-0.131291794124991	1	7	prediction	3739
#00BFC4	-0.131291794124991	1	8	prediction	3740
#00BFC4	-0.131291794124991	1	9	prediction	3741
#00BFC4	-0.131291794124991	1	10	prediction	3742
#00BFC4	-0.131291794124991	1	11	prediction	3743
#00BFC4	-0.131291794124991	1	12	prediction	3744
#00BFC4	-0.131291794124991	1	13	prediction	3745
#00BFC4	-0.131291794124991	1	14	prediction	3746
#00BFC4	-0.131291794124991	1	15	prediction	3747
#00BFC4	-0.131291794124991	1	16	prediction	3748
#00BFC4	-0.131291794124991	1	17	prediction	3749
#00BFC4	-0.131291794124991	1	18	prediction	3750
#00BFC4	-0.131291794124991	1	19	prediction	3751
#00BFC4	-0.131291794124991	1	20	prediction	3752
#00BFC4	-0.131291794124991	1	21	prediction	3753
#00BFC4	-0.131291794124991	1	22	prediction	3754
#00BFC4	-0.131291794124991	1	23	prediction	3755
#00BFC4	-0.131291794124991	1	24	prediction	3756
#00BFC4	-0.131291794124991	1	25	prediction	3757
#00BFC4	-0.131291794124991	1	26	prediction	3758
#00BFC4	-0.131291794124991	1	27	prediction	3759
#00BFC4	-0.131291794124991	1	28	prediction	3760
#00BFC4	-0.131291794124991	1	29	prediction	3761
#00BFC4	-0.131291794124991	1	30	prediction	3762
#00BFC4	-0.131291794124991	1	31	prediction	3763
#00BFC4	-0.131291794124991	1	32	prediction	3764
#00BFC4	-0.131291794124991	1	33	prediction	3765
#00BFC4	-0.131291794124991	1	34	prediction	3766
#00BFC4	-0.131291794124991	1	35	prediction	3767
#00BFC4	-0.131291794124991	1	36	prediction	3768
#00BFC4	-0.131291794124991	1	37	prediction	3769
#00BFC4	-0.131291794124991	1	38	prediction	3770
#00BFC4	-0.131291794124991	1	39	prediction	3771
#00BFC4	-0.131291794124991	1	40	prediction	3772
#00BFC4	-0.128728510346264	1	0	prediction	3773
#00BFC4	-0.128728510346264	1	1	prediction	3774
#00BFC4	-0.128728510346264	1	2	prediction	3775
#00BFC4	-0.128728510346264	1	3	prediction	3776
#00BFC4	-0.128728510346264	1	4	prediction	3777
#00BFC4	-0.128728510346264	1	5	prediction	3778
#00BFC4	-0.128728510346264	1	6	prediction	3779
#00BFC4	-0.128728510346264	1	7	prediction	3780
#00BFC4	-0.128728510346264	1	8	prediction	3781
#00BFC4	-0.128728510346264	1	9	prediction	3782
#00BFC4	-0.128728510346264	1	10	prediction	3783
#00BFC4	-0.128728510346264	1	11	prediction	3784
#00BFC4	-0.128728510346264	1	12	prediction	3785
#00BFC4	-0.128728510346264	1	13	prediction	3786
#00BFC4	-0.128728510346264	1	14	prediction	3787
#00BFC4	-0.128728510346264	1	15	prediction	3788
#00BFC4	-0.128728510346264	1	16	prediction	3789
#00BFC4	-0.128728510346264	1	17	prediction	3790
#00BFC4	-0.128728510346264	1	18	prediction	3791
#00BFC4	-0.128728510346264	1	19	prediction	3792
#00BFC4	-0.128728510346264	1	20	prediction	3793
#00BFC4	-0.128728510346264	1	21	prediction	3794
#00BFC4	-0.128728510346264	1	22	prediction	3795
#00BFC4	-0.128728510346264	1	23	prediction	3796
#00BFC4	-0.128728510346264	1	24	prediction	3797
#00BFC4	-0.128728510346264	1	25	prediction	3798
#00BFC4	-0.128728510346264	1	26	prediction	3799
#00BFC4	-0.128728510346264	1	27	prediction	3800
#00BFC4	-0.128728510346264	1	28	prediction	3801
#00BFC4	-0.128728510346264	1	29	prediction	3802
#00BFC4	-0.128728510346264	1	30	prediction	3803
#00BFC4	-0.128728510346264	1	31	prediction	3804
#00BFC4	-0.128728510346264	1	32	prediction	3805
#00BFC4	-0.128728510346264	1	33	prediction	3806
#00BFC4	-0.128728510346264	1	34	prediction	3807
#00BFC4	-0.128728510346264	1	35	prediction	3808
#00BFC4	-0.128728510346264	1	36	prediction	3809
#00BFC4	-0.128728510346264	1	37	prediction	3810
#00BFC4	-0.128728510346264	1	38	prediction	3811
#00BFC4	-0.128728510346264	1	39	prediction	3812
#00BFC4	-0.128728510346264	1	40	prediction	3813
#00BFC4	-0.107519307173789	1	0	prediction	3814
#00BFC4	-0.107519307173789	1	1	prediction	3815
#00BFC4	-0.107519307173789	1	2	prediction	3816
#00BFC4	-0.107519307173789	1	3	prediction	3817
#00BFC4	-0.107519307173789	1	4	prediction	3818
#00BFC4	-0.107519307173789	1	5	prediction	3819
#00BFC4	-0.107519307173789	1	6	prediction	3820
#00BFC4	-0.107519307173789	1	7	prediction	3821
#00BFC4	-0.107519307173789	1	8	prediction	3822
#00BFC4	-0.107519307173789	1	9	prediction	3823
#00BFC4	-0.107519307173789	1	10	prediction	3824
#00BFC4	-0.107519307173789	1	11	prediction	3825
#00BFC4	-0.107519307173789	1	12	prediction	3826
#00BFC4	-0.107519307173789	1	13	prediction	3827
#00BFC4	-0.107519307173789	1	14	prediction	3828
#00BFC4	-0.107519307173789	1	15	prediction	3829
#00BFC4	-0.107519307173789	1	16	prediction	3830
#00BFC4	-0.107519307173789	1	17	prediction	3831
#00BFC4	-0.107519307173789	1	18	prediction	3832
#00BFC4	-0.107519307173789	1	19	prediction	3833
#00BFC4	-0.107519307173789	1	20	prediction	3834
#00BFC4	-0.107519307173789	1	21	prediction	3835
#00BFC4	-0.107519307173789	1	22	prediction	3836
#00BFC4	-0.107519307173789	1	23	prediction	3837
#00BFC4	-0.107519307173789	1	24	prediction	3838
#00BFC4	-0.107519307173789	1	25	prediction	3839
#00BFC4	-0.107519307173789	1	26	prediction	3840
#00BFC4	-0.107519307173789	1	27	prediction	3841
#00BFC4	-0.107519307173789	1	28	prediction	3842
#00BFC4	-0.107519307173789	1	29	prediction	3843
#00BFC4	-0.107519307173789	1	30	prediction	3844
#00BFC4	-0.107519307173789	1	31	prediction	3845
#00BFC4	-0.107519307173789	1	32	prediction	3846
#00BFC4	-0.107519307173789	1	33	prediction	3847
#00BFC4	-0.107519307173789	1	34	prediction	3848
#00BFC4	-0.107519307173789	1	35	prediction	3849
#00BFC4	-0.107519307173789	1	36	prediction	3850
#00BFC4	-0.107519307173789	1	37	prediction	3851
#00BFC4	-0.107519307173789	1	38	prediction	3852
#00BFC4	-0.107519307173789	1	39	prediction	3853
#00BFC4	-0.107519307173789	1	40	prediction	3854
#00BFC4	-0.09390285378322	1	0	prediction	3855
#00BFC4	-0.09390285378322	1	1	prediction	3856
#00BFC4	-0.09390285378322	1	2	prediction	3857
#00BFC4	-0.09390285378322	1	3	prediction	3858
#00BFC4	-0.09390285378322	1	4	prediction	3859
#00BFC4	-0.09390285378322	1	5	prediction	3860
#00BFC4	-0.09390285378322	1	6	prediction	3861
#00BFC4	-0.09390285378322	1	7	prediction	3862
#00BFC4	-0.09390285378322	1	8	prediction	3863
#00BFC4	-0.09390285378322	1	9	prediction	3864
#00BFC4	-0.09390285378322	1	10	prediction	3865
#00BFC4	-0.09390285378322	1	11	prediction	3866
#00BFC4	-0.09390285378322	1	12	prediction	3867
#00BFC4	-0.09390285378322	1	13	prediction	3868
#00BFC4	-0.09390285378322	1	14	prediction	3869
#00BFC4	-0.09390285378322	1	15	prediction	3870
#00BFC4	-0.09390285378322	1	16	prediction	3871
#00BFC4	-0.09390285378322	1	17	prediction	3872
#00BFC4	-0.09390285378322	1	18	prediction	3873
#00BFC4	-0.09390285378322	1	19	prediction	3874
#00BFC4	-0.09390285378322	1	20	prediction	3875
#00BFC4	-0.09390285378322	1	21	prediction	3876
#00BFC4	-0.09390285378322	1	22	prediction	3877
#00BFC4	-0.09390285378322	1	23	prediction	3878
#00BFC4	-0.09390285378322	1	24	prediction	3879
#00BFC4	-0.09390285378322	1	25	prediction	3880
#00BFC4	-0.09390285378322	1	26	prediction	3881
#00BFC4	-0.09390285378322	1	27	prediction	3882
#00BFC4	-0.09390285378322	1	28	prediction	3883
#00BFC4	-0.09390285378322	1	29	prediction	3884
#00BFC4	-0.09390285378322	1	30	prediction	3885
#00BFC4	-0.09390285378322	1	31	prediction	3886
#00BFC4	-0.09390285378322	1	32	prediction	3887
#00BFC4	-0.09390285378322	1	33	prediction	3888
#00BFC4	-0.09390285378322	1	34	prediction	3889
#00BFC4	-0.09390285378322	1	35	prediction	3890
#00BFC4	-0.09390285378322	1	36	prediction	3891
#00BFC4	-0.09390285378322	1	37	prediction	3892
#00BFC4	-0.09390285378322	1	38	prediction	3893
#00BFC4	-0.09390285378322	1	39	prediction	3894
#00BFC4	-0.09390285378322	1	40	prediction	3895
#00BFC4	-0.0387521577067673	1	0	prediction	3896
#00BFC4	-0.0387521577067673	1	1	prediction	3897
#00BFC4	-0.0387521577067673	1	2	prediction	3898
#00BFC4	-0.0387521577067673	1	3	prediction	3899
#00BFC4	-0.0387521577067673	1	4	prediction	3900
#00BFC4	-0.0387521577067673	1	5	prediction	3901
#00BFC4	-0.0387521577067673	1	6	prediction	3902
#00BFC4	-0.0387521577067673	1	7	prediction	3903
#00BFC4	-0.0387521577067673	1	8	prediction	3904
#00BFC4	-0.0387521577067673	1	9	prediction	3905
#00BFC4	-0.0387521577067673	1	10	prediction	3906
#00BFC4	-0.0387521577067673	1	11	prediction	3907
#00BFC4	-0.0387521577067673	1	12	prediction	3908
#00BFC4	-0.0387521577067673	1	13	prediction	3909
#00BFC4	-0.0387521577067673	1	14	prediction	3910
#00BFC4	-0.0387521577067673	1	15	prediction	3911
#00BFC4	-0.0387521577067673	1	16	prediction	3912
#00BFC4	-0.0387521577067673	1	17	prediction	3913
#00BFC4	-0.0387521577067673	1	18	prediction	3914
#00BFC4	-0.0387521577067673	1	19	prediction	3915
#00BFC4	-0.0387521577067673	1	20	prediction	3916
#00BFC4	-0.0387521577067673	1	21	prediction	3917
#00BFC4	-0.0387521577067673	1	22	prediction	3918
#00BFC4	-0.0387521577067673	1	23	prediction	3919
#00BFC4	-0.0387521577067673	1	24	prediction	3920
#00BFC4	-0.0387521577067673	1	25	prediction	3921
#00BFC4	-0.0387521577067673	1	26	prediction	3922
#00BFC4	-0.0387521577067673	1	27	prediction	3923
#00BFC4	-0.0387521577067673	1	28	prediction	3924
#00BFC4	-0.0387521577067673	1	29	prediction	3925
#00BFC4	-0.0387521577067673	1	30	prediction	3926
#00BFC4	-0.0387521577067673	1	31	prediction	3927
#00BFC4	-0.0387521577067673	1	32	prediction	3928
#00BFC4	-0.0387521577067673	1	33	prediction	3929
#00BFC4	-0.0387521577067673	1	34	prediction	3930
#00BFC4	-0.0387521577067673	1	35	prediction	3931
#00BFC4	-0.0387521577067673	1	36	prediction	3932
#00BFC4	-0.0387521577067673	1	37	prediction	3933
#00BFC4	-0.0387521577067673	1	38	prediction	3934
#00BFC4	-0.0387521577067673	1	39	prediction	3935
#00BFC4	-0.0387521577067673	1	40	prediction	3936
#00BFC4	-0.0264385328628123	1	0	prediction	3937
#00BFC4	-0.0264385328628123	1	1	prediction	3938
#00BFC4	-0.0264385328628123	1	2	prediction	3939
#00BFC4	-0.0264385328628123	1	3	prediction	3940
#00BFC4	-0.0264385328628123	1	4	prediction	3941
#00BFC4	-0.0264385328628123	1	5	prediction	3942
#00BFC4	-0.0264385328628123	1	6	prediction	3943
#00BFC4	-0.0264385328628123	1	7	prediction	3944
#00BFC4	-0.0264385328628123	1	8	prediction	3945
#00BFC4	-0.0264385328628123	1	9	prediction	3946
#00BFC4	-0.0264385328628123	1	10	prediction	3947
#00BFC4	-0.0264385328628123	1	11	prediction	3948
#00BFC4	-0.0264385328628123	1	12	prediction	3949
#00BFC4	-0.0264385328628123	1	13	prediction	3950
#00BFC4	-0.0264385328628123	1	14	prediction	3951
#00BFC4	-0.0264385328628123	1	15	prediction	3952
#00BFC4	-0.0264385328628123	1	16	prediction	3953
#00BFC4	-0.0264385328628123	1	17	prediction	3954
#00BFC4	-0.0264385328628123	1	18	prediction	3955
#00BFC4	-0.0264385328628123	1	19	prediction	3956
#00BFC4	-0.0264385328628123	1	20	prediction	3957
#00BFC4	-0.0264385328628123	1	21	prediction	3958
#00BFC4	-0.0264385328628123	1	22	prediction	3959
#00BFC4	-0.0264385328628123	1	23	prediction	3960
#00BFC4	-0.0264385328628123	1	24	prediction	3961
#00BFC4	-0.0264385328628123	1	25	prediction	3962
#00BFC4	-0.0264385328628123	1	26	prediction	3963
#00BFC4	-0.0264385328628123	1	27	prediction	3964
#00BFC4	-0.0264385328628123	1	28	prediction	3965
#00BFC4	-0.0264385328628123	1	29	prediction	3966
#00BFC4	-0.0264385328628123	1	30	prediction	3967
#00BFC4	-0.0264385328628123	1	31	prediction	3968
#00BFC4	-0.0264385328628123	1	32	prediction	3969
#00BFC4	-0.0264385328628123	1	33	prediction	3970
#00BFC4	-0.0264385328628123	1	34	prediction	3971
#00BFC4	-0.0264385328628123	1	35	prediction	3972
#00BFC4	-0.0264385328628123	1	36	prediction	3973
#00BFC4	-0.0264385328628123	1	37	prediction	3974
#00BFC4	-0.0264385328628123	1	38	prediction	3975
#00BFC4	-0.0264385328628123	1	39	prediction	3976
#00BFC4	-0.0264385328628123	1	40	prediction	3977
#00BFC4	-0.0138045474886894	1	0	prediction	3978
#00BFC4	-0.0138045474886894	1	1	prediction	3979
#00BFC4	-0.0138045474886894	1	2	prediction	3980
#00BFC4	-0.0138045474886894	1	3	prediction	3981
#00BFC4	-0.0138045474886894	1	4	prediction	3982
#00BFC4	-0.0138045474886894	1	5	prediction	3983
#00BFC4	-0.0138045474886894	1	6	prediction	3984
#00BFC4	-0.0138045474886894	1	7	prediction	3985
#00BFC4	-0.0138045474886894	1	8	prediction	3986
#00BFC4	-0.0138045474886894	1	9	prediction	3987
#00BFC4	-0.0138045474886894	1	10	prediction	3988
#00BFC4	-0.0138045474886894	1	11	prediction	3989
#00BFC4	-0.0138045474886894	1	12	prediction	3990
#00BFC4	-0.0138045474886894	1	13	prediction	3991
#00BFC4	-0.0138045474886894	1	14	prediction	3992
#00BFC4	-0.0138045474886894	1	15	prediction	3993
#00BFC4	-0.0138045474886894	1	16	prediction	3994
#00BFC4	-0.0138045474886894	1	17	prediction	3995
#00BFC4	-0.0138045474886894	1	18	prediction	3996
#00BFC4	-0.0138045474886894	1	19	prediction	3997
#00BFC4	-0.0138045474886894	1	20	prediction	3998
#00BFC4	-0.0138045474886894	1	21	prediction	3999
#00BFC4	-0.0138045474886894	1	22	prediction	4000
#00BFC4	-0.0138045474886894	1	23	prediction	4001
#00BFC4	-0.0138045474886894	1	24	prediction	4002
#00BFC4	-0.0138045474886894	1	25	prediction	4003
#00BFC4	-0.0138045474886894	1	26	prediction	4004
#00BFC4	-0.0138045474886894	1	27	prediction	4005
#00BFC4	-0.0138045474886894	1	28	prediction	4006
#00BFC4	-0.0138045474886894	1	29	prediction	4007
#00BFC4	-0.0138045474886894	1	30	prediction	4008
#00BFC4	-0.0138045474886894	1	31	prediction	4009
#00BFC4	-0.0138045474886894	1	32	prediction	4010
#00BFC4	-0.0138045474886894	1	33	prediction	4011
#00BFC4	-0.0138045474886894	1	34	prediction	4012
#00BFC4	-0.0138045474886894	1	35	prediction	4013
#00BFC4	-0.0138045474886894	1	36	prediction	4014
#00BFC4	-0.0138045474886894	1	37	prediction	4015
#00BFC4	-0.0138045474886894	1	38	prediction	4016
#00BFC4	-0.0138045474886894	1	39	prediction	4017
#00BFC4	-0.0138045474886894	1	40	prediction	4018
#00BFC4	0.00264583574607968	1	0	prediction	4019
#00BFC4	0.00264583574607968	1	1	prediction	4020
#00BFC4	0.00264583574607968	1	2	prediction	4021
#00BFC4	0.00264583574607968	1	3	prediction	4022
#00BFC4	0.00264583574607968	1	4	prediction	4023
#00BFC4	0.00264583574607968	1	5	prediction	4024
#00BFC4	0.00264583574607968	1	6	prediction	4025
#00BFC4	0.00264583574607968	1	7	prediction	4026
#00BFC4	0.00264583574607968	1	8	prediction	4027
#00BFC4	0.00264583574607968	1	9	prediction	4028
#00BFC4	0.00264583574607968	1	10	prediction	4029
#00BFC4	0.00264583574607968	1	11	prediction	4030
#00BFC4	0.00264583574607968	1	12	prediction	4031
#00BFC4	0.00264583574607968	1	13	prediction	4032
#00BFC4	0.00264583574607968	1	14	prediction	4033
#00BFC4	0.00264583574607968	1	15	prediction	4034
#00BFC4	0.00264583574607968	1	16	prediction	4035
#00BFC4	0.00264583574607968	1	17	prediction	4036
#00BFC4	0.00264583574607968	1	18	prediction	4037
#00BFC4	0.00264583574607968	1	19	prediction	4038
#00BFC4	0.00264583574607968	1	20	prediction	4039
#00BFC4	0.00264583574607968	1	21	prediction	4040
#00BFC4	0.00264583574607968	1	22	prediction	4041
#00BFC4	0.00264583574607968	1	23	prediction	4042
#00BFC4	0.00264583574607968	1	24	prediction	4043
#00BFC4	0.00264583574607968	1	25	prediction	4044
#00BFC4	0.00264583574607968	1	26	prediction	4045
#00BFC4	0.00264583574607968	1	27	prediction	4046
#00BFC4	0.00264583574607968	1	28	prediction	4047
#00BFC4	0.00264583574607968	1	29	prediction	4048
#00BFC4	0.00264583574607968	1	30	prediction	4049
#00BFC4	0.00264583574607968	1	31	prediction	4050
#00BFC4	0.00264583574607968	1	32	prediction	4051
#00BFC4	0.00264583574607968	1	33	prediction	4052
#00BFC4	0.00264583574607968	1	34	prediction	4053
#00BFC4	0.00264583574607968	1	35	prediction	4054
#00BFC4	0.00264583574607968	1	36	prediction	4055
#00BFC4	0.00264583574607968	1	37	prediction	4056
#00BFC4	0.00264583574607968	1	38	prediction	4057
#00BFC4	0.00264583574607968	1	39	prediction	4058
#00BFC4	0.00264583574607968	1	40	prediction	4059
#00BFC4	0.0200369143858552	1	0	prediction	4060
#00BFC4	0.0200369143858552	1	1	prediction	4061
#00BFC4	0.0200369143858552	1	2	prediction	4062
#00BFC4	0.0200369143858552	1	3	prediction	4063
#00BFC4	0.0200369143858552	1	4	prediction	4064
#00BFC4	0.0200369143858552	1	5	prediction	4065
#00BFC4	0.0200369143858552	1	6	prediction	4066
#00BFC4	0.0200369143858552	1	7	prediction	4067
#00BFC4	0.0200369143858552	1	8	prediction	4068
#00BFC4	0.0200369143858552	1	9	prediction	4069
#00BFC4	0.0200369143858552	1	10	prediction	4070
#00BFC4	0.0200369143858552	1	11	prediction	4071
#00BFC4	0.0200369143858552	1	12	prediction	4072
#00BFC4	0.0200369143858552	1	13	prediction	4073
#00BFC4	0.0200369143858552	1	14	prediction	4074
#00BFC4	0.0200369143858552	1	15	prediction	4075
#00BFC4	0.0200369143858552	1	16	prediction	4076
#00BFC4	0.0200369143858552	1	17	prediction	4077
#00BFC4	0.0200369143858552	1	18	prediction	4078
#00BFC4	0.0200369143858552	1	19	prediction	4079
#00BFC4	0.0200369143858552	1	20	prediction	4080
#00BFC4	0.0200369143858552	1	21	prediction	4081
#00BFC4	0.0200369143858552	1	22	prediction	4082
#00BFC4	0.0200369143858552	1	23	prediction	4083
#00BFC4	0.0200369143858552	1	24	prediction	4084
#00BFC4	0.0200369143858552	1	25	prediction	4085
#00BFC4	0.0200369143858552	1	26	prediction	4086
#00BFC4	0.0200369143858552	1	27	prediction	4087
#00BFC4	0.0200369143858552	1	28	prediction	4088
#00BFC4	0.0200369143858552	1	29	prediction	4089
#00BFC4	0.0200369143858552	1	30	prediction	4090
#00BFC4	0.0200369143858552	1	31	prediction	4091
#00BFC4	0.0200369143858552	1	32	prediction	4092
#00BFC4	0.0200369143858552	1	33	prediction	4093
#00BFC4	0.0200369143858552	1	34	prediction	4094
#00BFC4	0.0200369143858552	1	35	prediction	4095
#00BFC4	0.0200369143858552	1	36	prediction	4096
#00BFC4	0.0200369143858552	1	37	prediction	4097
#00BFC4	0.0200369143858552	1	38	prediction	4098
#00BFC4	0.0200369143858552	1	39	prediction	4099
#00BFC4	0.0200369143858552	1	40	prediction	4100
#00BFC4	0.0458509339950979	1	0	prediction	4101
#00BFC4	0.0458509339950979	1	1	prediction	4102
#00BFC4	0.0458509339950979	1	2	prediction	4103
#00BFC4	0.0458509339950979	1	3	prediction	4104
#00BFC4	0.0458509339950979	1	4	prediction	4105
#00BFC4	0.0458509339950979	1	5	prediction	4106
#00BFC4	0.0458509339950979	1	6	prediction	4107
#00BFC4	0.0458509339950979	1	7	prediction	4108
#00BFC4	0.0458509339950979	1	8	prediction	4109
#00BFC4	0.0458509339950979	1	9	prediction	4110
#00BFC4	0.0458509339950979	1	10	prediction	4111
#00BFC4	0.0458509339950979	1	11	prediction	4112
#00BFC4	0.0458509339950979	1	12	prediction	4113
#00BFC4	0.0458509339950979	1	13	prediction	4114
#00BFC4	0.0458509339950979	1	14	prediction	4115
#00BFC4	0.0458509339950979	1	15	prediction	4116
#00BFC4	0.0458509339950979	1	16	prediction	4117
#00BFC4	0.0458509339950979	1	17	prediction	4118
#00BFC4	0.0458509339950979	1	18	prediction	4119
#00BFC4	0.0458509339950979	1	19	prediction	4120
#00BFC4	0.0458509339950979	1	20	prediction	4121
#00BFC4	0.0458509339950979	1	21	prediction	4122
#00BFC4	0.0458509339950979	1	22	prediction	4123
#00BFC4	0.0458509339950979	1	23	prediction	4124
#00BFC4	0.0458509339950979	1	24	prediction	4125
#00BFC4	0.0458509339950979	1	25	prediction	4126
#00BFC4	0.0458509339950979	1	26	prediction	4127
#00BFC4	0.0458509339950979	1	27	prediction	4128
#00BFC4	0.0458509339950979	1	28	prediction	4129
#00BFC4	0.0458509339950979	1	29	prediction	4130
#00BFC4	0.0458509339950979	1	30	prediction	4131
#00BFC4	0.0458509339950979	1	31	prediction	4132
#00BFC4	0.0458509339950979	1	32	prediction	4133
#00BFC4	0.0458509339950979	1	33	prediction	4134
#00BFC4	0.0458509339950979	1	34	prediction	4135
#00BFC4	0.0458509339950979	1	35	prediction	4136
#00BFC4	0.0458509339950979	1	36	prediction	4137
#00BFC4	0.0458509339950979	1	37	prediction	4138
#00BFC4	0.0458509339950979	1	38	prediction	4139
#00BFC4	0.0458509339950979	1	39	prediction	4140
#00BFC4	0.0458509339950979	1	40	prediction	4141
#00BFC4	0.0670187026262283	1	0	prediction	4142
#00BFC4	0.0670187026262283	1	1	prediction	4143
#00BFC4	0.0670187026262283	1	2	prediction	4144
#00BFC4	0.0670187026262283	1	3	prediction	4145
#00BFC4	0.0670187026262283	1	4	prediction	4146
#00BFC4	0.0670187026262283	1	5	prediction	4147
#00BFC4	0.0670187026262283	1	6	prediction	4148
#00BFC4	0.0670187026262283	1	7	prediction	4149
#00BFC4	0.0670187026262283	1	8	prediction	4150
#00BFC4	0.0670187026262283	1	9	prediction	4151
#00BFC4	0.0670187026262283	1	10	prediction	4152
#00BFC4	0.0670187026262283	1	11	prediction	4153
#00BFC4	0.0670187026262283	1	12	prediction	4154
#00BFC4	0.0670187026262283	1	13	prediction	4155
#00BFC4	0.0670187026262283	1	14	prediction	4156
#00BFC4	0.0670187026262283	1	15	prediction	4157
#00BFC4	0.0670187026262283	1	16	prediction	4158
#00BFC4	0.0670187026262283	1	17	prediction	4159
#00BFC4	0.0670187026262283	1	18	prediction	4160
#00BFC4	0.0670187026262283	1	19	prediction	4161
#00BFC4	0.0670187026262283	1	20	prediction	4162
#00BFC4	0.0670187026262283	1	21	prediction	4163
#00BFC4	0.0670187026262283	1	22	prediction	4164
#00BFC4	0.0670187026262283	1	23	prediction	4165
#00BFC4	0.0670187026262283	1	24	prediction	4166
#00BFC4	0.0670187026262283	1	25	prediction	4167
#00BFC4	0.0670187026262283	1	26	prediction	4168
#00BFC4	0.0670187026262283	1	27	prediction	4169
#00BFC4	0.0670187026262283	1	28	prediction	4170
#00BFC4	0.0670187026262283	1	29	prediction	4171
#00BFC4	0.0670187026262283	1	30	prediction	4172
#00BFC4	0.0670187026262283	1	31	prediction	4173
#00BFC4	0.0670187026262283	1	32	prediction	4174
#00BFC4	0.0670187026262283	1	33	prediction	4175
#00BFC4	0.0670187026262283	1	34	prediction	4176
#00BFC4	0.0670187026262283	1	35	prediction	4177
#00BFC4	0.0670187026262283	1	36	prediction	4178
#00BFC4	0.0670187026262283	1	37	prediction	4179
#00BFC4	0.0670187026262283	1	38	prediction	4180
#00BFC4	0.0670187026262283	1	39	prediction	4181
#00BFC4	0.0670187026262283	1	40	prediction	4182
#00BFC4	0.111805579159409	1	0	prediction	4183
#00BFC4	0.111805579159409	1	1	prediction	4184
#00BFC4	0.111805579159409	1	2	prediction	4185
#00BFC4	0.111805579159409	1	3	prediction	4186
#00BFC4	0.111805579159409	1	4	prediction	4187
#00BFC4	0.111805579159409	1	5	prediction	4188
#00BFC4	0.111805579159409	1	6	prediction	4189
#00BFC4	0.111805579159409	1	7	prediction	4190
#00BFC4	0.111805579159409	1	8	prediction	4191
#00BFC4	0.111805579159409	1	9	prediction	4192
#00BFC4	0.111805579159409	1	10	prediction	4193
#00BFC4	0.111805579159409	1	11	prediction	4194
#00BFC4	0.111805579159409	1	12	prediction	4195
#00BFC4	0.111805579159409	1	13	prediction	4196
#00BFC4	0.111805579159409	1	14	prediction	4197
#00BFC4	0.111805579159409	1	15	prediction	4198
#00BFC4	0.111805579159409	1	16	prediction	4199
#00BFC4	0.111805579159409	1	17	prediction	4200
#00BFC4	0.111805579159409	1	18	prediction	4201
#00BFC4	0.111805579159409	1	19	prediction	4202
#00BFC4	0.111805579159409	1	20	prediction	4203
#00BFC4	0.111805579159409	1	21	prediction	4204
#00BFC4	0.111805579159409	1	22	prediction	4205
#00BFC4	0.111805579159409	1	23	prediction	4206
#00BFC4	0.111805579159409	1	24	prediction	4207
#00BFC4	0.111805579159409	1	25	prediction	4208
#00BFC4	0.111805579159409	1	26	prediction	4209
#00BFC4	0.111805579159409	1	27	prediction	4210
#00BFC4	0.111805579159409	1	28	prediction	4211
#00BFC4	0.111805579159409	1	29	prediction	4212
#00BFC4	0.111805579159409	1	30	prediction	4213
#00BFC4	0.111805579159409	1	31	prediction	4214
#00BFC4	0.111805579159409	1	32	prediction	4215
#00BFC4	0.111805579159409	1	33	prediction	4216
#00BFC4	0.111805579159409	1	34	prediction	4217
#00BFC4	0.111805579159409	1	35	prediction	4218
#00BFC4	0.111805579159409	1	36	prediction	4219
#00BFC4	0.111805579159409	1	37	prediction	4220
#00BFC4	0.111805579159409	1	38	prediction	4221
#00BFC4	0.111805579159409	1	39	prediction	4222
#00BFC4	0.111805579159409	1	40	prediction	4223
#00BFC4	0.156166343484074	1	0	prediction	4224
#00BFC4	0.156166343484074	1	1	prediction	4225
#00BFC4	0.156166343484074	1	2	prediction	4226
#00BFC4	0.156166343484074	1	3	prediction	4227
#00BFC4	0.156166343484074	1	4	prediction	4228
#00BFC4	0.156166343484074	1	5	prediction	4229
#00BFC4	0.156166343484074	1	6	prediction	4230
#00BFC4	0.156166343484074	1	7	prediction	4231
#00BFC4	0.156166343484074	1	8	prediction	4232
#00BFC4	0.156166343484074	1	9	prediction	4233
#00BFC4	0.156166343484074	1	10	prediction	4234
#00BFC4	0.156166343484074	1	11	prediction	4235
#00BFC4	0.156166343484074	1	12	prediction	4236
#00BFC4	0.156166343484074	1	13	prediction	4237
#00BFC4	0.156166343484074	1	14	prediction	4238
#00BFC4	0.156166343484074	1	15	prediction	4239
#00BFC4	0.156166343484074	1	16	prediction	4240
#00BFC4	0.156166343484074	1	17	prediction	4241
#00BFC4	0.156166343484074	1	18	prediction	4242
#00BFC4	0.156166343484074	1	19	prediction	4243
#00BFC4	0.156166343484074	1	20	prediction	4244
#00BFC4	0.156166343484074	1	21	prediction	4245
#00BFC4	0.156166343484074	1	22	prediction	4246
#00BFC4	0.156166343484074	1	23	prediction	4247
#00BFC4	0.156166343484074	1	24	prediction	4248
#00BFC4	0.156166343484074	1	25	prediction	4249
#00BFC4	0.156166343484074	1	26	prediction	4250
#00BFC4	0.156166343484074	1	27	prediction	4251
#00BFC4	0.156166343484074	1	28	prediction	4252
#00BFC4	0.156166343484074	1	29	prediction	4253
#00BFC4	0.156166343484074	1	30	prediction	4254
#00BFC4	0.156166343484074	1	31	prediction	4255
#00BFC4	0.156166343484074	1	32	prediction	4256
#00BFC4	0.156166343484074	1	33	prediction	4257
#00BFC4	0.156166343484074	1	34	prediction	4258
#00BFC4	0.156166343484074	1	35	prediction	4259
#00BFC4	0.156166343484074	1	36	prediction	4260
#00BFC4	0.156166343484074	1	37	prediction	4261
#00BFC4	0.156166343484074	1	38	prediction	4262
#00BFC4	0.156166343484074	1	39	prediction	4263
#00BFC4	0.156166343484074	1	40	prediction	4264
#00BFC4	0.177783616818488	1	0	prediction	4265
#00BFC4	0.177783616818488	1	1	prediction	4266
#00BFC4	0.177783616818488	1	2	prediction	4267
#00BFC4	0.177783616818488	1	3	prediction	4268
#00BFC4	0.177783616818488	1	4	prediction	4269
#00BFC4	0.177783616818488	1	5	prediction	4270
#00BFC4	0.177783616818488	1	6	prediction	4271
#00BFC4	0.177783616818488	1	7	prediction	4272
#00BFC4	0.177783616818488	1	8	prediction	4273
#00BFC4	0.177783616818488	1	9	prediction	4274
#00BFC4	0.177783616818488	1	10	prediction	4275
#00BFC4	0.177783616818488	1	11	prediction	4276
#00BFC4	0.177783616818488	1	12	prediction	4277
#00BFC4	0.177783616818488	1	13	prediction	4278
#00BFC4	0.177783616818488	1	14	prediction	4279
#00BFC4	0.177783616818488	1	15	prediction	4280
#00BFC4	0.177783616818488	1	16	prediction	4281
#00BFC4	0.177783616818488	1	17	prediction	4282
#00BFC4	0.177783616818488	1	18	prediction	4283
#00BFC4	0.177783616818488	1	19	prediction	4284
#00BFC4	0.177783616818488	1	20	prediction	4285
#00BFC4	0.177783616818488	1	21	prediction	4286
#00BFC4	0.177783616818488	1	22	prediction	4287
#00BFC4	0.177783616818488	1	23	prediction	4288
#00BFC4	0.177783616818488	1	24	prediction	4289
#00BFC4	0.177783616818488	1	25	prediction	4290
#00BFC4	0.177783616818488	1	26	prediction	4291
#00BFC4	0.177783616818488	1	27	prediction	4292
#00BFC4	0.177783616818488	1	28	prediction	4293
#00BFC4	0.177783616818488	1	29	prediction	4294
#00BFC4	0.177783616818488	1	30	prediction	4295
#00BFC4	0.177783616818488	1	31	prediction	4296
#00BFC4	0.177783616818488	1	32	prediction	4297
#00BFC4	0.177783616818488	1	33	prediction	4298
#00BFC4	0.177783616818488	1	34	prediction	4299
#00BFC4	0.177783616818488	1	35	prediction	4300
#00BFC4	0.177783616818488	1	36	prediction	4301
#00BFC4	0.177783616818488	1	37	prediction	4302
#00BFC4	0.177783616818488	1	38	prediction	4303
#00BFC4	0.177783616818488	1	39	prediction	4304
#00BFC4	0.177783616818488	1	40	prediction	4305
#00BFC4	0.178317481186241	1	0	prediction	4306
#00BFC4	0.178317481186241	1	1	prediction	4307
#00BFC4	0.178317481186241	1	2	prediction	4308
#00BFC4	0.178317481186241	1	3	prediction	4309
#00BFC4	0.178317481186241	1	4	prediction	4310
#00BFC4	0.178317481186241	1	5	prediction	4311
#00BFC4	0.178317481186241	1	6	prediction	4312
#00BFC4	0.178317481186241	1	7	prediction	4313
#00BFC4	0.178317481186241	1	8	prediction	4314
#00BFC4	0.178317481186241	1	9	prediction	4315
#00BFC4	0.178317481186241	1	10	prediction	4316
#00BFC4	0.178317481186241	1	11	prediction	4317
#00BFC4	0.178317481186241	1	12	prediction	4318
#00BFC4	0.178317481186241	1	13	prediction	4319
#00BFC4	0.178317481186241	1	14	prediction	4320
#00BFC4	0.178317481186241	1	15	prediction	4321
#00BFC4	0.178317481186241	1	16	prediction	4322
#00BFC4	0.178317481186241	1	17	prediction	4323
#00BFC4	0.178317481186241	1	18	prediction	4324
#00BFC4	0.178317481186241	1	19	prediction	4325
#00BFC4	0.178317481186241	1	20	prediction	4326
#00BFC4	0.178317481186241	1	21	prediction	4327
#00BFC4	0.178317481186241	1	22	prediction	4328
#00BFC4	0.178317481186241	1	23	prediction	4329
#00BFC4	0.178317481186241	1	24	prediction	4330
#00BFC4	0.178317481186241	1	25	prediction	4331
#00BFC4	0.178317481186241	1	26	prediction	4332
#00BFC4	0.178317481186241	1	27	prediction	4333
#00BFC4	0.178317481186241	1	28	prediction	4334
#00BFC4	0.178317481186241	1	29	prediction	4335
#00BFC4	0.178317481186241	1	30	prediction	4336
#00BFC4	0.178317481186241	1	31	prediction	4337
#00BFC4	0.178317481186241	1	32	prediction	4338
#00BFC4	0.178317481186241	1	33	prediction	4339
#00BFC4	0.178317481186241	1	34	prediction	4340
#00BFC4	0.178317481186241	1	35	prediction	4341
#00BFC4	0.178317481186241	1	36	prediction	4342
#00BFC4	0.178317481186241	1	37	prediction	4343
#00BFC4	0.178317481186241	1	38	prediction	4344
#00BFC4	0.178317481186241	1	39	prediction	4345
#00BFC4	0.178317481186241	1	40	prediction	4346
#00BFC4	0.285879522096366	1	0	prediction	4347
#00BFC4	0.285879522096366	1	1	prediction	4348
#00BFC4	0.285879522096366	1	2	prediction	4349
#00BFC4	0.285879522096366	1	3	prediction	4350
#00BFC4	0.285879522096366	1	4	prediction	4351
#00BFC4	0.285879522096366	1	5	prediction	4352
#00BFC4	0.285879522096366	1	6	prediction	4353
#00BFC4	0.285879522096366	1	7	prediction	4354
#00BFC4	0.285879522096366	1	8	prediction	4355
#00BFC4	0.285879522096366	1	9	prediction	4356
#00BFC4	0.285879522096366	1	10	prediction	4357
#00BFC4	0.285879522096366	1	11	prediction	4358
#00BFC4	0.285879522096366	1	12	prediction	4359
#00BFC4	0.285879522096366	1	13	prediction	4360
#00BFC4	0.285879522096366	1	14	prediction	4361
#00BFC4	0.285879522096366	1	15	prediction	4362
#00BFC4	0.285879522096366	1	16	prediction	4363
#00BFC4	0.285879522096366	1	17	prediction	4364
#00BFC4	0.285879522096366	1	18	prediction	4365
#00BFC4	0.285879522096366	1	19	prediction	4366
#00BFC4	0.285879522096366	1	20	prediction	4367
#00BFC4	0.285879522096366	1	21	prediction	4368
#00BFC4	0.285879522096366	1	22	prediction	4369
#00BFC4	0.285879522096366	1	23	prediction	4370
#00BFC4	0.285879522096366	1	24	prediction	4371
#00BFC4	0.285879522096366	1	25	prediction	4372
#00BFC4	0.285879522096366	1	26	prediction	4373
#00BFC4	0.285879522096366	1	27	prediction	4374
#00BFC4	0.285879522096366	1	28	prediction	4375
#00BFC4	0.285879522096366	1	29	prediction	4376
#00BFC4	0.285879522096366	1	30	prediction	4377
#00BFC4	0.285879522096366	1	31	prediction	4378
#00BFC4	0.285879522096366	1	32	prediction	4379
#00BFC4	0.285879522096366	1	33	prediction	4380
#00BFC4	0.285879522096366	1	34	prediction	4381
#00BFC4	0.285879522096366	1	35	prediction	4382
#00BFC4	0.285879522096366	1	36	prediction	4383
#00BFC4	0.285879522096366	1	37	prediction	4384
#00BFC4	0.285879522096366	1	38	prediction	4385
#00BFC4	0.285879522096366	1	39	prediction	4386
#00BFC4	0.285879522096366	1	40	prediction	4387
#00BFC4	0.318217869848013	1	0	prediction	4388
#00BFC4	0.318217869848013	1	1	prediction	4389
#00BFC4	0.318217869848013	1	2	prediction	4390
#00BFC4	0.318217869848013	1	3	prediction	4391
#00BFC4	0.318217869848013	1	4	prediction	4392
#00BFC4	0.318217869848013	1	5	prediction	4393
#00BFC4	0.318217869848013	1	6	prediction	4394
#00BFC4	0.318217869848013	1	7	prediction	4395
#00BFC4	0.318217869848013	1	8	prediction	4396
#00BFC4	0.318217869848013	1	9	prediction	4397
#00BFC4	0.318217869848013	1	10	prediction	4398
#00BFC4	0.318217869848013	1	11	prediction	4399
#00BFC4	0.318217869848013	1	12	prediction	4400
#00BFC4	0.318217869848013	1	13	prediction	4401
#00BFC4	0.318217869848013	1	14	prediction	4402
#00BFC4	0.318217869848013	1	15	prediction	4403
#00BFC4	0.318217869848013	1	16	prediction	4404
#00BFC4	0.318217869848013	1	17	prediction	4405
#00BFC4	0.318217869848013	1	18	prediction	4406
#00BFC4	0.318217869848013	1	19	prediction	4407
#00BFC4	0.318217869848013	1	20	prediction	4408
#00BFC4	0.318217869848013	1	21	prediction	4409
#00BFC4	0.318217869848013	1	22	prediction	4410
#00BFC4	0.318217869848013	1	23	prediction	4411
#00BFC4	0.318217869848013	1	24	prediction	4412
#00BFC4	0.318217869848013	1	25	prediction	4413
#00BFC4	0.318217869848013	1	26	prediction	4414
#00BFC4	0.318217869848013	1	27	prediction	4415
#00BFC4	0.318217869848013	1	28	prediction	4416
#00BFC4	0.318217869848013	1	29	prediction	4417
#00BFC4	0.318217869848013	1	30	prediction	4418
#00BFC4	0.318217869848013	1	31	prediction	4419
#00BFC4	0.318217869848013	1	32	prediction	4420
#00BFC4	0.318217869848013	1	33	prediction	4421
#00BFC4	0.318217869848013	1	34	prediction	4422
#00BFC4	0.318217869848013	1	35	prediction	4423
#00BFC4	0.318217869848013	1	36	prediction	4424
#00BFC4	0.318217869848013	1	37	prediction	4425
#00BFC4	0.318217869848013	1	38	prediction	4426
#00BFC4	0.318217869848013	1	39	prediction	4427
#00BFC4	0.318217869848013	1	40	prediction	4428
#00BFC4	0.342957233078778	1	0	prediction	4429
#00BFC4	0.342957233078778	1	1	prediction	4430
#00BFC4	0.342957233078778	1	2	prediction	4431
#00BFC4	0.342957233078778	1	3	prediction	4432
#00BFC4	0.342957233078778	1	4	prediction	4433
#00BFC4	0.342957233078778	1	5	prediction	4434
#00BFC4	0.342957233078778	1	6	prediction	4435
#00BFC4	0.342957233078778	1	7	prediction	4436
#00BFC4	0.342957233078778	1	8	prediction	4437
#00BFC4	0.342957233078778	1	9	prediction	4438
#00BFC4	0.342957233078778	1	10	prediction	4439
#00BFC4	0.342957233078778	1	11	prediction	4440
#00BFC4	0.342957233078778	1	12	prediction	4441
#00BFC4	0.342957233078778	1	13	prediction	4442
#00BFC4	0.342957233078778	1	14	prediction	4443
#00BFC4	0.342957233078778	1	15	prediction	4444
#00BFC4	0.342957233078778	1	16	prediction	4445
#00BFC4	0.342957233078778	1	17	prediction	4446
#00BFC4	0.342957233078778	1	18	prediction	4447
#00BFC4	0.342957233078778	1	19	prediction	4448
#00BFC4	0.342957233078778	1	20	prediction	4449
#00BFC4	0.342957233078778	1	21	prediction	4450
#00BFC4	0.342957233078778	1	22	prediction	4451
#00BFC4	0.342957233078778	1	23	prediction	4452
#00BFC4	0.342957233078778	1	24	prediction	4453
#00BFC4	0.342957233078778	1	25	prediction	4454
#00BFC4	0.342957233078778	1	26	prediction	4455
#00BFC4	0.342957233078778	1	27	prediction	4456
#00BFC4	0.342957233078778	1	28	prediction	4457
#00BFC4	0.342957233078778	1	29	prediction	4458
#00BFC4	0.342957233078778	1	30	prediction	4459
#00BFC4	0.342957233078778	1	31	prediction	4460
#00BFC4	0.342957233078778	1	32	prediction	4461
#00BFC4	0.342957233078778	1	33	prediction	4462
#00BFC4	0.342957233078778	1	34	prediction	4463
#00BFC4	0.342957233078778	1	35	prediction	4464
#00BFC4	0.342957233078778	1	36	prediction	4465
#00BFC4	0.342957233078778	1	37	prediction	4466
#00BFC4	0.342957233078778	1	38	prediction	4467
#00BFC4	0.342957233078778	1	39	prediction	4468
#00BFC4	0.342957233078778	1	40	prediction	4469
#00BFC4	0.365404488053173	1	0	prediction	4470
#00BFC4	0.365404488053173	1	1	prediction	4471
#00BFC4	0.365404488053173	1	2	prediction	4472
#00BFC4	0.365404488053173	1	3	prediction	4473
#00BFC4	0.365404488053173	1	4	prediction	4474
#00BFC4	0.365404488053173	1	5	prediction	4475
#00BFC4	0.365404488053173	1	6	prediction	4476
#00BFC4	0.365404488053173	1	7	prediction	4477
#00BFC4	0.365404488053173	1	8	prediction	4478
#00BFC4	0.365404488053173	1	9	prediction	4479
#00BFC4	0.365404488053173	1	10	prediction	4480
#00BFC4	0.365404488053173	1	11	prediction	4481
#00BFC4	0.365404488053173	1	12	prediction	4482
#00BFC4	0.365404488053173	1	13	prediction	4483
#00BFC4	0.365404488053173	1	14	prediction	4484
#00BFC4	0.365404488053173	1	15	prediction	4485
#00BFC4	0.365404488053173	1	16	prediction	4486
#00BFC4	0.365404488053173	1	17	prediction	4487
#00BFC4	0.365404488053173	1	18	prediction	4488
#00BFC4	0.365404488053173	1	19	prediction	4489
#00BFC4	0.365404488053173	1	20	prediction	4490
#00BFC4	0.365404488053173	1	21	prediction	4491
#00BFC4	0.365404488053173	1	22	prediction	4492
#00BFC4	0.365404488053173	1	23	prediction	4493
#00BFC4	0.365404488053173	1	24	prediction	4494
#00BFC4	0.365404488053173	1	25	prediction	4495
#00BFC4	0.365404488053173	1	26	prediction	4496
#00BFC4	0.365404488053173	1	27	prediction	4497
#00BFC4	0.365404488053173	1	28	prediction	4498
#00BFC4	0.365404488053173	1	29	prediction	4499
#00BFC4	0.365404488053173	1	30	prediction	4500
#00BFC4	0.365404488053173	1	31	prediction	4501
#00BFC4	0.365404488053173	1	32	prediction	4502
#00BFC4	0.365404488053173	1	33	prediction	4503
#00BFC4	0.365404488053173	1	34	prediction	4504
#00BFC4	0.365404488053173	1	35	prediction	4505
#00BFC4	0.365404488053173	1	36	prediction	4506
#00BFC4	0.365404488053173	1	37	prediction	4507
#00BFC4	0.365404488053173	1	38	prediction	4508
#00BFC4	0.365404488053173	1	39	prediction	4509
#00BFC4	0.365404488053173	1	40	prediction	4510
#00BFC4	0.437120180111378	1	0	prediction	4511
#00BFC4	0.437120180111378	1	1	prediction	4512
#00BFC4	0.437120180111378	1	2	prediction	4513
#00BFC4	0.437120180111378	1	3	prediction	4514
#00BFC4	0.437120180111378	1	4	prediction	4515
#00BFC4	0.437120180111378	1	5	prediction	4516
#00BFC4	0.437120180111378	1	6	prediction	4517
#00BFC4	0.437120180111378	1	7	prediction	4518
#00BFC4	0.437120180111378	1	8	prediction	4519
#00BFC4	0.437120180111378	1	9	prediction	4520
#00BFC4	0.437120180111378	1	10	prediction	4521
#00BFC4	0.437120180111378	1	11	prediction	4522
#00BFC4	0.437120180111378	1	12	prediction	4523
#00BFC4	0.437120180111378	1	13	prediction	4524
#00BFC4	0.437120180111378	1	14	prediction	4525
#00BFC4	0.437120180111378	1	15	prediction	4526
#00BFC4	0.437120180111378	1	16	prediction	4527
#00BFC4	0.437120180111378	1	17	prediction	4528
#00BFC4	0.437120180111378	1	18	prediction	4529
#00BFC4	0.437120180111378	1	19	prediction	4530
#00BFC4	0.437120180111378	1	20	prediction	4531
#00BFC4	0.437120180111378	1	21	prediction	4532
#00BFC4	0.437120180111378	1	22	prediction	4533
#00BFC4	0.437120180111378	1	23	prediction	4534
#00BFC4	0.437120180111378	1	24	prediction	4535
#00BFC4	0.437120180111378	1	25	prediction	4536
#00BFC4	0.437120180111378	1	26	prediction	4537
#00BFC4	0.437120180111378	1	27	prediction	4538
#00BFC4	0.437120180111378	1	28	prediction	4539
#00BFC4	0.437120180111378	1	29	prediction	4540
#00BFC4	0.437120180111378	1	30	prediction	4541
#00BFC4	0.437120180111378	1	31	prediction	4542
#00BFC4	0.437120180111378	1	32	prediction	4543
#00BFC4	0.437120180111378	1	33	prediction	4544
#00BFC4	0.437120180111378	1	34	prediction	4545
#00BFC4	0.437120180111378	1	35	prediction	4546
#00BFC4	0.437120180111378	1	36	prediction	4547
#00BFC4	0.437120180111378	1	37	prediction	4548
#00BFC4	0.437120180111378	1	38	prediction	4549
#00BFC4	0.437120180111378	1	39	prediction	4550
#00BFC4	0.437120180111378	1	40	prediction	4551
#00BFC4	0.449233189690858	1	0	prediction	4552
#00BFC4	0.449233189690858	1	1	prediction	4553
#00BFC4	0.449233189690858	1	2	prediction	4554
#00BFC4	0.449233189690858	1	3	prediction	4555
#00BFC4	0.449233189690858	1	4	prediction	4556
#00BFC4	0.449233189690858	1	5	prediction	4557
#00BFC4	0.449233189690858	1	6	prediction	4558
#00BFC4	0.449233189690858	1	7	prediction	4559
#00BFC4	0.449233189690858	1	8	prediction	4560
#00BFC4	0.449233189690858	1	9	prediction	4561
#00BFC4	0.449233189690858	1	10	prediction	4562
#00BFC4	0.449233189690858	1	11	prediction	4563
#00BFC4	0.449233189690858	1	12	prediction	4564
#00BFC4	0.449233189690858	1	13	prediction	4565
#00BFC4	0.449233189690858	1	14	prediction	4566
#00BFC4	0.449233189690858	1	15	prediction	4567
#00BFC4	0.449233189690858	1	16	prediction	4568
#00BFC4	0.449233189690858	1	17	prediction	4569
#00BFC4	0.449233189690858	1	18	prediction	4570
#00BFC4	0.449233189690858	1	19	prediction	4571
#00BFC4	0.449233189690858	1	20	prediction	4572
#00BFC4	0.449233189690858	1	21	prediction	4573
#00BFC4	0.449233189690858	1	22	prediction	4574
#00BFC4	0.449233189690858	1	23	prediction	4575
#00BFC4	0.449233189690858	1	24	prediction	4576
#00BFC4	0.449233189690858	1	25	prediction	4577
#00BFC4	0.449233189690858	1	26	prediction	4578
#00BFC4	0.449233189690858	1	27	prediction	4579
#00BFC4	0.449233189690858	1	28	prediction	4580
#00BFC4	0.449233189690858	1	29	prediction	4581
#00BFC4	0.449233189690858	1	30	prediction	4582
#00BFC4	0.449233189690858	1	31	prediction	4583
#00BFC4	0.449233189690858	1	32	prediction	4584
#00BFC4	0.449233189690858	1	33	prediction	4585
#00BFC4	0.449233189690858	1	34	prediction	4586
#00BFC4	0.449233189690858	1	35	prediction	4587
#00BFC4	0.449233189690858	1	36	prediction	4588
#00BFC4	0.449233189690858	1	37	prediction	4589
#00BFC4	0.449233189690858	1	38	prediction	4590
#00BFC4	0.449233189690858	1	39	prediction	4591
#00BFC4	0.449233189690858	1	40	prediction	4592
#00BFC4	0.543438952881843	1	0	prediction	4593
#00BFC4	0.543438952881843	1	1	prediction	4594
#00BFC4	0.543438952881843	1	2	prediction	4595
#00BFC4	0.543438952881843	1	3	prediction	4596
#00BFC4	0.543438952881843	1	4	prediction	4597
#00BFC4	0.543438952881843	1	5	prediction	4598
#00BFC4	0.543438952881843	1	6	prediction	4599
#00BFC4	0.543438952881843	1	7	prediction	4600
#00BFC4	0.543438952881843	1	8	prediction	4601
#00BFC4	0.543438952881843	1	9	prediction	4602
#00BFC4	0.543438952881843	1	10	prediction	4603
#00BFC4	0.543438952881843	1	11	prediction	4604
#00BFC4	0.543438952881843	1	12	prediction	4605
#00BFC4	0.543438952881843	1	13	prediction	4606
#00BFC4	0.543438952881843	1	14	prediction	4607
#00BFC4	0.543438952881843	1	15	prediction	4608
#00BFC4	0.543438952881843	1	16	prediction	4609
#00BFC4	0.543438952881843	1	17	prediction	4610
#00BFC4	0.543438952881843	1	18	prediction	4611
#00BFC4	0.543438952881843	1	19	prediction	4612
#00BFC4	0.543438952881843	1	20	prediction	4613
#00BFC4	0.543438952881843	1	21	prediction	4614
#00BFC4	0.543438952881843	1	22	prediction	4615
#00BFC4	0.543438952881843	1	23	prediction	4616
#00BFC4	0.543438952881843	1	24	prediction	4617
#00BFC4	0.543438952881843	1	25	prediction	4618
#00BFC4	0.543438952881843	1	26	prediction	4619
#00BFC4	0.543438952881843	1	27	prediction	4620
#00BFC4	0.543438952881843	1	28	prediction	4621
#00BFC4	0.543438952881843	1	29	prediction	4622
#00BFC4	0.543438952881843	1	30	prediction	4623
#00BFC4	0.543438952881843	1	31	prediction	4624
#00BFC4	0.543438952881843	1	32	prediction	4625
#00BFC4	0.543438952881843	1	33	prediction	4626
#00BFC4	0.543438952881843	1	34	prediction	4627
#00BFC4	0.543438952881843	1	35	prediction	4628
#00BFC4	0.543438952881843	1	36	prediction	4629
#00BFC4	0.543438952881843	1	37	prediction	4630
#00BFC4	0.543438952881843	1	38	prediction	4631
#00BFC4	0.543438952881843	1	39	prediction	4632
#00BFC4	0.543438952881843	1	40	prediction	4633
#00BFC4	0.574271977879107	1	0	prediction	4634
#00BFC4	0.574271977879107	1	1	prediction	4635
#00BFC4	0.574271977879107	1	2	prediction	4636
#00BFC4	0.574271977879107	1	3	prediction	4637
#00BFC4	0.574271977879107	1	4	prediction	4638
#00BFC4	0.574271977879107	1	5	prediction	4639
#00BFC4	0.574271977879107	1	6	prediction	4640
#00BFC4	0.574271977879107	1	7	prediction	4641
#00BFC4	0.574271977879107	1	8	prediction	4642
#00BFC4	0.574271977879107	1	9	prediction	4643
#00BFC4	0.574271977879107	1	10	prediction	4644
#00BFC4	0.574271977879107	1	11	prediction	4645
#00BFC4	0.574271977879107	1	12	prediction	4646
#00BFC4	0.574271977879107	1	13	prediction	4647
#00BFC4	0.574271977879107	1	14	prediction	4648
#00BFC4	0.574271977879107	1	15	prediction	4649
#00BFC4	0.574271977879107	1	16	prediction	4650
#00BFC4	0.574271977879107	1	17	prediction	4651
#00BFC4	0.574271977879107	1	18	prediction	4652
#00BFC4	0.574271977879107	1	19	prediction	4653
#00BFC4	0.574271977879107	1	20	prediction	4654
#00BFC4	0.574271977879107	1	21	prediction	4655
#00BFC4	0.574271977879107	1	22	prediction	4656
#00BFC4	0.574271977879107	1	23	prediction	4657
#00BFC4	0.574271977879107	1	24	prediction	4658
#00BFC4	0.574271977879107	1	25	prediction	4659
#00BFC4	0.574271977879107	1	26	prediction	4660
#00BFC4	0.574271977879107	1	27	prediction	4661
#00BFC4	0.574271977879107	1	28	prediction	4662
#00BFC4	0.574271977879107	1	29	prediction	4663
#00BFC4	0.574271977879107	1	30	prediction	4664
#00BFC4	0.574271977879107	1	31	prediction	4665
#00BFC4	0.574271977879107	1	32	prediction	4666
#00BFC4	0.574271977879107	1	33	prediction	4667
#00BFC4	0.574271977879107	1	34	prediction	4668
#00BFC4	0.574271977879107	1	35	prediction	4669
#00BFC4	0.574271977879107	1	36	prediction	4670
#00BFC4	0.574271977879107	1	37	prediction	4671
#00BFC4	0.574271977879107	1	38	prediction	4672
#00BFC4	0.574271977879107	1	39	prediction	4673
#00BFC4	0.574271977879107	1	40	prediction	4674
#00BFC4	0.588554534129798	1	0	prediction	4675
#00BFC4	0.588554534129798	1	1	prediction	4676
#00BFC4	0.588554534129798	1	2	prediction	4677
#00BFC4	0.588554534129798	1	3	prediction	4678
#00BFC4	0.588554534129798	1	4	prediction	4679
#00BFC4	0.588554534129798	1	5	prediction	4680
#00BFC4	0.588554534129798	1	6	prediction	4681
#00BFC4	0.588554534129798	1	7	prediction	4682
#00BFC4	0.588554534129798	1	8	prediction	4683
#00BFC4	0.588554534129798	1	9	prediction	4684
#00BFC4	0.588554534129798	1	10	prediction	4685
#00BFC4	0.588554534129798	1	11	prediction	4686
#00BFC4	0.588554534129798	1	12	prediction	4687
#00BFC4	0.588554534129798	1	13	prediction	4688
#00BFC4	0.588554534129798	1	14	prediction	4689
#00BFC4	0.588554534129798	1	15	prediction	4690
#00BFC4	0.588554534129798	1	16	prediction	4691
#00BFC4	0.588554534129798	1	17	prediction	4692
#00BFC4	0.588554534129798	1	18	prediction	4693
#00BFC4	0.588554534129798	1	19	prediction	4694
#00BFC4	0.588554534129798	1	20	prediction	4695
#00BFC4	0.588554534129798	1	21	prediction	4696
#00BFC4	0.588554534129798	1	22	prediction	4697
#00BFC4	0.588554534129798	1	23	prediction	4698
#00BFC4	0.588554534129798	1	24	prediction	4699
#00BFC4	0.588554534129798	1	25	prediction	4700
#00BFC4	0.588554534129798	1	26	prediction	4701
#00BFC4	0.588554534129798	1	27	prediction	4702
#00BFC4	0.588554534129798	1	28	prediction	4703
#00BFC4	0.588554534129798	1	29	prediction	4704
#00BFC4	0.588554534129798	1	30	prediction	4705
#00BFC4	0.588554534129798	1	31	prediction	4706
#00BFC4	0.588554534129798	1	32	prediction	4707
#00BFC4	0.588554534129798	1	33	prediction	4708
#00BFC4	0.588554534129798	1	34	prediction	4709
#00BFC4	0.588554534129798	1	35	prediction	4710
#00BFC4	0.588554534129798	1	36	prediction	4711
#00BFC4	0.588554534129798	1	37	prediction	4712
#00BFC4	0.588554534129798	1	38	prediction	4713
#00BFC4	0.588554534129798	1	39	prediction	4714
#00BFC4	0.588554534129798	1	40	prediction	4715
#00BFC4	0.59256580285728	1	0	prediction	4716
#00BFC4	0.59256580285728	1	1	prediction	4717
#00BFC4	0.59256580285728	1	2	prediction	4718
#00BFC4	0.59256580285728	1	3	prediction	4719
#00BFC4	0.59256580285728	1	4	prediction	4720
#00BFC4	0.59256580285728	1	5	prediction	4721
#00BFC4	0.59256580285728	1	6	prediction	4722
#00BFC4	0.59256580285728	1	7	prediction	4723
#00BFC4	0.59256580285728	1	8	prediction	4724
#00BFC4	0.59256580285728	1	9	prediction	4725
#00BFC4	0.59256580285728	1	10	prediction	4726
#00BFC4	0.59256580285728	1	11	prediction	4727
#00BFC4	0.59256580285728	1	12	prediction	4728
#00BFC4	0.59256580285728	1	13	prediction	4729
#00BFC4	0.59256580285728	1	14	prediction	4730
#00BFC4	0.59256580285728	1	15	prediction	4731
#00BFC4	0.59256580285728	1	16	prediction	4732
#00BFC4	0.59256580285728	1	17	prediction	4733
#00BFC4	0.59256580285728	1	18	prediction	4734
#00BFC4	0.59256580285728	1	19	prediction	4735
#00BFC4	0.59256580285728	1	20	prediction	4736
#00BFC4	0.59256580285728	1	21	prediction	4737
#00BFC4	0.59256580285728	1	22	prediction	4738
#00BFC4	0.59256580285728	1	23	prediction	4739
#00BFC4	0.59256580285728	1	24	prediction	4740
#00BFC4	0.59256580285728	1	25	prediction	4741
#00BFC4	0.59256580285728	1	26	prediction	4742
#00BFC4	0.59256580285728	1	27	prediction	4743
#00BFC4	0.59256580285728	1	28	prediction	4744
#00BFC4	0.59256580285728	1	29	prediction	4745
#00BFC4	0.59256580285728	1	30	prediction	4746
#00BFC4	0.59256580285728	1	31	prediction	4747
#00BFC4	0.59256580285728	1	32	prediction	4748
#00BFC4	0.59256580285728	1	33	prediction	4749
#00BFC4	0.59256580285728	1	34	prediction	4750
#00BFC4	0.59256580285728	1	35	prediction	4751
#00BFC4	0.59256580285728	1	36	prediction	4752
#00BFC4	0.59256580285728	1	37	prediction	4753
#00BFC4	0.59256580285728	1	38	prediction	4754
#00BFC4	0.59256580285728	1	39	prediction	4755
#00BFC4	0.59256580285728	1	40	prediction	4756
#00BFC4	0.59739495255053	1	0	prediction	4757
#00BFC4	0.59739495255053	1	1	prediction	4758
#00BFC4	0.59739495255053	1	2	prediction	4759
#00BFC4	0.59739495255053	1	3	prediction	4760
#00BFC4	0.59739495255053	1	4	prediction	4761
#00BFC4	0.59739495255053	1	5	prediction	4762
#00BFC4	0.59739495255053	1	6	prediction	4763
#00BFC4	0.59739495255053	1	7	prediction	4764
#00BFC4	0.59739495255053	1	8	prediction	4765
#00BFC4	0.59739495255053	1	9	prediction	4766
#00BFC4	0.59739495255053	1	10	prediction	4767
#00BFC4	0.59739495255053	1	11	prediction	4768
#00BFC4	0.59739495255053	1	12	prediction	4769
#00BFC4	0.59739495255053	1	13	prediction	4770
#00BFC4	0.59739495255053	1	14	prediction	4771
#00BFC4	0.59739495255053	1	15	prediction	4772
#00BFC4	0.59739495255053	1	16	prediction	4773
#00BFC4	0.59739495255053	1	17	prediction	4774
#00BFC4	0.59739495255053	1	18	prediction	4775
#00BFC4	0.59739495255053	1	19	prediction	4776
#00BFC4	0.59739495255053	1	20	prediction	4777
#00BFC4	0.59739495255053	1	21	prediction	4778
#00BFC4	0.59739495255053	1	22	prediction	4779
#00BFC4	0.59739495255053	1	23	prediction	4780
#00BFC4	0.59739495255053	1	24	prediction	4781
#00BFC4	0.59739495255053	1	25	prediction	4782
#00BFC4	0.59739495255053	1	26	prediction	4783
#00BFC4	0.59739495255053	1	27	prediction	4784
#00BFC4	0.59739495255053	1	28	prediction	4785
#00BFC4	0.59739495255053	1	29	prediction	4786
#00BFC4	0.59739495255053	1	30	prediction	4787
#00BFC4	0.59739495255053	1	31	prediction	4788
#00BFC4	0.59739495255053	1	32	prediction	4789
#00BFC4	0.59739495255053	1	33	prediction	4790
#00BFC4	0.59739495255053	1	34	prediction	4791
#00BFC4	0.59739495255053	1	35	prediction	4792
#00BFC4	0.59739495255053	1	36	prediction	4793
#00BFC4	0.59739495255053	1	37	prediction	4794
#00BFC4	0.59739495255053	1	38	prediction	4795
#00BFC4	0.59739495255053	1	39	prediction	4796
#00BFC4	0.59739495255053	1	40	prediction	4797
#00BFC4	0.609247305896133	1	0	prediction	4798
#00BFC4	0.609247305896133	1	1	prediction	4799
#00BFC4	0.609247305896133	1	2	prediction	4800
#00BFC4	0.609247305896133	1	3	prediction	4801
#00BFC4	0.609247305896133	1	4	prediction	4802
#00BFC4	0.609247305896133	1	5	prediction	4803
#00BFC4	0.609247305896133	1	6	prediction	4804
#00BFC4	0.609247305896133	1	7	prediction	4805
#00BFC4	0.609247305896133	1	8	prediction	4806
#00BFC4	0.609247305896133	1	9	prediction	4807
#00BFC4	0.609247305896133	1	10	prediction	4808
#00BFC4	0.609247305896133	1	11	prediction	4809
#00BFC4	0.609247305896133	1	12	prediction	4810
#00BFC4	0.609247305896133	1	13	prediction	4811
#00BFC4	0.609247305896133	1	14	prediction	4812
#00BFC4	0.609247305896133	1	15	prediction	4813
#00BFC4	0.609247305896133	1	16	prediction	4814
#00BFC4	0.609247305896133	1	17	prediction	4815
#00BFC4	0.609247305896133	1	18	prediction	4816
#00BFC4	0.609247305896133	1	19	prediction	4817
#00BFC4	0.609247305896133	1	20	prediction	4818
#00BFC4	0.609247305896133	1	21	prediction	4819
#00BFC4	0.609247305896133	1	22	prediction	4820
#00BFC4	0.609247305896133	1	23	prediction	4821
#00BFC4	0.609247305896133	1	24	prediction	4822
#00BFC4	0.609247305896133	1	25	prediction	4823
#00BFC4	0.609247305896133	1	26	prediction	4824
#00BFC4	0.609247305896133	1	27	prediction	4825
#00BFC4	0.609247305896133	1	28	prediction	4826
#00BFC4	0.609247305896133	1	29	prediction	4827
#00BFC4	0.609247305896133	1	30	prediction	4828
#00BFC4	0.609247305896133	1	31	prediction	4829
#00BFC4	0.609247305896133	1	32	prediction	4830
#00BFC4	0.609247305896133	1	33	prediction	4831
#00BFC4	0.609247305896133	1	34	prediction	4832
#00BFC4	0.609247305896133	1	35	prediction	4833
#00BFC4	0.609247305896133	1	36	prediction	4834
#00BFC4	0.609247305896133	1	37	prediction	4835
#00BFC4	0.609247305896133	1	38	prediction	4836
#00BFC4	0.609247305896133	1	39	prediction	4837
#00BFC4	0.609247305896133	1	40	prediction	4838
#00BFC4	0.629599741660058	1	0	prediction	4839
#00BFC4	0.629599741660058	1	1	prediction	4840
#00BFC4	0.629599741660058	1	2	prediction	4841
#00BFC4	0.629599741660058	1	3	prediction	4842
#00BFC4	0.629599741660058	1	4	prediction	4843
#00BFC4	0.629599741660058	1	5	prediction	4844
#00BFC4	0.629599741660058	1	6	prediction	4845
#00BFC4	0.629599741660058	1	7	prediction	4846
#00BFC4	0.629599741660058	1	8	prediction	4847
#00BFC4	0.629599741660058	1	9	prediction	4848
#00BFC4	0.629599741660058	1	10	prediction	4849
#00BFC4	0.629599741660058	1	11	prediction	4850
#00BFC4	0.629599741660058	1	12	prediction	4851
#00BFC4	0.629599741660058	1	13	prediction	4852
#00BFC4	0.629599741660058	1	14	prediction	4853
#00BFC4	0.629599741660058	1	15	prediction	4854
#00BFC4	0.629599741660058	1	16	prediction	4855
#00BFC4	0.629599741660058	1	17	prediction	4856
#00BFC4	0.629599741660058	1	18	prediction	4857
#00BFC4	0.629599741660058	1	19	prediction	4858
#00BFC4	0.629599741660058	1	20	prediction	4859
#00BFC4	0.629599741660058	1	21	prediction	4860
#00BFC4	0.629599741660058	1	22	prediction	4861
#00BFC4	0.629599741660058	1	23	prediction	4862
#00BFC4	0.629599741660058	1	24	prediction	4863
#00BFC4	0.629599741660058	1	25	prediction	4864
#00BFC4	0.629599741660058	1	26	prediction	4865
#00BFC4	0.629599741660058	1	27	prediction	4866
#00BFC4	0.629599741660058	1	28	prediction	4867
#00BFC4	0.629599741660058	1	29	prediction	4868
#00BFC4	0.629599741660058	1	30	prediction	4869
#00BFC4	0.629599741660058	1	31	prediction	4870
#00BFC4	0.629599741660058	1	32	prediction	4871
#00BFC4	0.629599741660058	1	33	prediction	4872
#00BFC4	0.629599741660058	1	34	prediction	4873
#00BFC4	0.629599741660058	1	35	prediction	4874
#00BFC4	0.629599741660058	1	36	prediction	4875
#00BFC4	0.629599741660058	1	37	prediction	4876
#00BFC4	0.629599741660058	1	38	prediction	4877
#00BFC4	0.629599741660058	1	39	prediction	4878
#00BFC4	0.629599741660058	1	40	prediction	4879
#00BFC4	0.631820679176599	1	0	prediction	4880
#00BFC4	0.631820679176599	1	1	prediction	4881
#00BFC4	0.631820679176599	1	2	prediction	4882
#00BFC4	0.631820679176599	1	3	prediction	4883
#00BFC4	0.631820679176599	1	4	prediction	4884
#00BFC4	0.631820679176599	1	5	prediction	4885
#00BFC4	0.631820679176599	1	6	prediction	4886
#00BFC4	0.631820679176599	1	7	prediction	4887
#00BFC4	0.631820679176599	1	8	prediction	4888
#00BFC4	0.631820679176599	1	9	prediction	4889
#00BFC4	0.631820679176599	1	10	prediction	4890
#00BFC4	0.631820679176599	1	11	prediction	4891
#00BFC4	0.631820679176599	1	12	prediction	4892
#00BFC4	0.631820679176599	1	13	prediction	4893
#00BFC4	0.631820679176599	1	14	prediction	4894
#00BFC4	0.631820679176599	1	15	prediction	4895
#00BFC4	0.631820679176599	1	16	prediction	4896
#00BFC4	0.631820679176599	1	17	prediction	4897
#00BFC4	0.631820679176599	1	18	prediction	4898
#00BFC4	0.631820679176599	1	19	prediction	4899
#00BFC4	0.631820679176599	1	20	prediction	4900
#00BFC4	0.631820679176599	1	21	prediction	4901
#00BFC4	0.631820679176599	1	22	prediction	4902
#00BFC4	0.631820679176599	1	23	prediction	4903
#00BFC4	0.631820679176599	1	24	prediction	4904
#00BFC4	0.631820679176599	1	25	prediction	4905
#00BFC4	0.631820679176599	1	26	prediction	4906
#00BFC4	0.631820679176599	1	27	prediction	4907
#00BFC4	0.631820679176599	1	28	prediction	4908
#00BFC4	0.631820679176599	1	29	prediction	4909
#00BFC4	0.631820679176599	1	30	prediction	4910
#00BFC4	0.631820679176599	1	31	prediction	4911
#00BFC4	0.631820679176599	1	32	prediction	4912
#00BFC4	0.631820679176599	1	33	prediction	4913
#00BFC4	0.631820679176599	1	34	prediction	4914
#00BFC4	0.631820679176599	1	35	prediction	4915
#00BFC4	0.631820679176599	1	36	prediction	4916
#00BFC4	0.631820679176599	1	37	prediction	4917
#00BFC4	0.631820679176599	1	38	prediction	4918
#00BFC4	0.631820679176599	1	39	prediction	4919
#00BFC4	0.631820679176599	1	40	prediction	4920
#00BFC4	0.687869830057025	1	0	prediction	4921
#00BFC4	0.687869830057025	1	1	prediction	4922
#00BFC4	0.687869830057025	1	2	prediction	4923
#00BFC4	0.687869830057025	1	3	prediction	4924
#00BFC4	0.687869830057025	1	4	prediction	4925
#00BFC4	0.687869830057025	1	5	prediction	4926
#00BFC4	0.687869830057025	1	6	prediction	4927
#00BFC4	0.687869830057025	1	7	prediction	4928
#00BFC4	0.687869830057025	1	8	prediction	4929
#00BFC4	0.687869830057025	1	9	prediction	4930
#00BFC4	0.687869830057025	1	10	prediction	4931
#00BFC4	0.687869830057025	1	11	prediction	4932
#00BFC4	0.687869830057025	1	12	prediction	4933
#00BFC4	0.687869830057025	1	13	prediction	4934
#00BFC4	0.687869830057025	1	14	prediction	4935
#00BFC4	0.687869830057025	1	15	prediction	4936
#00BFC4	0.687869830057025	1	16	prediction	4937
#00BFC4	0.687869830057025	1	17	prediction	4938
#00BFC4	0.687869830057025	1	18	prediction	4939
#00BFC4	0.687869830057025	1	19	prediction	4940
#00BFC4	0.687869830057025	1	20	prediction	4941
#00BFC4	0.687869830057025	1	21	prediction	4942
#00BFC4	0.687869830057025	1	22	prediction	4943
#00BFC4	0.687869830057025	1	23	prediction	4944
#00BFC4	0.687869830057025	1	24	prediction	4945
#00BFC4	0.687869830057025	1	25	prediction	4946
#00BFC4	0.687869830057025	1	26	prediction	4947
#00BFC4	0.687869830057025	1	27	prediction	4948
#00BFC4	0.687869830057025	1	28	prediction	4949
#00BFC4	0.687869830057025	1	29	prediction	4950
#00BFC4	0.687869830057025	1	30	prediction	4951
#00BFC4	0.687869830057025	1	31	prediction	4952
#00BFC4	0.687869830057025	1	32	prediction	4953
#00BFC4	0.687869830057025	1	33	prediction	4954
#00BFC4	0.687869830057025	1	34	prediction	4955
#00BFC4	0.687869830057025	1	35	prediction	4956
#00BFC4	0.687869830057025	1	36	prediction	4957
#00BFC4	0.687869830057025	1	37	prediction	4958
#00BFC4	0.687869830057025	1	38	prediction	4959
#00BFC4	0.687869830057025	1	39	prediction	4960
#00BFC4	0.687869830057025	1	40	prediction	4961
#00BFC4	0.774684263393283	1	0	prediction	4962
#00BFC4	0.774684263393283	1	1	prediction	4963
#00BFC4	0.774684263393283	1	2	prediction	4964
#00BFC4	0.774684263393283	1	3	prediction	4965
#00BFC4	0.774684263393283	1	4	prediction	4966
#00BFC4	0.774684263393283	1	5	prediction	4967
#00BFC4	0.774684263393283	1	6	prediction	4968
#00BFC4	0.774684263393283	1	7	prediction	4969
#00BFC4	0.774684263393283	1	8	prediction	4970
#00BFC4	0.774684263393283	1	9	prediction	4971
#00BFC4	0.774684263393283	1	10	prediction	4972
#00BFC4	0.774684263393283	1	11	prediction	4973
#00BFC4	0.774684263393283	1	12	prediction	4974
#00BFC4	0.774684263393283	1	13	prediction	4975
#00BFC4	0.774684263393283	1	14	prediction	4976
#00BFC4	0.774684263393283	1	15	prediction	4977
#00BFC4	0.774684263393283	1	16	prediction	4978
#00BFC4	0.774684263393283	1	17	prediction	4979
#00BFC4	0.774684263393283	1	18	prediction	4980
#00BFC4	0.774684263393283	1	19	prediction	4981
#00BFC4	0.774684263393283	1	20	prediction	4982
#00BFC4	0.774684263393283	1	21	prediction	4983
#00BFC4	0.774684263393283	1	22	prediction	4984
#00BFC4	0.774684263393283	1	23	prediction	4985
#00BFC4	0.774684263393283	1	24	prediction	4986
#00BFC4	0.774684263393283	1	25	prediction	4987
#00BFC4	0.774684263393283	1	26	prediction	4988
#00BFC4	0.774684263393283	1	27	prediction	4989
#00BFC4	0.774684263393283	1	28	prediction	4990
#00BFC4	0.774684263393283	1	29	prediction	4991
#00BFC4	0.774684263393283	1	30	prediction	4992
#00BFC4	0.774684263393283	1	31	prediction	4993
#00BFC4	0.774684263393283	1	32	prediction	4994
#00BFC4	0.774684263393283	1	33	prediction	4995
#00BFC4	0.774684263393283	1	34	prediction	4996
#00BFC4	0.774684263393283	1	35	prediction	4997
#00BFC4	0.774684263393283	1	36	prediction	4998
#00BFC4	0.774684263393283	1	37	prediction	4999
#00BFC4	0.774684263393283	1	38	prediction	5000
#00BFC4	0.774684263393283	1	39	prediction	5001
#00BFC4	0.774684263393283	1	40	prediction	5002
#00BFC4	0.78248473489657	1	0	prediction	5003
#00BFC4	0.78248473489657	1	1	prediction	5004
#00BFC4	0.78248473489657	1	2	prediction	5005
#00BFC4	0.78248473489657	1	3	prediction	5006
#00BFC4	0.78248473489657	1	4	prediction	5007
#00BFC4	0.78248473489657	1	5	prediction	5008
#00BFC4	0.78248473489657	1	6	prediction	5009
#00BFC4	0.78248473489657	1	7	prediction	5010
#00BFC4	0.78248473489657	1	8	prediction	5011
#00BFC4	0.78248473489657	1	9	prediction	5012
#00BFC4	0.78248473489657	1	10	prediction	5013
#00BFC4	0.78248473489657	1	11	prediction	5014
#00BFC4	0.78248473489657	1	12	prediction	5015
#00BFC4	0.78248473489657	1	13	prediction	5016
#00BFC4	0.78248473489657	1	14	prediction	5017
#00BFC4	0.78248473489657	1	15	prediction	5018
#00BFC4	0.78248473489657	1	16	prediction	5019
#00BFC4	0.78248473489657	1	17	prediction	5020
#00BFC4	0.78248473489657	1	18	prediction	5021
#00BFC4	0.78248473489657	1	19	prediction	5022
#00BFC4	0.78248473489657	1	20	prediction	5023
#00BFC4	0.78248473489657	1	21	prediction	5024
#00BFC4	0.78248473489657	1	22	prediction	5025
#00BFC4	0.78248473489657	1	23	prediction	5026
#00BFC4	0.78248473489657	1	24	prediction	5027
#00BFC4	0.78248473489657	1	25	prediction	5028
#00BFC4	0.78248473489657	1	26	prediction	5029
#00BFC4	0.78248473489657	1	27	prediction	5030
#00BFC4	0.78248473489657	1	28	prediction	5031
#00BFC4	0.78248473489657	1	29	prediction	5032
#00BFC4	0.78248473489657	1	30	prediction	5033
#00BFC4	0.78248473489657	1	31	prediction	5034
#00BFC4	0.78248473489657	1	32	prediction	5035
#00BFC4	0.78248473489657	1	33	prediction	5036
#00BFC4	0.78248473489657	1	34	prediction	5037
#00BFC4	0.78248473489657	1	35	prediction	5038
#00BFC4	0.78248473489657	1	36	prediction	5039
#00BFC4	0.78248473489657	1	37	prediction	5040
#00BFC4	0.78248473489657	1	38	prediction	5041
#00BFC4	0.78248473489657	1	39	prediction	5042
#00BFC4	0.78248473489657	1	40	prediction	5043
#00BFC4	0.800959586631507	1	0	prediction	5044
#00BFC4	0.800959586631507	1	1	prediction	5045
#00BFC4	0.800959586631507	1	2	prediction	5046
#00BFC4	0.800959586631507	1	3	prediction	5047
#00BFC4	0.800959586631507	1	4	prediction	5048
#00BFC4	0.800959586631507	1	5	prediction	5049
#00BFC4	0.800959586631507	1	6	prediction	5050
#00BFC4	0.800959586631507	1	7	prediction	5051
#00BFC4	0.800959586631507	1	8	prediction	5052
#00BFC4	0.800959586631507	1	9	prediction	5053
#00BFC4	0.800959586631507	1	10	prediction	5054
#00BFC4	0.800959586631507	1	11	prediction	5055
#00BFC4	0.800959586631507	1	12	prediction	5056
#00BFC4	0.800959586631507	1	13	prediction	5057
#00BFC4	0.800959586631507	1	14	prediction	5058
#00BFC4	0.800959586631507	1	15	prediction	5059
#00BFC4	0.800959586631507	1	16	prediction	5060
#00BFC4	0.800959586631507	1	17	prediction	5061
#00BFC4	0.800959586631507	1	18	prediction	5062
#00BFC4	0.800959586631507	1	19	prediction	5063
#00BFC4	0.800959586631507	1	20	prediction	5064
#00BFC4	0.800959586631507	1	21	prediction	5065
#00BFC4	0.800959586631507	1	22	prediction	5066
#00BFC4	0.800959586631507	1	23	prediction	5067
#00BFC4	0.800959586631507	1	24	prediction	5068
#00BFC4	0.800959586631507	1	25	prediction	5069
#00BFC4	0.800959586631507	1	26	prediction	5070
#00BFC4	0.800959586631507	1	27	prediction	5071
#00BFC4	0.800959586631507	1	28	prediction	5072
#00BFC4	0.800959586631507	1	29	prediction	5073
#00BFC4	0.800959586631507	1	30	prediction	5074
#00BFC4	0.800959586631507	1	31	prediction	5075
#00BFC4	0.800959586631507	1	32	prediction	5076
#00BFC4	0.800959586631507	1	33	prediction	5077
#00BFC4	0.800959586631507	1	34	prediction	5078
#00BFC4	0.800959586631507	1	35	prediction	5079
#00BFC4	0.800959586631507	1	36	prediction	5080
#00BFC4	0.800959586631507	1	37	prediction	5081
#00BFC4	0.800959586631507	1	38	prediction	5082
#00BFC4	0.800959586631507	1	39	prediction	5083
#00BFC4	0.800959586631507	1	40	prediction	5084
#00BFC4	0.840606270823628	1	0	prediction	5085
#00BFC4	0.840606270823628	1	1	prediction	5086
#00BFC4	0.840606270823628	1	2	prediction	5087
#00BFC4	0.840606270823628	1	3	prediction	5088
#00BFC4	0.840606270823628	1	4	prediction	5089
#00BFC4	0.840606270823628	1	5	prediction	5090
#00BFC4	0.840606270823628	1	6	prediction	5091
#00BFC4	0.840606270823628	1	7	prediction	5092
#00BFC4	0.840606270823628	1	8	prediction	5093
#00BFC4	0.840606270823628	1	9	prediction	5094
#00BFC4	0.840606270823628	1	10	prediction	5095
#00BFC4	0.840606270823628	1	11	prediction	5096
#00BFC4	0.840606270823628	1	12	prediction	5097
#00BFC4	0.840606270823628	1	13	prediction	5098
#00BFC4	0.840606270823628	1	14	prediction	5099
#00BFC4	0.840606270823628	1	15	prediction	5100
#00BFC4	0.840606270823628	1	16	prediction	5101
#00BFC4	0.840606270823628	1	17	prediction	5102
#00BFC4	0.840606270823628	1	18	prediction	5103
#00BFC4	0.840606270823628	1	19	prediction	5104
#00BFC4	0.840606270823628	1	20	prediction	5105
#00BFC4	0.840606270823628	1	21	prediction	5106
#00BFC4	0.840606270823628	1	22	prediction	5107
#00BFC4	0.840606270823628	1	23	prediction	5108
#00BFC4	0.840606270823628	1	24	prediction	5109
#00BFC4	0.840606270823628	1	25	prediction	5110
#00BFC4	0.840606270823628	1	26	prediction	5111
#00BFC4	0.840606270823628	1	27	prediction	5112
#00BFC4	0.840606270823628	1	28	prediction	5113
#00BFC4	0.840606270823628	1	29	prediction	5114
#00BFC4	0.840606270823628	1	30	prediction	5115
#00BFC4	0.840606270823628	1	31	prediction	5116
#00BFC4	0.840606270823628	1	32	prediction	5117
#00BFC4	0.840606270823628	1	33	prediction	5118
#00BFC4	0.840606270823628	1	34	prediction	5119
#00BFC4	0.840606270823628	1	35	prediction	5120
#00BFC4	0.840606270823628	1	36	prediction	5121
#00BFC4	0.840606270823628	1	37	prediction	5122
#00BFC4	0.840606270823628	1	38	prediction	5123
#00BFC4	0.840606270823628	1	39	prediction	5124
#00BFC4	0.840606270823628	1	40	prediction	5125
#00BFC4	0.853729551192373	1	0	prediction	5126
#00BFC4	0.853729551192373	1	1	prediction	5127
#00BFC4	0.853729551192373	1	2	prediction	5128
#00BFC4	0.853729551192373	1	3	prediction	5129
#00BFC4	0.853729551192373	1	4	prediction	5130
#00BFC4	0.853729551192373	1	5	prediction	5131
#00BFC4	0.853729551192373	1	6	prediction	5132
#00BFC4	0.853729551192373	1	7	prediction	5133
#00BFC4	0.853729551192373	1	8	prediction	5134
#00BFC4	0.853729551192373	1	9	prediction	5135
#00BFC4	0.853729551192373	1	10	prediction	5136
#00BFC4	0.853729551192373	1	11	prediction	5137
#00BFC4	0.853729551192373	1	12	prediction	5138
#00BFC4	0.853729551192373	1	13	prediction	5139
#00BFC4	0.853729551192373	1	14	prediction	5140
#00BFC4	0.853729551192373	1	15	prediction	5141
#00BFC4	0.853729551192373	1	16	prediction	5142
#00BFC4	0.853729551192373	1	17	prediction	5143
#00BFC4	0.853729551192373	1	18	prediction	5144
#00BFC4	0.853729551192373	1	19	prediction	5145
#00BFC4	0.853729551192373	1	20	prediction	5146
#00BFC4	0.853729551192373	1	21	prediction	5147
#00BFC4	0.853729551192373	1	22	prediction	5148
#00BFC4	0.853729551192373	1	23	prediction	5149
#00BFC4	0.853729551192373	1	24	prediction	5150
#00BFC4	0.853729551192373	1	25	prediction	5151
#00BFC4	0.853729551192373	1	26	prediction	5152
#00BFC4	0.853729551192373	1	27	prediction	5153
#00BFC4	0.853729551192373	1	28	prediction	5154
#00BFC4	0.853729551192373	1	29	prediction	5155
#00BFC4	0.853729551192373	1	30	prediction	5156
#00BFC4	0.853729551192373	1	31	prediction	5157
#00BFC4	0.853729551192373	1	32	prediction	5158
#00BFC4	0.853729551192373	1	33	prediction	5159
#00BFC4	0.853729551192373	1	34	prediction	5160
#00BFC4	0.853729551192373	1	35	prediction	5161
#00BFC4	0.853729551192373	1	36	prediction	5162
#00BFC4	0.853729551192373	1	37	prediction	5163
#00BFC4	0.853729551192373	1	38	prediction	5164
#00BFC4	0.853729551192373	1	39	prediction	5165
#00BFC4	0.853729551192373	1	40	prediction	5166
#00BFC4	0.856772953178734	1	0	prediction	5167
#00BFC4	0.856772953178734	1	1	prediction	5168
#00BFC4	0.856772953178734	1	2	prediction	5169
#00BFC4	0.856772953178734	1	3	prediction	5170
#00BFC4	0.856772953178734	1	4	prediction	5171
#00BFC4	0.856772953178734	1	5	prediction	5172
#00BFC4	0.856772953178734	1	6	prediction	5173
#00BFC4	0.856772953178734	1	7	prediction	5174
#00BFC4	0.856772953178734	1	8	prediction	5175
#00BFC4	0.856772953178734	1	9	prediction	5176
#00BFC4	0.856772953178734	1	10	prediction	5177
#00BFC4	0.856772953178734	1	11	prediction	5178
#00BFC4	0.856772953178734	1	12	prediction	5179
#00BFC4	0.856772953178734	1	13	prediction	5180
#00BFC4	0.856772953178734	1	14	prediction	5181
#00BFC4	0.856772953178734	1	15	prediction	5182
#00BFC4	0.856772953178734	1	16	prediction	5183
#00BFC4	0.856772953178734	1	17	prediction	5184
#00BFC4	0.856772953178734	1	18	prediction	5185
#00BFC4	0.856772953178734	1	19	prediction	5186
#00BFC4	0.856772953178734	1	20	prediction	5187
#00BFC4	0.856772953178734	1	21	prediction	5188
#00BFC4	0.856772953178734	1	22	prediction	5189
#00BFC4	0.856772953178734	1	23	prediction	5190
#00BFC4	0.856772953178734	1	24	prediction	5191
#00BFC4	0.856772953178734	1	25	prediction	5192
#00BFC4	0.856772953178734	1	26	prediction	5193
#00BFC4	0.856772953178734	1	27	prediction	5194
#00BFC4	0.856772953178734	1	28	prediction	5195
#00BFC4	0.856772953178734	1	29	prediction	5196
#00BFC4	0.856772953178734	1	30	prediction	5197
#00BFC4	0.856772953178734	1	31	prediction	5198
#00BFC4	0.856772953178734	1	32	prediction	5199
#00BFC4	0.856772953178734	1	33	prediction	5200
#00BFC4	0.856772953178734	1	34	prediction	5201
#00BFC4	0.856772953178734	1	35	prediction	5202
#00BFC4	0.856772953178734	1	36	prediction	5203
#00BFC4	0.856772953178734	1	37	prediction	5204
#00BFC4	0.856772953178734	1	38	prediction	5205
#00BFC4	0.856772953178734	1	39	prediction	5206
#00BFC4	0.856772953178734	1	40	prediction	5207
#00BFC4	0.865894577465951	1	0	prediction	5208
#00BFC4	0.865894577465951	1	1	prediction	5209
#00BFC4	0.865894577465951	1	2	prediction	5210
#00BFC4	0.865894577465951	1	3	prediction	5211
#00BFC4	0.865894577465951	1	4	prediction	5212
#00BFC4	0.865894577465951	1	5	prediction	5213
#00BFC4	0.865894577465951	1	6	prediction	5214
#00BFC4	0.865894577465951	1	7	prediction	5215
#00BFC4	0.865894577465951	1	8	prediction	5216
#00BFC4	0.865894577465951	1	9	prediction	5217
#00BFC4	0.865894577465951	1	10	prediction	5218
#00BFC4	0.865894577465951	1	11	prediction	5219
#00BFC4	0.865894577465951	1	12	prediction	5220
#00BFC4	0.865894577465951	1	13	prediction	5221
#00BFC4	0.865894577465951	1	14	prediction	5222
#00BFC4	0.865894577465951	1	15	prediction	5223
#00BFC4	0.865894577465951	1	16	prediction	5224
#00BFC4	0.865894577465951	1	17	prediction	5225
#00BFC4	0.865894577465951	1	18	prediction	5226
#00BFC4	0.865894577465951	1	19	prediction	5227
#00BFC4	0.865894577465951	1	20	prediction	5228
#00BFC4	0.865894577465951	1	21	prediction	5229
#00BFC4	0.865894577465951	1	22	prediction	5230
#00BFC4	0.865894577465951	1	23	prediction	5231
#00BFC4	0.865894577465951	1	24	prediction	5232
#00BFC4	0.865894577465951	1	25	prediction	5233
#00BFC4	0.865894577465951	1	26	prediction	5234
#00BFC4	0.865894577465951	1	27	prediction	5235
#00BFC4	0.865894577465951	1	28	prediction	5236
#00BFC4	0.865894577465951	1	29	prediction	5237
#00BFC4	0.865894577465951	1	30	prediction	5238
#00BFC4	0.865894577465951	1	31	prediction	5239
#00BFC4	0.865894577465951	1	32	prediction	5240
#00BFC4	0.865894577465951	1	33	prediction	5241
#00BFC4	0.865894577465951	1	34	prediction	5242
#00BFC4	0.865894577465951	1	35	prediction	5243
#00BFC4	0.865894577465951	1	36	prediction	5244
#00BFC4	0.865894577465951	1	37	prediction	5245
#00BFC4	0.865894577465951	1	38	prediction	5246
#00BFC4	0.865894577465951	1	39	prediction	5247
#00BFC4	0.865894577465951	1	40	prediction	5248
#00BFC4	0.882361162919551	1	0	prediction	5249
#00BFC4	0.882361162919551	1	1	prediction	5250
#00BFC4	0.882361162919551	1	2	prediction	5251
#00BFC4	0.882361162919551	1	3	prediction	5252
#00BFC4	0.882361162919551	1	4	prediction	5253
#00BFC4	0.882361162919551	1	5	prediction	5254
#00BFC4	0.882361162919551	1	6	prediction	5255
#00BFC4	0.882361162919551	1	7	prediction	5256
#00BFC4	0.882361162919551	1	8	prediction	5257
#00BFC4	0.882361162919551	1	9	prediction	5258
#00BFC4	0.882361162919551	1	10	prediction	5259
#00BFC4	0.882361162919551	1	11	prediction	5260
#00BFC4	0.882361162919551	1	12	prediction	5261
#00BFC4	0.882361162919551	1	13	prediction	5262
#00BFC4	0.882361162919551	1	14	prediction	5263
#00BFC4	0.882361162919551	1	15	prediction	5264
#00BFC4	0.882361162919551	1	16	prediction	5265
#00BFC4	0.882361162919551	1	17	prediction	5266
#00BFC4	0.882361162919551	1	18	prediction	5267
#00BFC4	0.882361162919551	1	19	prediction	5268
#00BFC4	0.882361162919551	1	20	prediction	5269
#00BFC4	0.882361162919551	1	21	prediction	5270
#00BFC4	0.882361162919551	1	22	prediction	5271
#00BFC4	0.882361162919551	1	23	prediction	5272
#00BFC4	0.882361162919551	1	24	prediction	5273
#00BFC4	0.882361162919551	1	25	prediction	5274
#00BFC4	0.882361162919551	1	26	prediction	5275
#00BFC4	0.882361162919551	1	27	prediction	5276
#00BFC4	0.882361162919551	1	28	prediction	5277
#00BFC4	0.882361162919551	1	29	prediction	5278
#00BFC4	0.882361162919551	1	30	prediction	5279
#00BFC4	0.882361162919551	1	31	prediction	5280
#00BFC4	0.882361162919551	1	32	prediction	5281
#00BFC4	0.882361162919551	1	33	prediction	5282
#00BFC4	0.882361162919551	1	34	prediction	5283
#00BFC4	0.882361162919551	1	35	prediction	5284
#00BFC4	0.882361162919551	1	36	prediction	5285
#00BFC4	0.882361162919551	1	37	prediction	5286
#00BFC4	0.882361162919551	1	38	prediction	5287
#00BFC4	0.882361162919551	1	39	prediction	5288
#00BFC4	0.882361162919551	1	40	prediction	5289
#00BFC4	0.905222802422941	1	0	prediction	5290
#00BFC4	0.905222802422941	1	1	prediction	5291
#00BFC4	0.905222802422941	1	2	prediction	5292
#00BFC4	0.905222802422941	1	3	prediction	5293
#00BFC4	0.905222802422941	1	4	prediction	5294
#00BFC4	0.905222802422941	1	5	prediction	5295
#00BFC4	0.905222802422941	1	6	prediction	5296
#00BFC4	0.905222802422941	1	7	prediction	5297
#00BFC4	0.905222802422941	1	8	prediction	5298
#00BFC4	0.905222802422941	1	9	prediction	5299
#00BFC4	0.905222802422941	1	10	prediction	5300
#00BFC4	0.905222802422941	1	11	prediction	5301
#00BFC4	0.905222802422941	1	12	prediction	5302
#00BFC4	0.905222802422941	1	13	prediction	5303
#00BFC4	0.905222802422941	1	14	prediction	5304
#00BFC4	0.905222802422941	1	15	prediction	5305
#00BFC4	0.905222802422941	1	16	prediction	5306
#00BFC4	0.905222802422941	1	17	prediction	5307
#00BFC4	0.905222802422941	1	18	prediction	5308
#00BFC4	0.905222802422941	1	19	prediction	5309
#00BFC4	0.905222802422941	1	20	prediction	5310
#00BFC4	0.905222802422941	1	21	prediction	5311
#00BFC4	0.905222802422941	1	22	prediction	5312
#00BFC4	0.905222802422941	1	23	prediction	5313
#00BFC4	0.905222802422941	1	24	prediction	5314
#00BFC4	0.905222802422941	1	25	prediction	5315
#00BFC4	0.905222802422941	1	26	prediction	5316
#00BFC4	0.905222802422941	1	27	prediction	5317
#00BFC4	0.905222802422941	1	28	prediction	5318
#00BFC4	0.905222802422941	1	29	prediction	5319
#00BFC4	0.905222802422941	1	30	prediction	5320
#00BFC4	0.905222802422941	1	31	prediction	5321
#00BFC4	0.905222802422941	1	32	prediction	5322
#00BFC4	0.905222802422941	1	33	prediction	5323
#00BFC4	0.905222802422941	1	34	prediction	5324
#00BFC4	0.905222802422941	1	35	prediction	5325
#00BFC4	0.905222802422941	1	36	prediction	5326
#00BFC4	0.905222802422941	1	37	prediction	5327
#00BFC4	0.905222802422941	1	38	prediction	5328
#00BFC4	0.905222802422941	1	39	prediction	5329
#00BFC4	0.905222802422941	1	40	prediction	5330
#00BFC4	0.910042596515268	1	0	prediction	5331
#00BFC4	0.910042596515268	1	1	prediction	5332
#00BFC4	0.910042596515268	1	2	prediction	5333
#00BFC4	0.910042596515268	1	3	prediction	5334
#00BFC4	0.910042596515268	1	4	prediction	5335
#00BFC4	0.910042596515268	1	5	prediction	5336
#00BFC4	0.910042596515268	1	6	prediction	5337
#00BFC4	0.910042596515268	1	7	prediction	5338
#00BFC4	0.910042596515268	1	8	prediction	5339
#00BFC4	0.910042596515268	1	9	prediction	5340
#00BFC4	0.910042596515268	1	10	prediction	5341
#00BFC4	0.910042596515268	1	11	prediction	5342
#00BFC4	0.910042596515268	1	12	prediction	5343
#00BFC4	0.910042596515268	1	13	prediction	5344
#00BFC4	0.910042596515268	1	14	prediction	5345
#00BFC4	0.910042596515268	1	15	prediction	5346
#00BFC4	0.910042596515268	1	16	prediction	5347
#00BFC4	0.910042596515268	1	17	prediction	5348
#00BFC4	0.910042596515268	1	18	prediction	5349
#00BFC4	0.910042596515268	1	19	prediction	5350
#00BFC4	0.910042596515268	1	20	prediction	5351
#00BFC4	0.910042596515268	1	21	prediction	5352
#00BFC4	0.910042596515268	1	22	prediction	5353
#00BFC4	0.910042596515268	1	23	prediction	5354
#00BFC4	0.910042596515268	1	24	prediction	5355
#00BFC4	0.910042596515268	1	25	prediction	5356
#00BFC4	0.910042596515268	1	26	prediction	5357
#00BFC4	0.910042596515268	1	27	prediction	5358
#00BFC4	0.910042596515268	1	28	prediction	5359
#00BFC4	0.910042596515268	1	29	prediction	5360
#00BFC4	0.910042596515268	1	30	prediction	5361
#00BFC4	0.910042596515268	1	31	prediction	5362
#00BFC4	0.910042596515268	1	32	prediction	5363
#00BFC4	0.910042596515268	1	33	prediction	5364
#00BFC4	0.910042596515268	1	34	prediction	5365
#00BFC4	0.910042596515268	1	35	prediction	5366
#00BFC4	0.910042596515268	1	36	prediction	5367
#00BFC4	0.910042596515268	1	37	prediction	5368
#00BFC4	0.910042596515268	1	38	prediction	5369
#00BFC4	0.910042596515268	1	39	prediction	5370
#00BFC4	0.910042596515268	1	40	prediction	5371
#00BFC4	0.928343568462878	1	0	prediction	5372
#00BFC4	0.928343568462878	1	1	prediction	5373
#00BFC4	0.928343568462878	1	2	prediction	5374
#00BFC4	0.928343568462878	1	3	prediction	5375
#00BFC4	0.928343568462878	1	4	prediction	5376
#00BFC4	0.928343568462878	1	5	prediction	5377
#00BFC4	0.928343568462878	1	6	prediction	5378
#00BFC4	0.928343568462878	1	7	prediction	5379
#00BFC4	0.928343568462878	1	8	prediction	5380
#00BFC4	0.928343568462878	1	9	prediction	5381
#00BFC4	0.928343568462878	1	10	prediction	5382
#00BFC4	0.928343568462878	1	11	prediction	5383
#00BFC4	0.928343568462878	1	12	prediction	5384
#00BFC4	0.928343568462878	1	13	prediction	5385
#00BFC4	0.928343568462878	1	14	prediction	5386
#00BFC4	0.928343568462878	1	15	prediction	5387
#00BFC4	0.928343568462878	1	16	prediction	5388
#00BFC4	0.928343568462878	1	17	prediction	5389
#00BFC4	0.928343568462878	1	18	prediction	5390
#00BFC4	0.928343568462878	1	19	prediction	5391
#00BFC4	0.928343568462878	1	20	prediction	5392
#00BFC4	0.928343568462878	1	21	prediction	5393
#00BFC4	0.928343568462878	1	22	prediction	5394
#00BFC4	0.928343568462878	1	23	prediction	5395
#00BFC4	0.928343568462878	1	24	prediction	5396
#00BFC4	0.928343568462878	1	25	prediction	5397
#00BFC4	0.928343568462878	1	26	prediction	5398
#00BFC4	0.928343568462878	1	27	prediction	5399
#00BFC4	0.928343568462878	1	28	prediction	5400
#00BFC4	0.928343568462878	1	29	prediction	5401
#00BFC4	0.928343568462878	1	30	prediction	5402
#00BFC4	0.928343568462878	1	31	prediction	5403
#00BFC4	0.928343568462878	1	32	prediction	5404
#00BFC4	0.928343568462878	1	33	prediction	5405
#00BFC4	0.928343568462878	1	34	prediction	5406
#00BFC4	0.928343568462878	1	35	prediction	5407
#00BFC4	0.928343568462878	1	36	prediction	5408
#00BFC4	0.928343568462878	1	37	prediction	5409
#00BFC4	0.928343568462878	1	38	prediction	5410
#00BFC4	0.928343568462878	1	39	prediction	5411
#00BFC4	0.928343568462878	1	40	prediction	5412
#00BFC4	0.964786754921079	1	0	prediction	5413
#00BFC4	0.964786754921079	1	1	prediction	5414
#00BFC4	0.964786754921079	1	2	prediction	5415
#00BFC4	0.964786754921079	1	3	prediction	5416
#00BFC4	0.964786754921079	1	4	prediction	5417
#00BFC4	0.964786754921079	1	5	prediction	5418
#00BFC4	0.964786754921079	1	6	prediction	5419
#00BFC4	0.964786754921079	1	7	prediction	5420
#00BFC4	0.964786754921079	1	8	prediction	5421
#00BFC4	0.964786754921079	1	9	prediction	5422
#00BFC4	0.964786754921079	1	10	prediction	5423
#00BFC4	0.964786754921079	1	11	prediction	5424
#00BFC4	0.964786754921079	1	12	prediction	5425
#00BFC4	0.964786754921079	1	13	prediction	5426
#00BFC4	0.964786754921079	1	14	prediction	5427
#00BFC4	0.964786754921079	1	15	prediction	5428
#00BFC4	0.964786754921079	1	16	prediction	5429
#00BFC4	0.964786754921079	1	17	prediction	5430
#00BFC4	0.964786754921079	1	18	prediction	5431
#00BFC4	0.964786754921079	1	19	prediction	5432
#00BFC4	0.964786754921079	1	20	prediction	5433
#00BFC4	0.964786754921079	1	21	prediction	5434
#00BFC4	0.964786754921079	1	22	prediction	5435
#00BFC4	0.964786754921079	1	23	prediction	5436
#00BFC4	0.964786754921079	1	24	prediction	5437
#00BFC4	0.964786754921079	1	25	prediction	5438
#00BFC4	0.964786754921079	1	26	prediction	5439
#00BFC4	0.964786754921079	1	27	prediction	5440
#00BFC4	0.964786754921079	1	28	prediction	5441
#00BFC4	0.964786754921079	1	29	prediction	5442
#00BFC4	0.964786754921079	1	30	prediction	5443
#00BFC4	0.964786754921079	1	31	prediction	5444
#00BFC4	0.964786754921079	1	32	prediction	5445
#00BFC4	0.964786754921079	1	33	prediction	5446
#00BFC4	0.964786754921079	1	34	prediction	5447
#00BFC4	0.964786754921079	1	35	prediction	5448
#00BFC4	0.964786754921079	1	36	prediction	5449
#00BFC4	0.964786754921079	1	37	prediction	5450
#00BFC4	0.964786754921079	1	38	prediction	5451
#00BFC4	0.964786754921079	1	39	prediction	5452
#00BFC4	0.964786754921079	1	40	prediction	5453
#00BFC4	0.972030458506197	1	0	prediction	5454
#00BFC4	0.972030458506197	1	1	prediction	5455
#00BFC4	0.972030458506197	1	2	prediction	5456
#00BFC4	0.972030458506197	1	3	prediction	5457
#00BFC4	0.972030458506197	1	4	prediction	5458
#00BFC4	0.972030458506197	1	5	prediction	5459
#00BFC4	0.972030458506197	1	6	prediction	5460
#00BFC4	0.972030458506197	1	7	prediction	5461
#00BFC4	0.972030458506197	1	8	prediction	5462
#00BFC4	0.972030458506197	1	9	prediction	5463
#00BFC4	0.972030458506197	1	10	prediction	5464
#00BFC4	0.972030458506197	1	11	prediction	5465
#00BFC4	0.972030458506197	1	12	prediction	5466
#00BFC4	0.972030458506197	1	13	prediction	5467
#00BFC4	0.972030458506197	1	14	prediction	5468
#00BFC4	0.972030458506197	1	15	prediction	5469
#00BFC4	0.972030458506197	1	16	prediction	5470
#00BFC4	0.972030458506197	1	17	prediction	5471
#00BFC4	0.972030458506197	1	18	prediction	5472
#00BFC4	0.972030458506197	1	19	prediction	5473
#00BFC4	0.972030458506197	1	20	prediction	5474
#00BFC4	0.972030458506197	1	21	prediction	5475
#00BFC4	0.972030458506197	1	22	prediction	5476
#00BFC4	0.972030458506197	1	23	prediction	5477
#00BFC4	0.972030458506197	1	24	prediction	5478
#00BFC4	0.972030458506197	1	25	prediction	5479
#00BFC4	0.972030458506197	1	26	prediction	5480
#00BFC4	0.972030458506197	1	27	prediction	5481
#00BFC4	0.972030458506197	1	28	prediction	5482
#00BFC4	0.972030458506197	1	29	prediction	5483
#00BFC4	0.972030458506197	1	30	prediction	5484
#00BFC4	0.972030458506197	1	31	prediction	5485
#00BFC4	0.972030458506197	1	32	prediction	5486
#00BFC4	0.972030458506197	1	33	prediction	5487
#00BFC4	0.972030458506197	1	34	prediction	5488
#00BFC4	0.972030458506197	1	35	prediction	5489
#00BFC4	0.972030458506197	1	36	prediction	5490
#00BFC4	0.972030458506197	1	37	prediction	5491
#00BFC4	0.972030458506197	1	38	prediction	5492
#00BFC4	0.972030458506197	1	39	prediction	5493
#00BFC4	0.972030458506197	1	40	prediction	5494
#00BFC4	1.01080042915419	1	0	prediction	5495
#00BFC4	1.01080042915419	1	1	prediction	5496
#00BFC4	1.01080042915419	1	2	prediction	5497
#00BFC4	1.01080042915419	1	3	prediction	5498
#00BFC4	1.01080042915419	1	4	prediction	5499
#00BFC4	1.01080042915419	1	5	prediction	5500
#00BFC4	1.01080042915419	1	6	prediction	5501
#00BFC4	1.01080042915419	1	7	prediction	5502
#00BFC4	1.01080042915419	1	8	prediction	5503
#00BFC4	1.01080042915419	1	9	prediction	5504
#00BFC4	1.01080042915419	1	10	prediction	5505
#00BFC4	1.01080042915419	1	11	prediction	5506
#00BFC4	1.01080042915419	1	12	prediction	5507
#00BFC4	1.01080042915419	1	13	prediction	5508
#00BFC4	1.01080042915419	1	14	prediction	5509
#00BFC4	1.01080042915419	1	15	prediction	5510
#00BFC4	1.01080042915419	1	16	prediction	5511
#00BFC4	1.01080042915419	1	17	prediction	5512
#00BFC4	1.01080042915419	1	18	prediction	5513
#00BFC4	1.01080042915419	1	19	prediction	5514
#00BFC4	1.01080042915419	1	20	prediction	5515
#00BFC4	1.01080042915419	1	21	prediction	5516
#00BFC4	1.01080042915419	1	22	prediction	5517
#00BFC4	1.01080042915419	1	23	prediction	5518
#00BFC4	1.01080042915419	1	24	prediction	5519
#00BFC4	1.01080042915419	1	25	prediction	5520
#00BFC4	1.01080042915419	1	26	prediction	5521
#00BFC4	1.01080042915419	1	27	prediction	5522
#00BFC4	1.01080042915419	1	28	prediction	5523
#00BFC4	1.01080042915419	1	29	prediction	5524
#00BFC4	1.01080042915419	1	30	prediction	5525
#00BFC4	1.01080042915419	1	31	prediction	5526
#00BFC4	1.01080042915419	1	32	prediction	5527
#00BFC4	1.01080042915419	1	33	prediction	5528
#00BFC4	1.01080042915419	1	34	prediction	5529
#00BFC4	1.01080042915419	1	35	prediction	5530
#00BFC4	1.01080042915419	1	36	prediction	5531
#00BFC4	1.01080042915419	1	37	prediction	5532
#00BFC4	1.01080042915419	1	38	prediction	5533
#00BFC4	1.01080042915419	1	39	prediction	5534
#00BFC4	1.01080042915419	1	40	prediction	5535
#00BFC4	1.0967284720391	1	0	prediction	5536
#00BFC4	1.0967284720391	1	1	prediction	5537
#00BFC4	1.0967284720391	1	2	prediction	5538
#00BFC4	1.0967284720391	1	3	prediction	5539
#00BFC4	1.0967284720391	1	4	prediction	5540
#00BFC4	1.0967284720391	1	5	prediction	5541
#00BFC4	1.0967284720391	1	6	prediction	5542
#00BFC4	1.0967284720391	1	7	prediction	5543
#00BFC4	1.0967284720391	1	8	prediction	5544
#00BFC4	1.0967284720391	1	9	prediction	5545
#00BFC4	1.0967284720391	1	10	prediction	5546
#00BFC4	1.0967284720391	1	11	prediction	5547
#00BFC4	1.0967284720391	1	12	prediction	5548
#00BFC4	1.0967284720391	1	13	prediction	5549
#00BFC4	1.0967284720391	1	14	prediction	5550
#00BFC4	1.0967284720391	1	15	prediction	5551
#00BFC4	1.0967284720391	1	16	prediction	5552
#00BFC4	1.0967284720391	1	17	prediction	5553
#00BFC4	1.0967284720391	1	18	prediction	5554
#00BFC4	1.0967284720391	1	19	prediction	5555
#00BFC4	1.0967284720391	1	20	prediction	5556
#00BFC4	1.0967284720391	1	21	prediction	5557
#00BFC4	1.0967284720391	1	22	prediction	5558
#00BFC4	1.0967284720391	1	23	prediction	5559
#00BFC4	1.0967284720391	1	24	prediction	5560
#00BFC4	1.0967284720391	1	25	prediction	5561
#00BFC4	1.0967284720391	1	26	prediction	5562
#00BFC4	1.0967284720391	1	27	prediction	5563
#00BFC4	1.0967284720391	1	28	prediction	5564
#00BFC4	1.0967284720391	1	29	prediction	5565
#00BFC4	1.0967284720391	1	30	prediction	5566
#00BFC4	1.0967284720391	1	31	prediction	5567
#00BFC4	1.0967284720391	1	32	prediction	5568
#00BFC4	1.0967284720391	1	33	prediction	5569
#00BFC4	1.0967284720391	1	34	prediction	5570
#00BFC4	1.0967284720391	1	35	prediction	5571
#00BFC4	1.0967284720391	1	36	prediction	5572
#00BFC4	1.0967284720391	1	37	prediction	5573
#00BFC4	1.0967284720391	1	38	prediction	5574
#00BFC4	1.0967284720391	1	39	prediction	5575
#00BFC4	1.0967284720391	1	40	prediction	5576
#00BFC4	1.1221370799467	1	0	prediction	5577
#00BFC4	1.1221370799467	1	1	prediction	5578
#00BFC4	1.1221370799467	1	2	prediction	5579
#00BFC4	1.1221370799467	1	3	prediction	5580
#00BFC4	1.1221370799467	1	4	prediction	5581
#00BFC4	1.1221370799467	1	5	prediction	5582
#00BFC4	1.1221370799467	1	6	prediction	5583
#00BFC4	1.1221370799467	1	7	prediction	5584
#00BFC4	1.1221370799467	1	8	prediction	5585
#00BFC4	1.1221370799467	1	9	prediction	5586
#00BFC4	1.1221370799467	1	10	prediction	5587
#00BFC4	1.1221370799467	1	11	prediction	5588
#00BFC4	1.1221370799467	1	12	prediction	5589
#00BFC4	1.1221370799467	1	13	prediction	5590
#00BFC4	1.1221370799467	1	14	prediction	5591
#00BFC4	1.1221370799467	1	15	prediction	5592
#00BFC4	1.1221370799467	1	16	prediction	5593
#00BFC4	1.1221370799467	1	17	prediction	5594
#00BFC4	1.1221370799467	1	18	prediction	5595
#00BFC4	1.1221370799467	1	19	prediction	5596
#00BFC4	1.1221370799467	1	20	prediction	5597
#00BFC4	1.1221370799467	1	21	prediction	5598
#00BFC4	1.1221370799467	1	22	prediction	5599
#00BFC4	1.1221370799467	1	23	prediction	5600
#00BFC4	1.1221370799467	1	24	prediction	5601
#00BFC4	1.1221370799467	1	25	prediction	5602
#00BFC4	1.1221370799467	1	26	prediction	5603
#00BFC4	1.1221370799467	1	27	prediction	5604
#00BFC4	1.1221370799467	1	28	prediction	5605
#00BFC4	1.1221370799467	1	29	prediction	5606
#00BFC4	1.1221370799467	1	30	prediction	5607
#00BFC4	1.1221370799467	1	31	prediction	5608
#00BFC4	1.1221370799467	1	32	prediction	5609
#00BFC4	1.1221370799467	1	33	prediction	5610
#00BFC4	1.1221370799467	1	34	prediction	5611
#00BFC4	1.1221370799467	1	35	prediction	5612
#00BFC4	1.1221370799467	1	36	prediction	5613
#00BFC4	1.1221370799467	1	37	prediction	5614
#00BFC4	1.1221370799467	1	38	prediction	5615
#00BFC4	1.1221370799467	1	39	prediction	5616
#00BFC4	1.1221370799467	1	40	prediction	5617
#00BFC4	1.15638933889568	1	0	prediction	5618
#00BFC4	1.15638933889568	1	1	prediction	5619
#00BFC4	1.15638933889568	1	2	prediction	5620
#00BFC4	1.15638933889568	1	3	prediction	5621
#00BFC4	1.15638933889568	1	4	prediction	5622
#00BFC4	1.15638933889568	1	5	prediction	5623
#00BFC4	1.15638933889568	1	6	prediction	5624
#00BFC4	1.15638933889568	1	7	prediction	5625
#00BFC4	1.15638933889568	1	8	prediction	5626
#00BFC4	1.15638933889568	1	9	prediction	5627
#00BFC4	1.15638933889568	1	10	prediction	5628
#00BFC4	1.15638933889568	1	11	prediction	5629
#00BFC4	1.15638933889568	1	12	prediction	5630
#00BFC4	1.15638933889568	1	13	prediction	5631
#00BFC4	1.15638933889568	1	14	prediction	5632
#00BFC4	1.15638933889568	1	15	prediction	5633
#00BFC4	1.15638933889568	1	16	prediction	5634
#00BFC4	1.15638933889568	1	17	prediction	5635
#00BFC4	1.15638933889568	1	18	prediction	5636
#00BFC4	1.15638933889568	1	19	prediction	5637
#00BFC4	1.15638933889568	1	20	prediction	5638
#00BFC4	1.15638933889568	1	21	prediction	5639
#00BFC4	1.15638933889568	1	22	prediction	5640
#00BFC4	1.15638933889568	1	23	prediction	5641
#00BFC4	1.15638933889568	1	24	prediction	5642
#00BFC4	1.15638933889568	1	25	prediction	5643
#00BFC4	1.15638933889568	1	26	prediction	5644
#00BFC4	1.15638933889568	1	27	prediction	5645
#00BFC4	1.15638933889568	1	28	prediction	5646
#00BFC4	1.15638933889568	1	29	prediction	5647
#00BFC4	1.15638933889568	1	30	prediction	5648
#00BFC4	1.15638933889568	1	31	prediction	5649
#00BFC4	1.15638933889568	1	32	prediction	5650
#00BFC4	1.15638933889568	1	33	prediction	5651
#00BFC4	1.15638933889568	1	34	prediction	5652
#00BFC4	1.15638933889568	1	35	prediction	5653
#00BFC4	1.15638933889568	1	36	prediction	5654
#00BFC4	1.15638933889568	1	37	prediction	5655
#00BFC4	1.15638933889568	1	38	prediction	5656
#00BFC4	1.15638933889568	1	39	prediction	5657
#00BFC4	1.15638933889568	1	40	prediction	5658
#00BFC4	1.26672733481973	1	0	prediction	5659
#00BFC4	1.26672733481973	1	1	prediction	5660
#00BFC4	1.26672733481973	1	2	prediction	5661
#00BFC4	1.26672733481973	1	3	prediction	5662
#00BFC4	1.26672733481973	1	4	prediction	5663
#00BFC4	1.26672733481973	1	5	prediction	5664
#00BFC4	1.26672733481973	1	6	prediction	5665
#00BFC4	1.26672733481973	1	7	prediction	5666
#00BFC4	1.26672733481973	1	8	prediction	5667
#00BFC4	1.26672733481973	1	9	prediction	5668
#00BFC4	1.26672733481973	1	10	prediction	5669
#00BFC4	1.26672733481973	1	11	prediction	5670
#00BFC4	1.26672733481973	1	12	prediction	5671
#00BFC4	1.26672733481973	1	13	prediction	5672
#00BFC4	1.26672733481973	1	14	prediction	5673
#00BFC4	1.26672733481973	1	15	prediction	5674
#00BFC4	1.26672733481973	1	16	prediction	5675
#00BFC4	1.26672733481973	1	17	prediction	5676
#00BFC4	1.26672733481973	1	18	prediction	5677
#00BFC4	1.26672733481973	1	19	prediction	5678
#00BFC4	1.26672733481973	1	20	prediction	5679
#00BFC4	1.26672733481973	1	21	prediction	5680
#00BFC4	1.26672733481973	1	22	prediction	5681
#00BFC4	1.26672733481973	1	23	prediction	5682
#00BFC4	1.26672733481973	1	24	prediction	5683
#00BFC4	1.26672733481973	1	25	prediction	5684
#00BFC4	1.26672733481973	1	26	prediction	5685
#00BFC4	1.26672733481973	1	27	prediction	5686
#00BFC4	1.26672733481973	1	28	prediction	5687
#00BFC4	1.26672733481973	1	29	prediction	5688
#00BFC4	1.26672733481973	1	30	prediction	5689
#00BFC4	1.26672733481973	1	31	prediction	5690
#00BFC4	1.26672733481973	1	32	prediction	5691
#00BFC4	1.26672733481973	1	33	prediction	5692
#00BFC4	1.26672733481973	1	34	prediction	5693
#00BFC4	1.26672733481973	1	35	prediction	5694
#00BFC4	1.26672733481973	1	36	prediction	5695
#00BFC4	1.26672733481973	1	37	prediction	5696
#00BFC4	1.26672733481973	1	38	prediction	5697
#00BFC4	1.26672733481973	1	39	prediction	5698
#00BFC4	1.26672733481973	1	40	prediction	5699
#00BFC4	1.27046320633963	1	0	prediction	5700
#00BFC4	1.27046320633963	1	1	prediction	5701
#00BFC4	1.27046320633963	1	2	prediction	5702
#00BFC4	1.27046320633963	1	3	prediction	5703
#00BFC4	1.27046320633963	1	4	prediction	5704
#00BFC4	1.27046320633963	1	5	prediction	5705
#00BFC4	1.27046320633963	1	6	prediction	5706
#00BFC4	1.27046320633963	1	7	prediction	5707
#00BFC4	1.27046320633963	1	8	prediction	5708
#00BFC4	1.27046320633963	1	9	prediction	5709
#00BFC4	1.27046320633963	1	10	prediction	5710
#00BFC4	1.27046320633963	1	11	prediction	5711
#00BFC4	1.27046320633963	1	12	prediction	5712
#00BFC4	1.27046320633963	1	13	prediction	5713
#00BFC4	1.27046320633963	1	14	prediction	5714
#00BFC4	1.27046320633963	1	15	prediction	5715
#00BFC4	1.27046320633963	1	16	prediction	5716
#00BFC4	1.27046320633963	1	17	prediction	5717
#00BFC4	1.27046320633963	1	18	prediction	5718
#00BFC4	1.27046320633963	1	19	prediction	5719
#00BFC4	1.27046320633963	1	20	prediction	5720
#00BFC4	1.27046320633963	1	21	prediction	5721
#00BFC4	1.27046320633963	1	22	prediction	5722
#00BFC4	1.27046320633963	1	23	prediction	5723
#00BFC4	1.27046320633963	1	24	prediction	5724
#00BFC4	1.27046320633963	1	25	prediction	5725
#00BFC4	1.27046320633963	1	26	prediction	5726
#00BFC4	1.27046320633963	1	27	prediction	5727
#00BFC4	1.27046320633963	1	28	prediction	5728
#00BFC4	1.27046320633963	1	29	prediction	5729
#00BFC4	1.27046320633963	1	30	prediction	5730
#00BFC4	1.27046320633963	1	31	prediction	5731
#00BFC4	1.27046320633963	1	32	prediction	5732
#00BFC4	1.27046320633963	1	33	prediction	5733
#00BFC4	1.27046320633963	1	34	prediction	5734
#00BFC4	1.27046320633963	1	35	prediction	5735
#00BFC4	1.27046320633963	1	36	prediction	5736
#00BFC4	1.27046320633963	1	37	prediction	5737
#00BFC4	1.27046320633963	1	38	prediction	5738
#00BFC4	1.27046320633963	1	39	prediction	5739
#00BFC4	1.27046320633963	1	40	prediction	5740
#00BFC4	1.27508807228878	1	0	prediction	5741
#00BFC4	1.27508807228878	1	1	prediction	5742
#00BFC4	1.27508807228878	1	2	prediction	5743
#00BFC4	1.27508807228878	1	3	prediction	5744
#00BFC4	1.27508807228878	1	4	prediction	5745
#00BFC4	1.27508807228878	1	5	prediction	5746
#00BFC4	1.27508807228878	1	6	prediction	5747
#00BFC4	1.27508807228878	1	7	prediction	5748
#00BFC4	1.27508807228878	1	8	prediction	5749
#00BFC4	1.27508807228878	1	9	prediction	5750
#00BFC4	1.27508807228878	1	10	prediction	5751
#00BFC4	1.27508807228878	1	11	prediction	5752
#00BFC4	1.27508807228878	1	12	prediction	5753
#00BFC4	1.27508807228878	1	13	prediction	5754
#00BFC4	1.27508807228878	1	14	prediction	5755
#00BFC4	1.27508807228878	1	15	prediction	5756
#00BFC4	1.27508807228878	1	16	prediction	5757
#00BFC4	1.27508807228878	1	17	prediction	5758
#00BFC4	1.27508807228878	1	18	prediction	5759
#00BFC4	1.27508807228878	1	19	prediction	5760
#00BFC4	1.27508807228878	1	20	prediction	5761
#00BFC4	1.27508807228878	1	21	prediction	5762
#00BFC4	1.27508807228878	1	22	prediction	5763
#00BFC4	1.27508807228878	1	23	prediction	5764
#00BFC4	1.27508807228878	1	24	prediction	5765
#00BFC4	1.27508807228878	1	25	prediction	5766
#00BFC4	1.27508807228878	1	26	prediction	5767
#00BFC4	1.27508807228878	1	27	prediction	5768
#00BFC4	1.27508807228878	1	28	prediction	5769
#00BFC4	1.27508807228878	1	29	prediction	5770
#00BFC4	1.27508807228878	1	30	prediction	5771
#00BFC4	1.27508807228878	1	31	prediction	5772
#00BFC4	1.27508807228878	1	32	prediction	5773
#00BFC4	1.27508807228878	1	33	prediction	5774
#00BFC4	1.27508807228878	1	34	prediction	5775
#00BFC4	1.27508807228878	1	35	prediction	5776
#00BFC4	1.27508807228878	1	36	prediction	5777
#00BFC4	1.27508807228878	1	37	prediction	5778
#00BFC4	1.27508807228878	1	38	prediction	5779
#00BFC4	1.27508807228878	1	39	prediction	5780
#00BFC4	1.27508807228878	1	40	prediction	5781
#00BFC4	1.29339639656246	1	0	prediction	5782
#00BFC4	1.29339639656246	1	1	prediction	5783
#00BFC4	1.29339639656246	1	2	prediction	5784
#00BFC4	1.29339639656246	1	3	prediction	5785
#00BFC4	1.29339639656246	1	4	prediction	5786
#00BFC4	1.29339639656246	1	5	prediction	5787
#00BFC4	1.29339639656246	1	6	prediction	5788
#00BFC4	1.29339639656246	1	7	prediction	5789
#00BFC4	1.29339639656246	1	8	prediction	5790
#00BFC4	1.29339639656246	1	9	prediction	5791
#00BFC4	1.29339639656246	1	10	prediction	5792
#00BFC4	1.29339639656246	1	11	prediction	5793
#00BFC4	1.29339639656246	1	12	prediction	5794
#00BFC4	1.29339639656246	1	13	prediction	5795
#00BFC4	1.29339639656246	1	14	prediction	5796
#00BFC4	1.29339639656246	1	15	prediction	5797
#00BFC4	1.29339639656246	1	16	prediction	5798
#00BFC4	1.29339639656246	1	17	prediction	5799
#00BFC4	1.29339639656246	1	18	prediction	5800
#00BFC4	1.29339639656246	1	19	prediction	5801
#00BFC4	1.29339639656246	1	20	prediction	5802
#00BFC4	1.29339639656246	1	21	prediction	5803
#00BFC4	1.29339639656246	1	22	prediction	5804
#00BFC4	1.29339639656246	1	23	prediction	5805
#00BFC4	1.29339639656246	1	24	prediction	5806
#00BFC4	1.29339639656246	1	25	prediction	5807
#00BFC4	1.29339639656246	1	26	prediction	5808
#00BFC4	1.29339639656246	1	27	prediction	5809
#00BFC4	1.29339639656246	1	28	prediction	5810
#00BFC4	1.29339639656246	1	29	prediction	5811
#00BFC4	1.29339639656246	1	30	prediction	5812
#00BFC4	1.29339639656246	1	31	prediction	5813
#00BFC4	1.29339639656246	1	32	prediction	5814
#00BFC4	1.29339639656246	1	33	prediction	5815
#00BFC4	1.29339639656246	1	34	prediction	5816
#00BFC4	1.29339639656246	1	35	prediction	5817
#00BFC4	1.29339639656246	1	36	prediction	5818
#00BFC4	1.29339639656246	1	37	prediction	5819
#00BFC4	1.29339639656246	1	38	prediction	5820
#00BFC4	1.29339639656246	1	39	prediction	5821
#00BFC4	1.29339639656246	1	40	prediction	5822
#00BFC4	1.30571104958653	1	0	prediction	5823
#00BFC4	1.30571104958653	1	1	prediction	5824
#00BFC4	1.30571104958653	1	2	prediction	5825
#00BFC4	1.30571104958653	1	3	prediction	5826
#00BFC4	1.30571104958653	1	4	prediction	5827
#00BFC4	1.30571104958653	1	5	prediction	5828
#00BFC4	1.30571104958653	1	6	prediction	5829
#00BFC4	1.30571104958653	1	7	prediction	5830
#00BFC4	1.30571104958653	1	8	prediction	5831
#00BFC4	1.30571104958653	1	9	prediction	5832
#00BFC4	1.30571104958653	1	10	prediction	5833
#00BFC4	1.30571104958653	1	11	prediction	5834
#00BFC4	1.30571104958653	1	12	prediction	5835
#00BFC4	1.30571104958653	1	13	prediction	5836
#00BFC4	1.30571104958653	1	14	prediction	5837
#00BFC4	1.30571104958653	1	15	prediction	5838
#00BFC4	1.30571104958653	1	16	prediction	5839
#00BFC4	1.30571104958653	1	17	prediction	5840
#00BFC4	1.30571104958653	1	18	prediction	5841
#00BFC4	1.30571104958653	1	19	prediction	5842
#00BFC4	1.30571104958653	1	20	prediction	5843
#00BFC4	1.30571104958653	1	21	prediction	5844
#00BFC4	1.30571104958653	1	22	prediction	5845
#00BFC4	1.30571104958653	1	23	prediction	5846
#00BFC4	1.30571104958653	1	24	prediction	5847
#00BFC4	1.30571104958653	1	25	prediction	5848
#00BFC4	1.30571104958653	1	26	prediction	5849
#00BFC4	1.30571104958653	1	27	prediction	5850
#00BFC4	1.30571104958653	1	28	prediction	5851
#00BFC4	1.30571104958653	1	29	prediction	5852
#00BFC4	1.30571104958653	1	30	prediction	5853
#00BFC4	1.30571104958653	1	31	prediction	5854
#00BFC4	1.30571104958653	1	32	prediction	5855
#00BFC4	1.30571104958653	1	33	prediction	5856
#00BFC4	1.30571104958653	1	34	prediction	5857
#00BFC4	1.30571104958653	1	35	prediction	5858
#00BFC4	1.30571104958653	1	36	prediction	5859
#00BFC4	1.30571104958653	1	37	prediction	5860
#00BFC4	1.30571104958653	1	38	prediction	5861
#00BFC4	1.30571104958653	1	39	prediction	5862
#00BFC4	1.30571104958653	1	40	prediction	5863
#00BFC4	1.34226567624137	1	0	prediction	5864
#00BFC4	1.34226567624137	1	1	prediction	5865
#00BFC4	1.34226567624137	1	2	prediction	5866
#00BFC4	1.34226567624137	1	3	prediction	5867
#00BFC4	1.34226567624137	1	4	prediction	5868
#00BFC4	1.34226567624137	1	5	prediction	5869
#00BFC4	1.34226567624137	1	6	prediction	5870
#00BFC4	1.34226567624137	1	7	prediction	5871
#00BFC4	1.34226567624137	1	8	prediction	5872
#00BFC4	1.34226567624137	1	9	prediction	5873
#00BFC4	1.34226567624137	1	10	prediction	5874
#00BFC4	1.34226567624137	1	11	prediction	5875
#00BFC4	1.34226567624137	1	12	prediction	5876
#00BFC4	1.34226567624137	1	13	prediction	5877
#00BFC4	1.34226567624137	1	14	prediction	5878
#00BFC4	1.34226567624137	1	15	prediction	5879
#00BFC4	1.34226567624137	1	16	prediction	5880
#00BFC4	1.34226567624137	1	17	prediction	5881
#00BFC4	1.34226567624137	1	18	prediction	5882
#00BFC4	1.34226567624137	1	19	prediction	5883
#00BFC4	1.34226567624137	1	20	prediction	5884
#00BFC4	1.34226567624137	1	21	prediction	5885
#00BFC4	1.34226567624137	1	22	prediction	5886
#00BFC4	1.34226567624137	1	23	prediction	5887
#00BFC4	1.34226567624137	1	24	prediction	5888
#00BFC4	1.34226567624137	1	25	prediction	5889
#00BFC4	1.34226567624137	1	26	prediction	5890
#00BFC4	1.34226567624137	1	27	prediction	5891
#00BFC4	1.34226567624137	1	28	prediction	5892
#00BFC4	1.34226567624137	1	29	prediction	5893
#00BFC4	1.34226567624137	1	30	prediction	5894
#00BFC4	1.34226567624137	1	31	prediction	5895
#00BFC4	1.34226567624137	1	32	prediction	5896
#00BFC4	1.34226567624137	1	33	prediction	5897
#00BFC4	1.34226567624137	1	34	prediction	5898
#00BFC4	1.34226567624137	1	35	prediction	5899
#00BFC4	1.34226567624137	1	36	prediction	5900
#00BFC4	1.34226567624137	1	37	prediction	5901
#00BFC4	1.34226567624137	1	38	prediction	5902
#00BFC4	1.34226567624137	1	39	prediction	5903
#00BFC4	1.34226567624137	1	40	prediction	5904
#00BFC4	1.34235567972064	1	0	prediction	5905
#00BFC4	1.34235567972064	1	1	prediction	5906
#00BFC4	1.34235567972064	1	2	prediction	5907
#00BFC4	1.34235567972064	1	3	prediction	5908
#00BFC4	1.34235567972064	1	4	prediction	5909
#00BFC4	1.34235567972064	1	5	prediction	5910
#00BFC4	1.34235567972064	1	6	prediction	5911
#00BFC4	1.34235567972064	1	7	prediction	5912
#00BFC4	1.34235567972064	1	8	prediction	5913
#00BFC4	1.34235567972064	1	9	prediction	5914
#00BFC4	1.34235567972064	1	10	prediction	5915
#00BFC4	1.34235567972064	1	11	prediction	5916
#00BFC4	1.34235567972064	1	12	prediction	5917
#00BFC4	1.34235567972064	1	13	prediction	5918
#00BFC4	1.34235567972064	1	14	prediction	5919
#00BFC4	1.34235567972064	1	15	prediction	5920
#00BFC4	1.34235567972064	1	16	prediction	5921
#00BFC4	1.34235567972064	1	17	prediction	5922
#00BFC4	1.34235567972064	1	18	prediction	5923
#00BFC4	1.34235567972064	1	19	prediction	5924
#00BFC4	1.34235567972064	1	20	prediction	5925
#00BFC4	1.34235567972064	1	21	prediction	5926
#00BFC4	1.34235567972064	1	22	prediction	5927
#00BFC4	1.34235567972064	1	23	prediction	5928
#00BFC4	1.34235567972064	1	24	prediction	5929
#00BFC4	1.34235567972064	1	25	prediction	5930
#00BFC4	1.34235567972064	1	26	prediction	5931
#00BFC4	1.34235567972064	1	27	prediction	5932
#00BFC4	1.34235567972064	1	28	prediction	5933
#00BFC4	1.34235567972064	1	29	prediction	5934
#00BFC4	1.34235567972064	1	30	prediction	5935
#00BFC4	1.34235567972064	1	31	prediction	5936
#00BFC4	1.34235567972064	1	32	prediction	5937
#00BFC4	1.34235567972064	1	33	prediction	5938
#00BFC4	1.34235567972064	1	34	prediction	5939
#00BFC4	1.34235567972064	1	35	prediction	5940
#00BFC4	1.34235567972064	1	36	prediction	5941
#00BFC4	1.34235567972064	1	37	prediction	5942
#00BFC4	1.34235567972064	1	38	prediction	5943
#00BFC4	1.34235567972064	1	39	prediction	5944
#00BFC4	1.34235567972064	1	40	prediction	5945
#00BFC4	1.34699335601181	1	0	prediction	5946
#00BFC4	1.34699335601181	1	1	prediction	5947
#00BFC4	1.34699335601181	1	2	prediction	5948
#00BFC4	1.34699335601181	1	3	prediction	5949
#00BFC4	1.34699335601181	1	4	prediction	5950
#00BFC4	1.34699335601181	1	5	prediction	5951
#00BFC4	1.34699335601181	1	6	prediction	5952
#00BFC4	1.34699335601181	1	7	prediction	5953
#00BFC4	1.34699335601181	1	8	prediction	5954
#00BFC4	1.34699335601181	1	9	prediction	5955
#00BFC4	1.34699335601181	1	10	prediction	5956
#00BFC4	1.34699335601181	1	11	prediction	5957
#00BFC4	1.34699335601181	1	12	prediction	5958
#00BFC4	1.34699335601181	1	13	prediction	5959
#00BFC4	1.34699335601181	1	14	prediction	5960
#00BFC4	1.34699335601181	1	15	prediction	5961
#00BFC4	1.34699335601181	1	16	prediction	5962
#00BFC4	1.34699335601181	1	17	prediction	5963
#00BFC4	1.34699335601181	1	18	prediction	5964
#00BFC4	1.34699335601181	1	19	prediction	5965
#00BFC4	1.34699335601181	1	20	prediction	5966
#00BFC4	1.34699335601181	1	21	prediction	5967
#00BFC4	1.34699335601181	1	22	prediction	5968
#00BFC4	1.34699335601181	1	23	prediction	5969
#00BFC4	1.34699335601181	1	24	prediction	5970
#00BFC4	1.34699335601181	1	25	prediction	5971
#00BFC4	1.34699335601181	1	26	prediction	5972
#00BFC4	1.34699335601181	1	27	prediction	5973
#00BFC4	1.34699335601181	1	28	prediction	5974
#00BFC4	1.34699335601181	1	29	prediction	5975
#00BFC4	1.34699335601181	1	30	prediction	5976
#00BFC4	1.34699335601181	1	31	prediction	5977
#00BFC4	1.34699335601181	1	32	prediction	5978
#00BFC4	1.34699335601181	1	33	prediction	5979
#00BFC4	1.34699335601181	1	34	prediction	5980
#00BFC4	1.34699335601181	1	35	prediction	5981
#00BFC4	1.34699335601181	1	36	prediction	5982
#00BFC4	1.34699335601181	1	37	prediction	5983
#00BFC4	1.34699335601181	1	38	prediction	5984
#00BFC4	1.34699335601181	1	39	prediction	5985
#00BFC4	1.34699335601181	1	40	prediction	5986
#00BFC4	1.37585774017498	1	0	prediction	5987
#00BFC4	1.37585774017498	1	1	prediction	5988
#00BFC4	1.37585774017498	1	2	prediction	5989
#00BFC4	1.37585774017498	1	3	prediction	5990
#00BFC4	1.37585774017498	1	4	prediction	5991
#00BFC4	1.37585774017498	1	5	prediction	5992
#00BFC4	1.37585774017498	1	6	prediction	5993
#00BFC4	1.37585774017498	1	7	prediction	5994
#00BFC4	1.37585774017498	1	8	prediction	5995
#00BFC4	1.37585774017498	1	9	prediction	5996
#00BFC4	1.37585774017498	1	10	prediction	5997
#00BFC4	1.37585774017498	1	11	prediction	5998
#00BFC4	1.37585774017498	1	12	prediction	5999
#00BFC4	1.37585774017498	1	13	prediction	6000
#00BFC4	1.37585774017498	1	14	prediction	6001
#00BFC4	1.37585774017498	1	15	prediction	6002
#00BFC4	1.37585774017498	1	16	prediction	6003
#00BFC4	1.37585774017498	1	17	prediction	6004
#00BFC4	1.37585774017498	1	18	prediction	6005
#00BFC4	1.37585774017498	1	19	prediction	6006
#00BFC4	1.37585774017498	1	20	prediction	6007
#00BFC4	1.37585774017498	1	21	prediction	6008
#00BFC4	1.37585774017498	1	22	prediction	6009
#00BFC4	1.37585774017498	1	23	prediction	6010
#00BFC4	1.37585774017498	1	24	prediction	6011
#00BFC4	1.37585774017498	1	25	prediction	6012
#00BFC4	1.37585774017498	1	26	prediction	6013
#00BFC4	1.37585774017498	1	27	prediction	6014
#00BFC4	1.37585774017498	1	28	prediction	6015
#00BFC4	1.37585774017498	1	29	prediction	6016
#00BFC4	1.37585774017498	1	30	prediction	6017
#00BFC4	1.37585774017498	1	31	prediction	6018
#00BFC4	1.37585774017498	1	32	prediction	6019
#00BFC4	1.37585774017498	1	33	prediction	6020
#00BFC4	1.37585774017498	1	34	prediction	6021
#00BFC4	1.37585774017498	1	35	prediction	6022
#00BFC4	1.37585774017498	1	36	prediction	6023
#00BFC4	1.37585774017498	1	37	prediction	6024
#00BFC4	1.37585774017498	1	38	prediction	6025
#00BFC4	1.37585774017498	1	39	prediction	6026
#00BFC4	1.37585774017498	1	40	prediction	6027
#00BFC4	1.39075507130474	1	0	prediction	6028
#00BFC4	1.39075507130474	1	1	prediction	6029
#00BFC4	1.39075507130474	1	2	prediction	6030
#00BFC4	1.39075507130474	1	3	prediction	6031
#00BFC4	1.39075507130474	1	4	prediction	6032
#00BFC4	1.39075507130474	1	5	prediction	6033
#00BFC4	1.39075507130474	1	6	prediction	6034
#00BFC4	1.39075507130474	1	7	prediction	6035
#00BFC4	1.39075507130474	1	8	prediction	6036
#00BFC4	1.39075507130474	1	9	prediction	6037
#00BFC4	1.39075507130474	1	10	prediction	6038
#00BFC4	1.39075507130474	1	11	prediction	6039
#00BFC4	1.39075507130474	1	12	prediction	6040
#00BFC4	1.39075507130474	1	13	prediction	6041
#00BFC4	1.39075507130474	1	14	prediction	6042
#00BFC4	1.39075507130474	1	15	prediction	6043
#00BFC4	1.39075507130474	1	16	prediction	6044
#00BFC4	1.39075507130474	1	17	prediction	6045
#00BFC4	1.39075507130474	1	18	prediction	6046
#00BFC4	1.39075507130474	1	19	prediction	6047
#00BFC4	1.39075507130474	1	20	prediction	6048
#00BFC4	1.39075507130474	1	21	prediction	6049
#00BFC4	1.39075507130474	1	22	prediction	6050
#00BFC4	1.39075507130474	1	23	prediction	6051
#00BFC4	1.39075507130474	1	24	prediction	6052
#00BFC4	1.39075507130474	1	25	prediction	6053
#00BFC4	1.39075507130474	1	26	prediction	6054
#00BFC4	1.39075507130474	1	27	prediction	6055
#00BFC4	1.39075507130474	1	28	prediction	6056
#00BFC4	1.39075507130474	1	29	prediction	6057
#00BFC4	1.39075507130474	1	30	prediction	6058
#00BFC4	1.39075507130474	1	31	prediction	6059
#00BFC4	1.39075507130474	1	32	prediction	6060
#00BFC4	1.39075507130474	1	33	prediction	6061
#00BFC4	1.39075507130474	1	34	prediction	6062
#00BFC4	1.39075507130474	1	35	prediction	6063
#00BFC4	1.39075507130474	1	36	prediction	6064
#00BFC4	1.39075507130474	1	37	prediction	6065
#00BFC4	1.39075507130474	1	38	prediction	6066
#00BFC4	1.39075507130474	1	39	prediction	6067
#00BFC4	1.39075507130474	1	40	prediction	6068
#00BFC4	1.3938824320212	1	0	prediction	6069
#00BFC4	1.3938824320212	1	1	prediction	6070
#00BFC4	1.3938824320212	1	2	prediction	6071
#00BFC4	1.3938824320212	1	3	prediction	6072
#00BFC4	1.3938824320212	1	4	prediction	6073
#00BFC4	1.3938824320212	1	5	prediction	6074
#00BFC4	1.3938824320212	1	6	prediction	6075
#00BFC4	1.3938824320212	1	7	prediction	6076
#00BFC4	1.3938824320212	1	8	prediction	6077
#00BFC4	1.3938824320212	1	9	prediction	6078
#00BFC4	1.3938824320212	1	10	prediction	6079
#00BFC4	1.3938824320212	1	11	prediction	6080
#00BFC4	1.3938824320212	1	12	prediction	6081
#00BFC4	1.3938824320212	1	13	prediction	6082
#00BFC4	1.3938824320212	1	14	prediction	6083
#00BFC4	1.3938824320212	1	15	prediction	6084
#00BFC4	1.3938824320212	1	16	prediction	6085
#00BFC4	1.3938824320212	1	17	prediction	6086
#00BFC4	1.3938824320212	1	18	prediction	6087
#00BFC4	1.3938824320212	1	19	prediction	6088
#00BFC4	1.3938824320212	1	20	prediction	6089
#00BFC4	1.3938824320212	1	21	prediction	6090
#00BFC4	1.3938824320212	1	22	prediction	6091
#00BFC4	1.3938824320212	1	23	prediction	6092
#00BFC4	1.3938824320212	1	24	prediction	6093
#00BFC4	1.3938824320212	1	25	prediction	6094
#00BFC4	1.3938824320212	1	26	prediction	6095
#00BFC4	1.3938824320212	1	27	prediction	6096
#00BFC4	1.3938824320212	1	28	prediction	6097
#00BFC4	1.3938824320212	1	29	prediction	6098
#00BFC4	1.3938824320212	1	30	prediction	6099
#00BFC4	1.3938824320212	1	31	prediction	6100
#00BFC4	1.3938824320212	1	32	prediction	6101
#00BFC4	1.3938824320212	1	33	prediction	6102
#00BFC4	1.3938824320212	1	34	prediction	6103
#00BFC4	1.3938824320212	1	35	prediction	6104
#00BFC4	1.3938824320212	1	36	prediction	6105
#00BFC4	1.3938824320212	1	37	prediction	6106
#00BFC4	1.3938824320212	1	38	prediction	6107
#00BFC4	1.3938824320212	1	39	prediction	6108
#00BFC4	1.3938824320212	1	40	prediction	6109
#00BFC4	1.44647189229727	1	0	prediction	6110
#00BFC4	1.44647189229727	1	1	prediction	6111
#00BFC4	1.44647189229727	1	2	prediction	6112
#00BFC4	1.44647189229727	1	3	prediction	6113
#00BFC4	1.44647189229727	1	4	prediction	6114
#00BFC4	1.44647189229727	1	5	prediction	6115
#00BFC4	1.44647189229727	1	6	prediction	6116
#00BFC4	1.44647189229727	1	7	prediction	6117
#00BFC4	1.44647189229727	1	8	prediction	6118
#00BFC4	1.44647189229727	1	9	prediction	6119
#00BFC4	1.44647189229727	1	10	prediction	6120
#00BFC4	1.44647189229727	1	11	prediction	6121
#00BFC4	1.44647189229727	1	12	prediction	6122
#00BFC4	1.44647189229727	1	13	prediction	6123
#00BFC4	1.44647189229727	1	14	prediction	6124
#00BFC4	1.44647189229727	1	15	prediction	6125
#00BFC4	1.44647189229727	1	16	prediction	6126
#00BFC4	1.44647189229727	1	17	prediction	6127
#00BFC4	1.44647189229727	1	18	prediction	6128
#00BFC4	1.44647189229727	1	19	prediction	6129
#00BFC4	1.44647189229727	1	20	prediction	6130
#00BFC4	1.44647189229727	1	21	prediction	6131
#00BFC4	1.44647189229727	1	22	prediction	6132
#00BFC4	1.44647189229727	1	23	prediction	6133
#00BFC4	1.44647189229727	1	24	prediction	6134
#00BFC4	1.44647189229727	1	25	prediction	6135
#00BFC4	1.44647189229727	1	26	prediction	6136
#00BFC4	1.44647189229727	1	27	prediction	6137
#00BFC4	1.44647189229727	1	28	prediction	6138
#00BFC4	1.44647189229727	1	29	prediction	6139
#00BFC4	1.44647189229727	1	30	prediction	6140
#00BFC4	1.44647189229727	1	31	prediction	6141
#00BFC4	1.44647189229727	1	32	prediction	6142
#00BFC4	1.44647189229727	1	33	prediction	6143
#00BFC4	1.44647189229727	1	34	prediction	6144
#00BFC4	1.44647189229727	1	35	prediction	6145
#00BFC4	1.44647189229727	1	36	prediction	6146
#00BFC4	1.44647189229727	1	37	prediction	6147
#00BFC4	1.44647189229727	1	38	prediction	6148
#00BFC4	1.44647189229727	1	39	prediction	6149
#00BFC4	1.44647189229727	1	40	prediction	6150
#00BFC4	1.48018961772323	1	0	prediction	6151
#00BFC4	1.48018961772323	1	1	prediction	6152
#00BFC4	1.48018961772323	1	2	prediction	6153
#00BFC4	1.48018961772323	1	3	prediction	6154
#00BFC4	1.48018961772323	1	4	prediction	6155
#00BFC4	1.48018961772323	1	5	prediction	6156
#00BFC4	1.48018961772323	1	6	prediction	6157
#00BFC4	1.48018961772323	1	7	prediction	6158
#00BFC4	1.48018961772323	1	8	prediction	6159
#00BFC4	1.48018961772323	1	9	prediction	6160
#00BFC4	1.48018961772323	1	10	prediction	6161
#00BFC4	1.48018961772323	1	11	prediction	6162
#00BFC4	1.48018961772323	1	12	prediction	6163
#00BFC4	1.48018961772323	1	13	prediction	6164
#00BFC4	1.48018961772323	1	14	prediction	6165
#00BFC4	1.48018961772323	1	15	prediction	6166
#00BFC4	1.48018961772323	1	16	prediction	6167
#00BFC4	1.48018961772323	1	17	prediction	6168
#00BFC4	1.48018961772323	1	18	prediction	6169
#00BFC4	1.48018961772323	1	19	prediction	6170
#00BFC4	1.48018961772323	1	20	prediction	6171
#00BFC4	1.48018961772323	1	21	prediction	6172
#00BFC4	1.48018961772323	1	22	prediction	6173
#00BFC4	1.48018961772323	1	23	prediction	6174
#00BFC4	1.48018961772323	1	24	prediction	6175
#00BFC4	1.48018961772323	1	25	prediction	6176
#00BFC4	1.48018961772323	1	26	prediction	6177
#00BFC4	1.48018961772323	1	27	prediction	6178
#00BFC4	1.48018961772323	1	28	prediction	6179
#00BFC4	1.48018961772323	1	29	prediction	6180
#00BFC4	1.48018961772323	1	30	prediction	6181
#00BFC4	1.48018961772323	1	31	prediction	6182
#00BFC4	1.48018961772323	1	32	prediction	6183
#00BFC4	1.48018961772323	1	33	prediction	6184
#00BFC4	1.48018961772323	1	34	prediction	6185
#00BFC4	1.48018961772323	1	35	prediction	6186
#00BFC4	1.48018961772323	1	36	prediction	6187
#00BFC4	1.48018961772323	1	37	prediction	6188
#00BFC4	1.48018961772323	1	38	prediction	6189
#00BFC4	1.48018961772323	1	39	prediction	6190
#00BFC4	1.48018961772323	1	40	prediction	6191
#00BFC4	1.52892566705123	1	0	prediction	6192
#00BFC4	1.52892566705123	1	1	prediction	6193
#00BFC4	1.52892566705123	1	2	prediction	6194
#00BFC4	1.52892566705123	1	3	prediction	6195
#00BFC4	1.52892566705123	1	4	prediction	6196
#00BFC4	1.52892566705123	1	5	prediction	6197
#00BFC4	1.52892566705123	1	6	prediction	6198
#00BFC4	1.52892566705123	1	7	prediction	6199
#00BFC4	1.52892566705123	1	8	prediction	6200
#00BFC4	1.52892566705123	1	9	prediction	6201
#00BFC4	1.52892566705123	1	10	prediction	6202
#00BFC4	1.52892566705123	1	11	prediction	6203
#00BFC4	1.52892566705123	1	12	prediction	6204
#00BFC4	1.52892566705123	1	13	prediction	6205
#00BFC4	1.52892566705123	1	14	prediction	6206
#00BFC4	1.52892566705123	1	15	prediction	6207
#00BFC4	1.52892566705123	1	16	prediction	6208
#00BFC4	1.52892566705123	1	17	prediction	6209
#00BFC4	1.52892566705123	1	18	prediction	6210
#00BFC4	1.52892566705123	1	19	prediction	6211
#00BFC4	1.52892566705123	1	20	prediction	6212
#00BFC4	1.52892566705123	1	21	prediction	6213
#00BFC4	1.52892566705123	1	22	prediction	6214
#00BFC4	1.52892566705123	1	23	prediction	6215
#00BFC4	1.52892566705123	1	24	prediction	6216
#00BFC4	1.52892566705123	1	25	prediction	6217
#00BFC4	1.52892566705123	1	26	prediction	6218
#00BFC4	1.52892566705123	1	27	prediction	6219
#00BFC4	1.52892566705123	1	28	prediction	6220
#00BFC4	1.52892566705123	1	29	prediction	6221
#00BFC4	1.52892566705123	1	30	prediction	6222
#00BFC4	1.52892566705123	1	31	prediction	6223
#00BFC4	1.52892566705123	1	32	prediction	6224
#00BFC4	1.52892566705123	1	33	prediction	6225
#00BFC4	1.52892566705123	1	34	prediction	6226
#00BFC4	1.52892566705123	1	35	prediction	6227
#00BFC4	1.52892566705123	1	36	prediction	6228
#00BFC4	1.52892566705123	1	37	prediction	6229
#00BFC4	1.52892566705123	1	38	prediction	6230
#00BFC4	1.52892566705123	1	39	prediction	6231
#00BFC4	1.52892566705123	1	40	prediction	6232
#00BFC4	1.54252288816497	1	0	prediction	6233
#00BFC4	1.54252288816497	1	1	prediction	6234
#00BFC4	1.54252288816497	1	2	prediction	6235
#00BFC4	1.54252288816497	1	3	prediction	6236
#00BFC4	1.54252288816497	1	4	prediction	6237
#00BFC4	1.54252288816497	1	5	prediction	6238
#00BFC4	1.54252288816497	1	6	prediction	6239
#00BFC4	1.54252288816497	1	7	prediction	6240
#00BFC4	1.54252288816497	1	8	prediction	6241
#00BFC4	1.54252288816497	1	9	prediction	6242
#00BFC4	1.54252288816497	1	10	prediction	6243
#00BFC4	1.54252288816497	1	11	prediction	6244
#00BFC4	1.54252288816497	1	12	prediction	6245
#00BFC4	1.54252288816497	1	13	prediction	6246
#00BFC4	1.54252288816497	1	14	prediction	6247
#00BFC4	1.54252288816497	1	15	prediction	6248
#00BFC4	1.54252288816497	1	16	prediction	6249
#00BFC4	1.54252288816497	1	17	prediction	6250
#00BFC4	1.54252288816497	1	18	prediction	6251
#00BFC4	1.54252288816497	1	19	prediction	6252
#00BFC4	1.54252288816497	1	20	prediction	6253
#00BFC4	1.54252288816497	1	21	prediction	6254
#00BFC4	1.54252288816497	1	22	prediction	6255
#00BFC4	1.54252288816497	1	23	prediction	6256
#00BFC4	1.54252288816497	1	24	prediction	6257
#00BFC4	1.54252288816497	1	25	prediction	6258
#00BFC4	1.54252288816497	1	26	prediction	6259
#00BFC4	1.54252288816497	1	27	prediction	6260
#00BFC4	1.54252288816497	1	28	prediction	6261
#00BFC4	1.54252288816497	1	29	prediction	6262
#00BFC4	1.54252288816497	1	30	prediction	6263
#00BFC4	1.54252288816497	1	31	prediction	6264
#00BFC4	1.54252288816497	1	32	prediction	6265
#00BFC4	1.54252288816497	1	33	prediction	6266
#00BFC4	1.54252288816497	1	34	prediction	6267
#00BFC4	1.54252288816497	1	35	prediction	6268
#00BFC4	1.54252288816497	1	36	prediction	6269
#00BFC4	1.54252288816497	1	37	prediction	6270
#00BFC4	1.54252288816497	1	38	prediction	6271
#00BFC4	1.54252288816497	1	39	prediction	6272
#00BFC4	1.54252288816497	1	40	prediction	6273
#00BFC4	1.54861831432208	1	0	prediction	6274
#00BFC4	1.54861831432208	1	1	prediction	6275
#00BFC4	1.54861831432208	1	2	prediction	6276
#00BFC4	1.54861831432208	1	3	prediction	6277
#00BFC4	1.54861831432208	1	4	prediction	6278
#00BFC4	1.54861831432208	1	5	prediction	6279
#00BFC4	1.54861831432208	1	6	prediction	6280
#00BFC4	1.54861831432208	1	7	prediction	6281
#00BFC4	1.54861831432208	1	8	prediction	6282
#00BFC4	1.54861831432208	1	9	prediction	6283
#00BFC4	1.54861831432208	1	10	prediction	6284
#00BFC4	1.54861831432208	1	11	prediction	6285
#00BFC4	1.54861831432208	1	12	prediction	6286
#00BFC4	1.54861831432208	1	13	prediction	6287
#00BFC4	1.54861831432208	1	14	prediction	6288
#00BFC4	1.54861831432208	1	15	prediction	6289
#00BFC4	1.54861831432208	1	16	prediction	6290
#00BFC4	1.54861831432208	1	17	prediction	6291
#00BFC4	1.54861831432208	1	18	prediction	6292
#00BFC4	1.54861831432208	1	19	prediction	6293
#00BFC4	1.54861831432208	1	20	prediction	6294
#00BFC4	1.54861831432208	1	21	prediction	6295
#00BFC4	1.54861831432208	1	22	prediction	6296
#00BFC4	1.54861831432208	1	23	prediction	6297
#00BFC4	1.54861831432208	1	24	prediction	6298
#00BFC4	1.54861831432208	1	25	prediction	6299
#00BFC4	1.54861831432208	1	26	prediction	6300
#00BFC4	1.54861831432208	1	27	prediction	6301
#00BFC4	1.54861831432208	1	28	prediction	6302
#00BFC4	1.54861831432208	1	29	prediction	6303
#00BFC4	1.54861831432208	1	30	prediction	6304
#00BFC4	1.54861831432208	1	31	prediction	6305
#00BFC4	1.54861831432208	1	32	prediction	6306
#00BFC4	1.54861831432208	1	33	prediction	6307
#00BFC4	1.54861831432208	1	34	prediction	6308
#00BFC4	1.54861831432208	1	35	prediction	6309
#00BFC4	1.54861831432208	1	36	prediction	6310
#00BFC4	1.54861831432208	1	37	prediction	6311
#00BFC4	1.54861831432208	1	38	prediction	6312
#00BFC4	1.54861831432208	1	39	prediction	6313
#00BFC4	1.54861831432208	1	40	prediction	6314
#00BFC4	1.59786402387545	1	0	prediction	6315
#00BFC4	1.59786402387545	1	1	prediction	6316
#00BFC4	1.59786402387545	1	2	prediction	6317
#00BFC4	1.59786402387545	1	3	prediction	6318
#00BFC4	1.59786402387545	1	4	prediction	6319
#00BFC4	1.59786402387545	1	5	prediction	6320
#00BFC4	1.59786402387545	1	6	prediction	6321
#00BFC4	1.59786402387545	1	7	prediction	6322
#00BFC4	1.59786402387545	1	8	prediction	6323
#00BFC4	1.59786402387545	1	9	prediction	6324
#00BFC4	1.59786402387545	1	10	prediction	6325
#00BFC4	1.59786402387545	1	11	prediction	6326
#00BFC4	1.59786402387545	1	12	prediction	6327
#00BFC4	1.59786402387545	1	13	prediction	6328
#00BFC4	1.59786402387545	1	14	prediction	6329
#00BFC4	1.59786402387545	1	15	prediction	6330
#00BFC4	1.59786402387545	1	16	prediction	6331
#00BFC4	1.59786402387545	1	17	prediction	6332
#00BFC4	1.59786402387545	1	18	prediction	6333
#00BFC4	1.59786402387545	1	19	prediction	6334
#00BFC4	1.59786402387545	1	20	prediction	6335
#00BFC4	1.59786402387545	1	21	prediction	6336
#00BFC4	1.59786402387545	1	22	prediction	6337
#00BFC4	1.59786402387545	1	23	prediction	6338
#00BFC4	1.59786402387545	1	24	prediction	6339
#00BFC4	1.59786402387545	1	25	prediction	6340
#00BFC4	1.59786402387545	1	26	prediction	6341
#00BFC4	1.59786402387545	1	27	prediction	6342
#00BFC4	1.59786402387545	1	28	prediction	6343
#00BFC4	1.59786402387545	1	29	prediction	6344
#00BFC4	1.59786402387545	1	30	prediction	6345
#00BFC4	1.59786402387545	1	31	prediction	6346
#00BFC4	1.59786402387545	1	32	prediction	6347
#00BFC4	1.59786402387545	1	33	prediction	6348
#00BFC4	1.59786402387545	1	34	prediction	6349
#00BFC4	1.59786402387545	1	35	prediction	6350
#00BFC4	1.59786402387545	1	36	prediction	6351
#00BFC4	1.59786402387545	1	37	prediction	6352
#00BFC4	1.59786402387545	1	38	prediction	6353
#00BFC4	1.59786402387545	1	39	prediction	6354
#00BFC4	1.59786402387545	1	40	prediction	6355
#00BFC4	1.61904851999134	1	0	prediction	6356
#00BFC4	1.61904851999134	1	1	prediction	6357
#00BFC4	1.61904851999134	1	2	prediction	6358
#00BFC4	1.61904851999134	1	3	prediction	6359
#00BFC4	1.61904851999134	1	4	prediction	6360
#00BFC4	1.61904851999134	1	5	prediction	6361
#00BFC4	1.61904851999134	1	6	prediction	6362
#00BFC4	1.61904851999134	1	7	prediction	6363
#00BFC4	1.61904851999134	1	8	prediction	6364
#00BFC4	1.61904851999134	1	9	prediction	6365
#00BFC4	1.61904851999134	1	10	prediction	6366
#00BFC4	1.61904851999134	1	11	prediction	6367
#00BFC4	1.61904851999134	1	12	prediction	6368
#00BFC4	1.61904851999134	1	13	prediction	6369
#00BFC4	1.61904851999134	1	14	prediction	6370
#00BFC4	1.61904851999134	1	15	prediction	6371
#00BFC4	1.61904851999134	1	16	prediction	6372
#00BFC4	1.61904851999134	1	17	prediction	6373
#00BFC4	1.61904851999134	1	18	prediction	6374
#00BFC4	1.61904851999134	1	19	prediction	6375
#00BFC4	1.61904851999134	1	20	prediction	6376
#00BFC4	1.61904851999134	1	21	prediction	6377
#00BFC4	1.61904851999134	1	22	prediction	6378
#00BFC4	1.61904851999134	1	23	prediction	6379
#00BFC4	1.61904851999134	1	24	prediction	6380
#00BFC4	1.61904851999134	1	25	prediction	6381
#00BFC4	1.61904851999134	1	26	prediction	6382
#00BFC4	1.61904851999134	1	27	prediction	6383
#00BFC4	1.61904851999134	1	28	prediction	6384
#00BFC4	1.61904851999134	1	29	prediction	6385
#00BFC4	1.61904851999134	1	30	prediction	6386
#00BFC4	1.61904851999134	1	31	prediction	6387
#00BFC4	1.61904851999134	1	32	prediction	6388
#00BFC4	1.61904851999134	1	33	prediction	6389
#00BFC4	1.61904851999134	1	34	prediction	6390
#00BFC4	1.61904851999134	1	35	prediction	6391
#00BFC4	1.61904851999134	1	36	prediction	6392
#00BFC4	1.61904851999134	1	37	prediction	6393
#00BFC4	1.61904851999134	1	38	prediction	6394
#00BFC4	1.61904851999134	1	39	prediction	6395
#00BFC4	1.61904851999134	1	40	prediction	6396
#00BFC4	1.66392419300973	1	0	prediction	6397
#00BFC4	1.66392419300973	1	1	prediction	6398
#00BFC4	1.66392419300973	1	2	prediction	6399
#00BFC4	1.66392419300973	1	3	prediction	6400
#00BFC4	1.66392419300973	1	4	prediction	6401
#00BFC4	1.66392419300973	1	5	prediction	6402
#00BFC4	1.66392419300973	1	6	prediction	6403
#00BFC4	1.66392419300973	1	7	prediction	6404
#00BFC4	1.66392419300973	1	8	prediction	6405
#00BFC4	1.66392419300973	1	9	prediction	6406
#00BFC4	1.66392419300973	1	10	prediction	6407
#00BFC4	1.66392419300973	1	11	prediction	6408
#00BFC4	1.66392419300973	1	12	prediction	6409
#00BFC4	1.66392419300973	1	13	prediction	6410
#00BFC4	1.66392419300973	1	14	prediction	6411
#00BFC4	1.66392419300973	1	15	prediction	6412
#00BFC4	1.66392419300973	1	16	prediction	6413
#00BFC4	1.66392419300973	1	17	prediction	6414
#00BFC4	1.66392419300973	1	18	prediction	6415
#00BFC4	1.66392419300973	1	19	prediction	6416
#00BFC4	1.66392419300973	1	20	prediction	6417
#00BFC4	1.66392419300973	1	21	prediction	6418
#00BFC4	1.66392419300973	1	22	prediction	6419
#00BFC4	1.66392419300973	1	23	prediction	6420
#00BFC4	1.66392419300973	1	24	prediction	6421
#00BFC4	1.66392419300973	1	25	prediction	6422
#00BFC4	1.66392419300973	1	26	prediction	6423
#00BFC4	1.66392419300973	1	27	prediction	6424
#00BFC4	1.66392419300973	1	28	prediction	6425
#00BFC4	1.66392419300973	1	29	prediction	6426
#00BFC4	1.66392419300973	1	30	prediction	6427
#00BFC4	1.66392419300973	1	31	prediction	6428
#00BFC4	1.66392419300973	1	32	prediction	6429
#00BFC4	1.66392419300973	1	33	prediction	6430
#00BFC4	1.66392419300973	1	34	prediction	6431
#00BFC4	1.66392419300973	1	35	prediction	6432
#00BFC4	1.66392419300973	1	36	prediction	6433
#00BFC4	1.66392419300973	1	37	prediction	6434
#00BFC4	1.66392419300973	1	38	prediction	6435
#00BFC4	1.66392419300973	1	39	prediction	6436
#00BFC4	1.66392419300973	1	40	prediction	6437
#00BFC4	1.66467132791877	1	0	prediction	6438
#00BFC4	1.66467132791877	1	1	prediction	6439
#00BFC4	1.66467132791877	1	2	prediction	6440
#00BFC4	1.66467132791877	1	3	prediction	6441
#00BFC4	1.66467132791877	1	4	prediction	6442
#00BFC4	1.66467132791877	1	5	prediction	6443
#00BFC4	1.66467132791877	1	6	prediction	6444
#00BFC4	1.66467132791877	1	7	prediction	6445
#00BFC4	1.66467132791877	1	8	prediction	6446
#00BFC4	1.66467132791877	1	9	prediction	6447
#00BFC4	1.66467132791877	1	10	prediction	6448
#00BFC4	1.66467132791877	1	11	prediction	6449
#00BFC4	1.66467132791877	1	12	prediction	6450
#00BFC4	1.66467132791877	1	13	prediction	6451
#00BFC4	1.66467132791877	1	14	prediction	6452
#00BFC4	1.66467132791877	1	15	prediction	6453
#00BFC4	1.66467132791877	1	16	prediction	6454
#00BFC4	1.66467132791877	1	17	prediction	6455
#00BFC4	1.66467132791877	1	18	prediction	6456
#00BFC4	1.66467132791877	1	19	prediction	6457
#00BFC4	1.66467132791877	1	20	prediction	6458
#00BFC4	1.66467132791877	1	21	prediction	6459
#00BFC4	1.66467132791877	1	22	prediction	6460
#00BFC4	1.66467132791877	1	23	prediction	6461
#00BFC4	1.66467132791877	1	24	prediction	6462
#00BFC4	1.66467132791877	1	25	prediction	6463
#00BFC4	1.66467132791877	1	26	prediction	6464
#00BFC4	1.66467132791877	1	27	prediction	6465
#00BFC4	1.66467132791877	1	28	prediction	6466
#00BFC4	1.66467132791877	1	29	prediction	6467
#00BFC4	1.66467132791877	1	30	prediction	6468
#00BFC4	1.66467132791877	1	31	prediction	6469
#00BFC4	1.66467132791877	1	32	prediction	6470
#00BFC4	1.66467132791877	1	33	prediction	6471
#00BFC4	1.66467132791877	1	34	prediction	6472
#00BFC4	1.66467132791877	1	35	prediction	6473
#00BFC4	1.66467132791877	1	36	prediction	6474
#00BFC4	1.66467132791877	1	37	prediction	6475
#00BFC4	1.66467132791877	1	38	prediction	6476
#00BFC4	1.66467132791877	1	39	prediction	6477
#00BFC4	1.66467132791877	1	40	prediction	6478
#00BFC4	1.67348806466907	1	0	prediction	6479
#00BFC4	1.67348806466907	1	1	prediction	6480
#00BFC4	1.67348806466907	1	2	prediction	6481
#00BFC4	1.67348806466907	1	3	prediction	6482
#00BFC4	1.67348806466907	1	4	prediction	6483
#00BFC4	1.67348806466907	1	5	prediction	6484
#00BFC4	1.67348806466907	1	6	prediction	6485
#00BFC4	1.67348806466907	1	7	prediction	6486
#00BFC4	1.67348806466907	1	8	prediction	6487
#00BFC4	1.67348806466907	1	9	prediction	6488
#00BFC4	1.67348806466907	1	10	prediction	6489
#00BFC4	1.67348806466907	1	11	prediction	6490
#00BFC4	1.67348806466907	1	12	prediction	6491
#00BFC4	1.67348806466907	1	13	prediction	6492
#00BFC4	1.67348806466907	1	14	prediction	6493
#00BFC4	1.67348806466907	1	15	prediction	6494
#00BFC4	1.67348806466907	1	16	prediction	6495
#00BFC4	1.67348806466907	1	17	prediction	6496
#00BFC4	1.67348806466907	1	18	prediction	6497
#00BFC4	1.67348806466907	1	19	prediction	6498
#00BFC4	1.67348806466907	1	20	prediction	6499
#00BFC4	1.67348806466907	1	21	prediction	6500
#00BFC4	1.67348806466907	1	22	prediction	6501
#00BFC4	1.67348806466907	1	23	prediction	6502
#00BFC4	1.67348806466907	1	24	prediction	6503
#00BFC4	1.67348806466907	1	25	prediction	6504
#00BFC4	1.67348806466907	1	26	prediction	6505
#00BFC4	1.67348806466907	1	27	prediction	6506
#00BFC4	1.67348806466907	1	28	prediction	6507
#00BFC4	1.67348806466907	1	29	prediction	6508
#00BFC4	1.67348806466907	1	30	prediction	6509
#00BFC4	1.67348806466907	1	31	prediction	6510
#00BFC4	1.67348806466907	1	32	prediction	6511
#00BFC4	1.67348806466907	1	33	prediction	6512
#00BFC4	1.67348806466907	1	34	prediction	6513
#00BFC4	1.67348806466907	1	35	prediction	6514
#00BFC4	1.67348806466907	1	36	prediction	6515
#00BFC4	1.67348806466907	1	37	prediction	6516
#00BFC4	1.67348806466907	1	38	prediction	6517
#00BFC4	1.67348806466907	1	39	prediction	6518
#00BFC4	1.67348806466907	1	40	prediction	6519
#00BFC4	1.67990933870897	1	0	prediction	6520
#00BFC4	1.67990933870897	1	1	prediction	6521
#00BFC4	1.67990933870897	1	2	prediction	6522
#00BFC4	1.67990933870897	1	3	prediction	6523
#00BFC4	1.67990933870897	1	4	prediction	6524
#00BFC4	1.67990933870897	1	5	prediction	6525
#00BFC4	1.67990933870897	1	6	prediction	6526
#00BFC4	1.67990933870897	1	7	prediction	6527
#00BFC4	1.67990933870897	1	8	prediction	6528
#00BFC4	1.67990933870897	1	9	prediction	6529
#00BFC4	1.67990933870897	1	10	prediction	6530
#00BFC4	1.67990933870897	1	11	prediction	6531
#00BFC4	1.67990933870897	1	12	prediction	6532
#00BFC4	1.67990933870897	1	13	prediction	6533
#00BFC4	1.67990933870897	1	14	prediction	6534
#00BFC4	1.67990933870897	1	15	prediction	6535
#00BFC4	1.67990933870897	1	16	prediction	6536
#00BFC4	1.67990933870897	1	17	prediction	6537
#00BFC4	1.67990933870897	1	18	prediction	6538
#00BFC4	1.67990933870897	1	19	prediction	6539
#00BFC4	1.67990933870897	1	20	prediction	6540
#00BFC4	1.67990933870897	1	21	prediction	6541
#00BFC4	1.67990933870897	1	22	prediction	6542
#00BFC4	1.67990933870897	1	23	prediction	6543
#00BFC4	1.67990933870897	1	24	prediction	6544
#00BFC4	1.67990933870897	1	25	prediction	6545
#00BFC4	1.67990933870897	1	26	prediction	6546
#00BFC4	1.67990933870897	1	27	prediction	6547
#00BFC4	1.67990933870897	1	28	prediction	6548
#00BFC4	1.67990933870897	1	29	prediction	6549
#00BFC4	1.67990933870897	1	30	prediction	6550
#00BFC4	1.67990933870897	1	31	prediction	6551
#00BFC4	1.67990933870897	1	32	prediction	6552
#00BFC4	1.67990933870897	1	33	prediction	6553
#00BFC4	1.67990933870897	1	34	prediction	6554
#00BFC4	1.67990933870897	1	35	prediction	6555
#00BFC4	1.67990933870897	1	36	prediction	6556
#00BFC4	1.67990933870897	1	37	prediction	6557
#00BFC4	1.67990933870897	1	38	prediction	6558
#00BFC4	1.67990933870897	1	39	prediction	6559
#00BFC4	1.67990933870897	1	40	prediction	6560
#00BFC4	1.69710802193731	1	0	prediction	6561
#00BFC4	1.69710802193731	1	1	prediction	6562
#00BFC4	1.69710802193731	1	2	prediction	6563
#00BFC4	1.69710802193731	1	3	prediction	6564
#00BFC4	1.69710802193731	1	4	prediction	6565
#00BFC4	1.69710802193731	1	5	prediction	6566
#00BFC4	1.69710802193731	1	6	prediction	6567
#00BFC4	1.69710802193731	1	7	prediction	6568
#00BFC4	1.69710802193731	1	8	prediction	6569
#00BFC4	1.69710802193731	1	9	prediction	6570
#00BFC4	1.69710802193731	1	10	prediction	6571
#00BFC4	1.69710802193731	1	11	prediction	6572
#00BFC4	1.69710802193731	1	12	prediction	6573
#00BFC4	1.69710802193731	1	13	prediction	6574
#00BFC4	1.69710802193731	1	14	prediction	6575
#00BFC4	1.69710802193731	1	15	prediction	6576
#00BFC4	1.69710802193731	1	16	prediction	6577
#00BFC4	1.69710802193731	1	17	prediction	6578
#00BFC4	1.69710802193731	1	18	prediction	6579
#00BFC4	1.69710802193731	1	19	prediction	6580
#00BFC4	1.69710802193731	1	20	prediction	6581
#00BFC4	1.69710802193731	1	21	prediction	6582
#00BFC4	1.69710802193731	1	22	prediction	6583
#00BFC4	1.69710802193731	1	23	prediction	6584
#00BFC4	1.69710802193731	1	24	prediction	6585
#00BFC4	1.69710802193731	1	25	prediction	6586
#00BFC4	1.69710802193731	1	26	prediction	6587
#00BFC4	1.69710802193731	1	27	prediction	6588
#00BFC4	1.69710802193731	1	28	prediction	6589
#00BFC4	1.69710802193731	1	29	prediction	6590
#00BFC4	1.69710802193731	1	30	prediction	6591
#00BFC4	1.69710802193731	1	31	prediction	6592
#00BFC4	1.69710802193731	1	32	prediction	6593
#00BFC4	1.69710802193731	1	33	prediction	6594
#00BFC4	1.69710802193731	1	34	prediction	6595
#00BFC4	1.69710802193731	1	35	prediction	6596
#00BFC4	1.69710802193731	1	36	prediction	6597
#00BFC4	1.69710802193731	1	37	prediction	6598
#00BFC4	1.69710802193731	1	38	prediction	6599
#00BFC4	1.69710802193731	1	39	prediction	6600
#00BFC4	1.69710802193731	1	40	prediction	6601
#00BFC4	1.69759657373652	1	0	prediction	6602
#00BFC4	1.69759657373652	1	1	prediction	6603
#00BFC4	1.69759657373652	1	2	prediction	6604
#00BFC4	1.69759657373652	1	3	prediction	6605
#00BFC4	1.69759657373652	1	4	prediction	6606
#00BFC4	1.69759657373652	1	5	prediction	6607
#00BFC4	1.69759657373652	1	6	prediction	6608
#00BFC4	1.69759657373652	1	7	prediction	6609
#00BFC4	1.69759657373652	1	8	prediction	6610
#00BFC4	1.69759657373652	1	9	prediction	6611
#00BFC4	1.69759657373652	1	10	prediction	6612
#00BFC4	1.69759657373652	1	11	prediction	6613
#00BFC4	1.69759657373652	1	12	prediction	6614
#00BFC4	1.69759657373652	1	13	prediction	6615
#00BFC4	1.69759657373652	1	14	prediction	6616
#00BFC4	1.69759657373652	1	15	prediction	6617
#00BFC4	1.69759657373652	1	16	prediction	6618
#00BFC4	1.69759657373652	1	17	prediction	6619
#00BFC4	1.69759657373652	1	18	prediction	6620
#00BFC4	1.69759657373652	1	19	prediction	6621
#00BFC4	1.69759657373652	1	20	prediction	6622
#00BFC4	1.69759657373652	1	21	prediction	6623
#00BFC4	1.69759657373652	1	22	prediction	6624
#00BFC4	1.69759657373652	1	23	prediction	6625
#00BFC4	1.69759657373652	1	24	prediction	6626
#00BFC4	1.69759657373652	1	25	prediction	6627
#00BFC4	1.69759657373652	1	26	prediction	6628
#00BFC4	1.69759657373652	1	27	prediction	6629
#00BFC4	1.69759657373652	1	28	prediction	6630
#00BFC4	1.69759657373652	1	29	prediction	6631
#00BFC4	1.69759657373652	1	30	prediction	6632
#00BFC4	1.69759657373652	1	31	prediction	6633
#00BFC4	1.69759657373652	1	32	prediction	6634
#00BFC4	1.69759657373652	1	33	prediction	6635
#00BFC4	1.69759657373652	1	34	prediction	6636
#00BFC4	1.69759657373652	1	35	prediction	6637
#00BFC4	1.69759657373652	1	36	prediction	6638
#00BFC4	1.69759657373652	1	37	prediction	6639
#00BFC4	1.69759657373652	1	38	prediction	6640
#00BFC4	1.69759657373652	1	39	prediction	6641
#00BFC4	1.69759657373652	1	40	prediction	6642
#00BFC4	1.73613739013672	1	0	prediction	6643
#00BFC4	1.73613739013672	1	1	prediction	6644
#00BFC4	1.73613739013672	1	2	prediction	6645
#00BFC4	1.73613739013672	1	3	prediction	6646
#00BFC4	1.73613739013672	1	4	prediction	6647
#00BFC4	1.73613739013672	1	5	prediction	6648
#00BFC4	1.73613739013672	1	6	prediction	6649
#00BFC4	1.73613739013672	1	7	prediction	6650
#00BFC4	1.73613739013672	1	8	prediction	6651
#00BFC4	1.73613739013672	1	9	prediction	6652
#00BFC4	1.73613739013672	1	10	prediction	6653
#00BFC4	1.73613739013672	1	11	prediction	6654
#00BFC4	1.73613739013672	1	12	prediction	6655
#00BFC4	1.73613739013672	1	13	prediction	6656
#00BFC4	1.73613739013672	1	14	prediction	6657
#00BFC4	1.73613739013672	1	15	prediction	6658
#00BFC4	1.73613739013672	1	16	prediction	6659
#00BFC4	1.73613739013672	1	17	prediction	6660
#00BFC4	1.73613739013672	1	18	prediction	6661
#00BFC4	1.73613739013672	1	19	prediction	6662
#00BFC4	1.73613739013672	1	20	prediction	6663
#00BFC4	1.73613739013672	1	21	prediction	6664
#00BFC4	1.73613739013672	1	22	prediction	6665
#00BFC4	1.73613739013672	1	23	prediction	6666
#00BFC4	1.73613739013672	1	24	prediction	6667
#00BFC4	1.73613739013672	1	25	prediction	6668
#00BFC4	1.73613739013672	1	26	prediction	6669
#00BFC4	1.73613739013672	1	27	prediction	6670
#00BFC4	1.73613739013672	1	28	prediction	6671
#00BFC4	1.73613739013672	1	29	prediction	6672
#00BFC4	1.73613739013672	1	30	prediction	6673
#00BFC4	1.73613739013672	1	31	prediction	6674
#00BFC4	1.73613739013672	1	32	prediction	6675
#00BFC4	1.73613739013672	1	33	prediction	6676
#00BFC4	1.73613739013672	1	34	prediction	6677
#00BFC4	1.73613739013672	1	35	prediction	6678
#00BFC4	1.73613739013672	1	36	prediction	6679
#00BFC4	1.73613739013672	1	37	prediction	6680
#00BFC4	1.73613739013672	1	38	prediction	6681
#00BFC4	1.73613739013672	1	39	prediction	6682
#00BFC4	1.73613739013672	1	40	prediction	6683
#00BFC4	1.76543916435912	1	0	prediction	6684
#00BFC4	1.76543916435912	1	1	prediction	6685
#00BFC4	1.76543916435912	1	2	prediction	6686
#00BFC4	1.76543916435912	1	3	prediction	6687
#00BFC4	1.76543916435912	1	4	prediction	6688
#00BFC4	1.76543916435912	1	5	prediction	6689
#00BFC4	1.76543916435912	1	6	prediction	6690
#00BFC4	1.76543916435912	1	7	prediction	6691
#00BFC4	1.76543916435912	1	8	prediction	6692
#00BFC4	1.76543916435912	1	9	prediction	6693
#00BFC4	1.76543916435912	1	10	prediction	6694
#00BFC4	1.76543916435912	1	11	prediction	6695
#00BFC4	1.76543916435912	1	12	prediction	6696
#00BFC4	1.76543916435912	1	13	prediction	6697
#00BFC4	1.76543916435912	1	14	prediction	6698
#00BFC4	1.76543916435912	1	15	prediction	6699
#00BFC4	1.76543916435912	1	16	prediction	6700
#00BFC4	1.76543916435912	1	17	prediction	6701
#00BFC4	1.76543916435912	1	18	prediction	6702
#00BFC4	1.76543916435912	1	19	prediction	6703
#00BFC4	1.76543916435912	1	20	prediction	6704
#00BFC4	1.76543916435912	1	21	prediction	6705
#00BFC4	1.76543916435912	1	22	prediction	6706
#00BFC4	1.76543916435912	1	23	prediction	6707
#00BFC4	1.76543916435912	1	24	prediction	6708
#00BFC4	1.76543916435912	1	25	prediction	6709
#00BFC4	1.76543916435912	1	26	prediction	6710
#00BFC4	1.76543916435912	1	27	prediction	6711
#00BFC4	1.76543916435912	1	28	prediction	6712
#00BFC4	1.76543916435912	1	29	prediction	6713
#00BFC4	1.76543916435912	1	30	prediction	6714
#00BFC4	1.76543916435912	1	31	prediction	6715
#00BFC4	1.76543916435912	1	32	prediction	6716
#00BFC4	1.76543916435912	1	33	prediction	6717
#00BFC4	1.76543916435912	1	34	prediction	6718
#00BFC4	1.76543916435912	1	35	prediction	6719
#00BFC4	1.76543916435912	1	36	prediction	6720
#00BFC4	1.76543916435912	1	37	prediction	6721
#00BFC4	1.76543916435912	1	38	prediction	6722
#00BFC4	1.76543916435912	1	39	prediction	6723
#00BFC4	1.76543916435912	1	40	prediction	6724
#00BFC4	1.78385295532644	1	0	prediction	6725
#00BFC4	1.78385295532644	1	1	prediction	6726
#00BFC4	1.78385295532644	1	2	prediction	6727
#00BFC4	1.78385295532644	1	3	prediction	6728
#00BFC4	1.78385295532644	1	4	prediction	6729
#00BFC4	1.78385295532644	1	5	prediction	6730
#00BFC4	1.78385295532644	1	6	prediction	6731
#00BFC4	1.78385295532644	1	7	prediction	6732
#00BFC4	1.78385295532644	1	8	prediction	6733
#00BFC4	1.78385295532644	1	9	prediction	6734
#00BFC4	1.78385295532644	1	10	prediction	6735
#00BFC4	1.78385295532644	1	11	prediction	6736
#00BFC4	1.78385295532644	1	12	prediction	6737
#00BFC4	1.78385295532644	1	13	prediction	6738
#00BFC4	1.78385295532644	1	14	prediction	6739
#00BFC4	1.78385295532644	1	15	prediction	6740
#00BFC4	1.78385295532644	1	16	prediction	6741
#00BFC4	1.78385295532644	1	17	prediction	6742
#00BFC4	1.78385295532644	1	18	prediction	6743
#00BFC4	1.78385295532644	1	19	prediction	6744
#00BFC4	1.78385295532644	1	20	prediction	6745
#00BFC4	1.78385295532644	1	21	prediction	6746
#00BFC4	1.78385295532644	1	22	prediction	6747
#00BFC4	1.78385295532644	1	23	prediction	6748
#00BFC4	1.78385295532644	1	24	prediction	6749
#00BFC4	1.78385295532644	1	25	prediction	6750
#00BFC4	1.78385295532644	1	26	prediction	6751
#00BFC4	1.78385295532644	1	27	prediction	6752
#00BFC4	1.78385295532644	1	28	prediction	6753
#00BFC4	1.78385295532644	1	29	prediction	6754
#00BFC4	1.78385295532644	1	30	prediction	6755
#00BFC4	1.78385295532644	1	31	prediction	6756
#00BFC4	1.78385295532644	1	32	prediction	6757
#00BFC4	1.78385295532644	1	33	prediction	6758
#00BFC4	1.78385295532644	1	34	prediction	6759
#00BFC4	1.78385295532644	1	35	prediction	6760
#00BFC4	1.78385295532644	1	36	prediction	6761
#00BFC4	1.78385295532644	1	37	prediction	6762
#00BFC4	1.78385295532644	1	38	prediction	6763
#00BFC4	1.78385295532644	1	39	prediction	6764
#00BFC4	1.78385295532644	1	40	prediction	6765
#00BFC4	1.86522145662457	1	0	prediction	6766
#00BFC4	1.86522145662457	1	1	prediction	6767
#00BFC4	1.86522145662457	1	2	prediction	6768
#00BFC4	1.86522145662457	1	3	prediction	6769
#00BFC4	1.86522145662457	1	4	prediction	6770
#00BFC4	1.86522145662457	1	5	prediction	6771
#00BFC4	1.86522145662457	1	6	prediction	6772
#00BFC4	1.86522145662457	1	7	prediction	6773
#00BFC4	1.86522145662457	1	8	prediction	6774
#00BFC4	1.86522145662457	1	9	prediction	6775
#00BFC4	1.86522145662457	1	10	prediction	6776
#00BFC4	1.86522145662457	1	11	prediction	6777
#00BFC4	1.86522145662457	1	12	prediction	6778
#00BFC4	1.86522145662457	1	13	prediction	6779
#00BFC4	1.86522145662457	1	14	prediction	6780
#00BFC4	1.86522145662457	1	15	prediction	6781
#00BFC4	1.86522145662457	1	16	prediction	6782
#00BFC4	1.86522145662457	1	17	prediction	6783
#00BFC4	1.86522145662457	1	18	prediction	6784
#00BFC4	1.86522145662457	1	19	prediction	6785
#00BFC4	1.86522145662457	1	20	prediction	6786
#00BFC4	1.86522145662457	1	21	prediction	6787
#00BFC4	1.86522145662457	1	22	prediction	6788
#00BFC4	1.86522145662457	1	23	prediction	6789
#00BFC4	1.86522145662457	1	24	prediction	6790
#00BFC4	1.86522145662457	1	25	prediction	6791
#00BFC4	1.86522145662457	1	26	prediction	6792
#00BFC4	1.86522145662457	1	27	prediction	6793
#00BFC4	1.86522145662457	1	28	prediction	6794
#00BFC4	1.86522145662457	1	29	prediction	6795
#00BFC4	1.86522145662457	1	30	prediction	6796
#00BFC4	1.86522145662457	1	31	prediction	6797
#00BFC4	1.86522145662457	1	32	prediction	6798
#00BFC4	1.86522145662457	1	33	prediction	6799
#00BFC4	1.86522145662457	1	34	prediction	6800
#00BFC4	1.86522145662457	1	35	prediction	6801
#00BFC4	1.86522145662457	1	36	prediction	6802
#00BFC4	1.86522145662457	1	37	prediction	6803
#00BFC4	1.86522145662457	1	38	prediction	6804
#00BFC4	1.86522145662457	1	39	prediction	6805
#00BFC4	1.86522145662457	1	40	prediction	6806
#00BFC4	1.92567776469514	1	0	prediction	6807
#00BFC4	1.92567776469514	1	1	prediction	6808
#00BFC4	1.92567776469514	1	2	prediction	6809
#00BFC4	1.92567776469514	1	3	prediction	6810
#00BFC4	1.92567776469514	1	4	prediction	6811
#00BFC4	1.92567776469514	1	5	prediction	6812
#00BFC4	1.92567776469514	1	6	prediction	6813
#00BFC4	1.92567776469514	1	7	prediction	6814
#00BFC4	1.92567776469514	1	8	prediction	6815
#00BFC4	1.92567776469514	1	9	prediction	6816
#00BFC4	1.92567776469514	1	10	prediction	6817
#00BFC4	1.92567776469514	1	11	prediction	6818
#00BFC4	1.92567776469514	1	12	prediction	6819
#00BFC4	1.92567776469514	1	13	prediction	6820
#00BFC4	1.92567776469514	1	14	prediction	6821
#00BFC4	1.92567776469514	1	15	prediction	6822
#00BFC4	1.92567776469514	1	16	prediction	6823
#00BFC4	1.92567776469514	1	17	prediction	6824
#00BFC4	1.92567776469514	1	18	prediction	6825
#00BFC4	1.92567776469514	1	19	prediction	6826
#00BFC4	1.92567776469514	1	20	prediction	6827
#00BFC4	1.92567776469514	1	21	prediction	6828
#00BFC4	1.92567776469514	1	22	prediction	6829
#00BFC4	1.92567776469514	1	23	prediction	6830
#00BFC4	1.92567776469514	1	24	prediction	6831
#00BFC4	1.92567776469514	1	25	prediction	6832
#00BFC4	1.92567776469514	1	26	prediction	6833
#00BFC4	1.92567776469514	1	27	prediction	6834
#00BFC4	1.92567776469514	1	28	prediction	6835
#00BFC4	1.92567776469514	1	29	prediction	6836
#00BFC4	1.92567776469514	1	30	prediction	6837
#00BFC4	1.92567776469514	1	31	prediction	6838
#00BFC4	1.92567776469514	1	32	prediction	6839
#00BFC4	1.92567776469514	1	33	prediction	6840
#00BFC4	1.92567776469514	1	34	prediction	6841
#00BFC4	1.92567776469514	1	35	prediction	6842
#00BFC4	1.92567776469514	1	36	prediction	6843
#00BFC4	1.92567776469514	1	37	prediction	6844
#00BFC4	1.92567776469514	1	38	prediction	6845
#00BFC4	1.92567776469514	1	39	prediction	6846
#00BFC4	1.92567776469514	1	40	prediction	6847
#00BFC4	1.96423991164193	1	0	prediction	6848
#00BFC4	1.96423991164193	1	1	prediction	6849
#00BFC4	1.96423991164193	1	2	prediction	6850
#00BFC4	1.96423991164193	1	3	prediction	6851
#00BFC4	1.96423991164193	1	4	prediction	6852
#00BFC4	1.96423991164193	1	5	prediction	6853
#00BFC4	1.96423991164193	1	6	prediction	6854
#00BFC4	1.96423991164193	1	7	prediction	6855
#00BFC4	1.96423991164193	1	8	prediction	6856
#00BFC4	1.96423991164193	1	9	prediction	6857
#00BFC4	1.96423991164193	1	10	prediction	6858
#00BFC4	1.96423991164193	1	11	prediction	6859
#00BFC4	1.96423991164193	1	12	prediction	6860
#00BFC4	1.96423991164193	1	13	prediction	6861
#00BFC4	1.96423991164193	1	14	prediction	6862
#00BFC4	1.96423991164193	1	15	prediction	6863
#00BFC4	1.96423991164193	1	16	prediction	6864
#00BFC4	1.96423991164193	1	17	prediction	6865
#00BFC4	1.96423991164193	1	18	prediction	6866
#00BFC4	1.96423991164193	1	19	prediction	6867
#00BFC4	1.96423991164193	1	20	prediction	6868
#00BFC4	1.96423991164193	1	21	prediction	6869
#00BFC4	1.96423991164193	1	22	prediction	6870
#00BFC4	1.96423991164193	1	23	prediction	6871
#00BFC4	1.96423991164193	1	24	prediction	6872
#00BFC4	1.96423991164193	1	25	prediction	6873
#00BFC4	1.96423991164193	1	26	prediction	6874
#00BFC4	1.96423991164193	1	27	prediction	6875
#00BFC4	1.96423991164193	1	28	prediction	6876
#00BFC4	1.96423991164193	1	29	prediction	6877
#00BFC4	1.96423991164193	1	30	prediction	6878
#00BFC4	1.96423991164193	1	31	prediction	6879
#00BFC4	1.96423991164193	1	32	prediction	6880
#00BFC4	1.96423991164193	1	33	prediction	6881
#00BFC4	1.96423991164193	1	34	prediction	6882
#00BFC4	1.96423991164193	1	35	prediction	6883
#00BFC4	1.96423991164193	1	36	prediction	6884
#00BFC4	1.96423991164193	1	37	prediction	6885
#00BFC4	1.96423991164193	1	38	prediction	6886
#00BFC4	1.96423991164193	1	39	prediction	6887
#00BFC4	1.96423991164193	1	40	prediction	6888
#00BFC4	2.03664210112765	1	0	prediction	6889
#00BFC4	2.03664210112765	1	1	prediction	6890
#00BFC4	2.03664210112765	1	2	prediction	6891
#00BFC4	2.03664210112765	1	3	prediction	6892
#00BFC4	2.03664210112765	1	4	prediction	6893
#00BFC4	2.03664210112765	1	5	prediction	6894
#00BFC4	2.03664210112765	1	6	prediction	6895
#00BFC4	2.03664210112765	1	7	prediction	6896
#00BFC4	2.03664210112765	1	8	prediction	6897
#00BFC4	2.03664210112765	1	9	prediction	6898
#00BFC4	2.03664210112765	1	10	prediction	6899
#00BFC4	2.03664210112765	1	11	prediction	6900
#00BFC4	2.03664210112765	1	12	prediction	6901
#00BFC4	2.03664210112765	1	13	prediction	6902
#00BFC4	2.03664210112765	1	14	prediction	6903
#00BFC4	2.03664210112765	1	15	prediction	6904
#00BFC4	2.03664210112765	1	16	prediction	6905
#00BFC4	2.03664210112765	1	17	prediction	6906
#00BFC4	2.03664210112765	1	18	prediction	6907
#00BFC4	2.03664210112765	1	19	prediction	6908
#00BFC4	2.03664210112765	1	20	prediction	6909
#00BFC4	2.03664210112765	1	21	prediction	6910
#00BFC4	2.03664210112765	1	22	prediction	6911
#00BFC4	2.03664210112765	1	23	prediction	6912
#00BFC4	2.03664210112765	1	24	prediction	6913
#00BFC4	2.03664210112765	1	25	prediction	6914
#00BFC4	2.03664210112765	1	26	prediction	6915
#00BFC4	2.03664210112765	1	27	prediction	6916
#00BFC4	2.03664210112765	1	28	prediction	6917
#00BFC4	2.03664210112765	1	29	prediction	6918
#00BFC4	2.03664210112765	1	30	prediction	6919
#00BFC4	2.03664210112765	1	31	prediction	6920
#00BFC4	2.03664210112765	1	32	prediction	6921
#00BFC4	2.03664210112765	1	33	prediction	6922
#00BFC4	2.03664210112765	1	34	prediction	6923
#00BFC4	2.03664210112765	1	35	prediction	6924
#00BFC4	2.03664210112765	1	36	prediction	6925
#00BFC4	2.03664210112765	1	37	prediction	6926
#00BFC4	2.03664210112765	1	38	prediction	6927
#00BFC4	2.03664210112765	1	39	prediction	6928
#00BFC4	2.03664210112765	1	40	prediction	6929
#00BFC4	2.04304219270125	1	0	prediction	6930
#00BFC4	2.04304219270125	1	1	prediction	6931
#00BFC4	2.04304219270125	1	2	prediction	6932
#00BFC4	2.04304219270125	1	3	prediction	6933
#00BFC4	2.04304219270125	1	4	prediction	6934
#00BFC4	2.04304219270125	1	5	prediction	6935
#00BFC4	2.04304219270125	1	6	prediction	6936
#00BFC4	2.04304219270125	1	7	prediction	6937
#00BFC4	2.04304219270125	1	8	prediction	6938
#00BFC4	2.04304219270125	1	9	prediction	6939
#00BFC4	2.04304219270125	1	10	prediction	6940
#00BFC4	2.04304219270125	1	11	prediction	6941
#00BFC4	2.04304219270125	1	12	prediction	6942
#00BFC4	2.04304219270125	1	13	prediction	6943
#00BFC4	2.04304219270125	1	14	prediction	6944
#00BFC4	2.04304219270125	1	15	prediction	6945
#00BFC4	2.04304219270125	1	16	prediction	6946
#00BFC4	2.04304219270125	1	17	prediction	6947
#00BFC4	2.04304219270125	1	18	prediction	6948
#00BFC4	2.04304219270125	1	19	prediction	6949
#00BFC4	2.04304219270125	1	20	prediction	6950
#00BFC4	2.04304219270125	1	21	prediction	6951
#00BFC4	2.04304219270125	1	22	prediction	6952
#00BFC4	2.04304219270125	1	23	prediction	6953
#00BFC4	2.04304219270125	1	24	prediction	6954
#00BFC4	2.04304219270125	1	25	prediction	6955
#00BFC4	2.04304219270125	1	26	prediction	6956
#00BFC4	2.04304219270125	1	27	prediction	6957
#00BFC4	2.04304219270125	1	28	prediction	6958
#00BFC4	2.04304219270125	1	29	prediction	6959
#00BFC4	2.04304219270125	1	30	prediction	6960
#00BFC4	2.04304219270125	1	31	prediction	6961
#00BFC4	2.04304219270125	1	32	prediction	6962
#00BFC4	2.04304219270125	1	33	prediction	6963
#00BFC4	2.04304219270125	1	34	prediction	6964
#00BFC4	2.04304219270125	1	35	prediction	6965
#00BFC4	2.04304219270125	1	36	prediction	6966
#00BFC4	2.04304219270125	1	37	prediction	6967
#00BFC4	2.04304219270125	1	38	prediction	6968
#00BFC4	2.04304219270125	1	39	prediction	6969
#00BFC4	2.04304219270125	1	40	prediction	6970
#00BFC4	2.04368732403964	1	0	prediction	6971
#00BFC4	2.04368732403964	1	1	prediction	6972
#00BFC4	2.04368732403964	1	2	prediction	6973
#00BFC4	2.04368732403964	1	3	prediction	6974
#00BFC4	2.04368732403964	1	4	prediction	6975
#00BFC4	2.04368732403964	1	5	prediction	6976
#00BFC4	2.04368732403964	1	6	prediction	6977
#00BFC4	2.04368732403964	1	7	prediction	6978
#00BFC4	2.04368732403964	1	8	prediction	6979
#00BFC4	2.04368732403964	1	9	prediction	6980
#00BFC4	2.04368732403964	1	10	prediction	6981
#00BFC4	2.04368732403964	1	11	prediction	6982
#00BFC4	2.04368732403964	1	12	prediction	6983
#00BFC4	2.04368732403964	1	13	prediction	6984
#00BFC4	2.04368732403964	1	14	prediction	6985
#00BFC4	2.04368732403964	1	15	prediction	6986
#00BFC4	2.04368732403964	1	16	prediction	6987
#00BFC4	2.04368732403964	1	17	prediction	6988
#00BFC4	2.04368732403964	1	18	prediction	6989
#00BFC4	2.04368732403964	1	19	prediction	6990
#00BFC4	2.04368732403964	1	20	prediction	6991
#00BFC4	2.04368732403964	1	21	prediction	6992
#00BFC4	2.04368732403964	1	22	prediction	6993
#00BFC4	2.04368732403964	1	23	prediction	6994
#00BFC4	2.04368732403964	1	24	prediction	6995
#00BFC4	2.04368732403964	1	25	prediction	6996
#00BFC4	2.04368732403964	1	26	prediction	6997
#00BFC4	2.04368732403964	1	27	prediction	6998
#00BFC4	2.04368732403964	1	28	prediction	6999
#00BFC4	2.04368732403964	1	29	prediction	7000
#00BFC4	2.04368732403964	1	30	prediction	7001
#00BFC4	2.04368732403964	1	31	prediction	7002
#00BFC4	2.04368732403964	1	32	prediction	7003
#00BFC4	2.04368732403964	1	33	prediction	7004
#00BFC4	2.04368732403964	1	34	prediction	7005
#00BFC4	2.04368732403964	1	35	prediction	7006
#00BFC4	2.04368732403964	1	36	prediction	7007
#00BFC4	2.04368732403964	1	37	prediction	7008
#00BFC4	2.04368732403964	1	38	prediction	7009
#00BFC4	2.04368732403964	1	39	prediction	7010
#00BFC4	2.04368732403964	1	40	prediction	7011
#00BFC4	2.13678998826072	1	0	prediction	7012
#00BFC4	2.13678998826072	1	1	prediction	7013
#00BFC4	2.13678998826072	1	2	prediction	7014
#00BFC4	2.13678998826072	1	3	prediction	7015
#00BFC4	2.13678998826072	1	4	prediction	7016
#00BFC4	2.13678998826072	1	5	prediction	7017
#00BFC4	2.13678998826072	1	6	prediction	7018
#00BFC4	2.13678998826072	1	7	prediction	7019
#00BFC4	2.13678998826072	1	8	prediction	7020
#00BFC4	2.13678998826072	1	9	prediction	7021
#00BFC4	2.13678998826072	1	10	prediction	7022
#00BFC4	2.13678998826072	1	11	prediction	7023
#00BFC4	2.13678998826072	1	12	prediction	7024
#00BFC4	2.13678998826072	1	13	prediction	7025
#00BFC4	2.13678998826072	1	14	prediction	7026
#00BFC4	2.13678998826072	1	15	prediction	7027
#00BFC4	2.13678998826072	1	16	prediction	7028
#00BFC4	2.13678998826072	1	17	prediction	7029
#00BFC4	2.13678998826072	1	18	prediction	7030
#00BFC4	2.13678998826072	1	19	prediction	7031
#00BFC4	2.13678998826072	1	20	prediction	7032
#00BFC4	2.13678998826072	1	21	prediction	7033
#00BFC4	2.13678998826072	1	22	prediction	7034
#00BFC4	2.13678998826072	1	23	prediction	7035
#00BFC4	2.13678998826072	1	24	prediction	7036
#00BFC4	2.13678998826072	1	25	prediction	7037
#00BFC4	2.13678998826072	1	26	prediction	7038
#00BFC4	2.13678998826072	1	27	prediction	7039
#00BFC4	2.13678998826072	1	28	prediction	7040
#00BFC4	2.13678998826072	1	29	prediction	7041
#00BFC4	2.13678998826072	1	30	prediction	7042
#00BFC4	2.13678998826072	1	31	prediction	7043
#00BFC4	2.13678998826072	1	32	prediction	7044
#00BFC4	2.13678998826072	1	33	prediction	7045
#00BFC4	2.13678998826072	1	34	prediction	7046
#00BFC4	2.13678998826072	1	35	prediction	7047
#00BFC4	2.13678998826072	1	36	prediction	7048
#00BFC4	2.13678998826072	1	37	prediction	7049
#00BFC4	2.13678998826072	1	38	prediction	7050
#00BFC4	2.13678998826072	1	39	prediction	7051
#00BFC4	2.13678998826072	1	40	prediction	7052
#00BFC4	2.1672568609938	1	0	prediction	7053
#00BFC4	2.1672568609938	1	1	prediction	7054
#00BFC4	2.1672568609938	1	2	prediction	7055
#00BFC4	2.1672568609938	1	3	prediction	7056
#00BFC4	2.1672568609938	1	4	prediction	7057
#00BFC4	2.1672568609938	1	5	prediction	7058
#00BFC4	2.1672568609938	1	6	prediction	7059
#00BFC4	2.1672568609938	1	7	prediction	7060
#00BFC4	2.1672568609938	1	8	prediction	7061
#00BFC4	2.1672568609938	1	9	prediction	7062
#00BFC4	2.1672568609938	1	10	prediction	7063
#00BFC4	2.1672568609938	1	11	prediction	7064
#00BFC4	2.1672568609938	1	12	prediction	7065
#00BFC4	2.1672568609938	1	13	prediction	7066
#00BFC4	2.1672568609938	1	14	prediction	7067
#00BFC4	2.1672568609938	1	15	prediction	7068
#00BFC4	2.1672568609938	1	16	prediction	7069
#00BFC4	2.1672568609938	1	17	prediction	7070
#00BFC4	2.1672568609938	1	18	prediction	7071
#00BFC4	2.1672568609938	1	19	prediction	7072
#00BFC4	2.1672568609938	1	20	prediction	7073
#00BFC4	2.1672568609938	1	21	prediction	7074
#00BFC4	2.1672568609938	1	22	prediction	7075
#00BFC4	2.1672568609938	1	23	prediction	7076
#00BFC4	2.1672568609938	1	24	prediction	7077
#00BFC4	2.1672568609938	1	25	prediction	7078
#00BFC4	2.1672568609938	1	26	prediction	7079
#00BFC4	2.1672568609938	1	27	prediction	7080
#00BFC4	2.1672568609938	1	28	prediction	7081
#00BFC4	2.1672568609938	1	29	prediction	7082
#00BFC4	2.1672568609938	1	30	prediction	7083
#00BFC4	2.1672568609938	1	31	prediction	7084
#00BFC4	2.1672568609938	1	32	prediction	7085
#00BFC4	2.1672568609938	1	33	prediction	7086
#00BFC4	2.1672568609938	1	34	prediction	7087
#00BFC4	2.1672568609938	1	35	prediction	7088
#00BFC4	2.1672568609938	1	36	prediction	7089
#00BFC4	2.1672568609938	1	37	prediction	7090
#00BFC4	2.1672568609938	1	38	prediction	7091
#00BFC4	2.1672568609938	1	39	prediction	7092
#00BFC4	2.1672568609938	1	40	prediction	7093
#00BFC4	2.18603682378307	1	0	prediction	7094
#00BFC4	2.18603682378307	1	1	prediction	7095
#00BFC4	2.18603682378307	1	2	prediction	7096
#00BFC4	2.18603682378307	1	3	prediction	7097
#00BFC4	2.18603682378307	1	4	prediction	7098
#00BFC4	2.18603682378307	1	5	prediction	7099
#00BFC4	2.18603682378307	1	6	prediction	7100
#00BFC4	2.18603682378307	1	7	prediction	7101
#00BFC4	2.18603682378307	1	8	prediction	7102
#00BFC4	2.18603682378307	1	9	prediction	7103
#00BFC4	2.18603682378307	1	10	prediction	7104
#00BFC4	2.18603682378307	1	11	prediction	7105
#00BFC4	2.18603682378307	1	12	prediction	7106
#00BFC4	2.18603682378307	1	13	prediction	7107
#00BFC4	2.18603682378307	1	14	prediction	7108
#00BFC4	2.18603682378307	1	15	prediction	7109
#00BFC4	2.18603682378307	1	16	prediction	7110
#00BFC4	2.18603682378307	1	17	prediction	7111
#00BFC4	2.18603682378307	1	18	prediction	7112
#00BFC4	2.18603682378307	1	19	prediction	7113
#00BFC4	2.18603682378307	1	20	prediction	7114
#00BFC4	2.18603682378307	1	21	prediction	7115
#00BFC4	2.18603682378307	1	22	prediction	7116
#00BFC4	2.18603682378307	1	23	prediction	7117
#00BFC4	2.18603682378307	1	24	prediction	7118
#00BFC4	2.18603682378307	1	25	prediction	7119
#00BFC4	2.18603682378307	1	26	prediction	7120
#00BFC4	2.18603682378307	1	27	prediction	7121
#00BFC4	2.18603682378307	1	28	prediction	7122
#00BFC4	2.18603682378307	1	29	prediction	7123
#00BFC4	2.18603682378307	1	30	prediction	7124
#00BFC4	2.18603682378307	1	31	prediction	7125
#00BFC4	2.18603682378307	1	32	prediction	7126
#00BFC4	2.18603682378307	1	33	prediction	7127
#00BFC4	2.18603682378307	1	34	prediction	7128
#00BFC4	2.18603682378307	1	35	prediction	7129
#00BFC4	2.18603682378307	1	36	prediction	7130
#00BFC4	2.18603682378307	1	37	prediction	7131
#00BFC4	2.18603682378307	1	38	prediction	7132
#00BFC4	2.18603682378307	1	39	prediction	7133
#00BFC4	2.18603682378307	1	40	prediction	7134
#00BFC4	2.18726969417185	1	0	prediction	7135
#00BFC4	2.18726969417185	1	1	prediction	7136
#00BFC4	2.18726969417185	1	2	prediction	7137
#00BFC4	2.18726969417185	1	3	prediction	7138
#00BFC4	2.18726969417185	1	4	prediction	7139
#00BFC4	2.18726969417185	1	5	prediction	7140
#00BFC4	2.18726969417185	1	6	prediction	7141
#00BFC4	2.18726969417185	1	7	prediction	7142
#00BFC4	2.18726969417185	1	8	prediction	7143
#00BFC4	2.18726969417185	1	9	prediction	7144
#00BFC4	2.18726969417185	1	10	prediction	7145
#00BFC4	2.18726969417185	1	11	prediction	7146
#00BFC4	2.18726969417185	1	12	prediction	7147
#00BFC4	2.18726969417185	1	13	prediction	7148
#00BFC4	2.18726969417185	1	14	prediction	7149
#00BFC4	2.18726969417185	1	15	prediction	7150
#00BFC4	2.18726969417185	1	16	prediction	7151
#00BFC4	2.18726969417185	1	17	prediction	7152
#00BFC4	2.18726969417185	1	18	prediction	7153
#00BFC4	2.18726969417185	1	19	prediction	7154
#00BFC4	2.18726969417185	1	20	prediction	7155
#00BFC4	2.18726969417185	1	21	prediction	7156
#00BFC4	2.18726969417185	1	22	prediction	7157
#00BFC4	2.18726969417185	1	23	prediction	7158
#00BFC4	2.18726969417185	1	24	prediction	7159
#00BFC4	2.18726969417185	1	25	prediction	7160
#00BFC4	2.18726969417185	1	26	prediction	7161
#00BFC4	2.18726969417185	1	27	prediction	7162
#00BFC4	2.18726969417185	1	28	prediction	7163
#00BFC4	2.18726969417185	1	29	prediction	7164
#00BFC4	2.18726969417185	1	30	prediction	7165
#00BFC4	2.18726969417185	1	31	prediction	7166
#00BFC4	2.18726969417185	1	32	prediction	7167
#00BFC4	2.18726969417185	1	33	prediction	7168
#00BFC4	2.18726969417185	1	34	prediction	7169
#00BFC4	2.18726969417185	1	35	prediction	7170
#00BFC4	2.18726969417185	1	36	prediction	7171
#00BFC4	2.18726969417185	1	37	prediction	7172
#00BFC4	2.18726969417185	1	38	prediction	7173
#00BFC4	2.18726969417185	1	39	prediction	7174
#00BFC4	2.18726969417185	1	40	prediction	7175
#00BFC4	2.21814507432282	1	0	prediction	7176
#00BFC4	2.21814507432282	1	1	prediction	7177
#00BFC4	2.21814507432282	1	2	prediction	7178
#00BFC4	2.21814507432282	1	3	prediction	7179
#00BFC4	2.21814507432282	1	4	prediction	7180
#00BFC4	2.21814507432282	1	5	prediction	7181
#00BFC4	2.21814507432282	1	6	prediction	7182
#00BFC4	2.21814507432282	1	7	prediction	7183
#00BFC4	2.21814507432282	1	8	prediction	7184
#00BFC4	2.21814507432282	1	9	prediction	7185
#00BFC4	2.21814507432282	1	10	prediction	7186
#00BFC4	2.21814507432282	1	11	prediction	7187
#00BFC4	2.21814507432282	1	12	prediction	7188
#00BFC4	2.21814507432282	1	13	prediction	7189
#00BFC4	2.21814507432282	1	14	prediction	7190
#00BFC4	2.21814507432282	1	15	prediction	7191
#00BFC4	2.21814507432282	1	16	prediction	7192
#00BFC4	2.21814507432282	1	17	prediction	7193
#00BFC4	2.21814507432282	1	18	prediction	7194
#00BFC4	2.21814507432282	1	19	prediction	7195
#00BFC4	2.21814507432282	1	20	prediction	7196
#00BFC4	2.21814507432282	1	21	prediction	7197
#00BFC4	2.21814507432282	1	22	prediction	7198
#00BFC4	2.21814507432282	1	23	prediction	7199
#00BFC4	2.21814507432282	1	24	prediction	7200
#00BFC4	2.21814507432282	1	25	prediction	7201
#00BFC4	2.21814507432282	1	26	prediction	7202
#00BFC4	2.21814507432282	1	27	prediction	7203
#00BFC4	2.21814507432282	1	28	prediction	7204
#00BFC4	2.21814507432282	1	29	prediction	7205
#00BFC4	2.21814507432282	1	30	prediction	7206
#00BFC4	2.21814507432282	1	31	prediction	7207
#00BFC4	2.21814507432282	1	32	prediction	7208
#00BFC4	2.21814507432282	1	33	prediction	7209
#00BFC4	2.21814507432282	1	34	prediction	7210
#00BFC4	2.21814507432282	1	35	prediction	7211
#00BFC4	2.21814507432282	1	36	prediction	7212
#00BFC4	2.21814507432282	1	37	prediction	7213
#00BFC4	2.21814507432282	1	38	prediction	7214
#00BFC4	2.21814507432282	1	39	prediction	7215
#00BFC4	2.21814507432282	1	40	prediction	7216
#00BFC4	2.25192798022181	1	0	prediction	7217
#00BFC4	2.25192798022181	1	1	prediction	7218
#00BFC4	2.25192798022181	1	2	prediction	7219
#00BFC4	2.25192798022181	1	3	prediction	7220
#00BFC4	2.25192798022181	1	4	prediction	7221
#00BFC4	2.25192798022181	1	5	prediction	7222
#00BFC4	2.25192798022181	1	6	prediction	7223
#00BFC4	2.25192798022181	1	7	prediction	7224
#00BFC4	2.25192798022181	1	8	prediction	7225
#00BFC4	2.25192798022181	1	9	prediction	7226
#00BFC4	2.25192798022181	1	10	prediction	7227
#00BFC4	2.25192798022181	1	11	prediction	7228
#00BFC4	2.25192798022181	1	12	prediction	7229
#00BFC4	2.25192798022181	1	13	prediction	7230
#00BFC4	2.25192798022181	1	14	prediction	7231
#00BFC4	2.25192798022181	1	15	prediction	7232
#00BFC4	2.25192798022181	1	16	prediction	7233
#00BFC4	2.25192798022181	1	17	prediction	7234
#00BFC4	2.25192798022181	1	18	prediction	7235
#00BFC4	2.25192798022181	1	19	prediction	7236
#00BFC4	2.25192798022181	1	20	prediction	7237
#00BFC4	2.25192798022181	1	21	prediction	7238
#00BFC4	2.25192798022181	1	22	prediction	7239
#00BFC4	2.25192798022181	1	23	prediction	7240
#00BFC4	2.25192798022181	1	24	prediction	7241
#00BFC4	2.25192798022181	1	25	prediction	7242
#00BFC4	2.25192798022181	1	26	prediction	7243
#00BFC4	2.25192798022181	1	27	prediction	7244
#00BFC4	2.25192798022181	1	28	prediction	7245
#00BFC4	2.25192798022181	1	29	prediction	7246
#00BFC4	2.25192798022181	1	30	prediction	7247
#00BFC4	2.25192798022181	1	31	prediction	7248
#00BFC4	2.25192798022181	1	32	prediction	7249
#00BFC4	2.25192798022181	1	33	prediction	7250
#00BFC4	2.25192798022181	1	34	prediction	7251
#00BFC4	2.25192798022181	1	35	prediction	7252
#00BFC4	2.25192798022181	1	36	prediction	7253
#00BFC4	2.25192798022181	1	37	prediction	7254
#00BFC4	2.25192798022181	1	38	prediction	7255
#00BFC4	2.25192798022181	1	39	prediction	7256
#00BFC4	2.25192798022181	1	40	prediction	7257
#00BFC4	2.25761527614668	1	0	prediction	7258
#00BFC4	2.25761527614668	1	1	prediction	7259
#00BFC4	2.25761527614668	1	2	prediction	7260
#00BFC4	2.25761527614668	1	3	prediction	7261
#00BFC4	2.25761527614668	1	4	prediction	7262
#00BFC4	2.25761527614668	1	5	prediction	7263
#00BFC4	2.25761527614668	1	6	prediction	7264
#00BFC4	2.25761527614668	1	7	prediction	7265
#00BFC4	2.25761527614668	1	8	prediction	7266
#00BFC4	2.25761527614668	1	9	prediction	7267
#00BFC4	2.25761527614668	1	10	prediction	7268
#00BFC4	2.25761527614668	1	11	prediction	7269
#00BFC4	2.25761527614668	1	12	prediction	7270
#00BFC4	2.25761527614668	1	13	prediction	7271
#00BFC4	2.25761527614668	1	14	prediction	7272
#00BFC4	2.25761527614668	1	15	prediction	7273
#00BFC4	2.25761527614668	1	16	prediction	7274
#00BFC4	2.25761527614668	1	17	prediction	7275
#00BFC4	2.25761527614668	1	18	prediction	7276
#00BFC4	2.25761527614668	1	19	prediction	7277
#00BFC4	2.25761527614668	1	20	prediction	7278
#00BFC4	2.25761527614668	1	21	prediction	7279
#00BFC4	2.25761527614668	1	22	prediction	7280
#00BFC4	2.25761527614668	1	23	prediction	7281
#00BFC4	2.25761527614668	1	24	prediction	7282
#00BFC4	2.25761527614668	1	25	prediction	7283
#00BFC4	2.25761527614668	1	26	prediction	7284
#00BFC4	2.25761527614668	1	27	prediction	7285
#00BFC4	2.25761527614668	1	28	prediction	7286
#00BFC4	2.25761527614668	1	29	prediction	7287
#00BFC4	2.25761527614668	1	30	prediction	7288
#00BFC4	2.25761527614668	1	31	prediction	7289
#00BFC4	2.25761527614668	1	32	prediction	7290
#00BFC4	2.25761527614668	1	33	prediction	7291
#00BFC4	2.25761527614668	1	34	prediction	7292
#00BFC4	2.25761527614668	1	35	prediction	7293
#00BFC4	2.25761527614668	1	36	prediction	7294
#00BFC4	2.25761527614668	1	37	prediction	7295
#00BFC4	2.25761527614668	1	38	prediction	7296
#00BFC4	2.25761527614668	1	39	prediction	7297
#00BFC4	2.25761527614668	1	40	prediction	7298
#00BFC4	2.26234525814652	1	0	prediction	7299
#00BFC4	2.26234525814652	1	1	prediction	7300
#00BFC4	2.26234525814652	1	2	prediction	7301
#00BFC4	2.26234525814652	1	3	prediction	7302
#00BFC4	2.26234525814652	1	4	prediction	7303
#00BFC4	2.26234525814652	1	5	prediction	7304
#00BFC4	2.26234525814652	1	6	prediction	7305
#00BFC4	2.26234525814652	1	7	prediction	7306
#00BFC4	2.26234525814652	1	8	prediction	7307
#00BFC4	2.26234525814652	1	9	prediction	7308
#00BFC4	2.26234525814652	1	10	prediction	7309
#00BFC4	2.26234525814652	1	11	prediction	7310
#00BFC4	2.26234525814652	1	12	prediction	7311
#00BFC4	2.26234525814652	1	13	prediction	7312
#00BFC4	2.26234525814652	1	14	prediction	7313
#00BFC4	2.26234525814652	1	15	prediction	7314
#00BFC4	2.26234525814652	1	16	prediction	7315
#00BFC4	2.26234525814652	1	17	prediction	7316
#00BFC4	2.26234525814652	1	18	prediction	7317
#00BFC4	2.26234525814652	1	19	prediction	7318
#00BFC4	2.26234525814652	1	20	prediction	7319
#00BFC4	2.26234525814652	1	21	prediction	7320
#00BFC4	2.26234525814652	1	22	prediction	7321
#00BFC4	2.26234525814652	1	23	prediction	7322
#00BFC4	2.26234525814652	1	24	prediction	7323
#00BFC4	2.26234525814652	1	25	prediction	7324
#00BFC4	2.26234525814652	1	26	prediction	7325
#00BFC4	2.26234525814652	1	27	prediction	7326
#00BFC4	2.26234525814652	1	28	prediction	7327
#00BFC4	2.26234525814652	1	29	prediction	7328
#00BFC4	2.26234525814652	1	30	prediction	7329
#00BFC4	2.26234525814652	1	31	prediction	7330
#00BFC4	2.26234525814652	1	32	prediction	7331
#00BFC4	2.26234525814652	1	33	prediction	7332
#00BFC4	2.26234525814652	1	34	prediction	7333
#00BFC4	2.26234525814652	1	35	prediction	7334
#00BFC4	2.26234525814652	1	36	prediction	7335
#00BFC4	2.26234525814652	1	37	prediction	7336
#00BFC4	2.26234525814652	1	38	prediction	7337
#00BFC4	2.26234525814652	1	39	prediction	7338
#00BFC4	2.26234525814652	1	40	prediction	7339
#00BFC4	2.28371420921758	1	0	prediction	7340
#00BFC4	2.28371420921758	1	1	prediction	7341
#00BFC4	2.28371420921758	1	2	prediction	7342
#00BFC4	2.28371420921758	1	3	prediction	7343
#00BFC4	2.28371420921758	1	4	prediction	7344
#00BFC4	2.28371420921758	1	5	prediction	7345
#00BFC4	2.28371420921758	1	6	prediction	7346
#00BFC4	2.28371420921758	1	7	prediction	7347
#00BFC4	2.28371420921758	1	8	prediction	7348
#00BFC4	2.28371420921758	1	9	prediction	7349
#00BFC4	2.28371420921758	1	10	prediction	7350
#00BFC4	2.28371420921758	1	11	prediction	7351
#00BFC4	2.28371420921758	1	12	prediction	7352
#00BFC4	2.28371420921758	1	13	prediction	7353
#00BFC4	2.28371420921758	1	14	prediction	7354
#00BFC4	2.28371420921758	1	15	prediction	7355
#00BFC4	2.28371420921758	1	16	prediction	7356
#00BFC4	2.28371420921758	1	17	prediction	7357
#00BFC4	2.28371420921758	1	18	prediction	7358
#00BFC4	2.28371420921758	1	19	prediction	7359
#00BFC4	2.28371420921758	1	20	prediction	7360
#00BFC4	2.28371420921758	1	21	prediction	7361
#00BFC4	2.28371420921758	1	22	prediction	7362
#00BFC4	2.28371420921758	1	23	prediction	7363
#00BFC4	2.28371420921758	1	24	prediction	7364
#00BFC4	2.28371420921758	1	25	prediction	7365
#00BFC4	2.28371420921758	1	26	prediction	7366
#00BFC4	2.28371420921758	1	27	prediction	7367
#00BFC4	2.28371420921758	1	28	prediction	7368
#00BFC4	2.28371420921758	1	29	prediction	7369
#00BFC4	2.28371420921758	1	30	prediction	7370
#00BFC4	2.28371420921758	1	31	prediction	7371
#00BFC4	2.28371420921758	1	32	prediction	7372
#00BFC4	2.28371420921758	1	33	prediction	7373
#00BFC4	2.28371420921758	1	34	prediction	7374
#00BFC4	2.28371420921758	1	35	prediction	7375
#00BFC4	2.28371420921758	1	36	prediction	7376
#00BFC4	2.28371420921758	1	37	prediction	7377
#00BFC4	2.28371420921758	1	38	prediction	7378
#00BFC4	2.28371420921758	1	39	prediction	7379
#00BFC4	2.28371420921758	1	40	prediction	7380
#00BFC4	2.31870565982535	1	0	prediction	7381
#00BFC4	2.31870565982535	1	1	prediction	7382
#00BFC4	2.31870565982535	1	2	prediction	7383
#00BFC4	2.31870565982535	1	3	prediction	7384
#00BFC4	2.31870565982535	1	4	prediction	7385
#00BFC4	2.31870565982535	1	5	prediction	7386
#00BFC4	2.31870565982535	1	6	prediction	7387
#00BFC4	2.31870565982535	1	7	prediction	7388
#00BFC4	2.31870565982535	1	8	prediction	7389
#00BFC4	2.31870565982535	1	9	prediction	7390
#00BFC4	2.31870565982535	1	10	prediction	7391
#00BFC4	2.31870565982535	1	11	prediction	7392
#00BFC4	2.31870565982535	1	12	prediction	7393
#00BFC4	2.31870565982535	1	13	prediction	7394
#00BFC4	2.31870565982535	1	14	prediction	7395
#00BFC4	2.31870565982535	1	15	prediction	7396
#00BFC4	2.31870565982535	1	16	prediction	7397
#00BFC4	2.31870565982535	1	17	prediction	7398
#00BFC4	2.31870565982535	1	18	prediction	7399
#00BFC4	2.31870565982535	1	19	prediction	7400
#00BFC4	2.31870565982535	1	20	prediction	7401
#00BFC4	2.31870565982535	1	21	prediction	7402
#00BFC4	2.31870565982535	1	22	prediction	7403
#00BFC4	2.31870565982535	1	23	prediction	7404
#00BFC4	2.31870565982535	1	24	prediction	7405
#00BFC4	2.31870565982535	1	25	prediction	7406
#00BFC4	2.31870565982535	1	26	prediction	7407
#00BFC4	2.31870565982535	1	27	prediction	7408
#00BFC4	2.31870565982535	1	28	prediction	7409
#00BFC4	2.31870565982535	1	29	prediction	7410
#00BFC4	2.31870565982535	1	30	prediction	7411
#00BFC4	2.31870565982535	1	31	prediction	7412
#00BFC4	2.31870565982535	1	32	prediction	7413
#00BFC4	2.31870565982535	1	33	prediction	7414
#00BFC4	2.31870565982535	1	34	prediction	7415
#00BFC4	2.31870565982535	1	35	prediction	7416
#00BFC4	2.31870565982535	1	36	prediction	7417
#00BFC4	2.31870565982535	1	37	prediction	7418
#00BFC4	2.31870565982535	1	38	prediction	7419
#00BFC4	2.31870565982535	1	39	prediction	7420
#00BFC4	2.31870565982535	1	40	prediction	7421
#00BFC4	2.35319001507014	1	0	prediction	7422
#00BFC4	2.35319001507014	1	1	prediction	7423
#00BFC4	2.35319001507014	1	2	prediction	7424
#00BFC4	2.35319001507014	1	3	prediction	7425
#00BFC4	2.35319001507014	1	4	prediction	7426
#00BFC4	2.35319001507014	1	5	prediction	7427
#00BFC4	2.35319001507014	1	6	prediction	7428
#00BFC4	2.35319001507014	1	7	prediction	7429
#00BFC4	2.35319001507014	1	8	prediction	7430
#00BFC4	2.35319001507014	1	9	prediction	7431
#00BFC4	2.35319001507014	1	10	prediction	7432
#00BFC4	2.35319001507014	1	11	prediction	7433
#00BFC4	2.35319001507014	1	12	prediction	7434
#00BFC4	2.35319001507014	1	13	prediction	7435
#00BFC4	2.35319001507014	1	14	prediction	7436
#00BFC4	2.35319001507014	1	15	prediction	7437
#00BFC4	2.35319001507014	1	16	prediction	7438
#00BFC4	2.35319001507014	1	17	prediction	7439
#00BFC4	2.35319001507014	1	18	prediction	7440
#00BFC4	2.35319001507014	1	19	prediction	7441
#00BFC4	2.35319001507014	1	20	prediction	7442
#00BFC4	2.35319001507014	1	21	prediction	7443
#00BFC4	2.35319001507014	1	22	prediction	7444
#00BFC4	2.35319001507014	1	23	prediction	7445
#00BFC4	2.35319001507014	1	24	prediction	7446
#00BFC4	2.35319001507014	1	25	prediction	7447
#00BFC4	2.35319001507014	1	26	prediction	7448
#00BFC4	2.35319001507014	1	27	prediction	7449
#00BFC4	2.35319001507014	1	28	prediction	7450
#00BFC4	2.35319001507014	1	29	prediction	7451
#00BFC4	2.35319001507014	1	30	prediction	7452
#00BFC4	2.35319001507014	1	31	prediction	7453
#00BFC4	2.35319001507014	1	32	prediction	7454
#00BFC4	2.35319001507014	1	33	prediction	7455
#00BFC4	2.35319001507014	1	34	prediction	7456
#00BFC4	2.35319001507014	1	35	prediction	7457
#00BFC4	2.35319001507014	1	36	prediction	7458
#00BFC4	2.35319001507014	1	37	prediction	7459
#00BFC4	2.35319001507014	1	38	prediction	7460
#00BFC4	2.35319001507014	1	39	prediction	7461
#00BFC4	2.35319001507014	1	40	prediction	7462
#00BFC4	2.37056461768225	1	0	prediction	7463
#00BFC4	2.37056461768225	1	1	prediction	7464
#00BFC4	2.37056461768225	1	2	prediction	7465
#00BFC4	2.37056461768225	1	3	prediction	7466
#00BFC4	2.37056461768225	1	4	prediction	7467
#00BFC4	2.37056461768225	1	5	prediction	7468
#00BFC4	2.37056461768225	1	6	prediction	7469
#00BFC4	2.37056461768225	1	7	prediction	7470
#00BFC4	2.37056461768225	1	8	prediction	7471
#00BFC4	2.37056461768225	1	9	prediction	7472
#00BFC4	2.37056461768225	1	10	prediction	7473
#00BFC4	2.37056461768225	1	11	prediction	7474
#00BFC4	2.37056461768225	1	12	prediction	7475
#00BFC4	2.37056461768225	1	13	prediction	7476
#00BFC4	2.37056461768225	1	14	prediction	7477
#00BFC4	2.37056461768225	1	15	prediction	7478
#00BFC4	2.37056461768225	1	16	prediction	7479
#00BFC4	2.37056461768225	1	17	prediction	7480
#00BFC4	2.37056461768225	1	18	prediction	7481
#00BFC4	2.37056461768225	1	19	prediction	7482
#00BFC4	2.37056461768225	1	20	prediction	7483
#00BFC4	2.37056461768225	1	21	prediction	7484
#00BFC4	2.37056461768225	1	22	prediction	7485
#00BFC4	2.37056461768225	1	23	prediction	7486
#00BFC4	2.37056461768225	1	24	prediction	7487
#00BFC4	2.37056461768225	1	25	prediction	7488
#00BFC4	2.37056461768225	1	26	prediction	7489
#00BFC4	2.37056461768225	1	27	prediction	7490
#00BFC4	2.37056461768225	1	28	prediction	7491
#00BFC4	2.37056461768225	1	29	prediction	7492
#00BFC4	2.37056461768225	1	30	prediction	7493
#00BFC4	2.37056461768225	1	31	prediction	7494
#00BFC4	2.37056461768225	1	32	prediction	7495
#00BFC4	2.37056461768225	1	33	prediction	7496
#00BFC4	2.37056461768225	1	34	prediction	7497
#00BFC4	2.37056461768225	1	35	prediction	7498
#00BFC4	2.37056461768225	1	36	prediction	7499
#00BFC4	2.37056461768225	1	37	prediction	7500
#00BFC4	2.37056461768225	1	38	prediction	7501
#00BFC4	2.37056461768225	1	39	prediction	7502
#00BFC4	2.37056461768225	1	40	prediction	7503
#00BFC4	2.37267255596817	1	0	prediction	7504
#00BFC4	2.37267255596817	1	1	prediction	7505
#00BFC4	2.37267255596817	1	2	prediction	7506
#00BFC4	2.37267255596817	1	3	prediction	7507
#00BFC4	2.37267255596817	1	4	prediction	7508
#00BFC4	2.37267255596817	1	5	prediction	7509
#00BFC4	2.37267255596817	1	6	prediction	7510
#00BFC4	2.37267255596817	1	7	prediction	7511
#00BFC4	2.37267255596817	1	8	prediction	7512
#00BFC4	2.37267255596817	1	9	prediction	7513
#00BFC4	2.37267255596817	1	10	prediction	7514
#00BFC4	2.37267255596817	1	11	prediction	7515
#00BFC4	2.37267255596817	1	12	prediction	7516
#00BFC4	2.37267255596817	1	13	prediction	7517
#00BFC4	2.37267255596817	1	14	prediction	7518
#00BFC4	2.37267255596817	1	15	prediction	7519
#00BFC4	2.37267255596817	1	16	prediction	7520
#00BFC4	2.37267255596817	1	17	prediction	7521
#00BFC4	2.37267255596817	1	18	prediction	7522
#00BFC4	2.37267255596817	1	19	prediction	7523
#00BFC4	2.37267255596817	1	20	prediction	7524
#00BFC4	2.37267255596817	1	21	prediction	7525
#00BFC4	2.37267255596817	1	22	prediction	7526
#00BFC4	2.37267255596817	1	23	prediction	7527
#00BFC4	2.37267255596817	1	24	prediction	7528
#00BFC4	2.37267255596817	1	25	prediction	7529
#00BFC4	2.37267255596817	1	26	prediction	7530
#00BFC4	2.37267255596817	1	27	prediction	7531
#00BFC4	2.37267255596817	1	28	prediction	7532
#00BFC4	2.37267255596817	1	29	prediction	7533
#00BFC4	2.37267255596817	1	30	prediction	7534
#00BFC4	2.37267255596817	1	31	prediction	7535
#00BFC4	2.37267255596817	1	32	prediction	7536
#00BFC4	2.37267255596817	1	33	prediction	7537
#00BFC4	2.37267255596817	1	34	prediction	7538
#00BFC4	2.37267255596817	1	35	prediction	7539
#00BFC4	2.37267255596817	1	36	prediction	7540
#00BFC4	2.37267255596817	1	37	prediction	7541
#00BFC4	2.37267255596817	1	38	prediction	7542
#00BFC4	2.37267255596817	1	39	prediction	7543
#00BFC4	2.37267255596817	1	40	prediction	7544
#00BFC4	2.39033810980618	1	0	prediction	7545
#00BFC4	2.39033810980618	1	1	prediction	7546
#00BFC4	2.39033810980618	1	2	prediction	7547
#00BFC4	2.39033810980618	1	3	prediction	7548
#00BFC4	2.39033810980618	1	4	prediction	7549
#00BFC4	2.39033810980618	1	5	prediction	7550
#00BFC4	2.39033810980618	1	6	prediction	7551
#00BFC4	2.39033810980618	1	7	prediction	7552
#00BFC4	2.39033810980618	1	8	prediction	7553
#00BFC4	2.39033810980618	1	9	prediction	7554
#00BFC4	2.39033810980618	1	10	prediction	7555
#00BFC4	2.39033810980618	1	11	prediction	7556
#00BFC4	2.39033810980618	1	12	prediction	7557
#00BFC4	2.39033810980618	1	13	prediction	7558
#00BFC4	2.39033810980618	1	14	prediction	7559
#00BFC4	2.39033810980618	1	15	prediction	7560
#00BFC4	2.39033810980618	1	16	prediction	7561
#00BFC4	2.39033810980618	1	17	prediction	7562
#00BFC4	2.39033810980618	1	18	prediction	7563
#00BFC4	2.39033810980618	1	19	prediction	7564
#00BFC4	2.39033810980618	1	20	prediction	7565
#00BFC4	2.39033810980618	1	21	prediction	7566
#00BFC4	2.39033810980618	1	22	prediction	7567
#00BFC4	2.39033810980618	1	23	prediction	7568
#00BFC4	2.39033810980618	1	24	prediction	7569
#00BFC4	2.39033810980618	1	25	prediction	7570
#00BFC4	2.39033810980618	1	26	prediction	7571
#00BFC4	2.39033810980618	1	27	prediction	7572
#00BFC4	2.39033810980618	1	28	prediction	7573
#00BFC4	2.39033810980618	1	29	prediction	7574
#00BFC4	2.39033810980618	1	30	prediction	7575
#00BFC4	2.39033810980618	1	31	prediction	7576
#00BFC4	2.39033810980618	1	32	prediction	7577
#00BFC4	2.39033810980618	1	33	prediction	7578
#00BFC4	2.39033810980618	1	34	prediction	7579
#00BFC4	2.39033810980618	1	35	prediction	7580
#00BFC4	2.39033810980618	1	36	prediction	7581
#00BFC4	2.39033810980618	1	37	prediction	7582
#00BFC4	2.39033810980618	1	38	prediction	7583
#00BFC4	2.39033810980618	1	39	prediction	7584
#00BFC4	2.39033810980618	1	40	prediction	7585
#00BFC4	2.41848966898397	1	0	prediction	7586
#00BFC4	2.41848966898397	1	1	prediction	7587
#00BFC4	2.41848966898397	1	2	prediction	7588
#00BFC4	2.41848966898397	1	3	prediction	7589
#00BFC4	2.41848966898397	1	4	prediction	7590
#00BFC4	2.41848966898397	1	5	prediction	7591
#00BFC4	2.41848966898397	1	6	prediction	7592
#00BFC4	2.41848966898397	1	7	prediction	7593
#00BFC4	2.41848966898397	1	8	prediction	7594
#00BFC4	2.41848966898397	1	9	prediction	7595
#00BFC4	2.41848966898397	1	10	prediction	7596
#00BFC4	2.41848966898397	1	11	prediction	7597
#00BFC4	2.41848966898397	1	12	prediction	7598
#00BFC4	2.41848966898397	1	13	prediction	7599
#00BFC4	2.41848966898397	1	14	prediction	7600
#00BFC4	2.41848966898397	1	15	prediction	7601
#00BFC4	2.41848966898397	1	16	prediction	7602
#00BFC4	2.41848966898397	1	17	prediction	7603
#00BFC4	2.41848966898397	1	18	prediction	7604
#00BFC4	2.41848966898397	1	19	prediction	7605
#00BFC4	2.41848966898397	1	20	prediction	7606
#00BFC4	2.41848966898397	1	21	prediction	7607
#00BFC4	2.41848966898397	1	22	prediction	7608
#00BFC4	2.41848966898397	1	23	prediction	7609
#00BFC4	2.41848966898397	1	24	prediction	7610
#00BFC4	2.41848966898397	1	25	prediction	7611
#00BFC4	2.41848966898397	1	26	prediction	7612
#00BFC4	2.41848966898397	1	27	prediction	7613
#00BFC4	2.41848966898397	1	28	prediction	7614
#00BFC4	2.41848966898397	1	29	prediction	7615
#00BFC4	2.41848966898397	1	30	prediction	7616
#00BFC4	2.41848966898397	1	31	prediction	7617
#00BFC4	2.41848966898397	1	32	prediction	7618
#00BFC4	2.41848966898397	1	33	prediction	7619
#00BFC4	2.41848966898397	1	34	prediction	7620
#00BFC4	2.41848966898397	1	35	prediction	7621
#00BFC4	2.41848966898397	1	36	prediction	7622
#00BFC4	2.41848966898397	1	37	prediction	7623
#00BFC4	2.41848966898397	1	38	prediction	7624
#00BFC4	2.41848966898397	1	39	prediction	7625
#00BFC4	2.41848966898397	1	40	prediction	7626
#00BFC4	2.44924673996866	1	0	prediction	7627
#00BFC4	2.44924673996866	1	1	prediction	7628
#00BFC4	2.44924673996866	1	2	prediction	7629
#00BFC4	2.44924673996866	1	3	prediction	7630
#00BFC4	2.44924673996866	1	4	prediction	7631
#00BFC4	2.44924673996866	1	5	prediction	7632
#00BFC4	2.44924673996866	1	6	prediction	7633
#00BFC4	2.44924673996866	1	7	prediction	7634
#00BFC4	2.44924673996866	1	8	prediction	7635
#00BFC4	2.44924673996866	1	9	prediction	7636
#00BFC4	2.44924673996866	1	10	prediction	7637
#00BFC4	2.44924673996866	1	11	prediction	7638
#00BFC4	2.44924673996866	1	12	prediction	7639
#00BFC4	2.44924673996866	1	13	prediction	7640
#00BFC4	2.44924673996866	1	14	prediction	7641
#00BFC4	2.44924673996866	1	15	prediction	7642
#00BFC4	2.44924673996866	1	16	prediction	7643
#00BFC4	2.44924673996866	1	17	prediction	7644
#00BFC4	2.44924673996866	1	18	prediction	7645
#00BFC4	2.44924673996866	1	19	prediction	7646
#00BFC4	2.44924673996866	1	20	prediction	7647
#00BFC4	2.44924673996866	1	21	prediction	7648
#00BFC4	2.44924673996866	1	22	prediction	7649
#00BFC4	2.44924673996866	1	23	prediction	7650
#00BFC4	2.44924673996866	1	24	prediction	7651
#00BFC4	2.44924673996866	1	25	prediction	7652
#00BFC4	2.44924673996866	1	26	prediction	7653
#00BFC4	2.44924673996866	1	27	prediction	7654
#00BFC4	2.44924673996866	1	28	prediction	7655
#00BFC4	2.44924673996866	1	29	prediction	7656
#00BFC4	2.44924673996866	1	30	prediction	7657
#00BFC4	2.44924673996866	1	31	prediction	7658
#00BFC4	2.44924673996866	1	32	prediction	7659
#00BFC4	2.44924673996866	1	33	prediction	7660
#00BFC4	2.44924673996866	1	34	prediction	7661
#00BFC4	2.44924673996866	1	35	prediction	7662
#00BFC4	2.44924673996866	1	36	prediction	7663
#00BFC4	2.44924673996866	1	37	prediction	7664
#00BFC4	2.44924673996866	1	38	prediction	7665
#00BFC4	2.44924673996866	1	39	prediction	7666
#00BFC4	2.44924673996866	1	40	prediction	7667
#00BFC4	2.47725554555655	1	0	prediction	7668
#00BFC4	2.47725554555655	1	1	prediction	7669
#00BFC4	2.47725554555655	1	2	prediction	7670
#00BFC4	2.47725554555655	1	3	prediction	7671
#00BFC4	2.47725554555655	1	4	prediction	7672
#00BFC4	2.47725554555655	1	5	prediction	7673
#00BFC4	2.47725554555655	1	6	prediction	7674
#00BFC4	2.47725554555655	1	7	prediction	7675
#00BFC4	2.47725554555655	1	8	prediction	7676
#00BFC4	2.47725554555655	1	9	prediction	7677
#00BFC4	2.47725554555655	1	10	prediction	7678
#00BFC4	2.47725554555655	1	11	prediction	7679
#00BFC4	2.47725554555655	1	12	prediction	7680
#00BFC4	2.47725554555655	1	13	prediction	7681
#00BFC4	2.47725554555655	1	14	prediction	7682
#00BFC4	2.47725554555655	1	15	prediction	7683
#00BFC4	2.47725554555655	1	16	prediction	7684
#00BFC4	2.47725554555655	1	17	prediction	7685
#00BFC4	2.47725554555655	1	18	prediction	7686
#00BFC4	2.47725554555655	1	19	prediction	7687
#00BFC4	2.47725554555655	1	20	prediction	7688
#00BFC4	2.47725554555655	1	21	prediction	7689
#00BFC4	2.47725554555655	1	22	prediction	7690
#00BFC4	2.47725554555655	1	23	prediction	7691
#00BFC4	2.47725554555655	1	24	prediction	7692
#00BFC4	2.47725554555655	1	25	prediction	7693
#00BFC4	2.47725554555655	1	26	prediction	7694
#00BFC4	2.47725554555655	1	27	prediction	7695
#00BFC4	2.47725554555655	1	28	prediction	7696
#00BFC4	2.47725554555655	1	29	prediction	7697
#00BFC4	2.47725554555655	1	30	prediction	7698
#00BFC4	2.47725554555655	1	31	prediction	7699
#00BFC4	2.47725554555655	1	32	prediction	7700
#00BFC4	2.47725554555655	1	33	prediction	7701
#00BFC4	2.47725554555655	1	34	prediction	7702
#00BFC4	2.47725554555655	1	35	prediction	7703
#00BFC4	2.47725554555655	1	36	prediction	7704
#00BFC4	2.47725554555655	1	37	prediction	7705
#00BFC4	2.47725554555655	1	38	prediction	7706
#00BFC4	2.47725554555655	1	39	prediction	7707
#00BFC4	2.47725554555655	1	40	prediction	7708
#00BFC4	2.54444681899622	1	0	prediction	7709
#00BFC4	2.54444681899622	1	1	prediction	7710
#00BFC4	2.54444681899622	1	2	prediction	7711
#00BFC4	2.54444681899622	1	3	prediction	7712
#00BFC4	2.54444681899622	1	4	prediction	7713
#00BFC4	2.54444681899622	1	5	prediction	7714
#00BFC4	2.54444681899622	1	6	prediction	7715
#00BFC4	2.54444681899622	1	7	prediction	7716
#00BFC4	2.54444681899622	1	8	prediction	7717
#00BFC4	2.54444681899622	1	9	prediction	7718
#00BFC4	2.54444681899622	1	10	prediction	7719
#00BFC4	2.54444681899622	1	11	prediction	7720
#00BFC4	2.54444681899622	1	12	prediction	7721
#00BFC4	2.54444681899622	1	13	prediction	7722
#00BFC4	2.54444681899622	1	14	prediction	7723
#00BFC4	2.54444681899622	1	15	prediction	7724
#00BFC4	2.54444681899622	1	16	prediction	7725
#00BFC4	2.54444681899622	1	17	prediction	7726
#00BFC4	2.54444681899622	1	18	prediction	7727
#00BFC4	2.54444681899622	1	19	prediction	7728
#00BFC4	2.54444681899622	1	20	prediction	7729
#00BFC4	2.54444681899622	1	21	prediction	7730
#00BFC4	2.54444681899622	1	22	prediction	7731
#00BFC4	2.54444681899622	1	23	prediction	7732
#00BFC4	2.54444681899622	1	24	prediction	7733
#00BFC4	2.54444681899622	1	25	prediction	7734
#00BFC4	2.54444681899622	1	26	prediction	7735
#00BFC4	2.54444681899622	1	27	prediction	7736
#00BFC4	2.54444681899622	1	28	prediction	7737
#00BFC4	2.54444681899622	1	29	prediction	7738
#00BFC4	2.54444681899622	1	30	prediction	7739
#00BFC4	2.54444681899622	1	31	prediction	7740
#00BFC4	2.54444681899622	1	32	prediction	7741
#00BFC4	2.54444681899622	1	33	prediction	7742
#00BFC4	2.54444681899622	1	34	prediction	7743
#00BFC4	2.54444681899622	1	35	prediction	7744
#00BFC4	2.54444681899622	1	36	prediction	7745
#00BFC4	2.54444681899622	1	37	prediction	7746
#00BFC4	2.54444681899622	1	38	prediction	7747
#00BFC4	2.54444681899622	1	39	prediction	7748
#00BFC4	2.54444681899622	1	40	prediction	7749
#00BFC4	2.56381253153086	1	0	prediction	7750
#00BFC4	2.56381253153086	1	1	prediction	7751
#00BFC4	2.56381253153086	1	2	prediction	7752
#00BFC4	2.56381253153086	1	3	prediction	7753
#00BFC4	2.56381253153086	1	4	prediction	7754
#00BFC4	2.56381253153086	1	5	prediction	7755
#00BFC4	2.56381253153086	1	6	prediction	7756
#00BFC4	2.56381253153086	1	7	prediction	7757
#00BFC4	2.56381253153086	1	8	prediction	7758
#00BFC4	2.56381253153086	1	9	prediction	7759
#00BFC4	2.56381253153086	1	10	prediction	7760
#00BFC4	2.56381253153086	1	11	prediction	7761
#00BFC4	2.56381253153086	1	12	prediction	7762
#00BFC4	2.56381253153086	1	13	prediction	7763
#00BFC4	2.56381253153086	1	14	prediction	7764
#00BFC4	2.56381253153086	1	15	prediction	7765
#00BFC4	2.56381253153086	1	16	prediction	7766
#00BFC4	2.56381253153086	1	17	prediction	7767
#00BFC4	2.56381253153086	1	18	prediction	7768
#00BFC4	2.56381253153086	1	19	prediction	7769
#00BFC4	2.56381253153086	1	20	prediction	7770
#00BFC4	2.56381253153086	1	21	prediction	7771
#00BFC4	2.56381253153086	1	22	prediction	7772
#00BFC4	2.56381253153086	1	23	prediction	7773
#00BFC4	2.56381253153086	1	24	prediction	7774
#00BFC4	2.56381253153086	1	25	prediction	7775
#00BFC4	2.56381253153086	1	26	prediction	7776
#00BFC4	2.56381253153086	1	27	prediction	7777
#00BFC4	2.56381253153086	1	28	prediction	7778
#00BFC4	2.56381253153086	1	29	prediction	7779
#00BFC4	2.56381253153086	1	30	prediction	7780
#00BFC4	2.56381253153086	1	31	prediction	7781
#00BFC4	2.56381253153086	1	32	prediction	7782
#00BFC4	2.56381253153086	1	33	prediction	7783
#00BFC4	2.56381253153086	1	34	prediction	7784
#00BFC4	2.56381253153086	1	35	prediction	7785
#00BFC4	2.56381253153086	1	36	prediction	7786
#00BFC4	2.56381253153086	1	37	prediction	7787
#00BFC4	2.56381253153086	1	38	prediction	7788
#00BFC4	2.56381253153086	1	39	prediction	7789
#00BFC4	2.56381253153086	1	40	prediction	7790
#00BFC4	2.57169119780883	1	0	prediction	7791
#00BFC4	2.57169119780883	1	1	prediction	7792
#00BFC4	2.57169119780883	1	2	prediction	7793
#00BFC4	2.57169119780883	1	3	prediction	7794
#00BFC4	2.57169119780883	1	4	prediction	7795
#00BFC4	2.57169119780883	1	5	prediction	7796
#00BFC4	2.57169119780883	1	6	prediction	7797
#00BFC4	2.57169119780883	1	7	prediction	7798
#00BFC4	2.57169119780883	1	8	prediction	7799
#00BFC4	2.57169119780883	1	9	prediction	7800
#00BFC4	2.57169119780883	1	10	prediction	7801
#00BFC4	2.57169119780883	1	11	prediction	7802
#00BFC4	2.57169119780883	1	12	prediction	7803
#00BFC4	2.57169119780883	1	13	prediction	7804
#00BFC4	2.57169119780883	1	14	prediction	7805
#00BFC4	2.57169119780883	1	15	prediction	7806
#00BFC4	2.57169119780883	1	16	prediction	7807
#00BFC4	2.57169119780883	1	17	prediction	7808
#00BFC4	2.57169119780883	1	18	prediction	7809
#00BFC4	2.57169119780883	1	19	prediction	7810
#00BFC4	2.57169119780883	1	20	prediction	7811
#00BFC4	2.57169119780883	1	21	prediction	7812
#00BFC4	2.57169119780883	1	22	prediction	7813
#00BFC4	2.57169119780883	1	23	prediction	7814
#00BFC4	2.57169119780883	1	24	prediction	7815
#00BFC4	2.57169119780883	1	25	prediction	7816
#00BFC4	2.57169119780883	1	26	prediction	7817
#00BFC4	2.57169119780883	1	27	prediction	7818
#00BFC4	2.57169119780883	1	28	prediction	7819
#00BFC4	2.57169119780883	1	29	prediction	7820
#00BFC4	2.57169119780883	1	30	prediction	7821
#00BFC4	2.57169119780883	1	31	prediction	7822
#00BFC4	2.57169119780883	1	32	prediction	7823
#00BFC4	2.57169119780883	1	33	prediction	7824
#00BFC4	2.57169119780883	1	34	prediction	7825
#00BFC4	2.57169119780883	1	35	prediction	7826
#00BFC4	2.57169119780883	1	36	prediction	7827
#00BFC4	2.57169119780883	1	37	prediction	7828
#00BFC4	2.57169119780883	1	38	prediction	7829
#00BFC4	2.57169119780883	1	39	prediction	7830
#00BFC4	2.57169119780883	1	40	prediction	7831
#00BFC4	2.60823138663545	1	0	prediction	7832
#00BFC4	2.60823138663545	1	1	prediction	7833
#00BFC4	2.60823138663545	1	2	prediction	7834
#00BFC4	2.60823138663545	1	3	prediction	7835
#00BFC4	2.60823138663545	1	4	prediction	7836
#00BFC4	2.60823138663545	1	5	prediction	7837
#00BFC4	2.60823138663545	1	6	prediction	7838
#00BFC4	2.60823138663545	1	7	prediction	7839
#00BFC4	2.60823138663545	1	8	prediction	7840
#00BFC4	2.60823138663545	1	9	prediction	7841
#00BFC4	2.60823138663545	1	10	prediction	7842
#00BFC4	2.60823138663545	1	11	prediction	7843
#00BFC4	2.60823138663545	1	12	prediction	7844
#00BFC4	2.60823138663545	1	13	prediction	7845
#00BFC4	2.60823138663545	1	14	prediction	7846
#00BFC4	2.60823138663545	1	15	prediction	7847
#00BFC4	2.60823138663545	1	16	prediction	7848
#00BFC4	2.60823138663545	1	17	prediction	7849
#00BFC4	2.60823138663545	1	18	prediction	7850
#00BFC4	2.60823138663545	1	19	prediction	7851
#00BFC4	2.60823138663545	1	20	prediction	7852
#00BFC4	2.60823138663545	1	21	prediction	7853
#00BFC4	2.60823138663545	1	22	prediction	7854
#00BFC4	2.60823138663545	1	23	prediction	7855
#00BFC4	2.60823138663545	1	24	prediction	7856
#00BFC4	2.60823138663545	1	25	prediction	7857
#00BFC4	2.60823138663545	1	26	prediction	7858
#00BFC4	2.60823138663545	1	27	prediction	7859
#00BFC4	2.60823138663545	1	28	prediction	7860
#00BFC4	2.60823138663545	1	29	prediction	7861
#00BFC4	2.60823138663545	1	30	prediction	7862
#00BFC4	2.60823138663545	1	31	prediction	7863
#00BFC4	2.60823138663545	1	32	prediction	7864
#00BFC4	2.60823138663545	1	33	prediction	7865
#00BFC4	2.60823138663545	1	34	prediction	7866
#00BFC4	2.60823138663545	1	35	prediction	7867
#00BFC4	2.60823138663545	1	36	prediction	7868
#00BFC4	2.60823138663545	1	37	prediction	7869
#00BFC4	2.60823138663545	1	38	prediction	7870
#00BFC4	2.60823138663545	1	39	prediction	7871
#00BFC4	2.60823138663545	1	40	prediction	7872
#00BFC4	2.66234890976921	1	0	prediction	7873
#00BFC4	2.66234890976921	1	1	prediction	7874
#00BFC4	2.66234890976921	1	2	prediction	7875
#00BFC4	2.66234890976921	1	3	prediction	7876
#00BFC4	2.66234890976921	1	4	prediction	7877
#00BFC4	2.66234890976921	1	5	prediction	7878
#00BFC4	2.66234890976921	1	6	prediction	7879
#00BFC4	2.66234890976921	1	7	prediction	7880
#00BFC4	2.66234890976921	1	8	prediction	7881
#00BFC4	2.66234890976921	1	9	prediction	7882
#00BFC4	2.66234890976921	1	10	prediction	7883
#00BFC4	2.66234890976921	1	11	prediction	7884
#00BFC4	2.66234890976921	1	12	prediction	7885
#00BFC4	2.66234890976921	1	13	prediction	7886
#00BFC4	2.66234890976921	1	14	prediction	7887
#00BFC4	2.66234890976921	1	15	prediction	7888
#00BFC4	2.66234890976921	1	16	prediction	7889
#00BFC4	2.66234890976921	1	17	prediction	7890
#00BFC4	2.66234890976921	1	18	prediction	7891
#00BFC4	2.66234890976921	1	19	prediction	7892
#00BFC4	2.66234890976921	1	20	prediction	7893
#00BFC4	2.66234890976921	1	21	prediction	7894
#00BFC4	2.66234890976921	1	22	prediction	7895
#00BFC4	2.66234890976921	1	23	prediction	7896
#00BFC4	2.66234890976921	1	24	prediction	7897
#00BFC4	2.66234890976921	1	25	prediction	7898
#00BFC4	2.66234890976921	1	26	prediction	7899
#00BFC4	2.66234890976921	1	27	prediction	7900
#00BFC4	2.66234890976921	1	28	prediction	7901
#00BFC4	2.66234890976921	1	29	prediction	7902
#00BFC4	2.66234890976921	1	30	prediction	7903
#00BFC4	2.66234890976921	1	31	prediction	7904
#00BFC4	2.66234890976921	1	32	prediction	7905
#00BFC4	2.66234890976921	1	33	prediction	7906
#00BFC4	2.66234890976921	1	34	prediction	7907
#00BFC4	2.66234890976921	1	35	prediction	7908
#00BFC4	2.66234890976921	1	36	prediction	7909
#00BFC4	2.66234890976921	1	37	prediction	7910
#00BFC4	2.66234890976921	1	38	prediction	7911
#00BFC4	2.66234890976921	1	39	prediction	7912
#00BFC4	2.66234890976921	1	40	prediction	7913
#00BFC4	2.66805161163211	1	0	prediction	7914
#00BFC4	2.66805161163211	1	1	prediction	7915
#00BFC4	2.66805161163211	1	2	prediction	7916
#00BFC4	2.66805161163211	1	3	prediction	7917
#00BFC4	2.66805161163211	1	4	prediction	7918
#00BFC4	2.66805161163211	1	5	prediction	7919
#00BFC4	2.66805161163211	1	6	prediction	7920
#00BFC4	2.66805161163211	1	7	prediction	7921
#00BFC4	2.66805161163211	1	8	prediction	7922
#00BFC4	2.66805161163211	1	9	prediction	7923
#00BFC4	2.66805161163211	1	10	prediction	7924
#00BFC4	2.66805161163211	1	11	prediction	7925
#00BFC4	2.66805161163211	1	12	prediction	7926
#00BFC4	2.66805161163211	1	13	prediction	7927
#00BFC4	2.66805161163211	1	14	prediction	7928
#00BFC4	2.66805161163211	1	15	prediction	7929
#00BFC4	2.66805161163211	1	16	prediction	7930
#00BFC4	2.66805161163211	1	17	prediction	7931
#00BFC4	2.66805161163211	1	18	prediction	7932
#00BFC4	2.66805161163211	1	19	prediction	7933
#00BFC4	2.66805161163211	1	20	prediction	7934
#00BFC4	2.66805161163211	1	21	prediction	7935
#00BFC4	2.66805161163211	1	22	prediction	7936
#00BFC4	2.66805161163211	1	23	prediction	7937
#00BFC4	2.66805161163211	1	24	prediction	7938
#00BFC4	2.66805161163211	1	25	prediction	7939
#00BFC4	2.66805161163211	1	26	prediction	7940
#00BFC4	2.66805161163211	1	27	prediction	7941
#00BFC4	2.66805161163211	1	28	prediction	7942
#00BFC4	2.66805161163211	1	29	prediction	7943
#00BFC4	2.66805161163211	1	30	prediction	7944
#00BFC4	2.66805161163211	1	31	prediction	7945
#00BFC4	2.66805161163211	1	32	prediction	7946
#00BFC4	2.66805161163211	1	33	prediction	7947
#00BFC4	2.66805161163211	1	34	prediction	7948
#00BFC4	2.66805161163211	1	35	prediction	7949
#00BFC4	2.66805161163211	1	36	prediction	7950
#00BFC4	2.66805161163211	1	37	prediction	7951
#00BFC4	2.66805161163211	1	38	prediction	7952
#00BFC4	2.66805161163211	1	39	prediction	7953
#00BFC4	2.66805161163211	1	40	prediction	7954
#00BFC4	2.76370798330754	1	0	prediction	7955
#00BFC4	2.76370798330754	1	1	prediction	7956
#00BFC4	2.76370798330754	1	2	prediction	7957
#00BFC4	2.76370798330754	1	3	prediction	7958
#00BFC4	2.76370798330754	1	4	prediction	7959
#00BFC4	2.76370798330754	1	5	prediction	7960
#00BFC4	2.76370798330754	1	6	prediction	7961
#00BFC4	2.76370798330754	1	7	prediction	7962
#00BFC4	2.76370798330754	1	8	prediction	7963
#00BFC4	2.76370798330754	1	9	prediction	7964
#00BFC4	2.76370798330754	1	10	prediction	7965
#00BFC4	2.76370798330754	1	11	prediction	7966
#00BFC4	2.76370798330754	1	12	prediction	7967
#00BFC4	2.76370798330754	1	13	prediction	7968
#00BFC4	2.76370798330754	1	14	prediction	7969
#00BFC4	2.76370798330754	1	15	prediction	7970
#00BFC4	2.76370798330754	1	16	prediction	7971
#00BFC4	2.76370798330754	1	17	prediction	7972
#00BFC4	2.76370798330754	1	18	prediction	7973
#00BFC4	2.76370798330754	1	19	prediction	7974
#00BFC4	2.76370798330754	1	20	prediction	7975
#00BFC4	2.76370798330754	1	21	prediction	7976
#00BFC4	2.76370798330754	1	22	prediction	7977
#00BFC4	2.76370798330754	1	23	prediction	7978
#00BFC4	2.76370798330754	1	24	prediction	7979
#00BFC4	2.76370798330754	1	25	prediction	7980
#00BFC4	2.76370798330754	1	26	prediction	7981
#00BFC4	2.76370798330754	1	27	prediction	7982
#00BFC4	2.76370798330754	1	28	prediction	7983
#00BFC4	2.76370798330754	1	29	prediction	7984
#00BFC4	2.76370798330754	1	30	prediction	7985
#00BFC4	2.76370798330754	1	31	prediction	7986
#00BFC4	2.76370798330754	1	32	prediction	7987
#00BFC4	2.76370798330754	1	33	prediction	7988
#00BFC4	2.76370798330754	1	34	prediction	7989
#00BFC4	2.76370798330754	1	35	prediction	7990
#00BFC4	2.76370798330754	1	36	prediction	7991
#00BFC4	2.76370798330754	1	37	prediction	7992
#00BFC4	2.76370798330754	1	38	prediction	7993
#00BFC4	2.76370798330754	1	39	prediction	7994
#00BFC4	2.76370798330754	1	40	prediction	7995
#00BFC4	2.85702416952699	1	0	prediction	7996
#00BFC4	2.85702416952699	1	1	prediction	7997
#00BFC4	2.85702416952699	1	2	prediction	7998
#00BFC4	2.85702416952699	1	3	prediction	7999
#00BFC4	2.85702416952699	1	4	prediction	8000
#00BFC4	2.85702416952699	1	5	prediction	8001
#00BFC4	2.85702416952699	1	6	prediction	8002
#00BFC4	2.85702416952699	1	7	prediction	8003
#00BFC4	2.85702416952699	1	8	prediction	8004
#00BFC4	2.85702416952699	1	9	prediction	8005
#00BFC4	2.85702416952699	1	10	prediction	8006
#00BFC4	2.85702416952699	1	11	prediction	8007
#00BFC4	2.85702416952699	1	12	prediction	8008
#00BFC4	2.85702416952699	1	13	prediction	8009
#00BFC4	2.85702416952699	1	14	prediction	8010
#00BFC4	2.85702416952699	1	15	prediction	8011
#00BFC4	2.85702416952699	1	16	prediction	8012
#00BFC4	2.85702416952699	1	17	prediction	8013
#00BFC4	2.85702416952699	1	18	prediction	8014
#00BFC4	2.85702416952699	1	19	prediction	8015
#00BFC4	2.85702416952699	1	20	prediction	8016
#00BFC4	2.85702416952699	1	21	prediction	8017
#00BFC4	2.85702416952699	1	22	prediction	8018
#00BFC4	2.85702416952699	1	23	prediction	8019
#00BFC4	2.85702416952699	1	24	prediction	8020
#00BFC4	2.85702416952699	1	25	prediction	8021
#00BFC4	2.85702416952699	1	26	prediction	8022
#00BFC4	2.85702416952699	1	27	prediction	8023
#00BFC4	2.85702416952699	1	28	prediction	8024
#00BFC4	2.85702416952699	1	29	prediction	8025
#00BFC4	2.85702416952699	1	30	prediction	8026
#00BFC4	2.85702416952699	1	31	prediction	8027
#00BFC4	2.85702416952699	1	32	prediction	8028
#00BFC4	2.85702416952699	1	33	prediction	8029
#00BFC4	2.85702416952699	1	34	prediction	8030
#00BFC4	2.85702416952699	1	35	prediction	8031
#00BFC4	2.85702416952699	1	36	prediction	8032
#00BFC4	2.85702416952699	1	37	prediction	8033
#00BFC4	2.85702416952699	1	38	prediction	8034
#00BFC4	2.85702416952699	1	39	prediction	8035
#00BFC4	2.85702416952699	1	40	prediction	8036
#00BFC4	2.91057134326547	1	0	prediction	8037
#00BFC4	2.91057134326547	1	1	prediction	8038
#00BFC4	2.91057134326547	1	2	prediction	8039
#00BFC4	2.91057134326547	1	3	prediction	8040
#00BFC4	2.91057134326547	1	4	prediction	8041
#00BFC4	2.91057134326547	1	5	prediction	8042
#00BFC4	2.91057134326547	1	6	prediction	8043
#00BFC4	2.91057134326547	1	7	prediction	8044
#00BFC4	2.91057134326547	1	8	prediction	8045
#00BFC4	2.91057134326547	1	9	prediction	8046
#00BFC4	2.91057134326547	1	10	prediction	8047
#00BFC4	2.91057134326547	1	11	prediction	8048
#00BFC4	2.91057134326547	1	12	prediction	8049
#00BFC4	2.91057134326547	1	13	prediction	8050
#00BFC4	2.91057134326547	1	14	prediction	8051
#00BFC4	2.91057134326547	1	15	prediction	8052
#00BFC4	2.91057134326547	1	16	prediction	8053
#00BFC4	2.91057134326547	1	17	prediction	8054
#00BFC4	2.91057134326547	1	18	prediction	8055
#00BFC4	2.91057134326547	1	19	prediction	8056
#00BFC4	2.91057134326547	1	20	prediction	8057
#00BFC4	2.91057134326547	1	21	prediction	8058
#00BFC4	2.91057134326547	1	22	prediction	8059
#00BFC4	2.91057134326547	1	23	prediction	8060
#00BFC4	2.91057134326547	1	24	prediction	8061
#00BFC4	2.91057134326547	1	25	prediction	8062
#00BFC4	2.91057134326547	1	26	prediction	8063
#00BFC4	2.91057134326547	1	27	prediction	8064
#00BFC4	2.91057134326547	1	28	prediction	8065
#00BFC4	2.91057134326547	1	29	prediction	8066
#00BFC4	2.91057134326547	1	30	prediction	8067
#00BFC4	2.91057134326547	1	31	prediction	8068
#00BFC4	2.91057134326547	1	32	prediction	8069
#00BFC4	2.91057134326547	1	33	prediction	8070
#00BFC4	2.91057134326547	1	34	prediction	8071
#00BFC4	2.91057134326547	1	35	prediction	8072
#00BFC4	2.91057134326547	1	36	prediction	8073
#00BFC4	2.91057134326547	1	37	prediction	8074
#00BFC4	2.91057134326547	1	38	prediction	8075
#00BFC4	2.91057134326547	1	39	prediction	8076
#00BFC4	2.91057134326547	1	40	prediction	8077
#00BFC4	2.95103172026575	1	0	prediction	8078
#00BFC4	2.95103172026575	1	1	prediction	8079
#00BFC4	2.95103172026575	1	2	prediction	8080
#00BFC4	2.95103172026575	1	3	prediction	8081
#00BFC4	2.95103172026575	1	4	prediction	8082
#00BFC4	2.95103172026575	1	5	prediction	8083
#00BFC4	2.95103172026575	1	6	prediction	8084
#00BFC4	2.95103172026575	1	7	prediction	8085
#00BFC4	2.95103172026575	1	8	prediction	8086
#00BFC4	2.95103172026575	1	9	prediction	8087
#00BFC4	2.95103172026575	1	10	prediction	8088
#00BFC4	2.95103172026575	1	11	prediction	8089
#00BFC4	2.95103172026575	1	12	prediction	8090
#00BFC4	2.95103172026575	1	13	prediction	8091
#00BFC4	2.95103172026575	1	14	prediction	8092
#00BFC4	2.95103172026575	1	15	prediction	8093
#00BFC4	2.95103172026575	1	16	prediction	8094
#00BFC4	2.95103172026575	1	17	prediction	8095
#00BFC4	2.95103172026575	1	18	prediction	8096
#00BFC4	2.95103172026575	1	19	prediction	8097
#00BFC4	2.95103172026575	1	20	prediction	8098
#00BFC4	2.95103172026575	1	21	prediction	8099
#00BFC4	2.95103172026575	1	22	prediction	8100
#00BFC4	2.95103172026575	1	23	prediction	8101
#00BFC4	2.95103172026575	1	24	prediction	8102
#00BFC4	2.95103172026575	1	25	prediction	8103
#00BFC4	2.95103172026575	1	26	prediction	8104
#00BFC4	2.95103172026575	1	27	prediction	8105
#00BFC4	2.95103172026575	1	28	prediction	8106
#00BFC4	2.95103172026575	1	29	prediction	8107
#00BFC4	2.95103172026575	1	30	prediction	8108
#00BFC4	2.95103172026575	1	31	prediction	8109
#00BFC4	2.95103172026575	1	32	prediction	8110
#00BFC4	2.95103172026575	1	33	prediction	8111
#00BFC4	2.95103172026575	1	34	prediction	8112
#00BFC4	2.95103172026575	1	35	prediction	8113
#00BFC4	2.95103172026575	1	36	prediction	8114
#00BFC4	2.95103172026575	1	37	prediction	8115
#00BFC4	2.95103172026575	1	38	prediction	8116
#00BFC4	2.95103172026575	1	39	prediction	8117
#00BFC4	2.95103172026575	1	40	prediction	8118
#00BFC4	2.9514365689829	1	0	prediction	8119
#00BFC4	2.9514365689829	1	1	prediction	8120
#00BFC4	2.9514365689829	1	2	prediction	8121
#00BFC4	2.9514365689829	1	3	prediction	8122
#00BFC4	2.9514365689829	1	4	prediction	8123
#00BFC4	2.9514365689829	1	5	prediction	8124
#00BFC4	2.9514365689829	1	6	prediction	8125
#00BFC4	2.9514365689829	1	7	prediction	8126
#00BFC4	2.9514365689829	1	8	prediction	8127
#00BFC4	2.9514365689829	1	9	prediction	8128
#00BFC4	2.9514365689829	1	10	prediction	8129
#00BFC4	2.9514365689829	1	11	prediction	8130
#00BFC4	2.9514365689829	1	12	prediction	8131
#00BFC4	2.9514365689829	1	13	prediction	8132
#00BFC4	2.9514365689829	1	14	prediction	8133
#00BFC4	2.9514365689829	1	15	prediction	8134
#00BFC4	2.9514365689829	1	16	prediction	8135
#00BFC4	2.9514365689829	1	17	prediction	8136
#00BFC4	2.9514365689829	1	18	prediction	8137
#00BFC4	2.9514365689829	1	19	prediction	8138
#00BFC4	2.9514365689829	1	20	prediction	8139
#00BFC4	2.9514365689829	1	21	prediction	8140
#00BFC4	2.9514365689829	1	22	prediction	8141
#00BFC4	2.9514365689829	1	23	prediction	8142
#00BFC4	2.9514365689829	1	24	prediction	8143
#00BFC4	2.9514365689829	1	25	prediction	8144
#00BFC4	2.9514365689829	1	26	prediction	8145
#00BFC4	2.9514365689829	1	27	prediction	8146
#00BFC4	2.9514365689829	1	28	prediction	8147
#00BFC4	2.9514365689829	1	29	prediction	8148
#00BFC4	2.9514365689829	1	30	prediction	8149
#00BFC4	2.9514365689829	1	31	prediction	8150
#00BFC4	2.9514365689829	1	32	prediction	8151
#00BFC4	2.9514365689829	1	33	prediction	8152
#00BFC4	2.9514365689829	1	34	prediction	8153
#00BFC4	2.9514365689829	1	35	prediction	8154
#00BFC4	2.9514365689829	1	36	prediction	8155
#00BFC4	2.9514365689829	1	37	prediction	8156
#00BFC4	2.9514365689829	1	38	prediction	8157
#00BFC4	2.9514365689829	1	39	prediction	8158
#00BFC4	2.9514365689829	1	40	prediction	8159
#00BFC4	2.9561043670401	1	0	prediction	8160
#00BFC4	2.9561043670401	1	1	prediction	8161
#00BFC4	2.9561043670401	1	2	prediction	8162
#00BFC4	2.9561043670401	1	3	prediction	8163
#00BFC4	2.9561043670401	1	4	prediction	8164
#00BFC4	2.9561043670401	1	5	prediction	8165
#00BFC4	2.9561043670401	1	6	prediction	8166
#00BFC4	2.9561043670401	1	7	prediction	8167
#00BFC4	2.9561043670401	1	8	prediction	8168
#00BFC4	2.9561043670401	1	9	prediction	8169
#00BFC4	2.9561043670401	1	10	prediction	8170
#00BFC4	2.9561043670401	1	11	prediction	8171
#00BFC4	2.9561043670401	1	12	prediction	8172
#00BFC4	2.9561043670401	1	13	prediction	8173
#00BFC4	2.9561043670401	1	14	prediction	8174
#00BFC4	2.9561043670401	1	15	prediction	8175
#00BFC4	2.9561043670401	1	16	prediction	8176
#00BFC4	2.9561043670401	1	17	prediction	8177
#00BFC4	2.9561043670401	1	18	prediction	8178
#00BFC4	2.9561043670401	1	19	prediction	8179
#00BFC4	2.9561043670401	1	20	prediction	8180
#00BFC4	2.9561043670401	1	21	prediction	8181
#00BFC4	2.9561043670401	1	22	prediction	8182
#00BFC4	2.9561043670401	1	23	prediction	8183
#00BFC4	2.9561043670401	1	24	prediction	8184
#00BFC4	2.9561043670401	1	25	prediction	8185
#00BFC4	2.9561043670401	1	26	prediction	8186
#00BFC4	2.9561043670401	1	27	prediction	8187
#00BFC4	2.9561043670401	1	28	prediction	8188
#00BFC4	2.9561043670401	1	29	prediction	8189
#00BFC4	2.9561043670401	1	30	prediction	8190
#00BFC4	2.9561043670401	1	31	prediction	8191
#00BFC4	2.9561043670401	1	32	prediction	8192
#00BFC4	2.9561043670401	1	33	prediction	8193
#00BFC4	2.9561043670401	1	34	prediction	8194
#00BFC4	2.9561043670401	1	35	prediction	8195
#00BFC4	2.9561043670401	1	36	prediction	8196
#00BFC4	2.9561043670401	1	37	prediction	8197
#00BFC4	2.9561043670401	1	38	prediction	8198
#00BFC4	2.9561043670401	1	39	prediction	8199
#00BFC4	2.9561043670401	1	40	prediction	8200
