group	y	yend
1	0.933196336220535	0
2	3.83277344408565	0
3	4.20298313540266	0
4	13.0890550842129	0
5	2.07919871608019	0
6	8.13973945137633	0
7	11.3109613281212	0
8	8.40622292010059	0
9	7.70093123009355	0
10	-0.869341528701938	0
11	4.49525723569331	0
12	1.89836750317081	0
13	6.00179299880979	0
14	-0.820155155790156	0
15	10.4879588762689	0
16	4.88252368699216	0
17	7.57904157297518	0
18	12.7905455593364	0
19	5.20286454340831	0
20	9.51714529827255	0
21	12.0544175164873	0
22	3.10998285685403	0
23	6.96921515976092	0
24	-3.47204224019094	0
25	3.44629952051981	0
26	3.52111163146665	0
27	-1.15090701550391	0
28	0.647150717041725	0
29	8.4799900384284	0
30	3.92007108065157	0
31	7.50232048871051	0
32	5.98921445041507	0
33	5.6978389077052	0
34	1.12700113576673	0
35	6.17436070962664	0
36	6.19161173170902	0
37	7.74229842129755	0
38	0.176696717231899	0
39	9.8845820964505	0
40	5.46164465263741	0
41	8.5223083368831	0
42	6.25799896556609	0
43	9.78911989828251	0
44	6.74976213704334	0
45	3.97912357327344	0
46	7.0572844663492	0
47	0.00913835227917714	0
48	6.26382662946961	0
49	7.56307243974195	0
50	9.07499413069979	0
51	5.52764722636056	0
52	8.11046093548606	0
53	4.93940466953885	0
54	-0.321158867783989	0
55	2.71419596914147	0
56	4.15439371908288	0
57	2.06081753325998	0
58	3.13534190568576	0
59	8.08350017189722	0
60	3.61185303849989	0
61	14.7577466121226	0
62	2.44476046765507	0
63	5.88826744001823	0
64	3.04474040781165	0
65	5.32389918708107	0
66	2.47378596763627	0
67	1.1326257215254	0
68	11.1268377708767	0
69	0.317469648841269	0
70	13.8490793011679	0
71	4.01989431193118	0
72	7.65339134041168	0
73	4.38165457688311	0
74	1.1371039062817	0
75	2.20894814040502	0
76	10.2892725011752	0
77	8.48548990112927	0
78	3.68208522494342	0
79	8.4765310343228	0
80	9.34837407423894	0
81	3.07857635164949	0
82	7.2798189143299	0
83	6.15610641991942	0
84	-0.142907778321387	0
85	9.27293815158678	0
86	2.0982078041663	0
87	9.65965434419219	0
88	-0.148064794940074	0
89	2.68589978734744	0
90	1.25385013463343	0
91	0.79051291917728	0
92	2.12294813924888	0
93	9.02826433377465	0
94	10.9156578513234	0
95	11.5206430384198	0
96	9.68467876178348	0
97	1.91010902651787	0
98	2.77447815608451	0
99	6.28121768345242	0
100	5.31239821044149	0
101	5.61595378247751	0
102	3.32259900951617	0
103	0.421278453547899	0
104	11.2282662788883	0
105	5.29274988542538	0
106	5.09307216135443	0
107	1.98588312896555	0
108	6.55776487074047	0
109	10.8572643536451	0
110	9.5494837667534	0
111	9.44257543115604	0
112	6.85822068188835	0
113	6.14528742208058	0
114	2.87629157998856	0
115	0.363777240928913	0
116	-1.62868495311718	0
117	6.9468070560279	0
118	-0.320015776978275	0
119	5.34378884586512	0
120	6.32655157710804	0
121	9.89014851630298	0
122	7.6332005846152	0
123	4.38303547533982	0
124	0.722194958329392	0
125	7.85746985167533	0
126	5.87207848473772	0
127	4.9869085969998	0
128	1.41527301647559	0
129	0.380576755278162	0
130	5.50000341126558	0
131	6.01878726025075	0
132	-1.25301640912889	0
133	0.489479340289447	0
134	3.67675774278389	0
135	10.7564981171972	0
136	3.10420942118442	0
137	5.12885672243312	0
138	4.25577287807814	0
139	9.51695312516895	0
140	4.97790831229541	0
141	3.36473809271818	0
142	8.57166123582939	0
143	-1.46352073935419	0
144	1.17093031712545	0
145	5.51987527026427	0
146	2.92921197445074	0
147	5.27585431224622	0
148	7.99517047483296	0
149	-2.31274937607482	0
150	6.09332831950654	0
151	7.27611386265936	0
152	5.64879480072828	0
153	2.30919107955057	0
154	2.57885305050109	0
155	2.03037105120919	0
156	-0.979988259671014	0
157	7.3556248410648	0
158	-1.3392244410917	0
159	-0.435782502973813	0
160	5.2909754756972	0
161	3.26768652644564	0
162	9.26383503353843	0
163	6.47178997731563	0
164	10.1326639801678	0
165	8.32894232197286	0
166	8.36969544311348	0
167	-0.744352294156173	0
168	0.176860599782797	0
169	7.39591215553284	0
170	3.46646068043498	0
171	11.1809262679119	0
172	9.2989793838667	0
173	10.1875775873683	0
174	3.54200550161921	0
175	2.89792494252289	0
176	9.67589305531378	0
177	8.30706836619223	0
178	12.0434338018991	0
179	8.31842623588073	0
180	12.2527961347413	0
181	0.0621150180741119	0
182	3.26291245876743	0
183	10.077260926972	0
184	2.10557377058723	0
185	10.5667360015893	0
186	0.952814259871516	0
187	11.0264112525838	0
188	6.16182271281429	0
189	9.46427431168132	0
190	3.71954004943786	0
191	7.18671848980617	0
192	4.47088475688388	0
193	-1.25301883204675	0
194	11.7883713990251	0
195	-0.0173755688770831	0
196	3.9909090801482	0
197	3.20664267301305	0
198	7.0543894547932	0
199	3.63951363795564	0
200	7.63206394165678	0
201	0.933196336220535	-0.299184813650864
202	3.83277344408565	0.0770440443615426
203	4.20298313540266	0.785387611246923
204	13.0890550842129	1.96880207538442
205	2.07919871608019	-0.524419586089699
206	8.13973945137633	1.93415548486292
207	11.3109613281212	2.09749022806635
208	8.40622292010059	1.09573004662334
209	7.70093123009355	0.983922945305361
210	-0.869341528701938	-1.01808996893149
211	4.49525723569331	-0.50927150265346
212	1.89836750317081	-0.613082497024261
213	6.00179299880979	1.18827425049552
214	-0.820155155790156	0.119318991269577
215	10.4879588762689	1.4805283250036
216	4.88252368699216	0.520180215486971
217	7.57904157297518	1.29624165932806
218	12.7905455593364	2.26416058774377
219	5.20286454340831	0.104961740382398
220	9.51714529827255	1.50736097652415
221	12.0544175164873	2.06230749109476
222	3.10998285685403	-0.487505763530349
223	6.96921515976092	1.06353275338297
224	-3.47204224019094	-0.793059540063077
225	3.44629952051981	-0.293143407867836
226	3.52111163146665	0.126413294703262
227	-1.15090701550391	-1.18887182736677
228	0.647150717041725	0.113264332695952
229	8.4799900384284	1.83288167193278
230	3.92007108065157	-0.0350847267507737
231	7.50232048871051	0.465062707310755
232	5.98921445041507	0.879651803035283
233	5.6978389077052	0.505507498886167
234	1.12700113576673	-0.578990839379203
235	6.17436070962664	1.68354959311113
236	6.19161173170902	1.12279258270926
237	7.74229842129755	1.5666266894979
238	0.176696717231899	-0.855207723488887
239	9.8845820964505	1.31774094012755
240	5.46164465263741	0.215200274927598
241	8.5223083368831	1.66086960698329
242	6.25799896556609	1.04725216270901
243	9.78911989828251	1.52672566904069
244	6.74976213704334	0.715456267666323
245	3.97912357327344	0.633175089740546
246	7.0572844663492	1.54939310979596
247	0.00913835227917714	-1.1537920209499
248	6.26382662946961	0.447947621360032
249	7.56307243974195	1.34809887913613
250	9.07499413069979	1.2084194140644
251	5.52764722636056	0.449322308762084
252	8.11046093548606	1.80295221873182
253	4.93940466953885	0.30985340037934
254	-0.321158867783989	-0.372272126500804
255	2.71419596914147	-0.986708720585633
256	4.15439371908288	-0.88512340298982
257	2.06081753325998	-0.120049797713452
258	3.13534190568576	0.594056702027682
259	8.08350017189722	1.09999036690716
260	3.61185303849989	0.199517223249682
261	14.7577466121226	1.98527520700407
262	2.44476046765507	-0.200042881753511
263	5.88826744001823	0.383848448866033
264	3.04474040781165	-0.0631543138837959
265	5.32389918708107	1.06069803405824
266	2.47378596763627	-0.325622520508896
267	1.1326257215254	0.452588701794463
268	11.1268377708767	1.46806885072442
269	0.317469648841269	-0.938829792968258
270	13.8490793011679	1.85275078965085
271	4.01989431193118	-0.0395877431786145
272	7.65339134041168	1.72613230136717
273	4.38165457688311	-0.0127312719648135
274	1.1371039062817	-0.0582835994792284
275	2.20894814040502	0.444846400165623
276	10.2892725011752	1.91230716105326
277	8.48548990112927	1.81399748797291
278	3.68208522494342	0.140089168110054
279	8.4765310343228	1.50692155572645
280	9.34837407423894	2.15374967818545
281	3.07857635164949	0.297722556690637
282	7.2798189143299	1.27823102570684
283	6.15610641991942	0.175394666346454
284	-0.142907778321387	-0.0880062976441551
285	9.27293815158678	1.43552045055508
286	2.0982078041663	-0.520854306888732
287	9.65965434419219	1.27331373181036
288	-0.148064794940074	-0.806692093359255
289	2.68589978734744	-0.369832857137179
290	1.25385013463343	-0.730425034271155
291	0.79051291917728	-0.39050872061251
292	2.12294813924888	-1.02815386368834
293	9.02826433377465	1.03041273315946
294	10.9156578513234	1.85609572251621
295	11.5206430384198	1.5125464623703
296	9.68467876178348	1.57745659801611
297	1.91010902651787	0.370469627763687
298	2.77447815608451	0.210999720374773
299	6.28121768345242	1.62531276336996
300	5.31239821044149	0.898592765302297
301	5.61595378247751	1.07429630839122
302	3.32259900951617	0.010254870879911
303	0.421278453547899	-0.282417557993705
304	11.2282662788883	2.26690591194294
305	5.29274988542538	0.999376544591982
306	5.09307216135443	-0.483745374987941
307	1.98588312896555	-0.779589041364477
308	6.55776487074047	0.451081129080125
309	10.8572643536451	2.02479316101287
310	9.5494837667534	0.876811581296505
311	9.44257543115604	2.20863276889824
312	6.85822068188835	1.34625954955306
313	6.14528742208058	0.0227104309436988
314	2.87629157998856	0.286480376287284
315	0.363777240928913	-0.713108342400242
316	-1.62868495311718	-1.1899755013633
317	6.9468070560279	1.28899890492072
318	-0.320015776978275	-0.87200288313081
319	5.34378884586512	0.338744922627328
320	6.32655157710804	1.02269439172153
321	9.89014851630298	2.26392247954659
322	7.6332005846152	0.512749648578447
323	4.38303547533982	0.473071104105535
324	0.722194958329392	-0.62407280046014
325	7.85746985167533	1.42752336505405
326	5.87207848473772	0.365603473370763
327	4.9869085969998	0.567715696173326
328	1.41527301647559	-0.503729312977574
329	0.380576755278162	-0.429224662238299
330	5.50000341126558	0.866052229715209
331	6.01878726025075	0.79251177084333
332	-1.25301640912889	-0.96417585686589
333	0.489479340289447	-1.11070699660042
334	3.67675774278389	1.03220268315698
335	10.7564981171972	2.04081670177642
336	3.10420942118442	0.874452389023838
337	5.12885672243312	0.743208660389413
338	4.25577287807814	0.620147093750222
339	9.51695312516895	2.24012606617885
340	4.97790831229541	0.555266060016556
341	3.36473809271818	1.17333040217538
342	8.57166123582939	0.886622659969973
343	-1.46352073935419	-0.393193246299675
344	1.17093031712545	-0.325096207251481
345	5.51987527026427	1.33749781582929
346	2.92921197445074	0.360928958602311
347	5.27585431224622	-0.618128692179608
348	7.99517047483296	1.39885968810136
349	-2.31274937607482	-0.865638944026921
350	6.09332831950654	1.81472258980278
351	7.27611386265936	0.932863803124307
352	5.64879480072828	0.730006505640874
353	2.30919107955057	-0.0759194067163306
354	2.57885305050109	0.362907279805156
355	2.03037105120919	0.529855363089025
356	-0.979988259671014	-0.597874547618942
357	7.3556248410648	0.632861102127992
358	-1.3392244410917	-0.970487674625881
359	-0.435782502973813	-0.25596607332752
360	5.2909754756972	-0.485540202965493
361	3.26768652644564	-0.231142228536309
362	9.26383503353843	1.92252588011896
363	6.47178997731563	0.338571919893686
364	10.1326639801678	1.51632307798117
365	8.32894232197286	1.87144557948388
366	8.36969544311348	0.221727865043953
367	-0.744352294156173	-1.01095389907764
368	0.176860599782797	-0.0522402341236288
369	7.39591215553284	1.31779387487893
370	3.46646068043498	-0.0447314059125674
371	11.1809262679119	0.988510723722608
372	9.2989793838667	1.73027588699615
373	10.1875775873683	1.78503339663152
374	3.54200550161921	0.144922762376595
375	2.89792494252289	0.106580444277798
376	9.67589305531378	1.92376564540353
377	8.30706836619223	1.03756748591506
378	12.0434338018991	1.3790289057028
379	8.31842623588073	0.899898990086291
380	12.2527961347413	1.9507125757456
381	0.0621150180741119	-0.199595486275986
382	3.26291245876743	-0.561196598440255
383	10.077260926972	1.89202549209799
384	2.10557377058723	0.540083772384871
385	10.5667360015893	1.85887761965201
386	0.952814259871516	-0.568488916476853
387	11.0264112525838	1.43910542161174
388	6.16182271281429	1.32052148322745
389	9.46427431168132	2.09413623433461
390	3.71954004943786	0.696436754063599
391	7.18671848980617	1.27551095164782
392	4.47088475688388	0.136262332392573
393	-1.25301883204675	-0.880158435198638
394	11.7883713990251	2.03618293379309
395	-0.0173755688770831	-0.236640103936879
396	3.9909090801482	0.847918058394761
397	3.20664267301305	-0.846678574186026
398	7.0543894547932	1.72989645869758
399	3.63951363795564	-0.114079068824405
400	7.63206394165678	1.52643833161511
401	0.933196336220535	-0.43409661284504
402	3.83277344408565	0.216818419643866
403	4.20298313540266	1.44232642104577
404	13.0890550842129	3.4897564572247
405	2.07919871608019	-0.823776181802562
406	8.13973945137633	3.42981425418884
407	11.3109613281212	3.71240033820294
408	8.40622292010059	1.97925109363181
409	7.70093123009355	1.78581318625978
410	-0.869341528701938	-1.67787726002362
411	4.49525723569331	-0.797568422849315
412	1.89836750317081	-0.977172234025723
413	6.00179299880979	2.13936218608854
414	-0.820155155790156	0.289958472178599
415	10.4879588762689	2.6449921141287
416	4.88252368699216	0.983490058680141
417	7.57904157297518	2.32615702633351
418	12.7905455593364	4.00075738544675
419	5.20286454340831	0.265118935740458
420	9.51714529827255	2.69141539045187
421	12.0544175164873	3.65153054607723
422	3.10998285685403	-0.759911431667641
423	6.96921515976092	1.92354642949112
424	-3.47204224019094	-1.28855122668398
425	3.44629952051981	-0.423644352850117
426	3.52111163146665	0.302232354555455
427	-1.15090701550391	-1.9733476274994
428	0.647150717041725	0.279483283478346
429	8.4799900384284	3.25460003063897
430	3.92007108065157	0.0228239900908106
431	7.50232048871051	0.888131040196646
432	5.98921445041507	1.60541327138631
433	5.6978389077052	0.95810473376549
434	1.12700113576673	-0.918190122550101
435	6.17436070962664	2.9962400115502
436	6.19161173170902	2.02607209414904
437	7.74229842129755	2.79395123443148
438	0.176696717231899	-1.39607404417185
439	9.8845820964505	2.36335301691759
440	5.46164465263741	0.455843059546644
441	8.5223083368831	2.95700127801646
442	6.25799896556609	1.8953793152951
443	9.78911989828251	2.72491832142089
444	6.74976213704334	1.32133792744845
445	3.97912357327344	1.17898293669701
446	7.0572844663492	2.76413535015602
447	0.00913835227917714	-1.91265591593274
448	6.26382662946961	0.85852016242794
449	7.56307243974195	2.41587540704062
450	9.07499413069979	2.17421541310628
451	5.52764722636056	0.860898514529094
452	8.11046093548606	3.20281896550324
453	4.93940466953885	0.619602805553596
454	-0.321158867783989	-0.560545261334083
455	2.71419596914147	-1.62358443837645
456	4.15439371908288	-1.44783127937477
457	2.06081753325998	-0.124174414599002
458	3.13534190568576	1.11130405968702
459	8.08350017189722	1.98662189057333
460	3.61185303849989	0.428709749926574
461	14.7577466121226	3.51825668727097
462	2.44476046765507	-0.26257076508604
463	5.88826744001823	0.747621931051261
464	3.04474040781165	-0.0257393134185624
465	5.32389918708107	1.91864207039677
466	2.47378596763627	-0.479836593848465
467	1.1326257215254	0.866549714009178
468	11.1268377708767	2.62343592849191
469	0.317469648841269	-1.54074891669361
470	13.8490793011679	3.28897566964048
471	4.01989431193118	0.0150333035924097
472	7.65339134041168	3.06991252320807
473	4.38165457688311	0.0614977904609109
474	1.1371039062817	-0.0173124711990623
475	2.20894814040502	0.853154727396777
476	10.2892725011752	3.39201438291494
477	8.48548990112927	3.22192842942075
478	3.68208522494342	0.3258930371249
479	8.4765310343228	2.69065514679506
480	9.34837407423894	3.80973503494988
481	3.07857635164949	0.598615184998743
482	7.2798189143299	2.29499675800472
483	6.15610641991942	0.38697521899949
484	-0.142907778321387	-0.0687358286307328
485	9.27293815158678	2.56712381286738
486	2.0982078041663	-0.817607878182287
487	9.65965434419219	2.28648932842239
488	-0.148064794940074	-1.31213696095903
489	2.68589978734744	-0.556325071778554
490	1.25385013463343	-1.18018702095064
491	0.79051291917728	-0.592096464799494
492	2.12294813924888	-1.69528884407176
493	9.02826433377465	1.86624535175426
494	10.9156578513234	3.29476275119565
495	11.5206430384198	2.70038681998508
496	9.68467876178348	2.81268810191216
497	1.91010902651787	0.724475179846414
498	2.77447815608451	0.44857566353224
499	6.28121768345242	2.89548424251301
500	5.31239821044149	1.63818310497785
501	5.61595378247751	1.94216849850226
502	3.32259900951617	0.101266206939147
503	0.421278453547899	-0.40508751764036
504	11.2282662788883	4.00550708168147
505	5.29274988542538	1.81254951939186
506	5.09307216135443	-0.753405568605506
507	1.98588312896555	-1.26524586370793
508	6.55776487074047	0.863941456504646
509	10.8572643536451	3.58662685550694
510	9.5494837667534	1.60049939254368
511	9.44257543115604	3.90468848685448
512	6.85822068188835	2.41269317566781
513	6.14528742208058	0.122815620576419
514	2.87629157998856	0.579165044302058
515	0.363777240928913	-1.15022734398353
516	-1.62868495311718	-1.97525709823777
517	6.9468070560279	2.3136263083411
518	-0.320015776978275	-1.42513141617072
519	5.34378884586512	0.66958814225013
520	6.32655157710804	1.85289181876274
521	9.89014851630298	4.00034543351483
522	7.6332005846152	0.970634405537995
523	4.38303547533982	0.901986399106106
524	0.722194958329392	-0.996186601386646
525	7.85746985167533	2.55328802367188
526	5.87207848473772	0.716056226921061
527	4.9869085969998	1.0657313814718
528	1.41527301647559	-0.78797985861212
529	0.380576755278162	-0.659079068245501
530	5.50000341126558	1.5818845958981
531	6.01878726025075	1.45465195768761
532	-1.25301640912889	-1.58460024190176
533	0.489479340289447	-1.83811434521862
534	3.67675774278389	1.86934215131118
535	10.7564981171972	3.6143492466382
536	3.10420942118442	1.59641774467934
537	5.12885672243312	1.36935245165701
538	4.25577287807814	1.15644314940343
539	9.51695312516895	3.95917516480601
540	4.97790831229541	1.04419221680944
541	3.36473809271818	2.11350777511591
542	8.57166123582939	1.61747357848792
543	-1.46352073935419	-0.596740973288582
544	1.17093031712545	-0.478926017204081
545	5.51987527026427	2.39753446556354
546	2.92921197445074	0.707968830466544
547	5.27585431224622	-0.985902676184893
548	7.99517047483296	2.50369688302021
549	-2.31274937607482	-1.41412114000411
550	6.09332831950654	3.2231829309591
551	7.27611386265936	1.69747556280576
552	5.64879480072828	1.34651135160832
553	2.30919107955057	-0.0478242509209886
554	2.57885305050109	0.711391531789419
555	2.03037105120919	1.00022906974111
556	-0.979988259671014	-0.950860900723038
557	7.3556248410648	1.178439705489
558	-1.3392244410917	-1.59552034272553
559	-0.435782502973813	-0.359323699596658
560	5.2909754756972	-0.756510807574925
561	3.26768652644564	-0.316375867726095
562	9.26383503353843	3.40969382911103
563	6.47178997731563	0.669288829537693
564	10.1326639801678	2.70692075756242
565	8.32894232197286	3.32131959933217
566	8.36969544311348	0.467136468975969
567	-0.744352294156173	-1.66553111739836
568	0.176860599782797	-0.00685682093989814
569	7.39591215553284	2.36344459953992
570	3.46646068043498	0.00613423239071978
571	11.1809262679119	1.79375051981067
572	9.2989793838667	3.07708135706243
573	10.1875775873683	3.17181754064923
574	3.54200550161921	0.334255657647061
575	2.89792494252289	0.267919461740059
576	9.67589305531378	3.41183875192408
577	8.30706836619223	1.8786238177416
578	12.0434338018991	2.46938756810632
579	8.31842623588073	1.64044300963324
580	12.2527961347413	3.45845974248752
581	0.0621150180741119	-0.261796724404186
582	3.26291245876743	-0.887404236055162
583	10.077260926972	3.35692498738932
584	2.10557377058723	1.01792528104263
585	10.5667360015893	3.29957572241241
586	0.952814259871516	-0.900020704278221
587	11.0264112525838	2.57332618544491
588	6.16182271281429	2.36816364551151
589	9.46427431168132	3.70659758040708
590	3.71954004943786	1.2884321918809
591	7.18671848980617	2.29029074713716
592	4.47088475688388	0.319272213542857
593	-1.25301883204675	-1.43924136899901
594	11.7883713990251	3.60633234635749
595	-0.0173755688770831	-0.325887763660628
596	3.9909090801482	1.55051059450818
597	3.20664267301305	-1.38131772929238
598	7.0543894547932	3.0764249066652
599	3.63951363795564	-0.113844432977368
600	7.63206394165678	2.72442119780656
601	0.933196336220535	-0.456179316949858
602	3.83277344408565	0.39471905301468
603	4.20298313540266	1.99674498377877
604	13.0890550842129	4.67321548061091
605	2.07919871608019	-0.965581763482065
606	8.13973945137633	4.59485698478654
607	11.3109613281212	4.96426316879008
608	8.40622292010059	2.69863126062549
609	7.70093123009355	2.44576261901057
610	-0.869341528701938	-2.08209187458576
611	4.49525723569331	-0.931322085550719
612	1.89836750317081	-1.16610632395595
613	6.00179299880979	2.9079339511222
614	-0.820155155790156	0.490330228628427
615	10.4879588762689	3.56891066866634
616	4.88252368699216	1.39693841405721
617	7.57904157297518	3.15211854841823
618	12.7905455593364	5.34121335310116
619	5.20286454340831	0.457859137916216
620	9.51714529827255	3.62959676159733
621	12.0544175164873	4.88469209681498
622	3.10998285685403	-0.882095580070064
623	6.96921515976092	2.62581222042682
624	-3.47204224019094	-1.57315158189232
625	3.44629952051981	-0.442515765567248
626	3.52111163146665	0.50637506702718
627	-1.15090701550391	-2.4683408341414
628	0.647150717041725	0.476636704058816
629	8.4799900384284	4.36581096530362
630	3.92007108065157	0.141122906590286
631	7.50232048871051	1.27228184701071
632	5.98921445041507	2.20993768665244
633	5.6978389077052	1.36375385000081
634	1.12700113576673	-1.08900289262211
635	6.17436070962664	4.02807392109056
636	6.19161173170902	2.75983727221181
637	7.74229842129755	3.76363512013942
638	0.176696717231899	-1.71370908259189
639	9.8845820964505	3.20074241816691
640	5.46164465263741	0.707180228933368
641	8.5223083368831	3.97677970796467
642	6.25799896556609	2.58899120637778
643	9.78911989828251	3.67339293763827
644	6.74976213704334	1.83858469119377
645	3.97912357327344	1.65249338351025
646	7.0572844663492	3.72465877750983
647	0.00913835227917714	-2.38900255515749
648	6.26382662946961	1.23357349589111
649	7.56307243974195	3.26940148104252
650	9.07499413069979	2.95349528029292
651	5.52764722636056	1.23668255901773
652	8.11046093548606	4.2981209877799
653	4.93940466953885	0.921252564012673
654	-0.321158867783989	-0.621477310563764
655	2.71419596914147	-2.01111844313234
656	4.15439371908288	-1.78136790881326
657	2.06081753325998	-0.0510384304427171
658	3.13534190568576	1.56402124313175
659	8.08350017189722	2.70826661822186
660	3.61185303849989	0.671710639547515
661	14.7577466121226	4.71047195508078
662	2.44476046765507	-0.231954868319682
663	5.88826744001823	1.08860353882997
664	3.04474040781165	0.0776392970042335
665	5.32389918708107	2.61940107465385
666	2.47378596763627	-0.515972182893059
667	1.1326257215254	1.24407000005986
668	11.1268377708767	3.5407316863023
669	0.317469648841269	-1.90283301898784
670	13.8490793011679	4.410747975102
671	4.01989431193118	0.130938655019008
672	7.65339134041168	4.12438114546235
673	4.38165457688311	0.191678619782873
674	1.1371039062817	0.088655153069354
675	2.20894814040502	1.22655961590018
676	10.2892725011752	4.54544370156762
677	8.48548990112927	4.32310153191657
678	3.68208522494342	0.537305119684909
679	8.4765310343228	3.62860294511427
680	9.34837407423894	5.09150240996458
681	3.07857635164949	0.893816829349619
682	7.2798189143299	3.1113847810212
683	6.15610641991942	0.617153834796357
684	-0.142907778321387	0.0214327832780126
685	9.27293815158678	3.46711856476944
686	2.0982078041663	-0.957518346240234
687	9.65965434419219	3.10026357840199
688	-0.148064794940074	-1.6039836595789
689	2.68589978734744	-0.615960534587626
690	1.25385013463343	-1.43149418973097
691	0.79051291917728	-0.66272212172826
692	2.12294813924888	-2.10485289214656
693	9.02826433377465	2.55090629383134
694	10.9156578513234	4.4183130458353
695	11.5206430384198	3.64132452080558
696	9.68467876178348	3.78812859348354
697	1.91010902651787	1.05834531481128
698	2.77447815608451	0.697680040561779
699	6.28121768345242	3.89636253733215
700	5.31239821044149	2.25277553275416
701	5.61595378247751	2.65015562528929
702	3.32259900951617	0.243665252551227
703	0.421278453547899	-0.418257636558756
704	11.2282662788883	5.34742231829972
705	5.29274988542538	2.48071326716802
706	5.09307216135443	-0.873590893592606
707	1.98588312896555	-1.54268601514712
708	6.55776487074047	1.24066039673487
709	10.8572643536451	4.79984777496889
710	9.5494837667534	2.20351409633927
711	9.44257543115604	5.21562880652235
712	6.85822068188835	3.26524155946623
713	6.14528742208058	0.271835382326128
714	2.87629157998856	0.868390940887483
715	0.363777240928913	-1.39232987638196
716	-1.62868495311718	-2.47083695953055
717	6.9468070560279	3.13573796572764
718	-0.320015776978275	-1.75169387205782
719	5.34378884586512	0.986595103966894
720	6.32655157710804	2.5334500992612
721	9.89014851630298	5.34067483546079
722	7.6332005846152	1.38013306503699
723	4.38303547533982	1.29039404556642
724	0.722194958329392	-1.19096255462472
725	7.85746985167533	3.44903194841246
726	5.87207848473772	1.04733977190102
727	4.9869085969998	1.50444708110945
728	1.41527301647559	-0.91878758677208
729	0.380576755278162	-0.750284069514679
730	5.50000341126558	2.17918019816153
731	6.01878726025075	2.01285734639756
732	-1.25301640912889	-1.96015696954668
733	0.489479340289447	-2.29155926709465
734	3.67675774278389	2.55495453601898
735	10.7564981171972	4.83608743183304
736	3.10420942118442	2.19817842679534
737	5.12885672243312	1.90135091772793
738	4.25577287807814	1.62302860345421
739	9.51695312516895	5.28685565356021
740	4.97790831229541	1.47629034914473
741	3.36473809271818	2.87413618174378
742	8.57166123582939	2.22570333215428
743	-1.46352073935419	-0.668793581911842
744	1.17093031712545	-0.514781845992294
745	5.51987527026427	3.24542557569771
746	2.92921197445074	1.03676765093756
747	5.27585431224622	-1.17751905623516
748	7.99517047483296	3.38420471499638
749	-2.31274937607482	-1.73730086287011
750	6.09332831950654	4.32474145918944
751	7.27611386265936	2.33028465944317
752	5.64879480072828	1.87149225134359
753	2.30919107955057	0.0487691121358215
754	2.57885305050109	1.04124192304858
755	2.03037105120919	1.4188202212297
756	-0.979988259671014	-1.13171125009625
757	7.3556248410648	1.65178325311483
758	-1.3392244410917	-1.97443209844525
759	-0.435782502973813	-0.358433610022077
760	5.2909754756972	-0.877650168068609
761	3.26768652644564	-0.302290736823345
762	9.26383503353843	4.56855487768012
763	6.47178997731563	0.986203832162725
764	10.1326639801678	3.64986590724852
765	8.32894232197286	4.45302906507418
766	8.36969544311348	0.721943359595769
767	-0.744352294156173	-2.06595257512141
768	0.176860599782797	0.102323136321214
769	7.39591215553284	3.20086213809989
770	3.46646068043498	0.119305485093952
771	11.1809262679119	2.45613857261928
772	9.2989793838667	4.13375249001081
773	10.1875775873683	4.25759486600025
774	3.54200550161921	0.548237022953036
775	2.89792494252289	0.461520081187095
776	9.67589305531378	4.57135879406587
777	8.30706836619223	2.56708784749898
778	12.0434338018991	3.33935440631139
779	8.31842623588073	2.25572975733274
780	12.2527961347413	4.63230334580695
781	0.0621150180741119	-0.230943015894094
782	3.26291245876743	-1.04875852994962
783	10.077260926972	4.49957364485435
784	2.10557377058723	1.44195331326082
785	10.5667360015893	4.42460472625228
786	0.952814259871516	-1.06525120827149
787	11.0264112525838	3.47522651811622
788	6.16182271281429	3.20703103622728
789	9.46427431168132	4.95667760553934
790	3.71954004943786	1.79556918938571
791	7.18671848980617	3.10523292282716
792	4.47088475688388	0.528650152888026
793	-1.25301883204675	-1.7701388844828
794	11.7883713990251	4.82560746587658
795	-0.0173755688770831	-0.314725012177255
796	3.9909090801482	2.1381670316045
797	3.20664267301305	-1.69441912360967
798	7.0543894547932	4.13289435562293
799	3.63951363795564	-0.0375347255274962
800	7.63206394165678	3.67274308066464
801	0.933196336220535	-0.402596437070285
802	3.83277344408565	0.59338232978673
803	4.20298313540266	2.46855787050598
804	13.0890550842129	5.60137358511963
805	2.07919871608019	-0.998853332652583
806	8.13973945137633	5.50965476087606
807	11.3109613281212	5.94204566512533
808	8.40622292010059	3.290117592752
809	7.70093123009355	2.99413418657514
810	-0.869341528701938	-2.30573133699849
811	4.49525723569331	-0.958752290056389
812	1.89836750317081	-1.23356785499166
813	6.00179299880979	3.53510693923465
814	-0.820155155790156	0.70529546083374
815	10.4879588762689	4.30878191535225
816	4.88252368699216	1.76648271235411
817	7.57904157297518	3.82092564883038
818	12.7905455593364	6.38326684145961
819	5.20286454340831	0.667287964254099
820	9.51714529827255	4.37981514580172
821	12.0544175164873	5.84890751732684
822	3.10998285685403	-0.9011325366805
823	6.96921515976092	3.20488271580212
824	-3.47204224019094	-1.71001539369285
825	3.44629952051981	-0.386603214451341
826	3.52111163146665	0.724075986131345
827	-1.15090701550391	-2.7578367540697
828	0.647150717041725	0.689267154521042
829	8.4799900384284	5.24155579619287
830	3.92007108065157	0.296547377328207
831	7.50232048871051	1.62057187469112
832	5.98921445041507	2.71810048664694
833	5.6978389077052	1.72764009335961
834	1.12700113576673	-1.14331808701582
835	6.17436070962664	4.84623370287252
836	6.19161173170902	3.36175938934695
837	7.74229842129755	4.53670739494054
838	0.176696717231899	-1.87453831577237
839	9.8845820964505	3.87784001550631
840	5.46164465263741	0.95911895318061
841	8.5223083368831	4.78619369229152
842	6.25799896556609	3.16178362258313
843	9.78911989828251	4.43107868436993
844	6.74976213704334	2.28343083449918
845	3.97912357327344	2.06561047228934
846	7.0572844663492	4.49108548398255
847	0.00913835227917714	-2.66497109107608
848	6.26382662946961	1.57526364849628
849	7.56307243974195	3.9582056281226
850	9.07499413069979	3.58843659415656
851	5.52764722636056	1.57890281501515
852	8.11046093548606	5.16232450051479
853	4.93940466953885	1.20969118111821
854	-0.321158867783989	-0.596078170794111
855	2.71419596914147	-2.22265674991058
856	4.15439371908288	-1.9537331487696
857	2.06081753325998	0.0716220298937035
858	3.13534190568576	1.96205360065136
859	8.08350017189722	3.30139580401177
860	3.61185303849989	0.917601706063403
861	14.7577466121226	5.6449823858998
862	2.44476046765507	-0.14014113367702
863	5.88826744001823	1.40557593470846
864	3.04474040781165	0.222239646319409
865	5.32389918708107	3.19737845291186
866	2.47378596763627	-0.472584142995068
867	1.1326257215254	1.58754983407064
868	11.1268377708767	4.27579834281656
869	0.317469648841269	-2.09590837781942
870	13.8490793011679	5.29415468365707
871	4.01989431193118	0.284626684235627
872	7.65339134041168	4.95896156081075
873	4.38165457688311	0.355722971806343
874	1.1371039062817	0.235133734646397
875	2.20894814040502	1.56705388362796
876	10.2892725011752	5.45181638366918
877	8.48548990112927	5.1915642927425
878	3.68208522494342	0.760279693638919
879	8.4765310343228	4.37865188100981
880	9.34837407423894	6.09097952960798
881	3.07857635164949	1.17757758195987
882	7.2798189143299	3.77324666758704
883	6.15610641991942	0.853742823454448
884	-0.142907778321387	0.156449775041707
885	9.27293815158678	4.18963399158874
886	2.0982078041663	-0.989415081687891
887	9.65965434419219	3.76022927084305
888	-0.148064794940074	-1.74610442124053
889	2.68589978734744	-0.589620770089525
890	1.25385013463343	-1.54420504578148
891	0.79051291917728	-0.644355330103486
892	2.12294813924888	-2.33237316756583
893	9.02826433377465	3.11720513286826
894	10.9156578513234	5.30300961873052
895	11.5206430384198	4.39354251861913
896	9.68467876178348	4.56537706953204
897	1.91010902651787	1.37015860437949
898	2.77447815608451	0.947998957851863
899	6.28121768345242	4.69206518380226
900	5.31239821044149	2.76824229751559
901	5.61595378247751	3.23337673484347
902	3.32259900951617	0.41657346138929
903	0.421278453547899	-0.35820901102004
904	11.2282662788883	6.39053445145889
905	5.29274988542538	3.03504401162765
906	5.09307216135443	-0.891177778921735
907	1.98588312896555	-1.67435536816037
908	6.55776487074047	1.58355888446378
909	10.8572643536451	5.74959701676658
910	9.5494837667534	2.71058165738985
911	9.44257543115604	6.23626980132769
912	6.85822068188835	3.95333642904076
913	6.14528742208058	0.449546671946243
914	2.87629157998856	1.14781651303478
915	0.363777240928913	-1.49836311460493
916	-1.62868495311718	-2.76075847536423
917	6.9468070560279	3.80175213396132
918	-0.320015776978275	-1.91899961115971
919	5.34378884586512	1.28617479498343
920	6.32655157710804	3.09677261148183
921	9.89014851630298	6.38263650515351
922	7.6332005846152	1.7468120073856
923	4.38303547533982	1.6417722504579
924	0.722194958329392	-1.26266213798016
925	7.85746985167533	4.16846355985247
926	5.87207848473772	1.35727658762723
927	4.9869085969998	1.89232188823782
928	1.41527301647559	-0.944080626462487
929	0.380576755278162	-0.746846818932581
930	5.50000341126558	2.68209876594783
931	6.01878726025075	2.48741743307969
932	-1.25301640912889	-2.16300621183142
933	0.489479340289447	-2.55091346761705
934	3.67675774278389	3.12194361093369
935	10.7564981171972	5.7920156298806
936	3.10420942118442	2.70433624223769
937	5.12885672243312	2.35689886677001
938	4.25577287807814	2.03112187019323
939	9.51695312516895	6.3196410120198
940	4.97790831229541	1.85936435985272
941	3.36473809271818	3.4955465618074
942	8.57166123582939	2.73655421592871
943	-1.46352073935419	-0.651461990123198
944	1.17093031712545	-0.471190850540392
945	5.51987527026427	3.93014176822757
946	2.92921197445074	1.34490189239696
947	5.27585431224622	-1.24692648796494
948	7.99517047483296	4.09258311363751
949	-2.31274937607482	-1.90215255627261
950	6.09332831950654	5.19348383190325
951	7.27611386265936	2.85896693296541
952	5.64879480072828	2.32194921969676
953	2.30919107955057	0.188447019445093
954	2.57885305050109	1.35013903960163
955	2.03037105120919	1.79209542486309
956	-0.979988259671014	-1.19330833110731
957	7.3556248410648	2.06477926280474
958	-1.3392244410917	-2.17971528753187
959	-0.435782502973813	-0.288184831539114
960	5.2909754756972	-0.895929170309536
961	3.26768652644564	-0.222469451665237
962	9.26383503353843	5.47886807573681
963	6.47178997731563	1.28571681031361
964	10.1326639801678	4.40354023378345
965	8.32894232197286	5.34364481002035
966	8.36969544311348	0.97639923622158
967	-0.744352294156173	-2.28684024477663
968	0.176860599782797	0.251132144779886
969	7.39591215553284	3.87798014800089
970	3.46646068043498	0.271010028421516
971	11.1809262679119	3.00627926740377
972	9.2989793838667	4.96993074410764
973	10.1875775873683	5.11488856900951
974	3.54200550161921	0.773075514997518
975	2.89792494252289	0.6715731079248
976	9.67589305531378	5.48215006719764
977	8.30706836619223	3.13614568374556
978	12.0434338018991	4.04008571005323
979	8.31842623588073	2.77170022510912
980	12.2527961347413	5.55348582436011
981	0.0621150180741119	-0.138956757767215
982	3.26291245876743	-1.09621195528217
983	10.077260926972	5.39812536235149
984	2.10557377058723	1.81917276957079
985	10.5667360015893	5.31037404710922
986	0.952814259871516	-1.11551667838074
987	11.0264112525838	4.19912437218073
988	6.16182271281429	3.88520085938859
989	9.46427431168132	5.93316674350664
990	3.71954004943786	2.23308107716175
991	7.18671848980617	3.76604590148587
992	4.47088475688388	0.750149032373336
993	-1.25301883204675	-1.94058954643066
994	11.7883713990251	5.77974880232698
995	-0.0173755688770831	-0.237023803478443
996	3.9909090801482	2.63409274725716
997	3.20664267301305	-1.85195936834691
998	7.0543894547932	4.9689262955629
999	3.63951363795564	0.0874281518046238
1000	7.63206394165678	4.43031802508314
1001	0.933196336220535	-0.300043714417449
1002	3.83277344408565	0.80071366297935
1003	4.20298313540266	2.87316076631913
1004	13.0890550842129	6.33555386609158
1005	2.07919871608019	-0.959027819778555
1006	8.13973945137633	6.23418607011851
1007	11.3109613281212	6.71206521133115
1008	8.40622292010059	3.78114992766257
1009	7.70093123009355	3.45402857851539
1010	-0.869341528701938	-2.40339154771322
1011	4.49525723569331	-0.914708081298226
1012	1.89836750317081	-1.2184346973591
1013	6.00179299880979	4.05191255784936
1014	-0.820155155790156	0.924400240170465
1015	10.4879588762689	4.90697941871849
1016	4.88252368699216	2.09722614247023
1017	7.57904157297518	4.36779986755412
1018	12.7905455593364	7.19970358383009
1019	5.20286454340831	0.882394292203875
1020	9.51714529827255	4.98548546228037
1021	12.0544175164873	6.60912877662202
1022	3.10998285685403	-0.851026634742449
1023	6.96921515976092	3.68694820094287
1024	-3.47204224019094	-1.74500530370134
1025	3.44629952051981	-0.282367978375699
1026	3.52111163146665	0.945156507734243
1027	-1.15090701550391	-2.90305920104346
1028	0.647150717041725	0.906685729572458
1029	8.4799900384284	5.9378826517447
1030	3.92007108065157	0.472651183475853
1031	7.50232048871051	1.93596524380015
1032	5.98921445041507	3.1489556776493
1033	5.6978389077052	2.05429721583203
1034	1.12700113576673	-1.1186905047984
1035	6.17436070962664	5.50097202156779
1036	6.19161173170902	3.86032855953312
1037	7.74229842129755	5.15888303504281
1038	0.176696717231899	-1.92683630879535
1039	9.8845820964505	4.43070171956458
1040	5.46164465263741	1.20492638295072
1041	8.5223083368831	5.43461570275331
1042	6.25799896556609	3.63931501196473
1043	9.78911989828251	5.04214200973719
1044	6.74976213704334	2.66855806049724
1045	3.97912357327344	2.42782263658218
1046	7.0572844663492	5.10846162373459
1047	0.00913835227917714	-2.80042391699051
1048	6.26382662946961	1.88589051741002
1049	7.56307243974195	4.5195219273041
1050	9.07499413069979	4.11085258051125
1051	5.52764722636056	1.88991253025459
1052	8.11046093548606	5.85031609295794
1053	4.93940466953885	1.48185922293833
1054	-0.321158867783989	-0.513880045949002
1055	2.71419596914147	-2.3115773769154
1056	4.15439371908288	-2.01436256896704
1057	2.06081753325998	0.224063318160837
1058	3.13534190568576	2.31337141108532
1059	8.08350017189722	3.79361462536612
1060	3.61185303849989	1.15904145289575
1061	14.7577466121226	6.38375038470781
1062	2.44476046765507	-0.00997767981841401
1063	5.88826744001823	1.69835137599341
1064	3.04474040781165	0.390526156489918
1065	5.32389918708107	3.67865447720773
1066	2.47378596763627	-0.37739424254858
1067	1.1326257215254	1.89946922999013
1068	11.1268377708767	4.87052591989929
1069	0.317469648841269	-2.17149486683071
1070	13.8490793011679	5.9960150290059
1071	4.01989431193118	0.45947641379
1072	7.65339134041168	5.62555903626412
1073	4.38165457688311	0.538052148186381
1074	1.1371039062817	0.404776724195821
1075	2.20894814040502	1.87681707172402
1076	10.2892725011752	6.17026300014379
1077	8.48548990112927	5.88263195960012
1078	3.68208522494342	0.985168905040499
1079	8.4765310343228	4.98419982011191
1080	9.34837407423894	6.87666716423305
1081	3.07857635164949	1.44636722013203
1082	7.2798189143299	4.31510497877051
1083	6.15610641991942	1.08846451041138
1084	-0.142907778321387	0.317815082140968
1085	9.27293815158678	4.77529693667315
1086	2.0982078041663	-0.948596649230721
1087	9.65965434419219	4.30071813039856
1088	-0.148064794940074	-1.78489095652658
1089	2.68589978734744	-0.506743316029738
1090	1.25385013463343	-1.56175143345253
1091	0.79051291917728	-0.567236042118732
1092	2.12294813924888	-2.43283614283937
1093	9.02826433377465	3.59004679153699
1094	10.9156578513234	6.00580151786774
1095	11.5206430384198	5.00065697738076
1096	9.68467876178348	5.19056880673224
1097	1.91010902651787	1.65920808404319
1098	2.77447815608451	1.19263654575533
1099	6.28121768345242	5.33058471977374
1100	5.31239821044149	3.2043724898007
1101	5.61595378247751	3.71843983782829
1102	3.32259900951617	0.605304209731837
1103	0.421278453547899	-0.25098665786729
1104	11.2282662788883	7.20773575839943
1105	5.29274988542538	3.49924218470165
1106	5.09307216135443	-0.840024620033101
1107	1.98588312896555	-1.70559378461151
1108	6.55776487074047	1.89505842589595
1109	10.8572643536451	6.49937064745061
1110	9.5494837667534	3.14064585514148
1111	9.44257543115604	7.03724221239813
1112	6.85822068188835	4.51414048044027
1113	6.14528742208058	0.641746256475022
1114	2.87629157998856	1.41347523762332
1115	0.363777240928913	-1.51108685543554
1116	-1.62868495311718	-2.90628829224166
1117	6.9468070560279	4.34660926726719
1118	-0.320015776978275	-1.97597500585881
1119	5.34378884586512	1.56638903924936
1120	6.32655157710804	3.56746473516856
1121	9.89014851630298	7.19900693510397
1122	7.6332005846152	2.07548604686456
1123	4.38303547533982	1.95939593409739
1124	0.722194958329392	-1.25058974694989
1125	7.85746985167533	4.75189934056784
1126	5.87207848473772	1.6449708578616
1127	4.9869085969998	2.23630380740544
1128	1.41527301647559	-0.898492934472721
1129	0.380576755278162	-0.68050980477637
1130	5.50000341126558	3.10916651649722
1131	6.01878726025075	2.89400438601095
1132	-1.25301640912889	-2.24565150375293
1133	0.489479340289447	-2.67436724324528
1134	3.67675774278389	3.59528376531769
1135	10.7564981171972	6.54625176869333
1136	3.10420942118442	3.13374341200473
1137	5.12885672243312	2.74975505105172
1138	4.25577287807814	2.38970577660816
1139	9.51695312516895	7.12938421209301
1140	4.97790831229541	2.19987909262447
1141	3.36473809271818	4.00819036340632
1142	8.57166123582939	3.16935076971686
1143	-1.46352073935419	-0.57509033450494
1144	1.17093031712545	-0.375854373427478
1145	5.51987527026427	4.48850570301734
1146	2.92921197445074	1.63129432426365
1147	5.27585431224622	-1.233198680575
1148	7.99517047483296	4.66803614613965
1149	-2.31274937607482	-1.9573556129847
1150	6.09332831950654	5.88475343744956
1151	7.27611386265936	3.3046415066776
1152	5.64879480072828	2.71112864340781
1153	2.30919107955057	0.353178489480004
1154	2.57885305050109	1.63708242800029
1155	2.03037105120919	2.1255333546193
1156	-0.979988259671014	-1.17393980509746
1157	7.3556248410648	2.42690398248755
1158	-1.3392244410917	-2.26411840180217
1159	-0.435782502973813	-0.173595819101696
1160	5.2909754756972	-0.845275865638995
1161	3.26768652644564	-0.100967072775231
1162	9.26383503353843	6.20016057487672
1163	6.47178997731563	1.56588287383618
1164	10.1326639801678	5.01170646868564
1165	8.32894232197286	6.05071159836611
1166	8.36969544311348	1.22402458029571
1167	-0.744352294156173	-2.38251308140221
1168	0.176860599782797	0.42245819348721
1169	7.39591215553284	4.43085659422893
1170	3.46646068043498	0.444427263304439
1171	11.1809262679119	3.46745134189756
1172	9.2989793838667	5.63768219575292
1173	10.1875775873683	5.79788982314608
1174	3.54200550161921	0.999310867930709
1175	2.89792494252289	0.887130240063099
1176	9.67589305531378	6.20378783725748
1177	8.30706836619223	3.61097991963564
1178	12.0434338018991	4.61001592903008
1179	8.31842623588073	3.20819419708577
1180	12.2527961347413	6.28262823384201
1181	0.0621150180741119	-0.00866870560760535
1182	3.26291245876743	-1.06662873023863
1183	10.077260926972	6.1109235947447
1184	2.10557377058723	2.15545928069238
1185	10.5667360015893	6.01394069626985
1186	0.952814259871516	-1.08796434207743
1187	11.0264112525838	4.78578572097113
1188	6.16182271281429	4.43883693637533
1189	9.46427431168132	6.70225221249992
1190	3.71954004943786	2.61291142556525
1191	7.18671848980617	4.30714668018771
1192	4.47088475688388	0.973972481485016
1193	-1.25301883204675	-1.99983623796321
1194	11.7883713990251	6.5326944506297
1195	-0.0173755688770831	-0.117052566427041
1196	3.9909090801482	3.05611018538691
1197	3.20664267301305	-1.90188201882504
1198	7.0543894547932	5.63657207756302
1199	3.63951363795564	0.241532270191193
1200	7.63206394165678	5.04130132783765
1201	0.933196336220535	-0.167557993726092
1202	3.83277344408565	1.00843881090689
1203	4.20298313540266	3.22254268279028
1204	13.0890550842129	6.92159871941214
1205	2.07919871608019	-0.871585255429583
1206	8.13973945137633	6.81330218958199
1207	11.3109613281212	7.32384552511326
1208	8.40622292010059	4.19259509788878
1209	7.70093123009355	3.84311421388682
1210	-0.869341528701938	-2.41467473514392
1211	4.49525723569331	-0.824236155704905
1212	1.89836750317081	-1.14872322006988
1213	6.00179299880979	4.48186500827241
1214	-0.820155155790156	1.14057966459504
1215	10.4879588762689	5.39537775574788
1216	4.88252368699216	2.39357105199514
1217	7.57904157297518	4.81934397908379
1218	12.7905455593364	7.84481515897696
1219	5.20286454340831	1.09570250855806
1220	9.51714529827255	5.47924987713351
1221	12.0544175164873	7.21387313629809
1222	3.10998285685403	-0.756201928361267
1223	6.96921515976092	4.0919544554656
1224	-3.47204224019094	-1.71128620005788
1225	3.44629952051981	-0.148674078404269
1226	3.52111163146665	1.16275467321395
1227	-1.15090701550391	-2.94849588025808
1228	0.647150717041725	1.12165432438232
1229	8.4799900384284	6.49674571640758
1230	3.92007108065157	0.657952468014078
1231	7.50232048871051	2.22128758113915
1232	5.98921445041507	3.51718884289628
1233	5.6978389077052	2.34770782946354
1234	1.12700113576673	-1.04216127086952
1235	6.17436070962664	6.02997118866076
1236	6.19161173170902	4.2771857806196
1237	7.74229842129755	5.66449959308998
1238	0.176696717231899	-1.90554579382909
1239	9.8845820964505	4.88654532471068
1240	5.46164465263741	1.44028044725595
1241	8.5223083368831	5.95907925507447
1242	6.25799896556609	4.04106542289309
1243	9.78911989828251	5.53977903654586
1244	6.74976213704334	3.00395488750806
1245	3.97912357327344	2.74676461551951
1246	7.0572844663492	5.61063175645211
1247	0.00913835227917714	-2.83884522647431
1248	6.26382662946961	2.16779012617144
1249	7.56307243974195	4.98143660832446
1250	9.07499413069979	4.54483372393916
1251	5.52764722636056	2.172087053315
1252	8.11046093548606	6.40319377168252
1253	4.93940466953885	1.73614231619346
1254	-0.321158867783989	-0.396010555352573
1255	2.71419596914147	-2.31658484386051
1256	4.15439371908288	-1.99905468543134
1257	2.06081753325998	0.392373021276824
1258	3.13534190568576	2.62449037213544
1259	8.08350017189722	4.2059117878071
1260	3.61185303849989	1.39125917132949
1261	14.7577466121226	6.97308958656505
1262	2.44476046765507	0.142334755416991
1263	5.88826744001823	1.96743223116363
1264	3.04474040781165	0.570213996940408
1265	5.32389918708107	4.08309383566752
1266	2.47378596763627	-0.250195617408439
1267	1.1326257215254	2.18229697657566
1268	11.1268377708767	5.3564325721776
1269	0.317469648841269	-2.16692735563713
1270	13.8490793011679	6.55885158215846
1271	4.01989431193118	0.643877170977251
1272	7.65339134041168	6.16307402693393
1273	4.38165457688311	0.727823746734356
1274	1.1371039062817	0.585438625392122
1275	2.20894814040502	2.1580964885426
1276	10.2892725011752	6.74500982327472
1277	8.48548990112927	6.43771850591598
1278	3.68208522494342	1.20550201458462
1279	8.4765310343228	5.47787635821548
1280	9.34837407423894	7.49969841933302
1281	3.07857635164949	1.69822434921245
1282	7.2798189143299	4.76304726729016
1283	6.15610641991942	1.31585812424438
1284	-0.142907778321387	0.492532944919648
1285	9.27293815158678	5.25469445778291
1286	2.0982078041663	-0.860441089163039
1287	9.65965434419219	4.7476770430595
1288	-0.148064794940074	-1.75389813365593
1289	2.68589978734744	-0.388386012694107
1290	1.25385013463343	-1.51550648485954
1291	0.79051291917728	-0.453013562820034
1292	2.12294813924888	-2.44613193951347
1293	9.02826433377465	3.9884296005196
1294	10.9156578513234	6.5693070011876
1295	11.5206430384198	5.49545840196002
1296	9.68467876178348	5.69835116385776
1297	1.91010902651787	1.92561340060067
1298	2.77447815608451	1.42715056998417
1299	6.28121768345242	5.84793750296909
1300	5.31239821044149	3.57639352809867
1301	5.61595378247751	4.12559862184629
1302	3.32259900951617	0.799672649232266
1303	0.421278453547899	-0.115147768791583
1304	11.2282662788883	7.85339635209159
1305	5.29274988542538	3.89141827933559
1306	5.09307216135443	-0.744447899355061
1307	1.98588312896555	-1.66918080838204
1308	6.55776487074047	2.17758468336089
1309	10.8572643536451	7.09661277371635
1310	9.5494837667534	3.50831102393551
1311	9.44257543115604	7.67124916014431
1312	6.85822068188835	4.97568732656072
1313	6.14528742208058	0.838605597949468
1314	2.87629157998856	1.66308412020053
1315	0.363777240928913	-1.46137886048061
1316	-1.62868495311718	-2.95194568764428
1317	6.9468070560279	4.79670495005033
1318	-0.320015776978275	-1.95804323960331
1319	5.34378884586512	1.82644994975488
1320	6.32655157710804	3.96430400601836
1321	9.89014851630298	7.84407089262663
1322	7.6332005846152	2.3703449683098
1323	4.38303547533982	2.24631981574935
1324	0.722194958329392	-1.1830761450178
1325	7.85746985167533	5.22969757943266
1326	5.87207848473772	1.91040302559871
1327	4.9869085969998	2.5421550114744
1328	1.41527301647559	-0.806912664402448
1329	0.380576755278162	-0.574029860933943
1330	5.50000341126558	3.47467999641047
1331	6.01878726025075	3.24481101426631
1332	-1.25301640912889	-2.24615277792692
1333	0.489479340289447	-2.70417227440414
1334	3.67675774278389	3.99402453411578
1335	10.7564981171972	7.146698332906
1336	3.10420942118442	3.5009367821274
1337	5.12885672243312	3.09070188861715
1338	4.25577287807814	2.70604237603918
1339	9.51695312516895	7.76968928822225
1340	4.97790831229541	2.50324057940093
1341	3.36473809271818	4.43515429616422
1342	8.57166123582939	3.53897798880086
1343	-1.46352073935419	-0.461404715074381
1344	1.17093031712545	-0.248550494511102
1345	5.51987527026427	4.9483003501426
1346	2.92921197445074	1.89579166787365
1347	5.27585431224622	-1.16449635722261
1348	7.99517047483296	5.14010213297097
1349	-2.31274937607482	-1.93815116622385
1350	6.09332831950654	6.43998499190397
1351	7.27611386265936	3.68351617462573
1352	5.64879480072828	3.04943527265214
1353	2.30919107955057	0.530313526622395
1354	2.57885305050109	1.90197540249032
1355	2.03037105120919	2.42381313051212
1356	-0.979988259671014	-1.1011869943796
1357	7.3556248410648	2.74578316919716
1358	-1.3392244410917	-2.26588193309165
1359	-0.435782502973813	-0.0324670791454793
1360	5.2909754756972	-0.75005808029019
1361	3.26768652644564	0.0451260175334753
1362	9.26383503353843	6.77695096950202
1363	6.47178997731563	1.82590918671233
1364	10.1326639801678	5.50726315270182
1365	8.32894232197286	6.61728679423409
1366	8.36969544311348	1.46068405254913
1367	-0.744352294156173	-2.39236917519805
1368	0.176860599782797	0.604328665845054
1369	7.39591215553284	4.88671078543267
1370	3.46646068043498	0.627799374682745
1371	11.1809262679119	3.85745445558851
1372	9.2989793838667	6.17602583367503
1373	10.1875775873683	6.3471840396166
1374	3.54200550161921	1.220610614819
1375	2.89792494252289	1.10076216990008
1376	9.67589305531378	6.78082616403347
1377	8.30706836619223	4.01079355851841
1378	12.0434338018991	5.07811609378917
1379	8.31842623588073	3.58047645831361
1380	12.2527961347413	6.86505549227896
1381	0.0621150180741119	0.143733201178852
1382	3.26291245876743	-0.986540948187142
1383	10.077260926972	6.68161442609539
1384	2.10557377058723	2.45578456596218
1385	10.5667360015893	6.5780025121056
1386	0.952814259871516	-1.00933490066254
1387	11.0264112525838	5.26590017583867
1388	6.16182271281429	4.89523660325297
1389	9.46427431168132	7.31336178409425
1390	3.71954004943786	2.94450467058255
1391	7.18671848980617	4.75454499976431
1392	4.47088475688388	1.19354028841777
1393	-1.25301883204675	-1.98353544459378
1394	11.7883713990251	7.13221433938516
1395	-0.0173755688770831	0.0279410415125035
1396	3.9909090801482	3.41799713683352
1397	3.20664267301305	-1.87888581782568
1398	7.0543894547932	6.17483983622374
1399	3.63951363795564	0.411036018400285
1400	7.63206394165678	5.53888089200658
1401	0.933196336220535	-0.0185852221466824
1402	3.83277344408565	1.21104066613249
1403	4.20298313540266	3.52611450772907
1404	13.0890550842129	7.39385891562749
1405	2.07919871608019	-0.754718299748952
1406	8.13973945137633	7.28062372981291
1407	11.3109613281212	7.81444941708047
1408	8.40622292010059	4.54040430672655
1409	7.70093123009355	4.1749860158481
1410	-0.869341528701938	-2.36817742201261
1411	4.49525723569331	-0.705209934948295
1412	1.89836750317081	-1.04449461087853
1413	6.00179299880979	4.84286581776689
1414	-0.820155155790156	1.34920755056121
1415	10.4879588762689	5.79803756580531
1416	4.88252368699216	2.65933921220194
1417	7.57904157297518	5.19573487117303
1418	12.7905455593364	8.359176874062
1419	5.20286454340831	1.30228385770931
1420	9.51714529827255	5.88573451477181
1421	12.0544175164873	7.69946194793914
1422	3.10998285685403	-0.634073136870926
1423	6.96921515976092	4.43517414041226
1424	-3.47204224019094	-1.63271219893278
1425	3.44629952051981	0.00115985799325276
1426	3.52111163146665	1.37239380800954
1427	-1.15090701550391	-2.92634245881989
1428	0.647150717041725	1.32941915642751
1429	8.4799900384284	6.94963130450689
1430	3.92007108065157	0.844571064334729
1431	7.50232048871051	2.47919908337461
1432	5.98921445041507	3.83419744207128
1433	5.6978389077052	2.61138448518008
1434	1.12700113576673	-0.933073107923719
1435	6.17436070962664	6.46157041773781
1436	6.19161173170902	4.6288525856532
1437	7.74229842129755	6.07943218949255
1438	0.176696717231899	-1.83583062970286
1439	9.8845820964505	5.26600080555694
1440	5.46164465263741	1.66257561384638
1441	8.5223083368831	6.38744559319369
1442	6.25799896556609	4.38196441090099
1443	9.78911989828251	5.94902399065812
1444	6.74976213704334	3.29755843437753
1445	3.97912357327344	3.02863949224709
1446	7.0572844663492	6.02310781325737
1447	0.00913835227917714	-2.81169139682032
1448	6.26382662946961	2.42326197935683
1449	7.56307243974195	5.36521942455646
1450	9.07499413069979	4.90870610120175
1451	5.52764722636056	2.42775485963928
1452	8.11046093548606	6.85181310238286
1453	4.93940466953885	1.97192969709473
1454	-0.321158867783989	-0.257455925632382
1455	2.71419596914147	-2.26561432896218
1456	4.15439371908288	-1.93360381534881
1457	2.06081753325998	0.566880375196415
1458	3.13534190568576	2.90078916600259
1459	8.08350017189722	4.55432827880304
1460	3.61185303849989	1.61131881644848
1461	14.7577466121226	7.4476979252334
1462	2.44476046765507	0.30543959274664
1463	5.88826744001823	2.21376714599321
1464	3.04474040781165	0.752831448202109
1465	5.32389918708107	4.4259094490058
1466	2.47378596763627	-0.104991376504729
1467	1.1326257215254	2.43843038691044
1468	11.1268377708767	5.75731636167181
1469	0.317469648841269	-2.1091319974037
1470	13.8490793011679	7.0145693894068
1471	4.01989431193118	0.829853890313918
1472	7.65339134041168	6.60074315621749
1473	4.38165457688311	0.917628689001012
1474	1.1371039062817	0.768750366697386
1475	2.20894814040502	2.41312628193566
1476	10.2892725011752	7.20921702083851
1477	8.48548990112927	6.88791227104742
1478	3.68208522494342	1.41709056007332
1479	8.4765310343228	5.88429835915217
1480	9.34837407423894	7.9983217459929
1481	3.07857635164949	1.93228255379716
1482	7.2798189143299	5.13687085557901
1483	6.15610641991942	1.53247924891398
1484	-0.142907778321387	0.671607900470363
1485	9.27293815158678	5.65093867527711
1486	2.0982078041663	-0.743065925107589
1487	9.65965434419219	5.12079970168792
1488	-0.148064794940074	-1.67726736821162
1489	2.68589978734744	-0.249483680297868
1490	1.25385013463343	-1.42800432450711
1491	0.79051291917728	-0.31705844616273
1492	2.12294813924888	-2.40106917198447
1493	9.02826433377465	4.32692823258288
1494	10.9156578513234	7.02550160781112
1495	11.5206430384198	5.90268219835307
1496	9.68467876178348	6.11482749635988
1497	1.91010902651787	2.17004124769553
1498	2.77447815608451	1.64884697364965
1499	6.28121768345242	6.27123543418723
1500	5.31239821044149	3.89610204363608
1501	5.61595378247751	4.47035258461236
1502	3.32259900951617	0.992754123192518
1503	0.421278453547899	0.036215070792991
1504	11.2282662788883	8.36814939606589
1505	5.29274988542538	4.22549289575707
1506	5.09307216135443	-0.621783087866816
1507	1.98588312896555	-1.58868667145109
1508	6.55776487074047	2.43350319858202
1509	10.8572643536451	7.57685415093538
1510	9.5494837667534	3.82491476716722
1511	9.44257543115604	8.17769573002415
1512	6.85822068188835	5.3592079578009
1513	6.14528742208058	1.03346253452588
1514	2.87629157998856	1.89553982189271
1515	0.363777240928913	-1.37140831340812
1516	-1.62868495311718	-2.92994958806967
1517	6.9468070560279	5.17206343254719
1518	-0.320015776978275	-1.89072212102171
1519	5.34378884586512	2.06635563745347
1520	6.32655157710804	4.30170243651611
1521	9.89014851630298	8.35839866686915
1522	7.6332005846152	2.63505394742034
1523	4.38303547533982	2.50537286513738
1524	0.722194958329392	-1.08041413522388
1525	7.85746985167533	5.62480186212885
1526	5.87207848473772	2.15413723265131
1527	4.9869085969998	2.81469905879247
1528	1.41527301647559	-0.687096438978781
1529	0.380576755278162	-0.443593460950474
1530	5.50000341126558	3.78975006099515
1531	6.01878726025075	3.54939834384482
1532	-1.25301640912889	-2.19197034345497
1533	0.489479340289447	-2.67087694250882
1534	3.67675774278389	4.3327783124181
1535	10.7564981171972	7.62922376619786
1536	3.10420942118442	3.81720423717432
1537	5.12885672243312	3.38826136645531
1538	4.25577287807814	2.9860601929697
1539	9.51695312516895	8.28062503174782
1540	4.97790831229541	2.77401000851894
1541	3.36473809271818	4.79402495302822
1542	8.57166123582939	3.85698024027466
1543	-1.46352073935419	-0.325832260856604
1544	1.17093031712545	-0.103271230926103
1545	5.51987527026427	5.33057205073657
1546	2.92921197445074	2.13885955192049
1547	5.27585431224622	-1.06098705176439
1548	7.99517047483296	5.53112058679953
1549	-2.31274937607482	-1.86992290770534
1550	6.09332831950654	6.89028211579128
1551	7.27611386265936	4.0081098134461
1552	5.64879480072828	3.34511286544549
1553	2.30919107955057	0.71111139329698
1554	2.57885305050109	2.1453252839199
1555	2.03037105120919	2.69096042283224
1556	-0.979988259671014	-0.994790586590728
1557	7.3556248410648	3.0276132889435
1558	-1.3392244410917	-2.21259920898322
1559	-0.435782502973813	0.122666255055651
1560	5.2909754756972	-0.627649110366697
1561	3.26768652644564	0.203797836410558
1562	9.26383503353843	7.24261478191036
1563	6.47178997731563	2.06579021394728
1564	10.1326639801678	5.91502528216045
1565	8.32894232197286	7.0756694274955
1566	8.36969544311348	1.68390968651042
1567	-0.744352294156173	-2.34485465969391
1568	0.176860599782797	0.788501851293312
1569	7.39591215553284	5.26617381179849
1570	3.46646068043498	0.813042896889175
1571	11.1809262679119	4.18998021682816
1572	9.2989793838667	6.61428560531778
1573	10.1875775873683	6.79324915367781
1574	3.54200550161921	1.43288815910646
1575	2.89792494252289	1.30757425522362
1576	9.67589305531378	7.24666669727205
1577	8.30706836619223	4.35031205608597
1578	12.0434338018991	5.46630779293006
1579	8.31842623588073	3.90037116806954
1580	12.2527961347413	7.33473714283363
1581	0.0621150180741119	0.306901811951118
1582	3.26291245876743	-0.874916326871889
1583	10.077260926972	7.14293059789727
1584	2.10557377058723	2.72438985440889
1585	10.5667360015893	7.03459366086302
1586	0.952814259871516	-0.898749753926732
1587	11.0264112525838	5.66265540865923
1588	6.16182271281429	5.27508843322373
1589	9.46427431168132	7.80348758511613
1590	3.71954004943786	3.23539710408527
1591	7.18671848980617	5.12798085841433
1592	4.47088475688388	1.40458334227704
1593	-1.25301883204675	-1.91737684923365
1594	11.7883713990251	7.61407925787205
1595	-0.0173755688770831	0.185829172446851
1596	3.9909090801482	3.73048228808716
1597	3.20664267301305	-1.80795487651582
1598	7.0543894547932	6.61304552272249
1599	3.63951363795564	0.586394462586346
1600	7.63206394165678	5.948084887956
1601	0.933196336220535	0.137498252825403
1602	3.83277344408565	1.40498015813451
1603	4.20298313540266	3.79132728342527
1604	13.0890550842129	7.77814644370852
1605	2.07919871608019	-0.621297869356227
1606	8.13973945137633	7.66142512998834
1607	11.3109613281212	8.21168550239131
1608	8.40622292010059	4.83684363048923
1609	7.70093123009355	4.46017534790647
1610	-0.869341528701938	-2.28442993409102
1611	4.49525723569331	-0.570265309661105
1612	1.89836750317081	-0.919995411791647
1613	6.00179299880979	5.14861690718283
1614	-0.820155155790156	1.54740073303913
1615	10.4879588762689	6.13319515869919
1616	4.88252368699216	2.89786691184259
1617	7.57904157297518	5.51234960376891
1618	12.7905455593364	8.77318327307941
1619	5.20286454340831	1.4990324185892
1620	9.51714529827255	6.22359199974278
1621	12.0544175164873	8.09315795847477
1622	3.10998285685403	-0.496938450472351
1623	6.96921515976092	4.72837378371113
1624	-3.47204224019094	-1.52632222741092
1625	3.44629952051981	0.157851217117063
1626	3.52111163146665	1.57130081683513
1627	-1.15090701550391	-2.85977898218197
1628	0.647150717041725	1.52700312126252
1629	8.4799900384284	7.32024256879741
1630	3.92007108065157	1.02722819832945
1631	7.50232048871051	2.71218087848473
1632	5.98921445041507	4.10889504800752
1633	5.6978389077052	2.84843582117215
1634	1.12700113576673	-0.805143618084534
1635	6.17436070962664	6.81715594011993
1636	6.19161173170902	4.92801493239809
1637	7.74229842129755	6.42325296992012
1638	0.176696717231899	-1.7356939868134
1639	9.8845820964505	5.58477878832022
1640	5.46164465263741	1.87041633778667
1641	8.5223083368831	6.74074906324832
1642	6.25799896556609	4.67352590682045
1643	9.78911989828251	6.2888299442648
1644	6.74976213704334	3.55573474256961
1645	3.97912357327344	3.27853669689231
1646	7.0572844663492	6.3651945568805
1647	0.00913835227917714	-2.74159820224387
1648	6.26382662946961	2.65452166046261
1649	7.56307243974195	5.68705201259956
1650	9.07499413069979	5.21648418997963
1651	5.52764722636056	2.65915286131404
1652	8.11046093548606	7.21941287548672
1653	4.93940466953885	2.18929438564519
1654	-0.321158867783989	-0.108726470696228
1655	2.71419596914147	-2.17870927073066
1656	4.15439371908288	-1.8364772777411
1657	2.06081753325998	0.740988353259011
1658	3.13534190568576	3.14675029206186
1659	8.08350017189722	4.85119627451307
1660	3.61185303849989	1.81758151717562
1661	14.7577466121226	7.83364297409693
1662	2.44476046765507	0.471498694474509
1663	5.88826744001823	2.43857719062412
1664	3.04474040781165	0.932664230087996
1665	5.32389918708107	4.7188238638307
1666	2.47378596763627	0.0484319455850469
1667	1.1326257215254	2.6701570519177
1668	11.1268377708767	6.09122028659086
1669	0.317469648841269	-2.01740937810354
1670	13.8490793011679	7.38717987742162
1671	4.01989431193118	1.01205793235955
1672	7.65339134041168	6.96061333591547
1673	4.38165457688311	1.102535019853
1674	1.1371039062817	0.949073238175074
1675	2.20894814040502	2.64407391924191
1676	10.2892725011752	7.58782005026007
1677	8.48548990112927	7.25662341530633
1678	3.68208522494342	1.61737363053151
1679	8.4765310343228	6.22211162975509
1680	9.34837407423894	8.40121863763596
1681	3.07857635164949	2.14842664106867
1682	7.2798189143299	5.45167336447496
1683	6.15610641991942	1.73631474634321
1684	-0.142907778321387	0.848940084381309
1685	9.27293815158678	5.98156759147509
1686	2.0982078041663	-0.609286757559875
1687	9.65965434419219	5.43510743417977
1688	-0.148064794940074	-1.57224909946787
1689	2.68589978734744	-0.100508786925498
1690	1.25385013463343	-1.31531209076526
1691	0.79051291917728	-0.170163950992576
1692	2.12294813924888	-2.31833430965815
1693	9.02826433377465	4.61679535094935
1694	10.9156578513234	7.39844866180917
1695	11.5206430384198	6.24106144510897
1696	9.68467876178348	6.45973797842135
1697	1.91010902651787	2.39350511999356
1698	2.77447815608451	1.85626503924967
1699	6.28121768345242	6.62096118698629
1700	5.31239821044149	4.17270548261749
1701	5.61595378247751	4.764635253078
1702	3.32259900951617	1.17997331175452
1703	0.421278453547899	0.193985661206077
1704	11.2282662788883	8.78243202865078
1705	5.29274988542538	4.51223716360866
1706	5.09307216135443	-0.484270032479077
1707	1.98588312896555	-1.48094130302845
1708	6.55776487074047	2.66507817214634
1709	10.8572643536451	7.96677548260679
1710	9.5494837667534	4.09932659097851
1711	9.44257543115604	8.58611493919398
1712	6.85822068188835	5.68085547314013
1713	6.14528742208058	1.22193499721571
1714	2.87629157998856	2.11055272487642
1715	0.363777240928913	-1.25697368014426
1716	-1.62868495311718	-2.86349716272598
1717	6.9468070560279	5.48794940170999
1718	-0.320015776978275	-1.79227540126252
1719	5.34378884586512	2.28662738093858
1720	6.32655157710804	4.59079293804765
1721	9.89014851630298	8.77238110752245
1722	7.6332005846152	2.87283398599927
1723	4.38303547533982	2.7391604623517
1724	0.722194958329392	-0.957020776651815
1725	7.85746985167533	5.95462611436109
1726	5.87207848473772	2.37711147418431
1727	4.9869085969998	3.05800976199083
1728	1.41527301647559	-0.551594160491191
1729	0.380576755278162	-0.300594550380764
1730	5.50000341126558	4.06307928258702
1731	6.01878726025075	3.8153279500054
1732	-1.25301640912889	-2.10279803630156
1733	0.489479340289447	-2.59644854774563
1734	3.67675774278389	4.62282553493168
1735	10.7564981171972	8.02075738097597
1736	3.10420942118442	4.09137867987847
1737	5.12885672243312	3.64923011076486
1738	4.25577287807814	3.23464652518297
1739	9.51695312516895	8.6922130855525
1740	4.97790831229541	3.01606803365093
1741	3.36473809271818	5.09827239761614
1742	8.57166123582939	4.13237925141471
1743	-1.46352073935419	-0.179207881728764
1744	1.17093031712545	0.0502050486208465
1745	5.51987527026427	5.65133796347145
1746	2.92921197445074	2.36136344540095
1747	5.27585431224622	-0.936995599081506
1748	7.99517047483296	5.85806070981161
1749	-2.31274937607482	-1.77083585060369
1750	6.09332831950654	7.25906621954448
1751	7.27611386265936	4.28816159235091
1752	5.64879480072828	3.60475321352932
1753	2.30919107955057	0.88965975597534
1754	2.57885305050109	2.36802823539271
1755	2.03037105120919	2.93046163246446
1756	-0.979988259671014	-0.868761168916364
1757	7.3556248410648	3.2774789002642
1758	-1.3392244410917	-2.12406199474075
1759	-0.435782502973813	0.283098384669319
1760	5.2909754756972	-0.490316649946721
1761	3.26768652644564	0.366727732665863
1762	9.26383503353843	7.62224601529538
1763	6.47178997731563	2.28604454995741
1764	10.1326639801678	6.25378453066751
1765	8.32894232197286	7.45016097877067
1766	8.36969544311348	1.8924072143012
1767	-0.744352294156173	-2.26038914290197
1768	0.176860599782797	0.969432804094236
1769	7.39591215553284	5.58495712083807
1770	3.46646068043498	0.9947293853769
1771	11.1809262679119	4.47563116955754
1772	9.2989793838667	6.9745727111627
1773	10.1875775873683	7.1590459411251
1774	3.54200550161921	1.63365758414105
1775	2.89792494252289	1.5044856895273
1776	9.67589305531378	7.62642267540944
1777	8.30706836619223	4.64089908318988
1778	12.0434338018991	5.79125254950438
1779	8.31842623588073	4.17710603893506
1780	12.2527961347413	7.71720451174344
1781	0.0621150180741119	0.473005930456556
1782	3.26291245876743	-0.745196386689319
1783	10.077260926972	7.51949289283232
1784	2.10557377058723	2.96492024303216
1785	10.5667360015893	7.40782062838472
1786	0.952814259871516	-0.769763564252402
1787	11.0264112525838	5.99364504339989
1788	6.16182271281429	5.59414619326805
1789	9.46427431168132	8.20038619274251
1790	3.71954004943786	3.49165967542408
1791	7.18671848980617	5.44250967440314
1792	4.47088475688388	1.60448135785439
1793	-1.25301883204675	-1.81975073829112
1794	11.7883713990251	8.00514662452497
1795	-0.0173755688770831	0.348205874388747
1796	3.9909090801482	4.00198685565872
1797	3.20664267301305	-1.70696003358566
1798	7.0543894547932	6.97329445062377
1799	3.63951363795564	0.76110321331614
1800	7.63206394165678	6.28786192977071
1801	0.933196336220535	0.294267681192612
1802	3.83277344408565	1.58812644558077
1803	4.20298313540266	4.02413451007219
1804	13.0890550842129	8.09392114052125
1805	2.07919871608019	-0.480319323920506
1806	8.13973945137633	7.97477080463467
1807	11.3109613281212	8.53648233877719
1808	8.40622292010059	5.09140851476884
1809	7.70093123009355	4.70690159861851
1810	-0.869341528701938	-2.17806190255503
1811	4.49525723569331	-0.428224754085528
1812	1.89836750317081	-0.78523289433319
1813	6.00179299880979	5.40966993125324
1814	-0.820155155790156	1.73351085564429
1815	10.4879588762689	6.41473769167996
1816	4.88252368699216	3.11208083296362
1817	7.57904157297518	5.78097206614066
1818	12.7905455593364	9.10966512643367
1819	5.20286454340831	1.6841359751765
1820	9.51714529827255	6.50701573096978
1821	12.0544175164873	8.41548818424493
1822	3.10998285685403	-0.353371930523295
1823	6.96921515976092	4.98068136250116
1824	-3.47204224019094	-1.40417763917453
1825	3.44629952051981	0.315044199673655
1826	3.52111163146665	1.7579083107555
1827	-1.15090701550391	-2.76538421882377
1828	0.647150717041725	1.71268876054438
1829	8.4799900384284	7.6264880834343
1830	3.92007108065157	1.20251330040582
1831	7.50232048871051	2.92253059111938
1832	5.98921445041507	4.34831100030121
1833	5.6978389077052	3.06162105943208
1834	1.12700113576673	-0.667990983998061
1835	6.17436070962664	7.11293199948996
1836	6.19161173170902	5.18447713179709
1837	7.74229842129755	6.71083173425007
1838	0.176696717231899	-1.61790651749899
1839	9.8845820964505	5.85490853405918
1840	5.46164465263741	2.06324855800211
1841	8.5223083368831	7.03493506171455
1842	6.25799896556609	4.92469207703221
1843	9.78911989828251	6.57361130597319
1844	6.74976213704334	3.78363918423459
1845	3.97912357327344	3.50067252461717
1846	7.0572844663492	6.65156509995485
1847	0.00913835227917714	-2.64474404458172
1848	6.26382662946961	2.86367145926653
1849	7.56307243974195	5.95931010937302
1850	9.07499413069979	5.47894956222394
1851	5.52764722636056	2.86839903745613
1852	8.11046093548606	7.52356007960707
1853	4.93940466953885	2.38876259908194
1854	-0.321158867783989	0.0429189122649635
1855	2.71419596914147	-2.07014114542803
1856	4.15439371908288	-1.72078715328912
1857	2.06081753325998	0.910316677550541
1858	3.13534190568576	3.36614358641075
1859	8.08350017189722	5.10605984366325
1860	3.61185303849989	2.00931422140437
1861	14.7577466121226	8.15057257825414
1862	2.44476046765507	0.635218819766713
1863	5.88826744001823	2.64323308949465
1864	3.04474040781165	1.10598141415795
1865	5.32389918708107	4.97093270456393
1866	2.47378596763627	0.203347864702987
1867	1.1326257215254	2.87963223013361
1868	11.1268377708767	6.37188930391683
1869	0.317469648841269	-1.90548453068955
1870	13.8490793011679	7.69481838705853
1871	4.01989431193118	1.18702733449102
1872	7.65339134041168	7.25937480714574
1873	4.38165457688311	1.27938729019481
1874	1.1371039062817	1.12273190096132
1875	2.20894814040502	2.8530062959298
1876	10.2892725011752	7.89963397064043
1877	8.48548990112927	7.56154498721919
1878	3.68208522494342	1.80493992008372
1879	8.4765310343228	6.50550455382785
1880	9.34837407423894	8.72995974240013
1881	3.07857635164949	2.34704437866426
1882	7.2798189143299	5.71903312746884
1883	6.15610641991942	1.92635625312522
1884	-0.142907778321387	1.02051493194645
1885	9.27293815158678	6.25995468771439
1886	2.0982078041663	-0.468058255574945
1887	9.65965434419219	5.7021224528368
1888	-0.148064794940074	-1.45106026975324
1889	2.68589978734744	0.0513076096697889
1890	1.25385013463343	-1.18877628825177
1891	0.79051291917728	-0.0197971091712305
1892	2.12294813924888	-2.21267184317421
1893	9.02826433377465	4.86678093320051
1894	10.9156578513234	7.70632167983356
1895	11.5206430384198	6.52484872322109
1896	9.68467876178348	6.74807601191618
1897	1.91010902651787	2.5972230491381
1898	2.77447815608451	2.04880276468318
1899	6.28121768345242	6.91265434676321
1900	5.31239821044149	4.41344935827989
1901	5.61595378247751	5.01769744908464
1902	3.32259900951617	1.35843710720312
1903	0.421278453547899	0.351930617527063
1904	11.2282662788883	9.11910635269936
1905	5.29274988542538	4.76004684373333
1906	5.09307216135443	-0.340439877148117
1907	1.98588312896555	-1.35785231768287
1908	6.55776487074047	2.87444765662773
1909	10.8572643536451	8.28647563315295
1910	9.5494837667534	4.33854341944913
1911	9.44257543115604	8.91870381777647
1912	6.85822068188835	5.95298461718661
1913	6.14528742208058	1.40127203389915
1914	2.87629157998856	2.30838228952375
1915	0.363777240928913	-1.12922382950164
1916	-1.62868495311718	-2.76917977634952
1917	6.9468070560279	5.75606408508426
1918	-0.320015776978275	-1.67566541620975
1919	5.34378884586512	2.48812113705948
1920	6.32655157710804	4.840237398585
1921	9.89014851630298	9.10884626745665
1922	7.6332005846152	3.08652696086099
1923	4.38303547533982	2.95007163206016
1924	0.722194958329392	-0.82302877341307
1925	7.85746985167533	6.23245254654495
1926	5.87207848473772	2.58048824430837
1927	4.9869085969998	3.27555632665745
1928	1.41527301647559	-0.409165050042811
1929	0.380576755278162	-0.152942027024438
1930	5.50000341126558	4.30154178853719
1931	6.01878726025075	4.04863464113977
1932	-1.25301640912889	-1.99265016463359
1933	0.489479340289447	-2.49657376157113
1934	3.67675774278389	4.87293660797876
1935	10.7564981171972	8.34158091870433
1936	3.10420942118442	4.3304301088036
1937	5.12885672243312	3.87908023239664
1938	4.25577287807814	3.45586897902116
1939	9.51695312516895	9.02700991348978
1940	4.97790831229541	3.23274177239923
1941	3.36473809271818	5.35827773017421
1942	8.57166123582939	4.37228392036878
1943	-1.46352073935419	-0.0290292481063288
1944	1.17093031712545	0.205157866797237
1945	5.51987527026427	5.9228528350856
1946	2.92921197445074	2.56441249208039
1947	5.27585431224622	-0.802586863040034
1948	7.99517047483296	6.13387757321422
1949	-2.31274937607482	-1.65377969901862
1950	6.09332831950654	7.56403862729404
1951	7.27611386265936	4.53130816072514
1952	5.64879480072828	3.83367775125671
1953	2.30919107955057	1.06208199791738
1954	2.57885305050109	2.57121597929984
1955	2.03037105120919	3.14535386413884
1956	-0.979988259671014	-0.732932444201864
1957	7.3556248410648	3.49959271477335
1958	-1.3392244410917	-2.01435663545332
1959	-0.435782502973813	0.442897816181702
1960	5.2909754756972	-0.346612327399788
1961	3.26768652644564	0.528267527900787
1962	9.26383503353843	7.93477635523533
1963	6.47178997731563	2.4875261771078
1964	10.1326639801678	6.53783658181775
1965	8.32894232197286	7.7591101529843
1966	8.36969544311348	2.08569707438386
1967	-0.744352294156173	-2.15352081186767
1968	0.176860599782797	1.14351515845265
1969	7.39591215553284	5.85509057775561
1970	3.46646068043498	1.16933817278093
1971	11.1809262679119	4.72267906275453
1972	9.2989793838667	7.27362468316634
1973	10.1875775873683	7.46193688264002
1974	3.54200550161921	1.82156274997056
1975	2.89792494252289	1.68970273109489
1976	9.67589305531378	7.93903993349377
1977	8.30706836619223	4.89138627477046
1978	12.0434338018991	6.06567910554056
1979	8.31842623588073	4.41794149212087
1980	12.2527961347413	8.03171097999629
1981	0.0621150180741119	0.636757421996223
1982	3.26291245876743	-0.606796224201796
1983	10.077260926972	7.8298848948443
1984	2.10557377058723	3.18052957363411
1985	10.5667360015893	7.71588868117894
1986	0.952814259871516	-0.631874655596461
1987	11.0264112525838	6.27228347675581
1988	6.16182271281429	5.86447087884735
1989	9.46427431168132	8.52494788549672
1990	3.71954004943786	3.71823068660023
1991	7.18671848980617	5.70967873695335
1992	4.47088475688388	1.79177935350971
1993	-1.25301883204675	-1.70371252715474
1994	11.7883713990251	8.32564529550668
1995	-0.0173755688770831	0.509360221560381
1996	3.9909090801482	4.23917800118225
1997	3.20664267301305	-1.58857459799505
1998	7.0543894547932	7.27231982146021
1999	3.63951363795564	0.930850136742617
2000	7.63206394165678	6.57262314666932
2001	0.933196336220535	0.447429305483982
2002	3.83277344408565	1.75934117329037
2003	4.20298313540266	4.22933865511722
2004	13.0890550842129	8.35591067895839
2005	2.07919871608019	-0.337965447502864
2006	8.13973945137633	8.23509784837356
2007	11.3109613281212	8.80464689669939
2008	8.40622292010059	5.31150424497964
2009	7.70093123009355	4.92163233590015
2010	-0.869341528701938	-2.05939648672768
2011	4.49525723569331	-0.285144006480208
2012	1.89836750317081	-0.647133451530552
2013	6.00179299880979	5.63420633646194
2014	-0.820155155790156	1.90675411990093
2015	10.4879588762689	6.65329772351679
2016	4.88252368699216	3.30455916912672
2017	7.57904157297518	6.01068921906698
2018	12.7905455593364	9.38582725598262
2019	5.20286454340831	1.85669031584435
2020	9.51714529827255	6.74686331059187
2021	12.0544175164873	8.68196452082111
2022	3.10998285685403	-0.209246767714315
2023	6.96921515976092	5.19923212599217
2024	-3.47204224019094	-1.27471428077023
2025	3.44629952051981	0.468495716994414
2026	3.52111163146665	1.93149199066831
2027	-1.15090701550391	-2.65491366228653
2028	0.647150717041725	1.88564149584487
2029	8.4799900384284	7.88195556741469
2030	3.92007108065157	1.36834760006494
2031	7.50232048871051	3.11236414856849
2032	5.98921445041507	4.55803835287471
2033	5.6978389077052	3.25339533458397
2034	1.12700113576673	-0.528255674599712
2035	6.17436070962664	7.36123387826699
2036	6.19161173170902	5.4058714406584
2037	7.74229842129755	6.95352314156556
2038	0.176696717231899	-1.49142530030675
2039	9.8845820964505	6.0856573163553
2040	5.46164465263741	2.24109262491619
2041	8.5223083368831	7.28214865572455
2042	6.25799896556609	5.14246162669316
2043	9.78911989828251	6.81438808809854
2044	6.74976213704334	3.98548771805802
2045	3.97912357327344	3.69857284824132
2046	7.0572844663492	6.89342956486546
2047	0.00913835227917714	-2.53259020575592
2048	6.26382662946961	3.05268376015836
2049	7.56307243974195	6.19151559814132
2050	9.07499413069979	5.70445262034493
2051	5.52764722636056	3.05747730185211
2052	8.11046093548606	7.77759141773531
2053	4.93940466953885	2.57114853625995
2054	-0.321158867783989	0.192573488148589
2055	2.71419596914147	-1.9499699202782
2056	4.15439371908288	-1.59574142102674
2057	2.06081753325998	1.0720739821032
2058	3.13534190568576	3.56216683898122
2059	8.08350017189722	5.32636000264404
2060	3.61185303849989	2.18640574701859
2061	14.7577466121226	8.41335256947664
2062	2.44476046765507	0.793137706855736
2063	5.88826744001823	2.82916963219991
2064	3.04474040781165	1.27046881246002
2065	5.32389918708107	5.18934744584388
2066	2.47378596763627	0.355240892378537
2067	1.1326257215254	3.06886723033005
2068	11.1268377708767	6.6098514757732
2069	0.317469648841269	-1.78301586552835
2070	13.8490793011679	7.95123927806592
2071	4.01989431193118	1.35264555975942
2072	7.65339134041168	7.50971999020314
2073	4.38165457688311	1.44629420622136
2074	1.1371039062817	1.28745301740859
2075	2.20894814040502	3.04186978668718
2076	10.2892725011752	8.15891263640179
2077	8.48548990112927	7.81610632559502
2078	3.68208522494342	1.97917982811856
2079	8.4765310343228	6.74533104812133
2080	9.34837407423894	9.00082387439705
2081	3.07857635164949	2.52884822499252
2082	7.2798189143299	5.94788605155022
2083	6.15610641991942	2.1022902731276
2084	-0.142907778321387	1.18380982355101
2085	9.27293815158678	6.49635504520739
2086	2.0982078041663	-0.325533301493378
2087	9.65965434419219	5.93073942368557
2088	-0.148064794940074	-1.32225106078291
2089	2.68589978734744	0.201079232348599
2090	1.25385013463343	-1.05630745276476
2091	0.79051291917728	0.128982395296465
2092	2.12294813924888	-2.09448933696149
2093	9.02826433377465	5.08374245350197
2094	10.9156578513234	7.96290307532555
2095	11.5206430384198	6.7649451250966
2096	9.68467876178348	6.99128708553138
2097	1.91010902651787	2.78251761758798
2098	2.77447815608451	2.22644527064802
2099	6.28121768345242	7.15816176815699
2100	5.31239821044149	4.62408558092905
2101	5.61595378247751	5.23676469494423
2102	3.32259900951617	1.52644699873281
2103	0.421278453547899	0.505896807959419
2104	11.2282662788883	9.39540021489091
2105	5.29274988542538	4.97551911218719
2106	5.09307216135443	-0.196134274477061
2107	1.98588312896555	-1.22774258593182
2108	6.55776487074047	3.06361031690249
2109	10.8572643536451	8.55115186836473
2110	9.5494837667534	4.54813448578172
2111	9.44257543115604	9.19220148011389
2112	6.85822068188835	6.18510184689004
2113	6.14528742208058	1.56987959758816
2114	2.87629157998856	2.48964668694705
2115	0.363777240928913	-0.995924063524988
2116	-1.62868495311718	-2.65876217890985
2117	6.9468070560279	5.98543369902848
2118	-0.320015776978275	-1.54999010411352
2119	5.34378884586512	2.67189341563036
2120	6.32655157710804	5.05682855916198
2121	9.89014851630298	9.38499697153461
2122	7.6332005846152	3.2786487459781
2123	4.38303547533982	3.14028946735631
2124	0.722194958329392	-0.685456693358663
2125	7.85746985167533	6.46846916895619
2126	5.87207848473772	2.76554931342231
2127	4.9869085969998	3.4703156227485
2128	1.41527301647559	-0.26581836397676
2129	0.380576755278162	-0.00602028248987714
2130	5.50000341126558	4.51061657419999
2131	6.01878726025075	4.25418063447002
2132	-1.25301640912889	-1.87139771429229
2133	0.489479340289447	-2.38235251514543
2134	3.67675774278389	5.08998401789696
2135	10.7564981171972	8.60702603336905
2136	3.10420942118442	4.53990797078949
2137	5.12885672243312	4.08226044720429
2138	4.25577287807814	3.65314416251069
2139	9.51695312516895	9.30201876174683
2140	4.97790831229541	3.42690368058589
2141	3.36473809271818	5.5820970642879
2142	8.57166123582939	4.58234576509639
2143	-1.46352073935419	0.119621441096861
2144	1.17093031712545	0.357076149281034
2145	5.51987527026427	6.15454963854668
2146	2.92921197445074	2.74924925756438
2147	5.27585431224622	-0.66472955871526
2148	7.99517047483296	6.36851878724474
2149	-2.31274937607482	-1.52779901733592
2150	6.09332831950654	7.81863475922183
2151	7.27611386265936	4.74358885741417
2152	5.64879480072828	4.03622446903206
2153	2.30919107955057	1.22595687132631
2154	2.57885305050109	2.75614767327352
2155	2.03037105120919	3.33829645613061
2156	-0.979988259671014	-0.594103257580946
2157	7.3556248410648	3.69747797190081
2158	-1.3392244410917	-1.89340705368882
2159	-0.435782502973813	0.598133264349276
2160	5.2909754756972	-0.202392848412246
2161	3.26768652644564	0.684694132535255
2162	9.26383503353843	8.19454535975771
2163	6.47178997731563	2.6712901542521
2164	10.1326639801678	6.77811420220094
2165	8.32894232197286	8.01642810163906
2166	8.36969544311348	2.26385436357458
2167	-0.744352294156173	-2.03451297624894
2168	0.176860599782797	1.30852626195816
2169	7.39591215553284	6.08584190009224
2170	3.46646068043498	1.33470958265145
2171	11.1809262679119	4.93762994167725
2172	9.2989793838667	7.52416869355526
2173	10.1875775873683	7.715108397441
2174	3.54200550161921	1.99603459496429
2175	2.89792494252289	1.86233474424375
2176	9.67589305531378	8.19886842736796
2177	8.30706836619223	5.10869111135051
2178	12.0434338018991	6.2993687520401
2179	8.31842623588073	4.62864039313882
2180	12.2527961347413	8.2928325052526
2181	0.0621150180741119	0.794697777073819
2182	3.26291245876743	-0.466207069424289
2183	10.077260926972	8.08819035756888
2184	2.10557377058723	3.37396296936644
2185	10.5667360015893	7.97260356424272
2186	0.952814259871516	-0.491635418080402
2187	11.0264112525838	6.50885585681396
2188	6.16182271281429	6.0953530837427
2189	9.46427431168132	8.79295150415439
2190	3.71954004943786	3.91916658111192
2191	7.18671848980617	5.93840114000413
2192	4.47088475688388	1.96583563325687
2193	-1.25301883204675	-1.57842855405811
2194	11.7883713990251	8.59086806175012
2195	-0.0173755688770831	0.665523014126547
2196	3.9909090801482	4.44738263012187
2197	3.20664267301305	-1.46168411497655
2198	7.0543894547932	7.52284562522258
2199	3.63951363795564	1.09289394293868
2200	7.63206394165678	6.81338614109032
2201	0.933196336220535	0.594218962278626
2202	3.83277344408565	1.9181760448809
2203	4.20298313540266	4.41085161274692
2204	13.0890550842129	8.57531143043892
2205	2.07919871608019	-0.198386830360687
2206	8.13973945137633	8.45338936642903
2207	11.3109613281212	9.02816768418387
2208	8.40622292010059	5.50295302017033
2209	7.70093123009355	5.10950153306965
2210	-0.869341528701938	-1.93562305218397
2211	4.49525723569331	-0.145080413465368
2212	1.89836750317081	-0.51039343590416
2213	6.00179299880979	5.8286179753193
2214	-0.820155155790156	2.06694245177275
2215	10.4879588762689	6.85706606914306
2216	4.88252368699216	3.47758133722937
2217	7.57904157297518	6.20855750566054
2218	12.7905455593364	9.61468410485546
2219	5.20286454340831	2.01641899086866
2220	9.51714529827255	6.95149072123728
2221	12.0544175164873	8.90435890979866
2222	3.10998285685403	-0.0684863302194579
2223	6.96921515976092	5.38965008362417
2224	-3.47204224019094	-1.14373634876811
2225	3.44629952051981	0.615478793376035
2226	3.52111163146665	2.09190745133917
2227	-1.15090701550391	-2.53660792147308
2228	0.647150717041725	2.04563598383289
2229	8.4799900384284	8.09700473761735
2230	3.92007108065157	1.52359259516386
2231	7.50232048871051	3.28362169332857
2232	5.98921445041507	4.74256924071756
2233	5.6978389077052	3.42594774599642
2234	1.12700113576673	-0.390424192089965
2235	6.17436070962664	7.57150208356753
2236	6.19161173170902	5.59818664077407
2237	7.74229842129755	7.16004798306348
2238	0.176696717231899	-1.362437083348
2239	9.8845820964505	6.28421391659007
2240	5.46164465263741	2.4043506592629
2241	8.5223083368831	7.49169074632479
2242	6.25799896556609	5.33235835048704
2243	9.78911989828251	7.01963547213474
2244	6.74976213704334	4.16476177764348
2245	3.97912357327344	3.87521262169836
2246	7.0572844663492	7.09940266195359
2247	0.00913835227917714	-2.41316136182507
2248	6.26382662946961	3.22339335416417
2249	7.56307243974195	6.39104412779706
2250	9.07499413069979	5.8995092198881
2251	5.52764722636056	3.22823090738091
2252	8.11046093548606	7.99168237677248
2253	4.93940466953885	2.73743695278732
2254	-0.321158867783989	0.337023206463279
2255	2.71419596914147	-1.82519179439081
2256	4.15439371908288	-1.4677109742594
2257	2.06081753325998	1.22459876446963
2258	3.13534190568576	3.73755421147954
2259	8.08350017189722	5.51794517479585
2260	3.61185303849989	2.34916167813188
2261	14.7577466121226	8.63328071912053
2262	2.44476046765507	0.943101457927178
2263	5.88826744001823	2.99782704896177
2264	3.04474040781165	1.42481514123112
2265	5.32389918708107	5.37967464806883
2266	2.47378596763627	0.501184128567653
2267	1.1326257215254	3.23972541158409
2268	11.1268377708767	6.81322092312056
2269	0.317469648841269	-1.65670486422467
2270	13.8490793011679	8.16692457116459
2271	4.01989431193118	1.50774638782025
2272	7.65339134041168	7.7213515089673
2273	4.38165457688311	1.6022548619045
2274	1.1371039062817	1.44195528531078
2275	2.20894814040502	3.21248009305298
2276	10.2892725011752	8.37650466597409
2277	8.48548990112927	8.03055090620494
2278	3.68208522494342	2.14003313088792
2279	8.4765310343228	6.94994439042035
2280	9.34837407423894	9.22614584524786
2281	3.07857635164949	2.69474826456588
2282	7.2798189143299	6.14517771584074
2283	6.15610641991942	2.26427390468667
2284	-0.142907778321387	1.33736049968643
2285	9.27293815158678	6.69868243407638
2286	2.0982078041663	-0.18584053958833
2287	9.65965434419219	6.12787365757187
2288	-0.148064794940074	-1.1917095839574
2289	2.68589978734744	0.345607045479262
2290	1.25385013463343	-0.923324235788267
2291	0.79051291917728	0.27284825703412
2292	2.12294813924888	-1.97103810463978
2293	9.02826433377465	5.2731000518629
2294	10.9156578513234	8.17869545865396
2295	11.5206430384198	6.96973855248822
2296	9.68467876178348	7.19815865368661
2297	1.91010902651787	2.95074670257661
2298	2.77447815608451	2.38956882147287
2299	6.28121768345242	7.36656548297965
2300	5.31239821044149	4.80922287615955
2301	5.61595378247751	5.42752725488219
2302	3.32259900951617	1.68314357092527
2303	0.421278453547899	0.653223279492292
2304	11.2282662788883	9.62434495712694
2305	5.29274988542538	5.16388306652061
2306	5.09307216135443	-0.0552534456652039
2307	1.98588312896555	-1.09633338703781
2308	6.55776487074047	3.23442023222271
2309	10.8572643536451	8.77234521134558
2310	9.5494837667534	4.73257444205411
2311	9.44257543115604	9.41928056927772
2312	6.85822068188835	6.3845714891972
2313	6.14528742208058	1.72697494274334
2314	2.87629157998856	2.65518680070704
2315	0.363777240928913	-0.862386441247845
2316	-1.62868495311718	-2.54049177294663
2317	6.9468070560279	6.18307010406726
2318	-0.320015776978275	-1.42153959525746
2319	5.34378884586512	2.83910681327985
2320	6.32655157710804	5.24593904973596
2321	9.89014851630298	9.61384619721662
2322	7.6332005846152	3.45143301958499
2323	4.38303547533982	3.31180340621671
2324	0.722194958329392	-0.549068539538557
2325	7.85746985167533	6.67054052586337
2326	5.87207848473772	2.93362260527162
2327	4.9869085969998	3.64485967058764
2328	1.41527301647559	-0.125577334107559
2329	0.380576755278162	0.136606062865724
2330	5.50000341126558	4.69471206274189
2331	6.01878726025075	4.43592167676349
2332	-1.25301640912889	-1.74589818392544
2333	0.489479340289447	-2.26154427577022
2334	3.67675774278389	5.2793989226865
2335	10.7564981171972	8.82873238056576
2336	3.10420942118442	4.72427239596673
2337	5.12885672243312	4.26242301792953
2338	4.25577287807814	3.82936683609162
2339	9.51695312516895	9.53010612957482
2340	4.97790831229541	3.6010491451201
2341	3.36473809271818	5.77603026599441
2342	8.57166123582939	4.76709982951728
2343	-1.46352073935419	0.263401355975741
2344	1.17093031712545	0.503036235735888
2345	5.51987527026427	6.35373876817535
2346	2.92921197445074	2.91717289174322
2347	5.27585431224622	-0.528151100351831
2348	7.99517047483296	6.56967245764707
2349	-2.31274937607482	-1.39914476277609
2350	6.09332831950654	8.03310255444463
2351	7.27611386265936	4.92982336250259
2352	5.64879480072828	4.21596436407379
2353	2.30919107955057	1.37989451723913
2354	2.57885305050109	2.92413464470924
2355	2.03037105120919	3.51162838045894
2356	-0.979988259671014	-0.456876349433443
2357	7.3556248410648	3.87410769283754
2358	-1.3392244410917	-1.76810960032657
2359	-0.435782502973813	0.746306597593283
2360	5.2909754756972	-0.0615694822007479
2361	3.26768652644564	0.833662217527306
2362	9.26383503353843	8.41246454835426
2363	6.47178997731563	2.83849801310507
2364	10.1326639801678	6.98302854042984
2365	8.32894232197286	8.23271192075269
2366	8.36969544311348	2.42732138302006
2367	-0.744352294156173	-1.91051107572673
2368	0.176860599782797	1.46322201218434
2369	7.39591215553284	6.28440019506796
2370	3.46646068043498	1.48964573296057
2371	11.1809262679119	5.12564601959578
2372	9.2989793838667	7.73593287194365
2373	10.1875775873683	7.92862567358147
2374	3.54200550161921	2.15704264843907
2375	2.89792494252289	2.02211524313988
2376	9.67589305531378	8.41682730786701
2377	8.30706836619223	5.29827777383536
2378	12.0434338018991	6.49988752687695
2379	8.31842623588073	4.81381950801649
2380	12.2527961347413	8.51165410948256
2381	0.0621150180741119	0.944675851806274
2382	3.26291245876743	-0.327805892565811
2383	10.077260926972	8.30513305614548
2384	2.10557377058723	3.54762236295813
2385	10.5667360015893	8.18848501184099
2386	0.952814259871516	-0.353467709588957
2387	11.0264112525838	6.71129802089355
2388	6.16182271281429	6.29399870489698
2389	9.46427431168132	9.01636491131952
2390	3.71954004943786	4.09783171843695
2391	7.18671848980617	6.13560571933132
2392	4.47088475688388	2.12656641735913
2393	-1.25301883204675	-1.4502391505754
2394	11.7883713990251	8.81242605581154
2395	-0.0173755688770831	0.814315081014961
2396	3.9909090801482	4.6308975412199
2397	3.20664267301305	-1.3324228316828
2398	7.0543894547932	7.73459765596398
2399	3.63951363795564	1.24560988212476
2400	7.63206394165678	7.01862432582951
2401	0.933196336220535	0.732962167580494
2402	3.83277344408565	2.06465365294615
2403	4.20298313540266	4.57189114057049
2404	13.0890550842129	8.76067924650174
2405	2.07919871608019	-0.0642739355978984
2406	8.13973945137633	8.63804492802289
2407	11.3109613281212	9.21618103363022
2408	8.40622292010059	5.67037247696174
2409	7.70093123009355	5.2746224921914
2410	-0.869341528701938	-1.81165888868391
2411	4.49525723569331	-0.0106561088362327
2412	1.89836750317081	-0.378103247318043
2413	6.00179299880979	5.99793992877177
2414	-0.820155155790156	2.21428913582519
2415	10.4879588762689	7.03239609633401
2416	4.88252368699216	3.63316880902121
2417	7.57904157297518	6.3800990215082
2418	12.7905455593364	9.80612381478163
2419	5.20286454340831	2.16347052275887
2420	9.51714529827255	7.12737236622588
2421	12.0544175164873	9.09164898283422
2422	3.10998285685403	0.0663854281050427
2423	6.96921515976092	5.55640763788336
2424	-3.47204224019094	-1.01514607556429
2425	3.44629952051981	0.754346196130033
2426	3.52111163146665	2.23939997800553
2427	-1.15090701550391	-2.41615464144111
2428	0.647150717041725	2.19285819798621
2429	8.4799900384284	8.27957834180176
2430	3.92007108065157	1.66776509276595
2431	7.50232048871051	3.43807607551692
2432	5.98921445041507	4.90554662421044
2433	5.6978389077052	3.58123358037421
2434	1.12700113576673	-0.257433157182567
2435	6.17436070962664	7.75100576257608
2436	6.19161173170902	5.76616244126275
2437	7.74229842129755	7.33714799523588
2438	0.176696717231899	-1.235124434312
2439	9.8845820964505	6.45619740836086
2440	5.46164465263741	2.55366844268608
2441	8.5223083368831	7.6707281768156
2442	6.25799896556609	5.49878121312751
2443	9.78911989828251	7.19591521080522
2444	6.74976213704334	4.32436367737043
2445	3.97912357327344	4.03312300904828
2446	7.0572844663492	7.27614839123771
2447	0.00913835227917714	-2.29198692139854
2448	6.26382662946961	3.3774958894241
2449	7.56307243974195	6.56365170919403
2450	9.07499413069979	6.06924531171793
2451	5.52764722636056	3.38236170306217
2452	8.11046093548606	8.17364070001655
2453	4.93940466953885	2.88870058746424
2454	-0.321158867783989	0.474263904175854
2455	2.71419596914147	-1.70058250437067
2456	4.15439371908288	-1.34101332300806
2457	2.06081753325998	1.36702457500706
2458	3.13534190568576	3.89466041446247
2459	8.08350017189722	5.68545221400492
2460	3.61185303849989	2.49815705396815
2461	14.7577466121226	8.81898718500249
2462	2.44476046765507	1.08388279405209
2463	5.88826744001823	3.15061185219156
2464	3.04474040781165	1.56841059247522
2465	5.32389918708107	5.54637392699769
2466	2.47378596763627	0.639383835228666
2467	1.1326257215254	3.39392335681743
2468	11.1268377708767	6.98829481208542
2469	0.317469648841269	-1.53111129322186
2470	13.8490793011679	8.34990663885655
2471	4.01989431193118	1.65182631372838
2472	7.65339134041168	7.90173059083077
2473	4.38165457688311	1.74688689528857
2474	1.1371039062817	1.58565086727624
2475	2.20894814040502	3.36651887431514
2476	10.2892725011752	8.56071107612077
2477	8.48548990112927	8.21273629486178
2478	3.68208522494342	2.28780680215766
2479	8.4765310343228	7.12581700192479
2480	9.34837407423894	9.41531576000598
2481	3.07857635164949	2.84576251690821
2482	7.2798189143299	6.31634897435305
2483	6.15610641991942	2.41277337605735
2484	-0.142907778321387	1.48044505112106
2485	9.27293815158678	6.87308720255552
2486	2.0982078041663	-0.0516543508590716
2487	9.65965434419219	6.29894382779525
2488	-0.148064794940074	-1.06339956479481
2489	2.68589978734744	0.482897888977586
2490	1.25385013463343	-0.793446340743745
2491	0.79051291917728	0.409714052181704
2492	2.12294813924888	-1.84728083174303
2493	9.02826433377465	5.43917673443858
2494	10.9156578513234	8.36174629049691
2495	11.5206430384198	7.14572679917737
2496	9.68467876178348	7.37548130394906
2497	1.91010902651787	3.10325646791735
2498	2.77447815608451	2.5388002511248
2499	6.28121768345242	7.54487194628481
2500	5.31239821044149	4.97258964241183
2501	5.61595378247751	5.59450608315539
2502	3.32259900951617	1.82824814670727
2503	0.421278453547899	0.792311181129189
2504	11.2282662788883	9.81584110462461
2505	5.29274988542538	5.32932171621415
2506	5.09307216135443	0.0796956176265111
2507	1.98588312896555	-0.967466191263755
2508	6.55776487074047	3.38858718521736
2509	10.8572643536451	8.95886407576151
2510	9.5494837667534	4.89549343709964
2511	9.44257543115604	9.60957875455372
2512	6.85822068188835	6.55714125819486
2513	6.14528742208058	1.87233557628414
2514	2.87629157998856	2.80596993959455
2515	0.363777240928913	-0.732152554719398
2516	-1.62868495311718	-2.42006118192171
2517	6.9468070560279	6.35446272548933
2518	-0.320015776978275	-1.29457221619844
2519	5.34378884586512	2.99096439141632
2520	6.32655157710804	5.41185706090706
2521	9.89014851630298	9.80528101218415
2522	7.6332005846152	3.60686773595681
2523	4.38303547533982	3.46642242268279
2524	0.722194958329392	-0.417004286394273
2525	7.85746985167533	6.84478089259906
2526	5.87207848473772	3.08603233363439
2527	4.9869085969998	3.80142436288065
2528	1.41527301647559	0.0089609052350664
2529	0.380576755278162	0.272675947015201
2530	5.50000341126558	4.85740987018624
2531	6.01878726025075	4.59710766097523
2532	-1.25301640912889	-1.62082566988697
2533	0.489479340289447	-2.13948410602152
2534	3.67675774278389	5.44551240253042
2535	10.7564981171972	9.01558065224358
2536	3.10420942118442	4.88714289142792
2537	5.12885672243312	4.42259544322462
2538	4.25577287807814	3.98700939771249
2539	9.51695312516895	9.72105174484012
2540	4.97790831229541	3.75735790143626
2541	3.36473809271818	5.94504500818628
2542	8.57166123582939	4.93022051784706
2543	-1.46352073935419	0.400211963429848
2544	1.17093031712545	0.641246762190826
2545	5.51987527026427	6.52612841601515
2546	2.92921197445074	3.06948652279933
2547	5.27585431224622	-0.395964649969
2548	7.99517047483296	6.74332356490011
2549	-2.31274937607482	-1.27204655571932
2550	6.09332831950654	8.21530284953269
2551	7.27611386265936	5.09389466272133
2552	5.64879480072828	4.37586538333504
2553	2.30919107955057	1.52322754744036
2554	2.57885305050109	3.0764889455137
2555	2.03037105120919	3.66741475110385
2556	-0.979988259671014	-0.324273520273908
2557	7.3556248410648	4.03201162532201
2558	-1.3392244410917	-1.64316684279052
2559	-0.435782502973813	0.885938281111183
2560	5.2909754756972	0.0733426835426432
2561	3.26768652644564	0.973804222381973
2562	9.26383503353843	8.59688103193709
2563	6.47178997731563	2.99035203470197
2564	10.1326639801678	7.15909442567753
2565	8.32894232197286	8.4160783104632
2566	8.36969544311348	2.57677335873061
2567	-0.744352294156173	-1.78640021099091
2568	0.176860599782797	1.60704183188625
2569	7.39591215553284	6.45638477505587
2570	3.46646068043498	1.63361991695545
2571	11.1809262679119	5.29086129292366
2572	9.2989793838667	7.91639713642791
2573	10.1875775873683	8.11021562692456
2574	3.54200550161921	2.30491568732524
2575	2.89792494252289	2.16920005187107
2576	9.67589305531378	8.60126927818175
2577	8.30706836619223	5.46450154172442
2578	12.0434338018991	6.67313095870871
2579	8.31842623588073	4.97721312725562
2580	12.2527961347413	8.69665004690552
2581	0.0621150180741119	1.08546638535649
2582	3.26291245876743	-0.194449048860497
2583	10.077260926972	8.488922521677
2584	2.10557377058723	3.70361900624811
2585	10.5667360015893	8.37159303311116
2586	0.952814259871516	-0.220260779223815
2587	11.0264112525838	6.88577648815858
2588	6.16182271281429	6.46603935825912
2589	9.46427431168132	9.20430931034424
2590	3.71954004943786	4.25704262056913
2591	7.18671848980617	6.30672105935713
2592	4.47088475688388	2.27426141766008
2593	-1.25301883204675	-1.32343943096915
2594	11.7883713990251	8.99917906784318
2595	-0.0173755688770831	0.954344062156041
2596	3.9909090801482	4.79322255167702
2597	3.20664267301305	-1.20493484289141
2598	7.0543894547932	7.91505412027231
2599	3.63951363795564	1.38815843715941
2600	7.63206394165678	7.19489815750128
2601	0.933196336220535	0.862753082343968
2602	3.83277344408565	2.19910940314646
2603	4.20298313540266	4.71512959337823
2604	13.0890550842129	8.91859077292199
2605	2.07919871608019	0.0627243088913441
2606	8.13973945137633	8.79552687377758
2607	11.3109613281212	9.37568815550294
2608	8.40622292010059	5.81745884403567
2609	7.70093123009355	5.42032257079433
2610	-0.869341528701938	-1.69078162892763
2611	4.49525723569331	0.116529955685707
2612	1.89836750317081	-0.252204328093336
2613	6.00179299880979	6.14617374499135
2614	-0.820155155790156	2.3492690501512
2615	10.4879588762689	7.18425355049175
2616	4.88252368699216	3.773118973779
2617	7.57904157297518	6.52967151811877
2618	12.7905455593364	9.96769747084899
2619	5.20286454340831	2.29827242252995
2620	9.51714529827255	7.27956251656311
2621	12.0544175164873	9.25071987639884
2622	3.10998285685403	0.193841364512161
2623	6.96921515976092	5.70309479295831
2624	-3.47204224019094	-0.891478679175496
2625	3.44629952051981	0.884212017863519
2626	3.52111163146665	2.37446785410627
2627	-1.15090701550391	-2.29739489406654
2628	0.647150717041725	2.32776304102178
2629	8.4799900384284	8.43580460059539
2630	3.92007108065157	1.80083056613386
2631	7.50232048871051	3.57734284212527
2632	5.98921445041507	5.04995385217434
2633	5.6978389077052	3.72100181913962
2634	1.12700113576673	-0.131111537866422
2635	6.17436070962664	7.9053804633132
2636	6.19161173170902	5.91358435483891
2637	7.74229842129755	7.49007297702525
2638	0.176696717231899	-1.11222760892595
2639	9.8845820964505	6.60603647305838
2640	5.46164465263741	2.68983718237786
2641	8.5223083368831	7.82482166998254
2642	6.25799896556609	5.64526650629131
2643	9.78911989828251	7.34834546261779
2644	6.74976213704334	4.46673505631413
2645	3.97912357327344	4.17447418939106
2646	7.0572844663492	7.42885969507127
2647	0.00913835227917714	-2.17279222194466
2648	6.26382662946961	3.51655044727242
2649	7.56307243974195	6.71386717986537
2650	9.07499413069979	6.21772890641913
2651	5.52764722636056	3.52143330556395
2652	8.11046093548606	8.32949586560208
2653	4.93940466953885	3.02604292467362
2654	-0.321158867783989	0.603148614431874
2655	2.71419596914147	-1.57931615069929
2656	4.15439371908288	-1.21848742005095
2657	2.06081753325998	1.49903657237099
2658	3.13534190568576	4.0355265686374
2659	8.08350017189722	5.83259140449366
2660	3.61185303849989	2.63413134059322
2661	14.7577466121226	8.97710296063568
2662	2.44476046765507	1.21490296273201
2663	5.88826744001823	3.28887164885941
2664	3.04474040781165	1.70112803298502
2665	5.32389918708107	5.69302593458495
2666	2.47378596763627	0.768846950704038
2667	1.1326257215254	3.53303545909918
2668	11.1268377708767	7.13999778208836
2669	0.317469648841269	-1.40925129205782
2670	13.8490793011679	8.50637925345851
2671	4.01989431193118	1.78483595450887
2672	7.65339134041168	8.05663327160515
2673	4.38165457688311	1.88022952758728
2674	1.1371039062817	1.7184286994351
2675	2.20894814040502	3.50553498033761
2676	10.2892725011752	8.71792212602849
2677	8.48548990112927	8.36872840997224
2678	3.68208522494342	2.42304424446137
2679	8.4765310343228	7.27800170391412
2680	9.34837407423894	9.57552043888685
2681	3.07857635164949	2.98295444463062
2682	7.2798189143299	6.46569815837032
2683	6.15610641991942	2.54844856877755
2684	-0.142907778321387	1.61285435361314
2685	9.27293815158678	7.0243866072091
2686	2.0982078041663	0.0753880992789527
2687	9.65965434419219	6.44823204262759
2688	-0.148064794940074	-0.939901197485942
2689	2.68589978734744	0.611812843564749
2690	1.25385013463343	-0.669002343475021
2691	0.79051291917728	0.538372648176025
2692	2.12294813924888	-1.72652835351771
2693	9.02826433377465	5.58545323668689
2694	10.9156578513234	8.51826037868876
2695	11.5206430384198	7.29798124399286
2696	9.68467876178348	7.52854056502072
2697	1.91010902651787	3.24135038151309
2698	2.77447815608451	2.6749169084329
2699	6.28121768345242	7.69852457262142
2700	5.31239821044149	5.11723171804919
2701	5.61595378247751	5.74132669480009
2702	3.32259900951617	1.961875782592
2703	0.421278453547899	0.922309991929083
2704	11.2282662788883	9.97744879977572
2705	5.29274988542538	5.47521340291956
2706	5.09307216135443	0.207198178829562
2707	1.98588312896555	-0.843631775098717
2708	6.55776487074047	3.52768059520991
2709	10.8572643536451	9.11746983175726
2710	9.5494837667534	5.0398654493518
2711	9.44257543115604	9.7704639250582
2712	6.85822068188835	6.70733392314666
2713	6.14528742208058	2.00611764779158
2714	2.87629157998856	2.94302247630424
2715	0.363777240928913	-0.607493848992862
2716	-1.62868495311718	-2.30131511892424
2717	6.9468070560279	6.50394541969187
2718	-0.320015776978275	-1.17188363282838
2719	5.34378884586512	3.12866495260011
2720	6.32655157710804	5.55803786397683
2721	9.89014851630298	9.96685171596453
2722	7.6332005846152	3.74672576963243
2723	4.38303547533982	3.60578848484586
2724	0.722194958329392	-0.291241635177288
2725	7.85746985167533	6.99598114194586
2726	5.87207848473772	3.22406591212034
2727	4.9869085969998	3.9419639167565
2728	1.41527301647559	0.136215686981236
2729	0.380576755278162	0.400854506742712
2730	5.50000341126558	5.00164847798665
2731	6.01878726025075	4.74043444574219
2732	-1.25301640912889	-1.49927993280591
2733	0.489479340289447	-2.01975519834809
2734	3.67675774278389	5.59181109824423
2735	10.7564981171972	9.17438508300652
2736	3.10420942118442	5.03148565221922
2737	5.12885672243312	4.565310922155
2738	4.25577287807814	4.12819904483932
2739	9.51695312516895	9.88232739854664
2740	4.97790831229541	3.8977430931395
2741	3.36473809271818	6.09309353667016
2742	8.57166123582939	5.07471417698116
2743	-1.46352073935419	0.528837274176932
2744	1.17093031712545	0.770716403387661
2745	5.51987527026427	6.67621244484005
2746	2.92921197445074	3.20746214230187
2747	5.27585431224622	-0.270128298166967
2748	7.99517047483296	6.89416841531046
2749	-2.31274937607482	-1.14927906631103
2750	6.09332831950654	8.37130395513029
2751	7.27611386265936	5.23896166257246
2752	5.64879480072828	4.51841716966715
2753	2.30919107955057	1.65578671445218
2754	2.57885305050109	3.2144890940832
2755	2.03037105120919	3.80748487734367
2756	-0.979988259671014	-0.198186038742517
2757	7.3556248410648	4.17335891255422
2758	-1.3392244410917	-1.52169936549876
2759	-0.435782502973813	1.01626506202926
2760	5.2909754756972	0.200822990798464
2761	3.26768652644564	1.10443879242466
2762	9.26383503353843	8.7542187830316
2763	6.47178997731563	3.12805045083691
2764	10.1326639801678	7.31139569648725
2765	8.32894232197286	8.57278272046372
2766	8.36969544311348	2.71302303355813
2767	-0.744352294156173	-1.66543447160096
2768	0.176860599782797	1.73989459531172
2769	7.39591215553284	6.6062244960877
2770	3.46646068043498	1.76656578181954
2771	11.1809262679119	5.43661825507203
2772	9.2989793838667	8.07135119323223
2773	10.1875775873683	8.26584861828146
2774	3.54200550161921	2.44021306102799
2775	2.89792494252289	2.30402202183914
2776	9.67589305531378	8.75862240103979
2777	8.30706836619223	5.6108667552544
2778	12.0434338018991	6.8237299286277
2779	8.31842623588073	5.12187139868321
2780	12.2527961347413	8.85433728287821
2781	0.0621150180741119	1.21649210126181
2782	3.26291245876743	-0.0679067999888689
2783	10.077260926972	8.64588210058231
2784	2.10557377058723	3.84381595382321
2785	10.5667360015893	8.52814161385206
2786	0.952814259871516	-0.0938089472962072
2787	11.0264112525838	7.03712034261888
2788	6.16182271281429	6.6159128987171
2789	9.46427431168132	9.36377484628201
2790	3.71954004943786	4.39917817788683
2791	7.18671848980617	6.45603651736537
2792	4.47088475688388	2.40945141129396
2793	-1.25301883204675	-1.2008519677218
2794	11.7883713990251	9.15792604483926
2795	-0.0173755688770831	1.08491046442412
2796	3.9909090801482	4.9372363151488
2797	3.20664267301305	-1.08193226517651
2798	7.0543894547932	8.07000347257156
2799	3.63951363795564	1.52024446517546
2800	7.63206394165678	7.3473248466371
2801	0.933196336220535	0.983220921344098
2802	3.83277344408565	2.32207819738526
2803	4.20298313540266	4.84280705234771
2804	13.0890550842129	9.05413489746105
2805	2.07919871608019	0.181694915363808
2806	8.13973945137633	8.93084068750921
2807	11.3109613281212	9.51208772561124
2808	8.40622292010059	5.94719928281919
2809	7.70093123009355	5.54931977962669
2810	-0.869341528701938	-1.57509266208449
2811	4.49525723569331	0.235601257992153
2812	1.89836750317081	-0.133823102171714
2813	6.00179299880979	6.27652936495131
2814	-0.820155155790156	2.47251886416742
2815	10.4879588762689	7.31655190914147
2816	4.88252368699216	3.89903348497976
2817	7.57904157297518	6.6607448439404
2818	12.7905455593364	10.1052049706131
2819	5.20286454340831	2.4214267977167
2820	9.51714529827255	7.41203924340273
2821	12.0544175164873	9.38688557170337
2822	3.10998285685403	0.313057353059771
2823	6.96921515976092	5.8326212024682
2824	-3.47204224019094	-0.774293838164397
2825	3.44629952051981	1.00472001668956
2826	3.52111163146665	2.49776482701251
2827	-1.15090701550391	-2.18284118778204
2828	0.647150717041725	2.45097260711508
2829	8.4799900384284	8.57044520367985
2830	3.92007108065157	1.92305399214387
2831	7.50232048871051	3.70289096351334
2832	5.98921445041507	5.17825792582064
2833	5.6978389077052	3.84681879447447
2834	1.12700113576673	-0.0125036900151782
2835	6.17436070962664	8.03902839176126
2836	6.19161173170902	6.04350468995402
2837	7.74229842129755	7.62294366858123
2838	0.176696717231899	-0.995455893653619
2839	9.8845820964505	6.73725271385796
2840	5.46164465263741	2.81372436057694
2841	8.5223083368831	7.95831883479588
2842	6.25799896556609	5.7746846917039
2843	9.78911989828251	7.48095091490779
2844	6.74976213704334	4.59394765152755
2845	3.97912357327344	4.30113982618117
2846	7.0572844663492	7.56161582760149
2847	0.00913835227917714	-2.05800532508011
2848	6.26382662946961	3.64198479731372
2849	7.56307243974195	6.8452852229589
2850	9.07499413069979	6.34821843995666
2851	5.52764722636056	3.64687679374441
2852	8.11046093548606	8.46393751472228
2853	4.93940466953885	3.15055930295906
2854	-0.321158867783989	0.723130610589117
2855	2.71419596914147	-1.46341857918435
2856	4.15439371908288	-1.10191456718317
2857	2.06081753325998	1.62069519896489
2858	3.13534190568576	4.16193216865842
2859	8.08350017189722	5.96236016346077
2860	3.61185303849989	2.75791426679403
2861	14.7577466121226	9.11275658917462
2862	2.44476046765507	1.33602984084801
2863	5.88826744001823	3.41387990409743
2864	3.04474040781165	1.82316486836145
2865	5.32389918708107	5.82253350049473
2866	2.47378596763627	0.889139046881529
2867	1.1326257215254	3.65850066040077
2868	11.1268377708767	7.27221331724699
2869	0.317469648841269	-1.29303544869239
2870	13.8490793011679	8.64115193512489
2871	4.01989431193118	1.9070294470295
2872	7.65339134041168	8.19056426565283
2873	4.38165457688311	2.00260154663755
2874	1.1371039062817	1.84049791254771
2875	2.20894814040502	3.63094871522612
2876	10.2892725011752	8.85309070454298
2877	8.48548990112927	8.50324348175362
2878	3.68208522494342	2.54643212678753
2879	8.4765310343228	7.41047550973446
2880	9.34837407423894	9.7122939897877
2881	3.07857635164949	3.10739018397404
2882	7.2798189143299	6.59665175975416
2883	6.15610641991942	2.67207114195447
2884	-0.142907778321387	1.73472598715124
2885	9.27293815158678	7.15638577913514
2886	2.0982078041663	0.19438240569762
2887	9.65965434419219	6.57915295664131
2888	-0.148064794940074	-0.822806977927336
2889	2.68589978734744	0.731811054595901
2890	1.25385013463343	-0.551401143930955
2891	0.79051291917728	0.658233417838787
2892	2.12294813924888	-1.61090628571694
2893	9.02826433377465	5.71475948315952
2894	10.9156578513234	8.65305529556436
2895	11.5206430384198	7.43049244098997
2896	9.68467876178348	7.66148324764242
2897	1.91010902651787	3.36626970196578
2898	2.77447815608451	2.79877616373694
2899	6.28121768345242	7.83178537578304
2900	5.31239821044149	5.24566170042843
2901	5.61595378247751	5.87092465429534
2902	3.32259900951617	2.08440060043253
2903	0.421278453547899	1.04288929009823
2904	11.2282662788883	10.114974548892
2905	5.29274988542538	5.60431333848133
2906	5.09307216135443	0.326439164299191
2907	1.98588312896555	-0.726357389881824
2908	6.55776487074047	3.65313577502644
2909	10.8572643536451	9.25338615315454
2910	9.5494837667534	5.16815064282108
2911	9.44257543115604	9.90760230749791
2912	6.85822068188835	6.83873973942436
2913	6.14528742208058	2.12872526310373
2914	2.87629157998856	3.06738348403317
2915	0.363777240928913	-0.489777537940658
2916	-1.62868495311718	-2.18676874923608
2917	6.9468070560279	6.63497059980593
2918	-0.320015776978275	-1.05522356221487
2919	5.34378884586512	3.25337338527581
2920	6.32655157710804	5.68729280331009
2921	9.89014851630298	10.1043576329209
2922	7.6332005846152	3.87259088665504
2923	4.38303547533982	3.73138984149617
2924	0.722194958329392	-0.172933466535477
2925	7.85746985167533	7.1279271538007
2926	5.87207848473772	3.34895288514922
2927	4.9869085969998	4.06819441676809
2928	1.41527301647559	0.25532383060915
2929	0.380576755278162	0.520457914868827
2930	5.50000341126558	5.12986214941256
2931	6.01878726025075	4.86815926206846
2932	-1.25301640912889	-1.38323257564225
2933	0.489479340289447	-1.90468189677253
2934	3.67675774278389	5.72112924328531
2935	10.7564981171972	9.31040791977964
2936	3.10420942118442	5.1597551631215
2937	5.12885672243312	4.69270799947416
2938	4.25577287807814	4.2547780789297
2939	9.51695312516895	10.0196751304957
2940	4.97790831229541	4.02389083505824
2941	3.36473809271818	6.22334981843491
2942	8.57166123582939	5.20306458891543
2943	-1.46352073935419	0.648680198641386
2944	1.17093031712545	0.891011998196027
2945	5.51987527026427	6.80756001810053
2946	2.92921197445074	3.33231804181804
2947	5.27585431224622	-0.151780616477641
2948	7.99517047483296	7.02592388736085
2949	-2.31274937607482	-1.03257669185373
2950	6.09332831950654	8.50582384697579
2951	7.27611386265936	5.36761945929861
2952	5.64879480072828	4.64572648657831
2953	2.30919107955057	1.77773869475938
2954	2.57885305050109	3.33935814435235
2955	2.03037105120919	3.93346370341705
2956	-0.979988259671014	-0.0797037190320362
2957	7.3556248410648	4.30002246213346
2958	-1.3392244410917	-1.40569396570588
2959	-0.435782502973813	1.13702019460807
2960	5.2909754756972	0.3200520452736
2961	3.26768652644564	1.22535893978996
2962	9.26383503353843	8.88945528977233
2963	6.47178997731563	3.25275773348893
2964	10.1326639801678	7.44393199827469
2965	8.32894232197286	8.70767967444887
2966	8.36969544311348	2.83695360345976
2967	-0.744352294156173	-1.54969806822842
2968	0.176860599782797	1.86200398127637
2969	7.39591215553284	6.73744108876736
2970	3.46646068043498	1.88872508219891
2971	11.1809262679119	5.56564596084322
2972	9.2989793838667	8.20530973147799
2973	10.1875775873683	8.40017115327458
2974	3.54200550161921	2.56363307433679
2975	2.89792494252289	2.42718715724776
2976	9.67589305531378	8.89386714903425
2977	8.30706836619223	5.74022056244972
2978	12.0434338018991	6.95535357692754
2979	8.31842623588073	5.2503100641011
2980	12.2527961347413	8.9897611587231
2981	0.0621150180741119	1.33762195340822
2982	3.26291245876743	0.0508193338448213
2983	10.077260926972	8.78091585810915
2984	2.10557377058723	3.96986277253795
2985	10.5667360015893	8.66295502319593
2986	0.952814259871516	0.0248687113591246
2987	11.0264112525838	7.16914334539137
2988	6.16182271281429	6.74714762298407
2989	9.46427431168132	9.50015212094961
2990	3.71954004943786	4.52626434220275
2991	7.18671848980617	6.58697203724557
2992	4.47088475688388	2.53281385499511
2993	-1.25301883204675	-1.084246110575
2994	11.7883713990251	9.29391807896111
2995	-0.0173755688770831	1.20579406504402
2996	3.9909090801482	5.06532944092862
2997	3.20664267301305	-0.965103852975763
2998	7.0543894547932	8.20395948859401
2999	3.63951363795564	1.64194278177553
3000	7.63206394165678	7.47992838887149
3001	0.933196336220535	1.09436061569685
3002	3.83277344408565	2.43421384407001
3003	4.20298313540266	4.95681782480304
3004	13.0890550842129	9.17127840248109
3005	2.07919871608019	0.29223836864658
3006	8.13973945137633	9.04789247613936
3007	11.3109613281212	9.6295718936693
3008	8.40622292010059	6.06203159319126
3009	7.70093123009355	5.66385611444846
3010	-0.869341528701938	-1.46585605211945
3011	4.49525723569331	0.346184811253175
3012	1.89836750317081	-0.0235143571815852
3013	6.00179299880979	6.39160665816746
3014	-0.820155155790156	2.58476642101286
3015	10.4879588762689	7.43240285679917
3016	4.88252368699216	4.01234220091112
3017	7.57904157297518	6.77610794828006
3018	12.7905455593364	10.2231303481368
3019	5.20286454340831	2.53363634807434
3020	9.51714529827255	7.52796122240554
3021	12.0544175164873	9.50427660408567
3022	3.10998285685403	0.42369852454485
3023	6.96921515976092	5.94736828022559
3024	-3.47204224019094	-0.664461528067295
3025	3.44629952051981	1.11587570384045
3026	3.52111163146665	2.61003116388479
3027	-1.15090701550391	-2.07405667123447
3028	0.647150717041725	2.56320413607963
3029	8.4799900384284	8.6872289004611
3030	3.92007108065157	2.03489281175463
3031	7.50232048871051	3.81605377247974
3032	5.98921445041507	5.29251823426885
3033	5.6978389077052	3.96008866881778
3034	1.12700113576673	0.0978953023475545
3035	6.17436070962664	8.15541677694166
3036	6.19161173170902	6.1584086402212
3037	7.74229842129755	7.73902253566901
3038	0.176696717231899	-0.885788102111897
3039	9.8845820964505	6.8526727310537
3040	5.46164465263741	2.92622573417784
3041	8.5223083368831	8.07464718155925
3042	6.25799896556609	5.88938867151199
3043	9.78911989828251	7.59692415608856
3044	6.74976213704334	4.70777330186044
3045	3.97912357327344	4.41474766193315
3046	7.0572844663492	7.6776490739892
3047	0.00913835227917714	-1.94912794533435
3048	6.26382662946961	3.75510229925649
3049	7.56307243974195	6.96078560363422
3050	9.07499413069979	6.46334906141228
3051	5.52764722636056	3.75999793475711
3052	8.11046093548606	8.58064198231076
3053	4.93940466953885	3.26331124213732
3054	-0.321158867783989	0.834076828343455
3055	2.71419596914147	-1.35409889683715
3056	4.15439371908288	-0.992325968372491
3057	2.06081753325998	1.73230909919809
3058	3.13534190568576	4.27543645028732
3059	8.08350017189722	6.07720375174476
3060	3.61185303849989	2.87037412424976
3061	14.7577466121226	9.22994370183799
3062	2.44476046765507	1.44743198353817
3063	5.88826744001823	3.52682772283018
3064	3.04474040781165	1.93492938221345
3065	5.32389918708107	5.93727307418841
3066	2.47378596763627	1.00020875538594
3067	1.1326257215254	3.77163044820301
3068	11.1268377708767	7.38803128220759
3069	0.317469648841269	-1.1835890213372
3070	13.8490793011679	8.75798822939754
3071	4.01989431193118	2.01885634626356
3072	7.65339134041168	8.30706537569919
3073	4.38165457688311	2.11449954027218
3074	1.1371039062817	1.9522753201458
3075	2.20894814040502	3.74405800762192
3076	10.2892725011752	8.97008465633105
3077	8.48548990112927	8.61997718835826
3078	3.68208522494342	2.65873466640641
3079	8.4765310343228	7.52639632550336
3080	9.34837407423894	9.8299270877573
3081	3.07857635164949	3.22011001040548
3082	7.2798189143299	6.71196718637805
3083	6.15610641991942	2.7844671422225
3084	-0.142907778321387	1.84642471287812
3085	9.27293815158678	7.27211758203146
3086	2.0982078041663	0.30493529698085
3087	9.65965434419219	6.69445536621396
3088	-0.148064794940074	-0.713010755899921
3089	2.68589978734744	0.842763729579554
3090	1.25385013463343	-0.441403027886811
3091	0.79051291917728	0.769131359715168
3092	2.12294813924888	-1.50169631687535
3093	9.02826433377465	5.82941888566108
3094	10.9156578513234	8.76990044453706
3095	11.5206430384198	7.54642814700126
3096	9.68467876178348	7.77759078364386
3097	1.91010902651787	3.47918210430824
3098	2.77447815608451	2.91126641763766
3099	6.28121768345242	7.94801959653625
3100	5.31239821044149	5.35997214935666
3101	5.61595378247751	5.9857002253155
3102	3.32259900951617	2.19635944294167
3103	0.421278453547899	1.15407337069892
3104	11.2282662788883	10.2329071938328
3105	5.29274988542538	5.71889058204234
3106	5.09307216135443	0.437090290277813
3107	1.98588312896555	-0.616489420705662
3108	6.55776487074047	3.766261571985
3109	10.8572643536451	9.37067787767213
3110	9.5494837667534	5.2824034326396
3111	9.44257543115604	10.025380691883
3112	6.85822068188835	6.95423525102984
3113	6.14528742208058	2.24071707794827
3114	2.87629157998856	3.1800735501856
3115	0.363777240928913	-0.379733581182055
3116	-1.62868495311718	-2.07798715433226
3117	6.9468070560279	6.75031453113962
3118	-0.320015776978275	-0.945600230788459
3119	5.34378884586512	3.36620180603794
3120	6.32655157710804	5.80193177383258
3121	9.89014851630298	10.222282380125
3122	7.6332005846152	3.98587993240353
3123	4.38303547533982	3.84457385027565
3124	0.722194958329392	-0.062653815056128
3125	7.85746985167533	7.24363778682717
3126	5.87207848473772	3.46185240581684
3127	4.9869085969998	4.18162896853537
3128	1.41527301647559	0.365922055144357
3129	0.380576755278162	0.631253367976665
3130	5.50000341126558	5.24408645709561
3131	6.01878726025075	4.9821888935858
3132	-1.25301640912889	-1.27385324434019
3133	0.489479340289447	-1.79569046243058
3134	3.67675774278389	5.83579338413917
3135	10.7564981171972	9.4277420617845
3136	3.10420942118442	5.27400170769063
3137	5.12885672243312	4.80660711588936
3138	4.25577287807814	4.36835142699496
3139	9.51695312516895	10.1375368838786
3140	4.97790831229541	4.13729243017188
3141	3.36473809271818	6.33838755232362
3142	8.57166123582939	5.31734335060313
3143	-1.46352073935419	0.759571034046369
3144	1.17093031712545	1.00208309995591
3145	5.51987527026427	6.92303233566082
3146	2.92921197445074	3.44520518811887
3147	5.27585431224622	-0.0414852297659253
3148	7.99517047483296	7.14155864195509
3149	-2.31274937607482	-0.92293651381958
3150	6.09332831950654	8.62255947306865
3151	7.27611386265936	5.48202063045432
3152	5.64879480072828	4.75959065427405
3153	2.30919107955057	1.88946941688141
3154	2.57885305050109	3.45225052766139
3155	2.03037105120919	4.04679803138113
3156	-0.979988259671014	0.0306452844134256
3157	7.3556248410648	4.41362946669801
3158	-1.3392244410917	-1.29633134303604
3159	-0.435782502973813	1.24827429752969
3160	5.2909754756972	0.430698419986944
3161	3.26768652644564	1.33667875634726
3162	9.26383503353843	9.00647629253447
3163	6.47178997731563	3.36558569627855
3164	10.1326639801678	7.55987770173579
3165	8.32894232197286	8.82456545753433
3166	8.36969544311348	2.94947225688506
3167	-0.744352294156173	-1.44044256767255
3168	0.176860599782797	1.97379738685997
3169	7.39591215553284	6.85286124609187
3170	3.46646068043498	2.00053836513856
3171	11.1809262679119	5.68019444042346
3172	9.2989793838667	8.32182181041651
3173	10.1875775873683	8.51682818619059
3174	3.54200550161921	2.6759484094374
3175	2.89792494252289	2.53940099263534
3176	9.67589305531378	9.01089143370074
3177	8.30706836619223	5.85489890499945
3178	12.0434338018991	7.07093583551157
3179	8.31842623588073	5.36462397086515
3180	12.2527961347413	9.10685677725339
3181	0.0621150180741119	1.44902528044285
3182	3.26291245876743	0.161265431089016
3183	10.077260926972	8.89785612030094
3184	2.10557377058723	4.08322417712806
3185	10.5667360015893	8.77980753640154
3186	0.952814259871516	0.135295504392599
3187	11.0264112525838	7.28488463841639
3188	6.16182271281429	6.86257500082833
3189	9.46427431168132	9.61762741032171
3190	3.71954004943786	4.64003964411466
3191	7.18671848980617	6.70228026329448
3192	4.47088475688388	2.64510626422161
3193	-1.25301883204675	-0.974644368510832
3194	11.7883713990251	9.41123995446399
3195	-0.0173755688770831	1.3170993276358
3196	3.9909090801482	5.17950574386714
3197	3.20664267301305	-0.855413483085895
3198	7.0543894547932	8.32047056311065
3199	3.63951363795564	1.75357248771112
3200	7.63206394165678	7.59590086941316
3201	0.933196336220535	1.19641062938218
3202	3.83277344408565	2.53623233912486
3203	4.20298313540266	5.05877697826655
3204	13.0890550842129	9.27313841521573
3205	2.07919871608019	0.394307251409634
3206	8.13973945137633	9.14975539139746
3207	11.3109613281212	9.73142112553415
3208	8.40622292010059	6.16396474766948
3209	7.70093123009355	5.76579863558381
3210	-0.869341528701938	-1.36374581204409
3211	4.49525723569331	0.448252424983208
3212	1.89836750317081	0.0785619533304781
3213	6.00179299880979	6.49353205974076
3214	-0.820155155790156	2.68678137447752
3215	10.4879588762689	7.53430377474241
3216	4.88252368699216	4.11432357216503
3217	7.57904157297518	6.87802430486707
3218	12.7905455593364	10.3249656171666
3219	5.20286454340831	2.63565250431991
3220	9.51714529827255	7.62985989243926
3221	12.0544175164873	9.60612878338972
3222	3.10998285685403	0.525764314846738
3223	6.96921515976092	6.04930413203701
3224	-3.47204224019094	-0.562370139950752
3225	3.44629952051981	1.21792521140608
3226	3.52111163146665	2.71204552302309
3227	-1.15090701550391	-1.97193212388264
3228	0.647150717041725	2.66521959677424
3229	8.4799900384284	8.78910029994846
3230	3.92007108065157	2.13692070041453
3231	7.50232048871051	3.91803976121138
3232	5.98921445041507	5.39446949073519
3233	5.6978389077052	4.06207126928078
3234	1.12700113576673	0.199968756825752
3235	6.17436070962664	8.25730068674691
3236	6.19161173170902	6.2603395275313
3237	7.74229842129755	7.84091624070851
3238	0.176696717231899	-0.783691507521722
3239	9.8845820964505	6.95458728653515
3240	5.46164465263741	3.02823265517321
3241	8.5223083368831	8.17653299138383
3242	6.25799896556609	5.9913258872324
3243	9.78911989828251	7.69882120384218
3244	6.74976213704334	4.80973831383302
3245	3.97912357327344	4.51671956702407
3246	7.0572844663492	7.77954422277448
3247	0.00913835227917714	-1.8470063367987
3248	6.26382662946961	3.85708972180708
3249	7.56307243974195	7.06269761587466
3250	9.07499413069979	6.56527277532141
3251	5.52764722636056	3.86198524214306
3252	8.11046093548606	8.68251588914268
3253	4.93940466953885	3.36531023355254
3254	-0.321158867783989	0.936132964929666
3255	2.71419596914147	-1.2519912857307
3256	4.15439371908288	-0.890226867591663
3257	2.06081753325998	1.83434410581989
3258	3.13534190568576	4.3774116325272
3259	8.08350017189722	6.179136549314
3260	3.61185303849989	2.97238235909519
3261	14.7577466121226	9.3318023345335
3262	2.44476046765507	1.5494736915929
3263	5.88826744001823	3.62882051529882
3264	3.04474040781165	2.03695962240733
3265	5.32389918708107	6.03920916347888
3266	2.47378596763627	1.10226098389423
3267	1.1326257215254	3.87361748194639
3268	11.1268377708767	7.4899332439452
3269	0.317469648841269	-1.08148542129529
3270	13.8490793011679	8.85985796434651
3271	4.01989431193118	2.12088461216435
3272	7.65339134041168	8.40894571813151
3273	4.38165457688311	2.21652555626797
3274	1.1371039062817	2.05430515229483
3275	2.20894814040502	3.8460456899778
3276	10.2892725011752	9.07194940193584
3277	8.48548990112927	8.72185016987104
3278	3.68208522494342	2.76074787984631
3279	8.4765310343228	7.62829503234962
3280	9.34837407423894	9.93177160647806
3281	3.07857635164949	3.322110018084
3282	7.2798189143299	6.81388505180867
3283	6.15610641991942	2.88647739793886
3284	-0.142907778321387	1.94845703505077
3285	9.27293815158678	7.3740222705163
3286	2.0982078041663	0.40700388106209
3287	9.65965434419219	6.79637364359163
3288	-0.148064794940074	-0.610918225714127
3289	2.68589978734744	0.944819661815598
3290	1.25385013463343	-0.33931688698563
3291	0.79051291917728	0.871189024074857
3292	2.12294813924888	-1.39958523369566
3293	9.02826433377465	5.93135751210729
3294	10.9156578513234	8.87176989926376
3295	11.5206430384198	7.64832638262011
3296	9.68467876178348	7.8794835814061
3297	1.91010902651787	3.58117601758968
3298	2.77447815608451	3.01327369053513
3299	6.28121768345242	8.04990838514087
3300	5.31239821044149	5.46192181904097
3301	5.61595378247751	6.08763517540844
3302	3.32259900951617	2.29838353326981
3303	0.421278453547899	1.25612197970482
3304	11.2282662788883	10.3347422328727
3305	5.29274988542538	5.82083180855002
3306	5.09307216135443	0.539155765552572
3307	1.98588312896555	-0.514399161082221
3308	6.55776487074047	3.86824873202551
3309	10.8572643536451	9.47253319974496
3310	9.5494837667534	5.38435492704595
3311	9.44257543115604	10.1272206127644
3312	6.85822068188835	7.0561474173604
3313	6.14528742208058	2.34274012480994
3314	2.87629157998856	3.28207449967951
3315	0.363777240928913	-0.277648890989401
3316	-1.62868495311718	-1.97586251451997
3317	6.9468070560279	6.8522314944895
3318	-0.320015776978275	-0.8435022291812
3319	5.34378884586512	3.46819837706143
3320	6.32655157710804	5.90387104688403
3321	9.89014851630298	10.3241176691024
3322	7.6332005846152	4.08786192615433
3323	4.38303547533982	3.94655916810262
3324	0.722194958329392	0.0394234161702971
3325	7.85746985167533	7.34554314526908
3326	5.87207848473772	3.56384672676111
3327	4.9869085969998	4.28360635749707
3328	1.41527301647559	0.467989204576597
3329	0.380576755278162	0.733314275770323
3330	5.50000341126558	5.3460388528683
3331	6.01878726025075	5.08414745022174
3332	-1.25301640912889	-1.17174752092787
3333	0.489479340289447	-1.69357246334947
3334	3.67675774278389	5.93773186063205
3335	10.7564981171972	9.52959604148273
3336	3.10420942118442	5.37595339973867
3337	5.12885672243312	4.90856980290097
3338	4.25577287807814	4.47032442350826
3339	9.51695312516895	10.2393741664042
3340	4.97790831229541	4.23927086210376
3341	3.36473809271818	6.44031420582012
3342	8.57166123582939	5.41929402308486
3343	-1.46352073935419	0.861628923302611
3344	1.17093031712545	1.10413528437223
3345	5.51987527026427	7.02494523600697
3346	2.92921197445074	3.54719990067134
3347	5.27585431224622	0.0605915034919138
3348	7.99517047483296	7.24346640170095
3349	-2.31274937607482	-0.8208390453523
3350	6.09332831950654	8.72443239383591
3351	7.27611386265936	5.58396742907716
3352	5.64879480072828	4.86155444729821
3353	2.30919107955057	1.99150072647291
3354	2.57885305050109	3.55424507447969
3355	2.03037105120919	4.14877859209805
3356	-0.979988259671014	0.132720320877187
3357	7.3556248410648	4.5156013980933
3358	-1.3392244410917	-1.19422509085021
3359	-0.435782502973813	1.35032069055839
3360	5.2909754756972	0.532764045623693
3361	3.26768652644564	1.43872306975454
3362	9.26383503353843	9.10834018206449
3363	6.47178997731563	3.46758228179537
3364	10.1326639801678	7.66177562096808
3365	8.32894232197286	8.92643362632441
3366	8.36969544311348	3.05147863103056
3367	-0.744352294156173	-1.33833292542255
3368	0.176860599782797	2.07582671272514
3369	7.39591215553284	6.95477579713871
3370	3.46646068043498	2.1025670619505
3371	11.1809262679119	5.78213657721697
3372	9.2989793838667	8.4237018057193
3373	10.1875775873683	8.61870359417458
3374	3.54200550161921	2.7779612179422
3375	2.89792494252289	2.64141701327374
3376	9.67589305531378	9.11275521936924
3377	8.30706836619223	5.95683693205515
3378	12.0434338018991	7.17284525658428
3379	8.31842623588073	5.46657353112028
3380	12.2527961347413	9.20871830543865
3381	0.0621150180741119	1.55106695101695
3382	3.26291245876743	0.26333739485194
3383	10.077260926972	8.99972256500567
3384	2.10557377058723	4.18520388095842
3385	10.5667360015893	8.88167675807438
3386	0.952814259871516	0.237368079070589
3387	11.0264112525838	7.38678902656973
3388	6.16182271281429	6.96448932336935
3389	9.46427431168132	9.71947692316791
3390	3.71954004943786	4.74200624944992
3391	7.18671848980617	6.80419835659972
3392	4.47088475688388	2.74711979825526
3393	-1.25301883204675	-0.872545683670944
3394	11.7883713990251	9.51309432235685
3395	-0.0173755688770831	1.41914410162844
3396	3.9909090801482	5.28145965883282
3397	3.20664267301305	-0.753317603026517
3398	7.0543894547932	8.4223505902001
3399	3.63951363795564	1.85560699413419
3400	7.63206394165678	7.69779794123852
3401	0.933196336220535	1.28976532665451
3402	3.83277344408565	2.62887250458572
3403	4.20298313540266	5.15007186145784
3404	13.0890550842129	9.36218576405985
3405	2.07919871608019	0.488089713343104
3406	8.13973945137633	9.23886854085884
3407	11.3109613281212	9.82022407053499
3408	8.40622292010059	6.25467023018668
3409	7.70093123009355	5.85671646154287
3410	-0.869341528701938	-1.26902577399064
3411	4.49525723569331	0.542006117758578
3412	1.89836750317081	0.172512803384665
3413	6.00179299880979	6.58406178280669
3414	-0.820155155790156	2.77934125158796
3415	10.4879588762689	7.62427845045134
3416	4.88252368699216	4.20612213580738
3417	7.57904157297518	6.96834897681433
3418	12.7905455593364	10.4134520227222
3419	5.20286454340831	2.72823964864355
3420	9.51714529827255	7.71978360772161
3421	12.0544175164873	9.69499854725425
3422	3.10998285685403	0.619476670248134
3423	6.96921515976092	6.14007076347932
3424	-3.47204224019094	-0.46807747847023
3425	3.44629952051981	1.31126843487324
3426	3.52111163146665	2.80459192667083
3427	-1.15090701550391	-1.8768877378477
3428	0.647150717041725	2.75779097285948
3429	8.4799900384284	8.87840578808739
3430	3.92007108065157	2.22977382023079
3431	7.50232048871051	4.00994300372704
3432	5.98921445041507	5.48558534788347
3433	5.6978389077052	4.15389769926711
3434	1.12700113576673	0.2938548601882
3435	6.17436070962664	8.34688978556194
3436	6.19161173170902	6.35099361302639
3437	7.74229842129755	7.93072739886945
3438	0.176696717231899	-0.689280814547505
3439	9.8845820964505	7.04487112716464
3440	5.46164465263741	3.12061043506851
3441	8.5223083368831	8.2661651639058
3442	6.25799896556609	6.08212343868443
3443	9.78911989828251	7.78870814180528
3444	6.74976213704334	4.90116601025366
3445	3.97912357327344	4.60830353141263
3446	7.0572844663492	7.86938811085674
3447	0.00913835227917714	-1.7520285741423
3448	6.26382662946961	3.94902546920137
3449	7.56307243974195	7.15292380087065
3450	9.07499413069979	6.65576423880169
3451	5.52764722636056	3.95391837873847
3452	8.11046093548606	8.77187821913719
3453	4.93940466953885	3.45750824874412
3454	-0.321158867783989	1.02962646923111
3455	2.71419596914147	-1.15733084677432
3456	4.15439371908288	-0.795759358920803
3457	2.06081753325998	1.92735859083921
3458	3.13534190568576	4.46906989034604
3459	8.08350017189722	6.26983394065396
3460	3.61185303849989	3.06478992415738
3461	14.7577466121226	9.42081839769518
3462	2.44476046765507	1.6426400990446
3463	5.88826744001823	3.72087799949469
3464	3.04474040781165	2.1298660518316
3465	5.32389918708107	6.12998117860479
3466	2.47378596763627	1.19566589151638
3467	1.1326257215254	3.96554441502582
3468	11.1268377708767	7.57993158262027
3469	0.317469648841269	-0.986915913739169
3470	13.8490793011679	8.94912571716457
3471	4.01989431193118	2.21374628408506
3472	7.65339134041168	8.49845394409742
3473	4.38165457688311	2.30933622252385
3474	1.1371039062817	2.14720233128467
3475	2.20894814040502	3.9379873271946
3476	10.2892725011752	9.16110404561558
3477	8.48548990112927	8.81119152274997
3478	3.68208522494342	2.85326831034927
3479	8.4765310343228	7.71821958217757
3480	9.34837407423894	10.0204677038356
3481	3.07857635164949	3.41433107210828
3482	7.2798189143299	6.90424392945385
3483	6.15610641991942	2.9789307764306
3484	-0.142907778321387	2.04141066322813
3485	9.27293815158678	7.46408242493686
3486	2.0982078041663	0.500779571836593
3487	9.65965434419219	6.88674186013477
3488	-0.148064794940074	-0.516599673362148
3489	2.68589978734744	1.03830853346987
3490	1.25385013463343	-0.245143180619611
3491	0.79051291917728	0.964717163217167
3492	2.12294813924888	-1.30484608234774
3493	9.02826433377465	6.0221870449128
3494	10.9156578513234	8.96103129940343
3495	11.5206430384198	7.73824024965579
3496	9.68467876178348	7.96927417146338
3497	1.91010902651787	3.67325891077019
3498	2.77447815608451	3.10565944810091
3499	6.28121768345242	8.13960808702784
3500	5.31239821044149	5.5530017036162
3501	5.61595378247751	6.17838136476532
3502	3.32259900951617	2.39115054436757
3503	0.421278453547899	1.34944483269594
3504	11.2282662788883	10.4232234245234
3505	5.29274988542538	5.91172028511694
3506	5.09307216135443	0.632860979244394
3507	1.98588312896555	-0.420132082699943
3508	6.55776487074047	3.96017852827889
3509	10.8572643536451	9.56147421062221
3510	9.5494837667534	5.47547617832799
3511	9.44257543115604	10.215812476453
3512	6.85822068188835	7.14637709560118
3513	6.14528742208058	2.43548348037542
3514	2.87629157998856	3.37431690479198
3515	0.363777240928913	-0.183508072390887
3516	-1.62868495311718	-1.88081603239335
3517	6.9468070560279	6.94256992183674
3518	-0.320015776978275	-0.749059638930665
3519	5.34378884586512	3.56034152163029
3520	6.32655157710804	5.99471523832184
3521	9.89014851630298	10.4126045268718
3522	7.6332005846152	4.17967460188915
3523	4.38303547533982	4.03844720111441
3524	0.722194958329392	0.133395138949304
3525	7.85746985167533	7.43561848771116
3526	5.87207848473772	3.65593886171571
3527	4.9869085969998	4.3753146420117
3528	1.41527301647559	0.561732371655322
3529	0.380576755278162	0.826915944019487
3530	5.50000341126558	5.43718053825265
3531	6.01878726025075	5.17542880324767
3532	-1.25301640912889	-1.07712987626434
3533	0.489479340289447	-1.5986765275382
3534	3.67675774278389	6.02855799397421
3535	10.7564981171972	9.61850662053806
3536	3.10420942118442	5.46707913158591
3537	5.12885672243312	4.99994479212751
3538	4.25577287807814	4.5619331305963
3539	9.51695312516895	10.3279062181931
3540	4.97790831229541	4.33100279090002
3541	3.36473809271818	6.53087231016192
3542	8.57166123582939	5.51039664121937
3543	-1.46352073935419	0.95516216088158
3544	1.17093031712545	1.19753919242309
3545	5.51987527026427	7.11519155448503
3546	2.92921197445074	3.6393009134391
3547	5.27585431224622	0.154551937252636
3548	7.99517047483296	7.3335961820432
3549	-2.31274937607482	-0.726408541460478
3550	6.09332831950654	8.81377236960537
3551	7.27611386265936	5.67498222628278
3552	5.64879480072828	4.95295450998561
3553	2.30919107955057	2.08443139929243
3554	2.57885305050109	3.64634233003053
3555	2.03037105120919	4.24055878075243
3556	-0.979988259671014	0.226642288076149
3557	7.3556248410648	4.60718595880543
3558	-1.3392244410917	-1.09959545881655
3559	-0.435782502973813	1.44359330703295
3560	5.2909754756972	0.626472668043099
3561	3.26768652644564	1.53194854091739
3562	9.26383503353843	9.19747541840827
3563	6.47178997731563	3.55972575493008
3564	10.1326639801678	7.75168231547584
3565	8.32894232197286	9.01566587409877
3566	8.36969544311348	3.14384401376203
3567	-0.744352294156173	-1.24362644015435
3568	0.176860599782797	2.16871241418819
3569	7.39591215553284	7.04505953723481
3570	3.46646068043498	2.19543850268763
3571	11.1809262679119	5.87304569009208
3572	9.2989793838667	8.51320216220981
3573	10.1875775873683	8.70809995549907
3574	3.54200550161921	2.87047246850909
3575	2.89792494252289	2.7340010833637
3576	9.67589305531378	9.2018881011575
3577	8.30706836619223	6.04765287659294
3578	12.0434338018991	7.26301269944116
3579	8.31842623588073	5.55765093492046
3580	12.2527961347413	9.29780000976261
3581	0.0621150180741119	1.64423250877759
3582	3.26291245876743	0.357189703488276
3583	10.077260926972	9.08891572752135
3584	2.10557377058723	4.27696464387321
3585	10.5667360015893	8.97093287485006
3586	0.952814259871516	0.331234237237883
3587	11.0264112525838	7.47684237243265
3588	6.16182271281429	7.05476788320644
3589	9.46427431168132	9.80828623805549
3590	3.71954004943786	4.83347006762788
3591	7.18671848980617	6.89456240019484
3592	4.47088475688388	2.83964749666391
3593	-1.25301883204675	-0.778087604440049
3594	11.7883713990251	9.60201370183926
3595	-0.0173755688770831	1.5123800143265
3596	3.9909090801482	5.37263578453722
3597	3.20664267301305	-0.658923108566507
3598	7.0543894547932	8.51185166729878
3599	3.63951363795564	1.9486101395775
3600	7.63206394165678	7.7876854249113
3601	0.933196336220535	1.37491260662184
3602	3.83277344408565	2.71286919995118
3603	4.20298313540266	5.2319022976873
3604	13.0890550842129	9.4403970774308
3605	2.07919871608019	0.573925807194465
3606	8.13973945137633	9.31718581057181
3607	11.3109613281212	9.89804182928149
3608	8.40622292010059	6.33555157593612
3609	7.70093123009355	5.93793973621779
3610	-0.869341528701938	-1.18167993539535
3611	4.49525723569331	0.627795885680446
3612	1.89836750317081	0.258620046505695
3613	6.00179299880979	6.66466010950084
3614	-0.820155155790156	2.8632086615413
3615	10.4879588762689	7.70398300456318
3616	4.88252368699216	4.28876363035777
3617	7.57904157297518	7.04861711714595
3618	12.7905455593364	10.4907600695065
3619	5.20286454340831	2.81215096599911
3620	9.51714529827255	7.799406102111
3621	12.0544175164873	9.77292390198801
3622	3.10998285685403	0.705199874099357
3623	6.96921515976092	6.22105057512002
3624	-3.47204224019094	-0.381419828834653
3625	3.44629952051981	1.39639723898918
3626	3.52111163146665	2.88843764079697
3627	-1.15090701550391	-1.78901961348829
3628	0.647150717041725	2.84167689919394
3629	8.4799900384284	8.95703277378107
3630	3.92007108065157	2.31411342825359
3631	7.50232048871051	4.0927530588619
3632	5.98921445041507	5.5671275049837
3633	5.6978389077052	4.23658406597823
3634	1.12700113576673	0.379857844065146
3635	6.17436070962664	8.42597345921775
3636	6.19161173170902	6.43179219601947
3637	7.74229842129755	8.01016864661782
3638	0.176696717231899	-0.602433103088224
3639	9.8845820964505	7.12507351830952
3640	5.46164465263741	3.20418462049578
3641	8.5223083368831	8.34531819758611
3642	6.25799896556609	6.1631530396928
3643	9.78911989828251	7.86827141501438
3644	6.74976213704334	4.98321031079841
3645	3.97912357327344	4.69059946458558
3646	7.0572844663492	7.94888206240765
3647	0.00913835227917714	-1.6642677309875
3648	6.26382662946961	4.0318878657607
3649	7.56307243974195	7.23303335124475
3650	9.07499413069979	6.73630095747584
3651	5.52764722636056	4.03677657122327
3652	8.11046093548606	8.85059673520463
3653	4.93940466953885	3.54079296560367
3654	-0.321158867783989	1.1149972651116
3655	2.71419596914147	-1.07008097843853
3656	4.15439371908288	-0.70882015921054
3657	2.06081753325998	2.01195803938264
3658	3.13534190568576	4.55148545552912
3659	8.08350017189722	6.35070225747483
3660	3.61185303849989	3.14841207155617
3661	14.7577466121226	9.49897933286896
3662	2.44476046765507	1.72748418275834
3663	5.88826744001823	3.80393642440031
3664	3.04474040781165	2.2142915023783
3665	5.32389918708107	6.2109696593955
3666	2.47378596763627	1.28089402338481
3667	1.1326257215254	4.04839261821436
3668	11.1268377708767	7.6596742403463
3669	0.317469648841269	-0.899812468931765
3670	13.8490793011679	9.02769193904279
3671	4.01989431193118	2.29809966325074
3672	7.65339134041168	8.57740739114412
3673	4.38165457688311	2.3936074691216
3674	1.1371039062817	2.23161288619304
3675	2.20894814040502	4.02085920792102
3676	10.2892725011752	9.23948813196002
3677	8.48548990112927	8.88987626013075
3678	3.68208522494342	2.93707220086453
3679	8.4765310343228	7.7978434204054
3680	9.34837407423894	10.0981134097062
3681	3.07857635164949	3.49765288756263
3682	7.2798189143299	6.98456714997741
3683	6.15610641991942	3.06262669552961
3684	-0.142907778321387	2.1259121162112
3685	9.27293815158678	7.54392462231077
3686	2.0982078041663	0.586604762336808
3687	9.65965434419219	6.96708011874624
3688	-0.148064794940074	-0.429900332597428
3689	2.68589978734744	1.12367186956701
3690	1.25385013463343	-0.158677080080748
3691	0.79051291917728	1.05014373032288
3692	2.12294813924888	-1.21746946630916
3693	9.02826433377465	6.10326814433213
3694	10.9156578513234	9.03958729179455
3695	11.5206430384198	7.81784688577158
3696	9.68467876178348	8.04868229914211
3697	1.91010902651787	3.75635825084015
3698	2.77447815608451	3.18924647968095
3699	6.28121768345242	8.21886986078983
3700	5.31239821044149	5.63448593538969
3701	5.61595378247751	6.25932825925894
3702	3.32259900951617	2.47535149465112
3703	0.421278453547899	1.43454083497479
3704	11.2282662788883	10.5005230755463
3705	5.29274988542538	5.99289629953256
3706	5.09307216135443	0.718572683060302
3707	1.98588312896555	-0.333515628597489
3708	6.55776487074047	4.04303134193235
3709	10.8572643536451	9.63951429183061
3710	9.5494837667534	5.55702702140573
3711	9.44257543115604	10.2932903386356
3712	6.85822068188835	7.22649227102038
3713	6.14528742208058	2.51964633901526
3714	2.87629157998856	3.45767310112751
3715	0.363777240928913	-0.0970949298285263
3716	-1.62868495311718	-1.79294453277369
3717	6.9468070560279	7.02286021198892
3718	-0.320015776978275	-0.662160564446835
3719	5.34378884586512	3.64353788232067
3720	6.32655157710804	6.0758199420039
3721	9.89014851630298	10.4899133018396
3722	7.6332005846152	4.26233882062904
3723	4.38303547533982	4.12123276493809
3724	0.722194958329392	0.219535992660361
3725	7.85746985167533	7.51548514180401
3726	5.87207848473772	3.73905308347854
3727	4.9869085969998	4.45781076336449
3728	1.41527301647559	0.647505190430504
3729	0.380576755278162	0.912460912373091
3730	5.50000341126558	5.51876428562253
3731	6.01878726025075	5.2572374523437
3732	-1.25301640912889	-0.989948918022717
3733	0.489479340289447	-1.51104744717759
3734	3.67675774278389	6.10963361936128
3735	10.7564981171972	9.69649769848986
3736	3.10420942118442	5.54863718955492
3737	5.12885672243312	5.08190422019358
3738	4.25577287807814	4.64426890603882
3739	9.51695312516895	10.4052877674476
3740	4.97790831229541	4.41353698578001
3741	3.36473809271818	6.61151633819291
3742	8.57166123582939	5.59191748001697
3743	-1.46352073935419	1.04059693781451
3744	1.17093031712545	1.2827657147182
3745	5.51987527026427	7.19533352507343
3746	2.92921197445074	3.72242943082173
3747	5.27585431224622	0.24067461266792
3748	7.99517047483296	7.41355049550783
3749	-2.31274937607482	-0.639528929200728
3750	6.09332831950654	8.89245488947682
3751	7.27611386265936	5.75636165023102
3752	5.64879480072828	5.03495431293426
3753	2.30919107955057	2.1688958880972
3754	2.57885305050109	3.72946479730333
3755	2.03037105120919	4.32317068672764
3756	-0.979988259671014	0.312703022185339
3757	7.3556248410648	4.68948285221655
3758	-1.3392244410917	-1.01239519774854
3759	-0.435782502973813	1.52860841527536
3760	5.2909754756972	0.712189860809122
3761	3.26768652644564	1.61688773277814
3762	9.26383503353843	9.2758282538251
3763	6.47178997731563	3.64292264469812
3764	10.1326639801678	7.83127740193062
3765	8.32894232197286	9.09417492349578
3766	8.36969544311348	3.22739823648704
3767	-0.744352294156173	-1.1563024251165
3768	0.176860599782797	2.2531044872524
3769	7.39591215553284	7.12526176649442
3770	3.46646068043498	2.27980761222331
3771	11.1809262679119	5.95425493440465
3772	9.2989793838667	8.59214293732633
3773	10.1875775873683	8.7868732709801
3774	3.54200550161921	2.95426157690698
3775	2.89792494252289	2.81790745039252
3776	9.67589305531378	9.28023714511916
3777	8.30706836619223	6.12871209531871
3778	12.0434338018991	7.34302765948401
3779	8.31842623588073	5.63913117199208
3780	12.2527961347413	9.37606664451386
3781	0.0621150180741119	1.72907522426468
3782	3.26291245876743	0.443138268946246
3783	10.077260926972	9.1673618393471
3784	2.10557377058723	4.3595452692861
3785	10.5667360015893	9.04948035963221
3786	0.952814259871516	0.417205104092108
3787	11.0264112525838	7.55667360623371
3788	6.16182271281429	7.13496177088326
3789	9.46427431168132	9.88611425399907
3790	3.71954004943786	4.91557253372539
3791	7.18671848980617	6.97489393925978
3792	4.47088475688388	2.9234630904235
3793	-1.25301883204675	-0.69116358861419
3794	11.7883713990251	9.68001895079889
3795	-0.0173755688770831	1.59733601981184
3796	3.9909090801482	5.45427498990253
3797	3.20664267301305	-0.572101480985817
3798	7.0543894547932	8.59079360278445
3799	3.63951363795564	2.03319132841391
3800	7.63206394165678	7.86724957685687
3801	0.933196336220535	1.4523899711753
3802	3.83277344408565	2.78893559580575
3803	4.20298313540266	5.3053121971577
3804	13.0890550842129	9.50936882514556
3805	2.07919871608019	0.652247868285804
3806	8.13973945137633	9.38628749317517
3807	11.3109613281212	9.96653095863383
3808	8.40622292010059	6.40779760014037
3809	7.70093123009355	6.01060506988465
3810	-0.869341528701938	-1.10150646539977
3811	4.49525723569331	0.706061137010594
3812	1.89836750317081	0.337274619549311
3813	6.00179299880979	6.73655906576454
3814	-0.820155155790156	2.93911651393074
3815	10.4879588762689	7.77478592222571
3816	4.88252368699216	4.36316813544165
3817	7.57904157297518	7.12011116392139
3818	12.7905455593364	10.5586241360665
3819	5.20286454340831	2.88811266229545
3820	9.51714529827255	7.8701083894508
3821	12.0544175164873	9.84154497693557
3822	3.10998285685403	0.783383497516184
3823	6.96921515976092	6.29341734862881
3824	-3.47204224019094	-0.302090289028553
3825	3.44629952051981	1.47385194649687
3826	3.52111163146665	2.96431888746525
3827	-1.15090701550391	-1.70820566137269
3828	0.647150717041725	2.91760745833101
3829	8.4799900384284	9.02651426292243
3830	3.92007108065157	2.39060033992697
3831	7.50232048871051	4.16736427078695
3832	5.98921445041507	5.64018388605378
3833	5.6978389077052	4.31104359805807
3834	1.12700113576673	0.458384563381421
3835	6.17436070962664	8.49601498750675
3836	6.19161173170902	6.50393672776636
3837	7.74229842129755	8.08064867013032
3838	0.176696717231899	-0.522870489344176
3839	9.8845820964505	7.19648693646861
3840	5.46164465263741	3.27973288991552
3841	8.5223083368831	8.41544478248317
3842	6.25799896556609	6.23558087019748
3843	9.78911989828251	7.93890107907072
3844	6.74976213704334	5.0568824733429
3845	3.97912357327344	4.76458020570954
3846	7.0572844663492	8.01942671690476
3847	0.00913835227917714	-1.58358533844732
3848	6.26382662946961	4.10656326428399
3849	7.56307243974195	7.30433291821781
3850	9.07499413069979	6.80812436346044
3851	5.52764722636056	4.11144681426512
3852	8.11046093548606	8.92019046858442
3853	4.93940466953885	3.61598625800764
3854	-0.321158867783989	1.19274872855068
3855	2.71419596914147	-0.990025197339493
3856	4.15439371908288	-0.629145352883486
3857	2.06081753325998	2.08876359502252
3858	3.13534190568576	4.62561290209429
3859	8.08350017189722	6.42293230422695
3860	3.61185303849989	3.2240191570251
3861	14.7577466121226	9.56788930150275
3862	2.44476046765507	1.8045897359537
3863	5.88826744001823	3.87885221364347
3864	3.04474040781165	2.29088368324619
3865	5.32389918708107	6.28334706393418
3866	2.47378596763627	1.35847053710254
3867	1.1326257215254	4.12305061132314
3868	11.1268377708767	7.73052388469617
3869	0.317469648841269	-0.819936247871163
3870	13.8490793011679	9.09709891315806
3871	4.01989431193118	2.37460346255806
3872	7.65339134041168	8.64728922177256
3873	4.38165457688311	2.47001054877534
3874	1.1371039062817	2.30818680045161
3875	2.20894814040502	4.09554623693447
3876	10.2892725011752	9.30867175219352
3877	8.48548990112927	8.95942857050739
3878	3.68208522494342	3.01290215899156
3879	8.4765310343228	7.86854735570224
3880	9.34837407423894	10.1663915495998
3881	3.07857635164949	3.57289167419271
3882	7.2798189143299	7.05612874191784
3883	6.15610641991942	3.13832424767063
3884	-0.142907778321387	2.20259749931609
3885	9.27293815158678	7.61489633271926
3886	2.0982078041663	0.664913452584183
3887	9.65965434419219	7.03866015198277
3888	-0.148064794940074	-0.350519666713204
3889	2.68589978734744	1.20141418502967
3890	1.25385013463343	-0.0795824380642789
3891	0.79051291917728	1.12796358634513
3892	2.12294813924888	-1.13725825375293
3893	9.02826433377465	6.1757591276426
3894	10.9156578513234	9.10898172142931
3895	11.5206430384198	7.88852972601672
3896	9.68467876178348	8.11912170731742
3897	1.91010902651787	3.83132421459119
3898	2.77447815608451	3.26481050241378
3899	6.28121768345242	8.28912979429188
3900	5.31239821044149	5.70747128228917
3901	5.61595378247751	6.33165466627568
3902	3.32259900951617	2.55166836951921
3903	0.421278453547899	1.51195531739576
3904	11.2282662788883	10.5683768463344
3905	5.29274988542538	6.06550367766408
3906	5.09307216135443	0.796742203915839
3907	1.98588312896555	-0.254236607117182
3908	6.55776487074047	4.11769498888151
3909	10.8572643536451	9.70827605653223
3910	9.5494837667534	5.63009405414137
3911	9.44257543115604	10.3613626508223
3912	6.85822068188835	7.2977987360195
3913	6.14528742208058	2.59591650187547
3914	2.87629157998856	3.53295404923542
3915	0.363777240928913	-0.0180652304916994
3916	-1.62868495311718	-1.71212644155651
3917	6.9468070560279	7.09438142122026
3918	-0.320015776978275	-0.582534963922154
3919	5.34378884586512	3.71862282303208
3920	6.32655157710804	6.14833987136129
3921	9.89014851630298	10.5577782613752
3922	7.6332005846152	4.33677119252085
3923	4.38303547533982	4.19581394302345
3924	0.722194958329392	0.298231782569215
3925	7.85746985167533	7.58648684363151
3926	5.87207848473772	3.81403729673752
3927	4.9869085969998	4.53203699643678
3928	1.41527301647559	0.725749656921878
3929	0.380576755278162	0.990425964545558
3930	5.50000341126558	5.59187166908613
3931	6.01878726025075	5.33062063412357
3932	-1.25301640912889	-0.90997764177951
3933	0.489479340289447	-1.43052663613084
3934	3.67675774278389	6.18211788983363
3935	10.7564981171972	9.76519937020824
3936	3.10420942118442	5.62171306995437
3937	5.12885672243312	5.15547230311574
3938	4.25577287807814	4.71829850597348
3939	9.51695312516895	10.4732419705214
3940	4.97790831229541	4.48780990864378
3941	3.36473809271818	6.68347133827614
3942	8.57166123582939	5.66494771832652
3943	-1.46352073935419	1.11842686159642
3944	1.17093031712545	1.36034025460667
3945	5.51987527026427	7.26667284914694
3946	2.92921197445074	3.79743117488379
3947	5.27585431224622	0.319348110425207
3948	7.99517047483296	7.48465969454112
3949	-2.31274937607482	-0.559927195316487
3950	6.09332831950654	8.96200448050867
3951	7.27611386265936	5.82921847067481
3952	5.64879480072828	5.1085719078136
3953	2.30919107955057	2.24553594181174
3954	2.57885305050109	3.80445912207993
3955	2.03037105120919	4.39753890716685
3956	-0.979988259671014	0.391300560952801
3957	7.3556248410648	4.76346477088626
3958	-1.3392244410917	-0.93240025033524
3959	-0.435782502973813	1.60592369686122
3960	5.2909754756972	0.790366112796635
3961	3.26768652644564	1.6941099176564
3962	9.26383503353843	9.34497355086133
3963	6.47178997731563	3.71800823422058
3964	10.1326639801678	7.90194607875819
3965	8.32894232197286	9.16351178665936
3966	8.36969544311348	3.30292202552699
3967	-0.744352294156173	-1.07615571747841
3968	0.176860599782797	2.32965573711623
3969	7.39591215553284	7.19667498613265
3970	3.46646068043498	2.35633070177634
3971	11.1809262679119	6.02690306255523
3972	9.2989793838667	8.66200922829187
3973	10.1875775873683	8.85653420520471
3974	3.54200550161921	3.0300734076361
3975	2.89792494252289	2.89386307607391
3976	9.67589305531378	9.34937779267151
3977	8.30706836619223	6.20117624620532
3978	12.0434338018991	7.4142112297747
3979	8.31842623588073	5.71211162016504
3980	12.2527961347413	9.44510623316434
3981	0.0621150180741119	1.80617909959562
3982	3.26291245876743	0.521598254633639
3983	10.077260926972	9.23662152179499
3984	2.10557377058723	4.43387513018684
3985	10.5667360015893	9.1188643563358
3986	0.952814259871516	0.495692438113561
3987	11.0264112525838	7.62763187194799
3988	6.16182271281429	7.20636476118921
3989	9.46427431168132	9.95461596181282
3990	3.71954004943786	4.98931602503106
3991	7.18671848980617	7.0464657322767
3992	4.47088475688388	2.99930740030824
3993	-1.25301883204675	-0.611507402374339
3994	11.7883713990251	9.74873800050793
3995	-0.0173755688770831	1.67457882333733
3996	3.9909090801482	5.52745038183378
3997	3.20664267301305	-0.492570854056278
3998	7.0543894547932	8.66066131671753
3999	3.63951363795564	2.10997449206712
4000	7.63206394165678	7.93788031851293
4001	0.933196336220535	1.52275400014624
4002	3.83277344408565	2.85775193837906
4003	4.20298313540266	5.37121463857755
4004	13.0890550842129	9.57040307416096
4005	2.07919871608019	0.723538441795141
4006	8.13973945137633	9.44746426729392
4007	11.3109613281212	10.0270358253352
4008	8.40622292010059	6.47242339104388
4009	7.70093123009355	6.07569079980184
4010	-0.869341528701938	-1.02818508824481
4011	4.49525723569331	0.777289396100968
4012	1.89836750317081	0.40892992420116
4013	6.00179299880979	6.80080415911532
4014	-0.820155155790156	3.00775895075785
4015	10.4879588762689	7.83782877484951
4016	4.88252368699216	4.43016155611583
4017	7.57904157297518	7.18391211353764
4018	12.7905455593364	10.6184433736806
4019	5.20286454340831	2.95681416030681
4020	9.51714529827255	7.93304086104218
4021	12.0544175164873	9.90219457427707
4022	3.10998285685403	0.854522219247426
4023	6.96921515976092	6.35817558900218
4024	-3.47204224019094	-0.229694615807238
4025	3.44629952051981	1.54419112303729
4026	3.52111163146665	3.03293214057429
4027	-1.15090701550391	-1.63418174172628
4028	0.647150717041725	2.98627480210643
4029	8.4799900384284	9.08810764544155
4030	3.92007108065157	2.45987794476162
4031	7.50232048871051	4.23458442743807
4032	5.98921445041507	5.70569855443521
4033	5.6978389077052	4.37809737764257
4034	1.12700113576673	0.529899625748058
4035	6.17436070962664	8.55822267491556
4036	6.19161173170902	6.56845119196515
4037	7.74229842129755	8.14333734134366
4038	0.176696717231899	-0.450219158174042
4039	9.8845820964505	7.2601994448509
4040	5.46164465263741	3.34798090150027
4041	8.5223083368831	8.47774576817382
4042	6.25799896556609	6.30040608376601
4043	9.78911989828251	8.00175389044847
4044	6.74976213704334	5.12307259016809
4045	3.97912357327344	4.83110880124827
4046	7.0572844663492	8.08218628160837
4047	0.00913835227917714	-1.50970572601729
4048	6.26382662946961	4.17385382697961
4049	7.56307243974195	7.36792054365116
4050	9.07499413069979	6.8722865859868
4051	5.52764722636056	4.17873172193203
4052	8.11046093548606	8.98190697139754
4053	4.93940466953885	3.68384489660402
4054	-0.321158867783989	1.26341341558526
4055	2.71419596914147	-0.916832912704072
4056	4.15439371908288	-0.556370958079998
4057	2.06081753325998	2.15839071925688
4058	3.13534190568576	4.69230241829414
4059	8.08350017189722	6.48754056952175
4060	3.61185303849989	3.29233168371877
4061	14.7577466121226	9.62885578527049
4062	2.44476046765507	1.87454592640783
4063	5.88826744001823	3.9464064600392
4064	3.04474040781165	2.36027675747472
4065	5.32389918708107	6.3481169654453
4066	2.47378596763627	1.4289433224286
4067	1.1326257215254	4.19032208208335
4068	11.1268377708767	7.79361799165214
4069	0.317469648841269	-0.746940921984198
4070	13.8490793011679	9.15861056041798
4071	4.01989431193118	2.44389959137652
4072	7.65339134041168	8.70932173740245
4073	4.38165457688311	2.53919619857472
4074	1.1371039062817	2.37755983810328
4075	2.20894814040502	4.16284955707216
4076	10.2892725011752	9.36993840339866
4077	8.48548990112927	9.02109963658008
4078	3.68208522494342	3.08145915388755
4079	8.4765310343228	7.93148163493165
4080	9.34837407423894	10.2266649827367
4081	3.07857635164949	3.64080021523907
4082	7.2798189143299	7.12000378157815
4083	6.15610641991942	3.20673600692555
4084	-0.142907778321387	2.272092806737
4085	9.27293815158678	7.67812433348782
4086	2.0982078041663	0.736189359663751
4087	9.65965434419219	7.10255541983322
4088	-0.148064794940074	-0.278067913484064
4089	2.68589978734744	1.27206883768243
4090	1.25385013463343	-0.00744442336801498
4091	0.79051291917728	1.1987032929537
4092	2.12294813924888	-1.06389547692144
4093	9.02826433377465	6.24065361329248
4094	10.9156578513234	9.17047960869453
4095	11.5206430384198	7.95144086616119
4096	9.68467876178348	8.18176582771615
4097	1.91010902651787	3.89893349722084
4098	2.77447815608451	3.33307579374995
4099	6.28121768345242	8.3515770495789
4100	5.31239821044149	5.77290803354905
4101	5.61595378247751	6.39636862879178
4102	3.32259900951617	2.62075946160495
4103	0.421278453547899	1.58225037118589
4104	11.2282662788883	10.6281847905539
4105	5.29274988542538	6.13052583636683
4106	5.09307216135443	0.867865456599258
4107	1.98588312896555	-0.18189634726239
4108	6.55776487074047	4.18497266131853
4109	10.8572643536451	9.76907997594964
4110	9.5494837667534	5.69562040629574
4111	9.44257543115604	10.4214103123015
4112	6.85822068188835	7.36139392787238
4113	6.14528742208058	2.66495635573088
4114	2.87629157998856	3.60090883705238
4115	0.363777240928913	0.0540015488171402
4116	-1.62868495311718	-1.63809798174473
4117	6.9468070560279	7.15821216523488
4118	-0.320015776978275	-0.509814542783054
4119	5.34378884586512	3.78636261105377
4120	6.32655157710804	6.21326610782401
4121	9.89014851630298	10.617598478491
4122	7.6332005846152	4.40379518019457
4123	4.38303547533982	4.26300115566584
4124	0.722194958329392	0.369932297849572
4125	7.85746985167533	7.64974774187773
4126	5.87207848473772	3.88166659718559
4127	4.9869085969998	4.59883487119443
4128	1.41527301647559	0.796955117198732
4129	0.380576755278162	1.06132493627946
4130	5.50000341126558	5.6574422818062
4131	6.01878726025075	5.39649376900654
4132	-1.25301640912889	-0.836878050210919
4133	0.489479340289447	-1.3568242618491
4134	3.67675774278389	6.24700501219597
4135	10.7564981171972	9.82593737385243
4136	3.10420942118442	5.68724912707876
4137	5.12885672243312	5.22154825538442
4138	4.25577287807814	4.7848806945627
4139	9.51695312516895	10.5331600785472
4140	4.97790831229541	4.5546589972627
4141	3.36473809271818	6.74777790588728
4142	8.57166123582939	5.73043371080968
4143	-1.46352073935419	1.18917761149366
4144	1.17093031712545	1.43081087484663
4145	5.51987527026427	7.33030408399815
4146	2.92921197445074	3.86507970480554
4147	5.27585431224622	0.391024173526163
4148	7.99517047483296	7.54803850607863
4149	-2.31274937607482	-0.487232953407865
4150	6.09332831950654	9.02367256374202
4151	7.27611386265936	5.89451424173623
4152	5.64879480072828	5.17470216956676
4153	2.30919107955057	2.31498152759041
4154	2.57885305050109	3.87209951381464
4155	2.03037105120919	4.46449252734721
4156	-0.979988259671014	0.462893304916044
4157	7.3556248410648	4.82999465807062
4158	-1.3392244410917	-0.859274693946876
4159	-0.435782502973813	1.6761099376187
4160	5.2909754756972	0.861496748834063
4161	3.26768652644564	1.7641940409763
4162	9.26383503353843	9.40619816549175
4163	6.47178997731563	3.78574873392074
4164	10.1326639801678	7.96484168310182
4165	8.32894232197286	9.22494652947318
4166	8.36969544311348	3.37114318467281
4167	-0.744352294156173	-1.00286369585535
4168	0.176860599782797	2.39900391427632
4169	7.39591215553284	7.26038727675813
4170	3.46646068043498	2.42564798999467
4171	11.1809262679119	6.09196991980462
4172	9.2989793838667	8.72402469852245
4173	10.1875775873683	8.91832442037836
4174	3.54200550161921	3.09861051865573
4175	2.89792494252289	2.96255791524997
4176	9.67589305531378	9.41059730730009
4177	8.30706836619223	6.26604129946775
4178	12.0434338018991	7.47767161887204
4179	8.31842623588073	5.77754299802975
4180	12.2527961347413	9.50621489665362
4181	0.0621150180741119	1.87613344960642
4182	3.26291245876743	0.593040117127191
4183	10.077260926972	9.29797160536448
4184	2.10557377058723	4.50078667392994
4185	10.5667360015893	9.18035079975702
4186	0.952814259871516	0.56716429889457
4187	11.0264112525838	7.69084512528073
4188	6.16182271281429	7.27006583129758
4189	9.46427431168132	10.0151346257825
4190	3.71954004943786	5.05558438211311
4191	7.18671848980617	7.11035196146044
4192	4.47088475688388	3.06788013759469
4193	-1.25301883204675	-0.5387534318763
4194	11.7883713990251	9.80949506600642
4195	-0.0173755688770831	1.74468556317585
4196	3.9909090801482	5.59309559279289
4197	3.20664267301305	-0.419954609105817
4198	7.0543894547932	8.72267834779599
4199	3.63951363795564	2.17957705461333
4200	7.63206394165678	8.00073431190587
4201	0.933196336220535	1.58655954097878
4202	3.83277344408565	2.91995892541362
4203	4.20298313540266	5.43041195403856
4204	13.0890550842129	9.62457219562266
4205	2.07919871608019	0.788300979660868
4206	8.13973945137633	9.50178059819394
4207	11.3109613281212	10.0806581654142
4208	8.40622292010059	6.53030209665299
4209	7.70093123009355	6.13404456111879
4210	-0.869341528701938	-0.961325000846048
4211	4.49525723569331	0.841987571476169
4212	1.89836750317081	0.47406918073159
4213	6.00179299880979	6.85828965488571
4214	-0.820155155790156	3.06978631633197
4215	10.4879588762689	7.89407251616426
4216	4.88252368699216	4.49048570775836
4217	7.57904157297518	7.2409388680186
4218	12.7905455593364	10.6713575502819
4219	5.20286454340831	3.01890252821354
4220	9.51714529827255	7.98917059346026
4221	12.0544175164873	9.95596640181984
4222	3.10998285685403	0.919127914462747
4223	6.96921515976092	6.41619109726292
4224	-3.47204224019094	-0.163790657208983
4225	3.44629952051981	1.60797099462103
4226	3.52111163146665	3.09492936325677
4227	-1.15090701550391	-1.56659602155743
4228	0.647150717041725	3.04832789323895
4229	8.4799900384284	9.14285427730028
4230	3.92007108065157	2.52256135424255
4231	7.50232048871051	4.29514276712905
4232	5.98921445041507	5.76449535202368
4233	5.6978389077052	4.43848387199579
4234	1.12700113576673	0.594894030687105
4235	6.17436070962664	8.61360380186066
4236	6.19161173170902	6.62621491192411
4237	7.74229842129755	8.19921526046101
4238	0.176696717231899	-0.384051138984642
4239	9.8845820964505	7.31713485132321
4240	5.46164465263741	3.40960087836169
4241	8.5223083368831	8.53322325981075
4242	6.25799896556609	6.35849076641223
4243	9.78911989828251	8.0578013444817
4244	6.74976213704334	5.18256703598605
4245	3.97912357327344	4.89095285047031
4246	7.0572844663492	8.13813742425363
4247	0.00913835227917714	-1.44226905597202
4248	6.26382662946961	4.23448488673198
4249	7.56307243974195	7.42472696267961
4250	9.07499413069979	6.92968648723926
4251	5.52764722636056	4.23935694079336
4252	8.11046093548606	9.03678077011246
4253	4.93940466953885	3.74506270305783
4254	-0.321158867783989	1.32752949613067
4255	2.71419596914147	-0.850106160674622
4256	4.15439371908288	-0.490075830557288
4257	2.06081753325998	2.22143513569936
4258	3.13534190568576	4.75231267711419
4259	8.08350017189722	6.54540117351259
4260	3.61185303849989	3.35401829609018
4261	14.7577466121226	9.68295491426205
4262	2.44476046765507	1.93793022440268
4263	5.88826744001823	4.00730986991426
4264	3.04474040781165	2.42307943145161
4265	5.32389918708107	6.40614451810733
4266	2.47378596763627	1.49286119408268
4267	1.1326257215254	4.2509334224107
4268	11.1268377708767	7.84991467186167
4269	0.317469648841269	-0.680417602094404
4270	13.8490793011679	9.21327277064632
4271	4.01989431193118	2.50660213366414
4272	7.65339134041168	8.76452193524399
4273	4.38165457688311	2.60178463075848
4274	1.1371039062817	2.44034181696643
4275	2.20894814040502	4.22349379356208
4276	10.2892725011752	9.42434756535153
4277	8.48548990112927	9.07592650519722
4278	3.68208522494342	3.14339826933315
4279	8.4765310343228	7.98761323439892
4280	9.34837407423894	10.2800482827852
4281	3.07857635164949	3.70206956427352
4282	7.2798189143299	7.1771070612011
4283	6.15610641991942	3.2685251133086
4284	-0.142907778321387	2.33500107397762
4285	9.27293815158678	7.73455930816255
4286	2.0982078041663	0.800936749062032
4287	9.65965434419219	7.1596795924809
4288	-0.148064794940074	-0.212106031711167
4289	2.68589978734744	1.33617455404864
4290	1.25385013463343	0.0581934083104536
4291	0.79051291917728	1.26289685872162
4292	2.12294813924888	-0.996992629173911
4293	9.02826433377465	6.29880984476726
4294	10.9156578513234	9.22512760668204
4295	11.5206430384198	8.00754856603733
4296	9.68467876178348	8.23759773177904
4297	1.91010902651787	3.95989375219119
4298	2.77447815608451	3.39471361829182
4299	6.28121768345242	8.40720561821641
4300	5.31239821044149	5.83162435313451
4301	5.61595378247751	6.4543384039266
4302	3.32259900951617	2.68325022827168
4303	0.421278453547899	1.64598466984856
4304	11.2282662788883	10.6810873025837
4305	5.29274988542538	6.18881393709102
4306	5.09307216135443	0.932455174349644
4307	1.98588312896555	-0.116049623287148
4308	6.55776487074047	4.24559040715157
4309	10.8572643536451	9.82301119763126
4310	9.5494837667534	5.75442927166464
4311	9.44257543115604	10.4745604203148
4312	6.85822068188835	7.41820816200386
4313	6.14528742208058	2.72739420013387
4314	2.87629157998856	3.66222595283784
4315	0.363777240928913	0.119565803833508
4316	-1.62868495311718	-1.57050757219009
4317	6.9468070560279	7.21526969335885
4318	-0.320015776978275	-0.443575162862915
4319	5.34378884586512	3.84745766070242
4320	6.32655157710804	6.27145513365722
4321	9.89014851630298	10.6705136667871
4322	7.6332005846152	4.46415090347415
4323	4.38303547533982	4.32352546858604
4324	0.722194958329392	0.435118250934305
4325	7.85746985167533	7.70621669526283
4326	5.87207848473772	3.94264752789471
4327	4.9869085969998	4.65895704996441
4328	1.41527301647559	0.861629744437828
4329	0.380576755278162	1.12568300169755
4330	5.50000341126558	5.71629686244114
4331	6.01878726025075	5.45566081472046
4332	-1.25301640912889	-0.770247037766861
4333	0.489479340289447	-1.28957065519156
4334	3.67675774278389	6.30515363837598
4335	10.7564981171972	9.87980051332451
4336	3.10420942118442	5.74606801638838
4337	5.12885672243312	5.28092478442953
4338	4.25577287807814	4.84478009826387
4339	9.51695312516895	10.5861763751079
4340	4.97790831229541	4.61483407312639
4341	3.36473809271818	6.80532689637633
4342	8.57166123582939	5.78920089001671
4343	-1.46352073935419	1.25338258350712
4344	1.17093031712545	1.4947265102553
4345	5.51987527026427	7.38715554574369
4346	2.92921197445074	3.92608049699838
4347	5.27585431224622	0.456184870768169
4348	7.99517047483296	7.60462924818004
4349	-2.31274937607482	-0.421020613144063
4350	6.09332831950654	9.07849635148362
4351	7.27611386265936	5.95308494756426
4352	5.64879480072828	5.23413479307184
4353	2.30919107955057	2.3778384390007
4354	2.57885305050109	3.93309190034479
4355	2.03037105120919	4.52477557038359
4356	-0.979988259671014	0.527967944592229
4357	7.3556248410648	4.88984004139046
4358	-1.3392244410917	-0.792616863304167
4359	-0.435782502973813	1.73973184691948
4360	5.2909754756972	0.926094092605205
4361	3.26768652644564	1.82771047657265
4362	9.26383503353843	9.46056390926491
4363	6.47178997731563	3.84684451863841
4364	10.1326639801678	8.02093333656605
4365	8.32894232197286	9.2795293076573
4366	8.36969544311348	3.43273542654328
4367	-0.744352294156173	-0.936033928809016
4368	0.176860599782797	2.46176021556467
4369	7.39591215553284	7.31732245831668
4370	3.46646068043498	2.48837238712256
4371	11.1809262679119	6.15030418817079
4372	9.2989793838667	8.77920729073804
4373	10.1875775873683	8.97327435413852
4374	3.54200550161921	3.16052909670684
4375	2.89792494252289	3.02463940546722
4376	9.67589305531378	9.464957783451
4377	8.30706836619223	6.32416713120858
4378	12.0434338018991	7.53434661972141
4379	8.31842623588073	5.83625376761407
4380	12.2527961347413	9.56046087835009
4381	0.0621150180741119	1.93951584666856
4382	3.26291245876743	0.657958916352244
4383	10.077260926972	9.35246694183121
4384	2.10557377058723	4.56102625761392
4385	10.5667360015893	9.23498697777874
4386	0.952814259871516	0.632114082352877
4387	11.0264112525838	7.74726486781955
4388	6.16182271281429	7.32698942355724
4389	9.46427431168132	10.0687712166008
4390	3.71954004943786	5.11515963968982
4391	7.18671848980617	7.16746679836993
4392	4.47088475688388	3.12983551283175
4393	-1.25301883204675	-0.472479399939297
4394	11.7883713990251	9.86337789383375
4395	-0.0173755688770831	1.80822535862197
4396	3.9909090801482	5.6520272234675
4397	3.20664267301305	-0.353822829305611
4398	7.0543894547932	8.77786255215944
4399	3.63951363795564	2.24259610210513
4400	7.63206394165678	8.05678298680328
4401	0.933196336220535	1.64434590338991
4402	3.83277344408565	2.97615432281048
4403	4.20298313540266	5.48361196761785
4404	13.0890550842129	9.67276788545133
4405	2.07919871608019	0.84703979597157
4406	8.13973945137633	9.55012279861638
4407	11.3109613281212	10.1283096695848
4408	8.40622292010059	6.58218976019158
4409	7.70093123009355	6.18640502514238
4410	-0.869341528701938	-0.900498592658874
4411	4.49525723569331	0.900662330843161
4412	1.89836750317081	0.533182927317725
4413	6.00179299880979	6.90978597526308
4414	-0.820155155790156	3.12580294498189
4415	10.4879588762689	7.94433297704304
4416	4.88252368699216	4.54480720811144
4417	7.57904157297518	7.29197862488024
4418	12.7905455593364	10.7183042528258
4419	5.20286454340831	3.07497986960087
4420	9.51714529827255	8.03931758667462
4421	12.0544175164873	10.0037666837954
4422	3.10998285685403	0.977710632699141
4423	6.96921515976092	6.46821491401253
4424	-3.47204224019094	-0.103915838810446
4425	3.44629952051981	1.6657318096425
4426	3.52111163146665	3.15091599211182
4427	-1.15090701550391	-1.50504742538267
4428	0.647150717041725	3.10437012532082
4429	8.4799900384284	9.19162473592196
4430	3.92007108065157	2.57923091237465
4431	7.50232048871051	4.34969734377416
4432	5.98921445041507	5.81729674910123
4433	5.6978389077052	4.49286741910121
4434	1.12700113576673	0.653863613333029
4435	6.17436070962664	8.66300574344239
4436	6.19161173170902	6.67798813568172
4437	7.74229842129755	8.24911163580308
4438	0.176696717231899	-0.323913513564727
4439	9.8845820964505	7.36808369383085
4440	5.46164465263741	3.46521205228751
4441	8.5223083368831	8.58272110861407
4442	6.25799896556609	6.4105834291571
4443	9.78911989828251	8.10786644990981
4444	6.74976213704334	5.23606276936106
4445	3.97912357327344	4.94479652758389
4446	7.0572844663492	8.18810667551097
4447	0.00913835227917714	-1.38086880233805
4448	6.26382662946961	4.28911183821593
4449	7.56307243974195	7.475547430083
4450	9.07499413069979	6.98109761943991
4451	5.52764722636056	4.29397807911461
4452	8.11046093548606	9.08567779189357
4453	4.93940466953885	3.80027361579189
4454	-0.321158867783989	1.38562492403546
4455	2.71419596914147	-0.789412454876324
4456	4.15439371908288	-0.429811700223009
4457	2.06081753325998	2.27846398699161
4458	3.13534190568576	4.80632177478214
4459	8.08350017189722	6.59727082136637
4460	3.61185303849989	3.4096957891885
4461	14.7577466121226	9.73108094389447
4462	2.44476046765507	1.99529734373413
4463	5.88826744001823	4.06220787859839
4464	3.04474040781165	2.47986768789763
4465	5.32389918708107	6.45818032208008
4466	2.47378596763627	1.5507593540494
4467	1.1326257215254	4.30554074808328
4468	11.1268377708767	7.90022782031944
4469	0.317469648841269	-0.619926362686277
4470	13.8490793011679	9.2619592084108
4471	4.01989431193118	2.56329073377413
4472	7.65339134041168	8.81374380664342
4473	4.38165457688311	2.65835966247732
4474	1.1371039062817	2.49710947654421
4475	2.20894814040502	4.27813385922989
4476	10.2892725011752	9.47278215613177
4477	8.48548990112927	9.1247768196709
4478	3.68208522494342	3.19932706680268
4479	8.4765310343228	8.03776208579905
4480	9.34837407423894	10.3274618817156
4481	3.07857635164949	3.7573317749011
4482	7.2798189143299	7.22822297991839
4483	6.15610641991942	3.32430461385072
4484	-0.142907778321387	2.3918944224065
4485	9.27293815158678	7.78501009456286
4486	2.0982078041663	0.859660488819318
4487	9.65965434419219	7.21081630503786
4488	-0.148064794940074	-0.152173565115562
4489	2.68589978734744	1.39425966697589
4490	1.25385013463343	0.117803363168413
4491	0.79051291917728	1.32106940400482
4492	2.12294813924888	-0.936123663633349
4493	9.02826433377465	6.35097371667832
4494	10.9156578513234	9.27379989967519
4495	11.5206430384198	8.0576736313044
4496	9.68467876178348	8.28744831051302
4497	1.91010902651787	4.01484833611098
4498	2.77447815608451	3.45034255517014
4499	6.28121768345242	8.45685382681537
4500	5.31239821044149	5.88434565426072
4501	5.61595378247751	6.50631670465828
4502	3.32259900951617	2.7397280581191
4503	0.421278453547899	1.7037001282964
4504	11.2282662788883	10.728022395931
4505	5.29274988542538	6.24110905223112
4506	5.09307216135443	0.991021990970616
4507	1.98588312896555	-0.0562317678027992
4508	6.55776487074047	4.30020410792109
4509	10.8572643536451	9.87097011705689
4510	9.5494837667534	5.80724267923347
4511	9.44257543115604	10.521741934238
4512	6.85822068188835	7.4690364074098
4513	6.14528742208058	2.78381935895441
4514	2.87629157998856	3.71753570345425
4515	0.363777240928913	0.17910253131844
4516	-1.62868495311718	-1.50895430889137
4517	6.9468070560279	7.26634007777238
4518	-0.320015776978275	-0.383366515481685
4519	5.34378884586512	3.90254639939234
4520	6.32655157710804	6.32365164424267
4521	9.89014851630298	10.7174613762229
4522	7.6332005846152	4.51850382558485
4523	4.38303547533982	4.37804617999501
4524	0.722194958329392	0.494278472393088
4525	7.85746985167533	7.75670129906703
4526	5.87207848473772	3.99762268939974
4527	4.9869085969998	4.71307753626687
4528	1.41527301647559	0.920281067458327
4529	0.380576755278162	1.18401926570489
4530	5.50000341126558	5.7691557682528
4531	6.01878726025075	5.50883070225164
4532	-1.25301640912889	-0.709648617051261
4533	0.489479340289447	-1.22835259589201
4534	3.67675774278389	6.35730994109673
4535	10.7564981171972	9.92769167374597
4536	3.10420942118442	5.79889140031146
4537	5.12885672243312	5.33430316081572
4538	4.25577287807814	4.89867886707333
4539	9.51695312516895	10.6332247128191
4540	4.97790831229541	4.66900720540521
4541	3.36473809271818	6.8568864100451
4542	8.57166123582939	5.84197280931958
4543	-1.46352073935419	1.31156648088721
4544	1.17093031712545	1.5526224445927
4545	5.51987527026427	7.43802084203375
4546	2.92921197445074	3.98107542569908
4547	5.27585431224622	0.515319956280801
4548	7.99517047483296	7.65523506253532
4549	-2.31274937607482	-0.360838877054328
4550	6.09332831950654	9.12734359970755
4551	7.27611386265936	6.00566132620242
4552	5.64879480072828	5.28756899762185
4553	2.30919107955057	2.43468067539979
4554	2.57885305050109	3.98807846328686
4555	2.03037105120919	4.57905615728462
4556	-0.979988259671014	0.587017381078467
4557	7.3556248410648	4.94368504626849
4558	-1.3392244410917	-0.731991751703435
4559	-0.435782502973813	1.79733544954929
4560	5.2909754756972	0.984668499044072
4561	3.26768652644564	1.88520910621131
4562	9.26383503353843	9.50895528798371
4563	6.47178997731563	3.90193398890776
4564	10.1326639801678	8.07104243159804
4565	8.32894232197286	9.32813669046377
4566	8.36969544311348	3.48831899714394
4567	-0.744352294156173	-0.875237697035041
4568	0.176860599782797	2.51850231946632
4569	7.39591215553284	7.36827107697828
4570	3.46646068043498	2.54508273832176
4571	11.1809262679119	6.20264525178211
4572	9.2989793838667	8.82841164009038
4573	10.1875775873683	9.02224714953043
4574	3.54200550161921	3.21643745427867
4575	2.89792494252289	3.08070990181539
4576	9.67589305531378	9.51334391955443
4577	8.30706836619223	6.37630074770174
4578	12.0434338018991	7.58503629282471
4579	8.31842623588073	5.88896954508656
4580	12.2527961347413	9.60873306353641
4581	0.0621150180741119	1.99688107409157
4582	3.26291245876743	0.716853252205728
4583	10.077260926972	9.40098729803069
4584	2.10557377058723	4.61526359147628
4585	10.5667360015893	9.2836475069188
4586	0.952814259871516	0.691039255348759
4587	11.0264112525838	7.79770049439517
4588	6.16182271281429	7.37792650793761
4589	9.46427431168132	10.1164369038586
4590	3.71954004943786	5.16873580118746
4591	7.18671848980617	7.21859421950808
4592	4.47088475688388	3.18578049290294
4593	-1.25301883204675	-0.412236265044056
4594	11.7883713990251	9.9112886491443
4595	-0.0173755688770831	1.86574723721464
4596	3.9909090801482	5.70496281354067
4597	3.20664267301305	-0.293721271236335
4598	7.0543894547932	8.82706850600632
4599	3.63951363795564	2.29959970488024
4600	7.63206394165678	8.10684930729977
4601	0.933196336220535	1.69662807409012
4602	3.83277344408565	3.0268918258803
4603	4.20298313540266	5.53144125310768
4604	13.0890550842129	9.71573847396148
4605	2.07919871608019	0.900246703982112
4606	8.13973945137633	9.59323563423422
4607	11.3109613281212	10.1707519083429
4608	8.40622292010059	6.62874488527597
4609	7.70093123009355	6.23341919212794
4610	-0.869341528701938	-0.845264842091677
4611	4.49525723569331	0.953807045979211
4612	1.89836750317081	0.586753855061524
4613	6.00179299880979	6.95596114534653
4614	-0.820155155790156	3.17636688150923
4615	10.4879588762689	7.98930825137386
4616	4.88252368699216	4.59372534489709
4617	7.57904157297518	7.33771051753291
4618	12.7905455593364	10.7600621998182
4619	5.20286454340831	3.12560275211344
4620	9.51714529827255	8.08418269527158
4621	12.0544175164873	10.0463533708959
4622	3.10998285685403	1.03076598511896
4623	6.96921515976092	6.51490223022366
4624	-3.47204224019094	-0.0496059865884305
4625	3.44629952051981	1.71798917638694
4626	3.52111163146665	3.20145080184402
4627	-1.15090701550391	-1.44911250263538
4628	0.647150717041725	3.15495892021538
4629	8.4799900384284	9.23515336734415
4630	3.92007108065157	2.63042877801231
4631	7.50232048871051	4.39884177428752
4632	5.98921445041507	5.86473901790518
4633	5.6978389077052	4.54184579706694
4634	1.12700113576673	0.70729457233464
4635	6.17436070962664	8.70714748155064
4636	6.19161173170902	6.72443215120447
4637	7.74229842129755	8.29373341955541
4638	0.176696717231899	-0.269348502055535
4639	9.8845820964505	7.41372731775447
4640	5.46164465263741	3.51538233290018
4641	8.5223083368831	8.62695596302556
4642	6.25799896556609	6.45733758793197
4643	9.78911989828251	8.15265205367064
4644	6.74976213704334	5.28417916914444
4645	3.97912357327344	4.993250745877
4646	7.0572844663492	8.23279921447559
4647	0.00913835227917714	-1.32507790533546
4648	6.26382662946961	4.33832653744657
4649	7.56307243974195	7.52106641464228
4650	9.07499413069979	7.02719008033874
4651	5.52764722636056	4.3431871343467
4652	8.11046093548606	9.12932930346324
4653	4.93940466953885	3.85005528288943
4654	-0.321158867783989	1.43820716636481
4655	2.71419596914147	-0.734307545033301
4656	4.15439371908288	-0.375123865116471
4657	2.06081753325998	2.33001069029028
4658	3.13534190568576	4.85493659986011
4659	8.08350017189722	6.6438084550258
4660	3.61185303849989	3.45993045907317
4661	14.7577466121226	9.7739838993333
4662	2.44476046765507	2.04717247140786
4663	5.88826744001823	4.11168574721325
4664	3.04474040781165	2.53118079770575
4665	5.32389918708107	6.50487927668388
4666	2.47378596763627	1.60315006897512
4667	1.1326257215254	4.35473639261739
4668	11.1268377708767	7.9452542490107
4669	0.317469648841269	-0.565018027423043
4670	13.8490793011679	9.30540626399869
4671	4.01989431193118	2.61450708726451
4672	7.65339134041168	8.85771071464585
4673	4.38165457688311	2.70946575243829
4674	1.1371039062817	2.54840258885688
4675	2.20894814040502	4.32736129101917
4676	10.2892725011752	9.51598469353044
4677	8.48548990112927	9.16838298312464
4678	3.68208522494342	3.24980572805366
4679	8.4765310343228	8.08262899850824
4680	9.34837407423894	10.369673138321
4681	3.07857635164949	3.80716324711375
4682	7.2798189143299	7.27402881810226
4683	6.15610641991942	3.37463832274321
4684	-0.142907778321387	2.44330956600083
4685	9.27293815158678	7.83017015590641
4686	2.0982078041663	0.912852759007009
4687	9.65965434419219	7.25664233195673
4688	-0.148064794940074	-0.0978077422699552
4689	2.68589978734744	1.44683189449551
4690	1.25385013463343	0.17185605942915
4691	0.79051291917728	1.37372651958222
4692	2.12294813924888	-0.880848594139824
4693	9.02826433377465	6.39779701241912
4694	10.9156578513234	9.31723322210728
4695	11.5206430384198	8.10251745006151
4696	9.68467876178348	8.33202563034725
4697	1.91010902651787	4.06438113361141
4698	2.77447815608451	3.50053008183002
4699	6.28121768345242	8.50123466552392
4700	5.31239821044149	5.93171015792072
4701	5.61595378247751	6.55295982937624
4702	3.32259900951617	2.79073977480156
4703	0.421278453547899	1.75591345835212
4704	11.2282662788883	10.7697690715567
4705	5.29274988542538	6.28805977199809
4706	5.09307216135443	1.04406190451504
4707	1.98588312896555	-0.00197722086335861
4708	6.55776487074047	4.34940594203562
4709	10.8572643536451	9.91371082522767
4710	9.5494837667534	5.85469660902113
4711	9.44257543115604	10.563727859554
4712	6.85822068188835	7.51456294363028
4713	6.14528742208058	2.83477993734687
4714	2.87629157998856	3.76741333223302
4715	0.363777240928913	0.233084131136602
4716	-1.62868495311718	-1.45301485483433
4717	6.9468070560279	7.31210170670936
4718	-0.320015776978275	-0.328732548763732
4719	5.34378884586512	3.95220944773362
4720	6.32655157710804	6.37050662886624
4721	9.89014851630298	10.7592203008065
4722	7.6332005846152	4.56745246974902
4723	4.38303547533982	4.42715773075702
4724	0.722194958329392	0.54789452258192
4725	7.85746985167533	7.8018941937216
4726	5.87207848473772	4.04717546567377
4727	4.9869085969998	4.76180050854893
4728	1.41527301647559	0.973403028250016
4729	0.380576755278162	1.2368353357605
4730	5.50000341126558	5.81665387227579
4731	6.01878726025075	5.55663073836709
4732	-1.25301640912889	-0.654636219476946
4733	0.489479340289447	-1.17273859133415
4734	3.67675774278389	6.4041258879121
4735	10.7564981171972	9.97036659471246
4736	3.10420942118442	5.84635501613957
4737	5.12885672243312	5.38230561872093
4738	4.25577287807814	4.94718657388352
4739	9.51695312516895	10.6750813373762
4740	4.97790831229541	4.71778129165574
4741	3.36473809271818	6.90312293448317
4742	8.57166123582939	5.8893864581577
4743	-1.46352073935419	1.36423461821333
4744	1.17093031712545	1.60501099865533
4745	5.51987527026427	7.48358335095058
4746	2.92921197445074	4.03064739393964
4747	5.27585431224622	0.568911601984286
4748	7.99517047483296	7.70054564049093
4749	-2.31274937607482	-0.306231038504181
4750	6.09332831950654	9.17094678613999
4751	7.27611386265936	6.05288512464629
4752	5.64879480072828	5.3356256590807
4753	2.30919107955057	2.4860461943341
4754	2.57885305050109	4.03764230921393
4755	2.03037105120919	4.62793457120744
4756	-0.979988259671014	0.640525870158482
4757	7.3556248410648	4.99214055368787
4758	-1.3392244410917	-0.676953439953811
4759	-0.435782502973813	1.84944017881251
4760	5.2909754756972	1.03771578154125
4761	3.26768652644564	1.93721191721734
4762	9.26383503353843	9.55211587080015
4763	6.47178997731563	3.95159774753938
4764	10.1326639801678	8.11587074485693
4765	8.32894232197286	9.37150699160792
4766	8.36969544311348	3.53846247769344
4767	-0.744352294156173	-0.820033244741692
4768	0.176860599782797	2.56977061977787
4769	7.39591215553284	7.41391448356984
4770	3.46646068043498	2.59632020994053
4771	11.1809262679119	6.24964058291107
4772	9.2989793838667	8.87236153594061
4773	10.1875775873683	9.06597222968444
4774	3.54200550161921	3.26689627043685
4775	2.89792494252289	3.13132613848074
4776	9.67589305531378	9.5564994123166
4777	8.30706836619223	6.42309466846306
4778	12.0434338018991	7.63042828922285
4779	8.31842623588073	5.93632868583221
4780	12.2527961347413	9.65177792137478
4781	0.0621150180741119	2.04875436491175
4782	3.26291245876743	0.770211154110838
4783	10.077260926972	9.44427310505863
4784	2.10557377058723	4.66410001103208
4785	10.5667360015893	9.32706940782814
4786	0.952814259871516	0.744427097029572
4787	11.0264112525838	7.84284583706781
4788	6.16182271281429	7.42355871589771
4789	9.46427431168132	10.1588929129733
4790	3.71954004943786	5.21693028861984
4791	7.18671848980617	7.26441122539018
4792	4.47088475688388	3.2362748658388
4793	-1.25301883204675	-0.357568814405295
4794	11.7883713990251	9.95398259478489
4795	-0.0173755688770831	1.9177726206257
4796	3.9909090801482	5.7525353702986
4797	3.20664267301305	-0.239191277511033
4798	7.0543894547932	8.87101995966
4799	3.63951363795564	2.3511218943984
4800	7.63206394165678	8.15163609077027
4801	0.933196336220535	1.74389150035427
4802	3.83277344408565	3.07268144400799
4803	4.20298313540266	5.57445606411982
4804	13.0890550842129	9.75411747400667
4805	2.07919871608019	0.948392446509796
4806	8.13973945137633	9.63175035599752
4807	11.3109613281212	10.208626795951
4808	8.40622292010059	6.6705439862313
4809	7.70093123009355	6.27565627707128
4810	-0.869341528701938	-0.795185235609996
4811	4.49525723569331	1.00189344864462
4812	1.89836750317081	0.635246918420013
4813	6.00179299880979	6.99739772121175
4814	-0.820155155790156	3.22199089521983
4815	10.4879588762689	8.02959997504673
4816	4.88252368699216	4.63777905765586
4817	7.57904157297518	7.37872415070722
4818	12.7905455593364	10.7972841866002
4819	5.20286454340831	3.17128300774362
4820	9.51714529827255	8.12436930691146
4821	12.0544175164873	10.0843660804784
4822	3.10998285685403	1.07876712445931
4823	6.96921515976092	6.55682745822039
4824	-3.47204224019094	-0.00040789589150454
4825	3.44629952051981	1.76522893654253
4826	3.52111163146665	3.24704702491097
4827	-1.15090701550391	-1.39836388927886
4828	0.647150717041725	3.20060665194994
4829	8.4799900384284	9.27406481085362
4830	3.92007108065157	2.67665764021093
4831	7.50232048871051	4.4431113998618
4832	5.98921445041507	5.90738456608733
4833	5.6978389077052	4.58595698752485
4834	1.12700113576673	0.755654087823654
4835	6.17436070962664	8.74664390632381
4836	6.19161173170902	6.76612523959583
4837	7.74229842129755	8.3336878685418
4838	0.176696717231899	-0.219906957151286
4839	9.8845820964505	7.45465673140575
4840	5.46164465263741	3.56063074911745
4841	8.5223083368831	8.66654123252017
4842	6.25799896556609	6.49932659218214
4843	9.78911989828251	8.19276280764893
4844	6.74976213704334	5.32746792347849
4845	3.97912357327344	5.03686182176327
4846	7.0572844663492	8.27282117287665
4847	0.00913835227917714	-1.27446671074154
4848	6.26382662946961	4.3826632082578
4849	7.56307243974195	7.56187690658789
4850	9.07499413069979	7.06854774118896
4851	5.52764722636056	4.38751842007
4852	8.11046093548606	9.16835799016314
4853	4.93940466953885	3.89493291269981
4854	-0.321158867783989	1.48575689888659
4855	2.71419596914147	-0.684350868885536
4856	4.15439371908288	-0.325565130977752
4857	2.06081753325998	2.37657238770405
4858	3.13534190568576	4.89870091491681
4859	8.08350017189722	6.68559086695113
4860	3.61185303849989	3.50524031079352
4861	14.7577466121226	9.81229836888091
4862	2.44476046765507	2.09404752718212
4863	5.88826744001823	4.1562735148767
4864	3.04474040781165	2.57751961740769
4865	5.32389918708107	6.54681560917809
4866	2.47378596763627	1.65051706014836
4867	1.1326257215254	4.39905488283997
4868	11.1268377708767	7.98559478040838
4869	0.317469648841269	-0.515248908267745
4870	13.8490793011679	9.34423987385256
4871	4.01989431193118	2.66075358921114
4872	7.65339134041168	8.89704032940282
4873	4.38165457688311	2.75560704904263
4874	1.1371039062817	2.59472232842085
4875	2.20894814040502	4.37171011030049
4876	10.2892725011752	9.55458500212929
4877	8.48548990112927	9.2073684019908
4878	3.68208522494342	3.29534837837341
4879	8.4765310343228	8.12281733149919
4880	9.34837407423894	10.4073276397637
4881	3.07857635164949	3.85208839729835
4882	7.2798189143299	7.31511300465866
4883	6.15610641991942	3.4200426701937
4884	-0.142907778321387	2.48974573882998
4885	9.27293815158678	7.87063818974303
4886	2.0982078041663	0.960984535201746
4887	9.65965434419219	7.29774578111779
4888	-0.148064794940074	-0.0485562485244837
4889	2.68589978734744	1.49437207162313
4890	1.25385013463343	0.220808790839318
4891	0.79051291917728	1.42134769064523
4892	2.12294813924888	-0.830729564180488
4893	9.02826433377465	6.4398519820724
4894	10.9156578513234	9.35605372879491
4895	11.5206430384198	8.14268374850354
4896	9.68467876178348	8.37193765513637
4897	1.91010902651787	4.10902131037368
4898	2.77447815608451	3.5457949529559
4899	6.28121768345242	8.54095922248761
4900	5.31239821044149	5.97428150832748
4901	5.61595378247751	6.59484289310351
4902	3.32259900951617	2.83679102737118
4903	0.421278453547899	1.80311120194125
4904	11.2282662788883	10.8069803040304
4905	5.29274988542538	6.33023632027636
4906	5.09307216135443	1.09204831321708
4907	1.98588312896555	0.0471681016044392
4908	6.55776487074047	4.39373033790016
4909	10.8572643536451	9.95187049037653
4910	9.5494837667534	5.89735328325546
4911	9.44257543115604	10.6011673664691
4912	6.85822068188835	7.55538064081506
4913	6.14528742208058	2.88078239752491
4914	2.87629157998856	3.81238252161504
4915	0.363777240928913	0.281969027555295
4916	-1.62868495311718	-1.40226191803563
4917	6.9468070560279	7.35314371205701
4918	-0.320015776978275	-0.279225211875677
4919	5.34378884586512	3.99697390025932
4920	6.32655157710804	6.41259183371859
4921	9.89014851630298	10.7964432203341
4922	7.6332005846152	4.61153529040245
4923	4.38303547533982	4.47139598489313
4924	0.722194958329392	0.596430638455604
4925	7.85746985167533	7.84239355468646
4926	5.87207848473772	4.09183470471099
4927	4.9869085969998	4.80566800970613
4928	1.41527301647559	1.02146772039518
4929	0.380576755278162	1.28460816948459
4930	5.50000341126558	5.85935269431342
4931	6.01878726025075	5.5996176417795
4932	-1.25301640912889	-0.604767811725347
4933	0.489479340289447	-1.12229617448838
4934	3.67675774278389	6.44617384576177
4935	10.7564981171972	10.0084634905542
4936	3.10420942118442	5.88902093208063
4937	5.12885672243312	5.42548565810308
4938	4.25577287807814	4.99084868457502
4939	9.51695312516895	10.712397475026
4940	4.97790831229541	4.76169756199869
4941	3.36473809271818	6.94461805015675
4942	8.57166123582939	5.93200469927541
4943	-1.46352073935419	1.41186630541755
4944	1.17093031712545	1.65237592809209
4945	5.51987527026427	7.52443537063396
4946	2.92921197445074	4.07532494453843
4947	5.27585431224622	0.617424432894679
4948	7.99517047483296	7.74115728619795
4949	-2.31274937607482	-0.256748631190325
4950	6.09332831950654	9.20992936455159
4951	7.27611386265936	6.09532222449434
4952	5.64879480072828	5.37885741550336
4953	2.30919107955057	2.53243501896597
4954	2.57885305050109	4.08231211009916
4955	2.03037105120919	4.67195038333484
4956	-0.979988259671014	0.688959359140645
4957	7.3556248410648	5.03575285956351
4958	-1.3392244410917	-0.627060306803901
4959	-0.435782502973813	1.8965343035205
4960	5.2909754756972	1.08570922115551
4961	3.26768652644564	1.98420879902742
4962	9.26383503353843	9.59067614942526
4963	6.47178997731563	3.99636287777183
4964	10.1326639801678	8.15602224909406
4965	8.32894232197286	9.41026736802215
4966	8.36969544311348	3.58368532326343
4967	-0.744352294156173	-0.769981592516015
4968	0.176860599782797	2.61606668555701
4969	7.39591215553284	7.45484368985885
4970	3.46646068043498	2.64258686125058
4971	11.1809262679119	6.29185969606671
4972	9.2989793838667	8.91167491895437
4973	10.1875775873683	9.10507111011149
4974	3.54200550161921	3.31241998603002
4975	2.89792494252289	3.17700005313276
4976	9.67589305531378	9.59505483438666
4977	8.30706836619223	6.46512161067347
4978	12.0434338018991	7.67111761841381
4979	8.31842623588073	5.9788949193409
4980	12.2527961347413	9.69022778374535
4981	0.0621150180741119	2.09562766809559
4982	3.26291245876743	0.818500963896743
4983	10.077260926972	9.48295286340752
4984	2.10557377058723	4.70807575522603
4985	10.5667360015893	9.36587901693961
4986	0.952814259871516	0.792745473145324
4987	11.0264112525838	7.88329982743223
4988	6.16182271281429	7.46447723727702
4989	9.46427431168132	10.196780939242
4990	3.71954004943786	5.26029354843985
4991	7.18671848980617	7.30550606734208
4992	4.47088475688388	3.28183250709159
4993	-1.25301883204675	-0.30802952962505
4994	11.7883713990251	9.99209764257004
4995	-0.0173755688770831	1.9647910393629
4996	3.9909090801482	5.7953052296548
4997	3.20664267301305	-0.189783143998207
4998	7.0543894547932	8.91033482901511
4999	3.63951363795564	2.39766020256748
5000	7.63206394165678	8.19174797034067
5001	0.933196336220535	1.78658938406927
5002	3.83277344408565	3.11399088924811
5003	4.20298313540266	5.61315143167622
5004	13.0890550842129	9.78844555782407
5005	2.07919871608019	0.991921538722699
5006	8.13973945137633	9.66620629991464
5007	11.3109613281212	10.2424799678135
5008	8.40622292010059	6.70809406317937
5009	7.70093123009355	6.31361896798537
5010	-0.869341528701938	-0.749834297627289
5011	4.49525723569331	1.04536663822959
5012	1.89836750317081	0.679103213063605
5013	6.00179299880979	7.0346062721696
5014	-0.820155155790156	3.26314432860291
5015	10.4879588762689	8.06572998885133
5016	4.88252368699216	4.67745314905084
5017	7.57904157297518	7.41553425773589
5018	12.7905455593364	10.8305222766181
5019	5.20286454340831	3.21248942525883
5020	9.51714529827255	8.16040029724946
5021	12.0544175164873	10.1183490910405
5022	3.10998285685403	1.12215998955831
5023	6.96921515976092	6.59449635635873
5024	-3.47204224019094	0.0441125877047127
5025	3.44629952051981	1.80790452499747
5026	3.52111163146665	3.28817427741071
5027	-1.15090701550391	-1.35238269633827
5028	0.647150717041725	3.2417824295013
5029	8.4799900384284	9.30889449659137
5030	3.92007108065157	2.71838088651027
5031	7.50232048871051	4.48298889742131
5032	5.98921445041507	5.94573206019411
5033	5.6978389077052	4.62568522724956
5034	1.12700113576673	0.79938457029697
5035	6.17436070962664	8.78202468855338
5036	6.19161173170902	6.80357544470917
5037	7.74229842129755	8.36950014414174
5038	0.176696717231899	-0.175157121321249
5039	9.8845820964505	7.49138749728871
5040	5.46164465263741	3.60143034132004
5041	8.5223083368831	8.70200571318138
5042	6.25799896556609	6.53705557236364
5043	9.78911989828251	8.22872233434567
5044	6.74976213704334	5.3664213663153
5045	3.97912357327344	5.07611891582395
5046	7.0572844663492	8.30869704743932
5047	0.00913835227917714	-1.22861497664464
5048	6.26382662946961	4.42260386748959
5049	7.56307243974195	7.59849563925053
5050	9.07499413069979	7.10568194824791
5051	5.52764722636056	4.42745400614263
5052	8.11046093548606	9.2032981278332
5053	4.93940466953885	3.93538319612837
5054	-0.321158867783989	1.52872450470033
5055	2.71419596914147	-0.639115740553433
5056	4.15439371908288	-0.280704894046
5057	2.06081753325998	2.41860918989106
5058	3.13534190568576	4.93810237183914
5059	8.08350017189722	6.72312522157362
5060	3.61185303849989	3.54609777987581
5061	14.7577466121226	9.84656566010025
5062	2.44476046765507	2.13637953659007
5063	5.88826744001823	4.1964507262905
5064	3.04474040781165	2.61934645197231
5065	5.32389918708107	6.58449496859097
5066	2.47378596763627	1.69331250982251
5067	1.1326257215254	4.43897841458538
5068	11.1268377708767	8.02177077477268
5069	0.317469648841269	-0.470190472775184
5070	13.8490793011679	9.3789962344136
5071	4.01989431193118	2.70249345348416
5072	7.65339134041168	8.93226396401002
5073	4.38165457688311	2.79724780194463
5074	1.1371039062817	2.63653118805575
5075	2.20894814040502	4.4116622143078
5076	10.2892725011752	9.58912157530369
5077	8.48548990112927	9.24226777809658
5078	3.68208522494342	3.3364251613028
5079	8.4765310343228	8.15884994347979
5080	9.34837407423894	10.4409731912286
5081	3.07857635164949	3.89258344850523
5082	7.2798189143299	7.35198957829707
5083	6.15610641991942	3.46098916138421
5084	-0.142907778321387	2.53166428738648
5085	9.27293815158678	7.90693430102587
5086	2.0982078041663	1.00450047007514
5087	9.65965434419219	7.3346405015833
5088	-0.148064794940074	-0.00398545522685944
5089	2.68589978734744	1.53733067553453
5090	1.25385013463343	0.265098127473135
5091	0.79051291917728	1.4643825969554
5092	2.12294813924888	-0.78534148630702
5093	9.02826433377465	6.47764310664125
5094	10.9156578513234	9.3907977451846
5095	11.5206430384198	8.17869560227637
5096	9.68467876178348	8.40770996394125
5097	1.91010902651787	4.14924789511324
5098	2.77447815608451	3.58661004692406
5099	6.28121768345242	8.576554922455
5100	5.31239821044149	6.01255910253104
5101	5.61595378247751	6.63247206931839
5102	3.32259900951617	2.87834695199796
5103	0.421278453547899	1.84574720762011
5104	11.2282662788883	10.8402082626783
5105	5.29274988542538	6.36814198108399
5106	5.09307216135443	1.13542730094324
5107	1.98588312896555	0.0916388735470426
5108	6.55776487074047	4.43365943320593
5109	10.8572643536451	9.98599194417105
5110	9.5494837667534	5.93571125894295
5111	9.44257543115604	10.6346103768657
5112	6.85822068188835	7.5920061613567
5113	6.14528742208058	2.92229235603705
5114	2.87629157998856	3.85291906106898
5115	0.363777240928913	0.326194458508463
5116	-1.62868495311718	-1.35627665208625
5117	6.9468070560279	7.38998054781387
5118	-0.320015776978275	-0.234413395032377
5119	5.34378884586512	4.03731756214562
5120	6.32655157710804	6.45041144212641
5121	9.89014851630298	10.8296821890687
5122	7.6332005846152	4.65123680363062
5123	4.38303547533982	4.51124392819066
5124	0.722194958329392	0.640327491817157
5125	7.85746985167533	7.87871917848797
5126	5.87207848473772	4.13207924755196
5127	4.9869085969998	4.84516667572131
5128	1.41527301647559	1.06492045703186
5129	0.380576755278162	1.32778595346561
5130	5.50000341126558	5.897750376412
5131	6.01878726025075	5.6382867182711
5132	-1.25301640912889	-0.559615838882971
5133	0.489479340289447	-1.07660344176583
5134	3.67675774278389	6.4839583646825
5135	10.7564981171972	10.0425258109249
5136	3.10420942118442	5.92738761415321
5137	5.12885672243312	5.46433668325181
5138	4.25577287807814	5.0301538572732
5139	9.51695312516895	10.7457242622657
5140	4.97790831229541	4.80124217226688
5141	3.36473809271818	6.98188175003134
5142	8.57166123582939	5.97032646806696
5143	-1.46352073935419	1.45491111872627
5144	1.17093031712545	1.6951694354549
5145	5.51987527026427	7.56109322555917
5146	2.92921197445074	4.11558673825216
5147	5.27585431224622	0.661299350063779
5148	7.99517047483296	7.77758869069933
5149	-2.31274937607482	-0.21196029988705
5150	6.09332831950654	9.24482606473484
5151	7.27611386265936	6.13347334454136
5152	5.64879480072828	5.41775716200669
5153	2.30919107955057	2.57430896194783
5154	2.57885305050109	4.12256660299793
5155	2.03037105120919	4.71158876947517
5156	-0.979988259671014	0.732759530226384
5157	7.3556248410648	5.075011112367
5158	-1.3392244410917	-0.581885040770591
5159	-0.435782502973813	1.93907269239446
5160	5.2909754756972	1.12909483253153
5161	3.26768652644564	2.02665557775381
5162	9.26383503353843	9.62517501134383
5163	6.47178997731563	4.03670717810903
5164	10.1326639801678	8.19202016560954
5165	8.32894232197286	9.44495473715701
5166	8.36969544311348	3.62446082598678
5167	-0.744352294156173	-0.724656989551831
5168	0.176860599782797	2.65785324270023
5169	7.39591215553284	7.49157426039091
5170	3.46646068043498	2.68434570774437
5171	11.1809262679119	6.32980545620069
5172	9.2989793838667	8.94688326203464
5173	10.1875775873683	9.1400773755692
5174	3.54200550161921	3.3534789310182
5175	2.89792494252289	3.21820049696807
5176	9.67589305531378	9.6295491210639
5177	8.30706836619223	6.50288633127623
5178	12.0434338018991	7.7076222066189
5179	8.31842623588073	6.01716769304039
5180	12.2527961347413	9.72462262522036
5181	0.0621150180741119	2.1379580264311
5182	3.26291245876743	0.862165778337889
5183	10.077260926972	9.51756428424156
5184	2.10557377058723	4.74767639434962
5185	10.5667360015893	9.40061276699026
5186	0.952814259871516	0.836437199224739
5187	11.0264112525838	7.91958270870456
5188	6.16182271281429	7.50119774181787
5189	9.46427431168132	10.2306464887142
5190	3.71954004943786	5.29931718106646
5191	7.18671848980617	7.34239267916708
5192	4.47088475688388	3.32292341261108
5193	-1.25301883204675	-0.263187615456588
5194	11.7883713990251	10.0261770634412
5195	-0.0173755688770831	2.00725810749979
5196	3.9909090801482	5.83376983426779
5197	3.20664267301305	-0.145064784220041
5198	7.0543894547932	8.9455445723411
5199	3.63951363795564	2.43967497032111
5200	7.63206394165678	8.22770855743012
5201	0.933196336220535	1.82514171677579
5202	3.83277344408565	3.15124759708332
5203	4.20298313540266	5.64796880631534
5204	13.0890550842129	9.8191875906064
5205	2.07919871608019	1.03124951573942
5206	8.13973945137633	9.69706764567212
5207	11.3109613281212	10.2727788353051
5208	8.40622292010059	6.74184270699327
5209	7.70093123009355	6.3477526435643
5210	-0.869341528701938	-0.708806260626833
5211	4.49525723569331	1.08464244956781
5212	1.89836750317081	0.718736519855335
5213	6.00179299880979	7.06803622014272
5214	-0.820155155790156	3.3002554535795
5215	10.4879588762689	8.09815349715453
5216	4.88252368699216	4.71318382231307
5217	7.57904157297518	7.44859239674966
5218	12.7905455593364	10.860247178932
5219	5.20286454340831	3.24964999251221
5220	9.51714529827255	8.19273140155459
5221	12.0544175164873	10.1487691178427
5222	3.10998285685403	1.16136084589945
5223	6.96921515976092	6.62835587846658
5224	-3.47204224019094	0.0843656840959316
5225	3.44629952051981	1.84643605282572
5226	3.52111163146665	3.32526097162986
5227	-1.15090701550391	-1.31076653533126
5228	0.647150717041725	3.27891440499499
5229	8.4799900384284	9.34010460047319
5230	3.92007108065157	2.75602373384953
5231	7.50232048871051	4.51890937965995
5232	5.98921445041507	5.98022481584468
5233	5.6978389077052	4.66146642916251
5234	1.12700113576673	0.838900475144091
5235	6.17436070962664	8.81374904951911
5236	6.19161173170902	6.83723089286812
5237	7.74229842129755	8.40162715423637
5238	0.176696717231899	-0.134690004313489
5239	9.8845820964505	7.52437159891188
5240	5.46164465263741	3.63821127850493
5241	8.5223083368831	8.73380817755008
5242	6.25799896556609	6.57097116018189
5243	9.78911989828251	8.26098675217336
5244	6.74976213704334	5.40147956455446
5245	3.97912357327344	5.11146046696997
5246	7.0572844663492	8.34088340506672
5247	0.00913835227917714	-1.18711962048475
5248	6.26382662946961	4.45858328920234
5249	7.56307243974195	7.63137519679107
5250	9.07499413069979	7.13904252202392
5251	5.52764722636056	4.46342869382408
5252	8.11046093548606	9.23461130021475
5253	4.93940466953885	3.97183817494812
5254	-0.321158867783989	1.56752852926484
5255	2.71419596914147	-0.598195771621078
5256	4.15439371908288	-0.240134755971202
5257	2.06081753325998	2.45654463269925
5258	3.13534190568576	4.97357863555429
5259	8.08350017189722	6.75685919405968
5260	3.61185303849989	3.58293272501724
5261	14.7577466121226	9.87725096411609
5262	2.44476046765507	2.17459045276242
5263	5.88826744001823	4.23265088726964
5264	3.04474040781165	2.65708596296308
5265	5.32389918708107	6.6183642526636
5266	2.47378596763627	1.73195588645034
5267	1.1326257215254	4.47494185374093
5268	11.1268377708767	8.05423718995136
5269	0.317469648841269	-0.429435385212535
5270	13.8490793011679	9.41013791472147
5271	4.01989431193118	2.74015180792756
5272	7.65339134041168	8.96384168227482
5273	4.38165457688311	2.83481367036172
5274	1.1371039062817	2.67425392569544
5275	2.20894814040502	4.44765231574175
5276	10.2892725011752	9.62005816045634
5277	8.48548990112927	9.27354291372143
5278	3.68208522494342	3.37346475971485
5279	8.4765310343228	8.19118256102481
5280	9.34837407423894	10.4710783172214
5281	3.07857635164949	3.92908020249043
5282	7.2798189143299	7.38510974079567
5283	6.15610641991942	3.49790717773089
5284	-0.142907778321387	2.56948938152053
5285	9.27293815158678	7.93951280361061
5286	2.0982078041663	1.04381616928726
5287	9.65965434419219	7.36777759783947
5288	-0.148064794940074	0.0363145877893556
5289	2.68589978734744	1.57612629995113
5290	1.25385013463343	0.305135528492303
5291	0.79051291917728	1.50324942314821
5292	2.12294813924888	-0.744278792123652
5293	9.02826433377465	6.51161668465158
5294	10.9156578513234	9.4219279064978
5295	11.5206430384198	8.21100884924736
5296	9.68467876178348	8.43979967892006
5297	1.91010902651787	4.18549412893607
5298	2.77447815608451	3.62340544962067
5299	6.28121768345242	8.60847983445086
5300	5.31239821044149	6.04698663091029
5301	5.61595378247751	6.666294524813
5302	3.32259900951617	2.91583366269568
5303	0.421278453547899	1.88424179868084
5304	11.2282662788883	10.8699237108788
5305	5.29274988542538	6.40222243887498
5306	5.09307216135443	1.17461520757886
5307	1.98588312896555	0.131845581383075
5308	6.55776487074047	4.4696280640119
5309	10.8572643536451	10.0165411596254
5310	9.5494837667534	5.97021379550704
5311	9.44257543115604	10.664526501149
5312	6.85822068188835	7.62489205302367
5313	6.14528742208058	2.95973617333873
5314	2.87629157998856	3.88945452991677
5315	0.363777240928913	0.366172225780248
5316	-1.62868495311718	-1.31465669034081
5317	6.9468070560279	7.4230636288079
5318	-0.320015776978275	-0.193888440285469
5319	5.34378884586512	4.07367304680377
5320	6.32655157710804	6.48441159990308
5321	9.89014851630298	10.8594079113594
5322	7.6332005846152	4.68699306564579
5323	4.38303547533982	4.54713683179507
5324	0.722194958329392	0.67999864607904
5325	7.85746985167533	7.91132522075409
5326	5.87207848473772	4.1683422390225
5327	4.9869085969998	4.88073365034711
5328	1.41527301647559	1.10417718264969
5329	0.380576755278162	1.36678610631804
5330	5.50000341126558	5.93228996511393
5331	6.01878726025075	5.67307955933667
5332	-1.25301640912889	-0.518773466705982
5333	0.489479340289447	-1.03525645814021
5334	3.67675774278389	6.51792577861561
5335	10.7564981171972	10.0730198458754
5336	3.10420942118442	5.96189827510255
5337	5.12885672243312	5.49929931016653
5338	4.25577287807814	5.0655402731213
5339	9.51695312516895	10.7755319326163
5340	4.97790831229541	4.83685201988845
5341	3.36473809271818	7.01536316035549
5342	8.57166123582939	6.00479521807461
5343	-1.46352073935419	1.49378718965982
5344	1.17093031712545	1.73381099960999
5345	5.51987527026427	7.59400929013788
5346	2.92921197445074	4.1518658274182
5347	5.27585431224622	0.700950034512245
5348	7.99517047483296	7.81029344249283
5349	-2.31274937607482	-0.171457260731163
5350	6.09332831950654	9.27609870331581
5351	7.27611386265936	6.16778285324183
5352	5.64879480072828	5.45276525337658
5353	2.30919107955057	2.61209243227719
5354	2.57885305050109	4.15883887939004
5355	2.03037105120919	4.74728612428881
5356	-0.979988259671014	0.772340465178285
5357	7.3556248410648	5.11035374479679
5358	-1.3392244410917	-0.541020932493623
5359	-0.435782502973813	1.97747619208704
5360	5.2909754756972	1.16828892004274
5361	3.26768652644564	2.06497359120569
5362	9.26383503353843	9.65607640614282
5363	6.47178997731563	4.07306325853925
5364	10.1326639801678	8.2243204069936
5365	8.32894232197286	9.47603203794121
5366	8.36969544311348	3.66121928401325
5367	-0.744352294156173	-0.683653527140456
5368	0.176860599782797	2.69555516871344
5369	7.39591215553284	7.5245581797219
5370	3.46646068043498	2.72202177549505
5371	11.1809262679119	6.36392333277937
5372	9.2989793838667	8.97844671097245
5373	10.1875775873683	9.17145225526289
5374	3.54200550161921	3.39050188391033
5375	2.89792494252289	3.25535548986695
5376	9.67589305531378	9.66044624646487
5377	8.30706836619223	6.5368352703589
5378	12.0434338018991	7.74039524997044
5379	8.31842623588073	6.05159072315406
5380	12.2527961347413	9.75542695307959
5381	0.0621150180741119	2.17616740190105
5382	3.26291245876743	0.901620404894854
5383	10.077260926972	9.54857071367694
5384	2.10557377058723	4.78333852543919
5385	10.5667360015893	9.43173334824323
5386	0.952814259871516	0.875916938444958
5387	11.0264112525838	7.95214886567156
5388	6.16182271281429	7.53417226804373
5389	9.46427431168132	10.2609569064035
5390	3.71954004943786	5.33444087708533
5391	7.18671848980617	7.37552220882487
5392	4.47088475688388	3.35997618955378
5393	-1.25301883204675	-0.222634575314652
5394	11.7883713990251	10.0566870557669
5395	-0.0173755688770831	2.04559505406633
5396	3.9909090801482	5.86837187188314
5397	3.20664267301305	-0.104627039169621
5398	7.0543894547932	8.97710932792175
5399	3.63951363795564	2.47758985164209
5400	7.63206394165678	8.25997396476595
5401	0.933196336220535	1.85993549844051
5402	3.83277344408565	3.18484111552784
5403	4.20298313540266	5.67930253337891
5404	13.0890550842129	9.84674593248801
5405	2.07919871608019	1.06676185210167
5406	8.13973945137633	9.7247365187568
5407	11.3109613281212	10.2999266301134
5408	8.40622292010059	6.77218636483987
5409	7.70093123009355	6.37845299375018
5410	-0.869341528701938	-0.671718993498877
5411	4.49525723569331	1.12010645979287
5412	1.89836750317081	0.754531712858496
5413	6.00179299880979	7.09808463906284
5414	-0.820155155790156	3.33371410447511
5415	10.4879588762689	8.12726955320796
5416	4.88252368699216	4.74536362664072
5417	7.57904157297518	7.47829637290033
5418	12.7905455593364	10.8868632540215
5419	5.20286454340831	3.28315444659334
5420	9.51714529827255	8.22176185480527
5421	12.0544175164873	10.176029154294
5422	3.10998285685403	1.196755418027
5423	6.96921515976092	6.65880225365143
5424	-3.47204224019094	0.120735048432951
5425	3.44629952051981	1.88121056091
5426	3.52111163146665	3.3586969899408
5427	-1.15090701550391	-1.27313443178527
5428	0.647150717041725	3.31239237175072
5429	8.4799900384284	9.36809656209891
5430	3.92007108065157	2.78997497083963
5431	7.50232048871051	4.55126502248708
5432	5.98921445041507	6.0112578167944
5433	5.6978389077052	4.69369304308943
5434	1.12700113576673	0.874586907317465
5435	6.17436070962664	8.84221741745442
5436	6.19161173170902	6.86748821452329
5437	7.74229842129755	8.43046853518707
5438	0.176696717231899	-0.0981223718819839
5439	9.8845820964505	7.55400698703306
5440	5.46164465263741	3.6713640443632
5441	8.5223083368831	8.76234890025724
5442	6.25799896556609	6.60146947448244
5443	9.78911989828251	8.28995542725976
5444	6.74976213704334	5.4330363899207
5445	3.97912357327344	5.14327978966855
5446	7.0572844663492	8.36977976540412
5447	0.00913835227917714	-1.14959943020782
5448	6.26382662946961	4.49099353339175
5449	7.56307243974195	7.66091373556947
5450	9.07499413069979	7.16902667288383
5451	5.52764722636056	4.49583455242027
5452	8.11046093548606	9.26269874420742
5453	4.93940466953885	4.00468897389785
5454	-0.321158867783989	1.6025554775557
5455	2.71419596914147	-0.561208618446083
5456	4.15439371908288	-0.20347168511426
5457	2.06081753325998	2.49076692930507
5458	3.13534190568576	5.00552275559631
5459	8.08350017189722	6.78718926042962
5460	3.61185303849989	3.61613552369386
5461	14.7577466121226	9.90475675262869
5462	2.44476046765507	2.20906794711451
5463	5.88826744001823	4.26526562369177
5464	3.04474040781165	2.69112674888682
5465	5.32389918708107	6.64881967130504
5466	2.47378596763627	1.76683401094654
5467	1.1326257215254	4.50733729173452
5468	11.1268377708767	8.083392994813
5469	0.317469648841269	-0.392600977672592
5470	13.8490793011679	9.43806648894161
5471	4.01989431193118	2.77411741065512
5472	7.65339134041168	8.99217420082631
5473	4.38165457688311	2.86869359429581
5474	1.1371039062817	2.70827917283413
5475	2.20894814040502	4.48007245359471
5476	10.2892725011752	9.64779673510414
5477	8.48548990112927	9.30159512057015
5478	3.68208522494342	3.40685714860315
5479	8.4765310343228	8.22021441613664
5480	9.34837407423894	10.4980466304527
5481	3.07857635164949	3.96196970183541
5482	7.2798189143299	7.41487117532745
5483	6.15610641991942	3.53118693333734
5484	-0.142907778321387	2.60360945142641
5485	9.27293815158678	7.96877244592855
5486	2.0982078041663	1.07931713152601
5487	9.65965434419219	7.39755471975641
5488	-0.148064794940074	0.0727274433471317
5489	2.68589978734744	1.6111454663687
5490	1.25385013463343	0.341305073246064
5491	0.79051291917728	1.5383345506901
5492	2.12294813924888	-0.707159418679364
5493	9.02826433377465	6.54216872090224
5494	10.9156578513234	9.44984580955381
5495	11.5206430384198	8.24002275951414
5496	9.68467876178348	8.46860650978085
5497	1.91010902651787	4.21815154711044
5498	2.77447815608451	3.65657161628812
5499	6.28121768345242	8.63713399229386
5500	5.31239821044149	6.07795920550015
5501	5.61595378247751	6.69670656159206
5502	3.32259900951617	2.94964025514218
5503	0.421278453547899	1.91898208864805
5504	11.2282662788883	10.8965310277043
5505	5.29274988542538	6.43287348825246
5506	5.09307216135443	1.2099977831358
5507	1.98588312896555	0.168171971493632
5508	6.55776487074047	4.50202831153575
5509	10.8572643536451	10.0439208760791
5510	9.5494837667534	6.00125585746741
5511	9.44257543115604	10.6913197237306
5512	6.85822068188835	7.6544364597189
5513	6.14528742208058	2.99350302946433
5514	2.87629157998856	3.92237989460106
5515	0.363777240928913	0.402286525998919
5516	-1.62868495311718	-1.27702106580148
5517	6.9468070560279	7.4527907111386
5518	-0.320015776978275	-0.157267227135828
5519	5.34378884586512	4.1064316746433
5520	6.32655157710804	6.51498825957417
5521	9.89014851630298	10.8860247460729
5522	7.6332005846152	4.71919657532186
5523	4.38303547533982	4.57946692585335
5524	0.722194958329392	0.715828900871621
5525	7.85746985167533	7.94061037575504
5526	5.87207848473772	4.20101518143435
5527	4.9869085969998	4.91276180472046
5528	1.41527301647559	1.13962351191731
5529	0.380576755278162	1.40199474730069
5530	5.50000341126558	5.96336635207012
5531	6.01878726025075	5.70439055856701
5532	-1.25301640912889	-0.481858198945923
5533	0.489479340289447	-0.99787371975983
5534	3.67675774278389	6.54847210448254
5535	10.7564981171972	10.1003484432663
5536	3.10420942118442	5.99294786347046
5537	5.12885672243312	5.53076759852784
5538	4.25577287807814	5.09740115835313
5539	9.51695312516895	10.802224683781
5540	4.97790831229541	4.86891989168397
5541	3.36473809271818	7.0454592538522
5542	8.57166123582939	6.03580598026456
5543	-1.46352073935419	1.5288808815034
5544	1.17093031712545	1.76868744503658
5545	5.51987527026427	7.62358164893331
5546	2.92921197445074	4.18455368268968
5547	5.27585431224622	0.736761326127509
5548	7.99517047483296	7.83967004172106
5549	-2.31274937607482	-0.134856350123126
5550	6.09332831950654	9.30414859691014
5551	7.27611386265936	6.19864609473472
5552	5.64879480072828	5.4842756598807
5553	2.30919107955057	2.64617394200801
5554	2.57885305050109	4.19152042332701
5555	2.03037105120919	4.77943506249982
5556	-0.979988259671014	0.808087141056995
5557	7.3556248410648	5.1421740691936
5558	-1.3392244410917	-0.504085528471954
5559	-0.435782502973813	2.01213209526815
5560	5.2909754756972	1.20367722154537
5561	3.26768652644564	2.09955030017495
5562	9.26383503353843	9.6837823805464
5563	6.47178997731563	4.10582243830034
5564	10.1326639801678	8.25332226892141
5565	8.32894232197286	9.5039009711525
5566	8.36969544311348	3.69435122524266
5567	-0.744352294156173	-0.646589025842393
5568	0.176860599782797	2.72956113602016
5569	7.39591215553284	7.55419339896811
5570	3.46646068043498	2.75600378778041
5571	11.1809262679119	6.39460904681606
5572	9.2989793838667	9.00676601045973
5573	10.1875775873683	9.19959686473518
5574	3.54200550161921	3.42387885243601
5575	2.89792494252289	3.28885477988182
5576	9.67589305531378	9.6881482657102
5577	8.30706836619223	6.56736448117659
5578	12.0434338018991	7.76983511430509
5579	8.31842623588073	6.08255913056341
5580	12.2527961347413	9.78304300494444
5581	0.0621150180741119	2.21064346895078
5582	3.26291245876743	0.937250069033358
5583	10.077260926972	9.57637399187093
5584	2.10557377058723	4.81545483249175
5585	10.5667360015893	9.45964237635851
5586	0.952814259871516	0.911569866883749
5587	11.0264112525838	7.98139707104409
5588	6.16182271281429	7.5637987855439
5589	9.46427431168132	10.2881154012823
5590	3.71954004943786	5.36605837940964
5591	7.18671848980617	7.40529232106644
5592	4.47088475688388	3.39338078699563
5593	-1.25301883204675	-0.185987343934408
5594	11.7883713990251	10.0840304360251
5595	-0.0173755688770831	2.08018930261952
5596	3.9909090801482	5.89950611133629
5597	3.20664267301305	-0.068086616836411
5598	7.0543894547932	9.00542983787926
5599	3.63951363795564	2.51179310014427
5600	7.63206394165678	8.28894355652988
5601	0.933196336220535	1.89132573838512
5602	3.83277344408565	3.21512567744284
5603	4.20298313540266	5.70750538384982
5604	13.0890550842129	9.87147091212299
5605	2.07919871608019	1.09881402197028
5606	8.13973945137633	9.74956331932636
5607	11.3109613281212	10.3242734153062
5608	8.40622292010059	6.79947716721787
5609	7.70093123009355	6.40607237978902
5610	-0.869341528701938	-0.638216003246476
5611	4.49525723569331	1.15211411180303
5612	1.89836750317081	0.786844449216284
5613	6.00179299880979	7.12510346843608
5614	-0.820155155790156	3.36387442690394
5615	10.4879588762689	8.15342949336427
5616	4.88252368699216	4.77434588035128
5617	7.57904157297518	7.50499790287104
5618	12.7905455593364	10.9107202209801
5619	5.20286454340831	3.31335696274691
5620	9.51714529827255	8.24784293797698
5621	12.0544175164873	10.2004793360723
5622	3.10998285685403	1.2286991039191
5623	6.96921515976092	6.68618767886069
5624	-3.47204224019094	0.15357670929529
5625	3.44629952051981	1.91258304610374
5626	3.52111163146665	3.38883646331652
5627	-1.15090701550391	-1.23912954024405
5628	0.647150717041725	3.34257048787831
5629	8.4799900384284	9.39322099063493
5630	3.92007108065157	2.82058906175291
5631	7.50232048871051	4.5804092579716
5632	5.98921445041507	6.0391836394839
5633	5.6978389077052	4.72271841762933
5634	1.12700113576673	0.906799453601981
5635	6.17436070962664	8.867780709717
5636	6.19161173170902	6.89469948432174
5637	7.74229842129755	8.45637544565684
5638	0.176696717231899	-0.0650980671858969
5639	9.8845820964505	7.58064533396525
5640	5.46164465263741	3.70124258662942
5641	8.5223083368831	8.78797884546746
5642	6.25799896556609	6.62890274581258
5643	9.78911989828251	8.31597960061551
5644	6.74976213704334	5.46144475772111
5645	3.97912357327344	5.17192996903855
5646	7.0572844663492	8.39573732268113
5647	0.00913835227917714	-1.11569763275524
5648	6.26382662946961	4.52018806744882
5649	7.56307243974195	7.68746286524606
5650	9.07499413069979	7.19598629875822
5651	5.52764722636056	4.52502504648512
5652	8.11046093548606	9.28791113074596
5653	4.93940466953885	4.03428934536718
5654	-0.321158867783989	1.63416050973205
5655	2.71419596914147	-0.527797852796071
5656	4.15439371908288	-0.170359462894409
5657	2.06081753325998	2.52163071933167
5658	3.13534190568576	5.03428789781652
5659	8.08350017189722	6.8144675423897
5660	3.61185303849989	3.64606015600689
5661	14.7577466121226	9.92943332029493
5662	2.44476046765507	2.24016682435905
5663	5.88826744001823	4.29464853523567
5664	3.04474040781165	2.72182333194586
5665	5.32389918708107	6.67621342731299
5666	2.47378596763627	1.79830194719488
5667	1.1326257215254	4.53651818637887
5668	11.1268377708767	8.1095895514241
5669	0.317469648841269	-0.35933092073543
5670	13.8490793011679	9.46313252523455
5671	4.01989431193118	2.8047447352325
5672	7.65339134041168	9.01761234914005
5673	4.38165457688311	2.89924199188622
5674	1.1371039062817	2.73896144162197
5675	2.20894814040502	4.50927610165796
5676	10.2892725011752	9.67268774449529
5677	8.48548990112927	9.32677504678229
5678	3.68208522494342	3.43695643071646
5679	8.4765310343228	8.24629679069765
5680	9.34837407423894	10.5222280778819
5681	3.07857635164949	3.9916057239654
5682	7.2798189143299	7.44162563574587
5683	6.15610641991942	3.56118245808889
5684	-0.142907778321387	2.63437907059592
5685	9.27293815158678	7.9950646572195
5686	2.0982078041663	1.11135882359421
5687	9.65965434419219	7.4243236313359
5688	-0.148064794940074	0.105609168160829
5689	2.68589978734744	1.64274332991223
5690	1.25385013463343	0.373962661048948
5691	0.79051291917728	1.56999317737686
5692	2.12294813924888	-0.673626852207361
5693	9.02826433377465	6.56965148069368
5694	10.9156578513234	9.47490201560992
5695	11.5206430384198	8.2660886033504
5696	9.68467876178348	8.49448159283586
5697	1.91010902651787	4.24757377692628
5698	2.77447815608451	3.68646250333009
5699	6.28121768345242	8.66286843353076
5700	5.31239821044149	6.10582936365092
5701	5.61595378247751	6.72406035438918
5702	3.32259900951617	2.98012110003803
5703	0.421278453547899	1.95032305223918
5704	11.2282662788883	10.9203799265826
5705	5.29274988542538	6.46044745856934
5706	5.09307216135443	1.24193041783152
5707	1.98588312896555	0.200974044657841
5708	6.55776487074047	4.53121363670156
5709	10.8572643536451	10.0684813066321
5710	9.5494837667534	6.02919002712633
5711	9.44257543115604	10.7153398783023
5712	6.85822068188835	7.68099099489873
5713	6.14528742208058	3.02394726940867
5714	2.87629157998856	3.95204895574869
5715	0.363777240928913	0.434893222740846
5716	-1.62868495311718	-1.24301293073424
5717	6.9468070560279	7.47951352643672
5718	-0.320015776978275	-0.124193564080795
5719	5.34378884586512	4.13594713842756
5720	6.32655157710804	6.54249370236925
5721	9.89014851630298	10.9098824127944
5722	7.6332005846152	4.74820066631152
5723	4.38303547533982	4.60858762590671
5724	0.722194958329392	0.748173936019863
5725	7.85746985167533	7.96692608923502
5726	5.87207848473772	4.23045171212022
5727	4.9869085969998	4.94160435905522
5728	1.41527301647559	1.171614876295
5729	0.380576755278162	1.43376715411128
5730	5.50000341126558	5.99133214178796
5731	6.01878726025075	5.7325724722422
5732	-1.25301640912889	-0.448513653873701
5733	0.489479340289447	-0.964098542484874
5734	3.67675774278389	6.57594960388966
5735	10.7564981171972	10.124861783128
5736	3.10420942118442	6.02088896642812
5737	5.12885672243312	5.55909440636747
5738	4.25577287807814	5.12608962497471
5739	9.51695312516895	10.826152284456
5740	4.97790831229541	4.89779903356081
5741	3.36473809271818	7.07252200086869
5742	8.57166123582939	6.06371131669099
5743	-1.46352073935419	1.56054739759313
5744	1.17093031712545	1.80015383453221
5745	5.51987527026427	7.65016193348423
5746	2.92921197445074	4.21400395104657
5747	5.27585431224622	0.769088892467095
5748	7.99517047483296	7.86606999328427
5749	-2.31274937607482	-0.101801389694164
5750	6.09332831950654	9.32932639216091
5751	7.27611386265936	6.22641553564181
5752	5.64879480072828	5.51264126679738
5753	2.30919107955057	2.67690803968718
5754	2.57885305050109	4.22096487770594
5755	2.03037105120919	4.80838888245812
5756	-0.979988259671014	0.840355183619571
5757	7.3556248410648	5.17082517132431
5758	-1.3392244410917	-0.470722433950174
5759	-0.435782502973813	2.04339532206471
5760	5.2909754756972	1.23561513096104
5761	3.26768652644564	2.13074057355709
5762	9.26383503353843	9.70864335871341
5763	6.47178997731563	4.1353384105127
5764	10.1326639801678	8.27937701387245
5765	8.32894232197286	9.52891206636917
5766	8.36969544311348	3.72421058393796
5767	-0.744352294156173	-0.613107007388106
5768	0.176860599782797	2.76022564429826
5769	7.39591215553284	7.58083159033331
5770	3.46646068043498	2.78664622878163
5771	11.1809262679119	6.42221495008851
5772	9.2989793838667	9.03219198142053
5773	10.1875775873683	9.22486191190167
5774	3.54200550161921	3.45396392936843
5775	2.89792494252289	3.3190525389167
5776	9.67589305531378	9.71300560040009
5777	8.30706836619223	6.59482621426378
5778	12.0434338018991	7.79629334544984
5779	8.31842623588073	6.11042544992293
5780	12.2527961347413	9.80782114680207
5781	0.0621150180741119	2.24174103136968
5782	3.26291245876743	0.969410320814567
5783	10.077260926972	9.601324605929
5784	2.10557377058723	4.84437859274784
5785	10.5667360015893	9.48469040685212
5786	0.952814259871516	0.943751549652152
5787	11.0264112525838	8.00767874666334
5788	6.16182271281429	7.59042896089288
5789	9.46427431168132	10.3124720433404
5790	3.71954004943786	5.39452264259893
5791	7.18671848980617	7.43205477535897
5792	4.47088475688388	3.42349131558322
5793	-1.25301883204675	-0.15288971298178
5794	11.7883713990251	10.1085573938094
5795	-0.0173755688770831	2.11139573340136
5796	3.9909090801482	5.9275251945599
5797	3.20664267301305	-0.0350873779820173
5798	7.0543894547932	9.03085692392074
5799	3.63951363795564	2.54263934312838
5800	7.63206394165678	8.31496857432558
5801	0.933196336220535	1.91963695082766
5802	3.83277344408565	3.24242282809941
5803	4.20298313540266	5.73289331322466
5804	13.0890550842129	9.89366914629105
5805	2.07919871608019	1.12773231696574
5806	8.13973945137633	9.77185493756828
5807	11.3109613281212	10.3461247921422
5808	8.40622292010059	6.82402862060853
5809	7.70093123009355	6.43092519046909
5810	-0.869341528701938	-0.607967102532062
5811	4.49525723569331	1.18099157768021
5812	1.89836750317081	0.816001720217695
5813	6.00179299880979	7.14940548444664
5814	-0.820155155790156	3.39105763253144
5815	10.4879588762689	8.17694378753361
5816	4.88252368699216	4.80044863178101
5817	7.57904157297518	7.5290089108393
5818	12.7905455593364	10.9321223658154
5819	5.20286454340831	3.34057886593619
5820	9.51714529827255	8.27128490923449
5821	12.0544175164873	10.222425542075
5822	3.10998285685403	1.25751790389701
5823	6.96921515976092	6.71082591465517
5824	-3.47204224019094	0.183219078230609
5825	3.44629952051981	1.94087797495026
5826	3.52111163146665	3.41600054743897
5827	-1.15090701550391	-1.20842032567362
5828	0.647150717041725	3.36977001282251
5829	8.4799900384284	9.41578557545404
5830	3.92007108065157	2.84818843670587
5831	7.50232048871051	4.60666056940036
5832	5.98921445041507	6.06431749553968
5833	5.6978389077052	4.74886071690577
5834	1.12700113576673	0.935864836258036
5835	6.17436070962664	8.89074779410872
5836	6.19161173170902	6.91917799518529
5837	7.74229842129755	8.47965767612504
5838	0.176696717231899	-0.0352881882455961
5839	9.8845820964505	7.60459839422795
5840	5.46164465263741	3.72816736033795
5841	8.5223083368831	8.81100705995791
5842	6.25799896556609	6.65358486320866
5843	9.78911989828251	8.33936937759218
5844	6.74976213704334	5.48702117530374
5845	3.97912357327344	5.19772816173615
5846	7.0572844663492	8.419066003373
5847	0.00913835227917714	-1.08508296991945
5848	6.26382662946961	4.54648550972123
5849	7.56307243974195	7.71133410077578
5850	9.07499413069979	7.22023401685912
5851	5.52764722636056	4.55131878351821
5852	8.11046093548606	9.31055638538643
5853	4.93940466953885	4.0609589974512
5854	-0.321158867783989	1.66266871676824
5855	2.71419596914147	-0.497633534973337
5856	4.15439371908288	-0.140468951257447
5857	2.06081753325998	2.54945910338313
5858	3.13534190568576	5.06019152756729
5859	8.08350017189722	6.83900751280157
5860	3.61185303849989	3.67302720075087
5861	14.7577466121226	9.95158715389958
5862	2.44476046765507	2.26821081635217
5863	5.88826744001823	4.32111874607688
5864	3.04474040781165	2.74949836376312
5865	5.32389918708107	6.70085930361798
5866	2.47378596763627	1.82668441804215
5867	1.1326257215254	4.56280311939737
5868	11.1268377708767	8.13313742801666
5869	0.317469648841269	-0.329295652531873
5870	13.8490793011679	9.48564355617928
5871	4.01989431193118	2.83235624731099
5872	7.65339134041168	9.0404646589836
5873	4.38165457688311	2.9267811168509
5874	1.1371039062817	2.76662334524547
5875	2.20894814040502	4.53558190275197
5876	10.2892725011752	9.69503825122965
5877	8.48548990112927	9.34939053075202
5878	3.68208522494342	3.46408365381584
5879	8.4765310343228	8.26973994634022
5880	9.34837407423894	10.5439278168059
5881	3.07857635164949	4.01830807270401
5882	7.2798189143299	7.46568518835632
5883	6.15610641991942	3.58821452113919
5884	-0.142907778321387	2.66212108676725
5885	9.27293815158678	8.01870026256573
5886	2.0982078041663	1.14026750897755
5887	9.65965434419219	7.44839643768733
5888	-0.148064794940074	0.135288281357117
5889	2.68589978734744	1.67124496230695
5890	1.25385013463343	0.403436209178914
5891	0.79051291917728	1.59855053809385
5892	2.12294813924888	-0.643350825952538
5893	9.02826433377465	6.59437898594782
5894	10.9156578513234	9.49740403084912
5895	11.5206430384198	8.28951659800052
5896	9.68467876178348	8.51773463310203
5897	1.91010902651787	4.27408004813589
5898	2.77447815608451	3.7133985989289
5899	6.28121768345242	8.68599248552961
5900	5.31239821044149	6.13091216751967
5901	5.61595378247751	6.7486695788264
5902	3.32259900951617	3.00759826970989
5903	0.421278453547899	1.97858907135629
5904	11.2282662788883	10.9417746718569
5905	5.29274988542538	6.48525861666439
5906	5.09307216135443	1.2707390823128
5907	1.98588312896555	0.230580106123179
5908	6.55776487074047	4.55750263312947
5909	10.8572643536451	10.0905286262196
5910	9.5494837667534	6.05433153852345
5911	9.44257543115604	10.7368916890602
5912	6.85822068188835	7.70486718803285
5913	6.14528742208058	3.05139086720741
5914	2.87629157998856	3.97878160589905
5915	0.363777240928913	0.464320096632215
5916	-1.62868495311718	-1.21230074139566
5917	6.9468070560279	7.50354405603473
5918	-0.320015776978275	-0.0943384166045498
5919	5.34378884586512	4.16253891825902
5920	6.32655157710804	6.56724201111821
5921	9.89014851630298	10.9312851994104
5922	7.6332005846152	4.77432344558811
5923	4.38303547533982	4.63481735204508
5924	0.722194958329392	0.777360829540901
5925	7.85746985167533	7.99058324938395
5926	5.87207848473772	4.25697109923285
5927	4.9869085969998	4.96757898656937
5928	1.41527301647559	1.20047740412944
5929	0.380576755278162	1.46242886715551
5930	5.50000341126558	6.01650265321272
5931	6.01878726025075	5.7579411996397
5932	-1.25301640912889	-0.418410069605929
5933	0.489479340289447	-0.933600008106031
5934	3.67675774278389	6.60067228463379
5935	10.7564981171972	10.1468659139489
5936	3.10420942118442	6.04603683663233
5937	5.12885672243312	5.58459602203012
5938	4.25577287807814	5.15192293245045
5939	9.51695312516895	10.8476192103131
5940	4.97790831229541	4.92380721698119
5941	3.36473809271818	7.09686429551602
5942	8.57166123582939	6.08882638397105
5943	-1.46352073935419	1.58911199399886
5944	1.17093031712545	1.82853488679037
5945	5.51987527026427	7.67406174240209
5946	2.92921197445074	4.24053593752975
5947	5.27585431224622	0.798259764641204
5948	7.99517047483296	7.88980441156698
5949	-2.31274937607482	-0.0719633951484189
5950	6.09332831950654	9.35193992174027
5951	7.27611386265936	6.25140596767603
5952	5.64879480072828	5.5381784666539
5953	2.30919107955057	2.70461747767122
5954	2.57885305050109	4.24749153195612
5955	2.03037105120919	4.83446555615021
5956	-0.979988259671014	0.869471464144025
5957	7.3556248410648	5.19662421032285
5958	-1.3392244410917	-0.440601837236243
5959	-0.435782502973813	2.07159004564132
5960	5.2909754756972	1.26442863310011
5961	3.26768652644564	2.1588683886235
5962	9.26383503353843	9.73096632260441
5963	6.47178997731563	4.16193065664401
5964	10.1326639801678	8.30279482928861
5965	8.32894232197286	9.55137270864338
5966	8.36969544311348	3.75111776362214
5967	-0.744352294156173	-0.582877340753127
5968	0.176860599782797	2.78787125904403
5969	7.39591215553284	7.60478450791927
5970	3.46646068043498	2.81427160474033
5971	11.1809262679119	6.44705539518131
5972	9.2989793838667	9.05503312292397
5973	10.1875775873683	9.24755546372178
5974	3.54200550161921	3.48107812432515
5975	2.89792494252289	3.34627007916111
5976	9.67589305531378	9.7353252227117
5977	8.30706836619223	6.61953443508185
5978	12.0434338018991	7.8200812142805
5979	8.31842623588073	6.13550473308186
5980	12.2527961347413	9.83006813818245
5981	0.0621150180741119	2.26978381748332
5982	3.26291245876743	0.998427742078606
5983	10.077260926972	9.6237297785004
5984	2.10557377058723	4.87042769747817
5985	10.5667360015893	9.50718492395417
5986	0.952814259871516	0.972788626136397
5987	11.0264112525838	8.03130468932136
5988	6.16182271281429	7.61437452666801
5989	9.46427431168132	10.334332460304
5990	3.71954004943786	5.42015032409053
5991	7.18671848980617	7.45612165947284
5992	4.47088475688388	3.45062885327644
5993	-1.25301883204675	-0.123012583582779
5994	11.7883713990251	10.1305740141747
5995	-0.0173755688770831	2.13953836706882
5996	3.9909090801482	5.952744583602
5997	3.20664267301305	-0.00530048793316047
5998	7.0543894547932	9.05369908810953
5999	3.63951363795564	2.57045163408153
6000	7.63206394165678	8.33835912577209
6001	0.933196336220535	1.94516494083905
6002	3.83277344408565	3.26702402139015
6003	4.20298313540266	5.75574958323028
6004	13.0890550842129	9.91361021024279
6005	2.07919871608019	1.15381514705391
6006	8.13973945137633	9.7918813494294
6007	11.3109613281212	10.3657488475622
6008	8.40622292010059	6.84612039755293
6009	7.70093123009355	6.4532923914078
6010	-0.869341528701938	-0.580668171971652
6011	4.49525723569331	1.20703709219901
6012	1.89836750317081	0.842302961236738
6013	6.00179299880979	7.17126928933936
6014	-0.820155155790156	3.41555468633015
6015	10.4879588762689	8.19808765797133
6016	4.88252368699216	4.82395820984488
6017	7.57904157297518	7.55060675038058
6018	12.7905455593364	10.9513358478849
6019	5.20286454340831	3.36511128717883
6020	9.51714529827255	8.29236268050702
6021	12.0544175164873	10.2421362661397
6022	3.10998285685403	1.28350980100925
6023	6.96921515976092	6.73299700594549
6024	-3.47204224019094	0.209963672091219
6025	3.44629952051981	1.96639108265012
6026	3.52111163146665	3.44048012523333
6027	-1.15090701550391	-1.18070069355624
6028	0.647150717041725	3.39428198157948
6029	8.4799900384284	9.43606146375937
6030	3.92007108065157	2.87306584638763
6031	7.50232048871051	4.63030592313571
6032	5.98921445041507	6.0869415565003
6033	5.6978389077052	4.77240643952723
6034	1.12700113576673	0.962082096381318
6035	6.17436070962664	8.91139154489454
6036	6.19161173170902	6.94120310667019
6037	7.74229842129755	8.50058945309845
6038	0.176696717231899	-0.00839049944990498
6039	9.8845820964505	7.62614327275225
6040	5.46164465263741	3.75242822157096
6041	8.5223083368831	8.83170668029313
6042	6.25799896556609	6.67579605987028
6043	9.78911989828251	8.36039944616159
6044	6.74976213704334	5.51004971316846
6045	3.97912357327344	5.22095938986306
6046	7.0572844663492	8.4400402332971
6047	0.00913835227917714	-1.0574497528892
6048	6.26382662946961	4.57017302451147
6049	7.56307243974195	7.73280419599273
6050	9.07499413069979	7.24204819644762
6051	5.52764722636056	4.5750029119234
6052	8.11046093548606	9.33090600147337
6053	4.93940466953885	4.08498669154565
6054	-0.321158867783989	1.68837674900772
6055	2.71419596914147	-0.470411908525668
6056	4.15439371908288	-0.113497568610083
6057	2.06081753325998	2.57454581479031
6058	3.13534190568576	5.08351911936402
6059	8.08350017189722	6.86108879493468
6060	3.61185303849989	3.69732669538628
6061	14.7577466121226	9.97148763817744
6062	2.44476046765507	2.2934945815642
6063	5.88826744001823	4.34496416184041
6064	3.04474040781165	2.77444491965935
6065	5.32389918708107	6.72303737791483
6066	2.47378596763627	1.85227753431776
6067	1.1326257215254	4.58647920141727
6068	11.1268377708767	8.1543119909429
6069	0.317469648841269	-0.302191970341161
6070	13.8490793011679	9.50587049918776
6071	4.01989431193118	2.85724474965821
6072	7.65339134041168	9.06100351214255
6073	4.38165457688311	2.95160346135584
6074	1.1371039062817	2.79155790269436
6075	2.20894814040502	4.55927705704559
6076	10.2892725011752	9.71511848393526
6077	8.48548990112927	9.36971293808266
6078	3.68208522494342	3.4885295426617
6079	8.4765310343228	8.29081880007558
6080	9.34837407423894	10.5634132835111
6081	3.07857635164949	4.04236564974313
6082	7.2798189143299	7.48732739503165
6083	6.15610641991942	3.61257343893195
6084	-0.142907778321387	2.68712886268039
6085	9.27293815158678	8.03995500474961
6086	2.0982078041663	1.16634155640857
6087	9.65965434419219	7.47005075755324
6088	-0.148064794940074	0.162066457452104
6089	2.68589978734744	1.69694698568561
6090	1.25385013463343	0.430026510104969
6091	0.79051291917728	1.62430349409518
6092	2.12294813924888	-0.61602710413952
6093	9.02826433377465	6.61663166461635
6094	10.9156578513234	9.51762273399841
6095	11.5206430384198	8.31058159542231
6096	9.68467876178348	8.53863973183563
6097	1.91010902651787	4.29795842109359
6098	2.77447815608451	3.73766980774717
6099	6.28121768345242	8.70677969607849
6100	5.31239821044149	6.15348956958813
6101	5.61595378247751	6.77081415533118
6102	3.32259900951617	3.03236399048342
6103	0.421278453547899	2.0040757571529
6104	11.2282662788883	10.9609813911345
6105	5.29274988542538	6.5075877494304
6106	5.09307216135443	1.29672171613836
6107	1.98588312896555	0.257291516952362
6108	6.55776487074047	4.58118242888216
6109	10.8572643536451	10.1103317625418
6110	9.5494837667534	6.07696259604518
6111	9.44257543115604	10.7562419575546
6112	6.85822068188835	7.72634181422766
6113	6.14528742208058	3.07612590513464
6114	2.87629157998856	4.00286687676258
6115	0.363777240928913	0.490867739870279
6116	-1.62868495311718	-1.18457839050374
6117	6.9468070560279	7.52515973727234
6118	-0.320015776978275	-0.0673993548558081
6119	5.34378884586512	4.18649544139595
6120	6.32655157710804	6.58951370303727
6121	9.89014851630298	10.9504992680322
6122	7.6332005846152	4.79785132800289
6123	4.38303547533982	4.65844297801173
6124	0.722194958329392	0.803689143914277
6125	7.85746985167533	8.01185769147245
6126	5.87207848473772	4.28086145940481
6127	4.9869085969998	4.99097146641848
6128	1.41527301647559	1.22650926609845
6129	0.380576755278162	1.48827719544679
6130	5.50000341126558	6.03916021516532
6131	6.01878726025075	5.78077992009374
6132	-1.25301640912889	-0.391243950288449
6133	0.489479340289447	-0.906072926100853
6134	3.67675774278389	6.62292055396541
6135	10.7564981171972	10.1666295781128
6136	3.10420942118442	6.06867370575413
6137	5.12885672243312	5.6075561950525
6138	4.25577287807814	5.17518625355403
6139	9.51695312516895	10.866891898675
6140	4.97790831229541	4.94723036508372
6141	3.36473809271818	7.11876491286829
6142	8.57166123582939	6.11143327302365
6143	-1.46352073935419	1.6148715630219
6144	1.17093031712545	1.85412670655352
6145	5.51987527026427	7.69555795212488
6146	2.92921197445074	4.2644378128337
6147	5.27585431224622	0.824573436384319
6148	7.99517047483296	7.9111494633422
6149	-2.31274937607482	-0.0450400102351093
6150	6.09332831950654	9.37226054286557
6151	7.27611386265936	6.27389894696619
6152	5.64879480072828	5.5611711616731
6153	2.30919107955057	2.72959547891228
6154	2.57885305050109	4.27138853389227
6155	2.03037105120919	4.85795130059557
6156	-0.979988259671014	0.89573524212073
6157	7.3556248410648	5.2198562119223
6158	-1.3392244410917	-0.413420169478295
6159	-0.435782502973813	2.09701157123365
6160	5.2909754756972	1.29041568827891
6161	3.26768652644564	2.18422876351604
6162	9.26383503353843	9.75102138266544
6163	6.47178997731563	4.18588760595336
6164	10.1326639801678	8.32385052345019
6165	8.32894232197286	9.5715535991773
6166	8.36969544311348	3.77536254488418
6167	-0.744352294156173	-0.555595989083857
6168	0.176860599782797	2.81279092935422
6169	7.39591215553284	7.62632925604486
6170	3.46646068043498	2.83917277791184
6171	11.1809262679119	6.4694112946531
6172	9.2989793838667	9.07556176883408
6173	10.1875775873683	9.2679492207756
6174	3.54200550161921	3.50551210616489
6175	2.89792494252289	3.37079851291202
6176	9.67589305531378	9.75537722875288
6177	8.30706836619223	6.64176948883605
6178	12.0434338018991	7.84147511691791
6179	8.31842623588073	6.1580789174151
6180	12.2527961347413	9.85005376354565
6181	0.0621150180741119	2.29506648058781
6182	3.26291245876743	1.02460116812644
6183	10.077260926972	9.64385997277561
6184	2.10557377058723	4.8938882454082
6185	10.5667360015893	9.52739677421834
6186	0.952814259871516	0.998980015974881
6187	11.0264112525838	8.05255060033945
6188	6.16182271281429	7.6359125556427
6189	9.46427431168132	10.3539647779035
6190	3.71954004943786	5.44322571434965
6191	7.18671848980617	7.47777056673922
6192	4.47088475688388	3.47508416909399
6193	-1.25301883204675	-0.096053431565174
6194	11.7883713990251	10.1503490930956
6195	-0.0173755688770831	2.16491228534801
6196	3.9909090801482	5.97544681700963
6197	3.20664267301305	0.021576190279649
6198	7.0543894547932	9.07422866869782
6199	3.63951363795564	2.59552363728163
6200	7.63206394165678	8.35938990216435
6201	0.933196336220535	1.9681787372825
6202	3.83277344408565	3.28919312786675
6203	4.20298313540266	5.77632835262537
6204	13.0890550842129	9.93153203745177
6205	2.07919871608019	1.17733462919482
6206	8.13973945137633	9.80988096340771
6207	11.3109613281212	10.3833817506519
6208	8.40622292010059	6.86600240183851
6209	7.70093123009355	6.4734254193315
6210	-0.869341528701938	-0.556040326103618
6211	4.49525723569331	1.23052256463061
6212	1.89836750317081	0.86602150485234
6213	6.00179299880979	7.19094351806803
6214	-0.820155155790156	3.43762887923821
6215	10.4879588762689	8.2171057326617
6216	4.88252368699216	4.84513240944571
6217	7.57904157297518	7.57003857615412
6218	12.7905455593364	10.968594551129
6219	5.20286454340831	3.38721771425904
6220	9.51714529827255	8.31132051188792
6221	12.0544175164873	10.2598481597277
6222	3.10998285685403	1.30694640610633
6223	6.96921515976092	6.75295129796228
6224	-3.47204224019094	0.234086291043631
6225	3.44629952051981	1.98939131523546
6226	3.52111163146665	3.46253839037082
6227	-1.15090701550391	-1.15568941691391
6228	0.647150717041725	3.41636976810015
6229	8.4799900384284	9.4542884525705
6230	3.92007108065157	2.89548669869908
6231	7.50232048871051	4.65160386977286
6232	5.98921445041507	6.10730868870876
6233	5.6978389077052	4.79361358156785
6234	1.12700113576673	0.985724099134748
6235	6.17436070962664	8.92995380652173
6236	6.19161173170902	6.96102435152113
6237	7.74229842129755	8.51941422410384
6238	0.176696717231899	0.0158716514546144
6239	9.8845820964505	7.64552682942999
6240	5.46164465263741	3.77428714667968
6241	8.5223083368831	8.85031986187588
6242	6.25799896556609	6.69578690424425
6243	9.78911989828251	8.37931380091614
6244	6.74976213704334	5.53078548887243
6245	3.97912357327344	5.24187989909816
6246	7.0572844663492	8.45890369626233
6247	0.00913835227917714	-1.03251723565059
6248	6.26382662946961	4.59150939707229
6249	7.56307243974195	7.75211959456419
6250	9.07499413069979	7.26167719627589
6251	5.52764722636056	4.59633619810573
6252	8.11046093548606	9.34920018637617
6253	4.93940466953885	4.10663310625358
6254	-0.321158867783989	1.71155463738233
6255	2.71419596914147	-0.445854518246196
6256	4.15439371908288	-0.0891682525379063
6257	2.06081753325998	2.59715742637354
6258	3.13534190568576	5.10452745522092
6259	8.08350017189722	6.88096123416505
6260	3.61185303849989	3.71922083128789
6261	14.7577466121226	9.98937248074606
6262	2.44476046765507	2.31628578956611
6263	5.88826744001823	4.36644444661513
6264	3.04474040781165	2.79692879238542
6265	5.32389918708107	6.7429980342998
6266	2.47378596763627	1.87535068736094
6267	1.1326257215254	4.60780515405949
6268	11.1268377708767	8.17335803901354
6269	0.317469648841269	-0.277742075403741
6270	13.8490793011679	9.52405287886264
6271	4.01989431193118	2.87967571191396
6272	7.65339134041168	9.07947016923101
6273	4.38165457688311	2.97397412682336
6274	1.1371039062817	2.81403083993927
6275	2.20894814040502	4.58062039231109
6276	10.2892725011752	9.73316715066304
6277	8.48548990112927	9.38798232470667
6278	3.68208522494342	3.51055710342123
6279	8.4765310343228	8.30977761802179
6280	9.34837407423894	10.5809198757344
6281	3.07857635164949	4.0640393000066
6282	7.2798189143299	7.50679965736712
6283	6.15610641991942	3.63452173357593
6284	-0.142907778321387	2.70966853182104
6285	9.27293815158678	8.05907412883894
6286	2.0982078041663	1.18985303396528
6287	9.65965434419219	7.48953405994778
6288	-0.148064794940074	0.186219683522355
6289	2.68589978734744	1.72011939753625
6290	1.25385013463343	0.454008505238939
6291	0.79051291917728	1.64752232634676
6292	2.12294813924888	-0.591376663324959
6293	9.02826433377465	6.63666031602421
6294	10.9156578513234	9.53579760379952
6295	11.5206430384198	8.32952778461316
6296	9.68467876178348	8.55744018807921
6297	1.91010902651787	4.31946874331949
6298	2.77447815608451	3.7595381637281
6299	6.28121768345242	8.7254727080847
6300	5.31239821044149	6.17381417650793
6301	5.61595378247751	6.7907442815597
6302	3.32259900951617	3.05468304862782
6303	0.421278453547899	2.02705190860362
6304	11.2282662788883	10.9782339307159
6305	5.29274988542538	6.52768608171609
6306	5.09307216135443	1.32014987860164
6307	1.98588312896555	0.281383892623704
6308	6.55776487074047	4.60251176625024
6309	10.8572643536451	10.1281278814026
6310	9.5494837667534	6.09733610497556
6311	9.44257543115604	10.7736253290437
6312	6.85822068188835	7.74566134236869
6313	6.14528742208058	3.09841699868677
6314	2.87629157998856	4.02456576739979
6315	0.363777240928913	0.514810856445173
6316	-1.62868495311718	-1.15956463594848
6317	6.9468070560279	7.54460782411105
6318	-0.320015776978275	-0.0430994963099446
6319	5.34378884586512	4.20807699032219
6320	6.32655157710804	6.6095596832742
6321	9.89014851630298	10.9677585058648
6322	7.6332005846152	4.81904221033601
6323	4.38303547533982	4.67972294460221
6324	0.722194958329392	0.827432362402226
6325	7.85746985167533	8.0309947702129
6326	5.87207848473772	4.30238270687396
6327	4.9869085969998	5.01203894176691
6328	1.41527301647559	1.24998229548663
6329	0.380576755278162	1.51158295076861
6330	5.50000341126558	6.05955788044665
6331	6.01878726025075	5.80134269468672
6332	-1.25301640912889	-0.366737149652762
6333	0.489479340289447	-0.881237141175605
6334	3.67675774278389	6.64294518666824
6335	10.7564981171972	10.1843897217319
6336	3.10420942118442	6.08905251142345
6337	5.12885672243312	5.62822966249066
6338	4.25577287807814	5.19613601258554
6339	9.51695312516895	10.884204563009
6340	4.97790831229541	4.96832579172436
6341	3.36473809271818	7.13847269276794
6342	8.57166123582939	6.13178475461736
6343	-1.46352073935419	1.63809642243452
6344	1.17093031712545	1.87719867794485
6345	5.51987527026427	7.71489715166646
6346	2.92921197445074	4.28596955528654
6347	5.27585431224622	0.84830330946157
6348	7.99517047483296	7.93035089631764
6349	-2.31274937607482	-0.0207544396828333
6350	6.09332831950654	9.39052830152769
6351	7.27611386265936	6.29414661028854
6352	5.64879480072828	5.58187426992009
6353	2.30919107955057	2.75210801117792
6354	2.57885305050109	4.29291583471859
6355	2.03037105120919	4.87910377804529
6356	-0.979988259671014	0.91941964161898
6357	7.3556248410648	5.24077742610648
6358	-1.3392244410917	-0.38889919786922
6359	-0.435782502973813	2.11992833515141
6360	5.2909754756972	1.31384788039901
6361	3.26768652644564	2.20708979419542
6362	9.26383503353843	9.76904710684301
6363	6.47178997731563	4.20746954329658
6364	10.1326639801678	8.34278823357505
6365	8.32894232197286	9.58969400625739
6366	8.36969544311348	3.79720681457835
6367	-0.744352294156173	-0.530984164758244
6368	0.176860599782797	2.83525029834148
6369	7.39591215553284	7.64571269387619
6370	3.46646068043498	2.86161528845851
6371	11.1809262679119	6.48953402232919
6372	9.2989793838667	9.09401912295407
6373	10.1875775873683	9.28628363610975
6374	3.54200550161921	3.52752881478351
6375	2.89792494252289	3.39290130576027
6376	9.67589305531378	9.77340016947226
6377	8.30706836619223	6.66178207675558
6378	12.0434338018991	7.86072107296108
6379	8.31842623588073	6.17840059166521
6380	12.2527961347413	9.86801620438254
6381	0.0621150180741119	2.31785668412007
6382	3.26291245876743	1.04820322015182
6383	10.077260926972	9.66195417487878
6384	2.10557377058723	4.91501775855168
6385	10.5667360015893	9.54556539824497
6386	0.952814259871516	1.02259844034319
6387	11.0264112525838	8.07166167563343
6388	6.16182271281429	7.65528986958598
6389	9.46427431168132	10.3716052112101
6390	3.71954004943786	5.46400419170175
6391	7.18671848980617	7.49724893604713
6392	4.47088475688388	3.49712032167116
6393	-1.25301883204675	-0.0717352625870852
6394	11.7883713990251	10.1681196402157
6395	-0.0173755688770831	2.18778565957863
6396	3.9909090801482	5.99588519621347
6397	3.20664267301305	0.0458191919703628
6398	7.0543894547932	9.09268687469099
6399	3.63951363795564	2.61812184368692
6400	7.63206394165678	8.37830490203433
6401	0.933196336220535	1.98892257346453
6402	3.83277344408565	3.30916881907121
6403	4.20298313540266	5.79485782155923
6404	13.0890550842129	9.94764533373524
6405	2.07919871608019	1.19853832632462
6406	8.13973945137633	9.82606499749859
6407	11.3109613281212	10.3992323048409
6408	8.40622292010059	6.88389824584439
6409	7.70093123009355	6.49154953945577
6410	-0.869341528701938	-0.533828704097563
6411	4.49525723569331	1.25169533397811
6412	1.89836750317081	0.88740622469818
6413	6.00179299880979	7.20865041493735
6414	-0.820155155790156	3.45751825785007
6415	10.4879588762689	8.23421593553818
6416	4.88252368699216	4.86420335127493
6417	7.57904157297518	7.58752503639008
6418	12.7905455593364	10.9841048151011
6419	5.20286454340831	3.40713640601348
6420	9.51714529827255	8.32837593064549
6421	12.0544175164873	10.2757705463722
6422	3.10998285685403	1.32807473642999
6423	6.96921515976092	6.77091287905495
6424	-3.47204224019094	0.255838469309379
6425	3.44629952051981	2.01012281670309
6426	3.52111163146665	3.4824132845713
6427	-1.15090701550391	-1.13312911026013
6428	0.647150717041725	3.43627150848457
6429	8.4799900384284	9.47067925700635
6430	3.92007108065157	2.91569132277388
6431	7.50232048871051	4.67078734480143
6432	5.98921445041507	6.12564569881351
6433	5.6978389077052	4.81271448062476
6434	1.12700113576673	1.00703921417745
6435	6.17436070962664	8.94664950167475
6436	6.19161173170902	6.97886494205367
6437	7.74229842129755	8.53634864028865
6438	0.176696717231899	0.0377507174216835
6439	9.8845820964505	7.66296939466902
6440	5.46164465263741	3.79398076485233
6441	8.5223083368831	8.86706186266725
6442	6.25799896556609	6.71378172535477
6443	9.78911989828251	8.39632968285726
6444	6.74976213704334	5.54945773635504
6445	3.97912357327344	5.26072013973766
6446	7.0572844663492	8.47587329817894
6447	0.00913835227917714	-1.01002855129941
6448	6.26382662946961	4.61072781590444
6449	7.56307243974195	7.76950017811871
6450	9.07499413069979	7.2793429628441
6451	5.52764722636056	4.61555181024403
6452	8.11046093548606	9.36565209765874
6453	4.93940466953885	4.12613347151281
6454	-0.321158867783989	1.73244769564314
6455	2.71419596914147	-0.42370696721129
6456	4.15439371908288	-0.0672281078458273
6457	2.06081753325998	2.61753552329907
6458	3.13534190568576	5.12344756371854
6459	8.08350017189722	6.89884837989178
6460	3.61185303849989	3.73894646948538
6461	14.7577466121226	10.0054521439016
6462	2.44476046765507	2.33682720805627
6463	5.88826744001823	4.3857937364753
6464	3.04474040781165	2.81719072602571
6465	5.32389918708107	6.76096540302775
6466	2.47378596763627	1.89614850130493
6467	1.1326257215254	4.627014097216
6468	11.1268377708767	8.19049368034959
6469	0.317469648841269	-0.255692278586773
6470	13.8490793011679	9.5404031165991
6471	4.01989431193118	2.89988952977966
6472	7.65339134041168	9.0960789234363
6473	4.38165457688311	2.99413311193756
6474	1.1371039062817	2.83428282906115
6475	2.20894814040502	4.59984514289434
6476	10.2892725011752	9.74939579239059
6477	8.48548990112927	9.40441168490654
6478	3.68208522494342	3.53040407564484
6479	8.4765310343228	8.32683393394307
6480	9.34837407423894	10.5966555652257
6481	3.07857635164949	4.0835644327616
6482	7.2798189143299	7.5243228898428
6483	6.15610641991942	3.65429662270284
6484	-0.142907778321387	2.7299812056587
6485	9.27293815158678	8.07627622411542
6486	2.0982078041663	1.21104945187858
6487	9.65965434419219	7.50706733204305
6488	-0.148064794940074	0.207999695318474
6489	2.68589978734744	1.74100747555041
6490	1.25385013463343	0.475632802880907
6491	0.79051291917728	1.66845261818994
6492	2.12294813924888	-0.569144493904618
6493	9.02826433377465	6.65468951813172
6494	10.9156578513234	9.55214101219973
6495	11.5206430384198	8.34657261618469
6496	9.68467876178348	8.57435249288245
6497	1.91010902651787	4.33884534866601
6498	2.77447815608451	3.77924035815644
6499	6.28121768345242	8.74228730514362
6500	5.31239821044149	6.19211251492462
6501	5.61595378247751	6.8086838867445
6502	3.32259900951617	3.07479510302471
6503	0.421278453547899	2.04776151114581
6504	11.2282662788883	10.9937385895704
6505	5.29274988542538	6.54577865028756
6506	5.09307216135443	1.34127053135483
6507	1.98588312896555	0.303108568225315
6508	6.55776487074047	4.62172378741202
6509	10.8572643536451	10.1441268609071
6510	9.5494837667534	6.11567891394985
6511	9.44257543115604	10.7892489639449
6512	6.85822068188835	7.76304568127517
6513	6.14528742208058	3.11850362261574
6514	2.87629157998856	4.04411385327025
6515	0.363777240928913	0.536399798665552
6516	-1.62868495311718	-1.13700207592785
6517	6.9468070560279	7.56210907185015
6518	-0.320015776978275	-0.0211861397315847
6519	5.34378884586512	4.22751836787424
6520	6.32655157710804	6.62760464388903
6521	9.89014851630298	10.9832692559815
6522	7.6332005846152	4.83812832312442
6523	4.38303547533982	4.69889006891859
6524	0.722194958329392	0.848839521107305
6525	7.85746985167533	8.04821319310735
6526	5.87207848473772	4.32176924742874
6527	4.9869085969998	5.03101283059243
6528	1.41527301647559	1.27114374936731
6529	0.380576755278162	1.53259228879732
6530	5.50000341126558	6.07792265674669
6531	6.01878726025075	5.81985761825198
6532	-1.25301640912889	-0.344635603876963
6533	0.489479340289447	-0.858836423348944
6534	3.67675774278389	6.66097073424189
6535	10.7564981171972	10.2003559860363
6536	3.10420942118442	6.10740013715131
6537	5.12885672243312	5.64684524802235
6538	4.25577287807814	5.21500285243314
6539	9.51695312516895	10.8997638981691
6540	4.97790831229541	4.987325098923
6541	3.36473809271818	7.15621010043352
6542	8.57166123582939	6.15010753235097
6543	-1.46352073935419	1.65903219526322
6544	1.17093031712545	1.89799541731713
6545	5.51987527026427	7.73229937937019
6546	2.92921197445074	4.3053656397797
6547	5.27585431224622	0.869698332104184
6548	7.99517047483296	7.94762784172843
6549	-2.31274937607482	0.0011459236661235
6550	6.09332831950654	9.40695618129001
6551	7.27611386265936	6.31237497766229
6552	5.64879480072828	5.60051681023914
6553	2.30919107955057	2.77239600725797
6554	2.57885305050109	4.31230788008115
6555	2.03037105120919	4.89815496616376
6556	-0.979988259671014	0.940773311454418
6557	7.3556248410648	5.25961830781326
6558	-1.3392244410917	-0.366784765279961
6559	-0.435782502973813	2.14058393180155
6560	5.2909754756972	1.33497219764542
6561	3.26768652644564	2.22769470809941
6562	9.26383503353843	9.78525488505209
6563	6.47178997731563	4.22691127406762
6564	10.1326639801678	8.35982535444536
6565	8.32894232197286	9.60600607491509
6566	8.36969544311348	3.81688710539597
6567	-0.744352294156173	-0.508787112437903
6568	0.176860599782797	2.85548994874812
6569	7.39591215553284	7.66315515103854
6570	3.46646068043498	2.88183960812016
6571	11.1809262679119	6.50764877560433
6572	9.2989793838667	9.1106194172169
6573	10.1875775873683	9.30277213218083
6574	3.54200550161921	3.54736591827674
6575	2.89792494252289	3.41281669261335
6576	9.67589305531378	9.78960541645743
6577	8.30706836619223	6.67979667103257
6578	12.0434338018991	7.87803850680218
6579	8.31842623588073	6.19669626316791
6580	12.2527961347413	9.88416643392617
6581	0.0621150180741119	2.33839718916464
6582	3.26291245876743	1.06948200476289
6583	10.077260926972	9.67822422560995
6584	2.10557377058723	4.93404806336718
6585	10.5667360015893	9.56190312685676
6586	0.952814259871516	1.04389211365126
6587	11.0264112525838	8.08885645148862
6588	6.16182271281429	7.67272675780111
6589	9.46427431168132	10.3874626132348
6590	3.71954004943786	5.48271527125037
6591	7.18671848980617	7.5147777220873
6592	4.47088475688388	3.51697510713018
6593	-1.25301883204675	-0.0498052548501902
6594	11.7883713990251	10.184095365266
6595	-0.0173755688770831	2.20840179847317
6596	3.9909090801482	6.01428699697967
6597	3.20664267301305	0.0676808440068935
6598	7.0543894547932	9.10928794363108
6599	3.63951363795564	2.6384877501988
6600	7.63206394165678	8.39532137063114
6601	0.933196336220535	2.00761784819061
6602	3.83277344408565	3.3271668077195
6603	4.20298313540266	5.81154299728273
6604	13.0890550842129	9.96213722095224
6605	2.07919871608019	1.21765104130737
6606	8.13973945137633	9.84062109718813
6607	11.3109613281212	10.4134856870753
6608	8.40622292010059	6.90000824649845
6609	7.70093123009355	6.50786675849164
6610	-0.869341528701938	-0.513801042061605
6611	4.49525723569331	1.27077997416686
6612	1.89836750317081	0.90668326363454
6613	6.00179299880979	7.22458889821957
6614	-0.820155155790156	3.4754378959644
6615	10.4879588762689	8.24961276792629
6616	4.88252368699216	4.88138005076343
6617	7.57904157297518	7.60326341760827
6618	12.7905455593364	10.9980492977949
6619	5.20286454340831	3.42508265322742
6620	9.51714529827255	8.34372303257317
6621	12.0544175164873	10.2900891347494
6622	3.10998285685403	1.34711903695171
6623	6.96921515976092	6.78708255276131
6624	-3.47204224019094	0.275449069810087
6625	3.44629952051981	2.02880689455245
6626	3.52111163146665	3.50031977441455
6627	-1.15090701550391	-1.11278492861201
6628	0.647150717041725	3.45420236803777
6629	8.4799900384284	9.48542305314261
6630	3.92007108065157	2.93389712597268
6631	7.50232048871051	4.68806619666415
6632	5.98921445041507	6.14215616941494
6633	5.6978389077052	4.8299183738832
6634	1.12700113576673	1.02625306912954
6635	6.17436070962664	8.96167006334164
6636	6.19161173170902	6.99492478618932
6637	7.74229842129755	8.55158590174114
6638	0.176696717231899	0.0574765006420045
6639	9.8845820964505	7.67866793006235
6640	5.46164465263741	3.81172270079738
6641	8.5223083368831	8.88212445842652
6642	6.25799896556609	6.72998157279441
6643	9.78911989828251	8.41164089511246
6644	6.74976213704334	5.5662725197661
6645	3.97912357327344	5.27768741947805
6646	7.0572844663492	8.49114249959281
6647	0.00913835227917714	-0.98974938502718
6648	6.26382662946961	4.62803838811741
6649	7.56307243974195	7.78514244943827
6650	9.07499413069979	7.29524410996299
6651	5.52764722636056	4.63285983467161
6652	8.11046093548606	9.38045136373195
6653	4.93940466953885	4.14369998150317
6654	-0.321158867783989	1.75127842719192
6655	2.71419596914147	-0.40373746580578
6656	4.15439371908288	-0.0474468802161282
6657	2.06081753325998	2.63589879703694
6658	3.13534190568576	5.14048734376441
6659	8.08350017189722	6.91495048465493
6660	3.61185303849989	3.75671747171113
6661	14.7577466121226	10.0199135005384
6662	2.44476046765507	2.35533873747052
6663	5.88826744001823	4.40322310728553
6664	3.04474040781165	2.8354485521672
6665	5.32389918708107	6.77714033047868
6666	2.47378596763627	1.91489277451831
6667	1.1326257215254	4.64431606785388
6668	11.1268377708767	8.20591360458131
6669	0.317469648841269	-0.235811513887489
6670	13.8490793011679	9.55511008818332
6671	4.01989431193118	2.91810367867177
6672	7.65339134041168	9.11102056417784
6673	4.38165457688311	3.01229748622287
6674	1.1371039062817	2.85253162803401
6675	2.20894814040502	4.61716146277476
6676	10.2892725011752	9.76399238480601
6677	8.48548990112927	9.41919048016178
6678	3.68208522494342	3.54828521922364
6679	8.4765310343228	8.342181850274
6680	9.34837407423894	10.6108046786607
6681	3.07857635164949	4.10115342552604
6682	7.2798189143299	7.54009465118006
6683	6.15610641991942	3.67211233261842
6684	-0.142907778321387	2.74828509137779
6685	9.27293815158678	8.09175647212563
6686	2.0982078041663	1.2301555591291
6687	9.65965434419219	7.52284820687732
6688	-0.148064794940074	0.227635561796036
6689	2.68589978734744	1.75983368626425
6690	1.25385013463343	0.495127319333442
6691	0.79051291917728	1.68731714864305
6692	2.12294813924888	-0.549098179887151
6693	9.02826433377465	6.67092057503212
6694	10.9156578513234	9.56684178443196
6695	11.5206430384198	8.36191010756015
6696	9.68467876178348	8.58956968265709
6697	1.91010902651787	4.35629951519695
6698	2.77447815608451	3.79699007922522
6699	6.28121768345242	8.75741580039862
6700	5.31239821044149	6.20858788117664
6701	5.61595378247751	6.8248336117497
6702	3.32259900951617	3.09291687580021
6703	0.421278453547899	2.06642571017506
6704	11.2282662788883	11.0076779842006
6705	5.29274988542538	6.56206722829974
6706	5.09307216135443	1.36030786253721
6707	1.98588312896555	0.322694203094059
6708	6.55776487074047	4.6390285521191
6709	10.8572643536451	10.1585149766997
6710	9.5494837667534	6.13219464849378
6711	9.44257543115604	10.8032963594647
6712	6.85822068188835	7.77869136152758
6713	6.14528742208058	3.13660231080205
6714	2.87629157998856	4.06172368179918
6715	0.363777240928913	0.555862221120251
6716	-1.62868495311718	-1.11665584877871
6717	6.9468070560279	7.57786087647196
6718	-0.320015776978275	-0.00142922909840553
6719	5.34378884586512	4.2450313315834
6720	6.32655157710804	6.64385000562521
6721	9.89014851630298	10.9972141799746
6722	7.6332005846152	4.85531879409999
6723	4.38303547533982	4.71615407836964
6724	0.722194958329392	0.868136928990419
6725	7.85746985167533	8.06370826256537
6726	5.87207848473772	4.33923243267699
6727	4.9869085969998	5.0481014299042
6728	1.41527301647559	1.29021811790459
6729	0.380576755278162	1.55152857367997
6730	5.50000341126558	6.09445833220133
6731	6.01878726025075	5.8365295903703
6732	-1.25301640912889	-0.324707863893604
6733	0.489479340289447	-0.838637108972703
6734	3.67675774278389	6.67719847372741
6735	10.7564981171972	10.2147144045007
6736	3.10420942118442	6.12392024411882
6737	5.12885672243312	5.66360859636495
6738	4.25577287807814	5.23199427769037
6739	9.51695312516895	10.9137529253919
6740	4.97790831229541	5.00443677184483
6741	3.36473809271818	7.17217627998932
6742	8.57166123582939	6.16660508347164
6743	-1.46352073935419	1.6779017010986
6744	1.17093031712545	1.91673871508459
6745	5.51987527026427	7.74796129823591
6746	2.92921197445074	4.32283748856877
6747	5.27585431224622	0.888984723437503
6748	7.99517047483296	7.96317603518917
6749	-2.31274937607482	0.0208910396534574
6750	6.09332831950654	9.42173363267329
6751	7.27611386265936	6.32878682747469
6752	5.64879480072828	5.61730462687678
6753	2.30919107955057	2.79067749166311
6754	2.57885305050109	4.32977606233639
6755	2.03037105120919	4.91531373415769
6756	-0.979988259671014	0.960022164643815
6757	7.3556248410648	5.27658616948452
6758	-1.3392244410917	-0.34684532725017
6759	-0.435782502973813	2.15919910680831
6760	5.2909754756972	1.35401285528332
6761	3.26768652644564	2.2462638756801
6762	9.26383503353843	9.79983253854141
6763	6.47178997731563	4.24442455841246
6764	10.1326639801678	8.37515584640696
6765	8.32894232197286	9.6206783983951
6766	8.36969544311348	3.83461694339156
6767	-0.744352294156173	-0.488772676081084
6768	0.176860599782797	2.87372754721247
6769	7.39591215553284	7.67885358832492
6770	3.46646068043498	2.90006329005137
6771	11.1809262679119	6.52395749185274
6772	9.2989793838667	9.12555337841842
6773	10.1875775873683	9.31760460821365
6774	3.54200550161921	3.56523810348375
6775	2.89792494252289	3.43075993979243
6776	9.67589305531378	9.80418077222011
6777	8.30706836619223	6.69601446762777
6778	12.0434338018991	7.89362345376596
6779	8.31842623588073	6.21316920852016
6780	12.2527961347413	9.89869184742906
6781	0.0621150180741119	2.35690788939572
6782	3.26291245876743	1.08866288064863
6783	10.077260926972	9.6928584071818
6784	2.10557377058723	4.95118787447556
6785	10.5667360015893	9.57659874324275
6786	0.952814259871516	1.06308650479968
6787	11.0264112525838	8.10433005527059
6788	6.16182271281429	7.68842013985771
6789	9.46427431168132	10.4017222116142
6790	3.71954004943786	5.49956530459445
6791	7.18671848980617	7.53055452469062
6792	4.47088475688388	3.53486334319859
6793	-1.25301883204675	-0.0300332290742132
6794	11.7883713990251	10.1984623717529
6795	-0.0173755688770831	2.2269811555752
6796	3.9909090801482	6.03085628151274
6797	3.20664267301305	0.0873908196756735
6798	7.0543894547932	9.12422260804838
6799	3.63951363795564	2.65683995804939
6800	7.63206394165678	8.41063311542494
6801	0.933196336220535	2.02446502293783
6802	3.83277344408565	3.34338193387027
6803	4.20298313540266	5.82656813614857
6804	13.0890550842129	9.97517427348407
6805	2.07919871608019	1.23487660096249
6806	8.13973945137633	9.8537163545292
6807	11.3109613281212	10.4263065489441
6808	8.40622292010059	6.91451202317604
6809	7.70093123009355	6.52255836637876
6810	-0.869341528701938	-0.495746137006894
6811	4.49525723569331	1.28798008568139
6812	1.89836750317081	0.924057773236538
6813	6.00179299880979	7.23893720454202
6814	-0.820155155790156	3.49158200198928
6815	10.4879588762689	8.26347009974303
6816	4.88252368699216	4.89685072685665
6817	7.57904157297518	7.61743034324245
6818	12.7905455593364	11.0105901604965
6819	5.20286454340831	3.4412508788276
6820	9.51714529827255	8.35753528666827
6821	12.0544175164873	10.3029691021308
6822	3.10998285685403	1.36428258294349
6823	6.96921515976092	6.80164041953212
6824	-3.47204224019094	0.293125933245459
6825	3.44629952051981	2.04564391999303
6826	3.52111163146665	3.51645196230919
6827	-1.15090701550391	-1.09444311724582
6828	0.647150717041725	3.47035664563341
6829	8.4799900384284	9.49868844621345
6830	3.92007108065157	2.95030062372465
6831	7.50232048871051	4.70362946784395
6832	5.98921445041507	6.15702294841857
6833	5.6978389077052	4.8454136995208
6834	1.12700113576673	1.04357030618611
6835	6.17436070962664	8.97518632799985
6836	6.19161173170902	7.00938309894891
6837	7.74229842129755	8.56529859194074
6838	0.176696717231899	0.0752577704015317
6839	9.8845820964505	7.69279873781252
6840	5.46164465263741	3.82770573031398
6841	8.5223083368831	8.89567882450384
6842	6.25799896556609	6.74456679027016
6843	9.78911989828251	8.42542061734174
6844	6.74976213704334	5.58141514033654
6845	3.97912357327344	5.29296826895336
6846	7.0572844663492	8.50488414147868
6847	0.00913835227917714	-0.971466506254645
6848	6.26382662946961	4.64363041191899
6849	7.56307243974195	7.79922225713267
6850	9.07499413069979	7.30955857326121
6851	5.52764722636056	4.6484495490564
6852	8.11046093548606	9.39376703702049
6853	4.93940466953885	4.15952399776543
6854	-0.321158867783989	1.76824838553885
6855	2.71419596914147	-0.385735279923322
6856	4.15439371908288	-0.0296153533781294
6857	2.06081753325998	2.65244503252076
6858	3.13534190568576	5.15583391047943
6859	8.08350017189722	6.92944710417432
6860	3.61185303849989	3.77272684809238
6861	14.7577466121226	10.0329228789046
6862	2.44476046765507	2.37201935795808
6863	5.88826744001823	4.41892281499052
6864	3.04474040781165	2.85189920564041
6865	5.32389918708107	6.79170295945826
6866	2.47378596763627	1.93178436349681
6867	1.1326257215254	4.65990029483628
6868	11.1268377708767	8.21979186778878
6869	0.317469648841269	-0.2178897625819
6870	13.8490793011679	9.5683421019753
6871	4.01989431193118	2.93451474130122
6872	7.65339134041168	9.12446529168409
6873	4.38165457688311	3.0286634311146
6874	1.1371039062817	2.86897409891267
6875	2.20894814040502	4.63275869649701
6876	10.2892725011752	9.7771243464086
6877	8.48548990112927	9.43248759786435
6878	3.68208522494342	3.56439443222838
6879	8.4765310343228	8.35599484257748
6880	9.34837407423894	10.6235310270286
6881	3.07857635164949	4.11699782109351
6882	7.2798189143299	7.55429183391828
6883	6.15610641991942	3.68816223387677
6884	-0.142907778321387	2.76477749513442
6885	9.27293815158678	8.10568941527113
6886	2.0982078041663	1.2473751292657
6887	9.65965434419219	7.53705365046167
6888	-0.148064794940074	0.245335327345356
6889	2.68589978734744	1.77679954674164
6890	1.25385013463343	0.512698959443617
6891	0.79051291917728	1.70431774369812
6892	2.12294813924888	-0.531026367914164
6893	9.02826433377465	6.68553408203852
6894	10.9156578513234	9.58006817887795
6895	11.5206430384198	8.37571365025797
6896	9.68467876178348	8.60326417906764
6897	1.91010902651787	4.37202169875652
6898	2.77447815608451	3.81298016549611
6899	6.28121768345242	8.77102990047194
6900	5.31239821044149	6.22342284016338
6901	5.61595378247751	6.83937339620255
6902	3.32259900951617	3.10924420494247
6903	0.421278453547899	2.08324471664071
6904	11.2282662788883	11.0202142348735
6905	5.29274988542538	6.57673287479254
6906	5.09307216135443	1.37746509123501
6907	1.98588312896555	0.340348436660365
6908	6.55776487074047	4.65461531176001
6909	10.8572643536451	10.1714579665717
6910	9.5494837667534	6.14706619895001
6911	9.44257543115604	10.8159305065575
6912	6.85822068188835	7.79277425921802
6913	6.14528742208058	3.1529087151293
6914	2.87629157998856	4.07758696375506
6915	0.363777240928913	0.573404769919223
6916	-1.62868495311718	-1.09831218328681
6917	6.9468070560279	7.59203996962774
6918	-0.320015776978275	0.0163802558202005
6919	5.34378884586512	4.26080681130812
6920	6.32655157710804	6.65847647911934
6921	9.89014851630298	11.0097554426879
6922	7.6332005846152	4.87080195323189
6923	4.38303547533982	4.73170389578096
6924	0.722194958329392	0.88552990183816
6925	7.85746985167533	8.07765464047686
6926	5.87207848473772	4.35496279117048
6927	4.9869085969998	5.06349224839689
6928	1.41527301647559	1.30740891877447
6929	0.380576755278162	1.56859420988232
6930	5.50000341126558	6.10934795791394
6931	6.01878726025075	5.85154276094881
6932	-1.25301640912889	-0.306743532270819
6933	0.489479340289447	-0.820426611221954
6934	3.67675774278389	6.69180897369339
6935	10.7564981171972	10.2276304755008
6936	3.10420942118442	6.13879575791846
6937	5.12885672243312	5.67870459408737
6938	4.25577287807814	5.24729701364887
6939	9.51695312516895	10.926334165075
6940	4.97790831229541	5.01984850520062
6941	3.36473809271818	7.186549691346
6942	8.57166123582939	6.18146015172994
6943	-1.46352073935419	1.69490680604347
6944	1.17093031712545	1.93362941987903
6945	5.51987527026427	7.76205891526907
6946	2.92921197445074	4.3385757000497
6947	5.27585431224622	0.906367710434303
6948	7.99517047483296	7.97717056686771
6949	-2.31274937607482	0.038689833423065
6950	6.09332831950654	9.4350295322354
6951	7.27611386265936	6.34356421256487
6952	5.64879480072828	5.63242280366176
6953	2.30919107955057	2.80714958995331
6954	2.57885305050109	4.34551095032123
6955	2.03037105120919	4.93076815641144
6956	-0.979988259671014	0.977371125532917
6957	7.3556248410648	5.29186754644576
6958	-1.3392244410917	-0.328870392040045
6959	-0.435782502973813	2.17597367589655
6960	5.2909754756972	1.37117309921634
6961	3.26768652644564	2.2629967417572
6962	9.26383503353843	9.81294733312743
6963	6.47178997731563	4.26020032877448
6964	10.1326639801678	8.38895304455
6965	8.32894232197286	9.63387900572948
6966	8.36969544311348	3.85058900683237
6967	-0.744352294156173	-0.470729759322432
6968	0.176860599782797	2.89015986549249
6969	7.39591215553284	7.69298430714694
6970	3.46646068043498	2.91648299381703
6971	11.1809262679119	6.53864139246582
6972	9.2989793838667	9.13899114487576
6973	10.1875775873683	9.33095038436676
6974	3.54200550161921	3.5813391962542
6975	2.89792494252289	3.44692544603841
6976	9.67589305531378	9.81729348405279
6977	8.30706836619223	6.71061595495162
6978	12.0434338018991	7.90765130032165
6979	8.31842623588073	6.22800197310441
6980	12.2527961347413	9.91175928955651
6981	0.0621150180741119	2.37358775827777
6982	3.26291245876743	1.10595022413172
6983	10.077260926972	9.70602444113191
6984	2.10557377058723	4.96662511343356
6985	10.5667360015893	9.58982046421901
6986	0.952814259871516	1.08038609906918
6987	11.0264112525838	8.11825697581607
6988	6.16182271281429	7.70254627641287
6989	9.46427431168132	10.4145487080508
6990	3.71954004943786	5.51473987714471
6991	7.18671848980617	7.54475627703841
6992	4.47088475688388	3.55097898512575
6993	-1.25301883204675	-0.0122100431724743
6994	11.7883713990251	10.2113862272875
6995	-0.0173755688770831	2.24372325785083
6996	3.9909090801482	6.04577637186751
6997	3.20664267301305	0.105157760824487
6998	7.0543894547932	9.13766101192925
6999	3.63951363795564	2.67337616296077
7000	7.63206394165678	8.42441332036896
7001	0.933196336220535	2.03964542732497
7002	3.83277344408565	3.35799009450399
7003	4.20298313540266	5.84009890685649
7004	13.0890550842129	9.9869050718603
7005	2.07919871608019	1.25039958723519
7006	8.13973945137633	9.86549985033834
7007	11.3109613281212	10.4378416127562
7008	8.40622292010059	6.92757076331989
7009	7.70093123009355	6.53578716502279
7010	-0.869341528701938	-0.479472278527529
7011	4.49525723569331	1.30348003173286
7012	1.89836750317081	0.939715615716733
7013	6.00179299880979	7.25185518503533
7014	-0.820155155790156	3.50612586246692
7015	10.4879588762689	8.27594356205282
7016	4.88252368699216	4.91078487777412
7017	7.57904157297518	7.63018410540438
7018	12.7905455593364	11.0218717188421
7019	5.20286454340831	3.45581657667088
7020	9.51714529827255	8.36996793653932
7021	12.0544175164873	10.3145576788542
7022	3.10998285685403	1.3797494233254
7023	6.96921515976092	6.81474813172993
7024	-3.47204224019094	0.309057520645651
7025	3.44629952051981	2.06081513540743
7026	3.52111163146665	3.53098503235771
7027	-1.15090701550391	-1.07790949971394
7028	0.647150717041725	3.48490971524127
7029	8.4799900384284	9.51062597940064
7030	3.92007108065157	2.96507933211802
7031	7.50232048871051	4.7176474524416
7032	5.98921445041507	6.17041034337587
7033	5.6978389077052	4.85937016762697
7034	1.12700113576673	1.0591762952858
7035	6.17436070962664	8.98735099514413
7036	6.19161173170902	7.02240067699981
7037	7.74229842129755	8.57764109871586
7038	0.176696717231899	0.0912838851326131
7039	9.8845820964505	7.70551979958777
7040	5.46164465263741	3.84210375544573
7041	8.5223083368831	8.90787798788654
7042	6.25799896556609	6.75769926523169
7043	9.78911989828251	8.43782381353296
7044	6.74976213704334	5.59505227655492
7045	3.97912357327344	5.30673055476908
7046	7.0572844663492	8.51725286051297
7047	0.00913835227917714	-0.954986245076658
7048	6.26382662946961	4.65767442854691
7049	7.56307243974195	7.81189714451009
7050	9.07499413069979	7.32244591297891
7051	5.52764722636056	4.66249147478603
7052	8.11046093548606	9.40575009287898
7053	4.93940466953885	4.17377805557881
7054	-0.321158867783989	1.78353995566286
7055	2.71419596914147	-0.369509152294362
7056	4.15439371908288	-0.013543736925532
7057	2.06081753325998	2.66735297271036
7058	3.13534190568576	5.16965569532756
7059	8.08350017189722	6.94249936437487
7060	3.61185303849989	3.78714872713158
7061	14.7577466121226	10.0446286216625
7062	2.44476046765507	2.3870489675563
7063	5.88826744001823	4.43306432640194
7064	3.04474040781165	2.86672060785047
7065	5.32389918708107	6.80481498326161
7066	2.47378596763627	1.94700497961221
7067	1.1326257215254	4.67393725238506
7068	11.1268377708767	8.2322842809477
7069	0.317469648841269	-0.201736458758626
7070	13.8490793011679	9.58024941425237
7071	4.01989431193118	2.94930029877851
7072	7.65339134041168	9.13656519056754
7073	4.38165457688311	3.04340813992342
7074	1.1371039062817	2.88378809277052
7075	2.20894814040502	4.64680743007957
7076	10.2892725011752	9.78894107349854
7077	8.48548990112927	9.44445385387829
7078	3.68208522494342	3.57890670128579
7079	8.4765310343228	8.36842816080718
7080	9.34837407423894	10.6349805202679
7081	3.07857635164949	4.13127032990919
7082	7.2798189143299	7.5670729902377
7083	6.15610641991942	3.70262080330324
7084	-0.142907778321387	2.77963669718935
7085	9.27293815158678	8.11823133451734
7086	2.0982078041663	1.26289269275195
7087	9.65965434419219	7.54984228598066
7088	-0.148064794940074	0.261287649846806
7089	2.68589978734744	1.79208740673915
7090	1.25385013463343	0.52853527981704
7091	0.79051291917728	1.71963705166531
7092	2.12294813924888	-0.514737202259958
7093	9.02826433377465	6.69869216975719
7094	10.9156578513234	9.59197040351516
7095	11.5206430384198	8.38813841300974
7096	9.68467876178348	8.61559021356168
7097	1.91010902651787	4.38618355934277
7098	2.77447815608451	3.82738457966754
7099	6.28121768345242	8.78328314578168
7100	5.31239821044149	6.23678142593417
7101	5.61595378247751	6.85246473704291
7102	3.32259900951617	3.12395395184877
7103	0.421278453547899	2.09839961804713
7104	11.2282662788883	11.0314916175834
7105	5.29274988542538	6.589938168526
7106	5.09307216135443	1.39292621206934
7107	1.98588312896555	0.356259535444196
7108	6.55776487074047	4.66865456232552
7109	10.8572643536451	10.1831036025573
7110	9.5494837667534	6.16045791388202
7111	9.44257543115604	10.8272965226654
7112	6.85822068188835	7.80545194421407
7113	6.14528742208058	3.16759951713999
7114	2.87629157998856	4.09187657191699
7115	0.363777240928913	0.589214751619942
7116	-1.62868495311718	-1.08177688706777
7117	6.9468070560279	7.60480474801259
7118	-0.320015776978275	0.0324319159739362
7119	5.34378884586512	4.27501692514224
7120	6.32655157710804	6.67164630642838
7121	9.89014851630298	11.0210373631958
7122	7.6332005846152	4.88474740603492
7123	4.38303547533982	4.74570969961431
7124	0.722194958329392	0.901204460559961
7125	7.85746985167533	8.09020872328289
7126	5.87207848473772	4.36913205317316
7127	4.9869085969998	5.07735409789115
7128	1.41527301647559	1.32290043516044
7129	0.380576755278162	1.58397240476177
7130	5.50000341126558	6.12275603780998
7131	6.01878726025075	5.86506269581642
7132	-1.25301640912889	-0.290551677107237
7133	0.489479340289447	-0.80401188232711
7134	3.67675774278389	6.70496433889974
7135	10.7564981171972	10.2392517396953
7136	3.10420942118442	6.15219106117977
7137	5.12885672243312	5.69229951894146
7138	4.25577287807814	5.26107911503474
7139	9.51695312516895	10.9376522799061
7140	4.97790831229541	5.03372929058023
7141	3.36473809271818	7.19949040141911
7142	8.57166123582939	6.19483694402014
7143	-1.46352073935419	1.7102301971718
7144	1.17093031712545	1.94884923547245
7145	5.51987527026427	7.7747499268542
7146	2.92921197445074	4.35275207198513
7147	5.27585431224622	0.922033228172775
7148	7.99517047483296	7.98976824710051
7149	-2.31274937607482	0.0547318140311684
7150	6.09332831950654	9.44699468537012
7151	7.27611386265936	6.35687067211807
7152	5.64879480072828	5.64603780898131
7153	2.30919107955057	2.82199040785804
7154	2.57885305050109	4.3596843132319
7155	2.03037105120919	4.94468759143814
7156	-0.979988259671014	0.993005836735796
7157	7.3556248410648	5.30563030983636
7158	-1.3392244410917	-0.312668936607347
7159	-0.435782502973813	2.19108834461867
7160	5.2909754756972	1.38663694998241
7161	3.26768652644564	2.2780736534338
7162	9.26383503353843	9.82474851755489
7163	6.47178997731563	4.2744107057456
7164	10.1326639801678	8.40137206307283
7165	8.32894232197286	9.6457578832481
7166	8.36969544311348	3.86497710350545
7167	-0.744352294156173	-0.454466754798872
7168	0.176860599782797	2.90496466739709
7169	7.39591215553284	7.70570528840848
7170	3.46646068043498	2.9312763748007
7171	11.1809262679119	6.55186321310302
7172	9.2989793838667	9.15108474136922
7173	10.1875775873683	9.34296069473749
7174	3.54200550161921	3.5958441134191
7175	2.89792494252289	3.46148868183452
7176	9.67589305531378	9.82909278279837
7177	8.30706836619223	6.72376316029781
7178	12.0434338018991	7.92027914315658
7179	8.31842623588073	6.24135857210848
7180	12.2527961347413	9.92351760204537
7181	0.0621150180741119	2.38861668738787
7182	3.26291245876743	1.121529148207
7183	10.077260926972	9.71787201662202
7184	2.10557377058723	4.98052899105895
7185	10.5667360015893	9.60171845759318
7186	0.952814259871516	1.09597611475361
7187	11.0264112525838	8.13079344232454
7188	6.16182271281429	7.71526310898457
7189	9.46427431168132	10.4260888732844
7190	3.71954004943786	5.5284059420261
7191	7.18671848980617	7.55754157058802
7192	4.47088475688388	3.56549707479684
7193	-1.25301883204675	0.00385402156859463
7194	11.7883713990251	10.2230145394389
7195	-0.0173755688770831	2.25880853179096
7196	3.9909090801482	6.05921203382176
7197	3.20664267301305	0.121170902727178
7198	7.0543894547932	9.1497551855328
7199	3.63951363795564	2.68827502167713
7200	7.63206394165678	8.43681695360015
7201	0.933196336220535	2.05332295674247
7202	3.83277344408565	3.37115001885921
7203	4.20298313540266	5.85228431209055
7204	13.0890550842129	9.99746236881829
7205	2.07919871608019	1.26438698830644
7206	8.13973945137633	9.87610481309937
7207	11.3109613281212	10.4482218641797
7208	8.40622292010059	6.93932920817552
7209	7.70093123009355	6.54769943093815
7210	-0.869341528701938	-0.464805699653141
7211	4.49525723569331	1.31744659249773
7212	1.89836750317081	0.953824996722694
7213	6.00179299880979	7.26348631018278
7214	-0.820155155790156	3.51922762614131
7215	10.4879588762689	8.28717261227907
7216	4.88252368699216	4.92333514787083
7217	7.57904157297518	7.64166669203283
7218	12.7905455593364	11.0320226698807
7219	5.20286454340831	3.46893809264651
7220	9.51714529827255	8.38116007115964
7221	12.0544175164873	10.3249863336958
7222	3.10998285685403	1.39368603939965
7223	6.96921515976092	6.82655087271441
7224	-3.47204224019094	0.323414508996422
7225	3.44629952051981	2.07448435322908
7226	3.52111163146665	3.54407703588932
7227	-1.15090701550391	-1.06300796397064
7228	0.647150717041725	3.49801980874433
7229	8.4799900384284	9.52137027182003
7230	3.92007108065157	2.97839352007721
7231	7.50232048871051	4.73027355165307
7232	5.98921445041507	6.18246606259084
7233	5.6978389077052	4.87194062403376
7234	1.12700113576673	1.07323877394973
7235	6.17436070962664	8.99830073443
7236	6.19161173170902	7.0341218899808
7237	7.74229842129755	8.58875169723812
7238	0.176696717231899	0.105726375203064
7239	9.8845820964505	7.71697280811145
7240	5.46164465263741	3.8550736083516
7241	8.5223083368831	8.9188589296583
7242	6.25799896556609	6.7695244045941
7243	9.78911989828251	8.44898930675493
7244	6.74976213704334	5.60733389136111
7245	3.97912357327344	5.31912536970152
7246	7.0572844663492	8.52838716850862
7247	0.00913835227917714	-0.940132971142622
7248	6.26382662946961	4.67032407421141
7249	7.56307243974195	7.82330838743665
7250	9.07499413069979	7.33404932297793
7251	5.52764722636056	4.67513922919433
7252	8.11046093548606	9.4165355613968
7253	4.93940466953885	4.18661768738161
7254	-0.321158867783989	1.79731803654609
7255	2.71419596914147	-0.354885746857256
7256	4.15439371908288	0.000939910293876998
7257	2.06081753325998	2.68078405322022
7258	3.13534190568576	5.18210432823561
7259	8.08350017189722	6.95425194800188
7260	3.61185303849989	3.80014015633806
7261	14.7577466121226	10.0551632553502
7262	2.44476046765507	2.40059010029731
7263	5.88826744001823	4.44580215790191
7264	3.04474040781165	2.88007341315675
7265	5.32389918708107	6.81662162417307
7266	2.47378596763627	1.96071888128191
7267	1.1326257215254	4.68658051298186
7268	11.1268377708767	8.2435304725676
7269	0.317469648841269	-0.187178923801107
7270	13.8490793011679	9.59096637129943
7271	4.01989431193118	2.96262068186082
7272	7.65339134041168	9.1474563457632
7273	4.38165457688311	3.05669157462934
7274	1.1371039062817	2.89713419708516
7275	2.20894814040502	4.65946134231681
7276	10.2892725011752	9.79957609456787
7277	8.48548990112927	9.45522412662589
7278	3.68208522494342	3.5919798899361
7279	8.4765310343228	8.37962089997024
7280	9.34837407423894	10.6452833715251
7281	3.07857635164949	4.14412665098494
7282	7.2798189143299	7.57858035538842
7283	6.15610641991942	3.71564541964384
7284	-0.142907778321387	2.79302369315466
7285	9.27293815158678	8.12952230530911
7286	2.0982078041663	1.27687518881253
7287	9.65965434419219	7.56135641620578
7288	-0.148064794940074	0.275663393480292
7289	2.68589978734744	1.80586213174431
7290	1.25385013463343	0.542806097379521
7291	0.79051291917728	1.73344022194088
7292	2.12294813924888	-0.500056777762722
7293	9.02826433377465	6.71054047633232
7294	10.9156578513234	9.60268275869783
7295	11.5206430384198	8.39932341358473
7296	9.68467876178348	8.62668591260095
7297	1.91010902651787	4.39893979704784
7298	2.77447815608451	3.84036021157801
7299	6.28121768345242	8.79431300565704
7300	5.31239821044149	6.24881108670694
7301	5.61595378247751	6.86425266983169
7302	3.32259900951617	3.13720576286702
7303	0.421278453547899	2.11205407954674
7304	11.2282662788883	11.0416387916824
7305	5.29274988542538	6.60182917381488
7306	5.09307216135443	1.40685765470699
7307	1.98588312896555	0.370597991462399
7308	6.55776487074047	4.68129989699839
7309	10.8572643536451	10.1935838685573
7310	9.5494837667534	6.17251754059403
7311	9.44257543115604	10.8375238673127
7312	6.85822068188835	7.81686571763845
7313	6.14528742208058	3.18083419214965
7314	2.87629157998856	4.10474835966778
7315	0.363777240928913	0.603461745365659
7316	-1.62868495311718	-1.06687383292088
7317	6.9468070560279	7.61629729901848
7318	-0.320015776978275	0.0468975123518047
7319	5.34378884586512	4.28781680880278
7320	6.32655157710804	6.68350523168018
7321	9.89014851630298	11.031188641817
7322	7.6332005846152	4.89730789889622
7323	4.38303547533982	4.75832478109912
7324	0.722194958329392	0.915328961715728
7325	7.85746985167533	8.10151069623957
7326	5.87207848473772	4.38189498559635
7327	4.9869085969998	5.08983897001288
7328	1.41527301647559	1.33685937113691
7329	0.380576755278162	1.59782883933898
7330	5.50000341126558	6.13483046693475
7331	6.01878726025075	5.87723829983243
7332	-1.25301640912889	-0.275959271749154
7333	0.489479340289447	-0.789217883555617
7334	3.67675774278389	6.71681018291208
7335	10.7564981171972	10.2497099609593
7336	3.10420942118442	6.16425393360204
7337	5.12885672243312	5.70454295278769
7338	4.25577287807814	5.27349185351698
7339	9.51695312516895	10.9478362969624
7340	4.97790831229541	5.04623129056061
7341	3.36473809271818	7.21114208589202
7342	8.57166123582939	6.20688307292655
7343	-1.46352073935419	1.72403706074218
7344	1.17093031712545	1.96256241305519
7345	5.51987527026427	7.78617575442497
7346	2.92921197445074	4.36552143547403
7347	5.27585431224622	0.936149551591849
7348	7.99517047483296	8.00110965473632
7349	-2.31274937607482	0.0691886550809271
7350	6.09332831950654	9.45776396054305
7351	7.27611386265936	6.36885318376261
7352	5.64879480072828	5.65829940598006
7353	2.30919107955057	2.83536077501938
7354	2.57885305050109	4.37245095500222
7355	2.03037105120919	4.95722455073938
7356	-0.979988259671014	1.00709429507346
7357	7.3556248410648	5.31802555674411
7358	-1.3392244410917	-0.298067847628231
7359	-0.435782502973813	2.20470641491096
7360	5.2909754756972	1.40057086189381
7361	3.26768652644564	2.29165757177986
7362	9.26383503353843	9.83536947999845
7363	6.47178997731563	4.28721082741842
7364	10.1326639801678	8.41255186788647
7365	8.32894232197286	9.65644912053004
7366	8.36969544311348	3.87793797593675
7367	-0.744352294156173	-0.439809993528324
7368	0.176860599782797	2.91830245741995
7369	7.39591215553284	7.71715822410603
7370	3.46646068043498	2.94460383438927
7371	11.1809262679119	6.5637691672821
7372	9.2989793838667	9.16197019593652
7373	10.1875775873683	9.35377081546587
7374	3.54200550161921	3.60891065214661
7375	2.89792494252289	3.47460797084294
7376	9.67589305531378	9.83971203960779
7377	8.30706836619223	6.73560162356568
7378	12.0434338018991	7.93164783342407
7379	8.31842623588073	6.25338643581399
7380	12.2527961347413	9.93409978602727
7381	0.0621150180741119	2.40215720461479
7382	3.26291245876743	1.13556714605562
7383	10.077260926972	9.72853494064005
7384	2.10557377058723	4.99305187840288
7385	10.5667360015893	9.61242698552016
7386	0.952814259871516	1.11002414516792
7387	11.0264112525838	8.14207948101414
7388	6.16182271281429	7.72671229211541
7389	9.46427431168132	10.4364737390379
7390	3.71954004943786	5.54071372334321
7391	7.18671848980617	7.56905267793999
7392	4.47088475688388	3.5785755282999
7393	-1.25301883204675	0.0183308381252086
7394	11.7883713990251	10.2334791357104
7395	-0.0173755688770831	2.27240001395909
7396	3.9909090801482	6.07131141142849
7397	3.20664267301305	0.135601658634334
7398	7.0543894547932	9.16064116210686
7399	3.63951363795564	2.70169788782641
7400	7.63206394165678	8.44798284213285
7401	0.933196336220535	2.06564565419758
7402	3.83277344408565	3.38300489508595
7403	4.20298313540266	5.86325839953541
7404	13.0890550842129	10.0069649412624
7405	2.07919871608019	1.27698975361298
7406	8.13973945137633	9.88565046679629
7407	11.3109613281212	10.4575644195268
7408	8.40622292010059	6.94991740076878
7409	7.70093123009355	6.55842664990955
7410	-0.869341528701938	-0.451589080624364
7411	4.49525723569331	1.33003052194187
7412	1.89836750317081	0.966538009797365
7413	6.00179299880979	7.27395942881983
7414	-0.820155155790156	3.53102993564658
7415	10.4879588762689	8.29728232801063
7416	4.88252368699216	4.93463900706767
7417	7.57904157297518	7.65200555875181
7418	12.7905455593364	11.0411579792106
7419	5.20286454340831	3.48075825465459
7420	9.51714529827255	8.39123642186955
7421	12.0544175164873	10.3343726369663
7422	3.10998285685403	1.40624290426701
7423	6.96921515976092	6.8371791009853
7424	-3.47204224019094	0.336351314264481
7425	3.44629952051981	2.08679953850691
7426	3.52111163146665	3.55587052399327
7427	-1.15090701550391	-1.04957898648744
7428	0.647150717041725	3.50982964690603
7429	8.4799900384284	9.53104185429289
7430	3.92007108065157	2.99038782266192
7431	7.50232048871051	4.74164594663559
7432	5.98921445041507	6.19332293736301
7433	5.6978389077052	4.8832627279988
7434	1.12700113576673	1.0859093958021
7435	6.17436070962664	9.0081580036599
7436	6.19161173170902	7.04467643170277
7437	7.74229842129755	8.59875435408311
7438	0.176696717231899	0.118740458539754
7439	9.8845820964505	7.72728494158087
7440	5.46164465263741	3.86675669441363
7441	8.5223083368831	8.92874440028409
7442	6.25799896556609	6.78017287694187
7443	9.78911989828251	8.45904157846599
7444	6.74976213704334	5.61839493483381
7445	3.97912357327344	5.33028872558569
7446	7.0572844663492	8.53841125442332
7447	0.00913835227917714	-0.926747613593888
7448	6.26382662946961	4.68171775092276
7449	7.56307243974195	7.83358277237079
7450	9.07499413069979	7.34449739214053
7451	5.52764722636056	4.68653119655262
7452	8.11046093548606	9.42624435960488
7453	4.93940466953885	4.19818307715194
7454	-0.321158867783989	1.80973161431446
7455	2.71419596914147	-0.341708148796264
7456	4.15439371908288	0.0139911922388964
7457	2.06081753325998	2.69288400549931
7458	3.13534190568576	5.19331632582231
7459	8.08350017189722	6.96483484310606
7460	3.61185303849989	3.81184274346797
7461	14.7577466121226	10.0646453443026
7462	2.44476046765507	2.41278951986084
7463	5.88826744001823	4.45727553863642
7464	3.04474040781165	2.89210261882892
7465	5.32389918708107	6.82725337727159
7466	2.47378596763627	1.9730744526653
7467	1.1326257215254	4.69796841874846
7468	11.1268377708767	8.25365568101441
7469	0.317469648841269	-0.174060860723287
7470	13.8490793011679	9.60061324754666
7471	4.01989431193118	2.97462058371479
7472	7.65339134041168	9.15726066558623
7473	4.38165457688311	3.06865808184309
7474	1.1371039062817	2.90915734627455
7475	2.20894814040502	4.67085887523715
7476	10.2892725011752	9.80914891553138
7477	8.48548990112927	9.46491919060994
7478	3.68208522494342	3.60375637279507
7479	8.4765310343228	8.38969779707731
7480	9.34837407423894	10.6545559711405
7481	3.07857635164949	4.15570712483529
7482	7.2798189143299	7.58894161740367
7483	6.15610641991942	3.72737800193218
7484	-0.142907778321387	2.80508380099002
7485	9.27293815158678	8.13968798601695
7486	2.0982078041663	1.28947352087781
7487	9.65965434419219	7.571723792623
7488	-0.148064794940074	0.288617150126995
7489	2.68589978734744	1.81827267640672
7490	1.25385013463343	0.555665019862108
7491	0.79051291917728	1.74587647597577
7492	2.12294813924888	-0.486827644798592
7493	9.02826433377465	6.72120988764436
7494	10.9156578513234	9.61232547569314
7495	11.5206430384198	8.40939331640977
7496	9.68467876178348	8.63667510301188
7497	1.91010902651787	4.41042981365807
7498	2.77447815608451	3.85204852081351
7499	6.28121768345242	8.8042426893885
7500	5.31239821044149	6.25964440936701
7501	5.61595378247751	6.8748675141757
7502	3.32259900951617	3.14914368799475
7503	0.421278453547899	2.12435592778209
7504	11.2282662788883	11.0507706873429
7505	5.29274988542538	6.61253717703063
7506	5.09307216135443	1.41940984372467
7507	1.98588312896555	0.38351804685837
7508	6.55776487074047	4.6926896773541
7509	10.8572643536451	10.2030168189671
7510	9.5494837667534	6.1833779470358
7511	9.44257543115604	10.8467282226285
7512	6.85822068188835	7.82714238968429
7513	6.14528742208058	3.19275662942927
7514	2.87629157998856	4.11634281259105
7515	0.363777240928913	0.61629913543283
7516	-1.62868495311718	-1.05344348307586
7517	6.9468070560279	7.62664517172993
7518	-0.320015776978275	0.0599324796054164
7519	5.34378884586512	4.29934627345164
7520	6.32655157710804	6.6941842403527
7521	9.89014851630298	11.0403242472222
7522	7.6332005846152	4.90862099762071
7523	4.38303547533982	4.76968721805225
7524	0.722194958329392	0.928055640667281
7525	7.85746985167533	8.11168632091179
7526	5.87207848473772	4.3933910530192
7527	4.9869085969998	5.10108372128514
7528	1.41527301647559	1.34943640915332
7529	0.380576755278162	1.61031323465539
7530	5.50000341126558	6.14570425207665
7531	6.01878726025075	5.88820352875136
7532	-1.25301640912889	-0.262809692144906
7533	0.489479340289447	-0.775886100017983
7534	3.67675774278389	6.7274773685134
7535	10.7564981171972	10.2591229869206
7536	3.10420942118442	6.17511727357803
7537	5.12885672243312	5.71556948758787
7538	4.25577287807814	5.2846714090439
7539	9.51695312516895	10.9570014919833
7540	4.97790831229541	5.05749152231491
7541	3.36473809271818	7.22163378643561
7542	8.57166123582939	6.21773127979675
7543	-1.46352073935419	1.73647665284665
7544	1.17093031712545	1.97491732999512
7545	5.51987527026427	7.79646332123592
7546	2.92921197445074	4.3770233154155
7547	5.27585431224622	0.948868839350575
7548	7.99517047483296	8.01132092121611
7549	-2.31274937607482	0.0822157091036812
7550	6.09332831950654	9.46745812290028
7551	7.27611386265936	6.37964389215037
7552	5.64879480072828	5.66934235698044
7553	2.30919107955057	2.84740585342773
7554	2.57885305050109	4.38395037500306
7555	2.03037105120919	4.96851637938796
7556	-0.979988259671014	1.01978839784548
7557	7.3556248410648	5.32918930305573
7558	-1.3392244410917	-0.284910419603335
7559	-0.435782502973813	2.21697537208603
7560	5.2909754756972	1.41312528268774
7561	3.26768652644564	2.30389566178109
7562	9.26383503353843	9.84492959451054
7563	6.47178997731563	4.29874050718728
7564	10.1326639801678	8.42261707468431
7565	8.32894232197286	9.66607275076795
7566	8.36969544311348	3.88961294527631
7567	-0.744352294156173	-0.426602247835267
7568	0.176860599782797	2.93031809199545
7569	7.39591215553284	7.7274702917538
7570	3.46646068043498	2.95661013212321
7571	11.1809262679119	6.57449068158707
7572	9.2989793838667	9.17176936342399
7573	10.1875775873683	9.36350189480734
7574	3.54200550161921	3.62068112467979
7575	2.89792494252289	3.48642612007601
7576	9.67589305531378	9.84927061253554
7577	8.30706836619223	6.74626213831078
7578	12.0434338018991	7.94188375846149
7579	8.31842623588073	6.26421813425075
7580	12.2527961347413	9.94362485183353
7581	0.0621150180741119	2.41435606786507
7582	3.26291245876743	1.14821564168488
7583	10.077260926972	9.73813298081543
7584	2.10557377058723	5.00433098855073
7585	10.5667360015893	9.6220662433695
7586	0.952814259871516	1.12268170841947
7587	11.0264112525838	8.15224070399491
7588	6.16182271281429	7.73702096812253
7589	9.46427431168132	10.4458204649037
7590	3.71954004943786	5.55179841660255
7591	7.18671848980617	7.57941732222739
7592	4.47088475688388	3.5903567696322
7593	-1.25301883204675	0.031375946388222
7594	11.7883713990251	10.2428979235238
7595	-0.0173755688770831	2.28464494028552
7596	3.9909090801482	6.08220774547944
7597	3.20664267301305	0.148605136412682
7598	7.0543894547932	9.17044080139391
7599	3.63951363795564	2.71379041581132
7600	7.63206394165678	8.45803547113321
7601	0.933196336220535	2.076747174089
7602	3.83277344408565	3.39368385577206
7603	4.20298313540266	5.87314178835524
7604	13.0890550842129	10.0155191851619
7605	2.07919871608019	1.28834424460013
7606	8.13973945137633	9.89424362380792
7607	11.3109613281212	10.4659741280926
7608	8.40622292010059	6.9594522303272
7609	7.70093123009355	6.56808705494915
7610	-0.869341528701938	-0.439680126681434
7611	4.49525723569331	1.34136799944915
7612	1.89836750317081	0.977992082005857
7613	6.00179299880979	7.28339031790581
7614	-0.820155155790156	3.54166141547738
7615	10.4879588762689	8.30638497367018
7616	4.88252368699216	4.94482026199747
7617	7.57904157297518	7.66131518488439
7618	12.7905455593364	11.0493804929527
7619	5.20286454340831	3.49140585974638
7620	9.51714529827255	8.40030893059605
7621	12.0544175164873	10.3428218608139
7622	3.10998285685403	1.41755593571379
7623	6.96921515976092	6.84675009274222
7624	-3.47204224019094	0.348007526618958
7625	3.44629952051981	2.09789427302935
7626	3.52111163146665	3.56649403589934
7627	-1.15090701550391	-1.03747821991545
7628	0.647150717041725	3.52046792699061
7629	8.4799900384284	9.53974875638547
7630	3.92007108065157	3.00119272011074
7631	7.50232048871051	4.75188910646705
7632	5.98921445041507	6.2031004539162
7633	5.6978389077052	4.89346046250303
7634	1.12700113576673	1.09732517816797
7635	6.17436070962664	9.01703262718908
7636	6.19161173170902	7.05418086613466
7637	7.74229842129755	8.60776029887641
7638	0.176696717231899	0.130466472256996
7639	9.8845820964505	7.73657042092403
7640	5.46164465263741	3.87728048575067
7641	8.5223083368831	8.93764449670486
7642	6.25799896556609	6.78976215414742
7643	9.78911989828251	8.46809233785321
7644	6.74976213704334	5.62835686662646
7645	3.97912357327344	5.3403430709942
7646	7.0572844663492	8.54743655500921
7647	0.00913835227917714	-0.914686246697937
7648	6.26382662946961	4.69198013346126
7649	7.56307243974195	7.84283415537522
7650	9.07499413069979	7.3539056553058
7651	5.52764722636056	4.69679203511913
7652	8.11046093548606	9.4349848767849
7653	4.93940466953885	4.20860055939381
7654	-0.321158867783989	1.82091522178683
7655	2.71419596914147	-0.329834440515863
7656	4.15439371908288	0.0257508055737308
7657	2.06081753325998	2.70378433096249
7658	3.13534190568576	5.20341460681543
7659	8.08350017189722	6.97436488771108
7660	3.61185303849989	3.82238414913128
7661	14.7577466121226	10.0731810865022
7662	2.44476046765507	2.42377968908083
7663	5.88826744001823	4.46760991377946
7664	3.04474040781165	2.90293904246765
7665	5.32389918708107	6.83682755282667
7666	2.47378596763627	1.98420566591002
7667	1.1326257215254	4.70822558868506
7668	11.1268377708767	8.26277232045843
7669	0.317469648841269	-0.162240927375815
7670	13.8490793011679	9.60929783375779
7671	4.01989431193118	2.98543053869974
7672	7.65339134041168	9.16608746259976
7673	4.38165457688311	3.07943787314204
7674	1.1371039062817	2.91998829939936
7675	2.20894814040502	4.6811247408938
7676	10.2892725011752	9.817766611358
7677	8.48548990112927	9.47364730236147
7678	3.68208522494342	3.61436452472522
7679	8.4765310343228	8.39877079933667
7680	9.34837407423894	10.6629024922393
7681	3.07857635164949	4.16613823176213
7682	7.2798189143299	7.59827147207234
7683	6.15610641991942	3.73794650070187
7684	-0.142907778321387	2.81594813698658
7685	9.27293815158678	8.14884118200313
7686	2.0982078041663	1.30082400754282
7687	9.65965434419219	7.58105917012108
7688	-0.148064794940074	0.300288673802666
7689	2.68589978734744	1.82945354422821
7690	1.25385013463343	0.567250884643746
7691	0.79051291917728	1.75708056577042
7692	2.12294813924888	-0.474907387652092
7693	9.02826433377465	6.73081807795511
7694	10.9156578513234	9.6210063050628
7695	11.5206430384198	8.41846000108868
7696	9.68467876178348	8.64566888425781
7697	1.91010902651787	4.4207792151445
7698	2.77447815608451	3.86257702997843
7699	6.28121768345242	8.8131827212668
7700	5.31239821044149	6.26940065249103
7701	5.61595378247751	6.88442641690979
7702	3.32259900951617	3.15989766254402
7703	0.421278453547899	2.13543861563
7704	11.2282662788883	11.0589901176904
7705	5.29274988542538	6.62218022545207
7706	5.09307216135443	1.43071865171341
7707	1.98588312896555	0.395159129902312
7708	6.55776487074047	4.70294854051203
7709	10.8572643536451	10.2115081768116
7710	9.5494837667534	6.19315865356715
7711	9.44257543115604	10.8550131021102
7712	6.85822068188835	7.83639583852081
7713	6.14528742208058	3.2034966145903
7714	2.87629157998856	4.12678654610599
7715	0.363777240928913	0.627865551074936
7716	-1.62868495311718	-1.04134147691898
7717	6.9468070560279	7.63596293251907
7718	-0.320015776978275	0.0716773567063684
7719	5.34378884586512	4.30973130635204
7720	6.32655157710804	6.70380109947275
7721	9.89014851630298	11.0485470283941
7722	7.6332005846152	4.91881059814757
7723	4.38303547533982	4.77992138330045
7724	0.722194958329392	0.939522056569744
7725	7.85746985167533	8.12084849877701
7726	5.87207848473772	4.40374591989801
7727	4.9869085969998	5.11121158702239
7728	1.41527301647559	1.36076766198322
7729	0.380576755278162	1.62156080802971
7730	5.50000341126558	6.15549704290977
7731	6.01878726025075	5.89807891611369
7732	-1.25301640912889	-0.250961291516441
7733	0.489479340289447	-0.763873123811004
7734	3.67675774278389	6.73708354845245
7735	10.7564981171972	10.2675963480205
7736	3.10420942118442	6.18490062982215
7737	5.12885672243312	5.72550024944562
7738	4.25577287807814	5.29474038676865
7739	9.51695312516895	10.9652509999554
7740	4.97790831229541	5.06763337078701
7741	3.36473809271818	7.231081459616
7742	8.57166123582939	6.22750096707342
7743	-1.46352073935419	1.74768375775036
7744	1.17093031712545	1.98604795211424
7745	5.51987527026427	7.80572661076158
7746	2.92921197445074	4.38738343244778
7747	5.27585431224622	0.960328579163157
7748	7.99517047483296	8.02051529251971
7749	-2.31274937607482	0.09395343858426
7750	6.09332831950654	9.476185420258
7751	7.27611386265936	6.38936164396198
7752	5.64879480072828	5.6792879467598
7753	2.30919107955057	2.8582566141046
7754	2.57885305050109	4.39430827009564
7755	2.03037105120919	4.97868676773325
7756	-0.979988259671014	1.031225389336
7757	7.3556248410648	5.33924400111755
7758	-1.3392244410917	-0.273054929894274
7759	-0.435782502973813	2.22802835110619
7760	5.2909754756972	1.42443610652686
7761	3.26768652644564	2.31492076004754
7762	9.26383503353843	9.85353581324359
7763	6.47178997731563	4.30912573439468
7764	10.1326639801678	8.43167951767985
7765	8.32894232197286	9.674736340037
7766	8.36969544311348	3.90012940518932
7767	-0.744352294156173	-0.414701308726772
7768	0.176860599782797	2.94114225755039
7769	7.39591215553284	7.73675571164361
7770	3.46646068043498	2.96742586418238
7771	11.1809262679119	6.58414593389062
7772	9.2989793838667	9.18059150659396
7773	10.1875775873683	9.37226253740587
7774	3.54200550161921	3.63128384778728
7775	2.89792494252289	3.49707190713014
7776	9.67589305531378	9.85787543883358
7777	8.30706836619223	6.7558622928035
7778	12.0434338018991	7.95110040259045
7779	8.31842623588073	6.27397291029617
7780	12.2527961347413	9.95219941284695
7781	0.0621150180741119	2.42534573459548
7782	3.26291245876743	1.15961143855482
7783	10.077260926972	9.74677345587797
7784	2.10557377058723	5.01448988891893
7785	10.5667360015893	9.63074394826793
7786	0.952814259871516	1.13408569561307
7787	11.0264112525838	8.16138987354216
7788	6.16182271281429	7.74630332451524
7789	9.46427431168132	10.4542339404876
7790	3.71954004943786	5.56178171004884
7791	7.18671848980617	7.58875023193107
7792	4.47088475688388	3.60096921965014
7793	-1.25301883204675	0.0431299833489969
7794	11.7883713990251	10.2513764890127
7795	-0.0173755688770831	2.29567621345804
7796	3.9909090801482	6.09202090359928
7797	3.20664267301305	0.160321570666587
7798	7.0543894547932	9.17926337071651
7799	3.63951363795564	2.72468403528584
7800	7.63206394165678	8.46708655324176
7801	0.933196336220535	2.086748129451
7802	3.83277344408565	3.40330333102943
7803	4.20298313540266	5.88204303327954
7804	13.0890550842129	10.023220498013
7805	2.07919871608019	1.29857357846824
7806	8.13973945137633	9.90198006683232
7807	11.3109613281212	10.4735449566151
7808	8.40622292010059	6.96803880118492
7809	7.70093123009355	6.57678699346542
7810	-0.869341528701938	-0.4289502319837
7811	4.49525723569331	1.35158197380315
7812	1.89836750317081	0.988311316305102
7813	6.00179299880979	7.29188305286598
7814	-0.820155155790156	3.55123802573164
7815	10.4879588762689	8.3145813753945
7816	4.88252368699216	4.95399041597255
7817	7.57904157297518	7.66969844547135
7818	12.7905455593364	11.0567823247997
7819	5.20286454340831	3.50099702764409
7820	9.51714529827255	8.40847812514981
7821	12.0544175164873	10.3504283631394
7822	3.10998285685403	1.4277478405315
7823	6.96921515976092	6.85536931028967
7824	-3.47204224019094	0.358509250006282
7825	3.44629952051981	2.10788910266212
7826	3.52111163146665	3.57606345283081
7827	-1.15090701550391	-1.02657515965682
7828	0.647150717041725	3.53005067641187
7829	8.4799900384284	9.54758788676075
7830	3.92007108065157	3.01092588918618
7831	7.50232048871051	4.76111514725765
7832	5.98921445041507	6.21190611894816
7833	5.6978389077052	4.90264549399041
7834	1.12700113576673	1.10760984497233
7835	6.17436070962664	9.0250231739585
7836	6.19161173170902	7.06273999672863
7837	7.74229842129755	8.61586940051091
7838	0.176696717231899	0.141031211266354
7839	9.8845820964505	7.74493188215213
7840	5.46164465263741	3.88675987645002
7841	8.5223083368831	8.94565804001826
7842	6.25799896556609	6.79839787952329
7843	9.78911989828251	8.4762418974301
7844	6.74976213704334	5.63732901896708
7845	3.97912357327344	5.34939865295935
7846	7.0572844663492	8.55556313076258
7847	0.00913835227917714	-0.903818755875137
7848	6.26382662946961	4.70122352822309
7849	7.56307243974195	7.85116483494077
7850	9.07499413069979	7.36237796392456
7851	5.52764722636056	4.70603403600625
7852	8.11046093548606	9.44285435435629
7853	4.93940466953885	4.21798397583858
7854	-0.321158867783989	1.83099028458412
7855	2.71419596914147	-0.319136365072945
7856	4.15439371908288	0.0363458778132563
7857	2.06081753325998	2.71360365101617
7858	3.13534190568576	5.21250985316655
7859	8.08350017189722	6.98294713878473
7860	3.61185303849989	3.83187944177985
7861	14.7577466121226	10.0808656962966
7862	2.44476046765507	2.43368011872889
7863	5.88826744001823	4.47691830238349
7864	3.04474040781165	2.9127006729139
7865	5.32389918708107	6.84544964465928
7866	2.47378596763627	1.99423342798543
7867	1.1326257215254	4.71746427758819
7868	11.1268377708767	8.27098135556121
7869	0.317469648841269	-0.151591399134759
7870	13.8490793011679	9.61711681769043
7871	4.01989431193118	2.99516827364284
7872	7.65339134041168	9.17403483230911
7873	4.38165457688311	3.08914837676243
7874	1.1371039062817	2.92974499114779
7875	2.20894814040502	4.6903712801624
7876	10.2892725011752	9.82552520765607
7877	8.48548990112927	9.48150558049833
7878	3.68208522494342	3.62392007490112
7879	8.4765310343228	8.40694043944448
7880	9.34837407423894	10.6704162760655
7881	3.07857635164949	4.17553394836788
7882	7.2798189143299	7.60667299467789
7883	6.15610641991942	3.7474662526
7884	-0.142907778321387	2.82573496629029
7885	9.27293815158678	8.15708321980317
7886	2.0982078041663	1.31104972636904
7887	9.65965434419219	7.58946567865408
7888	-0.148064794940074	0.310804220020819
7889	2.68589978734744	1.83952613370983
7890	1.25385013463343	0.577689099298782
7891	0.79051291917728	1.76717411970064
7892	2.12294813924888	-0.464167288591926
7893	9.02826433377465	6.73947087779831
7894	10.9156578513234	9.62882189737539
7895	11.5206430384198	8.42662393777973
7896	9.68467876178348	8.65376700482441
7897	1.91010902651787	4.43010116930568
7898	2.77447815608451	3.87206067986193
7899	6.28121768345242	8.82123231771152
7900	5.31239821044149	6.27818711219061
7901	5.61595378247751	6.89303472066899
7902	3.32259900951617	3.1695848591905
7903	0.421278453547899	2.14542256970592
7904	11.2282662788883	11.0663891658951
7905	5.29274988542538	6.63086449467411
7906	5.09307216135443	1.44090674365663
7907	1.98588312896555	0.405647194775294
7908	6.55776487074047	4.71218875802995
7909	10.8572643536451	10.2191527170767
7910	9.5494837667534	6.20196719846349
7911	9.44257543115604	10.8624712368103
7912	6.85822068188835	7.84472838308855
7913	6.14528742208058	3.21317118182716
7914	2.87629157998856	4.13619366180584
7915	0.363777240928913	0.638286207338887
7916	-1.62868495311718	-1.03043729758173
7917	6.9468070560279	7.64435353695181
7918	-0.320015776978275	0.0822591252952518
7919	5.34378884586512	4.31908542801866
7920	6.32655157710804	6.7124617253868
7921	9.89014851630298	11.0559491016727
7922	7.6332005846152	4.92798828640233
7923	4.38303547533982	4.78913930391638
7924	0.722194958329392	0.949852434570529
7925	7.85746985167533	8.12909864528256
7926	5.87207848473772	4.41307280813335
7927	4.9869085969998	5.12033354203622
7928	1.41527301647559	1.37097601679196
7929	0.380576755278162	1.63169361828265
7930	5.50000341126558	6.16431649733226
7931	6.01878726025075	5.90697293744233
7932	-1.25301640912889	-0.240286063441624
7933	0.489479340289447	-0.753049319375481
7934	3.67675774278389	6.74573453336227
7935	10.7564981171972	10.2752246410949
7936	3.10420942118442	6.19371156683939
7937	5.12885672243312	5.73444426203711
7938	4.25577287807814	5.30380917856917
7939	9.51695312516895	10.9726772017878
7940	4.97790831229541	5.07676794920386
7941	3.36473809271818	7.23958934700454
7942	8.57166123582939	6.23629956395211
7943	-1.46352073935419	1.75778003367577
7944	1.17093031712545	1.99607518053033
7945	5.51987527026427	7.81406803935569
7946	2.92921197445074	4.39671506044283
7947	5.27585431224622	0.97065293009026
7948	7.99517047483296	8.02879450277794
7949	-2.31274937607482	0.104528754408813
7950	6.09332831950654	9.48404296317236
7951	7.27611386265936	6.39811335428279
7952	5.64879480072828	5.68824534577625
7953	2.30919107955057	2.86803118781356
7954	2.57885305050109	4.4036378921569
7955	2.03037105120919	4.98784711151902
7956	-0.979988259671014	1.04152920341958
7957	7.3556248410648	5.34829990145283
7958	-1.3392244410917	-0.262373301903958
7959	-0.435782502973813	2.23798548449857
7960	5.2909754756972	1.43462601834952
7961	3.26768652644564	2.32485272311419
7962	9.26383503353843	9.86128404819395
7963	6.47178997731563	4.31848003147873
7964	10.1326639801678	8.43983962504285
7965	8.32894232197286	9.68253636824568
7966	8.36969544311348	3.90960217718915
7967	-0.744352294156173	-0.4039786497012
7968	0.176860599782797	2.95089282158267
7969	7.39591215553284	7.74511711919812
7970	3.46646068043498	2.97716881458134
7971	11.1809262679119	6.59284122059415
7972	9.2989793838667	9.18853467488323
7973	10.1875775873683	9.38015018390286
7974	3.54200550161921	3.6408344969036
7975	2.89792494252289	3.50666143373075
7976	9.67589305531378	9.86562241671452
7977	8.30706836619223	6.76450783803087
7978	12.0434338018991	7.95939972042093
7979	8.31842623588073	6.28275804553923
7980	12.2527961347413	9.95991906768345
7981	0.0621150180741119	2.4352457106035
7982	3.26291245876743	1.16987806275359
7983	10.077260926972	9.75455261692814
7984	2.10557377058723	5.0236398615315
7985	10.5667360015893	9.63855671985482
7986	0.952814259871516	1.14435971391303
7987	11.0264112525838	8.1696282763336
7988	6.16182271281429	7.75466196639057
7989	9.46427431168132	10.4618081698175
7990	3.71954004943786	5.57077314736956
7991	7.18671848980617	7.59715451257634
7992	4.47088475688388	3.61052865007514
7993	-1.25301883204675	0.0537200213217668
7994	11.7883713990251	10.2590094805313
7995	-0.0173755688770831	2.30561375113716
7996	3.9909090801482	6.10085874530234
7997	3.20664267301305	0.170877661480308
7998	7.0543894547932	9.18720692372999
7999	3.63951363795564	2.73449730127367
8000	7.63206394165678	8.4752364041666
8001	0.933196336220535	2.09575732671259
8002	3.83277344408565	3.41196827835576
8003	4.20298313540266	5.89005984524398
8004	13.0890550842129	10.0301544840751
8005	2.07919871608019	1.30778886586401
8006	8.13973945137633	9.90894575457356
8007	11.3109613281212	10.4803611928361
8008	8.40622292010059	6.97577164938366
8009	7.70093123009355	6.58462214531942
8010	-0.869341528701938	-0.419283235491953
8011	4.49525723569331	1.36078340068123
8012	1.89836750317081	0.997607730389321
8013	6.00179299880979	7.29953122298776
8014	-0.820155155790156	3.55986429142197
8015	10.4879588762689	8.32196213262627
8016	4.88252368699216	4.96224989307783
8017	7.57904157297518	7.6772478252619
8018	12.7905455593364	11.0634460574068
8019	5.20286454340831	3.50963643023922
8020	9.51714529827255	8.41583433046762
8021	12.0544175164873	10.3572767916144
8022	3.10998285685403	1.43692935172761
8023	6.96921515976092	6.86313161905709
8024	-3.47204224019094	0.367970343338503
8025	3.44629952051981	2.1168927720289
8026	3.52111163146665	3.58468322722351
8027	-1.15090701550391	-1.01675189752394
8028	0.647150717041725	3.53868248212333
8029	8.4799900384284	9.55464624018354
8030	3.92007108065157	3.01969343449608
8031	7.50232048871051	4.76942505696059
8032	5.98921445041507	6.21983667904427
8033	5.6978389077052	4.91091839665206
8034	1.12700113576673	1.11687506514176
8035	6.17436070962664	9.03221816644384
8036	6.19161173170902	7.07044808266871
8037	7.74229842129755	8.62317137761783
8038	0.176696717231899	0.150549170273989
8039	9.8845820964505	7.75246159007045
8040	5.46164465263741	3.89529841063069
8041	8.5223083368831	8.95287378472288
8042	6.25799896556609	6.80617508505412
8043	9.78911989828251	8.48358038402696
8044	6.74976213704334	5.64540981820944
8045	3.97912357327344	5.35755473959546
8046	7.0572844663492	8.56288087661922
8047	0.00913835227917714	-0.894027591814562
8048	6.26382662946961	4.7095490982538
8049	7.56307243974195	7.85866676530212
8050	9.07499413069979	7.37000770119329
8051	5.52764722636056	4.71435834819604
8052	8.11046093548606	9.44994009327094
8053	4.93940466953885	4.22643590227608
8054	-0.321158867783989	1.84006635683996
8055	2.71419596914147	-0.309498082467656
8056	4.15439371908288	0.0458912097097917
8057	2.06081753325998	2.72244893948574
8058	3.13534190568576	5.22070173318255
8059	8.08350017189722	6.99067608878441
8060	3.61185303849989	3.8404323259749
8061	14.7577466121226	10.08778460942
8062	2.44476046765507	2.44259860098308
8063	5.88826744001823	4.48530252324736
8064	3.04474040781165	2.92149390193559
8065	5.32389918708107	6.85321454719888
8066	2.47378596763627	2.00326681578605
8067	1.1326257215254	4.72578560102375
8068	11.1268377708767	8.2783735132295
8069	0.317469648841269	-0.141996925815711
8070	13.8490793011679	9.62415699084251
8071	4.01989431193118	3.00393993921913
8072	7.65339134041168	9.1811908615564
8073	4.38165457688311	3.09789546862971
8074	1.1371039062817	2.93853376345894
8075	2.20894814040502	4.69869968781486
8076	10.2892725011752	9.83251088664439
8077	8.48548990112927	9.48858121297605
8078	3.68208522494342	3.63252733585037
8079	8.4765310343228	8.41429704683294
8080	9.34837407423894	10.6771810348104
8081	3.07857635164949	4.18399697454445
8082	7.2798189143299	7.61423885422358
8083	6.15610641991942	3.75604120896862
8084	-0.142907778321387	2.83455093491214
8085	9.27293815158678	8.16450515930348
8086	2.0982078041663	1.32026175152932
8087	9.65965434419219	7.59703603753062
8088	-0.148064794940074	0.320277787158518
8089	2.68589978734744	1.84859997403076
8090	1.25385013463343	0.58709288196994
8091	0.79051291917728	1.7762668784658
8092	2.12294813924888	-0.454491083622294
8093	9.02826433377465	6.74726349143091
8094	10.9156578513234	9.63585900990918
8095	11.5206430384198	8.43397539837068
8096	9.68467876178348	8.66105907254978
8097	1.91010902651787	4.4384976318097
8098	2.77447815608451	3.88060305755594
8099	6.28121768345242	8.82848059697814
8100	5.31239821044149	6.28610034127956
8101	5.61595378247751	6.90078718076841
8102	3.32259900951617	3.17831091870468
8103	0.421278453547899	2.15441642490496
8104	11.2282662788883	11.0730503865266
8105	5.29274988542538	6.63868550646298
8106	5.09307216135443	1.45008481409192
8107	1.98588312896555	0.415095962582223
8108	6.55776487074047	4.72051146089667
8109	10.8572643536451	10.2260354712165
8110	9.5494837667534	6.20990035736649
8111	9.44257543115604	10.8691857774499
8112	6.85822068188835	7.85223199643906
8113	6.14528742208058	3.22188584448634
8114	2.87629157998856	4.14466697459332
8115	0.363777240928913	0.64767414521258
8116	-1.62868495311718	-1.02061302558559
8117	6.9468070560279	7.65190954387285
8118	-0.320015776978275	0.0917924518976268
8119	5.34378884586512	4.32751091867259
8120	6.32655157710804	6.72026140131269
8121	9.89014851630298	11.0626130521491
8122	7.6332005846152	4.93625456248681
8123	4.38303547533982	4.79744188592496
8124	0.722194958329392	0.95915890479788
8125	7.85746985167533	8.13652790212737
8126	5.87207848473772	4.4214737231755
8127	4.9869085969998	5.12854952410969
8128	1.41527301647559	1.38017237255868
8129	0.380576755278162	1.64082180218895
8130	5.50000341126558	6.17225950105713
8131	6.01878726025075	5.9149832307907
8132	-1.25301640912889	-0.230668398438392
8133	0.489479340289447	-0.743297578172902
8134	3.67675774278389	6.7535255091881
8135	10.7564981171972	10.2820927336724
8136	3.10420942118442	6.20164688440666
8137	5.12885672243312	5.74249966780102
8138	4.25577287807814	5.31197718583997
8139	9.51695312516895	10.979362926016
8140	4.97790831229541	5.08499532271196
8141	3.36473809271818	7.24725119076859
8142	8.57166123582939	6.2442237457043
8143	-1.46352073935419	1.76687524878571
8144	1.17093031712545	2.00510808675358
8145	5.51987527026427	7.82157966970491
8146	2.92921197445074	4.40512025267258
8147	5.27585431224622	0.979953961450157
8148	7.99517047483296	8.03624998692756
8149	-2.31274937607482	0.11405625799794
8150	6.09332831950654	9.49111793218089
8151	7.27611386265936	6.40599522532384
8152	5.64879480072828	5.69631283153036
8153	2.30919107955057	2.87683609691318
8154	2.57885305050109	4.41204127421997
8155	2.03037105120919	4.99609773585061
8156	-0.979988259671014	1.05081170220867
8157	7.3556248410648	5.35645627538805
8158	-1.3392244410917	-0.252749861578581
8159	-0.435782502973813	2.24695513655186
8160	5.2909754756972	1.44380573105494
8161	3.26768652644564	2.33379966131451
8162	9.26383503353843	9.86826037703992
8163	6.47178997731563	4.32690568043041
8164	10.1326639801678	8.44718763002519
8165	8.32894232197286	9.68955943563871
8166	8.36969544311348	3.91813473861567
8167	-0.744352294156173	-0.394318182723425
8168	0.176860599782797	2.959676064206
8169	7.39591215553284	7.75264677868107
8170	3.46646068043498	2.98594518661627
8171	11.1809262679119	6.60067217462443
8172	9.2989793838667	9.19568691274383
8173	10.1875775873683	9.38725231856498
8174	3.54200550161921	3.64943733510729
8175	2.89792494252289	3.51529935520954
8176	9.67589305531378	9.87259761117351
8177	8.30706836619223	6.77229390505462
8178	12.0434338018991	7.96687334976439
8179	8.31842623588073	6.29067007943066
8180	12.2527961347413	9.96686960566321
8181	0.0621150180741119	2.44416378349021
8182	3.26291245876743	1.17912700116749
8183	10.077260926972	9.76155685367213
8184	2.10557377058723	5.03188112685417
8185	10.5667360015893	9.64559128694881
8186	0.952814259871516	1.15361532480821
8187	11.0264112525838	8.17704693558034
8188	6.16182271281429	7.76218913010804
8189	9.46427431168132	10.4686274749475
8190	3.71954004943786	5.57887134949366
8191	7.18671848980617	7.60472286099363
8192	4.47088475688388	3.61913941258447
8193	-1.25301883204675	0.0632608102657766
8194	11.7883713990251	10.265881813013
8195	-0.0173755688770831	2.31456571990122
8196	3.9909090801482	6.10881834181952
8197	3.20664267301305	0.180387816304312
8198	7.0543894547932	9.19435950876801
8199	3.63951363795564	2.74333712651789
8200	7.63206394165678	8.48257515367762
