group	y	yend
1	2.13777704125361	0
2	0.370577449836003	0
3	7.16402454575909	0
4	3.27689919299469	0
5	7.78067610730869	0
6	-1.62928343012448	0
7	1.91628439509508	0
8	11.1582838640615	0
9	11.150414870694	0
10	8.66180901230595	0
11	9.90929073231001	0
12	9.15011536979567	0
13	7.66580506057516	0
14	-4.34858158202059	0
15	6.76808851786802	0
16	4.77210484422042	0
17	7.49602192084265	0
18	5.03162066214857	0
19	1.68542638489522	0
20	5.25455808507939	0
21	2.45984371888309	0
22	8.10240287198131	0
23	9.99457053677909	0
24	5.90181810027828	0
25	4.53342840149862	0
26	-0.00841014455275049	0
27	6.83559412691964	0
28	-2.87807712491032	0
29	-0.766931271538603	0
30	1.13053242829008	0
31	6.65043333581921	0
32	9.44511717584912	0
33	5.38820949799105	0
34	7.81299269178465	0
35	-1.29491353050677	0
36	8.67049521087237	0
37	2.31378192939679	0
38	9.88122450101968	0
39	9.40661557055468	0
40	2.15311722002144	0
41	1.41268317376875	0
42	9.39955268545147	0
43	5.13947219406398	0
44	9.08499027724131	0
45	5.36810319444381	0
46	1.96156831766021	0
47	8.39846714223112	0
48	5.18780636190517	0
49	6.50776261402182	0
50	10.4478676194402	0
51	4.4694732489229	0
52	-0.871306030983109	0
53	2.30034665122364	0
54	2.34588715545427	0
55	12.3909498764063	0
56	13.9387180330806	0
57	0.23706642464464	0
58	4.02049231090547	0
59	10.7951485216016	0
60	0.233671824257256	0
61	4.94907873701757	0
62	1.83688095080756	0
63	4.02100722935262	0
64	0.533242306116686	0
65	8.37055999542821	0
66	4.19978810011259	0
67	0.11697167428337	0
68	7.66056494244898	0
69	10.1163885197263	0
70	4.45354499695112	0
71	1.2721136596478	0
72	-0.433043155965496	0
73	1.40126937391547	0
74	-1.42564467382355	0
75	1.09277664001855	0
76	0.58298273947091	0
77	-0.599831042607216	0
78	0.158479537609441	0
79	4.22277918280051	0
80	0.391714334442204	0
81	0.33177022213654	0
82	7.5173302663086	0
83	2.69585614553595	0
84	-2.37380881558173	0
85	6.47047610945289	0
86	7.73251541197951	0
87	9.98290102516725	0
88	9.31726091151868	0
89	5.30332070511052	0
90	10.0747615832888	0
91	3.82923596449484	0
92	11.5969566128186	0
93	12.2741860713448	0
94	1.49729153160628	0
95	7.15395395372344	0
96	4.05029911945523	0
97	-0.109726383816623	0
98	-0.553939803402985	0
99	-0.226251676677918	0
100	8.81242485221115	0
101	8.55632071564338	0
102	0.175002105410684	0
103	1.30168454422251	0
104	3.50342881885624	0
105	8.68840932869351	0
106	10.0117443452968	0
107	11.2590644663253	0
108	5.52246623443888	0
109	1.11859344544774	0
110	12.9970950903469	0
111	1.0340007896917	0
112	5.8384678084801	0
113	2.91957960781285	0
114	0.0349888098504865	0
115	8.9947178895006	0
116	6.34460717134618	0
117	6.99388021776221	0
118	9.43567368757619	0
119	2.98403160328304	0
120	9.61489063798503	0
121	2.1282747074767	0
122	7.42181550735181	0
123	3.63732299504189	0
124	8.14695862208917	0
125	5.21783591565566	0
126	3.79803920581527	0
127	5.52105325366223	0
128	6.72285671406426	0
129	4.20797677855704	0
130	8.91230044113409	0
131	9.03218425560953	0
132	8.49667672673218	0
133	9.32091834610859	0
134	6.9123546798909	0
135	1.07035984447719	0
136	6.54460496586534	0
137	7.73540897138004	0
138	5.47983669390778	0
139	1.46692306421476	0
140	5.3440734357843	0
141	5.23292947675027	0
142	12.0460714848872	0
143	1.62997162363475	0
144	2.88644765006361	0
145	4.668533833276	0
146	0.803780709811993	0
147	12.6076383930942	0
148	5.9359075149856	0
149	7.42547261116105	0
150	-2.9985591613619	0
151	10.8055576418856	0
152	8.12978496903149	0
153	-0.0621291524143852	0
154	0.475089487267889	0
155	2.05153761369778	0
156	6.02462503540665	0
157	8.74066847700793	0
158	8.39276821289705	0
159	-0.0540511022314258	0
160	10.2448781354606	0
161	3.19817493684269	0
162	-0.475229338323001	0
163	4.11027026380791	0
164	5.69035499382832	0
165	-1.18604411447534	0
166	5.09384561388329	0
167	8.82429058176307	0
168	-2.44773827934238	0
169	6.91695793778167	0
170	0.767720897728969	0
171	14.6158719177026	0
172	1.15683106764185	0
173	1.38770604247118	0
174	0.0230024708188306	0
175	-0.621341522821964	0
176	-0.0667370358522751	0
177	11.5106223174834	0
178	10.3809630483758	0
179	11.8207729573972	0
180	2.4545735165825	0
181	-0.553269126895843	0
182	9.63762828435777	0
183	0.453897148631049	0
184	2.26581546078627	0
185	1.12986398833778	0
186	7.45632988097753	0
187	8.15088203201351	0
188	5.63187883421854	0
189	0.0479606144664847	0
190	5.85334177583055	0
191	7.47175317907716	0
192	0.94456294939532	0
193	8.52163708262522	0
194	2.08564079178643	0
195	0.0115136148397563	0
196	7.32992453795833	0
197	12.8789455866351	0
198	-1.0826905038033	0
199	1.73616109502928	0
200	2.98812319560942	0
201	2.13777704125361	6.57698142005766
202	0.370577449836003	5.80932960551923
203	7.16402454575909	4.36403583590029
204	3.27689919299469	1.94941441226615
205	7.78067610730869	7.0365471287416
206	-1.62928343012448	2.02010680471553
207	1.91628439509508	1.68684100299136
208	11.1582838640615	3.73081770663832
209	11.150414870694	3.95894726761474
210	8.66180901230595	8.04382489891169
211	9.90929073231001	7.00563920265097
212	9.15011536979567	7.21745362491189
213	7.66580506057516	3.54199187758629
214	-4.34858158202059	5.72307242717595
215	6.76808851786802	2.94568097313415
216	4.77210484422042	4.90516109582765
217	7.49602192084265	3.32169676854238
218	5.03162066214857	1.34676925859601
219	1.68542638489522	5.75236675019399
220	5.25455808507939	2.89093202660877
221	2.45984371888309	1.75862734075223
222	8.10240287198131	6.96122870947164
223	9.99457053677909	3.79651258902925
224	5.90181810027828	7.58467612983588
225	4.53342840149862	6.56465462477618
226	-0.00841014455275049	5.70859731505264
227	6.83559412691964	8.3922856847501
228	-2.87807712491032	5.73542626325595
229	-0.766931271538603	2.22674439937469
230	1.13053242829008	6.03811549680112
231	6.65043333581921	5.0176220468239
232	9.44511717584912	4.17170056886465
233	5.38820949799105	4.93509909043636
234	7.81299269178465	7.14789350932132
235	-1.29491353050677	2.53143937115822
236	8.67049521087237	3.67559970703532
237	2.31378192939679	2.77000713970732
238	9.88122450101968	7.71148236694679
239	9.40661557055468	3.27782995299775
240	2.15311722002144	5.52743766973284
241	1.41268317376875	2.57771528044578
242	9.39955268545147	3.82973126618933
243	5.13947219406398	2.85142059352297
244	9.08499027724131	4.50672271823133
245	5.36810319444381	4.6746080204667
246	1.96156831766021	2.80517028162863
247	8.39846714223112	8.3207093649754
248	5.18780636190517	5.05254341584238
249	6.50776261402182	3.21588806186079
250	10.4478676194402	3.50088798287306
251	4.4694732489229	5.04973852393648
252	-0.871306030983109	2.28781201438765
253	2.30034665122364	5.33430882818511
254	2.34588715545427	6.7261076955523
255	12.3909498764063	7.97979506249127
256	13.9387180330806	7.77252187830528
257	0.23706642464464	6.21147697481601
258	4.02049231090547	4.75442460197042
259	10.7951485216016	3.72212501194802
260	0.233671824257256	5.55943713713588
261	4.94907873701757	1.91580287739942
262	1.83688095080756	6.37469368402403
263	4.02100722935262	5.18333042228145
264	0.533242306116686	6.09538826851205
265	8.37055999542821	3.80229650854258
266	4.19978810011259	6.63092452731695
267	0.11697167428337	5.04307382375492
268	7.66056494244898	2.97110310074324
269	10.1163885197263	7.88210360453719
270	4.45354499695112	2.18620374454526
271	1.2721136596478	6.04730338512523
272	-0.433043155965496	2.44455424109828
273	1.40126937391547	5.99250583724895
274	-1.42564467382355	6.08545013465778
275	1.09277664001855	5.05887110184114
276	0.58298273947091	2.06468580247162
277	-0.599831042607216	2.26527540988637
278	0.158479537609441	5.68069326459892
279	4.22277918280051	2.89182861432531
280	0.391714334442204	1.57205005049233
281	0.33177022213654	5.3590604227829
282	7.5173302663086	3.35844539982324
283	2.69585614553595	5.60865644656339
284	-2.37380881558173	6.14609588974372
285	6.47047610945289	3.03751437653507
286	7.73251541197951	7.02927258562862
287	9.98290102516725	3.368478573786
288	9.31726091151868	7.61249179057463
289	5.30332070511052	6.72113064630885
290	10.0747615832888	7.45687760773978
291	3.82923596449484	6.76331737328625
292	11.5969566128186	8.0643591213853
293	12.2741860713448	3.86409018995133
294	1.49729153160628	2.17937879284653
295	7.15395395372344	2.88035163774628
296	4.05029911945523	2.7479099540496
297	-0.109726383816623	5.21062837159309
298	-0.553939803402985	5.53600841930686
299	-0.226251676677918	2.6502649398824
300	8.81242485221115	4.13305370873225
301	8.55632071564338	3.77455079009491
302	0.175002105410684	5.94560525031043
303	1.30168454422251	6.54276975884154
304	3.50342881885624	1.34116773957879
305	8.68840932869351	3.92741597148771
306	10.0117443452968	6.9535560681352
307	11.2590644663253	7.55719112290859
308	5.52246623443888	5.04614985289267
309	1.11859344544774	1.83517102671692
310	12.9970950903469	4.17749571542247
311	1.0340007896917	1.46006740143207
312	5.8384678084801	3.21964100282188
313	2.91957960781285	5.92019110920873
314	0.0349888098504865	5.38199880191627
315	8.9947178895006	7.42154488497435
316	6.34460717134618	8.39453760489936
317	6.99388021776221	3.33647477784348
318	9.43567368757619	7.74575096304199
319	2.98403160328304	5.27535899218472
320	9.61489063798503	3.8798385800173
321	2.1282747074767	1.34725509105073
322	7.42181550735181	4.92032231498695
323	3.63732299504189	5.00128183208457
324	8.14695862208917	7.23987807799465
325	5.21783591565566	3.05383151187742
326	3.79803920581527	5.22055720126684
327	5.52105325366223	4.80817040192763
328	6.72285671406426	6.99433100055375
329	4.20797677855704	6.84231280972781
330	8.91230044113409	4.19944893774644
331	9.03218425560953	4.34949980570278
332	8.49667672673218	7.93381933959593
333	9.32091834610859	8.23279931656487
334	6.9123546798909	3.86043800236849
335	1.07035984447719	1.80247683040394
336	6.54460496586534	4.18230937655023
337	7.73540897138004	4.45009714531751
338	5.47983669390778	4.70119015139256
339	1.46692306421476	1.39580894201729
340	5.3440734357843	4.83357245597679
341	5.23292947675027	3.57248308535741
342	12.0460714848872	4.15747733515771
343	1.62997162363475	6.76879483991604
344	2.88644765006361	6.62985064550681
345	4.668533833276	3.23751831512347
346	0.803780709811993	5.23009501227646
347	12.6076383930942	7.22774980710265
348	5.9359075149856	3.11231645569678
349	7.42547261116105	7.73276607552825
350	-2.9985591613619	2.26379592280405
351	10.8055576418856	4.06312758847352
352	8.12978496903149	4.47703462720573
353	-0.0621291524143852	6.12143397571116
354	0.475089487267889	5.22605847486376
355	2.05153761369778	4.88542006731676
356	6.02462503540665	7.18642354918065
357	8.74066847700793	4.67524867616173
358	8.39276821289705	7.94669787948808
359	-0.0540511022314258	6.48879853954564
360	10.2448781354606	6.95721820867655
361	3.19817493684269	6.43814833265172
362	-0.475229338323001	2.04383567876106
363	4.11027026380791	5.27571198441158
364	5.69035499382832	2.87264588693861
365	-1.18604411447534	2.14805917101745
366	5.09384561388329	5.51411887110624
367	8.82429058176307	8.02926456720051
368	-2.44773827934238	6.07311934109332
369	6.91695793778167	3.27772194571154
370	0.767720897728969	6.05779843872626
371	14.6158719177026	3.94958643217723
372	1.15683106764185	2.43609973007649
373	1.38770604247118	2.32437331479495
374	0.0230024708188306	5.67083087012696
375	-0.621341522821964	5.74906397063299
376	-0.0667370358522751	2.04130607995429
377	11.5106223174834	3.84949173792287
378	10.3809630483758	3.15277889170553
379	11.8207729573972	4.13038850694277
380	2.4545735165825	1.98632396060646
381	-0.553269126895843	6.37378082488836
382	9.63762828435777	7.11158640247874
383	0.453897148631049	2.10606822076253
384	2.26581546078627	4.86455017180348
385	1.12986398833778	2.17370265094866
386	7.45632988097753	7.12646554067818
387	8.15088203201351	3.0301996544501
388	5.63187883421854	3.27215657385474
389	0.0479606144664847	1.69368444234824
390	5.85334177583055	4.5455298533509
391	7.47175317907716	3.36399539882681
392	0.94456294939532	5.68850148377165
393	8.52163708262522	7.7623914312307
394	2.08564079178643	1.81193150227399
395	0.0115136148397563	6.44936611655498
396	7.32992453795833	4.23644963352728
397	12.8789455866351	7.69407961646827
398	-1.0826905038033	2.43687390998237
399	1.73616109502928	6.1992943876269
400	2.98812319560942	2.85200687256946
401	2.13777704125361	4.72509376967461
402	0.370577449836003	4.85724376326456
403	7.16402454575909	5.10604870161488
404	3.27689919299469	5.52172179664597
405	7.78067610730869	4.64598029100295
406	-1.62928343012448	5.5095522178967
407	1.91628439509508	5.56692337592371
408	11.1582838640615	5.21505615804007
409	11.150414870694	5.17578403042992
410	8.66180901230595	4.47257908442687
411	9.90929073231001	4.65130103949517
412	9.15011536979567	4.6148375361022
413	7.66580506057516	5.24756221303305
414	-4.34858158202059	4.87209279423052
415	6.76808851786802	5.35021615158767
416	4.77210484422042	5.01289488073353
417	7.49602192084265	5.28548565266636
418	5.03162066214857	5.62546616575479
419	1.68542638489522	4.86704982484552
420	5.25455808507939	5.35964109242069
421	2.45984371888309	5.55456547629359
422	8.10240287198131	4.6589462326385
423	9.99457053677909	5.2037468924037
424	5.90181810027828	4.55162078763275
425	4.53342840149862	4.72721580714861
426	-0.00841014455275049	4.87458466090507
427	6.83559412691964	4.41259213494954
428	-2.87807712491032	4.86996610172766
429	-0.766931271538603	5.47397989683592
430	1.13053242829008	4.81785864947498
431	6.65043333581921	4.99353491352989
432	9.44511717584912	5.13915890056773
433	5.38820949799105	5.00774110434596
434	7.81299269178465	4.62681219525798
435	-1.29491353050677	5.42152716005409
436	8.67049521087237	5.22456184558668
437	2.31378192939679	5.38045811222869
438	9.88122450101968	4.5297913030878
439	9.40661557055468	5.2930372526017
440	2.15311722002144	4.90577099501433
441	1.41268317376875	5.41356083860483
442	9.39955268545147	5.19802835192658
443	5.13947219406398	5.36644292045018
444	9.08499027724131	5.08148539019126
445	5.36810319444381	5.05258421234725
446	1.96156831766021	5.37440483535042
447	8.39846714223112	4.42491388032978
448	5.18780636190517	4.98752325745803
449	6.50776261402182	5.30370044698446
450	10.4478676194402	5.25463818070485
451	4.4694732489229	4.98800611497281
452	-0.871306030983109	5.46346720764575
453	2.30034665122364	4.93901780651039
454	2.34588715545427	4.69942192733999
455	12.3909498764063	4.483601715146
456	13.9387180330806	4.51928345189538
457	0.23706642464464	4.78801475700378
458	4.02049231090547	5.03884391950312
459	10.7951485216016	5.21655259109194
460	0.233671824257256	4.90026233948573
461	4.94907873701757	5.52750796692925
462	1.83688095080756	4.75991726974833
463	4.02100722935262	4.96500849003972
464	0.533242306116686	4.80799923629946
465	8.37055999542821	5.20275120020037
466	4.19978810011259	4.71580755274197
467	0.11697167428337	4.98915343211529
468	7.66056494244898	5.34583977425493
469	10.1163885197263	4.50041913848549
470	4.45354499695112	5.48095890369083
471	1.2721136596478	4.8162769696559
472	-0.433043155965496	5.43648429187222
473	1.40126937391547	4.82571027713131
474	-1.42564467382355	4.80971006964898
475	1.09277664001855	4.9864339567512
476	0.58298273947091	5.50187801696844
477	-0.599831042607216	5.46734684693531
478	0.158479537609441	4.87938829716145
479	4.22277918280051	5.35948674632425
480	0.391714334442204	5.58668444904258
481	0.33177022213654	4.93475686032946
482	7.5173302663086	5.2791594364102
483	2.69585614553595	4.89178931655767
484	-2.37380881558173	4.79927000294936
485	6.47047610945289	5.33440718267632
486	7.73251541197951	4.6472325916001
487	9.98290102516725	5.27743224206277
488	9.31726091151868	4.54683236752
489	5.30332070511052	4.70027871815734
490	10.0747615832888	4.57362109240108
491	3.82923596449484	4.69301634269745
492	11.5969566128186	4.46904415190034
493	12.2741860713448	5.19211351987784
494	1.49729153160628	5.48213380786764
495	7.15395395372344	5.36146248891045
496	4.05029911945523	5.38426210628917
497	-0.109726383816623	4.96030919309516
498	-0.553939803402985	4.90429555461307
499	-0.226251676677918	5.40107153440737
500	8.81242485221115	5.14581189378946
501	8.55632071564338	5.20752757986308
502	0.175002105410684	4.83378413580774
503	1.30168454422251	4.73098325071899
504	3.50342881885624	5.6264304580136
505	8.68840932869351	5.18121209104563
506	10.0117443452968	4.66026706518814
507	11.2590644663253	4.55635228623729
508	5.52246623443888	4.9886238987733
509	1.11859344544774	5.54138860701768
510	12.9970950903469	5.13816127564721
511	1.0340007896917	5.60596207735692
512	5.8384678084801	5.30305438438868
513	2.91957960781285	4.83815913827641
514	0.0349888098504865	4.93080805619974
515	8.9947178895006	4.57970356234193
516	6.34460717134618	4.41220447061051
517	6.99388021776221	5.28294164274229
518	9.43567368757619	4.5238920207979
519	2.98403160328304	4.94916592353694
520	9.61489063798503	5.1894024605058
521	2.1282747074767	5.62538253049912
522	7.42181550735181	5.0102849018645
523	3.63732299504189	4.9963478545432
524	8.14695862208917	4.61097720349434
525	5.21783591565566	5.33159821474312
526	3.79803920581527	4.95859996144496
527	5.52105325366223	5.02959166869706
528	6.72285671406426	4.65324772783272
529	4.20797677855704	4.67941740862125
530	8.91230044113409	5.13438206463716
531	9.03218425560953	5.10855105523542
532	8.49667672673218	4.49151636000301
533	9.32091834610859	4.44004745015131
534	6.9123546798909	5.19274223794575
535	1.07035984447719	5.54701685898213
536	6.54460496586534	5.13733261182446
537	7.73540897138004	5.09123338916145
538	5.47983669390778	5.04800814235701
539	1.46692306421476	5.6170240651474
540	5.3440734357843	5.02521874699455
541	5.23292947675027	5.24231320191213
542	12.0460714848872	5.14160740678839
543	1.62997162363475	4.69207340585251
544	2.88644765006361	4.71599241972416
545	4.668533833276	5.29997683456555
546	0.803780709811993	4.95695804301278
547	12.6076383930942	4.61306506532217
548	5.9359075149856	5.32153012813867
549	7.42547261116105	4.52612734776412
550	-2.9985591613619	5.46760153819603
551	10.8055576418856	5.15784956004511
552	8.12978496903149	5.08659614608922
553	-0.0621291524143852	4.80351551076892
554	0.475089487267889	4.95765292626989
555	2.05153761369778	5.01629326622779
556	6.02462503540665	4.62017931245356
557	8.74066847700793	5.05247392452615
558	8.39276821289705	4.48929934060442
559	-0.0540511022314258	4.74027430709236
560	10.2448781354606	4.65963663373484
561	3.19817493684269	4.74899365665892
562	-0.475229338323001	5.50546733137182
563	4.11027026380791	4.94910515650736
564	5.69035499382832	5.36278902120094
565	-1.18604411447534	5.48752542910212
566	5.09384561388329	4.90806380422782
567	8.82429058176307	4.4750856215129
568	-2.44773827934238	4.8118327954208
569	6.91695793778167	5.29305584587786
570	0.767720897728969	4.81447026349064
571	14.6158719177026	5.17739548280929
572	1.15683106764185	5.43793972199846
573	1.38770604247118	5.45717324009046
574	0.0230024708188306	4.88108609210125
575	-0.621341522821964	4.86761839289883
576	-0.0667370358522751	5.50590279763369
577	11.5106223174834	5.19462661931361
578	10.3809630483758	5.31456458652473
579	11.8207729573972	5.14627070388112
580	2.4545735165825	5.51536787878347
581	-0.553269126895843	4.76007441694272
582	9.63762828435777	4.63306240381041
583	0.453897148631049	5.49475410192218
584	2.26581546078627	5.01988598431439
585	1.12986398833778	5.48311094633226
586	7.45632988097753	4.63050098471331
587	8.15088203201351	5.33566640001722
588	5.63187883421854	5.29401391546263
589	0.0479606144664847	5.56574528912704
590	5.85334177583055	5.07480480589488
591	7.47175317907716	5.27820401323675
592	0.94456294939532	4.87804412511094
593	8.52163708262522	4.52102739164855
594	2.08564079178643	5.54538925281569
595	0.0115136148397563	4.74706253366431
596	7.32992453795833	5.12801245589311
597	12.8789455866351	4.5327871578759
598	-1.0826905038033	5.43780644820471
599	1.73616109502928	4.79011196929255
600	2.98812319560942	5.36634199347943
601	2.13777704125361	7.76896141618262
602	0.370577449836003	6.44940468386508
603	7.16402454575909	3.96501386011119
604	3.27689919299469	-0.185604812588008
605	7.78067610730869	8.55893287635667
606	-1.62928343012448	-0.0640879730345094
607	1.91628439509508	-0.636955937374259
608	11.1582838640615	2.87654219930288
609	11.150414870694	3.26868599721481
610	8.66180901230595	10.2903951588251
611	9.90929073231001	8.50580363054178
612	9.15011536979567	8.86990248578178
613	7.66580506057516	2.55195963564299
614	-4.34858158202059	6.30113272223096
615	6.76808851786802	1.52692972804442
616	4.77210484422042	4.89518228574511
617	7.49602192084265	2.1732828856762
618	5.03162066214857	-1.22152299145941
619	1.68542638489522	6.35148826158495
620	5.25455808507939	1.43281890904207
621	2.45984371888309	-0.513558658182338
622	8.10240287198131	8.42946411808252
623	9.99457053677909	2.98946855822758
624	5.90181810027828	9.50114039788431
625	4.53342840149862	7.74777224500694
626	-0.00841014455275049	6.27625069721439
627	6.83559412691964	10.8893825736835
628	-2.87807712491032	6.32236837524524
629	-0.766931271538603	0.291112163301192
630	1.13053242829008	6.84267668216264
631	6.65043333581921	5.08849727855753
632	9.44511717584912	3.63439874050572
633	5.38820949799105	4.94664426575979
634	7.81299269178465	8.75033197596214
635	-1.29491353050677	0.814868238263394
636	8.67049521087237	2.78162510050717
637	2.31378192939679	1.22495481546015
638	9.88122450101968	9.71911425101742
639	9.40661557055468	2.09787792905266
640	2.15311722002144	5.96484593651603
641	1.41268317376875	0.894414311741029
642	9.39955268545147	3.04656987454717
643	5.13947219406398	1.36490064643335
644	9.08499027724131	4.21028578239087
645	5.36810319444381	4.49887258258629
646	1.96156831766021	1.28539857364967
647	8.39846714223112	10.7663463053592
648	5.18780636190517	5.14852544069741
649	6.50776261402182	1.99140278248975
650	10.4478676194402	2.48130400770583
651	4.4694732489229	5.14370396574253
652	-0.871306030983109	0.396084471046437
653	2.30034665122364	5.63286670030172
654	2.34588715545427	8.02530234714586
655	12.3909498764063	10.180330934241
656	13.9387180330806	9.82403824992558
657	0.23706642464464	7.14067676645427
658	4.02049231090547	4.63607346647547
659	10.7951485216016	2.86159987312931
660	0.233671824257256	6.01985148960999
661	4.94907873701757	-0.243381432504667
662	1.83688095080756	7.42123847865664
663	4.02100722935262	5.37334204580124
664	0.533242306116686	6.94112583587836
665	8.37055999542821	2.99941083907476
666	4.19978810011259	7.86168703605095
667	0.11697167428337	5.13224766507745
668	7.66056494244898	1.57062914879884
669	10.1163885197263	10.0124039931567
670	4.45354499695112	0.22142471776977
671	1.2721136596478	6.85847022249468
672	-0.433043155965496	0.665516857679716
673	1.40126937391547	6.76427586009599
674	-1.42564467382355	6.92404265938388
675	1.09277664001855	5.15940243011047
676	0.58298273947091	0.0125411907282022
677	-0.599831042607216	0.357345126424268
678	0.158479537609441	6.22828496986537
679	4.22277918280051	1.43436010041955
680	0.391714334442204	-0.834276091265008
681	0.33177022213654	5.67541350689887
682	7.5173302663086	2.23645202419933
683	2.69585614553595	6.10445712706834
684	-2.37380881558173	7.02828981010319
685	6.47047610945289	1.68478695369586
686	7.73251541197951	8.54642828487721
687	9.98290102516725	2.25369857009206
688	9.31726091151868	9.54895418754331
689	5.30332070511052	8.01674703767888
690	10.0747615832888	9.28146085434864
691	3.82923596449484	8.08926400245793
692	11.5969566128186	10.3256925045681
693	12.2741860713448	3.10563122020762
694	1.49729153160628	0.209692952415699
695	7.15395395372344	1.41463172692432
696	4.05029911945523	1.18697081080115
697	-0.109726383816623	5.42026591429272
698	-0.553939803402985	5.97957864487054
699	-0.226251676677918	1.01912370436391
700	8.81242485221115	3.56796663742875
701	8.55632071564338	2.95171727686698
702	0.175002105410684	6.68365599563103
703	1.30168454422251	7.71015320779111
704	3.50342881885624	-1.23115173458279
705	8.68840932869351	3.21448520813944
706	10.0117443452968	8.41627521480839
707	11.2590644663253	9.4538949863034
708	5.52246623443888	5.13753521195828
709	1.11859344544774	-0.381983725096509
710	12.9970950903469	3.64436032010511
711	1.0340007896917	-1.02676890593916
712	5.8384678084801	1.99785390840051
713	2.91957960781285	6.6399703033006
714	0.0349888098504865	5.7148434828862
715	8.9947178895006	9.22072559480356
716	6.34460717134618	10.8932535166518
717	6.99388021776221	2.19868557644589
718	9.43567368757619	9.77802032774139
719	2.98403160328304	5.53153475333029
720	9.61489063798503	3.13270194907342
721	2.1282747074767	-1.22068786871984
722	7.42181550735181	4.9212436959221
723	3.63732299504189	5.06040923140068
724	8.14695862208917	8.90844904748266
725	5.21783591565566	1.7128353284738
726	3.79803920581527	5.43733309734614
727	5.52105325366223	4.72845992453389
728	6.72285671406426	8.48636537230388
729	4.20797677855704	8.22505337728213
730	8.91230044113409	3.68209685868292
731	9.03218425560953	3.94002711984037
732	8.49667672673218	10.1013008668058
733	9.32091834610859	10.6152331391795
734	6.9123546798909	3.09935328453243
735	1.07035984447719	-0.438183483939579
736	6.54460496586534	3.65263477322037
737	7.73540897138004	4.11294913243494
738	5.47983669390778	4.54456599352893
739	1.46692306421476	-1.13722612250955
740	5.3440734357843	4.77212483979945
741	5.23292947675027	2.60437256260919
742	12.0460714848872	3.60994968243296
743	1.62997162363475	8.09867950546398
744	2.88644765006361	7.85984108461118
745	4.668533833276	2.02858415270728
746	0.803780709811993	5.4537281380286
747	12.6076383930942	8.88760113023187
748	5.9359075149856	1.81336814803398
749	7.42547261116105	9.75569992751223
750	-2.9985591613619	0.354801958932341
751	10.8055576418856	3.44776698310013
752	8.12978496903149	4.15925337467613
753	-0.0621291524143852	6.9858971601059
754	0.475089487267889	5.44678952338939
755	2.05153761369778	4.86124840246486
756	6.02462503540665	8.81656327058029
757	8.74066847700793	4.49997383906672
758	8.39276821289705	10.1234384605629
759	-0.0540511022314258	7.61737926467719
760	10.2448781354606	8.42257025914295
761	3.19817493684269	7.53031398295133
762	-0.475229338323001	-0.0232991741232309
763	4.11027026380791	5.53214153007541
764	5.69035499382832	1.40138591005364
765	-1.18604411447534	0.155856021328581
766	5.09384561388329	5.94195155906357
767	8.82429058176307	10.2653666454153
768	-2.44773827934238	6.9028466153511
769	6.91695793778167	2.09769226969647
770	0.767720897728969	6.87651071738179
771	14.6158719177026	3.25259516907143
772	1.15683106764185	0.650983957833753
773	1.38770604247118	0.458931596762857
774	0.0230024708188306	6.21133198574448
775	-0.621341522821964	6.34581094157795
776	-0.0667370358522751	-0.0276474334151541
777	11.5106223174834	3.08053717979667
778	10.3809630483758	1.8829211391559
779	11.8207729573972	3.56338528309898
780	2.4545735165825	-0.122159065340554
781	-0.553269126895843	7.41966931748837
782	9.63762828435777	8.68792179681875
783	0.453897148631049	0.0836755873663301
784	2.26581546078627	4.82537405083076
785	1.12986398833778	0.199935936131655
786	7.45632988097753	8.71349832332506
787	8.15088203201351	1.67221329648635
788	5.63187883421854	2.08812566181202
789	0.0479606144664847	-0.625192392620556
790	5.85334177583055	4.27699339050065
791	7.47175317907716	2.24599220688478
792	0.94456294939532	6.24170692495183
793	8.52163708262522	9.80662449620874
794	2.08564079178643	-0.421931355459327
795	0.0115136148397563	7.54959681664089
796	7.32992453795833	3.7456992840187
797	12.8789455866351	9.68919975577379
798	-1.0826905038033	0.652314736042677
799	1.73616109502928	7.11973548208813
800	2.98812319560942	1.36590843205719
801	2.13777704125361	2.86646200654404
802	0.370577449836003	3.88523233703335
803	7.16402454575909	5.80331861448738
804	3.27689919299469	9.00782438021849
805	7.78067610730869	2.25656061629069
806	-1.62928343012448	8.91400670056897
807	1.91628439509508	9.35629225833512
808	11.1582838640615	6.64367856753189
809	11.150414870694	6.34092200025916
810	8.66180901230595	0.919776559539971
811	9.90929073231001	2.29757931445793
812	9.15011536979567	2.01647498449694
813	7.66580506057516	6.89427414826912
814	-4.34858158202059	3.9997064415995
815	6.76808851786802	7.68565358058165
816	4.77210484422042	5.08517746057923
817	7.49602192084265	7.18663341427411
818	5.03162066214857	9.80761015645803
819	1.68542638489522	3.96082919728464
820	5.25455808507939	7.75831230591683
821	2.45984371888309	9.2610227759211
822	8.10240287198131	2.35651761429208
823	9.99457053677909	6.55649321112768
824	5.90181810027828	1.52912461858988
825	4.53342840149862	2.88282121141394
826	-0.00841014455275049	4.01891673262265
827	6.83559412691964	0.457325350244493
828	-2.87807712491032	3.98331135019519
829	-0.766931271538603	8.63977267074517
830	1.13053242829008	3.58160473704821
831	6.65043333581921	4.93592766002677
832	9.44511717584912	6.05857166001098
833	5.38820949799105	5.0454459832557
834	7.81299269178465	2.10878999060644
835	-1.29491353050677	8.23540419115135
836	8.67049521087237	6.71695978518697
837	2.31378192939679	7.91879481199551
838	9.88122450101968	1.36083682242636
839	9.40661557055468	7.2448501856326
840	2.15311722002144	4.25933832511866
841	1.41268317376875	8.17399024995338
842	9.39955268545147	6.51240785619481
843	5.13947219406398	7.81074893796873
844	9.08499027724131	5.61395520842771
845	5.36810319444381	5.39115033569322
846	1.96156831766021	7.87212890821234
847	8.39846714223112	0.552316112424773
848	5.18780636190517	4.88958261923833
849	6.50776261402182	7.32705485148451
850	10.4478676194402	6.94882417682156
851	4.4694732489229	4.8933050629294
852	-0.871306030983109	8.55872827906825
853	2.30034665122364	4.51564454364679
854	2.34588715545427	2.66855271734152
855	12.3909498764063	1.00475219090799
856	13.9387180330806	1.27982972782712
857	0.23706642464464	3.35153229156387
858	4.02049231090547	5.28522371169903
859	10.7951485216016	6.65521486468479
860	0.233671824257256	4.21687101459548
861	4.94907873701757	9.05243110664826
862	1.83688095080756	3.13492322788151
863	4.02100722935262	4.71601184242235
864	0.533242306116686	3.50559657884557
865	8.37055999542821	6.54881722380828
866	4.19978810011259	2.79487273108168
867	0.11697167428337	4.90214995677057
868	7.66056494244898	7.6519152256979
869	10.1163885197263	1.13440102000078
870	4.45354499695112	8.6935752092615
871	1.2721136596478	3.5694112557756
872	-0.433043155965496	8.35071166647986
873	1.40126937391547	3.64213448120495
874	-1.42564467382355	3.51878573012406
875	1.09277664001855	4.88118498552719
876	0.58298273947091	8.85484477400705
877	-0.599831042607216	8.5886371825334
878	0.158479537609441	4.05594891070695
879	4.22277918280051	7.7571224214575
880	0.391714334442204	9.50863426339497
881	0.33177022213654	4.48279607024912
882	7.5173302663086	7.13786336706522
883	2.69585614553595	4.15155081189126
884	-2.37380881558173	3.43830119953147
885	6.47047610945289	7.56377912531318
886	7.73251541197951	2.2662148482628
887	9.98290102516725	7.12454808563122
888	9.31726091151868	1.49220974475396
889	5.30332070511052	2.67515788651664
890	10.0747615832888	1.69872930150223
891	3.82923596449484	2.61917080360866
892	11.5969566128186	0.892525068408715
893	12.2741860713448	6.46680925087228
894	1.49729153160628	8.70263277698426
895	7.15395395372344	7.77235381022125
896	4.05029911945523	7.9481205514897
897	-0.109726383816623	4.67978403664477
898	-0.553939803402985	4.2479638644443
899	-0.226251676677918	8.07770774384665
900	8.81242485221115	6.10986089521344
901	8.55632071564338	6.58563927544322
902	0.175002105410684	3.70437744806907
903	1.30168454422251	2.91186517598055
904	3.50342881885624	9.81504407542018
905	8.68840932869351	6.38276798872388
906	10.0117443452968	2.36670017258481
907	11.2590644663253	1.56560067330702
908	5.52246623443888	4.89806767993372
909	1.11859344544774	9.15943969519327
910	12.9970950903469	6.05088077299407
911	1.0340007896917	9.65724929723136
912	5.8384678084801	7.32207422767716
913	2.91957960781285	3.73810520385488
914	0.0349888098504865	4.45235396140758
915	8.9947178895006	1.74562026035507
916	6.34460717134618	0.454336769495707
917	6.99388021776221	7.16702114066969
918	9.43567368757619	1.31535809325759
919	2.98403160328304	4.59387837670366
920	9.61489063798503	6.44590916016927
921	2.1282747074767	9.80696539579822
922	7.42181550735181	5.06505661938402
923	3.63732299504189	4.95761317637022
924	8.14695862208917	1.98671492004388
925	5.21783591565566	7.54212423822695
926	3.79803920581527	4.6666072331819
927	5.52105325366223	5.21389628779691
928	6.72285671406426	2.31258671829602
929	4.20797677855704	2.5143339422002
930	8.91230044113409	6.02174609091721
931	9.03218425560953	5.82260975144278
932	8.49667672673218	1.06576774707747
933	9.32091834610859	0.668983783074883
934	6.9123546798909	6.47165616229788
935	1.07035984447719	9.20282899819763
936	6.54460496586534	6.04449244036054
937	7.73540897138004	5.6891044525759
938	5.47983669390778	5.3558725107789
939	1.46692306421476	9.7425283400147
940	5.3440734357843	5.18018457304725
941	5.23292947675027	6.85380848762755
942	12.0460714848872	6.07744767675426
943	1.62997162363475	2.61190151773843
944	2.88644765006361	2.79629790706109
945	4.668533833276	7.29834878989818
946	0.803780709811993	4.6539493605756
947	12.6076383930942	2.00281065812579
948	5.9359075149856	7.46450737545784
949	7.42547261116105	1.33259066913796
950	-2.9985591613619	8.5906006476295
951	10.8055576418856	6.20266163546657
952	8.12978496903149	5.65335503232304
953	-0.0621291524143852	3.47103065556039
954	0.475089487267889	4.65930635247751
955	2.05153761369778	5.11137628374274
956	6.02462503540665	2.05765579057219
957	8.74066847700793	5.39030010515668
958	8.39276821289705	1.04867630784203
959	-0.0540511022314258	2.98349175964472
960	10.2448781354606	2.36184005233374
961	3.19817493684269	3.05071094292471
962	-0.475229338323001	8.88251550573862
963	4.11027026380791	4.59340991170324
964	5.69035499382832	7.78258030893893
965	-1.18604411447534	8.74419784708157
966	5.09384561388329	4.27701404296569
967	8.82429058176307	0.939099947654865
968	-2.44773827934238	3.53515024121744
969	6.91695793778167	7.24499352486087
970	0.767720897728969	3.5554830020763
971	14.6158719177026	6.35334500406339
972	1.15683106764185	8.36193186400258
973	1.38770604247118	8.51020684344648
974	0.0230024708188306	4.06903754631664
975	-0.621341522821964	3.96521240039987
976	-0.0667370358522751	8.88587260092627
977	11.5106223174834	6.4861832294339
978	10.3809630483758	7.41080864313631
979	11.8207729573972	6.11339795258303
980	2.4545735165825	8.95884077586985
981	-0.553269126895843	3.13613470655677
982	9.63762828435777	2.15697407945584
983	0.453897148631049	8.79992510970061
984	2.26581546078627	5.13907325513871
985	1.12986398833778	8.71016572987733
986	7.45632988097753	2.13722759510739
987	8.15088203201351	7.57348667982529
988	5.63187883421854	7.25237947200313
989	0.0479606144664847	9.347210155169
990	5.85334177583055	5.56245326819601
991	7.47175317907716	7.13049782162913
992	0.94456294939532	4.04558642360476
993	8.52163708262522	1.29327410289237
994	2.08564079178643	9.19028146166701
995	0.0115136148397563	3.03582353538129
996	7.32992453795833	5.97264152247214
997	12.8789455866351	1.38393245708866
998	-1.0826905038033	8.36090443007533
999	1.73616109502928	3.36770011419101
1000	2.98812319560942	7.80997087207136
1001	2.13777704125361	10.763188890391
1002	0.370577449836003	8.01548782033944
1003	7.16402454575909	2.84226323842564
1004	3.27689919299469	-5.30389799172775
1005	7.78067610730869	12.408139329633
1006	-1.62928343012448	-5.30389799172775
1007	1.91628439509508	-5.30389799172775
1008	11.1582838640615	0.575748526419963
1009	11.150414870694	1.39230601633123
1010	8.66180901230595	15.7130630218298
1011	9.90929073231001	12.2975087807515
1012	9.15011536979567	13.0556685397415
1013	7.66580506057516	-0.100126815386666
1014	-4.34858158202059	7.70674245330608
1015	6.76808851786802	-2.23453733746927
1016	4.77210484422042	4.77914455307268
1017	7.49602192084265	-0.888641992949374
1018	5.03162066214857	-5.30389799172775
1019	1.68542638489522	7.81159733826655
1020	5.25455808507939	-2.43050344619583
1021	2.45984371888309	-5.30389799172775
1022	8.10240287198131	12.1385477031909
1023	9.99457053677909	0.810894064050212
1024	5.90181810027828	14.3700895449643
1025	4.53342840149862	10.7190668705589
1026	-0.00841014455275049	7.6549308372621
1027	6.83559412691964	15.7130630218298
1028	-2.87807712491032	7.75096126185106
1029	-0.766931271538603	-5.30389799172775
1030	1.13053242829008	8.83439455172771
1031	6.65043333581921	5.1816826172564
1032	9.44511717584912	2.15382635983861
1033	5.38820949799105	4.88630336943138
1034	7.81299269178465	12.8066879466896
1035	-1.29491353050677	-3.71725654877412
1036	8.67049521087237	0.378103508559224
1037	2.31378192939679	-2.86333697155493
1038	9.88122450101968	15.7130630218298
1039	9.40661557055468	-1.0456570533309
1040	2.15311722002144	7.00649551558612
1041	1.41268317376875	-3.55161847815549
1042	9.39955268545147	0.929795619481741
1043	5.13947219406398	-2.57192903122412
1044	9.08499027724131	3.35299074774452
1045	5.36810319444381	3.95391243627781
1046	1.96156831766021	-2.73747547959498
1047	8.39846714223112	15.7130630218298
1048	5.18780636190517	5.30667871731441
1049	6.50776261402182	-1.26736928970514
1050	10.4478676194402	-0.247252391524009
1051	4.4694732489229	5.29663900354668
1052	-0.871306030983109	-5.30389799172775
1053	2.30034665122364	6.31521814930045
1054	2.34588715545427	11.2969652965549
1055	12.3909498764063	15.7130630218298
1056	13.9387180330806	15.7130630218298
1057	0.23706642464464	9.45491743674645
1058	4.02049231090547	4.2396045980784
1059	10.7951485216016	0.54463425553593
1060	0.233671824257256	7.12103308217455
1061	4.94907873701757	-5.30389799172775
1062	1.83688095080756	10.0391285570065
1063	4.02100722935262	5.77481230435939
1064	0.533242306116686	9.03939433565914
1065	8.37055999542821	0.831596785694155
1066	4.19978810011259	10.9562706114671
1067	0.11697167428337	5.27278365210529
1068	7.66056494244898	-2.14354242817372
1069	10.1163885197263	15.7130630218298
1070	4.45354499695112	-5.30389799172775
1071	1.2721136596478	8.86728129816871
1072	-0.433043155965496	-4.02824958014058
1073	1.40126937391547	8.67114122778224
1074	-1.42564467382355	9.0038221914806
1075	1.09277664001855	5.32932777416603
1076	0.58298273947091	-5.30389799172775
1077	-0.599831042607216	-5.30389799172775
1078	0.158479537609441	7.55505223626309
1079	4.22277918280051	-2.42729423730518
1080	0.391714334442204	-5.30389799172775
1081	0.33177022213654	6.40381298054271
1082	7.5173302663086	-0.757105466126911
1083	2.69585614553595	7.29720663718982
1084	-2.37380881558173	9.22089509222522
1085	6.47047610945289	-1.90583266171346
1086	7.73251541197951	12.3821011316934
1087	9.98290102516725	-0.721193139325376
1088	9.31726091151868	14.4696517674831
1089	5.30332070511052	11.2791506528936
1090	10.0747615832888	13.9126528148426
1091	3.82923596449484	11.4301520739317
1092	11.5969566128186	15.7130630218298
1093	12.2741860713448	1.05277852631356
1094	1.49729153160628	-5.30389799172775
1095	7.15395395372344	-2.46837445131616
1096	4.05029911945523	-2.94243072151677
1097	-0.109726383816623	5.87252145206579
1098	-0.553939803402985	7.03717330117806
1099	-0.226251676677918	-3.29193723583895
1100	8.81242485221115	2.01549539138546
1101	8.55632071564338	0.7322849117115
1102	0.175002105410684	8.50326721188545
1103	1.30168454422251	10.6407330890089
1104	3.50342881885624	-5.30389799172775
1105	8.68840932869351	1.27944420259285
1106	10.0117443452968	12.1110845689796
1107	11.2590644663253	14.2717108509858
1108	5.52246623443888	5.28379386323649
1109	1.11859344544774	-5.30389799172775
1110	12.9970950903469	2.17456926710004
1111	1.0340007896917	-5.30389799172775
1112	5.8384678084801	-1.25393616846533
1113	2.91957960781285	8.41230088916325
1114	0.0349888098504865	6.48591766354655
1115	8.9947178895006	13.7861843322418
1116	6.34460717134618	15.7130630218298
1117	6.99388021776221	-0.835746199308508
1118	9.43567368757619	15.7130630218298
1119	2.98403160328304	6.10421555100004
1120	9.61489063798503	1.10914766062202
1121	2.1282747074767	-5.30389799172775
1122	7.42181550735181	4.83341199218807
1123	3.63732299504189	5.12319513025537
1124	8.14695862208917	13.1359336971526
1125	5.21783591565566	-1.84742778414886
1126	3.79803920581527	5.90806029324642
1127	5.52105325366223	4.43198008557985
1128	6.72285671406426	12.2570326711215
1129	4.20797677855704	11.7129050631501
1130	8.91230044113409	2.25314772067527
1131	9.03218425560953	2.79023357475317
1132	8.49667672673218	15.7130630218298
1133	9.32091834610859	15.7130630218298
1134	6.9123546798909	1.03970603753762
1135	1.07035984447719	-5.30389799172775
1136	6.54460496586534	2.19179908611581
1137	7.73540897138004	3.15030752034783
1138	5.47983669390778	4.04905941333947
1139	1.46692306421476	-5.30389799172775
1140	5.3440734357843	4.52290314440746
1141	5.23292947675027	0.00901214922353871
1142	12.0460714848872	2.10291630695268
1143	1.62997162363475	11.4497578908331
1144	2.88644765006361	10.9524268034503
1145	4.668533833276	-1.18994685819417
1146	0.803780709811993	5.94219953843644
1147	12.6076383930942	13.0925222672873
1148	5.9359075149856	-1.63808920164194
1149	7.42547261116105	15.7130630218298
1150	-2.9985591613619	-5.30389799172775
1151	10.8055576418856	1.76520473640276
1152	8.12978496903149	3.24672642590757
1153	-0.0621291524143852	9.13262125987905
1154	0.475089487267889	5.92775132381867
1155	2.05153761369778	4.70848433429118
1156	6.02462503540665	12.944600773502
1157	8.74066847700793	3.95620557270428
1158	8.39276821289705	15.7130630218298
1159	-0.0540511022314258	10.4475507448748
1160	10.2448781354606	12.1241926829624
1161	3.19817493684269	10.2662554948083
1162	-0.475229338323001	-5.30389799172775
1163	4.11027026380791	6.1054790367381
1164	5.69035499382832	-2.49595609619577
1165	-1.18604411447534	-5.30389799172775
1166	5.09384561388329	6.95882276011935
1167	8.82429058176307	15.7130630218298
1168	-2.44773827934238	8.95968586036018
1169	6.91695793778167	-1.04604365013206
1170	0.767720897728969	8.90484685779306
1171	14.6158719177026	1.35880023016473
1172	1.15683106764185	-4.05851130627916
1173	1.38770604247118	-5.30389799172775
1174	0.0230024708188306	7.51975119048862
1175	-0.621341522821964	7.79977550607382
1176	-0.0667370358522751	-5.30389799172775
1177	11.5106223174834	1.00052543252806
1178	10.3809630483758	-1.49325963618981
1179	11.8207729573972	2.00595567862745
1180	2.4545735165825	-5.30389799172775
1181	-0.553269126895843	10.035861106873
1182	9.63762828435777	12.6767317941313
1183	0.453897148631049	-5.30389799172775
1184	2.26581546078627	4.63378349577604
1185	1.12986398833778	-5.30389799172775
1186	7.45632988097753	12.729989564357
1187	8.15088203201351	-1.93201467459921
1188	5.63187883421854	-1.06596411135749
1189	0.0479606144664847	-5.30389799172775
1190	5.85334177583055	3.49189539784008
1191	7.47175317907716	-0.737240029854788
1192	0.94456294939532	7.58300065215915
1193	8.52163708262522	15.7130630218298
1194	2.08564079178643	-5.30389799172775
1195	0.0115136148397563	10.3064079653044
1196	7.32992453795833	2.38558647671575
1197	12.8789455866351	15.7130630218298
1198	-1.0826905038033	-4.05574023882968
1199	1.73616109502928	9.41131158937979
1200	2.98812319560942	-2.56983052831841
1201	2.13777704125361	-1.95650096415606
1202	0.370577449836003	1.36265944359408
1203	7.16402454575909	7.61179709537128
1204	3.27689919299469	15.7130630218298
1205	7.78067610730869	-3.94356368730034
1206	-1.62928343012448	15.7130630218298
1207	1.91628439509508	15.7130630218298
1208	11.1582838640615	10.3496953251562
1209	11.150414870694	9.36331244649962
1210	8.66180901230595	-5.30389799172775
1211	9.90929073231001	-3.80992450007668
1212	9.15011536979567	-5.30389799172775
1213	7.66580506057516	11.1661373681245
1214	-4.34858158202059	1.73561682585916
1215	6.76808851786802	13.744456740635
1216	4.77210484422042	5.27208851347423
1217	7.49602192084265	12.1186457711682
1218	5.03162066214857	15.7130630218298
1219	1.68542638489522	1.60895450930903
1220	5.25455808507939	13.9811793435541
1221	2.45984371888309	15.7130630218298
1222	8.10240287198131	-3.61790313328279
1223	9.99457053677909	10.0656448630924
1224	5.90181810027828	-5.30389799172775
1225	4.53342840149862	-1.9032025675681
1226	-0.00841014455275049	1.79820407980361
1227	6.83559412691964	-5.30389799172775
1228	-2.87807712491032	1.68220151070713
1229	-0.766931271538603	15.7130630218298
1230	1.13053242829008	0.373438734656849
1231	6.65043333581921	4.78583168597083
1232	9.44511717584912	8.44341318911115
1233	5.38820949799105	5.14264310018825
1234	7.81299269178465	-5.30389799172775
1235	-1.29491353050677	15.7130630218298
1236	8.67049521087237	10.5884460121296
1237	2.31378192939679	14.5040323992148
1238	9.88122450101968	-5.30389799172775
1239	9.40661557055468	12.3083163934637
1240	2.15311722002144	2.58149920246162
1241	1.41268317376875	15.7130630218298
1242	9.39955268545147	9.9220144880455
1243	5.13947219406398	14.1520182341398
1244	9.08499027724131	6.99484987845725
1245	5.36810319444381	6.26895014413841
1246	1.96156831766021	14.351994579116
1247	8.39846714223112	-5.30389799172775
1248	5.18780636190517	4.63483923960987
1249	6.50776261402182	12.5761397330941
1250	10.4478676194402	11.3438617183477
1251	4.4694732489229	4.64696698553035
1252	-0.871306030983109	15.7130630218298
1253	2.30034665122364	3.41654654074652
1254	2.34588715545427	-2.60129072430882
1255	12.3909498764063	-5.30389799172775
1256	13.9387180330806	-5.30389799172775
1257	0.23706642464464	-0.376138799269862
1258	4.02049231090547	5.9238405095466
1259	10.7951485216016	10.3872806568213
1260	0.233671824257256	2.44314042669668
1261	4.94907873701757	15.7130630218298
1262	1.83688095080756	-1.08185254712607
1263	4.02100722935262	4.06934451218359
1264	0.533242306116686	0.125803657523165
1265	8.37055999542821	10.0406364461426
1266	4.19978810011259	-2.18973929238656
1267	0.11697167428337	4.67578370758218
1268	7.66056494244898	13.6345369595014
1269	10.1163885197263	-5.30389799172775
1270	4.45354499695112	15.7130630218298
1271	1.2721136596478	0.333712292826476
1272	-0.433043155965496	15.7130630218298
1273	1.40126937391547	0.570645037474655
1274	-1.42564467382355	0.168773998752454
1275	1.09277664001855	4.60747969399039
1276	0.58298273947091	15.7130630218298
1277	-0.599831042607216	15.7130630218298
1278	0.158479537609441	1.91885515849287
1279	4.22277918280051	13.9773026921941
1280	0.391714334442204	15.7130630218298
1281	0.33177022213654	3.30952599932165
1282	7.5173302663086	11.9597526380102
1283	2.69585614553595	2.23032677856272
1284	-2.37380881558173	-0.0934451289394444
1285	6.47047610945289	13.3473889673235
1286	7.73251541197951	-3.91211013631825
1287	9.98290102516725	11.9163713639083
1288	9.31726091151868	-5.30389799172775
1289	5.30332070511052	-2.57977103988495
1290	10.0747615832888	-5.30389799172775
1291	3.82923596449484	-2.76217732260849
1292	11.5969566128186	-5.30389799172775
1293	12.2741860713448	9.7734539333202
1294	1.49729153160628	15.7130630218298
1295	7.15395395372344	14.0269266565231
1296	4.05029911945523	14.599575850515
1297	-0.109726383816623	3.95131408373672
1298	-0.553939803402985	2.5444411351034
1299	-0.226251676677918	15.7130630218298
1300	8.81242485221115	8.61051385324811
1301	8.55632071564338	10.1606029314839
1302	0.175002105410684	0.773433031091516
1303	1.30168454422251	-1.80857714082714
1304	3.50342881885624	15.7130630218298
1305	8.68840932869351	9.49964695092963
1306	10.0117443452968	-3.58472829168862
1307	11.2590644663253	-5.30389799172775
1308	5.52246623443888	4.66248362291651
1309	1.11859344544774	15.7130630218298
1310	12.9970950903469	8.41835622884929
1311	1.0340007896917	15.7130630218298
1312	5.8384678084801	12.5599128281161
1313	2.91957960781285	0.883318280294582
1314	0.0349888098504865	3.21034540937775
1315	8.9947178895006	-5.30389799172775
1316	6.34460717134618	-5.30389799172775
1317	6.99388021776221	12.0547488553418
1318	9.43567368757619	-5.30389799172775
1319	2.98403160328304	3.67143288112924
1320	9.61489063798503	9.70536130095379
1321	2.1282747074767	15.7130630218298
1322	7.42181550735181	5.20653468110686
1323	3.63732299504189	4.85648324021686
1324	8.14695862208917	-5.30389799172775
1325	5.21783591565566	13.2768372033981
1326	3.79803920581527	3.90838397177158
1327	5.52105325366223	5.69145529541395
1328	6.72285671406426	-3.76103028010211
1329	4.20797677855704	-3.10373650356013
1330	8.91230044113409	8.32343524386593
1331	9.03218425560953	7.67464774589238
1332	8.49667672673218	-5.30389799172775
1333	9.32091834610859	-5.30389799172775
1334	6.9123546798909	9.7892452024829
1335	1.07035984447719	15.7130630218298
1336	6.54460496586534	8.3975429992978
1337	7.73540897138004	7.23968660797728
1338	5.47983669390778	6.15401475956463
1339	1.46692306421476	15.7130630218298
1340	5.3440734357843	5.58162230801169
1341	5.23292947675027	11.0342999807809
1342	12.0460714848872	8.50491137526292
1343	1.62997162363475	-2.78586070357374
1344	2.88644765006361	-2.18509605971346
1345	4.668533833276	12.4826151964755
1346	0.803780709811993	3.86714453993518
1347	12.6076383930942	-5.30389799172775
1348	5.9359075149856	13.0239609562529
1349	7.42547261116105	-5.30389799172775
1350	-2.9985591613619	15.7130630218298
1351	10.8055576418856	8.91285927266188
1352	8.12978496903149	7.12321476270247
1353	-0.0621291524143852	0.0131876531187213
1354	0.475089487267889	3.88459765462974
1355	2.05153761369778	5.35744445089362
1356	6.02462503540665	-5.30389799172775
1357	8.74066847700793	6.26618008748295
1358	8.39276821289705	-5.30389799172775
1359	-0.0540511022314258	-1.57521726223081
1360	10.2448781354606	-3.60056259529118
1361	3.19817493684269	-1.35621672294628
1362	-0.475229338323001	15.7130630218298
1363	4.11027026380791	3.66990661909031
1364	5.69035499382832	14.0602446563095
1365	-1.18604411447534	15.7130630218298
1366	5.09384561388329	2.63908680694972
1367	8.82429058176307	-5.30389799172775
1368	-2.44773827934238	0.222089683051221
1369	6.91695793778167	12.308783393608
1370	0.767720897728969	0.288333951070477
1371	14.6158719177026	9.40378667424096
1372	1.15683106764185	15.7130630218298
1373	1.38770604247118	15.7130630218298
1374	0.0230024708188306	1.96149801901502
1375	-0.621341522821964	1.62323501376014
1376	-0.0667370358522751	15.7130630218298
1377	11.5106223174834	9.83657448233683
1378	10.3809630483758	12.8490101347244
1379	11.8207729573972	8.62203760931924
1380	2.4545735165825	15.7130630218298
1381	-0.553269126895843	-1.07790554166919
1382	9.63762828435777	-4.26801727641146
1383	0.453897148631049	15.7130630218298
1384	2.26581546078627	5.4476813650644
1385	1.12986398833778	15.7130630218298
1386	7.45632988097753	-4.33235145172078
1387	8.15088203201351	13.3790162434901
1388	5.63187883421854	12.3328468577615
1389	0.0479606144664847	15.7130630218298
1390	5.85334177583055	6.82705621994224
1391	7.47175317907716	11.935755642749
1392	0.94456294939532	1.88509410765927
1393	8.52163708262522	-5.30389799172775
1394	2.08564079178643	15.7130630218298
1395	0.0115136148397563	-1.40471999420707
1396	7.32992453795833	8.16345223832996
1397	12.8789455866351	-5.30389799172775
1398	-1.0826905038033	15.7130630218298
1399	1.73616109502928	-0.323463927282024
1400	2.98812319560942	14.1494832903513
1401	2.13777704125361	15.7130630218298
1402	0.370577449836003	12.0787339629209
1403	7.16402454575909	-0.0707519405585843
1404	3.27689919299469	-5.30389799172775
1405	7.78067610730869	15.7130630218298
1406	-1.62928343012448	-5.30389799172775
1407	1.91628439509508	-5.30389799172775
1408	11.1582838640615	-5.30389799172775
1409	11.150414870694	-3.4760235562686
1410	8.66180901230595	15.7130630218298
1411	9.90929073231001	15.7130630218298
1412	9.15011536979567	15.7130630218298
1413	7.66580506057516	-5.30389799172775
1414	-4.34858158202059	11.3536354435853
1415	6.76808851786802	-5.30389799172775
1416	4.77210484422042	4.47807671677209
1417	7.49602192084265	-5.30389799172775
1418	5.03162066214857	-5.30389799172775
1419	1.68542638489522	11.5998905455176
1420	5.25455808507939	-5.30389799172775
1421	2.45984371888309	-5.30389799172775
1422	8.10240287198131	15.7130630218298
1423	9.99457053677909	-5.30389799172775
1424	5.90181810027828	15.7130630218298
1425	4.53342840149862	15.7130630218298
1426	-0.00841014455275049	11.2319541810003
1427	6.83559412691964	15.7130630218298
1428	-2.87807712491032	11.4574847512229
1429	-0.766931271538603	-5.30389799172775
1430	1.13053242829008	14.0019630112113
1431	6.65043333581921	5.42345043078256
1432	9.44511717584912	-1.68756830323316
1433	5.38820949799105	4.72974267640107
1434	7.81299269178465	15.7130630218298
1435	-1.29491353050677	-5.30389799172775
1436	8.67049521087237	-5.30389799172775
1437	2.31378192939679	-5.30389799172775
1438	9.88122450101968	15.7130630218298
1439	9.40661557055468	-5.30389799172775
1440	2.15311722002144	9.70908277356838
1441	1.41268317376875	-5.30389799172775
1442	9.39955268545147	-5.30389799172775
1443	5.13947219406398	-5.30389799172775
1444	9.08499027724131	1.12870819822654
1445	5.36810319444381	2.53999229547122
1446	1.96156831766021	-5.30389799172775
1447	8.39846714223112	15.7130630218298
1448	5.18780636190517	5.71700783034993
1449	6.50776261402182	-5.30389799172775
1450	10.4478676194402	-5.30389799172775
1451	4.4694732489229	5.6934292365803
1452	-0.871306030983109	-5.30389799172775
1453	2.30034665122364	8.08559543330388
1454	2.34588715545427	15.7130630218298
1455	12.3909498764063	15.7130630218298
1456	13.9387180330806	15.7130630218298
1457	0.23706642464464	15.7130630218298
1458	4.02049231090547	3.21094961378791
1459	10.7951485216016	-5.30389799172775
1460	0.233671824257256	9.97807796769741
1461	4.94907873701757	-5.30389799172775
1462	1.83688095080756	15.7130630218298
1463	4.02100722935262	6.81643475966452
1464	0.533242306116686	14.483411660048
1465	8.37055999542821	-5.30389799172775
1466	4.19978810011259	15.7130630218298
1467	0.11697167428337	5.637404169145
1468	7.66056494244898	-5.30389799172775
1469	10.1163885197263	15.7130630218298
1470	4.45354499695112	-5.30389799172775
1471	1.2721136596478	14.0791986030495
1472	-0.433043155965496	-5.30389799172775
1473	1.40126937391547	13.618557279145
1474	-1.42564467382355	14.3998693244292
1475	1.09277664001855	5.77019987577319
1476	0.58298273947091	-5.30389799172775
1477	-0.599831042607216	-5.30389799172775
1478	0.158479537609441	10.9973860435297
1479	4.22277918280051	-5.30389799172775
1480	0.391714334442204	-5.30389799172775
1481	0.33177022213654	8.29366327112058
1482	7.5173302663086	-5.30389799172775
1483	2.69585614553595	10.3918272819466
1484	-2.37380881558173	15.7130630218298
1485	6.47047610945289	-5.30389799172775
1486	7.73251541197951	15.7130630218298
1487	9.98290102516725	-5.30389799172775
1488	9.31726091151868	15.7130630218298
1489	5.30332070511052	15.7130630218298
1490	10.0747615832888	15.7130630218298
1491	3.82923596449484	15.7130630218298
1492	11.5969566128186	15.7130630218298
1493	12.2741860713448	-4.27341489091804
1494	1.49729153160628	-5.30389799172775
1495	7.15395395372344	-5.30389799172775
1496	4.05029911945523	-5.30389799172775
1497	-0.109726383816623	7.04590786563603
1498	-0.553939803402985	9.7811305491284
1499	-0.226251676677918	-5.30389799172775
1500	8.81242485221115	-2.01244307420522
1501	8.55632071564338	-5.30389799172775
1502	0.175002105410684	13.2242997019988
1503	1.30168454422251	15.7130630218298
1504	3.50342881885624	-5.30389799172775
1505	8.68840932869351	-3.74108319041815
1506	10.0117443452968	15.7130630218298
1507	11.2590644663253	15.7130630218298
1508	5.52246623443888	5.66326200748446
1509	1.11859344544774	-5.30389799172775
1510	12.9970950903469	-1.63885291201452
1511	1.0340007896917	-5.30389799172775
1512	5.8384678084801	-5.30389799172775
1513	2.91957960781285	13.0106623394399
1514	0.0349888098504865	8.48648878506643
1515	8.9947178895006	15.7130630218298
1516	6.34460717134618	15.7130630218298
1517	6.99388021776221	-5.30389799172775
1518	9.43567368757619	15.7130630218298
1519	2.98403160328304	7.59004898001226
1520	9.61489063798503	-4.14103014870785
1521	2.1282747074767	-5.30389799172775
1522	7.42181550735181	4.60552555958001
1523	3.63732299504189	5.28609066849168
1524	8.14695862208917	15.7130630218298
1525	5.21783591565566	-5.30389799172775
1526	3.79803920581527	7.12937198808292
1527	5.52105325366223	3.66274969255216
1528	6.72285671406426	15.7130630218298
1529	4.20797677855704	15.7130630218298
1530	8.91230044113409	-1.45430886237724
1531	9.03218425560953	-0.192945295079003
1532	8.49667672673218	15.7130630218298
1533	9.32091834610859	15.7130630218298
1534	6.9123546798909	-4.30411605526761
1535	1.07035984447719	-5.30389799172775
1536	6.54460496586534	-1.59838812260957
1537	7.73540897138004	0.652700057629457
1538	5.47983669390778	2.76344806049075
1539	1.46692306421476	-5.30389799172775
1540	5.3440734357843	3.87628544844983
1541	5.23292947675027	-5.30389799172775
1542	12.0460714848872	-1.80713221546799
1543	1.62997162363475	15.7130630218298
1544	2.88644765006361	15.7130630218298
1545	4.668533833276	-5.30389799172775
1546	0.803780709811993	7.20954911390144
1547	12.6076383930942	15.7130630218298
1548	5.9359075149856	-5.30389799172775
1549	7.42547261116105	15.7130630218298
1550	-2.9985591613619	-5.30389799172775
1551	10.8055576418856	-2.60025880428512
1552	8.12978496903149	0.87914298802581
1553	-0.0621291524143852	14.7023581186252
1554	0.475089487267889	7.17561701274296
1555	2.05153761369778	4.3121288986503
1556	6.02462503540665	15.7130630218298
1557	8.74066847700793	2.54537780082616
1558	8.39276821289705	15.7130630218298
1559	-0.0540511022314258	15.7130630218298
1560	10.2448781354606	15.7130630218298
1561	3.19817493684269	15.7130630218298
1562	-0.475229338323001	-5.30389799172775
1563	4.11027026380791	7.59301631729306
1564	5.69035499382832	-5.30389799172775
1565	-1.18604411447534	-5.30389799172775
1566	5.09384561388329	9.5971217594364
1567	8.82429058176307	15.7130630218298
1568	-2.44773827934238	14.2962137177011
1569	6.91695793778167	-5.30389799172775
1570	0.767720897728969	14.1674225395683
1571	14.6158719177026	-3.55471298300219
1572	1.15683106764185	-5.30389799172775
1573	1.38770604247118	-5.30389799172775
1574	0.0230024708188306	10.9144803913153
1575	-0.621341522821964	11.5721265887621
1576	-0.0667370358522751	-5.30389799172775
1577	11.5106223174834	-5.30389799172775
1578	10.3809630483758	-5.30389799172775
1579	11.8207729573972	-2.03484739936865
1580	2.4545735165825	-5.30389799172775
1581	-0.553269126895843	15.7130630218298
1582	9.63762828435777	15.7130630218298
1583	0.453897148631049	-5.30389799172775
1584	2.26581546078627	4.13669155388649
1585	1.12986398833778	-5.30389799172775
1586	7.45632988097753	15.7130630218298
1587	8.15088203201351	-5.30389799172775
1588	5.63187883421854	-5.30389799172775
1589	0.0479606144664847	-5.30389799172775
1590	5.85334177583055	1.45493027916303
1591	7.47175317907716	-5.30389799172775
1592	0.94456294939532	11.0630238057372
1593	8.52163708262522	15.7130630218298
1594	2.08564079178643	-5.30389799172775
1595	0.0115136148397563	15.7130630218298
1596	7.32992453795833	-1.14327214357449
1597	12.8789455866351	15.7130630218298
1598	-1.0826905038033	-5.30389799172775
1599	1.73616109502928	15.7130630218298
1600	2.98812319560942	-5.30389799172775
1601	2.13777704125361	-5.30389799172775
1602	0.370577449836003	-5.30389799172775
1603	7.16402454575909	12.3039499612851
1604	3.27689919299469	15.7130630218298
1605	7.78067610730869	-5.30389799172775
1606	-1.62928343012448	15.7130630218298
1607	1.91628439509508	15.7130630218298
1608	11.1582838640615	15.7130630218298
1609	11.150414870694	15.7130630218298
1610	8.66180901230595	-5.30389799172775
1611	9.90929073231001	-5.30389799172775
1612	9.15011536979567	-5.30389799172775
1613	7.66580506057516	15.7130630218298
1614	-4.34858158202059	-4.13863316727458
1615	6.76808851786802	15.7130630218298
1616	4.77210484422042	5.75703494336979
1617	7.49602192084265	15.7130630218298
1618	5.03162066214857	15.7130630218298
1619	1.68542638489522	-5.30389799172775
1620	5.25455808507939	15.7130630218298
1621	2.45984371888309	15.7130630218298
1622	8.10240287198131	-5.30389799172775
1623	9.99457053677909	15.7130630218298
1624	5.90181810027828	-5.30389799172775
1625	4.53342840149862	-5.30389799172775
1626	-0.00841014455275049	-3.96350305237507
1627	6.83559412691964	-5.30389799172775
1628	-2.87807712491032	-4.28809858859298
1629	-0.766931271538603	15.7130630218298
1630	1.13053242829008	-5.30389799172775
1631	6.65043333581921	4.39640304622782
1632	9.44511717584912	14.6309576644544
1633	5.38820949799105	5.39482397111481
1634	7.81299269178465	-5.30389799172775
1635	-1.29491353050677	15.7130630218298
1636	8.67049521087237	15.7130630218298
1637	2.31378192939679	15.7130630218298
1638	9.88122450101968	-5.30389799172775
1639	9.40661557055468	15.7130630218298
1640	2.15311722002144	-1.77170590222244
1641	1.41268317376875	15.7130630218298
1642	9.39955268545147	15.7130630218298
1643	5.13947219406398	15.7130630218298
1644	9.08499027724131	10.5776234303115
1645	5.36810319444381	8.54642864439528
1646	1.96156831766021	15.7130630218298
1647	8.39846714223112	-5.30389799172775
1648	5.18780636190517	3.97389969588716
1649	6.50776261402182	15.7130630218298
1650	10.4478676194402	15.7130630218298
1651	4.4694732489229	4.00783525628752
1652	-0.871306030983109	15.7130630218298
1653	2.30034665122364	0.564903025054742
1654	2.34588715545427	-5.30389799172775
1655	12.3909498764063	-5.30389799172775
1656	13.9387180330806	-5.30389799172775
1657	0.23706642464464	-5.30389799172775
1658	4.02049231090547	7.58075135149733
1659	10.7951485216016	15.7130630218298
1660	0.233671824257256	-2.15885802617688
1661	4.94907873701757	15.7130630218298
1662	1.83688095080756	-5.30389799172775
1663	4.02100722935262	2.39154625572612
1664	0.533242306116686	-5.30389799172775
1665	8.37055999542821	15.7130630218298
1666	4.19978810011259	-5.30389799172775
1667	0.11697167428337	4.08846949929879
1668	7.66056494244898	15.7130630218298
1669	10.1163885197263	-5.30389799172775
1670	4.45354499695112	15.7130630218298
1671	1.2721136596478	-5.30389799172775
1672	-0.433043155965496	15.7130630218298
1673	1.40126937391547	-5.30389799172775
1674	-1.42564467382355	-5.30389799172775
1675	1.09277664001855	3.89734288813535
1676	0.58298273947091	15.7130630218298
1677	-0.599831042607216	15.7130630218298
1678	0.158479537609441	-3.62590017092647
1679	4.22277918280051	15.7130630218298
1680	0.391714334442204	15.7130630218298
1681	0.33177022213654	0.265440777789812
1682	7.5173302663086	15.7130630218298
1683	2.69585614553595	-2.75434794306898
1684	-2.37380881558173	-5.30389799172775
1685	6.47047610945289	15.7130630218298
1686	7.73251541197951	-5.30389799172775
1687	9.98290102516725	15.7130630218298
1688	9.31726091151868	-5.30389799172775
1689	5.30332070511052	-5.30389799172775
1690	10.0747615832888	-5.30389799172775
1691	3.82923596449484	-5.30389799172775
1692	11.5969566128186	-5.30389799172775
1693	12.2741860713448	15.7130630218298
1694	1.49729153160628	15.7130630218298
1695	7.15395395372344	15.7130630218298
1696	4.05029911945523	15.7130630218298
1697	-0.109726383816623	2.06127641334121
1698	-0.553939803402985	-1.8754008750065
1699	-0.226251676677918	15.7130630218298
1700	8.81242485221115	15.7130630218298
1701	8.55632071564338	15.7130630218298
1702	0.175002105410684	-5.30389799172775
1703	1.30168454422251	-5.30389799172775
1704	3.50342881885624	15.7130630218298
1705	8.68840932869351	15.7130630218298
1706	10.0117443452968	-5.30389799172775
1707	11.2590644663253	-5.30389799172775
1708	5.52246623443888	4.05125352945069
1709	1.11859344544774	15.7130630218298
1710	12.9970950903469	14.5608438944272
1711	1.0340007896917	15.7130630218298
1712	5.8384678084801	15.7130630218298
1713	2.91957960781285	-5.30389799172775
1714	0.0349888098504865	-0.012083910033911
1715	8.9947178895006	-5.30389799172775
1716	6.34460717134618	-5.30389799172775
1717	6.99388021776221	15.7130630218298
1718	9.43567368757619	-5.30389799172775
1719	2.98403160328304	1.27811971478458
1720	9.61489063798503	15.7130630218298
1721	2.1282747074767	15.7130630218298
1722	7.42181550735181	5.57360382167861
1723	3.63732299504189	4.59409848792141
1724	8.14695862208917	-5.30389799172775
1725	5.21783591565566	15.7130630218298
1726	3.79803920581527	1.94115042973794
1727	5.52105325366223	6.93049675991357
1728	6.72285671406426	-5.30389799172775
1729	4.20797677855704	-5.30389799172775
1730	8.91230044113409	14.2952383284558
1731	9.03218425560953	12.4798171060082
1732	8.49667672673218	-5.30389799172775
1733	9.32091834610859	-5.30389799172775
1734	6.9123546798909	15.7130630218298
1735	1.07035984447719	15.7130630218298
1736	6.54460496586534	14.502604827316
1737	7.73540897138004	11.2627195460561
1738	5.47983669390778	8.22481927766557
1739	1.46692306421476	15.7130630218298
1740	5.3440734357843	6.62316479547577
1741	5.23292947675027	15.7130630218298
1742	12.0460714848872	15.7130630218298
1743	1.62997162363475	-5.30389799172775
1744	2.88644765006361	-5.30389799172775
1745	4.668533833276	15.7130630218298
1746	0.803780709811993	1.82575526569529
1747	12.6076383930942	-5.30389799172775
1748	5.9359075149856	15.7130630218298
1749	7.42547261116105	-5.30389799172775
1750	-2.9985591613619	15.7130630218298
1751	10.8055576418856	15.7130630218298
1752	8.12978496903149	10.936810892776
1753	-0.0621291524143852	-5.30389799172775
1754	0.475089487267889	1.87459214204276
1755	2.05153761369778	5.99587582846246
1756	6.02462503540665	-5.30389799172775
1757	8.74066847700793	8.53867753998064
1758	8.39276821289705	-5.30389799172775
1759	-0.0540511022314258	-5.30389799172775
1760	10.2448781354606	-5.30389799172775
1761	3.19817493684269	-5.30389799172775
1762	-0.475229338323001	15.7130630218298
1763	4.11027026380791	1.27384896587967
1764	5.69035499382832	15.7130630218298
1765	-1.18604411447534	15.7130630218298
1766	5.09384561388329	-1.61056568348494
1767	8.82429058176307	-5.30389799172775
1768	-2.44773827934238	-5.30389799172775
1769	6.91695793778167	15.7130630218298
1770	0.767720897728969	-5.30389799172775
1771	14.6158719177026	15.7130630218298
1772	1.15683106764185	15.7130630218298
1773	1.38770604247118	15.7130630218298
1774	0.0230024708188306	-3.50657796724717
1775	-0.621341522821964	-5.30389799172775
1776	-0.0667370358522751	15.7130630218298
1777	11.5106223174834	15.7130630218298
1778	10.3809630483758	15.7130630218298
1779	11.8207729573972	15.7130630218298
1780	2.4545735165825	15.7130630218298
1781	-0.553269126895843	-5.30389799172775
1782	9.63762828435777	-5.30389799172775
1783	0.453897148631049	15.7130630218298
1784	2.26581546078627	6.24837454267242
1785	1.12986398833778	15.7130630218298
1786	7.45632988097753	-5.30389799172775
1787	8.15088203201351	15.7130630218298
1788	5.63187883421854	15.7130630218298
1789	0.0479606144664847	15.7130630218298
1790	5.85334177583055	10.1081073412812
1791	7.47175317907716	15.7130630218298
1792	0.94456294939532	-3.72036951314854
1793	8.52163708262522	-5.30389799172775
1794	2.08564079178643	15.7130630218298
1795	0.0115136148397563	-5.30389799172775
1796	7.32992453795833	13.8475778165192
1797	12.8789455866351	-5.30389799172775
1798	-1.0826905038033	15.7130630218298
1799	1.73616109502928	-5.30389799172775
1800	2.98812319560942	15.7130630218298
1801	2.13777704125361	15.7130630218298
1802	0.370577449836003	15.7130630218298
1803	7.16402454575909	-5.30389799172775
1804	3.27689919299469	-5.30389799172775
1805	7.78067610730869	15.7130630218298
1806	-1.62928343012448	-5.30389799172775
1807	1.91628439509508	-5.30389799172775
1808	11.1582838640615	-5.30389799172775
1809	11.150414870694	-5.30389799172775
1810	8.66180901230595	15.7130630218298
1811	9.90929073231001	15.7130630218298
1812	9.15011536979567	15.7130630218298
1813	7.66580506057516	-5.30389799172775
1814	-4.34858158202059	15.7130630218298
1815	6.76808851786802	-5.30389799172775
1816	4.77210484422042	3.6969469797216
1817	7.49602192084265	-5.30389799172775
1818	5.03162066214857	-5.30389799172775
1819	1.68542638489522	15.7130630218298
1820	5.25455808507939	-5.30389799172775
1821	2.45984371888309	-5.30389799172775
1822	8.10240287198131	15.7130630218298
1823	9.99457053677909	-5.30389799172775
1824	5.90181810027828	15.7130630218298
1825	4.53342840149862	15.7130630218298
1826	-0.00841014455275049	15.7130630218298
1827	6.83559412691964	15.7130630218298
1828	-2.87807712491032	15.7130630218298
1829	-0.766931271538603	-5.30389799172775
1830	1.13053242829008	15.7130630218298
1831	6.65043333581921	6.05072443923068
1832	9.44511717584912	-5.30389799172775
1833	5.38820949799105	4.32354115546558
1834	7.81299269178465	15.7130630218298
1835	-1.29491353050677	-5.30389799172775
1836	8.67049521087237	-5.30389799172775
1837	2.31378192939679	-5.30389799172775
1838	9.88122450101968	15.7130630218298
1839	9.40661557055468	-5.30389799172775
1840	2.15311722002144	15.7130630218298
1841	1.41268317376875	-5.30389799172775
1842	9.39955268545147	-5.30389799172775
1843	5.13947219406398	-5.30389799172775
1844	9.08499027724131	-5.30389799172775
1845	5.36810319444381	-1.12846688347064
1846	1.96156831766021	-5.30389799172775
1847	8.39846714223112	15.7130630218298
1848	5.18780636190517	6.78161930116051
1849	6.50776261402182	-5.30389799172775
1850	10.4478676194402	-5.30389799172775
1851	4.4694732489229	6.72291366790735
1852	-0.871306030983109	-5.30389799172775
1853	2.30034665122364	12.6788936045202
1854	2.34588715545427	15.7130630218298
1855	12.3909498764063	15.7130630218298
1856	13.9387180330806	15.7130630218298
1857	0.23706642464464	15.7130630218298
1858	4.02049231090547	0.542072701818674
1859	10.7951485216016	-5.30389799172775
1860	0.233671824257256	15.7130630218298
1861	4.94907873701757	-5.30389799172775
1862	1.83688095080756	15.7130630218298
1863	4.02100722935262	9.51895617254438
1864	0.533242306116686	15.7130630218298
1865	8.37055999542821	-5.30389799172775
1866	4.19978810011259	15.7130630218298
1867	0.11697167428337	6.58342328548785
1868	7.66056494244898	-5.30389799172775
1869	10.1163885197263	15.7130630218298
1870	4.45354499695112	-5.30389799172775
1871	1.2721136596478	15.7130630218298
1872	-0.433043155965496	-5.30389799172775
1873	1.40126937391547	15.7130630218298
1874	-1.42564467382355	15.7130630218298
1875	1.09277664001855	6.91405606736943
1876	0.58298273947091	-5.30389799172775
1877	-0.599831042607216	-5.30389799172775
1878	0.158479537609441	15.7130630218298
1879	4.22277918280051	-5.30389799172775
1880	0.391714334442204	-5.30389799172775
1881	0.33177022213654	13.1969378228475
1882	7.5173302663086	-5.30389799172775
1883	2.69585614553595	15.7130630218298
1884	-2.37380881558173	15.7130630218298
1885	6.47047610945289	-5.30389799172775
1886	7.73251541197951	15.7130630218298
1887	9.98290102516725	-5.30389799172775
1888	9.31726091151868	15.7130630218298
1889	5.30332070511052	15.7130630218298
1890	10.0747615832888	15.7130630218298
1891	3.82923596449484	15.7130630218298
1892	11.5969566128186	15.7130630218298
1893	12.2741860713448	-5.30389799172775
1894	1.49729153160628	-5.30389799172775
1895	7.15395395372344	-5.30389799172775
1896	4.05029911945523	-5.30389799172775
1897	-0.109726383816623	10.0902949102251
1898	-0.553939803402985	15.7130630218298
1899	-0.226251676677918	-5.30389799172775
1900	8.81242485221115	-5.30389799172775
1901	8.55632071564338	-5.30389799172775
1902	0.175002105410684	15.7130630218298
1903	1.30168454422251	15.7130630218298
1904	3.50342881885624	-5.30389799172775
1905	8.68840932869351	-5.30389799172775
1906	10.0117443452968	15.7130630218298
1907	11.2590644663253	15.7130630218298
1908	5.52246623443888	6.64780374808484
1909	1.11859344544774	-5.30389799172775
1910	12.9970950903469	-5.30389799172775
1911	1.0340007896917	-5.30389799172775
1912	5.8384678084801	-5.30389799172775
1913	2.91957960781285	15.7130630218298
1914	0.0349888098504865	13.6770319291439
1915	8.9947178895006	15.7130630218298
1916	6.34460717134618	15.7130630218298
1917	6.99388021776221	-5.30389799172775
1918	9.43567368757619	15.7130630218298
1919	2.98403160328304	11.4450893907883
1920	9.61489063798503	-5.30389799172775
1921	2.1282747074767	-5.30389799172775
1922	7.42181550735181	4.01426721932209
1923	3.63732299504189	5.70872813921485
1924	8.14695862208917	15.7130630218298
1925	5.21783591565566	-5.30389799172775
1926	3.79803920581527	10.2981026450729
1927	5.52105325366223	1.66695784072148
1928	6.72285671406426	15.7130630218298
1929	4.20797677855704	15.7130630218298
1930	8.91230044113409	-5.30389799172775
1931	9.03218425560953	-5.30389799172775
1932	8.49667672673218	15.7130630218298
1933	9.32091834610859	15.7130630218298
1934	6.9123546798909	-5.30389799172775
1935	1.07035984447719	-5.30389799172775
1936	6.54460496586534	-5.30389799172775
1937	7.73540897138004	-5.30389799172775
1938	5.47983669390778	-0.572110032094832
1939	1.46692306421476	-5.30389799172775
1940	5.3440734357843	2.19861600043376
1941	5.23292947675027	-5.30389799172775
1942	12.0460714848872	-5.30389799172775
1943	1.62997162363475	15.7130630218298
1944	2.88644765006361	15.7130630218298
1945	4.668533833276	-5.30389799172775
1946	0.803780709811993	10.4977264644398
1947	12.6076383930942	15.7130630218298
1948	5.9359075149856	-5.30389799172775
1949	7.42547261116105	15.7130630218298
1950	-2.9985591613619	-5.30389799172775
1951	10.8055576418856	-5.30389799172775
1952	8.12978496903149	-5.30389799172775
1953	-0.0621291524143852	15.7130630218298
1954	0.475089487267889	10.4132428219639
1955	2.05153761369778	3.28377256206963
1956	6.02462503540665	15.7130630218298
1957	8.74066847700793	-1.11505813206931
1958	8.39276821289705	15.7130630218298
1959	-0.0540511022314258	15.7130630218298
1960	10.2448781354606	15.7130630218298
1961	3.19817493684269	15.7130630218298
1962	-0.475229338323001	-5.30389799172775
1963	4.11027026380791	11.4524774231641
1964	5.69035499382832	-5.30389799172775
1965	-1.18604411447534	-5.30389799172775
1966	5.09384561388329	15.7130630218298
1967	8.82429058176307	15.7130630218298
1968	-2.44773827934238	15.7130630218298
1969	6.91695793778167	-5.30389799172775
1970	0.767720897728969	15.7130630218298
1971	14.6158719177026	-5.30389799172775
1972	1.15683106764185	-5.30389799172775
1973	1.38770604247118	-5.30389799172775
1974	0.0230024708188306	15.7130630218298
1975	-0.621341522821964	15.7130630218298
1976	-0.0667370358522751	-5.30389799172775
1977	11.5106223174834	-5.30389799172775
1978	10.3809630483758	-5.30389799172775
1979	11.8207729573972	-5.30389799172775
1980	2.4545735165825	-5.30389799172775
1981	-0.553269126895843	15.7130630218298
1982	9.63762828435777	15.7130630218298
1983	0.453897148631049	-5.30389799172775
1984	2.26581546078627	2.84697126165118
1985	1.12986398833778	-5.30389799172775
1986	7.45632988097753	15.7130630218298
1987	8.15088203201351	-5.30389799172775
1988	5.63187883421854	-5.30389799172775
1989	0.0479606144664847	-5.30389799172775
1990	5.85334177583055	-3.83003820738772
1991	7.47175317907716	-5.30389799172775
1992	0.94456294939532	15.7130630218298
1993	8.52163708262522	15.7130630218298
1994	2.08564079178643	-5.30389799172775
1995	0.0115136148397563	15.7130630218298
1996	7.32992453795833	-5.30389799172775
1997	12.8789455866351	15.7130630218298
1998	-1.0826905038033	-5.30389799172775
1999	1.73616109502928	15.7130630218298
2000	2.98812319560942	-5.30389799172775
2001	2.13777704125361	-5.30389799172775
2002	0.370577449836003	-5.30389799172775
2003	7.16402454575909	15.7130630218298
2004	3.27689919299469	15.7130630218298
2005	7.78067610730869	-5.30389799172775
2006	-1.62928343012448	15.7130630218298
2007	1.91628439509508	15.7130630218298
2008	11.1582838640615	15.7130630218298
2009	11.150414870694	15.7130630218298
2010	8.66180901230595	-5.30389799172775
2011	9.90929073231001	-5.30389799172775
2012	9.15011536979567	-5.30389799172775
2013	7.66580506057516	15.7130630218298
2014	-4.34858158202059	-5.30389799172775
2015	6.76808851786802	15.7130630218298
2016	4.77210484422042	7.01524333194725
2017	7.49602192084265	15.7130630218298
2018	5.03162066214857	15.7130630218298
2019	1.68542638489522	-5.30389799172775
2020	5.25455808507939	15.7130630218298
2021	2.45984371888309	15.7130630218298
2022	8.10240287198131	-5.30389799172775
2023	9.99457053677909	15.7130630218298
2024	5.90181810027828	-5.30389799172775
2025	4.53342840149862	-5.30389799172775
2026	-0.00841014455275049	-5.30389799172775
2027	6.83559412691964	-5.30389799172775
2028	-2.87807712491032	-5.30389799172775
2029	-0.766931271538603	15.7130630218298
2030	1.13053242829008	-5.30389799172775
2031	6.65043333581921	3.38601849430157
2032	9.44511717584912	15.7130630218298
2033	5.38820949799105	6.04911497663176
2034	7.81299269178465	-5.30389799172775
2035	-1.29491353050677	15.7130630218298
2036	8.67049521087237	15.7130630218298
2037	2.31378192939679	15.7130630218298
2038	9.88122450101968	-5.30389799172775
2039	9.40661557055468	15.7130630218298
2040	2.15311722002144	-5.30389799172775
2041	1.41268317376875	15.7130630218298
2042	9.39955268545147	15.7130630218298
2043	5.13947219406398	15.7130630218298
2044	9.08499027724131	15.7130630218298
2045	5.36810319444381	14.4554164772325
2046	1.96156831766021	15.7130630218298
2047	8.39846714223112	-5.30389799172775
2048	5.18780636190517	2.25907177471805
2049	6.50776261402182	15.7130630218298
2050	10.4478676194402	15.7130630218298
2051	4.4694732489229	2.3495883787629
2052	-0.871306030983109	15.7130630218298
2053	2.30034665122364	-5.30389799172775
2054	2.34588715545427	-5.30389799172775
2055	12.3909498764063	-5.30389799172775
2056	13.9387180330806	-5.30389799172775
2057	0.23706642464464	-5.30389799172775
2058	4.02049231090547	11.879657358328
2059	10.7951485216016	15.7130630218298
2060	0.233671824257256	-5.30389799172775
2061	4.94907873701757	15.7130630218298
2062	1.83688095080756	-5.30389799172775
2063	4.02100722935262	-1.96155278878749
2064	0.533242306116686	-5.30389799172775
2065	8.37055999542821	15.7130630218298
2066	4.19978810011259	-5.30389799172775
2067	0.11697167428337	2.56466476945753
2068	7.66056494244898	15.7130630218298
2069	10.1163885197263	-5.30389799172775
2070	4.45354499695112	15.7130630218298
2071	1.2721136596478	-5.30389799172775
2072	-0.433043155965496	15.7130630218298
2073	1.40126937391547	-5.30389799172775
2074	-1.42564467382355	-5.30389799172775
2075	1.09277664001855	2.05487116118889
2076	0.58298273947091	15.7130630218298
2077	-0.599831042607216	15.7130630218298
2078	0.158479537609441	-5.30389799172775
2079	4.22277918280051	15.7130630218298
2080	0.391714334442204	15.7130630218298
2081	0.33177022213654	-5.30389799172775
2082	7.5173302663086	15.7130630218298
2083	2.69585614553595	-5.30389799172775
2084	-2.37380881558173	-5.30389799172775
2085	6.47047610945289	15.7130630218298
2086	7.73251541197951	-5.30389799172775
2087	9.98290102516725	15.7130630218298
2088	9.31726091151868	-5.30389799172775
2089	5.30332070511052	-5.30389799172775
2090	10.0747615832888	-5.30389799172775
2091	3.82923596449484	-5.30389799172775
2092	11.5969566128186	-5.30389799172775
2093	12.2741860713448	15.7130630218298
2094	1.49729153160628	15.7130630218298
2095	7.15395395372344	15.7130630218298
2096	4.05029911945523	15.7130630218298
2097	-0.109726383816623	-2.84248430129015
2098	-0.553939803402985	-5.30389799172775
2099	-0.226251676677918	15.7130630218298
2100	8.81242485221115	15.7130630218298
2101	8.55632071564338	15.7130630218298
2102	0.175002105410684	-5.30389799172775
2103	1.30168454422251	-5.30389799172775
2104	3.50342881885624	15.7130630218298
2105	8.68840932869351	15.7130630218298
2106	10.0117443452968	-5.30389799172775
2107	11.2590644663253	-5.30389799172775
2108	5.52246623443888	2.46539830186001
2109	1.11859344544774	15.7130630218298
2110	12.9970950903469	15.7130630218298
2111	1.0340007896917	15.7130630218298
2112	5.8384678084801	15.7130630218298
2113	2.91957960781285	-5.30389799172775
2114	0.0349888098504865	-5.30389799172775
2115	8.9947178895006	-5.30389799172775
2116	6.34460717134618	-5.30389799172775
2117	6.99388021776221	15.7130630218298
2118	9.43567368757619	-5.30389799172775
2119	2.98403160328304	-5.30389799172775
2120	9.61489063798503	15.7130630218298
2121	2.1282747074767	15.7130630218298
2122	7.42181550735181	6.52597596710217
2123	3.63732299504189	3.91333319917568
2124	8.14695862208917	-5.30389799172775
2125	5.21783591565566	15.7130630218298
2126	3.79803920581527	-3.16289734191884
2127	5.52105325366223	10.1452278483878
2128	6.72285671406426	-5.30389799172775
2129	4.20797677855704	-5.30389799172775
2130	8.91230044113409	15.7130630218298
2131	9.03218425560953	15.7130630218298
2132	8.49667672673218	-5.30389799172775
2133	9.32091834610859	-5.30389799172775
2134	6.9123546798909	15.7130630218298
2135	1.07035984447719	15.7130630218298
2136	6.54460496586534	15.7130630218298
2137	7.73540897138004	15.7130630218298
2138	5.47983669390778	13.5975851238689
2139	1.46692306421476	15.7130630218298
2140	5.3440734357843	9.32547872955343
2141	5.23292947675027	15.7130630218298
2142	12.0460714848872	15.7130630218298
2143	1.62997162363475	-5.30389799172775
2144	2.88644765006361	-5.30389799172775
2145	4.668533833276	15.7130630218298
2146	0.803780709811993	-3.47069182797157
2147	12.6076383930942	-5.30389799172775
2148	5.9359075149856	15.7130630218298
2149	7.42547261116105	-5.30389799172775
2150	-2.9985591613619	15.7130630218298
2151	10.8055576418856	15.7130630218298
2152	8.12978496903149	15.7130630218298
2153	-0.0621291524143852	-5.30389799172775
2154	0.475089487267889	-3.34042881928747
2155	2.05153761369778	7.65230562208197
2156	6.02462503540665	-5.30389799172775
2157	8.74066847700793	14.434741891608
2158	8.39276821289705	-5.30389799172775
2159	-0.0540511022314258	-5.30389799172775
2160	10.2448781354606	-5.30389799172775
2161	3.19817493684269	-5.30389799172775
2162	-0.475229338323001	15.7130630218298
2163	4.11027026380791	-5.30389799172775
2164	5.69035499382832	15.7130630218298
2165	-1.18604411447534	15.7130630218298
2166	5.09384561388329	-5.30389799172775
2167	8.82429058176307	-5.30389799172775
2168	-2.44773827934238	-5.30389799172775
2169	6.91695793778167	15.7130630218298
2170	0.767720897728969	-5.30389799172775
2171	14.6158719177026	15.7130630218298
2172	1.15683106764185	15.7130630218298
2173	1.38770604247118	15.7130630218298
2174	0.0230024708188306	-5.30389799172775
2175	-0.621341522821964	-5.30389799172775
2176	-0.0667370358522751	15.7130630218298
2177	11.5106223174834	15.7130630218298
2178	10.3809630483758	15.7130630218298
2179	11.8207729573972	15.7130630218298
2180	2.4545735165825	15.7130630218298
2181	-0.553269126895843	-5.30389799172775
2182	9.63762828435777	-5.30389799172775
2183	0.453897148631049	15.7130630218298
2184	2.26581546078627	8.32579755403598
2185	1.12986398833778	15.7130630218298
2186	7.45632988097753	-5.30389799172775
2187	8.15088203201351	15.7130630218298
2188	5.63187883421854	15.7130630218298
2189	0.0479606144664847	15.7130630218298
2190	5.85334177583055	15.7130630218298
2191	7.47175317907716	15.7130630218298
2192	0.94456294939532	-5.30389799172775
2193	8.52163708262522	-5.30389799172775
2194	2.08564079178643	15.7130630218298
2195	0.0115136148397563	-5.30389799172775
2196	7.32992453795833	15.7130630218298
2197	12.8789455866351	-5.30389799172775
2198	-1.0826905038033	15.7130630218298
2199	1.73616109502928	-5.30389799172775
2200	2.98812319560942	15.7130630218298
2201	2.13777704125361	15.7130630218298
2202	0.370577449836003	15.7130630218298
2203	7.16402454575909	-5.30389799172775
2204	3.27689919299469	-5.30389799172775
2205	7.78067610730869	15.7130630218298
2206	-1.62928343012448	-5.30389799172775
2207	1.91628439509508	-5.30389799172775
2208	11.1582838640615	-5.30389799172775
2209	11.150414870694	-5.30389799172775
2210	8.66180901230595	15.7130630218298
2211	9.90929073231001	15.7130630218298
2212	9.15011536979567	15.7130630218298
2213	7.66580506057516	-5.30389799172775
2214	-4.34858158202059	15.7130630218298
2215	6.76808851786802	-5.30389799172775
2216	4.77210484422042	1.67028191501113
2217	7.49602192084265	-5.30389799172775
2218	5.03162066214857	-5.30389799172775
2219	1.68542638489522	15.7130630218298
2220	5.25455808507939	-5.30389799172775
2221	2.45984371888309	-5.30389799172775
2222	8.10240287198131	15.7130630218298
2223	9.99457053677909	-5.30389799172775
2224	5.90181810027828	15.7130630218298
2225	4.53342840149862	15.7130630218298
2226	-0.00841014455275049	15.7130630218298
2227	6.83559412691964	15.7130630218298
2228	-2.87807712491032	15.7130630218298
2229	-0.766931271538603	-5.30389799172775
2230	1.13053242829008	15.7130630218298
2231	6.65043333581921	7.67820609640451
2232	9.44511717584912	-5.30389799172775
2233	5.38820949799105	3.26963884876208
2234	7.81299269178465	15.7130630218298
2235	-1.29491353050677	-5.30389799172775
2236	8.67049521087237	-5.30389799172775
2237	2.31378192939679	-5.30389799172775
2238	9.88122450101968	15.7130630218298
2239	9.40661557055468	-5.30389799172775
2240	2.15311722002144	15.7130630218298
2241	1.41268317376875	-5.30389799172775
2242	9.39955268545147	-5.30389799172775
2243	5.13947219406398	-5.30389799172775
2244	9.08499027724131	-5.30389799172775
2245	5.36810319444381	-5.30389799172775
2246	1.96156831766021	-5.30389799172775
2247	8.39846714223112	15.7130630218298
2248	5.18780636190517	9.54378642019617
2249	6.50776261402182	-5.30389799172775
2250	10.4478676194402	-5.30389799172775
2251	4.4694732489229	9.39394260544606
2252	-0.871306030983109	-5.30389799172775
2253	2.30034665122364	15.7130630218298
2254	2.34588715545427	15.7130630218298
2255	12.3909498764063	15.7130630218298
2256	13.9387180330806	15.7130630218298
2257	0.23706642464464	15.7130630218298
2258	4.02049231090547	-5.30389799172775
2259	10.7951485216016	-5.30389799172775
2260	0.233671824257256	15.7130630218298
2261	4.94907873701757	-5.30389799172775
2262	1.83688095080756	15.7130630218298
2263	4.02100722935262	15.7130630218298
2264	0.533242306116686	15.7130630218298
2265	8.37055999542821	-5.30389799172775
2266	4.19978810011259	15.7130630218298
2267	0.11697167428337	9.0378989029183
2268	7.66056494244898	-5.30389799172775
2269	10.1163885197263	15.7130630218298
2270	4.45354499695112	-5.30389799172775
2271	1.2721136596478	15.7130630218298
2272	-0.433043155965496	-5.30389799172775
2273	1.40126937391547	15.7130630218298
2274	-1.42564467382355	15.7130630218298
2275	1.09277664001855	9.88182604539422
2276	0.58298273947091	-5.30389799172775
2277	-0.599831042607216	-5.30389799172775
2278	0.158479537609441	15.7130630218298
2279	4.22277918280051	-5.30389799172775
2280	0.391714334442204	-5.30389799172775
2281	0.33177022213654	15.7130630218298
2282	7.5173302663086	-5.30389799172775
2283	2.69585614553595	15.7130630218298
2284	-2.37380881558173	15.7130630218298
2285	6.47047610945289	-5.30389799172775
2286	7.73251541197951	15.7130630218298
2287	9.98290102516725	-5.30389799172775
2288	9.31726091151868	15.7130630218298
2289	5.30332070511052	15.7130630218298
2290	10.0747615832888	15.7130630218298
2291	3.82923596449484	15.7130630218298
2292	11.5969566128186	15.7130630218298
2293	12.2741860713448	-5.30389799172775
2294	1.49729153160628	-5.30389799172775
2295	7.15395395372344	-5.30389799172775
2296	4.05029911945523	-5.30389799172775
2297	-0.109726383816623	15.7130630218298
2298	-0.553939803402985	15.7130630218298
2299	-0.226251676677918	-5.30389799172775
2300	8.81242485221115	-5.30389799172775
2301	8.55632071564338	-5.30389799172775
2302	0.175002105410684	15.7130630218298
2303	1.30168454422251	15.7130630218298
2304	3.50342881885624	-5.30389799172775
2305	8.68840932869351	-5.30389799172775
2306	10.0117443452968	15.7130630218298
2307	11.2590644663253	15.7130630218298
2308	5.52246623443888	9.20222749587137
2309	1.11859344544774	-5.30389799172775
2310	12.9970950903469	-5.30389799172775
2311	1.0340007896917	-5.30389799172775
2312	5.8384678084801	-5.30389799172775
2313	2.91957960781285	15.7130630218298
2314	0.0349888098504865	15.7130630218298
2315	8.9947178895006	15.7130630218298
2316	6.34460717134618	15.7130630218298
2317	6.99388021776221	-5.30389799172775
2318	9.43567368757619	15.7130630218298
2319	2.98403160328304	15.7130630218298
2320	9.61489063798503	-5.30389799172775
2321	2.1282747074767	-5.30389799172775
2322	7.42181550735181	2.48022931808421
2323	3.63732299504189	6.80527402183163
2324	8.14695862208917	15.7130630218298
2325	5.21783591565566	-5.30389799172775
2326	3.79803920581527	15.7130630218298
2327	5.52105325366223	-3.51118534175682
2328	6.72285671406426	15.7130630218298
2329	4.20797677855704	15.7130630218298
2330	8.91230044113409	-5.30389799172775
2331	9.03218425560953	-5.30389799172775
2332	8.49667672673218	15.7130630218298
2333	9.32091834610859	15.7130630218298
2334	6.9123546798909	-5.30389799172775
2335	1.07035984447719	-5.30389799172775
2336	6.54460496586534	-5.30389799172775
2337	7.73540897138004	-5.30389799172775
2338	5.47983669390778	-5.30389799172775
2339	1.46692306421476	-5.30389799172775
2340	5.3440734357843	-2.15414884662585
2341	5.23292947675027	-5.30389799172775
2342	12.0460714848872	-5.30389799172775
2343	1.62997162363475	15.7130630218298
2344	2.88644765006361	15.7130630218298
2345	4.668533833276	-5.30389799172775
2346	0.803780709811993	15.7130630218298
2347	12.6076383930942	15.7130630218298
2348	5.9359075149856	-5.30389799172775
2349	7.42547261116105	15.7130630218298
2350	-2.9985591613619	-5.30389799172775
2351	10.8055576418856	-5.30389799172775
2352	8.12978496903149	-5.30389799172775
2353	-0.0621291524143852	15.7130630218298
2354	0.475089487267889	15.7130630218298
2355	2.05153761369778	0.615670500955809
2356	6.02462503540665	15.7130630218298
2357	8.74066847700793	-5.30389799172775
2358	8.39276821289705	15.7130630218298
2359	-0.0540511022314258	15.7130630218298
2360	10.2448781354606	15.7130630218298
2361	3.19817493684269	15.7130630218298
2362	-0.475229338323001	-5.30389799172775
2363	4.11027026380791	15.7130630218298
2364	5.69035499382832	-5.30389799172775
2365	-1.18604411447534	-5.30389799172775
2366	5.09384561388329	15.7130630218298
2367	8.82429058176307	15.7130630218298
2368	-2.44773827934238	15.7130630218298
2369	6.91695793778167	-5.30389799172775
2370	0.767720897728969	15.7130630218298
2371	14.6158719177026	-5.30389799172775
2372	1.15683106764185	-5.30389799172775
2373	1.38770604247118	-5.30389799172775
2374	0.0230024708188306	15.7130630218298
2375	-0.621341522821964	15.7130630218298
2376	-0.0667370358522751	-5.30389799172775
2377	11.5106223174834	-5.30389799172775
2378	10.3809630483758	-5.30389799172775
2379	11.8207729573972	-5.30389799172775
2380	2.4545735165825	-5.30389799172775
2381	-0.553269126895843	15.7130630218298
2382	9.63762828435777	15.7130630218298
2383	0.453897148631049	-5.30389799172775
2384	2.26581546078627	-0.499247600008327
2385	1.12986398833778	-5.30389799172775
2386	7.45632988097753	15.7130630218298
2387	8.15088203201351	-5.30389799172775
2388	5.63187883421854	-5.30389799172775
2389	0.0479606144664847	-5.30389799172775
2390	5.85334177583055	-5.30389799172775
2391	7.47175317907716	-5.30389799172775
2392	0.94456294939532	15.7130630218298
2393	8.52163708262522	15.7130630218298
2394	2.08564079178643	-5.30389799172775
2395	0.0115136148397563	15.7130630218298
2396	7.32992453795833	-5.30389799172775
2397	12.8789455866351	15.7130630218298
2398	-1.0826905038033	-5.30389799172775
2399	1.73616109502928	15.7130630218298
2400	2.98812319560942	-5.30389799172775
2401	2.13777704125361	-5.30389799172775
2402	0.370577449836003	-5.30389799172775
2403	7.16402454575909	15.7130630218298
2404	3.27689919299469	15.7130630218298
2405	7.78067610730869	-5.30389799172775
2406	-1.62928343012448	15.7130630218298
2407	1.91628439509508	15.7130630218298
2408	11.1582838640615	15.7130630218298
2409	11.150414870694	15.7130630218298
2410	8.66180901230595	-5.30389799172775
2411	9.90929073231001	-5.30389799172775
2412	9.15011536979567	-5.30389799172775
2413	7.66580506057516	15.7130630218298
2414	-4.34858158202059	-5.30389799172775
2415	6.76808851786802	15.7130630218298
2416	4.77210484422042	10.2797035929074
2417	7.49602192084265	15.7130630218298
2418	5.03162066214857	15.7130630218298
2419	1.68542638489522	-5.30389799172775
2420	5.25455808507939	15.7130630218298
2421	2.45984371888309	15.7130630218298
2422	8.10240287198131	-5.30389799172775
2423	9.99457053677909	15.7130630218298
2424	5.90181810027828	-5.30389799172775
2425	4.53342840149862	-5.30389799172775
2426	-0.00841014455275049	-5.30389799172775
2427	6.83559412691964	-5.30389799172775
2428	-2.87807712491032	-5.30389799172775
2429	-0.766931271538603	15.7130630218298
2430	1.13053242829008	-5.30389799172775
2431	6.65043333581921	0.764544779776061
2432	9.44511717584912	15.7130630218298
2433	5.38820949799105	7.74669306147399
2434	7.81299269178465	-5.30389799172775
2435	-1.29491353050677	15.7130630218298
2436	8.67049521087237	15.7130630218298
2437	2.31378192939679	15.7130630218298
2438	9.88122450101968	-5.30389799172775
2439	9.40661557055468	15.7130630218298
2440	2.15311722002144	-5.30389799172775
2441	1.41268317376875	15.7130630218298
2442	9.39955268545147	15.7130630218298
2443	5.13947219406398	15.7130630218298
2444	9.08499027724131	15.7130630218298
2445	5.36810319444381	15.7130630218298
2446	1.96156831766021	15.7130630218298
2447	8.39846714223112	-5.30389799172775
2448	5.18780636190517	-2.19010187081029
2449	6.50776261402182	15.7130630218298
2450	10.4478676194402	15.7130630218298
2451	4.4694732489229	-1.9527840133499
2452	-0.871306030983109	15.7130630218298
2453	2.30034665122364	-5.30389799172775
2454	2.34588715545427	-5.30389799172775
2455	12.3909498764063	-5.30389799172775
2456	13.9387180330806	-5.30389799172775
2457	0.23706642464464	-5.30389799172775
2458	4.02049231090547	15.7130630218298
2459	10.7951485216016	15.7130630218298
2460	0.233671824257256	-5.30389799172775
2461	4.94907873701757	15.7130630218298
2462	1.83688095080756	-5.30389799172775
2463	4.02100722935262	-5.30389799172775
2464	0.533242306116686	-5.30389799172775
2465	8.37055999542821	15.7130630218298
2466	4.19978810011259	-5.30389799172775
2467	0.11697167428337	-1.38889334634398
2468	7.66056494244898	15.7130630218298
2469	10.1163885197263	-5.30389799172775
2470	4.45354499695112	15.7130630218298
2471	1.2721136596478	-5.30389799172775
2472	-0.433043155965496	15.7130630218298
2473	1.40126937391547	-5.30389799172775
2474	-1.42564467382355	-5.30389799172775
2475	1.09277664001855	-2.72547825402971
2476	0.58298273947091	15.7130630218298
2477	-0.599831042607216	15.7130630218298
2478	0.158479537609441	-5.30389799172775
2479	4.22277918280051	15.7130630218298
2480	0.391714334442204	15.7130630218298
2481	0.33177022213654	-5.30389799172775
2482	7.5173302663086	15.7130630218298
2483	2.69585614553595	-5.30389799172775
2484	-2.37380881558173	-5.30389799172775
2485	6.47047610945289	15.7130630218298
2486	7.73251541197951	-5.30389799172775
2487	9.98290102516725	15.7130630218298
2488	9.31726091151868	-5.30389799172775
2489	5.30332070511052	-5.30389799172775
2490	10.0747615832888	-5.30389799172775
2491	3.82923596449484	-5.30389799172775
2492	11.5969566128186	-5.30389799172775
2493	12.2741860713448	15.7130630218298
2494	1.49729153160628	15.7130630218298
2495	7.15395395372344	15.7130630218298
2496	4.05029911945523	15.7130630218298
2497	-0.109726383816623	-5.30389799172775
2498	-0.553939803402985	-5.30389799172775
2499	-0.226251676677918	15.7130630218298
2500	8.81242485221115	15.7130630218298
2501	8.55632071564338	15.7130630218298
2502	0.175002105410684	-5.30389799172775
2503	1.30168454422251	-5.30389799172775
2504	3.50342881885624	15.7130630218298
2505	8.68840932869351	15.7130630218298
2506	10.0117443452968	-5.30389799172775
2507	11.2590644663253	-5.30389799172775
2508	5.52246623443888	-1.64915173381323
2509	1.11859344544774	15.7130630218298
2510	12.9970950903469	15.7130630218298
2511	1.0340007896917	15.7130630218298
2512	5.8384678084801	15.7130630218298
2513	2.91957960781285	-5.30389799172775
2514	0.0349888098504865	-5.30389799172775
2515	8.9947178895006	-5.30389799172775
2516	6.34460717134618	-5.30389799172775
2517	6.99388021776221	15.7130630218298
2518	9.43567368757619	-5.30389799172775
2519	2.98403160328304	-5.30389799172775
2520	9.61489063798503	15.7130630218298
2521	2.1282747074767	15.7130630218298
2522	7.42181550735181	8.99693471336804
2523	3.63732299504189	2.14706677437134
2524	8.14695862208917	-5.30389799172775
2525	5.21783591565566	15.7130630218298
2526	3.79803920581527	-5.30389799172775
2527	5.52105325366223	15.7130630218298
2528	6.72285671406426	-5.30389799172775
2529	4.20797677855704	-5.30389799172775
2530	8.91230044113409	15.7130630218298
2531	9.03218425560953	15.7130630218298
2532	8.49667672673218	-5.30389799172775
2533	9.32091834610859	-5.30389799172775
2534	6.9123546798909	15.7130630218298
2535	1.07035984447719	15.7130630218298
2536	6.54460496586534	15.7130630218298
2537	7.73540897138004	15.7130630218298
2538	5.47983669390778	15.7130630218298
2539	1.46692306421476	15.7130630218298
2540	5.3440734357843	15.7130630218298
2541	5.23292947675027	15.7130630218298
2542	12.0460714848872	15.7130630218298
2543	1.62997162363475	-5.30389799172775
2544	2.88644765006361	-5.30389799172775
2545	4.668533833276	15.7130630218298
2546	0.803780709811993	-5.30389799172775
2547	12.6076383930942	-5.30389799172775
2548	5.9359075149856	15.7130630218298
2549	7.42547261116105	-5.30389799172775
2550	-2.9985591613619	15.7130630218298
2551	10.8055576418856	15.7130630218298
2552	8.12978496903149	15.7130630218298
2553	-0.0621291524143852	-5.30389799172775
2554	0.475089487267889	-5.30389799172775
2555	2.05153761369778	11.9499635342621
2556	6.02462503540665	-5.30389799172775
2557	8.74066847700793	15.7130630218298
2558	8.39276821289705	-5.30389799172775
2559	-0.0540511022314258	-5.30389799172775
2560	10.2448781354606	-5.30389799172775
2561	3.19817493684269	-5.30389799172775
2562	-0.475229338323001	15.7130630218298
2563	4.11027026380791	-5.30389799172775
2564	5.69035499382832	15.7130630218298
2565	-1.18604411447534	15.7130630218298
2566	5.09384561388329	-5.30389799172775
2567	8.82429058176307	-5.30389799172775
2568	-2.44773827934238	-5.30389799172775
2569	6.91695793778167	15.7130630218298
2570	0.767720897728969	-5.30389799172775
2571	14.6158719177026	15.7130630218298
2572	1.15683106764185	15.7130630218298
2573	1.38770604247118	15.7130630218298
2574	0.0230024708188306	-5.30389799172775
2575	-0.621341522821964	-5.30389799172775
2576	-0.0667370358522751	15.7130630218298
2577	11.5106223174834	15.7130630218298
2578	10.3809630483758	15.7130630218298
2579	11.8207729573972	15.7130630218298
2580	2.4545735165825	15.7130630218298
2581	-0.553269126895843	-5.30389799172775
2582	9.63762828435777	-5.30389799172775
2583	0.453897148631049	15.7130630218298
2584	2.26581546078627	13.7157352840395
2585	1.12986398833778	15.7130630218298
2586	7.45632988097753	-5.30389799172775
2587	8.15088203201351	15.7130630218298
2588	5.63187883421854	15.7130630218298
2589	0.0479606144664847	15.7130630218298
2590	5.85334177583055	15.7130630218298
2591	7.47175317907716	15.7130630218298
2592	0.94456294939532	-5.30389799172775
2593	8.52163708262522	-5.30389799172775
2594	2.08564079178643	15.7130630218298
2595	0.0115136148397563	-5.30389799172775
2596	7.32992453795833	15.7130630218298
2597	12.8789455866351	-5.30389799172775
2598	-1.0826905038033	15.7130630218298
2599	1.73616109502928	-5.30389799172775
2600	2.98812319560942	15.7130630218298
2601	2.13777704125361	15.7130630218298
2602	0.370577449836003	15.7130630218298
2603	7.16402454575909	-5.30389799172775
2604	3.27689919299469	-5.30389799172775
2605	7.78067610730869	15.7130630218298
2606	-1.62928343012448	-5.30389799172775
2607	1.91628439509508	-5.30389799172775
2608	11.1582838640615	-5.30389799172775
2609	11.150414870694	-5.30389799172775
2610	8.66180901230595	15.7130630218298
2611	9.90929073231001	15.7130630218298
2612	9.15011536979567	15.7130630218298
2613	7.66580506057516	-5.30389799172775
2614	-4.34858158202059	15.7130630218298
2615	6.76808851786802	-5.30389799172775
2616	4.77210484422042	-3.58796276535031
2617	7.49602192084265	-5.30389799172775
2618	5.03162066214857	-5.30389799172775
2619	1.68542638489522	15.7130630218298
2620	5.25455808507939	-5.30389799172775
2621	2.45984371888309	-5.30389799172775
2622	8.10240287198131	15.7130630218298
2623	9.99457053677909	-5.30389799172775
2624	5.90181810027828	15.7130630218298
2625	4.53342840149862	15.7130630218298
2626	-0.00841014455275049	15.7130630218298
2627	6.83559412691964	15.7130630218298
2628	-2.87807712491032	15.7130630218298
2629	-0.766931271538603	-5.30389799172775
2630	1.13053242829008	15.7130630218298
2631	6.65043333581921	11.9007571805634
2632	9.44511717584912	-5.30389799172775
2633	5.38820949799105	0.53525698451652
2634	7.81299269178465	15.7130630218298
2635	-1.29491353050677	-5.30389799172775
2636	8.67049521087237	-5.30389799172775
2637	2.31378192939679	-5.30389799172775
2638	9.88122450101968	15.7130630218298
2639	9.40661557055468	-5.30389799172775
2640	2.15311722002144	15.7130630218298
2641	1.41268317376875	-5.30389799172775
2642	9.39955268545147	-5.30389799172775
2643	5.13947219406398	-5.30389799172775
2644	9.08499027724131	-5.30389799172775
2645	5.36810319444381	-5.30389799172775
2646	1.96156831766021	-5.30389799172775
2647	8.39846714223112	15.7130630218298
2648	5.18780636190517	15.7130630218298
2649	6.50776261402182	-5.30389799172775
2650	10.4478676194402	-5.30389799172775
2651	4.4694732489229	15.7130630218298
2652	-0.871306030983109	-5.30389799172775
2653	2.30034665122364	15.7130630218298
2654	2.34588715545427	15.7130630218298
2655	12.3909498764063	15.7130630218298
2656	13.9387180330806	15.7130630218298
2657	0.23706642464464	15.7130630218298
2658	4.02049231090547	-5.30389799172775
2659	10.7951485216016	-5.30389799172775
2660	0.233671824257256	15.7130630218298
2661	4.94907873701757	-5.30389799172775
2662	1.83688095080756	15.7130630218298
2663	4.02100722935262	15.7130630218298
2664	0.533242306116686	15.7130630218298
2665	8.37055999542821	-5.30389799172775
2666	4.19978810011259	15.7130630218298
2667	0.11697167428337	15.7130630218298
2668	7.66056494244898	-5.30389799172775
2669	10.1163885197263	15.7130630218298
2670	4.45354499695112	-5.30389799172775
2671	1.2721136596478	15.7130630218298
2672	-0.433043155965496	-5.30389799172775
2673	1.40126937391547	15.7130630218298
2674	-1.42564467382355	15.7130630218298
2675	1.09277664001855	15.7130630218298
2676	0.58298273947091	-5.30389799172775
2677	-0.599831042607216	-5.30389799172775
2678	0.158479537609441	15.7130630218298
2679	4.22277918280051	-5.30389799172775
2680	0.391714334442204	-5.30389799172775
2681	0.33177022213654	15.7130630218298
2682	7.5173302663086	-5.30389799172775
2683	2.69585614553595	15.7130630218298
2684	-2.37380881558173	15.7130630218298
2685	6.47047610945289	-5.30389799172775
2686	7.73251541197951	15.7130630218298
2687	9.98290102516725	-5.30389799172775
2688	9.31726091151868	15.7130630218298
2689	5.30332070511052	15.7130630218298
2690	10.0747615832888	15.7130630218298
2691	3.82923596449484	15.7130630218298
2692	11.5969566128186	15.7130630218298
2693	12.2741860713448	-5.30389799172775
2694	1.49729153160628	-5.30389799172775
2695	7.15395395372344	-5.30389799172775
2696	4.05029911945523	-5.30389799172775
2697	-0.109726383816623	15.7130630218298
2698	-0.553939803402985	15.7130630218298
2699	-0.226251676677918	-5.30389799172775
2700	8.81242485221115	-5.30389799172775
2701	8.55632071564338	-5.30389799172775
2702	0.175002105410684	15.7130630218298
2703	1.30168454422251	15.7130630218298
2704	3.50342881885624	-5.30389799172775
2705	8.68840932869351	-5.30389799172775
2706	10.0117443452968	15.7130630218298
2707	11.2590644663253	15.7130630218298
2708	5.52246623443888	15.7130630218298
2709	1.11859344544774	-5.30389799172775
2710	12.9970950903469	-5.30389799172775
2711	1.0340007896917	-5.30389799172775
2712	5.8384678084801	-5.30389799172775
2713	2.91957960781285	15.7130630218298
2714	0.0349888098504865	15.7130630218298
2715	8.9947178895006	15.7130630218298
2716	6.34460717134618	15.7130630218298
2717	6.99388021776221	-5.30389799172775
2718	9.43567368757619	15.7130630218298
2719	2.98403160328304	15.7130630218298
2720	9.61489063798503	-5.30389799172775
2721	2.1282747074767	-5.30389799172775
2722	7.42181550735181	-1.49987907481855
2723	3.63732299504189	9.65029595191839
2724	8.14695862208917	15.7130630218298
2725	5.21783591565566	-5.30389799172775
2726	3.79803920581527	15.7130630218298
2727	5.52105325366223	-5.30389799172775
2728	6.72285671406426	15.7130630218298
2729	4.20797677855704	15.7130630218298
2730	8.91230044113409	-5.30389799172775
2731	9.03218425560953	-5.30389799172775
2732	8.49667672673218	15.7130630218298
2733	9.32091834610859	15.7130630218298
2734	6.9123546798909	-5.30389799172775
2735	1.07035984447719	-5.30389799172775
2736	6.54460496586534	-5.30389799172775
2737	7.73540897138004	-5.30389799172775
2738	5.47983669390778	-5.30389799172775
2739	1.46692306421476	-5.30389799172775
2740	5.3440734357843	-5.30389799172775
2741	5.23292947675027	-5.30389799172775
2742	12.0460714848872	-5.30389799172775
2743	1.62997162363475	15.7130630218298
2744	2.88644765006361	15.7130630218298
2745	4.668533833276	-5.30389799172775
2746	0.803780709811993	15.7130630218298
2747	12.6076383930942	15.7130630218298
2748	5.9359075149856	-5.30389799172775
2749	7.42547261116105	15.7130630218298
2750	-2.9985591613619	-5.30389799172775
2751	10.8055576418856	-5.30389799172775
2752	8.12978496903149	-5.30389799172775
2753	-0.0621291524143852	15.7130630218298
2754	0.475089487267889	15.7130630218298
2755	2.05153761369778	-5.30389799172775
2756	6.02462503540665	15.7130630218298
2757	8.74066847700793	-5.30389799172775
2758	8.39276821289705	15.7130630218298
2759	-0.0540511022314258	15.7130630218298
2760	10.2448781354606	15.7130630218298
2761	3.19817493684269	15.7130630218298
2762	-0.475229338323001	-5.30389799172775
2763	4.11027026380791	15.7130630218298
2764	5.69035499382832	-5.30389799172775
2765	-1.18604411447534	-5.30389799172775
2766	5.09384561388329	15.7130630218298
2767	8.82429058176307	15.7130630218298
2768	-2.44773827934238	15.7130630218298
2769	6.91695793778167	-5.30389799172775
2770	0.767720897728969	15.7130630218298
2771	14.6158719177026	-5.30389799172775
2772	1.15683106764185	-5.30389799172775
2773	1.38770604247118	-5.30389799172775
2774	0.0230024708188306	15.7130630218298
2775	-0.621341522821964	15.7130630218298
2776	-0.0667370358522751	-5.30389799172775
2777	11.5106223174834	-5.30389799172775
2778	10.3809630483758	-5.30389799172775
2779	11.8207729573972	-5.30389799172775
2780	2.4545735165825	-5.30389799172775
2781	-0.553269126895843	15.7130630218298
2782	9.63762828435777	15.7130630218298
2783	0.453897148631049	-5.30389799172775
2784	2.26581546078627	-5.30389799172775
2785	1.12986398833778	-5.30389799172775
2786	7.45632988097753	15.7130630218298
2787	8.15088203201351	-5.30389799172775
2788	5.63187883421854	-5.30389799172775
2789	0.0479606144664847	-5.30389799172775
2790	5.85334177583055	-5.30389799172775
2791	7.47175317907716	-5.30389799172775
2792	0.94456294939532	15.7130630218298
2793	8.52163708262522	15.7130630218298
2794	2.08564079178643	-5.30389799172775
2795	0.0115136148397563	15.7130630218298
2796	7.32992453795833	-5.30389799172775
2797	12.8789455866351	15.7130630218298
2798	-1.0826905038033	-5.30389799172775
2799	1.73616109502928	15.7130630218298
2800	2.98812319560942	-5.30389799172775
2801	2.13777704125361	-5.30389799172775
2802	0.370577449836003	-5.30389799172775
2803	7.16402454575909	15.7130630218298
2804	3.27689919299469	15.7130630218298
2805	7.78067610730869	-5.30389799172775
2806	-1.62928343012448	15.7130630218298
2807	1.91628439509508	15.7130630218298
2808	11.1582838640615	15.7130630218298
2809	11.150414870694	15.7130630218298
2810	8.66180901230595	-5.30389799172775
2811	9.90929073231001	-5.30389799172775
2812	9.15011536979567	-5.30389799172775
2813	7.66580506057516	15.7130630218298
2814	-4.34858158202059	-5.30389799172775
2815	6.76808851786802	15.7130630218298
2816	4.77210484422042	15.7130630218298
2817	7.49602192084265	15.7130630218298
2818	5.03162066214857	15.7130630218298
2819	1.68542638489522	-5.30389799172775
2820	5.25455808507939	15.7130630218298
2821	2.45984371888309	15.7130630218298
2822	8.10240287198131	-5.30389799172775
2823	9.99457053677909	15.7130630218298
2824	5.90181810027828	-5.30389799172775
2825	4.53342840149862	-5.30389799172775
2826	-0.00841014455275049	-5.30389799172775
2827	6.83559412691964	-5.30389799172775
2828	-2.87807712491032	-5.30389799172775
2829	-0.766931271538603	15.7130630218298
2830	1.13053242829008	-5.30389799172775
2831	6.65043333581921	-5.30389799172775
2832	9.44511717584912	15.7130630218298
2833	5.38820949799105	12.1511114774963
2834	7.81299269178465	-5.30389799172775
2835	-1.29491353050677	15.7130630218298
2836	8.67049521087237	15.7130630218298
2837	2.31378192939679	15.7130630218298
2838	9.88122450101968	-5.30389799172775
2839	9.40661557055468	15.7130630218298
2840	2.15311722002144	-5.30389799172775
2841	1.41268317376875	15.7130630218298
2842	9.39955268545147	15.7130630218298
2843	5.13947219406398	15.7130630218298
2844	9.08499027724131	15.7130630218298
2845	5.36810319444381	15.7130630218298
2846	1.96156831766021	15.7130630218298
2847	8.39846714223112	-5.30389799172775
2848	5.18780636190517	-5.30389799172775
2849	6.50776261402182	15.7130630218298
2850	10.4478676194402	15.7130630218298
2851	4.4694732489229	-5.30389799172775
2852	-0.871306030983109	15.7130630218298
2853	2.30034665122364	-5.30389799172775
2854	2.34588715545427	-5.30389799172775
2855	12.3909498764063	-5.30389799172775
2856	13.9387180330806	-5.30389799172775
2857	0.23706642464464	-5.30389799172775
2858	4.02049231090547	15.7130630218298
2859	10.7951485216016	15.7130630218298
2860	0.233671824257256	-5.30389799172775
2861	4.94907873701757	15.7130630218298
2862	1.83688095080756	-5.30389799172775
2863	4.02100722935262	-5.30389799172775
2864	0.533242306116686	-5.30389799172775
2865	8.37055999542821	15.7130630218298
2866	4.19978810011259	-5.30389799172775
2867	0.11697167428337	-5.30389799172775
2868	7.66056494244898	15.7130630218298
2869	10.1163885197263	-5.30389799172775
2870	4.45354499695112	15.7130630218298
2871	1.2721136596478	-5.30389799172775
2872	-0.433043155965496	15.7130630218298
2873	1.40126937391547	-5.30389799172775
2874	-1.42564467382355	-5.30389799172775
2875	1.09277664001855	-5.30389799172775
2876	0.58298273947091	15.7130630218298
2877	-0.599831042607216	15.7130630218298
2878	0.158479537609441	-5.30389799172775
2879	4.22277918280051	15.7130630218298
2880	0.391714334442204	15.7130630218298
2881	0.33177022213654	-5.30389799172775
2882	7.5173302663086	15.7130630218298
2883	2.69585614553595	-5.30389799172775
2884	-2.37380881558173	-5.30389799172775
2885	6.47047610945289	15.7130630218298
2886	7.73251541197951	-5.30389799172775
2887	9.98290102516725	15.7130630218298
2888	9.31726091151868	-5.30389799172775
2889	5.30332070511052	-5.30389799172775
2890	10.0747615832888	-5.30389799172775
2891	3.82923596449484	-5.30389799172775
2892	11.5969566128186	-5.30389799172775
2893	12.2741860713448	15.7130630218298
2894	1.49729153160628	15.7130630218298
2895	7.15395395372344	15.7130630218298
2896	4.05029911945523	15.7130630218298
2897	-0.109726383816623	-5.30389799172775
2898	-0.553939803402985	-5.30389799172775
2899	-0.226251676677918	15.7130630218298
2900	8.81242485221115	15.7130630218298
2901	8.55632071564338	15.7130630218298
2902	0.175002105410684	-5.30389799172775
2903	1.30168454422251	-5.30389799172775
2904	3.50342881885624	15.7130630218298
2905	8.68840932869351	15.7130630218298
2906	10.0117443452968	-5.30389799172775
2907	11.2590644663253	-5.30389799172775
2908	5.52246623443888	-5.30389799172775
2909	1.11859344544774	15.7130630218298
2910	12.9970950903469	15.7130630218298
2911	1.0340007896917	15.7130630218298
2912	5.8384678084801	15.7130630218298
2913	2.91957960781285	-5.30389799172775
2914	0.0349888098504865	-5.30389799172775
2915	8.9947178895006	-5.30389799172775
2916	6.34460717134618	-5.30389799172775
2917	6.99388021776221	15.7130630218298
2918	9.43567368757619	-5.30389799172775
2919	2.98403160328304	-5.30389799172775
2920	9.61489063798503	15.7130630218298
2921	2.1282747074767	15.7130630218298
2922	7.42181550735181	15.7130630218298
2923	3.63732299504189	-2.43556564676597
2924	8.14695862208917	-5.30389799172775
2925	5.21783591565566	15.7130630218298
2926	3.79803920581527	-5.30389799172775
2927	5.52105325366223	15.7130630218298
2928	6.72285671406426	-5.30389799172775
2929	4.20797677855704	-5.30389799172775
2930	8.91230044113409	15.7130630218298
2931	9.03218425560953	15.7130630218298
2932	8.49667672673218	-5.30389799172775
2933	9.32091834610859	-5.30389799172775
2934	6.9123546798909	15.7130630218298
2935	1.07035984447719	15.7130630218298
2936	6.54460496586534	15.7130630218298
2937	7.73540897138004	15.7130630218298
2938	5.47983669390778	15.7130630218298
2939	1.46692306421476	15.7130630218298
2940	5.3440734357843	15.7130630218298
2941	5.23292947675027	15.7130630218298
2942	12.0460714848872	15.7130630218298
2943	1.62997162363475	-5.30389799172775
2944	2.88644765006361	-5.30389799172775
2945	4.668533833276	15.7130630218298
2946	0.803780709811993	-5.30389799172775
2947	12.6076383930942	-5.30389799172775
2948	5.9359075149856	15.7130630218298
2949	7.42547261116105	-5.30389799172775
2950	-2.9985591613619	15.7130630218298
2951	10.8055576418856	15.7130630218298
2952	8.12978496903149	15.7130630218298
2953	-0.0621291524143852	-5.30389799172775
2954	0.475089487267889	-5.30389799172775
2955	2.05153761369778	15.7130630218298
2956	6.02462503540665	-5.30389799172775
2957	8.74066847700793	15.7130630218298
2958	8.39276821289705	-5.30389799172775
2959	-0.0540511022314258	-5.30389799172775
2960	10.2448781354606	-5.30389799172775
2961	3.19817493684269	-5.30389799172775
2962	-0.475229338323001	15.7130630218298
2963	4.11027026380791	-5.30389799172775
2964	5.69035499382832	15.7130630218298
2965	-1.18604411447534	15.7130630218298
2966	5.09384561388329	-5.30389799172775
2967	8.82429058176307	-5.30389799172775
2968	-2.44773827934238	-5.30389799172775
2969	6.91695793778167	15.7130630218298
2970	0.767720897728969	-5.30389799172775
2971	14.6158719177026	15.7130630218298
2972	1.15683106764185	15.7130630218298
2973	1.38770604247118	15.7130630218298
2974	0.0230024708188306	-5.30389799172775
2975	-0.621341522821964	-5.30389799172775
2976	-0.0667370358522751	15.7130630218298
2977	11.5106223174834	15.7130630218298
2978	10.3809630483758	15.7130630218298
2979	11.8207729573972	15.7130630218298
2980	2.4545735165825	15.7130630218298
2981	-0.553269126895843	-5.30389799172775
2982	9.63762828435777	-5.30389799172775
2983	0.453897148631049	15.7130630218298
2984	2.26581546078627	15.7130630218298
2985	1.12986398833778	15.7130630218298
2986	7.45632988097753	-5.30389799172775
2987	8.15088203201351	15.7130630218298
2988	5.63187883421854	15.7130630218298
2989	0.0479606144664847	15.7130630218298
2990	5.85334177583055	15.7130630218298
2991	7.47175317907716	15.7130630218298
2992	0.94456294939532	-5.30389799172775
2993	8.52163708262522	-5.30389799172775
2994	2.08564079178643	15.7130630218298
2995	0.0115136148397563	-5.30389799172775
2996	7.32992453795833	15.7130630218298
2997	12.8789455866351	-5.30389799172775
2998	-1.0826905038033	15.7130630218298
2999	1.73616109502928	-5.30389799172775
3000	2.98812319560942	15.7130630218298
3001	2.13777704125361	15.7130630218298
3002	0.370577449836003	15.7130630218298
3003	7.16402454575909	-5.30389799172775
3004	3.27689919299469	-5.30389799172775
3005	7.78067610730869	15.7130630218298
3006	-1.62928343012448	-5.30389799172775
3007	1.91628439509508	-5.30389799172775
3008	11.1582838640615	-5.30389799172775
3009	11.150414870694	-5.30389799172775
3010	8.66180901230595	15.7130630218298
3011	9.90929073231001	15.7130630218298
3012	9.15011536979567	15.7130630218298
3013	7.66580506057516	-5.30389799172775
3014	-4.34858158202059	15.7130630218298
3015	6.76808851786802	-5.30389799172775
3016	4.77210484422042	-5.30389799172775
3017	7.49602192084265	-5.30389799172775
3018	5.03162066214857	-5.30389799172775
3019	1.68542638489522	15.7130630218298
3020	5.25455808507939	-5.30389799172775
3021	2.45984371888309	-5.30389799172775
3022	8.10240287198131	15.7130630218298
3023	9.99457053677909	-5.30389799172775
3024	5.90181810027828	15.7130630218298
3025	4.53342840149862	15.7130630218298
3026	-0.00841014455275049	15.7130630218298
3027	6.83559412691964	15.7130630218298
3028	-2.87807712491032	15.7130630218298
3029	-0.766931271538603	-5.30389799172775
3030	1.13053242829008	15.7130630218298
3031	6.65043333581921	15.7130630218298
3032	9.44511717584912	-5.30389799172775
3033	5.38820949799105	-5.30389799172775
3034	7.81299269178465	15.7130630218298
3035	-1.29491353050677	-5.30389799172775
3036	8.67049521087237	-5.30389799172775
3037	2.31378192939679	-5.30389799172775
3038	9.88122450101968	15.7130630218298
3039	9.40661557055468	-5.30389799172775
3040	2.15311722002144	15.7130630218298
3041	1.41268317376875	-5.30389799172775
3042	9.39955268545147	-5.30389799172775
3043	5.13947219406398	-5.30389799172775
3044	9.08499027724131	-5.30389799172775
3045	5.36810319444381	-5.30389799172775
3046	1.96156831766021	-5.30389799172775
3047	8.39846714223112	15.7130630218298
3048	5.18780636190517	15.7130630218298
3049	6.50776261402182	-5.30389799172775
3050	10.4478676194402	-5.30389799172775
3051	4.4694732489229	15.7130630218298
3052	-0.871306030983109	-5.30389799172775
3053	2.30034665122364	15.7130630218298
3054	2.34588715545427	15.7130630218298
3055	12.3909498764063	15.7130630218298
3056	13.9387180330806	15.7130630218298
3057	0.23706642464464	15.7130630218298
3058	4.02049231090547	-5.30389799172775
3059	10.7951485216016	-5.30389799172775
3060	0.233671824257256	15.7130630218298
3061	4.94907873701757	-5.30389799172775
3062	1.83688095080756	15.7130630218298
3063	4.02100722935262	15.7130630218298
3064	0.533242306116686	15.7130630218298
3065	8.37055999542821	-5.30389799172775
3066	4.19978810011259	15.7130630218298
3067	0.11697167428337	15.7130630218298
3068	7.66056494244898	-5.30389799172775
3069	10.1163885197263	15.7130630218298
3070	4.45354499695112	-5.30389799172775
3071	1.2721136596478	15.7130630218298
3072	-0.433043155965496	-5.30389799172775
3073	1.40126937391547	15.7130630218298
3074	-1.42564467382355	15.7130630218298
3075	1.09277664001855	15.7130630218298
3076	0.58298273947091	-5.30389799172775
3077	-0.599831042607216	-5.30389799172775
3078	0.158479537609441	15.7130630218298
3079	4.22277918280051	-5.30389799172775
3080	0.391714334442204	-5.30389799172775
3081	0.33177022213654	15.7130630218298
3082	7.5173302663086	-5.30389799172775
3083	2.69585614553595	15.7130630218298
3084	-2.37380881558173	15.7130630218298
3085	6.47047610945289	-5.30389799172775
3086	7.73251541197951	15.7130630218298
3087	9.98290102516725	-5.30389799172775
3088	9.31726091151868	15.7130630218298
3089	5.30332070511052	15.7130630218298
3090	10.0747615832888	15.7130630218298
3091	3.82923596449484	15.7130630218298
3092	11.5969566128186	15.7130630218298
3093	12.2741860713448	-5.30389799172775
3094	1.49729153160628	-5.30389799172775
3095	7.15395395372344	-5.30389799172775
3096	4.05029911945523	-5.30389799172775
3097	-0.109726383816623	15.7130630218298
3098	-0.553939803402985	15.7130630218298
3099	-0.226251676677918	-5.30389799172775
3100	8.81242485221115	-5.30389799172775
3101	8.55632071564338	-5.30389799172775
3102	0.175002105410684	15.7130630218298
3103	1.30168454422251	15.7130630218298
3104	3.50342881885624	-5.30389799172775
3105	8.68840932869351	-5.30389799172775
3106	10.0117443452968	15.7130630218298
3107	11.2590644663253	15.7130630218298
3108	5.52246623443888	15.7130630218298
3109	1.11859344544774	-5.30389799172775
3110	12.9970950903469	-5.30389799172775
3111	1.0340007896917	-5.30389799172775
3112	5.8384678084801	-5.30389799172775
3113	2.91957960781285	15.7130630218298
3114	0.0349888098504865	15.7130630218298
3115	8.9947178895006	15.7130630218298
3116	6.34460717134618	15.7130630218298
3117	6.99388021776221	-5.30389799172775
3118	9.43567368757619	15.7130630218298
3119	2.98403160328304	15.7130630218298
3120	9.61489063798503	-5.30389799172775
3121	2.1282747074767	-5.30389799172775
3122	7.42181550735181	-5.30389799172775
3123	3.63732299504189	15.7130630218298
3124	8.14695862208917	15.7130630218298
3125	5.21783591565566	-5.30389799172775
3126	3.79803920581527	15.7130630218298
3127	5.52105325366223	-5.30389799172775
3128	6.72285671406426	15.7130630218298
3129	4.20797677855704	15.7130630218298
3130	8.91230044113409	-5.30389799172775
3131	9.03218425560953	-5.30389799172775
3132	8.49667672673218	15.7130630218298
3133	9.32091834610859	15.7130630218298
3134	6.9123546798909	-5.30389799172775
3135	1.07035984447719	-5.30389799172775
3136	6.54460496586534	-5.30389799172775
3137	7.73540897138004	-5.30389799172775
3138	5.47983669390778	-5.30389799172775
3139	1.46692306421476	-5.30389799172775
3140	5.3440734357843	-5.30389799172775
3141	5.23292947675027	-5.30389799172775
3142	12.0460714848872	-5.30389799172775
3143	1.62997162363475	15.7130630218298
3144	2.88644765006361	15.7130630218298
3145	4.668533833276	-5.30389799172775
3146	0.803780709811993	15.7130630218298
3147	12.6076383930942	15.7130630218298
3148	5.9359075149856	-5.30389799172775
3149	7.42547261116105	15.7130630218298
3150	-2.9985591613619	-5.30389799172775
3151	10.8055576418856	-5.30389799172775
3152	8.12978496903149	-5.30389799172775
3153	-0.0621291524143852	15.7130630218298
3154	0.475089487267889	15.7130630218298
3155	2.05153761369778	-5.30389799172775
3156	6.02462503540665	15.7130630218298
3157	8.74066847700793	-5.30389799172775
3158	8.39276821289705	15.7130630218298
3159	-0.0540511022314258	15.7130630218298
3160	10.2448781354606	15.7130630218298
3161	3.19817493684269	15.7130630218298
3162	-0.475229338323001	-5.30389799172775
3163	4.11027026380791	15.7130630218298
3164	5.69035499382832	-5.30389799172775
3165	-1.18604411447534	-5.30389799172775
3166	5.09384561388329	15.7130630218298
3167	8.82429058176307	15.7130630218298
3168	-2.44773827934238	15.7130630218298
3169	6.91695793778167	-5.30389799172775
3170	0.767720897728969	15.7130630218298
3171	14.6158719177026	-5.30389799172775
3172	1.15683106764185	-5.30389799172775
3173	1.38770604247118	-5.30389799172775
3174	0.0230024708188306	15.7130630218298
3175	-0.621341522821964	15.7130630218298
3176	-0.0667370358522751	-5.30389799172775
3177	11.5106223174834	-5.30389799172775
3178	10.3809630483758	-5.30389799172775
3179	11.8207729573972	-5.30389799172775
3180	2.4545735165825	-5.30389799172775
3181	-0.553269126895843	15.7130630218298
3182	9.63762828435777	15.7130630218298
3183	0.453897148631049	-5.30389799172775
3184	2.26581546078627	-5.30389799172775
3185	1.12986398833778	-5.30389799172775
3186	7.45632988097753	15.7130630218298
3187	8.15088203201351	-5.30389799172775
3188	5.63187883421854	-5.30389799172775
3189	0.0479606144664847	-5.30389799172775
3190	5.85334177583055	-5.30389799172775
3191	7.47175317907716	-5.30389799172775
3192	0.94456294939532	15.7130630218298
3193	8.52163708262522	15.7130630218298
3194	2.08564079178643	-5.30389799172775
3195	0.0115136148397563	15.7130630218298
3196	7.32992453795833	-5.30389799172775
3197	12.8789455866351	15.7130630218298
3198	-1.0826905038033	-5.30389799172775
3199	1.73616109502928	15.7130630218298
3200	2.98812319560942	-5.30389799172775
3201	2.13777704125361	-5.30389799172775
3202	0.370577449836003	-5.30389799172775
3203	7.16402454575909	15.7130630218298
3204	3.27689919299469	15.7130630218298
3205	7.78067610730869	-5.30389799172775
3206	-1.62928343012448	15.7130630218298
3207	1.91628439509508	15.7130630218298
3208	11.1582838640615	15.7130630218298
3209	11.150414870694	15.7130630218298
3210	8.66180901230595	-5.30389799172775
3211	9.90929073231001	-5.30389799172775
3212	9.15011536979567	-5.30389799172775
3213	7.66580506057516	15.7130630218298
3214	-4.34858158202059	-5.30389799172775
3215	6.76808851786802	15.7130630218298
3216	4.77210484422042	15.7130630218298
3217	7.49602192084265	15.7130630218298
3218	5.03162066214857	15.7130630218298
3219	1.68542638489522	-5.30389799172775
3220	5.25455808507939	15.7130630218298
3221	2.45984371888309	15.7130630218298
3222	8.10240287198131	-5.30389799172775
3223	9.99457053677909	15.7130630218298
3224	5.90181810027828	-5.30389799172775
3225	4.53342840149862	-5.30389799172775
3226	-0.00841014455275049	-5.30389799172775
3227	6.83559412691964	-5.30389799172775
3228	-2.87807712491032	-5.30389799172775
3229	-0.766931271538603	15.7130630218298
3230	1.13053242829008	-5.30389799172775
3231	6.65043333581921	-5.30389799172775
3232	9.44511717584912	15.7130630218298
3233	5.38820949799105	15.7130630218298
3234	7.81299269178465	-5.30389799172775
3235	-1.29491353050677	15.7130630218298
3236	8.67049521087237	15.7130630218298
3237	2.31378192939679	15.7130630218298
3238	9.88122450101968	-5.30389799172775
3239	9.40661557055468	15.7130630218298
3240	2.15311722002144	-5.30389799172775
3241	1.41268317376875	15.7130630218298
3242	9.39955268545147	15.7130630218298
3243	5.13947219406398	15.7130630218298
3244	9.08499027724131	15.7130630218298
3245	5.36810319444381	15.7130630218298
3246	1.96156831766021	15.7130630218298
3247	8.39846714223112	-5.30389799172775
3248	5.18780636190517	-5.30389799172775
3249	6.50776261402182	15.7130630218298
3250	10.4478676194402	15.7130630218298
3251	4.4694732489229	-5.30389799172775
3252	-0.871306030983109	15.7130630218298
3253	2.30034665122364	-5.30389799172775
3254	2.34588715545427	-5.30389799172775
3255	12.3909498764063	-5.30389799172775
3256	13.9387180330806	-5.30389799172775
3257	0.23706642464464	-5.30389799172775
3258	4.02049231090547	15.7130630218298
3259	10.7951485216016	15.7130630218298
3260	0.233671824257256	-5.30389799172775
3261	4.94907873701757	15.7130630218298
3262	1.83688095080756	-5.30389799172775
3263	4.02100722935262	-5.30389799172775
3264	0.533242306116686	-5.30389799172775
3265	8.37055999542821	15.7130630218298
3266	4.19978810011259	-5.30389799172775
3267	0.11697167428337	-5.30389799172775
3268	7.66056494244898	15.7130630218298
3269	10.1163885197263	-5.30389799172775
3270	4.45354499695112	15.7130630218298
3271	1.2721136596478	-5.30389799172775
3272	-0.433043155965496	15.7130630218298
3273	1.40126937391547	-5.30389799172775
3274	-1.42564467382355	-5.30389799172775
3275	1.09277664001855	-5.30389799172775
3276	0.58298273947091	15.7130630218298
3277	-0.599831042607216	15.7130630218298
3278	0.158479537609441	-5.30389799172775
3279	4.22277918280051	15.7130630218298
3280	0.391714334442204	15.7130630218298
3281	0.33177022213654	-5.30389799172775
3282	7.5173302663086	15.7130630218298
3283	2.69585614553595	-5.30389799172775
3284	-2.37380881558173	-5.30389799172775
3285	6.47047610945289	15.7130630218298
3286	7.73251541197951	-5.30389799172775
3287	9.98290102516725	15.7130630218298
3288	9.31726091151868	-5.30389799172775
3289	5.30332070511052	-5.30389799172775
3290	10.0747615832888	-5.30389799172775
3291	3.82923596449484	-5.30389799172775
3292	11.5969566128186	-5.30389799172775
3293	12.2741860713448	15.7130630218298
3294	1.49729153160628	15.7130630218298
3295	7.15395395372344	15.7130630218298
3296	4.05029911945523	15.7130630218298
3297	-0.109726383816623	-5.30389799172775
3298	-0.553939803402985	-5.30389799172775
3299	-0.226251676677918	15.7130630218298
3300	8.81242485221115	15.7130630218298
3301	8.55632071564338	15.7130630218298
3302	0.175002105410684	-5.30389799172775
3303	1.30168454422251	-5.30389799172775
3304	3.50342881885624	15.7130630218298
3305	8.68840932869351	15.7130630218298
3306	10.0117443452968	-5.30389799172775
3307	11.2590644663253	-5.30389799172775
3308	5.52246623443888	-5.30389799172775
3309	1.11859344544774	15.7130630218298
3310	12.9970950903469	15.7130630218298
3311	1.0340007896917	15.7130630218298
3312	5.8384678084801	15.7130630218298
3313	2.91957960781285	-5.30389799172775
3314	0.0349888098504865	-5.30389799172775
3315	8.9947178895006	-5.30389799172775
3316	6.34460717134618	-5.30389799172775
3317	6.99388021776221	15.7130630218298
3318	9.43567368757619	-5.30389799172775
3319	2.98403160328304	-5.30389799172775
3320	9.61489063798503	15.7130630218298
3321	2.1282747074767	15.7130630218298
3322	7.42181550735181	15.7130630218298
3323	3.63732299504189	-5.30389799172775
3324	8.14695862208917	-5.30389799172775
3325	5.21783591565566	15.7130630218298
3326	3.79803920581527	-5.30389799172775
3327	5.52105325366223	15.7130630218298
3328	6.72285671406426	-5.30389799172775
3329	4.20797677855704	-5.30389799172775
3330	8.91230044113409	15.7130630218298
3331	9.03218425560953	15.7130630218298
3332	8.49667672673218	-5.30389799172775
3333	9.32091834610859	-5.30389799172775
3334	6.9123546798909	15.7130630218298
3335	1.07035984447719	15.7130630218298
3336	6.54460496586534	15.7130630218298
3337	7.73540897138004	15.7130630218298
3338	5.47983669390778	15.7130630218298
3339	1.46692306421476	15.7130630218298
3340	5.3440734357843	15.7130630218298
3341	5.23292947675027	15.7130630218298
3342	12.0460714848872	15.7130630218298
3343	1.62997162363475	-5.30389799172775
3344	2.88644765006361	-5.30389799172775
3345	4.668533833276	15.7130630218298
3346	0.803780709811993	-5.30389799172775
3347	12.6076383930942	-5.30389799172775
3348	5.9359075149856	15.7130630218298
3349	7.42547261116105	-5.30389799172775
3350	-2.9985591613619	15.7130630218298
3351	10.8055576418856	15.7130630218298
3352	8.12978496903149	15.7130630218298
3353	-0.0621291524143852	-5.30389799172775
3354	0.475089487267889	-5.30389799172775
3355	2.05153761369778	15.7130630218298
3356	6.02462503540665	-5.30389799172775
3357	8.74066847700793	15.7130630218298
3358	8.39276821289705	-5.30389799172775
3359	-0.0540511022314258	-5.30389799172775
3360	10.2448781354606	-5.30389799172775
3361	3.19817493684269	-5.30389799172775
3362	-0.475229338323001	15.7130630218298
3363	4.11027026380791	-5.30389799172775
3364	5.69035499382832	15.7130630218298
3365	-1.18604411447534	15.7130630218298
3366	5.09384561388329	-5.30389799172775
3367	8.82429058176307	-5.30389799172775
3368	-2.44773827934238	-5.30389799172775
3369	6.91695793778167	15.7130630218298
3370	0.767720897728969	-5.30389799172775
3371	14.6158719177026	15.7130630218298
3372	1.15683106764185	15.7130630218298
3373	1.38770604247118	15.7130630218298
3374	0.0230024708188306	-5.30389799172775
3375	-0.621341522821964	-5.30389799172775
3376	-0.0667370358522751	15.7130630218298
3377	11.5106223174834	15.7130630218298
3378	10.3809630483758	15.7130630218298
3379	11.8207729573972	15.7130630218298
3380	2.4545735165825	15.7130630218298
3381	-0.553269126895843	-5.30389799172775
3382	9.63762828435777	-5.30389799172775
3383	0.453897148631049	15.7130630218298
3384	2.26581546078627	15.7130630218298
3385	1.12986398833778	15.7130630218298
3386	7.45632988097753	-5.30389799172775
3387	8.15088203201351	15.7130630218298
3388	5.63187883421854	15.7130630218298
3389	0.0479606144664847	15.7130630218298
3390	5.85334177583055	15.7130630218298
3391	7.47175317907716	15.7130630218298
3392	0.94456294939532	-5.30389799172775
3393	8.52163708262522	-5.30389799172775
3394	2.08564079178643	15.7130630218298
3395	0.0115136148397563	-5.30389799172775
3396	7.32992453795833	15.7130630218298
3397	12.8789455866351	-5.30389799172775
3398	-1.0826905038033	15.7130630218298
3399	1.73616109502928	-5.30389799172775
3400	2.98812319560942	15.7130630218298
3401	2.13777704125361	15.7130630218298
3402	0.370577449836003	15.7130630218298
3403	7.16402454575909	-5.30389799172775
3404	3.27689919299469	-5.30389799172775
3405	7.78067610730869	15.7130630218298
3406	-1.62928343012448	-5.30389799172775
3407	1.91628439509508	-5.30389799172775
3408	11.1582838640615	-5.30389799172775
3409	11.150414870694	-5.30389799172775
3410	8.66180901230595	15.7130630218298
3411	9.90929073231001	15.7130630218298
3412	9.15011536979567	15.7130630218298
3413	7.66580506057516	-5.30389799172775
3414	-4.34858158202059	15.7130630218298
3415	6.76808851786802	-5.30389799172775
3416	4.77210484422042	-5.30389799172775
3417	7.49602192084265	-5.30389799172775
3418	5.03162066214857	-5.30389799172775
3419	1.68542638489522	15.7130630218298
3420	5.25455808507939	-5.30389799172775
3421	2.45984371888309	-5.30389799172775
3422	8.10240287198131	15.7130630218298
3423	9.99457053677909	-5.30389799172775
3424	5.90181810027828	15.7130630218298
3425	4.53342840149862	15.7130630218298
3426	-0.00841014455275049	15.7130630218298
3427	6.83559412691964	15.7130630218298
3428	-2.87807712491032	15.7130630218298
3429	-0.766931271538603	-5.30389799172775
3430	1.13053242829008	15.7130630218298
3431	6.65043333581921	15.7130630218298
3432	9.44511717584912	-5.30389799172775
3433	5.38820949799105	-5.30389799172775
3434	7.81299269178465	15.7130630218298
3435	-1.29491353050677	-5.30389799172775
3436	8.67049521087237	-5.30389799172775
3437	2.31378192939679	-5.30389799172775
3438	9.88122450101968	15.7130630218298
3439	9.40661557055468	-5.30389799172775
3440	2.15311722002144	15.7130630218298
3441	1.41268317376875	-5.30389799172775
3442	9.39955268545147	-5.30389799172775
3443	5.13947219406398	-5.30389799172775
3444	9.08499027724131	-5.30389799172775
3445	5.36810319444381	-5.30389799172775
3446	1.96156831766021	-5.30389799172775
3447	8.39846714223112	15.7130630218298
3448	5.18780636190517	15.7130630218298
3449	6.50776261402182	-5.30389799172775
3450	10.4478676194402	-5.30389799172775
3451	4.4694732489229	15.7130630218298
3452	-0.871306030983109	-5.30389799172775
3453	2.30034665122364	15.7130630218298
3454	2.34588715545427	15.7130630218298
3455	12.3909498764063	15.7130630218298
3456	13.9387180330806	15.7130630218298
3457	0.23706642464464	15.7130630218298
3458	4.02049231090547	-5.30389799172775
3459	10.7951485216016	-5.30389799172775
3460	0.233671824257256	15.7130630218298
3461	4.94907873701757	-5.30389799172775
3462	1.83688095080756	15.7130630218298
3463	4.02100722935262	15.7130630218298
3464	0.533242306116686	15.7130630218298
3465	8.37055999542821	-5.30389799172775
3466	4.19978810011259	15.7130630218298
3467	0.11697167428337	15.7130630218298
3468	7.66056494244898	-5.30389799172775
3469	10.1163885197263	15.7130630218298
3470	4.45354499695112	-5.30389799172775
3471	1.2721136596478	15.7130630218298
3472	-0.433043155965496	-5.30389799172775
3473	1.40126937391547	15.7130630218298
3474	-1.42564467382355	15.7130630218298
3475	1.09277664001855	15.7130630218298
3476	0.58298273947091	-5.30389799172775
3477	-0.599831042607216	-5.30389799172775
3478	0.158479537609441	15.7130630218298
3479	4.22277918280051	-5.30389799172775
3480	0.391714334442204	-5.30389799172775
3481	0.33177022213654	15.7130630218298
3482	7.5173302663086	-5.30389799172775
3483	2.69585614553595	15.7130630218298
3484	-2.37380881558173	15.7130630218298
3485	6.47047610945289	-5.30389799172775
3486	7.73251541197951	15.7130630218298
3487	9.98290102516725	-5.30389799172775
3488	9.31726091151868	15.7130630218298
3489	5.30332070511052	15.7130630218298
3490	10.0747615832888	15.7130630218298
3491	3.82923596449484	15.7130630218298
3492	11.5969566128186	15.7130630218298
3493	12.2741860713448	-5.30389799172775
3494	1.49729153160628	-5.30389799172775
3495	7.15395395372344	-5.30389799172775
3496	4.05029911945523	-5.30389799172775
3497	-0.109726383816623	15.7130630218298
3498	-0.553939803402985	15.7130630218298
3499	-0.226251676677918	-5.30389799172775
3500	8.81242485221115	-5.30389799172775
3501	8.55632071564338	-5.30389799172775
3502	0.175002105410684	15.7130630218298
3503	1.30168454422251	15.7130630218298
3504	3.50342881885624	-5.30389799172775
3505	8.68840932869351	-5.30389799172775
3506	10.0117443452968	15.7130630218298
3507	11.2590644663253	15.7130630218298
3508	5.52246623443888	15.7130630218298
3509	1.11859344544774	-5.30389799172775
3510	12.9970950903469	-5.30389799172775
3511	1.0340007896917	-5.30389799172775
3512	5.8384678084801	-5.30389799172775
3513	2.91957960781285	15.7130630218298
3514	0.0349888098504865	15.7130630218298
3515	8.9947178895006	15.7130630218298
3516	6.34460717134618	15.7130630218298
3517	6.99388021776221	-5.30389799172775
3518	9.43567368757619	15.7130630218298
3519	2.98403160328304	15.7130630218298
3520	9.61489063798503	-5.30389799172775
3521	2.1282747074767	-5.30389799172775
3522	7.42181550735181	-5.30389799172775
3523	3.63732299504189	15.7130630218298
3524	8.14695862208917	15.7130630218298
3525	5.21783591565566	-5.30389799172775
3526	3.79803920581527	15.7130630218298
3527	5.52105325366223	-5.30389799172775
3528	6.72285671406426	15.7130630218298
3529	4.20797677855704	15.7130630218298
3530	8.91230044113409	-5.30389799172775
3531	9.03218425560953	-5.30389799172775
3532	8.49667672673218	15.7130630218298
3533	9.32091834610859	15.7130630218298
3534	6.9123546798909	-5.30389799172775
3535	1.07035984447719	-5.30389799172775
3536	6.54460496586534	-5.30389799172775
3537	7.73540897138004	-5.30389799172775
3538	5.47983669390778	-5.30389799172775
3539	1.46692306421476	-5.30389799172775
3540	5.3440734357843	-5.30389799172775
3541	5.23292947675027	-5.30389799172775
3542	12.0460714848872	-5.30389799172775
3543	1.62997162363475	15.7130630218298
3544	2.88644765006361	15.7130630218298
3545	4.668533833276	-5.30389799172775
3546	0.803780709811993	15.7130630218298
3547	12.6076383930942	15.7130630218298
3548	5.9359075149856	-5.30389799172775
3549	7.42547261116105	15.7130630218298
3550	-2.9985591613619	-5.30389799172775
3551	10.8055576418856	-5.30389799172775
3552	8.12978496903149	-5.30389799172775
3553	-0.0621291524143852	15.7130630218298
3554	0.475089487267889	15.7130630218298
3555	2.05153761369778	-5.30389799172775
3556	6.02462503540665	15.7130630218298
3557	8.74066847700793	-5.30389799172775
3558	8.39276821289705	15.7130630218298
3559	-0.0540511022314258	15.7130630218298
3560	10.2448781354606	15.7130630218298
3561	3.19817493684269	15.7130630218298
3562	-0.475229338323001	-5.30389799172775
3563	4.11027026380791	15.7130630218298
3564	5.69035499382832	-5.30389799172775
3565	-1.18604411447534	-5.30389799172775
3566	5.09384561388329	15.7130630218298
3567	8.82429058176307	15.7130630218298
3568	-2.44773827934238	15.7130630218298
3569	6.91695793778167	-5.30389799172775
3570	0.767720897728969	15.7130630218298
3571	14.6158719177026	-5.30389799172775
3572	1.15683106764185	-5.30389799172775
3573	1.38770604247118	-5.30389799172775
3574	0.0230024708188306	15.7130630218298
3575	-0.621341522821964	15.7130630218298
3576	-0.0667370358522751	-5.30389799172775
3577	11.5106223174834	-5.30389799172775
3578	10.3809630483758	-5.30389799172775
3579	11.8207729573972	-5.30389799172775
3580	2.4545735165825	-5.30389799172775
3581	-0.553269126895843	15.7130630218298
3582	9.63762828435777	15.7130630218298
3583	0.453897148631049	-5.30389799172775
3584	2.26581546078627	-5.30389799172775
3585	1.12986398833778	-5.30389799172775
3586	7.45632988097753	15.7130630218298
3587	8.15088203201351	-5.30389799172775
3588	5.63187883421854	-5.30389799172775
3589	0.0479606144664847	-5.30389799172775
3590	5.85334177583055	-5.30389799172775
3591	7.47175317907716	-5.30389799172775
3592	0.94456294939532	15.7130630218298
3593	8.52163708262522	15.7130630218298
3594	2.08564079178643	-5.30389799172775
3595	0.0115136148397563	15.7130630218298
3596	7.32992453795833	-5.30389799172775
3597	12.8789455866351	15.7130630218298
3598	-1.0826905038033	-5.30389799172775
3599	1.73616109502928	15.7130630218298
3600	2.98812319560942	-5.30389799172775
3601	2.13777704125361	-5.30389799172775
3602	0.370577449836003	-5.30389799172775
3603	7.16402454575909	15.7130630218298
3604	3.27689919299469	15.7130630218298
3605	7.78067610730869	-5.30389799172775
3606	-1.62928343012448	15.7130630218298
3607	1.91628439509508	15.7130630218298
3608	11.1582838640615	15.7130630218298
3609	11.150414870694	15.7130630218298
3610	8.66180901230595	-5.30389799172775
3611	9.90929073231001	-5.30389799172775
3612	9.15011536979567	-5.30389799172775
3613	7.66580506057516	15.7130630218298
3614	-4.34858158202059	-5.30389799172775
3615	6.76808851786802	15.7130630218298
3616	4.77210484422042	15.7130630218298
3617	7.49602192084265	15.7130630218298
3618	5.03162066214857	15.7130630218298
3619	1.68542638489522	-5.30389799172775
3620	5.25455808507939	15.7130630218298
3621	2.45984371888309	15.7130630218298
3622	8.10240287198131	-5.30389799172775
3623	9.99457053677909	15.7130630218298
3624	5.90181810027828	-5.30389799172775
3625	4.53342840149862	-5.30389799172775
3626	-0.00841014455275049	-5.30389799172775
3627	6.83559412691964	-5.30389799172775
3628	-2.87807712491032	-5.30389799172775
3629	-0.766931271538603	15.7130630218298
3630	1.13053242829008	-5.30389799172775
3631	6.65043333581921	-5.30389799172775
3632	9.44511717584912	15.7130630218298
3633	5.38820949799105	15.7130630218298
3634	7.81299269178465	-5.30389799172775
3635	-1.29491353050677	15.7130630218298
3636	8.67049521087237	15.7130630218298
3637	2.31378192939679	15.7130630218298
3638	9.88122450101968	-5.30389799172775
3639	9.40661557055468	15.7130630218298
3640	2.15311722002144	-5.30389799172775
3641	1.41268317376875	15.7130630218298
3642	9.39955268545147	15.7130630218298
3643	5.13947219406398	15.7130630218298
3644	9.08499027724131	15.7130630218298
3645	5.36810319444381	15.7130630218298
3646	1.96156831766021	15.7130630218298
3647	8.39846714223112	-5.30389799172775
3648	5.18780636190517	-5.30389799172775
3649	6.50776261402182	15.7130630218298
3650	10.4478676194402	15.7130630218298
3651	4.4694732489229	-5.30389799172775
3652	-0.871306030983109	15.7130630218298
3653	2.30034665122364	-5.30389799172775
3654	2.34588715545427	-5.30389799172775
3655	12.3909498764063	-5.30389799172775
3656	13.9387180330806	-5.30389799172775
3657	0.23706642464464	-5.30389799172775
3658	4.02049231090547	15.7130630218298
3659	10.7951485216016	15.7130630218298
3660	0.233671824257256	-5.30389799172775
3661	4.94907873701757	15.7130630218298
3662	1.83688095080756	-5.30389799172775
3663	4.02100722935262	-5.30389799172775
3664	0.533242306116686	-5.30389799172775
3665	8.37055999542821	15.7130630218298
3666	4.19978810011259	-5.30389799172775
3667	0.11697167428337	-5.30389799172775
3668	7.66056494244898	15.7130630218298
3669	10.1163885197263	-5.30389799172775
3670	4.45354499695112	15.7130630218298
3671	1.2721136596478	-5.30389799172775
3672	-0.433043155965496	15.7130630218298
3673	1.40126937391547	-5.30389799172775
3674	-1.42564467382355	-5.30389799172775
3675	1.09277664001855	-5.30389799172775
3676	0.58298273947091	15.7130630218298
3677	-0.599831042607216	15.7130630218298
3678	0.158479537609441	-5.30389799172775
3679	4.22277918280051	15.7130630218298
3680	0.391714334442204	15.7130630218298
3681	0.33177022213654	-5.30389799172775
3682	7.5173302663086	15.7130630218298
3683	2.69585614553595	-5.30389799172775
3684	-2.37380881558173	-5.30389799172775
3685	6.47047610945289	15.7130630218298
3686	7.73251541197951	-5.30389799172775
3687	9.98290102516725	15.7130630218298
3688	9.31726091151868	-5.30389799172775
3689	5.30332070511052	-5.30389799172775
3690	10.0747615832888	-5.30389799172775
3691	3.82923596449484	-5.30389799172775
3692	11.5969566128186	-5.30389799172775
3693	12.2741860713448	15.7130630218298
3694	1.49729153160628	15.7130630218298
3695	7.15395395372344	15.7130630218298
3696	4.05029911945523	15.7130630218298
3697	-0.109726383816623	-5.30389799172775
3698	-0.553939803402985	-5.30389799172775
3699	-0.226251676677918	15.7130630218298
3700	8.81242485221115	15.7130630218298
3701	8.55632071564338	15.7130630218298
3702	0.175002105410684	-5.30389799172775
3703	1.30168454422251	-5.30389799172775
3704	3.50342881885624	15.7130630218298
3705	8.68840932869351	15.7130630218298
3706	10.0117443452968	-5.30389799172775
3707	11.2590644663253	-5.30389799172775
3708	5.52246623443888	-5.30389799172775
3709	1.11859344544774	15.7130630218298
3710	12.9970950903469	15.7130630218298
3711	1.0340007896917	15.7130630218298
3712	5.8384678084801	15.7130630218298
3713	2.91957960781285	-5.30389799172775
3714	0.0349888098504865	-5.30389799172775
3715	8.9947178895006	-5.30389799172775
3716	6.34460717134618	-5.30389799172775
3717	6.99388021776221	15.7130630218298
3718	9.43567368757619	-5.30389799172775
3719	2.98403160328304	-5.30389799172775
3720	9.61489063798503	15.7130630218298
3721	2.1282747074767	15.7130630218298
3722	7.42181550735181	15.7130630218298
3723	3.63732299504189	-5.30389799172775
3724	8.14695862208917	-5.30389799172775
3725	5.21783591565566	15.7130630218298
3726	3.79803920581527	-5.30389799172775
3727	5.52105325366223	15.7130630218298
3728	6.72285671406426	-5.30389799172775
3729	4.20797677855704	-5.30389799172775
3730	8.91230044113409	15.7130630218298
3731	9.03218425560953	15.7130630218298
3732	8.49667672673218	-5.30389799172775
3733	9.32091834610859	-5.30389799172775
3734	6.9123546798909	15.7130630218298
3735	1.07035984447719	15.7130630218298
3736	6.54460496586534	15.7130630218298
3737	7.73540897138004	15.7130630218298
3738	5.47983669390778	15.7130630218298
3739	1.46692306421476	15.7130630218298
3740	5.3440734357843	15.7130630218298
3741	5.23292947675027	15.7130630218298
3742	12.0460714848872	15.7130630218298
3743	1.62997162363475	-5.30389799172775
3744	2.88644765006361	-5.30389799172775
3745	4.668533833276	15.7130630218298
3746	0.803780709811993	-5.30389799172775
3747	12.6076383930942	-5.30389799172775
3748	5.9359075149856	15.7130630218298
3749	7.42547261116105	-5.30389799172775
3750	-2.9985591613619	15.7130630218298
3751	10.8055576418856	15.7130630218298
3752	8.12978496903149	15.7130630218298
3753	-0.0621291524143852	-5.30389799172775
3754	0.475089487267889	-5.30389799172775
3755	2.05153761369778	15.7130630218298
3756	6.02462503540665	-5.30389799172775
3757	8.74066847700793	15.7130630218298
3758	8.39276821289705	-5.30389799172775
3759	-0.0540511022314258	-5.30389799172775
3760	10.2448781354606	-5.30389799172775
3761	3.19817493684269	-5.30389799172775
3762	-0.475229338323001	15.7130630218298
3763	4.11027026380791	-5.30389799172775
3764	5.69035499382832	15.7130630218298
3765	-1.18604411447534	15.7130630218298
3766	5.09384561388329	-5.30389799172775
3767	8.82429058176307	-5.30389799172775
3768	-2.44773827934238	-5.30389799172775
3769	6.91695793778167	15.7130630218298
3770	0.767720897728969	-5.30389799172775
3771	14.6158719177026	15.7130630218298
3772	1.15683106764185	15.7130630218298
3773	1.38770604247118	15.7130630218298
3774	0.0230024708188306	-5.30389799172775
3775	-0.621341522821964	-5.30389799172775
3776	-0.0667370358522751	15.7130630218298
3777	11.5106223174834	15.7130630218298
3778	10.3809630483758	15.7130630218298
3779	11.8207729573972	15.7130630218298
3780	2.4545735165825	15.7130630218298
3781	-0.553269126895843	-5.30389799172775
3782	9.63762828435777	-5.30389799172775
3783	0.453897148631049	15.7130630218298
3784	2.26581546078627	15.7130630218298
3785	1.12986398833778	15.7130630218298
3786	7.45632988097753	-5.30389799172775
3787	8.15088203201351	15.7130630218298
3788	5.63187883421854	15.7130630218298
3789	0.0479606144664847	15.7130630218298
3790	5.85334177583055	15.7130630218298
3791	7.47175317907716	15.7130630218298
3792	0.94456294939532	-5.30389799172775
3793	8.52163708262522	-5.30389799172775
3794	2.08564079178643	15.7130630218298
3795	0.0115136148397563	-5.30389799172775
3796	7.32992453795833	15.7130630218298
3797	12.8789455866351	-5.30389799172775
3798	-1.0826905038033	15.7130630218298
3799	1.73616109502928	-5.30389799172775
3800	2.98812319560942	15.7130630218298
3801	2.13777704125361	15.7130630218298
3802	0.370577449836003	15.7130630218298
3803	7.16402454575909	-5.30389799172775
3804	3.27689919299469	-5.30389799172775
3805	7.78067610730869	15.7130630218298
3806	-1.62928343012448	-5.30389799172775
3807	1.91628439509508	-5.30389799172775
3808	11.1582838640615	-5.30389799172775
3809	11.150414870694	-5.30389799172775
3810	8.66180901230595	15.7130630218298
3811	9.90929073231001	15.7130630218298
3812	9.15011536979567	15.7130630218298
3813	7.66580506057516	-5.30389799172775
3814	-4.34858158202059	15.7130630218298
3815	6.76808851786802	-5.30389799172775
3816	4.77210484422042	-5.30389799172775
3817	7.49602192084265	-5.30389799172775
3818	5.03162066214857	-5.30389799172775
3819	1.68542638489522	15.7130630218298
3820	5.25455808507939	-5.30389799172775
3821	2.45984371888309	-5.30389799172775
3822	8.10240287198131	15.7130630218298
3823	9.99457053677909	-5.30389799172775
3824	5.90181810027828	15.7130630218298
3825	4.53342840149862	15.7130630218298
3826	-0.00841014455275049	15.7130630218298
3827	6.83559412691964	15.7130630218298
3828	-2.87807712491032	15.7130630218298
3829	-0.766931271538603	-5.30389799172775
3830	1.13053242829008	15.7130630218298
3831	6.65043333581921	15.7130630218298
3832	9.44511717584912	-5.30389799172775
3833	5.38820949799105	-5.30389799172775
3834	7.81299269178465	15.7130630218298
3835	-1.29491353050677	-5.30389799172775
3836	8.67049521087237	-5.30389799172775
3837	2.31378192939679	-5.30389799172775
3838	9.88122450101968	15.7130630218298
3839	9.40661557055468	-5.30389799172775
3840	2.15311722002144	15.7130630218298
3841	1.41268317376875	-5.30389799172775
3842	9.39955268545147	-5.30389799172775
3843	5.13947219406398	-5.30389799172775
3844	9.08499027724131	-5.30389799172775
3845	5.36810319444381	-5.30389799172775
3846	1.96156831766021	-5.30389799172775
3847	8.39846714223112	15.7130630218298
3848	5.18780636190517	15.7130630218298
3849	6.50776261402182	-5.30389799172775
3850	10.4478676194402	-5.30389799172775
3851	4.4694732489229	15.7130630218298
3852	-0.871306030983109	-5.30389799172775
3853	2.30034665122364	15.7130630218298
3854	2.34588715545427	15.7130630218298
3855	12.3909498764063	15.7130630218298
3856	13.9387180330806	15.7130630218298
3857	0.23706642464464	15.7130630218298
3858	4.02049231090547	-5.30389799172775
3859	10.7951485216016	-5.30389799172775
3860	0.233671824257256	15.7130630218298
3861	4.94907873701757	-5.30389799172775
3862	1.83688095080756	15.7130630218298
3863	4.02100722935262	15.7130630218298
3864	0.533242306116686	15.7130630218298
3865	8.37055999542821	-5.30389799172775
3866	4.19978810011259	15.7130630218298
3867	0.11697167428337	15.7130630218298
3868	7.66056494244898	-5.30389799172775
3869	10.1163885197263	15.7130630218298
3870	4.45354499695112	-5.30389799172775
3871	1.2721136596478	15.7130630218298
3872	-0.433043155965496	-5.30389799172775
3873	1.40126937391547	15.7130630218298
3874	-1.42564467382355	15.7130630218298
3875	1.09277664001855	15.7130630218298
3876	0.58298273947091	-5.30389799172775
3877	-0.599831042607216	-5.30389799172775
3878	0.158479537609441	15.7130630218298
3879	4.22277918280051	-5.30389799172775
3880	0.391714334442204	-5.30389799172775
3881	0.33177022213654	15.7130630218298
3882	7.5173302663086	-5.30389799172775
3883	2.69585614553595	15.7130630218298
3884	-2.37380881558173	15.7130630218298
3885	6.47047610945289	-5.30389799172775
3886	7.73251541197951	15.7130630218298
3887	9.98290102516725	-5.30389799172775
3888	9.31726091151868	15.7130630218298
3889	5.30332070511052	15.7130630218298
3890	10.0747615832888	15.7130630218298
3891	3.82923596449484	15.7130630218298
3892	11.5969566128186	15.7130630218298
3893	12.2741860713448	-5.30389799172775
3894	1.49729153160628	-5.30389799172775
3895	7.15395395372344	-5.30389799172775
3896	4.05029911945523	-5.30389799172775
3897	-0.109726383816623	15.7130630218298
3898	-0.553939803402985	15.7130630218298
3899	-0.226251676677918	-5.30389799172775
3900	8.81242485221115	-5.30389799172775
3901	8.55632071564338	-5.30389799172775
3902	0.175002105410684	15.7130630218298
3903	1.30168454422251	15.7130630218298
3904	3.50342881885624	-5.30389799172775
3905	8.68840932869351	-5.30389799172775
3906	10.0117443452968	15.7130630218298
3907	11.2590644663253	15.7130630218298
3908	5.52246623443888	15.7130630218298
3909	1.11859344544774	-5.30389799172775
3910	12.9970950903469	-5.30389799172775
3911	1.0340007896917	-5.30389799172775
3912	5.8384678084801	-5.30389799172775
3913	2.91957960781285	15.7130630218298
3914	0.0349888098504865	15.7130630218298
3915	8.9947178895006	15.7130630218298
3916	6.34460717134618	15.7130630218298
3917	6.99388021776221	-5.30389799172775
3918	9.43567368757619	15.7130630218298
3919	2.98403160328304	15.7130630218298
3920	9.61489063798503	-5.30389799172775
3921	2.1282747074767	-5.30389799172775
3922	7.42181550735181	-5.30389799172775
3923	3.63732299504189	15.7130630218298
3924	8.14695862208917	15.7130630218298
3925	5.21783591565566	-5.30389799172775
3926	3.79803920581527	15.7130630218298
3927	5.52105325366223	-5.30389799172775
3928	6.72285671406426	15.7130630218298
3929	4.20797677855704	15.7130630218298
3930	8.91230044113409	-5.30389799172775
3931	9.03218425560953	-5.30389799172775
3932	8.49667672673218	15.7130630218298
3933	9.32091834610859	15.7130630218298
3934	6.9123546798909	-5.30389799172775
3935	1.07035984447719	-5.30389799172775
3936	6.54460496586534	-5.30389799172775
3937	7.73540897138004	-5.30389799172775
3938	5.47983669390778	-5.30389799172775
3939	1.46692306421476	-5.30389799172775
3940	5.3440734357843	-5.30389799172775
3941	5.23292947675027	-5.30389799172775
3942	12.0460714848872	-5.30389799172775
3943	1.62997162363475	15.7130630218298
3944	2.88644765006361	15.7130630218298
3945	4.668533833276	-5.30389799172775
3946	0.803780709811993	15.7130630218298
3947	12.6076383930942	15.7130630218298
3948	5.9359075149856	-5.30389799172775
3949	7.42547261116105	15.7130630218298
3950	-2.9985591613619	-5.30389799172775
3951	10.8055576418856	-5.30389799172775
3952	8.12978496903149	-5.30389799172775
3953	-0.0621291524143852	15.7130630218298
3954	0.475089487267889	15.7130630218298
3955	2.05153761369778	-5.30389799172775
3956	6.02462503540665	15.7130630218298
3957	8.74066847700793	-5.30389799172775
3958	8.39276821289705	15.7130630218298
3959	-0.0540511022314258	15.7130630218298
3960	10.2448781354606	15.7130630218298
3961	3.19817493684269	15.7130630218298
3962	-0.475229338323001	-5.30389799172775
3963	4.11027026380791	15.7130630218298
3964	5.69035499382832	-5.30389799172775
3965	-1.18604411447534	-5.30389799172775
3966	5.09384561388329	15.7130630218298
3967	8.82429058176307	15.7130630218298
3968	-2.44773827934238	15.7130630218298
3969	6.91695793778167	-5.30389799172775
3970	0.767720897728969	15.7130630218298
3971	14.6158719177026	-5.30389799172775
3972	1.15683106764185	-5.30389799172775
3973	1.38770604247118	-5.30389799172775
3974	0.0230024708188306	15.7130630218298
3975	-0.621341522821964	15.7130630218298
3976	-0.0667370358522751	-5.30389799172775
3977	11.5106223174834	-5.30389799172775
3978	10.3809630483758	-5.30389799172775
3979	11.8207729573972	-5.30389799172775
3980	2.4545735165825	-5.30389799172775
3981	-0.553269126895843	15.7130630218298
3982	9.63762828435777	15.7130630218298
3983	0.453897148631049	-5.30389799172775
3984	2.26581546078627	-5.30389799172775
3985	1.12986398833778	-5.30389799172775
3986	7.45632988097753	15.7130630218298
3987	8.15088203201351	-5.30389799172775
3988	5.63187883421854	-5.30389799172775
3989	0.0479606144664847	-5.30389799172775
3990	5.85334177583055	-5.30389799172775
3991	7.47175317907716	-5.30389799172775
3992	0.94456294939532	15.7130630218298
3993	8.52163708262522	15.7130630218298
3994	2.08564079178643	-5.30389799172775
3995	0.0115136148397563	15.7130630218298
3996	7.32992453795833	-5.30389799172775
3997	12.8789455866351	15.7130630218298
3998	-1.0826905038033	-5.30389799172775
3999	1.73616109502928	15.7130630218298
4000	2.98812319560942	-5.30389799172775
4001	2.13777704125361	-5.30389799172775
4002	0.370577449836003	-5.30389799172775
4003	7.16402454575909	15.7130630218298
4004	3.27689919299469	15.7130630218298
4005	7.78067610730869	-5.30389799172775
4006	-1.62928343012448	15.7130630218298
4007	1.91628439509508	15.7130630218298
4008	11.1582838640615	15.7130630218298
4009	11.150414870694	15.7130630218298
4010	8.66180901230595	-5.30389799172775
4011	9.90929073231001	-5.30389799172775
4012	9.15011536979567	-5.30389799172775
4013	7.66580506057516	15.7130630218298
4014	-4.34858158202059	-5.30389799172775
4015	6.76808851786802	15.7130630218298
4016	4.77210484422042	15.7130630218298
4017	7.49602192084265	15.7130630218298
4018	5.03162066214857	15.7130630218298
4019	1.68542638489522	-5.30389799172775
4020	5.25455808507939	15.7130630218298
4021	2.45984371888309	15.7130630218298
4022	8.10240287198131	-5.30389799172775
4023	9.99457053677909	15.7130630218298
4024	5.90181810027828	-5.30389799172775
4025	4.53342840149862	-5.30389799172775
4026	-0.00841014455275049	-5.30389799172775
4027	6.83559412691964	-5.30389799172775
4028	-2.87807712491032	-5.30389799172775
4029	-0.766931271538603	15.7130630218298
4030	1.13053242829008	-5.30389799172775
4031	6.65043333581921	-5.30389799172775
4032	9.44511717584912	15.7130630218298
4033	5.38820949799105	15.7130630218298
4034	7.81299269178465	-5.30389799172775
4035	-1.29491353050677	15.7130630218298
4036	8.67049521087237	15.7130630218298
4037	2.31378192939679	15.7130630218298
4038	9.88122450101968	-5.30389799172775
4039	9.40661557055468	15.7130630218298
4040	2.15311722002144	-5.30389799172775
4041	1.41268317376875	15.7130630218298
4042	9.39955268545147	15.7130630218298
4043	5.13947219406398	15.7130630218298
4044	9.08499027724131	15.7130630218298
4045	5.36810319444381	15.7130630218298
4046	1.96156831766021	15.7130630218298
4047	8.39846714223112	-5.30389799172775
4048	5.18780636190517	-5.30389799172775
4049	6.50776261402182	15.7130630218298
4050	10.4478676194402	15.7130630218298
4051	4.4694732489229	-5.30389799172775
4052	-0.871306030983109	15.7130630218298
4053	2.30034665122364	-5.30389799172775
4054	2.34588715545427	-5.30389799172775
4055	12.3909498764063	-5.30389799172775
4056	13.9387180330806	-5.30389799172775
4057	0.23706642464464	-5.30389799172775
4058	4.02049231090547	15.7130630218298
4059	10.7951485216016	15.7130630218298
4060	0.233671824257256	-5.30389799172775
4061	4.94907873701757	15.7130630218298
4062	1.83688095080756	-5.30389799172775
4063	4.02100722935262	-5.30389799172775
4064	0.533242306116686	-5.30389799172775
4065	8.37055999542821	15.7130630218298
4066	4.19978810011259	-5.30389799172775
4067	0.11697167428337	-5.30389799172775
4068	7.66056494244898	15.7130630218298
4069	10.1163885197263	-5.30389799172775
4070	4.45354499695112	15.7130630218298
4071	1.2721136596478	-5.30389799172775
4072	-0.433043155965496	15.7130630218298
4073	1.40126937391547	-5.30389799172775
4074	-1.42564467382355	-5.30389799172775
4075	1.09277664001855	-5.30389799172775
4076	0.58298273947091	15.7130630218298
4077	-0.599831042607216	15.7130630218298
4078	0.158479537609441	-5.30389799172775
4079	4.22277918280051	15.7130630218298
4080	0.391714334442204	15.7130630218298
4081	0.33177022213654	-5.30389799172775
4082	7.5173302663086	15.7130630218298
4083	2.69585614553595	-5.30389799172775
4084	-2.37380881558173	-5.30389799172775
4085	6.47047610945289	15.7130630218298
4086	7.73251541197951	-5.30389799172775
4087	9.98290102516725	15.7130630218298
4088	9.31726091151868	-5.30389799172775
4089	5.30332070511052	-5.30389799172775
4090	10.0747615832888	-5.30389799172775
4091	3.82923596449484	-5.30389799172775
4092	11.5969566128186	-5.30389799172775
4093	12.2741860713448	15.7130630218298
4094	1.49729153160628	15.7130630218298
4095	7.15395395372344	15.7130630218298
4096	4.05029911945523	15.7130630218298
4097	-0.109726383816623	-5.30389799172775
4098	-0.553939803402985	-5.30389799172775
4099	-0.226251676677918	15.7130630218298
4100	8.81242485221115	15.7130630218298
4101	8.55632071564338	15.7130630218298
4102	0.175002105410684	-5.30389799172775
4103	1.30168454422251	-5.30389799172775
4104	3.50342881885624	15.7130630218298
4105	8.68840932869351	15.7130630218298
4106	10.0117443452968	-5.30389799172775
4107	11.2590644663253	-5.30389799172775
4108	5.52246623443888	-5.30389799172775
4109	1.11859344544774	15.7130630218298
4110	12.9970950903469	15.7130630218298
4111	1.0340007896917	15.7130630218298
4112	5.8384678084801	15.7130630218298
4113	2.91957960781285	-5.30389799172775
4114	0.0349888098504865	-5.30389799172775
4115	8.9947178895006	-5.30389799172775
4116	6.34460717134618	-5.30389799172775
4117	6.99388021776221	15.7130630218298
4118	9.43567368757619	-5.30389799172775
4119	2.98403160328304	-5.30389799172775
4120	9.61489063798503	15.7130630218298
4121	2.1282747074767	15.7130630218298
4122	7.42181550735181	15.7130630218298
4123	3.63732299504189	-5.30389799172775
4124	8.14695862208917	-5.30389799172775
4125	5.21783591565566	15.7130630218298
4126	3.79803920581527	-5.30389799172775
4127	5.52105325366223	15.7130630218298
4128	6.72285671406426	-5.30389799172775
4129	4.20797677855704	-5.30389799172775
4130	8.91230044113409	15.7130630218298
4131	9.03218425560953	15.7130630218298
4132	8.49667672673218	-5.30389799172775
4133	9.32091834610859	-5.30389799172775
4134	6.9123546798909	15.7130630218298
4135	1.07035984447719	15.7130630218298
4136	6.54460496586534	15.7130630218298
4137	7.73540897138004	15.7130630218298
4138	5.47983669390778	15.7130630218298
4139	1.46692306421476	15.7130630218298
4140	5.3440734357843	15.7130630218298
4141	5.23292947675027	15.7130630218298
4142	12.0460714848872	15.7130630218298
4143	1.62997162363475	-5.30389799172775
4144	2.88644765006361	-5.30389799172775
4145	4.668533833276	15.7130630218298
4146	0.803780709811993	-5.30389799172775
4147	12.6076383930942	-5.30389799172775
4148	5.9359075149856	15.7130630218298
4149	7.42547261116105	-5.30389799172775
4150	-2.9985591613619	15.7130630218298
4151	10.8055576418856	15.7130630218298
4152	8.12978496903149	15.7130630218298
4153	-0.0621291524143852	-5.30389799172775
4154	0.475089487267889	-5.30389799172775
4155	2.05153761369778	15.7130630218298
4156	6.02462503540665	-5.30389799172775
4157	8.74066847700793	15.7130630218298
4158	8.39276821289705	-5.30389799172775
4159	-0.0540511022314258	-5.30389799172775
4160	10.2448781354606	-5.30389799172775
4161	3.19817493684269	-5.30389799172775
4162	-0.475229338323001	15.7130630218298
4163	4.11027026380791	-5.30389799172775
4164	5.69035499382832	15.7130630218298
4165	-1.18604411447534	15.7130630218298
4166	5.09384561388329	-5.30389799172775
4167	8.82429058176307	-5.30389799172775
4168	-2.44773827934238	-5.30389799172775
4169	6.91695793778167	15.7130630218298
4170	0.767720897728969	-5.30389799172775
4171	14.6158719177026	15.7130630218298
4172	1.15683106764185	15.7130630218298
4173	1.38770604247118	15.7130630218298
4174	0.0230024708188306	-5.30389799172775
4175	-0.621341522821964	-5.30389799172775
4176	-0.0667370358522751	15.7130630218298
4177	11.5106223174834	15.7130630218298
4178	10.3809630483758	15.7130630218298
4179	11.8207729573972	15.7130630218298
4180	2.4545735165825	15.7130630218298
4181	-0.553269126895843	-5.30389799172775
4182	9.63762828435777	-5.30389799172775
4183	0.453897148631049	15.7130630218298
4184	2.26581546078627	15.7130630218298
4185	1.12986398833778	15.7130630218298
4186	7.45632988097753	-5.30389799172775
4187	8.15088203201351	15.7130630218298
4188	5.63187883421854	15.7130630218298
4189	0.0479606144664847	15.7130630218298
4190	5.85334177583055	15.7130630218298
4191	7.47175317907716	15.7130630218298
4192	0.94456294939532	-5.30389799172775
4193	8.52163708262522	-5.30389799172775
4194	2.08564079178643	15.7130630218298
4195	0.0115136148397563	-5.30389799172775
4196	7.32992453795833	15.7130630218298
4197	12.8789455866351	-5.30389799172775
4198	-1.0826905038033	15.7130630218298
4199	1.73616109502928	-5.30389799172775
4200	2.98812319560942	15.7130630218298
4201	2.13777704125361	15.7130630218298
4202	0.370577449836003	15.7130630218298
4203	7.16402454575909	-5.30389799172775
4204	3.27689919299469	-5.30389799172775
4205	7.78067610730869	15.7130630218298
4206	-1.62928343012448	-5.30389799172775
4207	1.91628439509508	-5.30389799172775
4208	11.1582838640615	-5.30389799172775
4209	11.150414870694	-5.30389799172775
4210	8.66180901230595	15.7130630218298
4211	9.90929073231001	15.7130630218298
4212	9.15011536979567	15.7130630218298
4213	7.66580506057516	-5.30389799172775
4214	-4.34858158202059	15.7130630218298
4215	6.76808851786802	-5.30389799172775
4216	4.77210484422042	-5.30389799172775
4217	7.49602192084265	-5.30389799172775
4218	5.03162066214857	-5.30389799172775
4219	1.68542638489522	15.7130630218298
4220	5.25455808507939	-5.30389799172775
4221	2.45984371888309	-5.30389799172775
4222	8.10240287198131	15.7130630218298
4223	9.99457053677909	-5.30389799172775
4224	5.90181810027828	15.7130630218298
4225	4.53342840149862	15.7130630218298
4226	-0.00841014455275049	15.7130630218298
4227	6.83559412691964	15.7130630218298
4228	-2.87807712491032	15.7130630218298
4229	-0.766931271538603	-5.30389799172775
4230	1.13053242829008	15.7130630218298
4231	6.65043333581921	15.7130630218298
4232	9.44511717584912	-5.30389799172775
4233	5.38820949799105	-5.30389799172775
4234	7.81299269178465	15.7130630218298
4235	-1.29491353050677	-5.30389799172775
4236	8.67049521087237	-5.30389799172775
4237	2.31378192939679	-5.30389799172775
4238	9.88122450101968	15.7130630218298
4239	9.40661557055468	-5.30389799172775
4240	2.15311722002144	15.7130630218298
4241	1.41268317376875	-5.30389799172775
4242	9.39955268545147	-5.30389799172775
4243	5.13947219406398	-5.30389799172775
4244	9.08499027724131	-5.30389799172775
4245	5.36810319444381	-5.30389799172775
4246	1.96156831766021	-5.30389799172775
4247	8.39846714223112	15.7130630218298
4248	5.18780636190517	15.7130630218298
4249	6.50776261402182	-5.30389799172775
4250	10.4478676194402	-5.30389799172775
4251	4.4694732489229	15.7130630218298
4252	-0.871306030983109	-5.30389799172775
4253	2.30034665122364	15.7130630218298
4254	2.34588715545427	15.7130630218298
4255	12.3909498764063	15.7130630218298
4256	13.9387180330806	15.7130630218298
4257	0.23706642464464	15.7130630218298
4258	4.02049231090547	-5.30389799172775
4259	10.7951485216016	-5.30389799172775
4260	0.233671824257256	15.7130630218298
4261	4.94907873701757	-5.30389799172775
4262	1.83688095080756	15.7130630218298
4263	4.02100722935262	15.7130630218298
4264	0.533242306116686	15.7130630218298
4265	8.37055999542821	-5.30389799172775
4266	4.19978810011259	15.7130630218298
4267	0.11697167428337	15.7130630218298
4268	7.66056494244898	-5.30389799172775
4269	10.1163885197263	15.7130630218298
4270	4.45354499695112	-5.30389799172775
4271	1.2721136596478	15.7130630218298
4272	-0.433043155965496	-5.30389799172775
4273	1.40126937391547	15.7130630218298
4274	-1.42564467382355	15.7130630218298
4275	1.09277664001855	15.7130630218298
4276	0.58298273947091	-5.30389799172775
4277	-0.599831042607216	-5.30389799172775
4278	0.158479537609441	15.7130630218298
4279	4.22277918280051	-5.30389799172775
4280	0.391714334442204	-5.30389799172775
4281	0.33177022213654	15.7130630218298
4282	7.5173302663086	-5.30389799172775
4283	2.69585614553595	15.7130630218298
4284	-2.37380881558173	15.7130630218298
4285	6.47047610945289	-5.30389799172775
4286	7.73251541197951	15.7130630218298
4287	9.98290102516725	-5.30389799172775
4288	9.31726091151868	15.7130630218298
4289	5.30332070511052	15.7130630218298
4290	10.0747615832888	15.7130630218298
4291	3.82923596449484	15.7130630218298
4292	11.5969566128186	15.7130630218298
4293	12.2741860713448	-5.30389799172775
4294	1.49729153160628	-5.30389799172775
4295	7.15395395372344	-5.30389799172775
4296	4.05029911945523	-5.30389799172775
4297	-0.109726383816623	15.7130630218298
4298	-0.553939803402985	15.7130630218298
4299	-0.226251676677918	-5.30389799172775
4300	8.81242485221115	-5.30389799172775
4301	8.55632071564338	-5.30389799172775
4302	0.175002105410684	15.7130630218298
4303	1.30168454422251	15.7130630218298
4304	3.50342881885624	-5.30389799172775
4305	8.68840932869351	-5.30389799172775
4306	10.0117443452968	15.7130630218298
4307	11.2590644663253	15.7130630218298
4308	5.52246623443888	15.7130630218298
4309	1.11859344544774	-5.30389799172775
4310	12.9970950903469	-5.30389799172775
4311	1.0340007896917	-5.30389799172775
4312	5.8384678084801	-5.30389799172775
4313	2.91957960781285	15.7130630218298
4314	0.0349888098504865	15.7130630218298
4315	8.9947178895006	15.7130630218298
4316	6.34460717134618	15.7130630218298
4317	6.99388021776221	-5.30389799172775
4318	9.43567368757619	15.7130630218298
4319	2.98403160328304	15.7130630218298
4320	9.61489063798503	-5.30389799172775
4321	2.1282747074767	-5.30389799172775
4322	7.42181550735181	-5.30389799172775
4323	3.63732299504189	15.7130630218298
4324	8.14695862208917	15.7130630218298
4325	5.21783591565566	-5.30389799172775
4326	3.79803920581527	15.7130630218298
4327	5.52105325366223	-5.30389799172775
4328	6.72285671406426	15.7130630218298
4329	4.20797677855704	15.7130630218298
4330	8.91230044113409	-5.30389799172775
4331	9.03218425560953	-5.30389799172775
4332	8.49667672673218	15.7130630218298
4333	9.32091834610859	15.7130630218298
4334	6.9123546798909	-5.30389799172775
4335	1.07035984447719	-5.30389799172775
4336	6.54460496586534	-5.30389799172775
4337	7.73540897138004	-5.30389799172775
4338	5.47983669390778	-5.30389799172775
4339	1.46692306421476	-5.30389799172775
4340	5.3440734357843	-5.30389799172775
4341	5.23292947675027	-5.30389799172775
4342	12.0460714848872	-5.30389799172775
4343	1.62997162363475	15.7130630218298
4344	2.88644765006361	15.7130630218298
4345	4.668533833276	-5.30389799172775
4346	0.803780709811993	15.7130630218298
4347	12.6076383930942	15.7130630218298
4348	5.9359075149856	-5.30389799172775
4349	7.42547261116105	15.7130630218298
4350	-2.9985591613619	-5.30389799172775
4351	10.8055576418856	-5.30389799172775
4352	8.12978496903149	-5.30389799172775
4353	-0.0621291524143852	15.7130630218298
4354	0.475089487267889	15.7130630218298
4355	2.05153761369778	-5.30389799172775
4356	6.02462503540665	15.7130630218298
4357	8.74066847700793	-5.30389799172775
4358	8.39276821289705	15.7130630218298
4359	-0.0540511022314258	15.7130630218298
4360	10.2448781354606	15.7130630218298
4361	3.19817493684269	15.7130630218298
4362	-0.475229338323001	-5.30389799172775
4363	4.11027026380791	15.7130630218298
4364	5.69035499382832	-5.30389799172775
4365	-1.18604411447534	-5.30389799172775
4366	5.09384561388329	15.7130630218298
4367	8.82429058176307	15.7130630218298
4368	-2.44773827934238	15.7130630218298
4369	6.91695793778167	-5.30389799172775
4370	0.767720897728969	15.7130630218298
4371	14.6158719177026	-5.30389799172775
4372	1.15683106764185	-5.30389799172775
4373	1.38770604247118	-5.30389799172775
4374	0.0230024708188306	15.7130630218298
4375	-0.621341522821964	15.7130630218298
4376	-0.0667370358522751	-5.30389799172775
4377	11.5106223174834	-5.30389799172775
4378	10.3809630483758	-5.30389799172775
4379	11.8207729573972	-5.30389799172775
4380	2.4545735165825	-5.30389799172775
4381	-0.553269126895843	15.7130630218298
4382	9.63762828435777	15.7130630218298
4383	0.453897148631049	-5.30389799172775
4384	2.26581546078627	-5.30389799172775
4385	1.12986398833778	-5.30389799172775
4386	7.45632988097753	15.7130630218298
4387	8.15088203201351	-5.30389799172775
4388	5.63187883421854	-5.30389799172775
4389	0.0479606144664847	-5.30389799172775
4390	5.85334177583055	-5.30389799172775
4391	7.47175317907716	-5.30389799172775
4392	0.94456294939532	15.7130630218298
4393	8.52163708262522	15.7130630218298
4394	2.08564079178643	-5.30389799172775
4395	0.0115136148397563	15.7130630218298
4396	7.32992453795833	-5.30389799172775
4397	12.8789455866351	15.7130630218298
4398	-1.0826905038033	-5.30389799172775
4399	1.73616109502928	15.7130630218298
4400	2.98812319560942	-5.30389799172775
4401	2.13777704125361	-5.30389799172775
4402	0.370577449836003	-5.30389799172775
4403	7.16402454575909	15.7130630218298
4404	3.27689919299469	15.7130630218298
4405	7.78067610730869	-5.30389799172775
4406	-1.62928343012448	15.7130630218298
4407	1.91628439509508	15.7130630218298
4408	11.1582838640615	15.7130630218298
4409	11.150414870694	15.7130630218298
4410	8.66180901230595	-5.30389799172775
4411	9.90929073231001	-5.30389799172775
4412	9.15011536979567	-5.30389799172775
4413	7.66580506057516	15.7130630218298
4414	-4.34858158202059	-5.30389799172775
4415	6.76808851786802	15.7130630218298
4416	4.77210484422042	15.7130630218298
4417	7.49602192084265	15.7130630218298
4418	5.03162066214857	15.7130630218298
4419	1.68542638489522	-5.30389799172775
4420	5.25455808507939	15.7130630218298
4421	2.45984371888309	15.7130630218298
4422	8.10240287198131	-5.30389799172775
4423	9.99457053677909	15.7130630218298
4424	5.90181810027828	-5.30389799172775
4425	4.53342840149862	-5.30389799172775
4426	-0.00841014455275049	-5.30389799172775
4427	6.83559412691964	-5.30389799172775
4428	-2.87807712491032	-5.30389799172775
4429	-0.766931271538603	15.7130630218298
4430	1.13053242829008	-5.30389799172775
4431	6.65043333581921	-5.30389799172775
4432	9.44511717584912	15.7130630218298
4433	5.38820949799105	15.7130630218298
4434	7.81299269178465	-5.30389799172775
4435	-1.29491353050677	15.7130630218298
4436	8.67049521087237	15.7130630218298
4437	2.31378192939679	15.7130630218298
4438	9.88122450101968	-5.30389799172775
4439	9.40661557055468	15.7130630218298
4440	2.15311722002144	-5.30389799172775
4441	1.41268317376875	15.7130630218298
4442	9.39955268545147	15.7130630218298
4443	5.13947219406398	15.7130630218298
4444	9.08499027724131	15.7130630218298
4445	5.36810319444381	15.7130630218298
4446	1.96156831766021	15.7130630218298
4447	8.39846714223112	-5.30389799172775
4448	5.18780636190517	-5.30389799172775
4449	6.50776261402182	15.7130630218298
4450	10.4478676194402	15.7130630218298
4451	4.4694732489229	-5.30389799172775
4452	-0.871306030983109	15.7130630218298
4453	2.30034665122364	-5.30389799172775
4454	2.34588715545427	-5.30389799172775
4455	12.3909498764063	-5.30389799172775
4456	13.9387180330806	-5.30389799172775
4457	0.23706642464464	-5.30389799172775
4458	4.02049231090547	15.7130630218298
4459	10.7951485216016	15.7130630218298
4460	0.233671824257256	-5.30389799172775
4461	4.94907873701757	15.7130630218298
4462	1.83688095080756	-5.30389799172775
4463	4.02100722935262	-5.30389799172775
4464	0.533242306116686	-5.30389799172775
4465	8.37055999542821	15.7130630218298
4466	4.19978810011259	-5.30389799172775
4467	0.11697167428337	-5.30389799172775
4468	7.66056494244898	15.7130630218298
4469	10.1163885197263	-5.30389799172775
4470	4.45354499695112	15.7130630218298
4471	1.2721136596478	-5.30389799172775
4472	-0.433043155965496	15.7130630218298
4473	1.40126937391547	-5.30389799172775
4474	-1.42564467382355	-5.30389799172775
4475	1.09277664001855	-5.30389799172775
4476	0.58298273947091	15.7130630218298
4477	-0.599831042607216	15.7130630218298
4478	0.158479537609441	-5.30389799172775
4479	4.22277918280051	15.7130630218298
4480	0.391714334442204	15.7130630218298
4481	0.33177022213654	-5.30389799172775
4482	7.5173302663086	15.7130630218298
4483	2.69585614553595	-5.30389799172775
4484	-2.37380881558173	-5.30389799172775
4485	6.47047610945289	15.7130630218298
4486	7.73251541197951	-5.30389799172775
4487	9.98290102516725	15.7130630218298
4488	9.31726091151868	-5.30389799172775
4489	5.30332070511052	-5.30389799172775
4490	10.0747615832888	-5.30389799172775
4491	3.82923596449484	-5.30389799172775
4492	11.5969566128186	-5.30389799172775
4493	12.2741860713448	15.7130630218298
4494	1.49729153160628	15.7130630218298
4495	7.15395395372344	15.7130630218298
4496	4.05029911945523	15.7130630218298
4497	-0.109726383816623	-5.30389799172775
4498	-0.553939803402985	-5.30389799172775
4499	-0.226251676677918	15.7130630218298
4500	8.81242485221115	15.7130630218298
4501	8.55632071564338	15.7130630218298
4502	0.175002105410684	-5.30389799172775
4503	1.30168454422251	-5.30389799172775
4504	3.50342881885624	15.7130630218298
4505	8.68840932869351	15.7130630218298
4506	10.0117443452968	-5.30389799172775
4507	11.2590644663253	-5.30389799172775
4508	5.52246623443888	-5.30389799172775
4509	1.11859344544774	15.7130630218298
4510	12.9970950903469	15.7130630218298
4511	1.0340007896917	15.7130630218298
4512	5.8384678084801	15.7130630218298
4513	2.91957960781285	-5.30389799172775
4514	0.0349888098504865	-5.30389799172775
4515	8.9947178895006	-5.30389799172775
4516	6.34460717134618	-5.30389799172775
4517	6.99388021776221	15.7130630218298
4518	9.43567368757619	-5.30389799172775
4519	2.98403160328304	-5.30389799172775
4520	9.61489063798503	15.7130630218298
4521	2.1282747074767	15.7130630218298
4522	7.42181550735181	15.7130630218298
4523	3.63732299504189	-5.30389799172775
4524	8.14695862208917	-5.30389799172775
4525	5.21783591565566	15.7130630218298
4526	3.79803920581527	-5.30389799172775
4527	5.52105325366223	15.7130630218298
4528	6.72285671406426	-5.30389799172775
4529	4.20797677855704	-5.30389799172775
4530	8.91230044113409	15.7130630218298
4531	9.03218425560953	15.7130630218298
4532	8.49667672673218	-5.30389799172775
4533	9.32091834610859	-5.30389799172775
4534	6.9123546798909	15.7130630218298
4535	1.07035984447719	15.7130630218298
4536	6.54460496586534	15.7130630218298
4537	7.73540897138004	15.7130630218298
4538	5.47983669390778	15.7130630218298
4539	1.46692306421476	15.7130630218298
4540	5.3440734357843	15.7130630218298
4541	5.23292947675027	15.7130630218298
4542	12.0460714848872	15.7130630218298
4543	1.62997162363475	-5.30389799172775
4544	2.88644765006361	-5.30389799172775
4545	4.668533833276	15.7130630218298
4546	0.803780709811993	-5.30389799172775
4547	12.6076383930942	-5.30389799172775
4548	5.9359075149856	15.7130630218298
4549	7.42547261116105	-5.30389799172775
4550	-2.9985591613619	15.7130630218298
4551	10.8055576418856	15.7130630218298
4552	8.12978496903149	15.7130630218298
4553	-0.0621291524143852	-5.30389799172775
4554	0.475089487267889	-5.30389799172775
4555	2.05153761369778	15.7130630218298
4556	6.02462503540665	-5.30389799172775
4557	8.74066847700793	15.7130630218298
4558	8.39276821289705	-5.30389799172775
4559	-0.0540511022314258	-5.30389799172775
4560	10.2448781354606	-5.30389799172775
4561	3.19817493684269	-5.30389799172775
4562	-0.475229338323001	15.7130630218298
4563	4.11027026380791	-5.30389799172775
4564	5.69035499382832	15.7130630218298
4565	-1.18604411447534	15.7130630218298
4566	5.09384561388329	-5.30389799172775
4567	8.82429058176307	-5.30389799172775
4568	-2.44773827934238	-5.30389799172775
4569	6.91695793778167	15.7130630218298
4570	0.767720897728969	-5.30389799172775
4571	14.6158719177026	15.7130630218298
4572	1.15683106764185	15.7130630218298
4573	1.38770604247118	15.7130630218298
4574	0.0230024708188306	-5.30389799172775
4575	-0.621341522821964	-5.30389799172775
4576	-0.0667370358522751	15.7130630218298
4577	11.5106223174834	15.7130630218298
4578	10.3809630483758	15.7130630218298
4579	11.8207729573972	15.7130630218298
4580	2.4545735165825	15.7130630218298
4581	-0.553269126895843	-5.30389799172775
4582	9.63762828435777	-5.30389799172775
4583	0.453897148631049	15.7130630218298
4584	2.26581546078627	15.7130630218298
4585	1.12986398833778	15.7130630218298
4586	7.45632988097753	-5.30389799172775
4587	8.15088203201351	15.7130630218298
4588	5.63187883421854	15.7130630218298
4589	0.0479606144664847	15.7130630218298
4590	5.85334177583055	15.7130630218298
4591	7.47175317907716	15.7130630218298
4592	0.94456294939532	-5.30389799172775
4593	8.52163708262522	-5.30389799172775
4594	2.08564079178643	15.7130630218298
4595	0.0115136148397563	-5.30389799172775
4596	7.32992453795833	15.7130630218298
4597	12.8789455866351	-5.30389799172775
4598	-1.0826905038033	15.7130630218298
4599	1.73616109502928	-5.30389799172775
4600	2.98812319560942	15.7130630218298
4601	2.13777704125361	15.7130630218298
4602	0.370577449836003	15.7130630218298
4603	7.16402454575909	-5.30389799172775
4604	3.27689919299469	-5.30389799172775
4605	7.78067610730869	15.7130630218298
4606	-1.62928343012448	-5.30389799172775
4607	1.91628439509508	-5.30389799172775
4608	11.1582838640615	-5.30389799172775
4609	11.150414870694	-5.30389799172775
4610	8.66180901230595	15.7130630218298
4611	9.90929073231001	15.7130630218298
4612	9.15011536979567	15.7130630218298
4613	7.66580506057516	-5.30389799172775
4614	-4.34858158202059	15.7130630218298
4615	6.76808851786802	-5.30389799172775
4616	4.77210484422042	-5.30389799172775
4617	7.49602192084265	-5.30389799172775
4618	5.03162066214857	-5.30389799172775
4619	1.68542638489522	15.7130630218298
4620	5.25455808507939	-5.30389799172775
4621	2.45984371888309	-5.30389799172775
4622	8.10240287198131	15.7130630218298
4623	9.99457053677909	-5.30389799172775
4624	5.90181810027828	15.7130630218298
4625	4.53342840149862	15.7130630218298
4626	-0.00841014455275049	15.7130630218298
4627	6.83559412691964	15.7130630218298
4628	-2.87807712491032	15.7130630218298
4629	-0.766931271538603	-5.30389799172775
4630	1.13053242829008	15.7130630218298
4631	6.65043333581921	15.7130630218298
4632	9.44511717584912	-5.30389799172775
4633	5.38820949799105	-5.30389799172775
4634	7.81299269178465	15.7130630218298
4635	-1.29491353050677	-5.30389799172775
4636	8.67049521087237	-5.30389799172775
4637	2.31378192939679	-5.30389799172775
4638	9.88122450101968	15.7130630218298
4639	9.40661557055468	-5.30389799172775
4640	2.15311722002144	15.7130630218298
4641	1.41268317376875	-5.30389799172775
4642	9.39955268545147	-5.30389799172775
4643	5.13947219406398	-5.30389799172775
4644	9.08499027724131	-5.30389799172775
4645	5.36810319444381	-5.30389799172775
4646	1.96156831766021	-5.30389799172775
4647	8.39846714223112	15.7130630218298
4648	5.18780636190517	15.7130630218298
4649	6.50776261402182	-5.30389799172775
4650	10.4478676194402	-5.30389799172775
4651	4.4694732489229	15.7130630218298
4652	-0.871306030983109	-5.30389799172775
4653	2.30034665122364	15.7130630218298
4654	2.34588715545427	15.7130630218298
4655	12.3909498764063	15.7130630218298
4656	13.9387180330806	15.7130630218298
4657	0.23706642464464	15.7130630218298
4658	4.02049231090547	-5.30389799172775
4659	10.7951485216016	-5.30389799172775
4660	0.233671824257256	15.7130630218298
4661	4.94907873701757	-5.30389799172775
4662	1.83688095080756	15.7130630218298
4663	4.02100722935262	15.7130630218298
4664	0.533242306116686	15.7130630218298
4665	8.37055999542821	-5.30389799172775
4666	4.19978810011259	15.7130630218298
4667	0.11697167428337	15.7130630218298
4668	7.66056494244898	-5.30389799172775
4669	10.1163885197263	15.7130630218298
4670	4.45354499695112	-5.30389799172775
4671	1.2721136596478	15.7130630218298
4672	-0.433043155965496	-5.30389799172775
4673	1.40126937391547	15.7130630218298
4674	-1.42564467382355	15.7130630218298
4675	1.09277664001855	15.7130630218298
4676	0.58298273947091	-5.30389799172775
4677	-0.599831042607216	-5.30389799172775
4678	0.158479537609441	15.7130630218298
4679	4.22277918280051	-5.30389799172775
4680	0.391714334442204	-5.30389799172775
4681	0.33177022213654	15.7130630218298
4682	7.5173302663086	-5.30389799172775
4683	2.69585614553595	15.7130630218298
4684	-2.37380881558173	15.7130630218298
4685	6.47047610945289	-5.30389799172775
4686	7.73251541197951	15.7130630218298
4687	9.98290102516725	-5.30389799172775
4688	9.31726091151868	15.7130630218298
4689	5.30332070511052	15.7130630218298
4690	10.0747615832888	15.7130630218298
4691	3.82923596449484	15.7130630218298
4692	11.5969566128186	15.7130630218298
4693	12.2741860713448	-5.30389799172775
4694	1.49729153160628	-5.30389799172775
4695	7.15395395372344	-5.30389799172775
4696	4.05029911945523	-5.30389799172775
4697	-0.109726383816623	15.7130630218298
4698	-0.553939803402985	15.7130630218298
4699	-0.226251676677918	-5.30389799172775
4700	8.81242485221115	-5.30389799172775
4701	8.55632071564338	-5.30389799172775
4702	0.175002105410684	15.7130630218298
4703	1.30168454422251	15.7130630218298
4704	3.50342881885624	-5.30389799172775
4705	8.68840932869351	-5.30389799172775
4706	10.0117443452968	15.7130630218298
4707	11.2590644663253	15.7130630218298
4708	5.52246623443888	15.7130630218298
4709	1.11859344544774	-5.30389799172775
4710	12.9970950903469	-5.30389799172775
4711	1.0340007896917	-5.30389799172775
4712	5.8384678084801	-5.30389799172775
4713	2.91957960781285	15.7130630218298
4714	0.0349888098504865	15.7130630218298
4715	8.9947178895006	15.7130630218298
4716	6.34460717134618	15.7130630218298
4717	6.99388021776221	-5.30389799172775
4718	9.43567368757619	15.7130630218298
4719	2.98403160328304	15.7130630218298
4720	9.61489063798503	-5.30389799172775
4721	2.1282747074767	-5.30389799172775
4722	7.42181550735181	-5.30389799172775
4723	3.63732299504189	15.7130630218298
4724	8.14695862208917	15.7130630218298
4725	5.21783591565566	-5.30389799172775
4726	3.79803920581527	15.7130630218298
4727	5.52105325366223	-5.30389799172775
4728	6.72285671406426	15.7130630218298
4729	4.20797677855704	15.7130630218298
4730	8.91230044113409	-5.30389799172775
4731	9.03218425560953	-5.30389799172775
4732	8.49667672673218	15.7130630218298
4733	9.32091834610859	15.7130630218298
4734	6.9123546798909	-5.30389799172775
4735	1.07035984447719	-5.30389799172775
4736	6.54460496586534	-5.30389799172775
4737	7.73540897138004	-5.30389799172775
4738	5.47983669390778	-5.30389799172775
4739	1.46692306421476	-5.30389799172775
4740	5.3440734357843	-5.30389799172775
4741	5.23292947675027	-5.30389799172775
4742	12.0460714848872	-5.30389799172775
4743	1.62997162363475	15.7130630218298
4744	2.88644765006361	15.7130630218298
4745	4.668533833276	-5.30389799172775
4746	0.803780709811993	15.7130630218298
4747	12.6076383930942	15.7130630218298
4748	5.9359075149856	-5.30389799172775
4749	7.42547261116105	15.7130630218298
4750	-2.9985591613619	-5.30389799172775
4751	10.8055576418856	-5.30389799172775
4752	8.12978496903149	-5.30389799172775
4753	-0.0621291524143852	15.7130630218298
4754	0.475089487267889	15.7130630218298
4755	2.05153761369778	-5.30389799172775
4756	6.02462503540665	15.7130630218298
4757	8.74066847700793	-5.30389799172775
4758	8.39276821289705	15.7130630218298
4759	-0.0540511022314258	15.7130630218298
4760	10.2448781354606	15.7130630218298
4761	3.19817493684269	15.7130630218298
4762	-0.475229338323001	-5.30389799172775
4763	4.11027026380791	15.7130630218298
4764	5.69035499382832	-5.30389799172775
4765	-1.18604411447534	-5.30389799172775
4766	5.09384561388329	15.7130630218298
4767	8.82429058176307	15.7130630218298
4768	-2.44773827934238	15.7130630218298
4769	6.91695793778167	-5.30389799172775
4770	0.767720897728969	15.7130630218298
4771	14.6158719177026	-5.30389799172775
4772	1.15683106764185	-5.30389799172775
4773	1.38770604247118	-5.30389799172775
4774	0.0230024708188306	15.7130630218298
4775	-0.621341522821964	15.7130630218298
4776	-0.0667370358522751	-5.30389799172775
4777	11.5106223174834	-5.30389799172775
4778	10.3809630483758	-5.30389799172775
4779	11.8207729573972	-5.30389799172775
4780	2.4545735165825	-5.30389799172775
4781	-0.553269126895843	15.7130630218298
4782	9.63762828435777	15.7130630218298
4783	0.453897148631049	-5.30389799172775
4784	2.26581546078627	-5.30389799172775
4785	1.12986398833778	-5.30389799172775
4786	7.45632988097753	15.7130630218298
4787	8.15088203201351	-5.30389799172775
4788	5.63187883421854	-5.30389799172775
4789	0.0479606144664847	-5.30389799172775
4790	5.85334177583055	-5.30389799172775
4791	7.47175317907716	-5.30389799172775
4792	0.94456294939532	15.7130630218298
4793	8.52163708262522	15.7130630218298
4794	2.08564079178643	-5.30389799172775
4795	0.0115136148397563	15.7130630218298
4796	7.32992453795833	-5.30389799172775
4797	12.8789455866351	15.7130630218298
4798	-1.0826905038033	-5.30389799172775
4799	1.73616109502928	15.7130630218298
4800	2.98812319560942	-5.30389799172775
4801	2.13777704125361	-5.30389799172775
4802	0.370577449836003	-5.30389799172775
4803	7.16402454575909	15.7130630218298
4804	3.27689919299469	15.7130630218298
4805	7.78067610730869	-5.30389799172775
4806	-1.62928343012448	15.7130630218298
4807	1.91628439509508	15.7130630218298
4808	11.1582838640615	15.7130630218298
4809	11.150414870694	15.7130630218298
4810	8.66180901230595	-5.30389799172775
4811	9.90929073231001	-5.30389799172775
4812	9.15011536979567	-5.30389799172775
4813	7.66580506057516	15.7130630218298
4814	-4.34858158202059	-5.30389799172775
4815	6.76808851786802	15.7130630218298
4816	4.77210484422042	15.7130630218298
4817	7.49602192084265	15.7130630218298
4818	5.03162066214857	15.7130630218298
4819	1.68542638489522	-5.30389799172775
4820	5.25455808507939	15.7130630218298
4821	2.45984371888309	15.7130630218298
4822	8.10240287198131	-5.30389799172775
4823	9.99457053677909	15.7130630218298
4824	5.90181810027828	-5.30389799172775
4825	4.53342840149862	-5.30389799172775
4826	-0.00841014455275049	-5.30389799172775
4827	6.83559412691964	-5.30389799172775
4828	-2.87807712491032	-5.30389799172775
4829	-0.766931271538603	15.7130630218298
4830	1.13053242829008	-5.30389799172775
4831	6.65043333581921	-5.30389799172775
4832	9.44511717584912	15.7130630218298
4833	5.38820949799105	15.7130630218298
4834	7.81299269178465	-5.30389799172775
4835	-1.29491353050677	15.7130630218298
4836	8.67049521087237	15.7130630218298
4837	2.31378192939679	15.7130630218298
4838	9.88122450101968	-5.30389799172775
4839	9.40661557055468	15.7130630218298
4840	2.15311722002144	-5.30389799172775
4841	1.41268317376875	15.7130630218298
4842	9.39955268545147	15.7130630218298
4843	5.13947219406398	15.7130630218298
4844	9.08499027724131	15.7130630218298
4845	5.36810319444381	15.7130630218298
4846	1.96156831766021	15.7130630218298
4847	8.39846714223112	-5.30389799172775
4848	5.18780636190517	-5.30389799172775
4849	6.50776261402182	15.7130630218298
4850	10.4478676194402	15.7130630218298
4851	4.4694732489229	-5.30389799172775
4852	-0.871306030983109	15.7130630218298
4853	2.30034665122364	-5.30389799172775
4854	2.34588715545427	-5.30389799172775
4855	12.3909498764063	-5.30389799172775
4856	13.9387180330806	-5.30389799172775
4857	0.23706642464464	-5.30389799172775
4858	4.02049231090547	15.7130630218298
4859	10.7951485216016	15.7130630218298
4860	0.233671824257256	-5.30389799172775
4861	4.94907873701757	15.7130630218298
4862	1.83688095080756	-5.30389799172775
4863	4.02100722935262	-5.30389799172775
4864	0.533242306116686	-5.30389799172775
4865	8.37055999542821	15.7130630218298
4866	4.19978810011259	-5.30389799172775
4867	0.11697167428337	-5.30389799172775
4868	7.66056494244898	15.7130630218298
4869	10.1163885197263	-5.30389799172775
4870	4.45354499695112	15.7130630218298
4871	1.2721136596478	-5.30389799172775
4872	-0.433043155965496	15.7130630218298
4873	1.40126937391547	-5.30389799172775
4874	-1.42564467382355	-5.30389799172775
4875	1.09277664001855	-5.30389799172775
4876	0.58298273947091	15.7130630218298
4877	-0.599831042607216	15.7130630218298
4878	0.158479537609441	-5.30389799172775
4879	4.22277918280051	15.7130630218298
4880	0.391714334442204	15.7130630218298
4881	0.33177022213654	-5.30389799172775
4882	7.5173302663086	15.7130630218298
4883	2.69585614553595	-5.30389799172775
4884	-2.37380881558173	-5.30389799172775
4885	6.47047610945289	15.7130630218298
4886	7.73251541197951	-5.30389799172775
4887	9.98290102516725	15.7130630218298
4888	9.31726091151868	-5.30389799172775
4889	5.30332070511052	-5.30389799172775
4890	10.0747615832888	-5.30389799172775
4891	3.82923596449484	-5.30389799172775
4892	11.5969566128186	-5.30389799172775
4893	12.2741860713448	15.7130630218298
4894	1.49729153160628	15.7130630218298
4895	7.15395395372344	15.7130630218298
4896	4.05029911945523	15.7130630218298
4897	-0.109726383816623	-5.30389799172775
4898	-0.553939803402985	-5.30389799172775
4899	-0.226251676677918	15.7130630218298
4900	8.81242485221115	15.7130630218298
4901	8.55632071564338	15.7130630218298
4902	0.175002105410684	-5.30389799172775
4903	1.30168454422251	-5.30389799172775
4904	3.50342881885624	15.7130630218298
4905	8.68840932869351	15.7130630218298
4906	10.0117443452968	-5.30389799172775
4907	11.2590644663253	-5.30389799172775
4908	5.52246623443888	-5.30389799172775
4909	1.11859344544774	15.7130630218298
4910	12.9970950903469	15.7130630218298
4911	1.0340007896917	15.7130630218298
4912	5.8384678084801	15.7130630218298
4913	2.91957960781285	-5.30389799172775
4914	0.0349888098504865	-5.30389799172775
4915	8.9947178895006	-5.30389799172775
4916	6.34460717134618	-5.30389799172775
4917	6.99388021776221	15.7130630218298
4918	9.43567368757619	-5.30389799172775
4919	2.98403160328304	-5.30389799172775
4920	9.61489063798503	15.7130630218298
4921	2.1282747074767	15.7130630218298
4922	7.42181550735181	15.7130630218298
4923	3.63732299504189	-5.30389799172775
4924	8.14695862208917	-5.30389799172775
4925	5.21783591565566	15.7130630218298
4926	3.79803920581527	-5.30389799172775
4927	5.52105325366223	15.7130630218298
4928	6.72285671406426	-5.30389799172775
4929	4.20797677855704	-5.30389799172775
4930	8.91230044113409	15.7130630218298
4931	9.03218425560953	15.7130630218298
4932	8.49667672673218	-5.30389799172775
4933	9.32091834610859	-5.30389799172775
4934	6.9123546798909	15.7130630218298
4935	1.07035984447719	15.7130630218298
4936	6.54460496586534	15.7130630218298
4937	7.73540897138004	15.7130630218298
4938	5.47983669390778	15.7130630218298
4939	1.46692306421476	15.7130630218298
4940	5.3440734357843	15.7130630218298
4941	5.23292947675027	15.7130630218298
4942	12.0460714848872	15.7130630218298
4943	1.62997162363475	-5.30389799172775
4944	2.88644765006361	-5.30389799172775
4945	4.668533833276	15.7130630218298
4946	0.803780709811993	-5.30389799172775
4947	12.6076383930942	-5.30389799172775
4948	5.9359075149856	15.7130630218298
4949	7.42547261116105	-5.30389799172775
4950	-2.9985591613619	15.7130630218298
4951	10.8055576418856	15.7130630218298
4952	8.12978496903149	15.7130630218298
4953	-0.0621291524143852	-5.30389799172775
4954	0.475089487267889	-5.30389799172775
4955	2.05153761369778	15.7130630218298
4956	6.02462503540665	-5.30389799172775
4957	8.74066847700793	15.7130630218298
4958	8.39276821289705	-5.30389799172775
4959	-0.0540511022314258	-5.30389799172775
4960	10.2448781354606	-5.30389799172775
4961	3.19817493684269	-5.30389799172775
4962	-0.475229338323001	15.7130630218298
4963	4.11027026380791	-5.30389799172775
4964	5.69035499382832	15.7130630218298
4965	-1.18604411447534	15.7130630218298
4966	5.09384561388329	-5.30389799172775
4967	8.82429058176307	-5.30389799172775
4968	-2.44773827934238	-5.30389799172775
4969	6.91695793778167	15.7130630218298
4970	0.767720897728969	-5.30389799172775
4971	14.6158719177026	15.7130630218298
4972	1.15683106764185	15.7130630218298
4973	1.38770604247118	15.7130630218298
4974	0.0230024708188306	-5.30389799172775
4975	-0.621341522821964	-5.30389799172775
4976	-0.0667370358522751	15.7130630218298
4977	11.5106223174834	15.7130630218298
4978	10.3809630483758	15.7130630218298
4979	11.8207729573972	15.7130630218298
4980	2.4545735165825	15.7130630218298
4981	-0.553269126895843	-5.30389799172775
4982	9.63762828435777	-5.30389799172775
4983	0.453897148631049	15.7130630218298
4984	2.26581546078627	15.7130630218298
4985	1.12986398833778	15.7130630218298
4986	7.45632988097753	-5.30389799172775
4987	8.15088203201351	15.7130630218298
4988	5.63187883421854	15.7130630218298
4989	0.0479606144664847	15.7130630218298
4990	5.85334177583055	15.7130630218298
4991	7.47175317907716	15.7130630218298
4992	0.94456294939532	-5.30389799172775
4993	8.52163708262522	-5.30389799172775
4994	2.08564079178643	15.7130630218298
4995	0.0115136148397563	-5.30389799172775
4996	7.32992453795833	15.7130630218298
4997	12.8789455866351	-5.30389799172775
4998	-1.0826905038033	15.7130630218298
4999	1.73616109502928	-5.30389799172775
5000	2.98812319560942	15.7130630218298
5001	2.13777704125361	15.7130630218298
5002	0.370577449836003	15.7130630218298
5003	7.16402454575909	-5.30389799172775
5004	3.27689919299469	-5.30389799172775
5005	7.78067610730869	15.7130630218298
5006	-1.62928343012448	-5.30389799172775
5007	1.91628439509508	-5.30389799172775
5008	11.1582838640615	-5.30389799172775
5009	11.150414870694	-5.30389799172775
5010	8.66180901230595	15.7130630218298
5011	9.90929073231001	15.7130630218298
5012	9.15011536979567	15.7130630218298
5013	7.66580506057516	-5.30389799172775
5014	-4.34858158202059	15.7130630218298
5015	6.76808851786802	-5.30389799172775
5016	4.77210484422042	-5.30389799172775
5017	7.49602192084265	-5.30389799172775
5018	5.03162066214857	-5.30389799172775
5019	1.68542638489522	15.7130630218298
5020	5.25455808507939	-5.30389799172775
5021	2.45984371888309	-5.30389799172775
5022	8.10240287198131	15.7130630218298
5023	9.99457053677909	-5.30389799172775
5024	5.90181810027828	15.7130630218298
5025	4.53342840149862	15.7130630218298
5026	-0.00841014455275049	15.7130630218298
5027	6.83559412691964	15.7130630218298
5028	-2.87807712491032	15.7130630218298
5029	-0.766931271538603	-5.30389799172775
5030	1.13053242829008	15.7130630218298
5031	6.65043333581921	15.7130630218298
5032	9.44511717584912	-5.30389799172775
5033	5.38820949799105	-5.30389799172775
5034	7.81299269178465	15.7130630218298
5035	-1.29491353050677	-5.30389799172775
5036	8.67049521087237	-5.30389799172775
5037	2.31378192939679	-5.30389799172775
5038	9.88122450101968	15.7130630218298
5039	9.40661557055468	-5.30389799172775
5040	2.15311722002144	15.7130630218298
5041	1.41268317376875	-5.30389799172775
5042	9.39955268545147	-5.30389799172775
5043	5.13947219406398	-5.30389799172775
5044	9.08499027724131	-5.30389799172775
5045	5.36810319444381	-5.30389799172775
5046	1.96156831766021	-5.30389799172775
5047	8.39846714223112	15.7130630218298
5048	5.18780636190517	15.7130630218298
5049	6.50776261402182	-5.30389799172775
5050	10.4478676194402	-5.30389799172775
5051	4.4694732489229	15.7130630218298
5052	-0.871306030983109	-5.30389799172775
5053	2.30034665122364	15.7130630218298
5054	2.34588715545427	15.7130630218298
5055	12.3909498764063	15.7130630218298
5056	13.9387180330806	15.7130630218298
5057	0.23706642464464	15.7130630218298
5058	4.02049231090547	-5.30389799172775
5059	10.7951485216016	-5.30389799172775
5060	0.233671824257256	15.7130630218298
5061	4.94907873701757	-5.30389799172775
5062	1.83688095080756	15.7130630218298
5063	4.02100722935262	15.7130630218298
5064	0.533242306116686	15.7130630218298
5065	8.37055999542821	-5.30389799172775
5066	4.19978810011259	15.7130630218298
5067	0.11697167428337	15.7130630218298
5068	7.66056494244898	-5.30389799172775
5069	10.1163885197263	15.7130630218298
5070	4.45354499695112	-5.30389799172775
5071	1.2721136596478	15.7130630218298
5072	-0.433043155965496	-5.30389799172775
5073	1.40126937391547	15.7130630218298
5074	-1.42564467382355	15.7130630218298
5075	1.09277664001855	15.7130630218298
5076	0.58298273947091	-5.30389799172775
5077	-0.599831042607216	-5.30389799172775
5078	0.158479537609441	15.7130630218298
5079	4.22277918280051	-5.30389799172775
5080	0.391714334442204	-5.30389799172775
5081	0.33177022213654	15.7130630218298
5082	7.5173302663086	-5.30389799172775
5083	2.69585614553595	15.7130630218298
5084	-2.37380881558173	15.7130630218298
5085	6.47047610945289	-5.30389799172775
5086	7.73251541197951	15.7130630218298
5087	9.98290102516725	-5.30389799172775
5088	9.31726091151868	15.7130630218298
5089	5.30332070511052	15.7130630218298
5090	10.0747615832888	15.7130630218298
5091	3.82923596449484	15.7130630218298
5092	11.5969566128186	15.7130630218298
5093	12.2741860713448	-5.30389799172775
5094	1.49729153160628	-5.30389799172775
5095	7.15395395372344	-5.30389799172775
5096	4.05029911945523	-5.30389799172775
5097	-0.109726383816623	15.7130630218298
5098	-0.553939803402985	15.7130630218298
5099	-0.226251676677918	-5.30389799172775
5100	8.81242485221115	-5.30389799172775
5101	8.55632071564338	-5.30389799172775
5102	0.175002105410684	15.7130630218298
5103	1.30168454422251	15.7130630218298
5104	3.50342881885624	-5.30389799172775
5105	8.68840932869351	-5.30389799172775
5106	10.0117443452968	15.7130630218298
5107	11.2590644663253	15.7130630218298
5108	5.52246623443888	15.7130630218298
5109	1.11859344544774	-5.30389799172775
5110	12.9970950903469	-5.30389799172775
5111	1.0340007896917	-5.30389799172775
5112	5.8384678084801	-5.30389799172775
5113	2.91957960781285	15.7130630218298
5114	0.0349888098504865	15.7130630218298
5115	8.9947178895006	15.7130630218298
5116	6.34460717134618	15.7130630218298
5117	6.99388021776221	-5.30389799172775
5118	9.43567368757619	15.7130630218298
5119	2.98403160328304	15.7130630218298
5120	9.61489063798503	-5.30389799172775
5121	2.1282747074767	-5.30389799172775
5122	7.42181550735181	-5.30389799172775
5123	3.63732299504189	15.7130630218298
5124	8.14695862208917	15.7130630218298
5125	5.21783591565566	-5.30389799172775
5126	3.79803920581527	15.7130630218298
5127	5.52105325366223	-5.30389799172775
5128	6.72285671406426	15.7130630218298
5129	4.20797677855704	15.7130630218298
5130	8.91230044113409	-5.30389799172775
5131	9.03218425560953	-5.30389799172775
5132	8.49667672673218	15.7130630218298
5133	9.32091834610859	15.7130630218298
5134	6.9123546798909	-5.30389799172775
5135	1.07035984447719	-5.30389799172775
5136	6.54460496586534	-5.30389799172775
5137	7.73540897138004	-5.30389799172775
5138	5.47983669390778	-5.30389799172775
5139	1.46692306421476	-5.30389799172775
5140	5.3440734357843	-5.30389799172775
5141	5.23292947675027	-5.30389799172775
5142	12.0460714848872	-5.30389799172775
5143	1.62997162363475	15.7130630218298
5144	2.88644765006361	15.7130630218298
5145	4.668533833276	-5.30389799172775
5146	0.803780709811993	15.7130630218298
5147	12.6076383930942	15.7130630218298
5148	5.9359075149856	-5.30389799172775
5149	7.42547261116105	15.7130630218298
5150	-2.9985591613619	-5.30389799172775
5151	10.8055576418856	-5.30389799172775
5152	8.12978496903149	-5.30389799172775
5153	-0.0621291524143852	15.7130630218298
5154	0.475089487267889	15.7130630218298
5155	2.05153761369778	-5.30389799172775
5156	6.02462503540665	15.7130630218298
5157	8.74066847700793	-5.30389799172775
5158	8.39276821289705	15.7130630218298
5159	-0.0540511022314258	15.7130630218298
5160	10.2448781354606	15.7130630218298
5161	3.19817493684269	15.7130630218298
5162	-0.475229338323001	-5.30389799172775
5163	4.11027026380791	15.7130630218298
5164	5.69035499382832	-5.30389799172775
5165	-1.18604411447534	-5.30389799172775
5166	5.09384561388329	15.7130630218298
5167	8.82429058176307	15.7130630218298
5168	-2.44773827934238	15.7130630218298
5169	6.91695793778167	-5.30389799172775
5170	0.767720897728969	15.7130630218298
5171	14.6158719177026	-5.30389799172775
5172	1.15683106764185	-5.30389799172775
5173	1.38770604247118	-5.30389799172775
5174	0.0230024708188306	15.7130630218298
5175	-0.621341522821964	15.7130630218298
5176	-0.0667370358522751	-5.30389799172775
5177	11.5106223174834	-5.30389799172775
5178	10.3809630483758	-5.30389799172775
5179	11.8207729573972	-5.30389799172775
5180	2.4545735165825	-5.30389799172775
5181	-0.553269126895843	15.7130630218298
5182	9.63762828435777	15.7130630218298
5183	0.453897148631049	-5.30389799172775
5184	2.26581546078627	-5.30389799172775
5185	1.12986398833778	-5.30389799172775
5186	7.45632988097753	15.7130630218298
5187	8.15088203201351	-5.30389799172775
5188	5.63187883421854	-5.30389799172775
5189	0.0479606144664847	-5.30389799172775
5190	5.85334177583055	-5.30389799172775
5191	7.47175317907716	-5.30389799172775
5192	0.94456294939532	15.7130630218298
5193	8.52163708262522	15.7130630218298
5194	2.08564079178643	-5.30389799172775
5195	0.0115136148397563	15.7130630218298
5196	7.32992453795833	-5.30389799172775
5197	12.8789455866351	15.7130630218298
5198	-1.0826905038033	-5.30389799172775
5199	1.73616109502928	15.7130630218298
5200	2.98812319560942	-5.30389799172775
5201	2.13777704125361	-5.30389799172775
5202	0.370577449836003	-5.30389799172775
5203	7.16402454575909	15.7130630218298
5204	3.27689919299469	15.7130630218298
5205	7.78067610730869	-5.30389799172775
5206	-1.62928343012448	15.7130630218298
5207	1.91628439509508	15.7130630218298
5208	11.1582838640615	15.7130630218298
5209	11.150414870694	15.7130630218298
5210	8.66180901230595	-5.30389799172775
5211	9.90929073231001	-5.30389799172775
5212	9.15011536979567	-5.30389799172775
5213	7.66580506057516	15.7130630218298
5214	-4.34858158202059	-5.30389799172775
5215	6.76808851786802	15.7130630218298
5216	4.77210484422042	15.7130630218298
5217	7.49602192084265	15.7130630218298
5218	5.03162066214857	15.7130630218298
5219	1.68542638489522	-5.30389799172775
5220	5.25455808507939	15.7130630218298
5221	2.45984371888309	15.7130630218298
5222	8.10240287198131	-5.30389799172775
5223	9.99457053677909	15.7130630218298
5224	5.90181810027828	-5.30389799172775
5225	4.53342840149862	-5.30389799172775
5226	-0.00841014455275049	-5.30389799172775
5227	6.83559412691964	-5.30389799172775
5228	-2.87807712491032	-5.30389799172775
5229	-0.766931271538603	15.7130630218298
5230	1.13053242829008	-5.30389799172775
5231	6.65043333581921	-5.30389799172775
5232	9.44511717584912	15.7130630218298
5233	5.38820949799105	15.7130630218298
5234	7.81299269178465	-5.30389799172775
5235	-1.29491353050677	15.7130630218298
5236	8.67049521087237	15.7130630218298
5237	2.31378192939679	15.7130630218298
5238	9.88122450101968	-5.30389799172775
5239	9.40661557055468	15.7130630218298
5240	2.15311722002144	-5.30389799172775
5241	1.41268317376875	15.7130630218298
5242	9.39955268545147	15.7130630218298
5243	5.13947219406398	15.7130630218298
5244	9.08499027724131	15.7130630218298
5245	5.36810319444381	15.7130630218298
5246	1.96156831766021	15.7130630218298
5247	8.39846714223112	-5.30389799172775
5248	5.18780636190517	-5.30389799172775
5249	6.50776261402182	15.7130630218298
5250	10.4478676194402	15.7130630218298
5251	4.4694732489229	-5.30389799172775
5252	-0.871306030983109	15.7130630218298
5253	2.30034665122364	-5.30389799172775
5254	2.34588715545427	-5.30389799172775
5255	12.3909498764063	-5.30389799172775
5256	13.9387180330806	-5.30389799172775
5257	0.23706642464464	-5.30389799172775
5258	4.02049231090547	15.7130630218298
5259	10.7951485216016	15.7130630218298
5260	0.233671824257256	-5.30389799172775
5261	4.94907873701757	15.7130630218298
5262	1.83688095080756	-5.30389799172775
5263	4.02100722935262	-5.30389799172775
5264	0.533242306116686	-5.30389799172775
5265	8.37055999542821	15.7130630218298
5266	4.19978810011259	-5.30389799172775
5267	0.11697167428337	-5.30389799172775
5268	7.66056494244898	15.7130630218298
5269	10.1163885197263	-5.30389799172775
5270	4.45354499695112	15.7130630218298
5271	1.2721136596478	-5.30389799172775
5272	-0.433043155965496	15.7130630218298
5273	1.40126937391547	-5.30389799172775
5274	-1.42564467382355	-5.30389799172775
5275	1.09277664001855	-5.30389799172775
5276	0.58298273947091	15.7130630218298
5277	-0.599831042607216	15.7130630218298
5278	0.158479537609441	-5.30389799172775
5279	4.22277918280051	15.7130630218298
5280	0.391714334442204	15.7130630218298
5281	0.33177022213654	-5.30389799172775
5282	7.5173302663086	15.7130630218298
5283	2.69585614553595	-5.30389799172775
5284	-2.37380881558173	-5.30389799172775
5285	6.47047610945289	15.7130630218298
5286	7.73251541197951	-5.30389799172775
5287	9.98290102516725	15.7130630218298
5288	9.31726091151868	-5.30389799172775
5289	5.30332070511052	-5.30389799172775
5290	10.0747615832888	-5.30389799172775
5291	3.82923596449484	-5.30389799172775
5292	11.5969566128186	-5.30389799172775
5293	12.2741860713448	15.7130630218298
5294	1.49729153160628	15.7130630218298
5295	7.15395395372344	15.7130630218298
5296	4.05029911945523	15.7130630218298
5297	-0.109726383816623	-5.30389799172775
5298	-0.553939803402985	-5.30389799172775
5299	-0.226251676677918	15.7130630218298
5300	8.81242485221115	15.7130630218298
5301	8.55632071564338	15.7130630218298
5302	0.175002105410684	-5.30389799172775
5303	1.30168454422251	-5.30389799172775
5304	3.50342881885624	15.7130630218298
5305	8.68840932869351	15.7130630218298
5306	10.0117443452968	-5.30389799172775
5307	11.2590644663253	-5.30389799172775
5308	5.52246623443888	-5.30389799172775
5309	1.11859344544774	15.7130630218298
5310	12.9970950903469	15.7130630218298
5311	1.0340007896917	15.7130630218298
5312	5.8384678084801	15.7130630218298
5313	2.91957960781285	-5.30389799172775
5314	0.0349888098504865	-5.30389799172775
5315	8.9947178895006	-5.30389799172775
5316	6.34460717134618	-5.30389799172775
5317	6.99388021776221	15.7130630218298
5318	9.43567368757619	-5.30389799172775
5319	2.98403160328304	-5.30389799172775
5320	9.61489063798503	15.7130630218298
5321	2.1282747074767	15.7130630218298
5322	7.42181550735181	15.7130630218298
5323	3.63732299504189	-5.30389799172775
5324	8.14695862208917	-5.30389799172775
5325	5.21783591565566	15.7130630218298
5326	3.79803920581527	-5.30389799172775
5327	5.52105325366223	15.7130630218298
5328	6.72285671406426	-5.30389799172775
5329	4.20797677855704	-5.30389799172775
5330	8.91230044113409	15.7130630218298
5331	9.03218425560953	15.7130630218298
5332	8.49667672673218	-5.30389799172775
5333	9.32091834610859	-5.30389799172775
5334	6.9123546798909	15.7130630218298
5335	1.07035984447719	15.7130630218298
5336	6.54460496586534	15.7130630218298
5337	7.73540897138004	15.7130630218298
5338	5.47983669390778	15.7130630218298
5339	1.46692306421476	15.7130630218298
5340	5.3440734357843	15.7130630218298
5341	5.23292947675027	15.7130630218298
5342	12.0460714848872	15.7130630218298
5343	1.62997162363475	-5.30389799172775
5344	2.88644765006361	-5.30389799172775
5345	4.668533833276	15.7130630218298
5346	0.803780709811993	-5.30389799172775
5347	12.6076383930942	-5.30389799172775
5348	5.9359075149856	15.7130630218298
5349	7.42547261116105	-5.30389799172775
5350	-2.9985591613619	15.7130630218298
5351	10.8055576418856	15.7130630218298
5352	8.12978496903149	15.7130630218298
5353	-0.0621291524143852	-5.30389799172775
5354	0.475089487267889	-5.30389799172775
5355	2.05153761369778	15.7130630218298
5356	6.02462503540665	-5.30389799172775
5357	8.74066847700793	15.7130630218298
5358	8.39276821289705	-5.30389799172775
5359	-0.0540511022314258	-5.30389799172775
5360	10.2448781354606	-5.30389799172775
5361	3.19817493684269	-5.30389799172775
5362	-0.475229338323001	15.7130630218298
5363	4.11027026380791	-5.30389799172775
5364	5.69035499382832	15.7130630218298
5365	-1.18604411447534	15.7130630218298
5366	5.09384561388329	-5.30389799172775
5367	8.82429058176307	-5.30389799172775
5368	-2.44773827934238	-5.30389799172775
5369	6.91695793778167	15.7130630218298
5370	0.767720897728969	-5.30389799172775
5371	14.6158719177026	15.7130630218298
5372	1.15683106764185	15.7130630218298
5373	1.38770604247118	15.7130630218298
5374	0.0230024708188306	-5.30389799172775
5375	-0.621341522821964	-5.30389799172775
5376	-0.0667370358522751	15.7130630218298
5377	11.5106223174834	15.7130630218298
5378	10.3809630483758	15.7130630218298
5379	11.8207729573972	15.7130630218298
5380	2.4545735165825	15.7130630218298
5381	-0.553269126895843	-5.30389799172775
5382	9.63762828435777	-5.30389799172775
5383	0.453897148631049	15.7130630218298
5384	2.26581546078627	15.7130630218298
5385	1.12986398833778	15.7130630218298
5386	7.45632988097753	-5.30389799172775
5387	8.15088203201351	15.7130630218298
5388	5.63187883421854	15.7130630218298
5389	0.0479606144664847	15.7130630218298
5390	5.85334177583055	15.7130630218298
5391	7.47175317907716	15.7130630218298
5392	0.94456294939532	-5.30389799172775
5393	8.52163708262522	-5.30389799172775
5394	2.08564079178643	15.7130630218298
5395	0.0115136148397563	-5.30389799172775
5396	7.32992453795833	15.7130630218298
5397	12.8789455866351	-5.30389799172775
5398	-1.0826905038033	15.7130630218298
5399	1.73616109502928	-5.30389799172775
5400	2.98812319560942	15.7130630218298
5401	2.13777704125361	15.7130630218298
5402	0.370577449836003	15.7130630218298
5403	7.16402454575909	-5.30389799172775
5404	3.27689919299469	-5.30389799172775
5405	7.78067610730869	15.7130630218298
5406	-1.62928343012448	-5.30389799172775
5407	1.91628439509508	-5.30389799172775
5408	11.1582838640615	-5.30389799172775
5409	11.150414870694	-5.30389799172775
5410	8.66180901230595	15.7130630218298
5411	9.90929073231001	15.7130630218298
5412	9.15011536979567	15.7130630218298
5413	7.66580506057516	-5.30389799172775
5414	-4.34858158202059	15.7130630218298
5415	6.76808851786802	-5.30389799172775
5416	4.77210484422042	-5.30389799172775
5417	7.49602192084265	-5.30389799172775
5418	5.03162066214857	-5.30389799172775
5419	1.68542638489522	15.7130630218298
5420	5.25455808507939	-5.30389799172775
5421	2.45984371888309	-5.30389799172775
5422	8.10240287198131	15.7130630218298
5423	9.99457053677909	-5.30389799172775
5424	5.90181810027828	15.7130630218298
5425	4.53342840149862	15.7130630218298
5426	-0.00841014455275049	15.7130630218298
5427	6.83559412691964	15.7130630218298
5428	-2.87807712491032	15.7130630218298
5429	-0.766931271538603	-5.30389799172775
5430	1.13053242829008	15.7130630218298
5431	6.65043333581921	15.7130630218298
5432	9.44511717584912	-5.30389799172775
5433	5.38820949799105	-5.30389799172775
5434	7.81299269178465	15.7130630218298
5435	-1.29491353050677	-5.30389799172775
5436	8.67049521087237	-5.30389799172775
5437	2.31378192939679	-5.30389799172775
5438	9.88122450101968	15.7130630218298
5439	9.40661557055468	-5.30389799172775
5440	2.15311722002144	15.7130630218298
5441	1.41268317376875	-5.30389799172775
5442	9.39955268545147	-5.30389799172775
5443	5.13947219406398	-5.30389799172775
5444	9.08499027724131	-5.30389799172775
5445	5.36810319444381	-5.30389799172775
5446	1.96156831766021	-5.30389799172775
5447	8.39846714223112	15.7130630218298
5448	5.18780636190517	15.7130630218298
5449	6.50776261402182	-5.30389799172775
5450	10.4478676194402	-5.30389799172775
5451	4.4694732489229	15.7130630218298
5452	-0.871306030983109	-5.30389799172775
5453	2.30034665122364	15.7130630218298
5454	2.34588715545427	15.7130630218298
5455	12.3909498764063	15.7130630218298
5456	13.9387180330806	15.7130630218298
5457	0.23706642464464	15.7130630218298
5458	4.02049231090547	-5.30389799172775
5459	10.7951485216016	-5.30389799172775
5460	0.233671824257256	15.7130630218298
5461	4.94907873701757	-5.30389799172775
5462	1.83688095080756	15.7130630218298
5463	4.02100722935262	15.7130630218298
5464	0.533242306116686	15.7130630218298
5465	8.37055999542821	-5.30389799172775
5466	4.19978810011259	15.7130630218298
5467	0.11697167428337	15.7130630218298
5468	7.66056494244898	-5.30389799172775
5469	10.1163885197263	15.7130630218298
5470	4.45354499695112	-5.30389799172775
5471	1.2721136596478	15.7130630218298
5472	-0.433043155965496	-5.30389799172775
5473	1.40126937391547	15.7130630218298
5474	-1.42564467382355	15.7130630218298
5475	1.09277664001855	15.7130630218298
5476	0.58298273947091	-5.30389799172775
5477	-0.599831042607216	-5.30389799172775
5478	0.158479537609441	15.7130630218298
5479	4.22277918280051	-5.30389799172775
5480	0.391714334442204	-5.30389799172775
5481	0.33177022213654	15.7130630218298
5482	7.5173302663086	-5.30389799172775
5483	2.69585614553595	15.7130630218298
5484	-2.37380881558173	15.7130630218298
5485	6.47047610945289	-5.30389799172775
5486	7.73251541197951	15.7130630218298
5487	9.98290102516725	-5.30389799172775
5488	9.31726091151868	15.7130630218298
5489	5.30332070511052	15.7130630218298
5490	10.0747615832888	15.7130630218298
5491	3.82923596449484	15.7130630218298
5492	11.5969566128186	15.7130630218298
5493	12.2741860713448	-5.30389799172775
5494	1.49729153160628	-5.30389799172775
5495	7.15395395372344	-5.30389799172775
5496	4.05029911945523	-5.30389799172775
5497	-0.109726383816623	15.7130630218298
5498	-0.553939803402985	15.7130630218298
5499	-0.226251676677918	-5.30389799172775
5500	8.81242485221115	-5.30389799172775
5501	8.55632071564338	-5.30389799172775
5502	0.175002105410684	15.7130630218298
5503	1.30168454422251	15.7130630218298
5504	3.50342881885624	-5.30389799172775
5505	8.68840932869351	-5.30389799172775
5506	10.0117443452968	15.7130630218298
5507	11.2590644663253	15.7130630218298
5508	5.52246623443888	15.7130630218298
5509	1.11859344544774	-5.30389799172775
5510	12.9970950903469	-5.30389799172775
5511	1.0340007896917	-5.30389799172775
5512	5.8384678084801	-5.30389799172775
5513	2.91957960781285	15.7130630218298
5514	0.0349888098504865	15.7130630218298
5515	8.9947178895006	15.7130630218298
5516	6.34460717134618	15.7130630218298
5517	6.99388021776221	-5.30389799172775
5518	9.43567368757619	15.7130630218298
5519	2.98403160328304	15.7130630218298
5520	9.61489063798503	-5.30389799172775
5521	2.1282747074767	-5.30389799172775
5522	7.42181550735181	-5.30389799172775
5523	3.63732299504189	15.7130630218298
5524	8.14695862208917	15.7130630218298
5525	5.21783591565566	-5.30389799172775
5526	3.79803920581527	15.7130630218298
5527	5.52105325366223	-5.30389799172775
5528	6.72285671406426	15.7130630218298
5529	4.20797677855704	15.7130630218298
5530	8.91230044113409	-5.30389799172775
5531	9.03218425560953	-5.30389799172775
5532	8.49667672673218	15.7130630218298
5533	9.32091834610859	15.7130630218298
5534	6.9123546798909	-5.30389799172775
5535	1.07035984447719	-5.30389799172775
5536	6.54460496586534	-5.30389799172775
5537	7.73540897138004	-5.30389799172775
5538	5.47983669390778	-5.30389799172775
5539	1.46692306421476	-5.30389799172775
5540	5.3440734357843	-5.30389799172775
5541	5.23292947675027	-5.30389799172775
5542	12.0460714848872	-5.30389799172775
5543	1.62997162363475	15.7130630218298
5544	2.88644765006361	15.7130630218298
5545	4.668533833276	-5.30389799172775
5546	0.803780709811993	15.7130630218298
5547	12.6076383930942	15.7130630218298
5548	5.9359075149856	-5.30389799172775
5549	7.42547261116105	15.7130630218298
5550	-2.9985591613619	-5.30389799172775
5551	10.8055576418856	-5.30389799172775
5552	8.12978496903149	-5.30389799172775
5553	-0.0621291524143852	15.7130630218298
5554	0.475089487267889	15.7130630218298
5555	2.05153761369778	-5.30389799172775
5556	6.02462503540665	15.7130630218298
5557	8.74066847700793	-5.30389799172775
5558	8.39276821289705	15.7130630218298
5559	-0.0540511022314258	15.7130630218298
5560	10.2448781354606	15.7130630218298
5561	3.19817493684269	15.7130630218298
5562	-0.475229338323001	-5.30389799172775
5563	4.11027026380791	15.7130630218298
5564	5.69035499382832	-5.30389799172775
5565	-1.18604411447534	-5.30389799172775
5566	5.09384561388329	15.7130630218298
5567	8.82429058176307	15.7130630218298
5568	-2.44773827934238	15.7130630218298
5569	6.91695793778167	-5.30389799172775
5570	0.767720897728969	15.7130630218298
5571	14.6158719177026	-5.30389799172775
5572	1.15683106764185	-5.30389799172775
5573	1.38770604247118	-5.30389799172775
5574	0.0230024708188306	15.7130630218298
5575	-0.621341522821964	15.7130630218298
5576	-0.0667370358522751	-5.30389799172775
5577	11.5106223174834	-5.30389799172775
5578	10.3809630483758	-5.30389799172775
5579	11.8207729573972	-5.30389799172775
5580	2.4545735165825	-5.30389799172775
5581	-0.553269126895843	15.7130630218298
5582	9.63762828435777	15.7130630218298
5583	0.453897148631049	-5.30389799172775
5584	2.26581546078627	-5.30389799172775
5585	1.12986398833778	-5.30389799172775
5586	7.45632988097753	15.7130630218298
5587	8.15088203201351	-5.30389799172775
5588	5.63187883421854	-5.30389799172775
5589	0.0479606144664847	-5.30389799172775
5590	5.85334177583055	-5.30389799172775
5591	7.47175317907716	-5.30389799172775
5592	0.94456294939532	15.7130630218298
5593	8.52163708262522	15.7130630218298
5594	2.08564079178643	-5.30389799172775
5595	0.0115136148397563	15.7130630218298
5596	7.32992453795833	-5.30389799172775
5597	12.8789455866351	15.7130630218298
5598	-1.0826905038033	-5.30389799172775
5599	1.73616109502928	15.7130630218298
5600	2.98812319560942	-5.30389799172775
5601	2.13777704125361	-5.30389799172775
5602	0.370577449836003	-5.30389799172775
5603	7.16402454575909	15.7130630218298
5604	3.27689919299469	15.7130630218298
5605	7.78067610730869	-5.30389799172775
5606	-1.62928343012448	15.7130630218298
5607	1.91628439509508	15.7130630218298
5608	11.1582838640615	15.7130630218298
5609	11.150414870694	15.7130630218298
5610	8.66180901230595	-5.30389799172775
5611	9.90929073231001	-5.30389799172775
5612	9.15011536979567	-5.30389799172775
5613	7.66580506057516	15.7130630218298
5614	-4.34858158202059	-5.30389799172775
5615	6.76808851786802	15.7130630218298
5616	4.77210484422042	15.7130630218298
5617	7.49602192084265	15.7130630218298
5618	5.03162066214857	15.7130630218298
5619	1.68542638489522	-5.30389799172775
5620	5.25455808507939	15.7130630218298
5621	2.45984371888309	15.7130630218298
5622	8.10240287198131	-5.30389799172775
5623	9.99457053677909	15.7130630218298
5624	5.90181810027828	-5.30389799172775
5625	4.53342840149862	-5.30389799172775
5626	-0.00841014455275049	-5.30389799172775
5627	6.83559412691964	-5.30389799172775
5628	-2.87807712491032	-5.30389799172775
5629	-0.766931271538603	15.7130630218298
5630	1.13053242829008	-5.30389799172775
5631	6.65043333581921	-5.30389799172775
5632	9.44511717584912	15.7130630218298
5633	5.38820949799105	15.7130630218298
5634	7.81299269178465	-5.30389799172775
5635	-1.29491353050677	15.7130630218298
5636	8.67049521087237	15.7130630218298
5637	2.31378192939679	15.7130630218298
5638	9.88122450101968	-5.30389799172775
5639	9.40661557055468	15.7130630218298
5640	2.15311722002144	-5.30389799172775
5641	1.41268317376875	15.7130630218298
5642	9.39955268545147	15.7130630218298
5643	5.13947219406398	15.7130630218298
5644	9.08499027724131	15.7130630218298
5645	5.36810319444381	15.7130630218298
5646	1.96156831766021	15.7130630218298
5647	8.39846714223112	-5.30389799172775
5648	5.18780636190517	-5.30389799172775
5649	6.50776261402182	15.7130630218298
5650	10.4478676194402	15.7130630218298
5651	4.4694732489229	-5.30389799172775
5652	-0.871306030983109	15.7130630218298
5653	2.30034665122364	-5.30389799172775
5654	2.34588715545427	-5.30389799172775
5655	12.3909498764063	-5.30389799172775
5656	13.9387180330806	-5.30389799172775
5657	0.23706642464464	-5.30389799172775
5658	4.02049231090547	15.7130630218298
5659	10.7951485216016	15.7130630218298
5660	0.233671824257256	-5.30389799172775
5661	4.94907873701757	15.7130630218298
5662	1.83688095080756	-5.30389799172775
5663	4.02100722935262	-5.30389799172775
5664	0.533242306116686	-5.30389799172775
5665	8.37055999542821	15.7130630218298
5666	4.19978810011259	-5.30389799172775
5667	0.11697167428337	-5.30389799172775
5668	7.66056494244898	15.7130630218298
5669	10.1163885197263	-5.30389799172775
5670	4.45354499695112	15.7130630218298
5671	1.2721136596478	-5.30389799172775
5672	-0.433043155965496	15.7130630218298
5673	1.40126937391547	-5.30389799172775
5674	-1.42564467382355	-5.30389799172775
5675	1.09277664001855	-5.30389799172775
5676	0.58298273947091	15.7130630218298
5677	-0.599831042607216	15.7130630218298
5678	0.158479537609441	-5.30389799172775
5679	4.22277918280051	15.7130630218298
5680	0.391714334442204	15.7130630218298
5681	0.33177022213654	-5.30389799172775
5682	7.5173302663086	15.7130630218298
5683	2.69585614553595	-5.30389799172775
5684	-2.37380881558173	-5.30389799172775
5685	6.47047610945289	15.7130630218298
5686	7.73251541197951	-5.30389799172775
5687	9.98290102516725	15.7130630218298
5688	9.31726091151868	-5.30389799172775
5689	5.30332070511052	-5.30389799172775
5690	10.0747615832888	-5.30389799172775
5691	3.82923596449484	-5.30389799172775
5692	11.5969566128186	-5.30389799172775
5693	12.2741860713448	15.7130630218298
5694	1.49729153160628	15.7130630218298
5695	7.15395395372344	15.7130630218298
5696	4.05029911945523	15.7130630218298
5697	-0.109726383816623	-5.30389799172775
5698	-0.553939803402985	-5.30389799172775
5699	-0.226251676677918	15.7130630218298
5700	8.81242485221115	15.7130630218298
5701	8.55632071564338	15.7130630218298
5702	0.175002105410684	-5.30389799172775
5703	1.30168454422251	-5.30389799172775
5704	3.50342881885624	15.7130630218298
5705	8.68840932869351	15.7130630218298
5706	10.0117443452968	-5.30389799172775
5707	11.2590644663253	-5.30389799172775
5708	5.52246623443888	-5.30389799172775
5709	1.11859344544774	15.7130630218298
5710	12.9970950903469	15.7130630218298
5711	1.0340007896917	15.7130630218298
5712	5.8384678084801	15.7130630218298
5713	2.91957960781285	-5.30389799172775
5714	0.0349888098504865	-5.30389799172775
5715	8.9947178895006	-5.30389799172775
5716	6.34460717134618	-5.30389799172775
5717	6.99388021776221	15.7130630218298
5718	9.43567368757619	-5.30389799172775
5719	2.98403160328304	-5.30389799172775
5720	9.61489063798503	15.7130630218298
5721	2.1282747074767	15.7130630218298
5722	7.42181550735181	15.7130630218298
5723	3.63732299504189	-5.30389799172775
5724	8.14695862208917	-5.30389799172775
5725	5.21783591565566	15.7130630218298
5726	3.79803920581527	-5.30389799172775
5727	5.52105325366223	15.7130630218298
5728	6.72285671406426	-5.30389799172775
5729	4.20797677855704	-5.30389799172775
5730	8.91230044113409	15.7130630218298
5731	9.03218425560953	15.7130630218298
5732	8.49667672673218	-5.30389799172775
5733	9.32091834610859	-5.30389799172775
5734	6.9123546798909	15.7130630218298
5735	1.07035984447719	15.7130630218298
5736	6.54460496586534	15.7130630218298
5737	7.73540897138004	15.7130630218298
5738	5.47983669390778	15.7130630218298
5739	1.46692306421476	15.7130630218298
5740	5.3440734357843	15.7130630218298
5741	5.23292947675027	15.7130630218298
5742	12.0460714848872	15.7130630218298
5743	1.62997162363475	-5.30389799172775
5744	2.88644765006361	-5.30389799172775
5745	4.668533833276	15.7130630218298
5746	0.803780709811993	-5.30389799172775
5747	12.6076383930942	-5.30389799172775
5748	5.9359075149856	15.7130630218298
5749	7.42547261116105	-5.30389799172775
5750	-2.9985591613619	15.7130630218298
5751	10.8055576418856	15.7130630218298
5752	8.12978496903149	15.7130630218298
5753	-0.0621291524143852	-5.30389799172775
5754	0.475089487267889	-5.30389799172775
5755	2.05153761369778	15.7130630218298
5756	6.02462503540665	-5.30389799172775
5757	8.74066847700793	15.7130630218298
5758	8.39276821289705	-5.30389799172775
5759	-0.0540511022314258	-5.30389799172775
5760	10.2448781354606	-5.30389799172775
5761	3.19817493684269	-5.30389799172775
5762	-0.475229338323001	15.7130630218298
5763	4.11027026380791	-5.30389799172775
5764	5.69035499382832	15.7130630218298
5765	-1.18604411447534	15.7130630218298
5766	5.09384561388329	-5.30389799172775
5767	8.82429058176307	-5.30389799172775
5768	-2.44773827934238	-5.30389799172775
5769	6.91695793778167	15.7130630218298
5770	0.767720897728969	-5.30389799172775
5771	14.6158719177026	15.7130630218298
5772	1.15683106764185	15.7130630218298
5773	1.38770604247118	15.7130630218298
5774	0.0230024708188306	-5.30389799172775
5775	-0.621341522821964	-5.30389799172775
5776	-0.0667370358522751	15.7130630218298
5777	11.5106223174834	15.7130630218298
5778	10.3809630483758	15.7130630218298
5779	11.8207729573972	15.7130630218298
5780	2.4545735165825	15.7130630218298
5781	-0.553269126895843	-5.30389799172775
5782	9.63762828435777	-5.30389799172775
5783	0.453897148631049	15.7130630218298
5784	2.26581546078627	15.7130630218298
5785	1.12986398833778	15.7130630218298
5786	7.45632988097753	-5.30389799172775
5787	8.15088203201351	15.7130630218298
5788	5.63187883421854	15.7130630218298
5789	0.0479606144664847	15.7130630218298
5790	5.85334177583055	15.7130630218298
5791	7.47175317907716	15.7130630218298
5792	0.94456294939532	-5.30389799172775
5793	8.52163708262522	-5.30389799172775
5794	2.08564079178643	15.7130630218298
5795	0.0115136148397563	-5.30389799172775
5796	7.32992453795833	15.7130630218298
5797	12.8789455866351	-5.30389799172775
5798	-1.0826905038033	15.7130630218298
5799	1.73616109502928	-5.30389799172775
5800	2.98812319560942	15.7130630218298
5801	2.13777704125361	15.7130630218298
5802	0.370577449836003	15.7130630218298
5803	7.16402454575909	-5.30389799172775
5804	3.27689919299469	-5.30389799172775
5805	7.78067610730869	15.7130630218298
5806	-1.62928343012448	-5.30389799172775
5807	1.91628439509508	-5.30389799172775
5808	11.1582838640615	-5.30389799172775
5809	11.150414870694	-5.30389799172775
5810	8.66180901230595	15.7130630218298
5811	9.90929073231001	15.7130630218298
5812	9.15011536979567	15.7130630218298
5813	7.66580506057516	-5.30389799172775
5814	-4.34858158202059	15.7130630218298
5815	6.76808851786802	-5.30389799172775
5816	4.77210484422042	-5.30389799172775
5817	7.49602192084265	-5.30389799172775
5818	5.03162066214857	-5.30389799172775
5819	1.68542638489522	15.7130630218298
5820	5.25455808507939	-5.30389799172775
5821	2.45984371888309	-5.30389799172775
5822	8.10240287198131	15.7130630218298
5823	9.99457053677909	-5.30389799172775
5824	5.90181810027828	15.7130630218298
5825	4.53342840149862	15.7130630218298
5826	-0.00841014455275049	15.7130630218298
5827	6.83559412691964	15.7130630218298
5828	-2.87807712491032	15.7130630218298
5829	-0.766931271538603	-5.30389799172775
5830	1.13053242829008	15.7130630218298
5831	6.65043333581921	15.7130630218298
5832	9.44511717584912	-5.30389799172775
5833	5.38820949799105	-5.30389799172775
5834	7.81299269178465	15.7130630218298
5835	-1.29491353050677	-5.30389799172775
5836	8.67049521087237	-5.30389799172775
5837	2.31378192939679	-5.30389799172775
5838	9.88122450101968	15.7130630218298
5839	9.40661557055468	-5.30389799172775
5840	2.15311722002144	15.7130630218298
5841	1.41268317376875	-5.30389799172775
5842	9.39955268545147	-5.30389799172775
5843	5.13947219406398	-5.30389799172775
5844	9.08499027724131	-5.30389799172775
5845	5.36810319444381	-5.30389799172775
5846	1.96156831766021	-5.30389799172775
5847	8.39846714223112	15.7130630218298
5848	5.18780636190517	15.7130630218298
5849	6.50776261402182	-5.30389799172775
5850	10.4478676194402	-5.30389799172775
5851	4.4694732489229	15.7130630218298
5852	-0.871306030983109	-5.30389799172775
5853	2.30034665122364	15.7130630218298
5854	2.34588715545427	15.7130630218298
5855	12.3909498764063	15.7130630218298
5856	13.9387180330806	15.7130630218298
5857	0.23706642464464	15.7130630218298
5858	4.02049231090547	-5.30389799172775
5859	10.7951485216016	-5.30389799172775
5860	0.233671824257256	15.7130630218298
5861	4.94907873701757	-5.30389799172775
5862	1.83688095080756	15.7130630218298
5863	4.02100722935262	15.7130630218298
5864	0.533242306116686	15.7130630218298
5865	8.37055999542821	-5.30389799172775
5866	4.19978810011259	15.7130630218298
5867	0.11697167428337	15.7130630218298
5868	7.66056494244898	-5.30389799172775
5869	10.1163885197263	15.7130630218298
5870	4.45354499695112	-5.30389799172775
5871	1.2721136596478	15.7130630218298
5872	-0.433043155965496	-5.30389799172775
5873	1.40126937391547	15.7130630218298
5874	-1.42564467382355	15.7130630218298
5875	1.09277664001855	15.7130630218298
5876	0.58298273947091	-5.30389799172775
5877	-0.599831042607216	-5.30389799172775
5878	0.158479537609441	15.7130630218298
5879	4.22277918280051	-5.30389799172775
5880	0.391714334442204	-5.30389799172775
5881	0.33177022213654	15.7130630218298
5882	7.5173302663086	-5.30389799172775
5883	2.69585614553595	15.7130630218298
5884	-2.37380881558173	15.7130630218298
5885	6.47047610945289	-5.30389799172775
5886	7.73251541197951	15.7130630218298
5887	9.98290102516725	-5.30389799172775
5888	9.31726091151868	15.7130630218298
5889	5.30332070511052	15.7130630218298
5890	10.0747615832888	15.7130630218298
5891	3.82923596449484	15.7130630218298
5892	11.5969566128186	15.7130630218298
5893	12.2741860713448	-5.30389799172775
5894	1.49729153160628	-5.30389799172775
5895	7.15395395372344	-5.30389799172775
5896	4.05029911945523	-5.30389799172775
5897	-0.109726383816623	15.7130630218298
5898	-0.553939803402985	15.7130630218298
5899	-0.226251676677918	-5.30389799172775
5900	8.81242485221115	-5.30389799172775
5901	8.55632071564338	-5.30389799172775
5902	0.175002105410684	15.7130630218298
5903	1.30168454422251	15.7130630218298
5904	3.50342881885624	-5.30389799172775
5905	8.68840932869351	-5.30389799172775
5906	10.0117443452968	15.7130630218298
5907	11.2590644663253	15.7130630218298
5908	5.52246623443888	15.7130630218298
5909	1.11859344544774	-5.30389799172775
5910	12.9970950903469	-5.30389799172775
5911	1.0340007896917	-5.30389799172775
5912	5.8384678084801	-5.30389799172775
5913	2.91957960781285	15.7130630218298
5914	0.0349888098504865	15.7130630218298
5915	8.9947178895006	15.7130630218298
5916	6.34460717134618	15.7130630218298
5917	6.99388021776221	-5.30389799172775
5918	9.43567368757619	15.7130630218298
5919	2.98403160328304	15.7130630218298
5920	9.61489063798503	-5.30389799172775
5921	2.1282747074767	-5.30389799172775
5922	7.42181550735181	-5.30389799172775
5923	3.63732299504189	15.7130630218298
5924	8.14695862208917	15.7130630218298
5925	5.21783591565566	-5.30389799172775
5926	3.79803920581527	15.7130630218298
5927	5.52105325366223	-5.30389799172775
5928	6.72285671406426	15.7130630218298
5929	4.20797677855704	15.7130630218298
5930	8.91230044113409	-5.30389799172775
5931	9.03218425560953	-5.30389799172775
5932	8.49667672673218	15.7130630218298
5933	9.32091834610859	15.7130630218298
5934	6.9123546798909	-5.30389799172775
5935	1.07035984447719	-5.30389799172775
5936	6.54460496586534	-5.30389799172775
5937	7.73540897138004	-5.30389799172775
5938	5.47983669390778	-5.30389799172775
5939	1.46692306421476	-5.30389799172775
5940	5.3440734357843	-5.30389799172775
5941	5.23292947675027	-5.30389799172775
5942	12.0460714848872	-5.30389799172775
5943	1.62997162363475	15.7130630218298
5944	2.88644765006361	15.7130630218298
5945	4.668533833276	-5.30389799172775
5946	0.803780709811993	15.7130630218298
5947	12.6076383930942	15.7130630218298
5948	5.9359075149856	-5.30389799172775
5949	7.42547261116105	15.7130630218298
5950	-2.9985591613619	-5.30389799172775
5951	10.8055576418856	-5.30389799172775
5952	8.12978496903149	-5.30389799172775
5953	-0.0621291524143852	15.7130630218298
5954	0.475089487267889	15.7130630218298
5955	2.05153761369778	-5.30389799172775
5956	6.02462503540665	15.7130630218298
5957	8.74066847700793	-5.30389799172775
5958	8.39276821289705	15.7130630218298
5959	-0.0540511022314258	15.7130630218298
5960	10.2448781354606	15.7130630218298
5961	3.19817493684269	15.7130630218298
5962	-0.475229338323001	-5.30389799172775
5963	4.11027026380791	15.7130630218298
5964	5.69035499382832	-5.30389799172775
5965	-1.18604411447534	-5.30389799172775
5966	5.09384561388329	15.7130630218298
5967	8.82429058176307	15.7130630218298
5968	-2.44773827934238	15.7130630218298
5969	6.91695793778167	-5.30389799172775
5970	0.767720897728969	15.7130630218298
5971	14.6158719177026	-5.30389799172775
5972	1.15683106764185	-5.30389799172775
5973	1.38770604247118	-5.30389799172775
5974	0.0230024708188306	15.7130630218298
5975	-0.621341522821964	15.7130630218298
5976	-0.0667370358522751	-5.30389799172775
5977	11.5106223174834	-5.30389799172775
5978	10.3809630483758	-5.30389799172775
5979	11.8207729573972	-5.30389799172775
5980	2.4545735165825	-5.30389799172775
5981	-0.553269126895843	15.7130630218298
5982	9.63762828435777	15.7130630218298
5983	0.453897148631049	-5.30389799172775
5984	2.26581546078627	-5.30389799172775
5985	1.12986398833778	-5.30389799172775
5986	7.45632988097753	15.7130630218298
5987	8.15088203201351	-5.30389799172775
5988	5.63187883421854	-5.30389799172775
5989	0.0479606144664847	-5.30389799172775
5990	5.85334177583055	-5.30389799172775
5991	7.47175317907716	-5.30389799172775
5992	0.94456294939532	15.7130630218298
5993	8.52163708262522	15.7130630218298
5994	2.08564079178643	-5.30389799172775
5995	0.0115136148397563	15.7130630218298
5996	7.32992453795833	-5.30389799172775
5997	12.8789455866351	15.7130630218298
5998	-1.0826905038033	-5.30389799172775
5999	1.73616109502928	15.7130630218298
6000	2.98812319560942	-5.30389799172775
6001	2.13777704125361	-5.30389799172775
6002	0.370577449836003	-5.30389799172775
6003	7.16402454575909	15.7130630218298
6004	3.27689919299469	15.7130630218298
6005	7.78067610730869	-5.30389799172775
6006	-1.62928343012448	15.7130630218298
6007	1.91628439509508	15.7130630218298
6008	11.1582838640615	15.7130630218298
6009	11.150414870694	15.7130630218298
6010	8.66180901230595	-5.30389799172775
6011	9.90929073231001	-5.30389799172775
6012	9.15011536979567	-5.30389799172775
6013	7.66580506057516	15.7130630218298
6014	-4.34858158202059	-5.30389799172775
6015	6.76808851786802	15.7130630218298
6016	4.77210484422042	15.7130630218298
6017	7.49602192084265	15.7130630218298
6018	5.03162066214857	15.7130630218298
6019	1.68542638489522	-5.30389799172775
6020	5.25455808507939	15.7130630218298
6021	2.45984371888309	15.7130630218298
6022	8.10240287198131	-5.30389799172775
6023	9.99457053677909	15.7130630218298
6024	5.90181810027828	-5.30389799172775
6025	4.53342840149862	-5.30389799172775
6026	-0.00841014455275049	-5.30389799172775
6027	6.83559412691964	-5.30389799172775
6028	-2.87807712491032	-5.30389799172775
6029	-0.766931271538603	15.7130630218298
6030	1.13053242829008	-5.30389799172775
6031	6.65043333581921	-5.30389799172775
6032	9.44511717584912	15.7130630218298
6033	5.38820949799105	15.7130630218298
6034	7.81299269178465	-5.30389799172775
6035	-1.29491353050677	15.7130630218298
6036	8.67049521087237	15.7130630218298
6037	2.31378192939679	15.7130630218298
6038	9.88122450101968	-5.30389799172775
6039	9.40661557055468	15.7130630218298
6040	2.15311722002144	-5.30389799172775
6041	1.41268317376875	15.7130630218298
6042	9.39955268545147	15.7130630218298
6043	5.13947219406398	15.7130630218298
6044	9.08499027724131	15.7130630218298
6045	5.36810319444381	15.7130630218298
6046	1.96156831766021	15.7130630218298
6047	8.39846714223112	-5.30389799172775
6048	5.18780636190517	-5.30389799172775
6049	6.50776261402182	15.7130630218298
6050	10.4478676194402	15.7130630218298
6051	4.4694732489229	-5.30389799172775
6052	-0.871306030983109	15.7130630218298
6053	2.30034665122364	-5.30389799172775
6054	2.34588715545427	-5.30389799172775
6055	12.3909498764063	-5.30389799172775
6056	13.9387180330806	-5.30389799172775
6057	0.23706642464464	-5.30389799172775
6058	4.02049231090547	15.7130630218298
6059	10.7951485216016	15.7130630218298
6060	0.233671824257256	-5.30389799172775
6061	4.94907873701757	15.7130630218298
6062	1.83688095080756	-5.30389799172775
6063	4.02100722935262	-5.30389799172775
6064	0.533242306116686	-5.30389799172775
6065	8.37055999542821	15.7130630218298
6066	4.19978810011259	-5.30389799172775
6067	0.11697167428337	-5.30389799172775
6068	7.66056494244898	15.7130630218298
6069	10.1163885197263	-5.30389799172775
6070	4.45354499695112	15.7130630218298
6071	1.2721136596478	-5.30389799172775
6072	-0.433043155965496	15.7130630218298
6073	1.40126937391547	-5.30389799172775
6074	-1.42564467382355	-5.30389799172775
6075	1.09277664001855	-5.30389799172775
6076	0.58298273947091	15.7130630218298
6077	-0.599831042607216	15.7130630218298
6078	0.158479537609441	-5.30389799172775
6079	4.22277918280051	15.7130630218298
6080	0.391714334442204	15.7130630218298
6081	0.33177022213654	-5.30389799172775
6082	7.5173302663086	15.7130630218298
6083	2.69585614553595	-5.30389799172775
6084	-2.37380881558173	-5.30389799172775
6085	6.47047610945289	15.7130630218298
6086	7.73251541197951	-5.30389799172775
6087	9.98290102516725	15.7130630218298
6088	9.31726091151868	-5.30389799172775
6089	5.30332070511052	-5.30389799172775
6090	10.0747615832888	-5.30389799172775
6091	3.82923596449484	-5.30389799172775
6092	11.5969566128186	-5.30389799172775
6093	12.2741860713448	15.7130630218298
6094	1.49729153160628	15.7130630218298
6095	7.15395395372344	15.7130630218298
6096	4.05029911945523	15.7130630218298
6097	-0.109726383816623	-5.30389799172775
6098	-0.553939803402985	-5.30389799172775
6099	-0.226251676677918	15.7130630218298
6100	8.81242485221115	15.7130630218298
6101	8.55632071564338	15.7130630218298
6102	0.175002105410684	-5.30389799172775
6103	1.30168454422251	-5.30389799172775
6104	3.50342881885624	15.7130630218298
6105	8.68840932869351	15.7130630218298
6106	10.0117443452968	-5.30389799172775
6107	11.2590644663253	-5.30389799172775
6108	5.52246623443888	-5.30389799172775
6109	1.11859344544774	15.7130630218298
6110	12.9970950903469	15.7130630218298
6111	1.0340007896917	15.7130630218298
6112	5.8384678084801	15.7130630218298
6113	2.91957960781285	-5.30389799172775
6114	0.0349888098504865	-5.30389799172775
6115	8.9947178895006	-5.30389799172775
6116	6.34460717134618	-5.30389799172775
6117	6.99388021776221	15.7130630218298
6118	9.43567368757619	-5.30389799172775
6119	2.98403160328304	-5.30389799172775
6120	9.61489063798503	15.7130630218298
6121	2.1282747074767	15.7130630218298
6122	7.42181550735181	15.7130630218298
6123	3.63732299504189	-5.30389799172775
6124	8.14695862208917	-5.30389799172775
6125	5.21783591565566	15.7130630218298
6126	3.79803920581527	-5.30389799172775
6127	5.52105325366223	15.7130630218298
6128	6.72285671406426	-5.30389799172775
6129	4.20797677855704	-5.30389799172775
6130	8.91230044113409	15.7130630218298
6131	9.03218425560953	15.7130630218298
6132	8.49667672673218	-5.30389799172775
6133	9.32091834610859	-5.30389799172775
6134	6.9123546798909	15.7130630218298
6135	1.07035984447719	15.7130630218298
6136	6.54460496586534	15.7130630218298
6137	7.73540897138004	15.7130630218298
6138	5.47983669390778	15.7130630218298
6139	1.46692306421476	15.7130630218298
6140	5.3440734357843	15.7130630218298
6141	5.23292947675027	15.7130630218298
6142	12.0460714848872	15.7130630218298
6143	1.62997162363475	-5.30389799172775
6144	2.88644765006361	-5.30389799172775
6145	4.668533833276	15.7130630218298
6146	0.803780709811993	-5.30389799172775
6147	12.6076383930942	-5.30389799172775
6148	5.9359075149856	15.7130630218298
6149	7.42547261116105	-5.30389799172775
6150	-2.9985591613619	15.7130630218298
6151	10.8055576418856	15.7130630218298
6152	8.12978496903149	15.7130630218298
6153	-0.0621291524143852	-5.30389799172775
6154	0.475089487267889	-5.30389799172775
6155	2.05153761369778	15.7130630218298
6156	6.02462503540665	-5.30389799172775
6157	8.74066847700793	15.7130630218298
6158	8.39276821289705	-5.30389799172775
6159	-0.0540511022314258	-5.30389799172775
6160	10.2448781354606	-5.30389799172775
6161	3.19817493684269	-5.30389799172775
6162	-0.475229338323001	15.7130630218298
6163	4.11027026380791	-5.30389799172775
6164	5.69035499382832	15.7130630218298
6165	-1.18604411447534	15.7130630218298
6166	5.09384561388329	-5.30389799172775
6167	8.82429058176307	-5.30389799172775
6168	-2.44773827934238	-5.30389799172775
6169	6.91695793778167	15.7130630218298
6170	0.767720897728969	-5.30389799172775
6171	14.6158719177026	15.7130630218298
6172	1.15683106764185	15.7130630218298
6173	1.38770604247118	15.7130630218298
6174	0.0230024708188306	-5.30389799172775
6175	-0.621341522821964	-5.30389799172775
6176	-0.0667370358522751	15.7130630218298
6177	11.5106223174834	15.7130630218298
6178	10.3809630483758	15.7130630218298
6179	11.8207729573972	15.7130630218298
6180	2.4545735165825	15.7130630218298
6181	-0.553269126895843	-5.30389799172775
6182	9.63762828435777	-5.30389799172775
6183	0.453897148631049	15.7130630218298
6184	2.26581546078627	15.7130630218298
6185	1.12986398833778	15.7130630218298
6186	7.45632988097753	-5.30389799172775
6187	8.15088203201351	15.7130630218298
6188	5.63187883421854	15.7130630218298
6189	0.0479606144664847	15.7130630218298
6190	5.85334177583055	15.7130630218298
6191	7.47175317907716	15.7130630218298
6192	0.94456294939532	-5.30389799172775
6193	8.52163708262522	-5.30389799172775
6194	2.08564079178643	15.7130630218298
6195	0.0115136148397563	-5.30389799172775
6196	7.32992453795833	15.7130630218298
6197	12.8789455866351	-5.30389799172775
6198	-1.0826905038033	15.7130630218298
6199	1.73616109502928	-5.30389799172775
6200	2.98812319560942	15.7130630218298
6201	2.13777704125361	15.7130630218298
6202	0.370577449836003	15.7130630218298
6203	7.16402454575909	-5.30389799172775
6204	3.27689919299469	-5.30389799172775
6205	7.78067610730869	15.7130630218298
6206	-1.62928343012448	-5.30389799172775
6207	1.91628439509508	-5.30389799172775
6208	11.1582838640615	-5.30389799172775
6209	11.150414870694	-5.30389799172775
6210	8.66180901230595	15.7130630218298
6211	9.90929073231001	15.7130630218298
6212	9.15011536979567	15.7130630218298
6213	7.66580506057516	-5.30389799172775
6214	-4.34858158202059	15.7130630218298
6215	6.76808851786802	-5.30389799172775
6216	4.77210484422042	-5.30389799172775
6217	7.49602192084265	-5.30389799172775
6218	5.03162066214857	-5.30389799172775
6219	1.68542638489522	15.7130630218298
6220	5.25455808507939	-5.30389799172775
6221	2.45984371888309	-5.30389799172775
6222	8.10240287198131	15.7130630218298
6223	9.99457053677909	-5.30389799172775
6224	5.90181810027828	15.7130630218298
6225	4.53342840149862	15.7130630218298
6226	-0.00841014455275049	15.7130630218298
6227	6.83559412691964	15.7130630218298
6228	-2.87807712491032	15.7130630218298
6229	-0.766931271538603	-5.30389799172775
6230	1.13053242829008	15.7130630218298
6231	6.65043333581921	15.7130630218298
6232	9.44511717584912	-5.30389799172775
6233	5.38820949799105	-5.30389799172775
6234	7.81299269178465	15.7130630218298
6235	-1.29491353050677	-5.30389799172775
6236	8.67049521087237	-5.30389799172775
6237	2.31378192939679	-5.30389799172775
6238	9.88122450101968	15.7130630218298
6239	9.40661557055468	-5.30389799172775
6240	2.15311722002144	15.7130630218298
6241	1.41268317376875	-5.30389799172775
6242	9.39955268545147	-5.30389799172775
6243	5.13947219406398	-5.30389799172775
6244	9.08499027724131	-5.30389799172775
6245	5.36810319444381	-5.30389799172775
6246	1.96156831766021	-5.30389799172775
6247	8.39846714223112	15.7130630218298
6248	5.18780636190517	15.7130630218298
6249	6.50776261402182	-5.30389799172775
6250	10.4478676194402	-5.30389799172775
6251	4.4694732489229	15.7130630218298
6252	-0.871306030983109	-5.30389799172775
6253	2.30034665122364	15.7130630218298
6254	2.34588715545427	15.7130630218298
6255	12.3909498764063	15.7130630218298
6256	13.9387180330806	15.7130630218298
6257	0.23706642464464	15.7130630218298
6258	4.02049231090547	-5.30389799172775
6259	10.7951485216016	-5.30389799172775
6260	0.233671824257256	15.7130630218298
6261	4.94907873701757	-5.30389799172775
6262	1.83688095080756	15.7130630218298
6263	4.02100722935262	15.7130630218298
6264	0.533242306116686	15.7130630218298
6265	8.37055999542821	-5.30389799172775
6266	4.19978810011259	15.7130630218298
6267	0.11697167428337	15.7130630218298
6268	7.66056494244898	-5.30389799172775
6269	10.1163885197263	15.7130630218298
6270	4.45354499695112	-5.30389799172775
6271	1.2721136596478	15.7130630218298
6272	-0.433043155965496	-5.30389799172775
6273	1.40126937391547	15.7130630218298
6274	-1.42564467382355	15.7130630218298
6275	1.09277664001855	15.7130630218298
6276	0.58298273947091	-5.30389799172775
6277	-0.599831042607216	-5.30389799172775
6278	0.158479537609441	15.7130630218298
6279	4.22277918280051	-5.30389799172775
6280	0.391714334442204	-5.30389799172775
6281	0.33177022213654	15.7130630218298
6282	7.5173302663086	-5.30389799172775
6283	2.69585614553595	15.7130630218298
6284	-2.37380881558173	15.7130630218298
6285	6.47047610945289	-5.30389799172775
6286	7.73251541197951	15.7130630218298
6287	9.98290102516725	-5.30389799172775
6288	9.31726091151868	15.7130630218298
6289	5.30332070511052	15.7130630218298
6290	10.0747615832888	15.7130630218298
6291	3.82923596449484	15.7130630218298
6292	11.5969566128186	15.7130630218298
6293	12.2741860713448	-5.30389799172775
6294	1.49729153160628	-5.30389799172775
6295	7.15395395372344	-5.30389799172775
6296	4.05029911945523	-5.30389799172775
6297	-0.109726383816623	15.7130630218298
6298	-0.553939803402985	15.7130630218298
6299	-0.226251676677918	-5.30389799172775
6300	8.81242485221115	-5.30389799172775
6301	8.55632071564338	-5.30389799172775
6302	0.175002105410684	15.7130630218298
6303	1.30168454422251	15.7130630218298
6304	3.50342881885624	-5.30389799172775
6305	8.68840932869351	-5.30389799172775
6306	10.0117443452968	15.7130630218298
6307	11.2590644663253	15.7130630218298
6308	5.52246623443888	15.7130630218298
6309	1.11859344544774	-5.30389799172775
6310	12.9970950903469	-5.30389799172775
6311	1.0340007896917	-5.30389799172775
6312	5.8384678084801	-5.30389799172775
6313	2.91957960781285	15.7130630218298
6314	0.0349888098504865	15.7130630218298
6315	8.9947178895006	15.7130630218298
6316	6.34460717134618	15.7130630218298
6317	6.99388021776221	-5.30389799172775
6318	9.43567368757619	15.7130630218298
6319	2.98403160328304	15.7130630218298
6320	9.61489063798503	-5.30389799172775
6321	2.1282747074767	-5.30389799172775
6322	7.42181550735181	-5.30389799172775
6323	3.63732299504189	15.7130630218298
6324	8.14695862208917	15.7130630218298
6325	5.21783591565566	-5.30389799172775
6326	3.79803920581527	15.7130630218298
6327	5.52105325366223	-5.30389799172775
6328	6.72285671406426	15.7130630218298
6329	4.20797677855704	15.7130630218298
6330	8.91230044113409	-5.30389799172775
6331	9.03218425560953	-5.30389799172775
6332	8.49667672673218	15.7130630218298
6333	9.32091834610859	15.7130630218298
6334	6.9123546798909	-5.30389799172775
6335	1.07035984447719	-5.30389799172775
6336	6.54460496586534	-5.30389799172775
6337	7.73540897138004	-5.30389799172775
6338	5.47983669390778	-5.30389799172775
6339	1.46692306421476	-5.30389799172775
6340	5.3440734357843	-5.30389799172775
6341	5.23292947675027	-5.30389799172775
6342	12.0460714848872	-5.30389799172775
6343	1.62997162363475	15.7130630218298
6344	2.88644765006361	15.7130630218298
6345	4.668533833276	-5.30389799172775
6346	0.803780709811993	15.7130630218298
6347	12.6076383930942	15.7130630218298
6348	5.9359075149856	-5.30389799172775
6349	7.42547261116105	15.7130630218298
6350	-2.9985591613619	-5.30389799172775
6351	10.8055576418856	-5.30389799172775
6352	8.12978496903149	-5.30389799172775
6353	-0.0621291524143852	15.7130630218298
6354	0.475089487267889	15.7130630218298
6355	2.05153761369778	-5.30389799172775
6356	6.02462503540665	15.7130630218298
6357	8.74066847700793	-5.30389799172775
6358	8.39276821289705	15.7130630218298
6359	-0.0540511022314258	15.7130630218298
6360	10.2448781354606	15.7130630218298
6361	3.19817493684269	15.7130630218298
6362	-0.475229338323001	-5.30389799172775
6363	4.11027026380791	15.7130630218298
6364	5.69035499382832	-5.30389799172775
6365	-1.18604411447534	-5.30389799172775
6366	5.09384561388329	15.7130630218298
6367	8.82429058176307	15.7130630218298
6368	-2.44773827934238	15.7130630218298
6369	6.91695793778167	-5.30389799172775
6370	0.767720897728969	15.7130630218298
6371	14.6158719177026	-5.30389799172775
6372	1.15683106764185	-5.30389799172775
6373	1.38770604247118	-5.30389799172775
6374	0.0230024708188306	15.7130630218298
6375	-0.621341522821964	15.7130630218298
6376	-0.0667370358522751	-5.30389799172775
6377	11.5106223174834	-5.30389799172775
6378	10.3809630483758	-5.30389799172775
6379	11.8207729573972	-5.30389799172775
6380	2.4545735165825	-5.30389799172775
6381	-0.553269126895843	15.7130630218298
6382	9.63762828435777	15.7130630218298
6383	0.453897148631049	-5.30389799172775
6384	2.26581546078627	-5.30389799172775
6385	1.12986398833778	-5.30389799172775
6386	7.45632988097753	15.7130630218298
6387	8.15088203201351	-5.30389799172775
6388	5.63187883421854	-5.30389799172775
6389	0.0479606144664847	-5.30389799172775
6390	5.85334177583055	-5.30389799172775
6391	7.47175317907716	-5.30389799172775
6392	0.94456294939532	15.7130630218298
6393	8.52163708262522	15.7130630218298
6394	2.08564079178643	-5.30389799172775
6395	0.0115136148397563	15.7130630218298
6396	7.32992453795833	-5.30389799172775
6397	12.8789455866351	15.7130630218298
6398	-1.0826905038033	-5.30389799172775
6399	1.73616109502928	15.7130630218298
6400	2.98812319560942	-5.30389799172775
6401	2.13777704125361	-5.30389799172775
6402	0.370577449836003	-5.30389799172775
6403	7.16402454575909	15.7130630218298
6404	3.27689919299469	15.7130630218298
6405	7.78067610730869	-5.30389799172775
6406	-1.62928343012448	15.7130630218298
6407	1.91628439509508	15.7130630218298
6408	11.1582838640615	15.7130630218298
6409	11.150414870694	15.7130630218298
6410	8.66180901230595	-5.30389799172775
6411	9.90929073231001	-5.30389799172775
6412	9.15011536979567	-5.30389799172775
6413	7.66580506057516	15.7130630218298
6414	-4.34858158202059	-5.30389799172775
6415	6.76808851786802	15.7130630218298
6416	4.77210484422042	15.7130630218298
6417	7.49602192084265	15.7130630218298
6418	5.03162066214857	15.7130630218298
6419	1.68542638489522	-5.30389799172775
6420	5.25455808507939	15.7130630218298
6421	2.45984371888309	15.7130630218298
6422	8.10240287198131	-5.30389799172775
6423	9.99457053677909	15.7130630218298
6424	5.90181810027828	-5.30389799172775
6425	4.53342840149862	-5.30389799172775
6426	-0.00841014455275049	-5.30389799172775
6427	6.83559412691964	-5.30389799172775
6428	-2.87807712491032	-5.30389799172775
6429	-0.766931271538603	15.7130630218298
6430	1.13053242829008	-5.30389799172775
6431	6.65043333581921	-5.30389799172775
6432	9.44511717584912	15.7130630218298
6433	5.38820949799105	15.7130630218298
6434	7.81299269178465	-5.30389799172775
6435	-1.29491353050677	15.7130630218298
6436	8.67049521087237	15.7130630218298
6437	2.31378192939679	15.7130630218298
6438	9.88122450101968	-5.30389799172775
6439	9.40661557055468	15.7130630218298
6440	2.15311722002144	-5.30389799172775
6441	1.41268317376875	15.7130630218298
6442	9.39955268545147	15.7130630218298
6443	5.13947219406398	15.7130630218298
6444	9.08499027724131	15.7130630218298
6445	5.36810319444381	15.7130630218298
6446	1.96156831766021	15.7130630218298
6447	8.39846714223112	-5.30389799172775
6448	5.18780636190517	-5.30389799172775
6449	6.50776261402182	15.7130630218298
6450	10.4478676194402	15.7130630218298
6451	4.4694732489229	-5.30389799172775
6452	-0.871306030983109	15.7130630218298
6453	2.30034665122364	-5.30389799172775
6454	2.34588715545427	-5.30389799172775
6455	12.3909498764063	-5.30389799172775
6456	13.9387180330806	-5.30389799172775
6457	0.23706642464464	-5.30389799172775
6458	4.02049231090547	15.7130630218298
6459	10.7951485216016	15.7130630218298
6460	0.233671824257256	-5.30389799172775
6461	4.94907873701757	15.7130630218298
6462	1.83688095080756	-5.30389799172775
6463	4.02100722935262	-5.30389799172775
6464	0.533242306116686	-5.30389799172775
6465	8.37055999542821	15.7130630218298
6466	4.19978810011259	-5.30389799172775
6467	0.11697167428337	-5.30389799172775
6468	7.66056494244898	15.7130630218298
6469	10.1163885197263	-5.30389799172775
6470	4.45354499695112	15.7130630218298
6471	1.2721136596478	-5.30389799172775
6472	-0.433043155965496	15.7130630218298
6473	1.40126937391547	-5.30389799172775
6474	-1.42564467382355	-5.30389799172775
6475	1.09277664001855	-5.30389799172775
6476	0.58298273947091	15.7130630218298
6477	-0.599831042607216	15.7130630218298
6478	0.158479537609441	-5.30389799172775
6479	4.22277918280051	15.7130630218298
6480	0.391714334442204	15.7130630218298
6481	0.33177022213654	-5.30389799172775
6482	7.5173302663086	15.7130630218298
6483	2.69585614553595	-5.30389799172775
6484	-2.37380881558173	-5.30389799172775
6485	6.47047610945289	15.7130630218298
6486	7.73251541197951	-5.30389799172775
6487	9.98290102516725	15.7130630218298
6488	9.31726091151868	-5.30389799172775
6489	5.30332070511052	-5.30389799172775
6490	10.0747615832888	-5.30389799172775
6491	3.82923596449484	-5.30389799172775
6492	11.5969566128186	-5.30389799172775
6493	12.2741860713448	15.7130630218298
6494	1.49729153160628	15.7130630218298
6495	7.15395395372344	15.7130630218298
6496	4.05029911945523	15.7130630218298
6497	-0.109726383816623	-5.30389799172775
6498	-0.553939803402985	-5.30389799172775
6499	-0.226251676677918	15.7130630218298
6500	8.81242485221115	15.7130630218298
6501	8.55632071564338	15.7130630218298
6502	0.175002105410684	-5.30389799172775
6503	1.30168454422251	-5.30389799172775
6504	3.50342881885624	15.7130630218298
6505	8.68840932869351	15.7130630218298
6506	10.0117443452968	-5.30389799172775
6507	11.2590644663253	-5.30389799172775
6508	5.52246623443888	-5.30389799172775
6509	1.11859344544774	15.7130630218298
6510	12.9970950903469	15.7130630218298
6511	1.0340007896917	15.7130630218298
6512	5.8384678084801	15.7130630218298
6513	2.91957960781285	-5.30389799172775
6514	0.0349888098504865	-5.30389799172775
6515	8.9947178895006	-5.30389799172775
6516	6.34460717134618	-5.30389799172775
6517	6.99388021776221	15.7130630218298
6518	9.43567368757619	-5.30389799172775
6519	2.98403160328304	-5.30389799172775
6520	9.61489063798503	15.7130630218298
6521	2.1282747074767	15.7130630218298
6522	7.42181550735181	15.7130630218298
6523	3.63732299504189	-5.30389799172775
6524	8.14695862208917	-5.30389799172775
6525	5.21783591565566	15.7130630218298
6526	3.79803920581527	-5.30389799172775
6527	5.52105325366223	15.7130630218298
6528	6.72285671406426	-5.30389799172775
6529	4.20797677855704	-5.30389799172775
6530	8.91230044113409	15.7130630218298
6531	9.03218425560953	15.7130630218298
6532	8.49667672673218	-5.30389799172775
6533	9.32091834610859	-5.30389799172775
6534	6.9123546798909	15.7130630218298
6535	1.07035984447719	15.7130630218298
6536	6.54460496586534	15.7130630218298
6537	7.73540897138004	15.7130630218298
6538	5.47983669390778	15.7130630218298
6539	1.46692306421476	15.7130630218298
6540	5.3440734357843	15.7130630218298
6541	5.23292947675027	15.7130630218298
6542	12.0460714848872	15.7130630218298
6543	1.62997162363475	-5.30389799172775
6544	2.88644765006361	-5.30389799172775
6545	4.668533833276	15.7130630218298
6546	0.803780709811993	-5.30389799172775
6547	12.6076383930942	-5.30389799172775
6548	5.9359075149856	15.7130630218298
6549	7.42547261116105	-5.30389799172775
6550	-2.9985591613619	15.7130630218298
6551	10.8055576418856	15.7130630218298
6552	8.12978496903149	15.7130630218298
6553	-0.0621291524143852	-5.30389799172775
6554	0.475089487267889	-5.30389799172775
6555	2.05153761369778	15.7130630218298
6556	6.02462503540665	-5.30389799172775
6557	8.74066847700793	15.7130630218298
6558	8.39276821289705	-5.30389799172775
6559	-0.0540511022314258	-5.30389799172775
6560	10.2448781354606	-5.30389799172775
6561	3.19817493684269	-5.30389799172775
6562	-0.475229338323001	15.7130630218298
6563	4.11027026380791	-5.30389799172775
6564	5.69035499382832	15.7130630218298
6565	-1.18604411447534	15.7130630218298
6566	5.09384561388329	-5.30389799172775
6567	8.82429058176307	-5.30389799172775
6568	-2.44773827934238	-5.30389799172775
6569	6.91695793778167	15.7130630218298
6570	0.767720897728969	-5.30389799172775
6571	14.6158719177026	15.7130630218298
6572	1.15683106764185	15.7130630218298
6573	1.38770604247118	15.7130630218298
6574	0.0230024708188306	-5.30389799172775
6575	-0.621341522821964	-5.30389799172775
6576	-0.0667370358522751	15.7130630218298
6577	11.5106223174834	15.7130630218298
6578	10.3809630483758	15.7130630218298
6579	11.8207729573972	15.7130630218298
6580	2.4545735165825	15.7130630218298
6581	-0.553269126895843	-5.30389799172775
6582	9.63762828435777	-5.30389799172775
6583	0.453897148631049	15.7130630218298
6584	2.26581546078627	15.7130630218298
6585	1.12986398833778	15.7130630218298
6586	7.45632988097753	-5.30389799172775
6587	8.15088203201351	15.7130630218298
6588	5.63187883421854	15.7130630218298
6589	0.0479606144664847	15.7130630218298
6590	5.85334177583055	15.7130630218298
6591	7.47175317907716	15.7130630218298
6592	0.94456294939532	-5.30389799172775
6593	8.52163708262522	-5.30389799172775
6594	2.08564079178643	15.7130630218298
6595	0.0115136148397563	-5.30389799172775
6596	7.32992453795833	15.7130630218298
6597	12.8789455866351	-5.30389799172775
6598	-1.0826905038033	15.7130630218298
6599	1.73616109502928	-5.30389799172775
6600	2.98812319560942	15.7130630218298
6601	2.13777704125361	15.7130630218298
6602	0.370577449836003	15.7130630218298
6603	7.16402454575909	-5.30389799172775
6604	3.27689919299469	-5.30389799172775
6605	7.78067610730869	15.7130630218298
6606	-1.62928343012448	-5.30389799172775
6607	1.91628439509508	-5.30389799172775
6608	11.1582838640615	-5.30389799172775
6609	11.150414870694	-5.30389799172775
6610	8.66180901230595	15.7130630218298
6611	9.90929073231001	15.7130630218298
6612	9.15011536979567	15.7130630218298
6613	7.66580506057516	-5.30389799172775
6614	-4.34858158202059	15.7130630218298
6615	6.76808851786802	-5.30389799172775
6616	4.77210484422042	-5.30389799172775
6617	7.49602192084265	-5.30389799172775
6618	5.03162066214857	-5.30389799172775
6619	1.68542638489522	15.7130630218298
6620	5.25455808507939	-5.30389799172775
6621	2.45984371888309	-5.30389799172775
6622	8.10240287198131	15.7130630218298
6623	9.99457053677909	-5.30389799172775
6624	5.90181810027828	15.7130630218298
6625	4.53342840149862	15.7130630218298
6626	-0.00841014455275049	15.7130630218298
6627	6.83559412691964	15.7130630218298
6628	-2.87807712491032	15.7130630218298
6629	-0.766931271538603	-5.30389799172775
6630	1.13053242829008	15.7130630218298
6631	6.65043333581921	15.7130630218298
6632	9.44511717584912	-5.30389799172775
6633	5.38820949799105	-5.30389799172775
6634	7.81299269178465	15.7130630218298
6635	-1.29491353050677	-5.30389799172775
6636	8.67049521087237	-5.30389799172775
6637	2.31378192939679	-5.30389799172775
6638	9.88122450101968	15.7130630218298
6639	9.40661557055468	-5.30389799172775
6640	2.15311722002144	15.7130630218298
6641	1.41268317376875	-5.30389799172775
6642	9.39955268545147	-5.30389799172775
6643	5.13947219406398	-5.30389799172775
6644	9.08499027724131	-5.30389799172775
6645	5.36810319444381	-5.30389799172775
6646	1.96156831766021	-5.30389799172775
6647	8.39846714223112	15.7130630218298
6648	5.18780636190517	15.7130630218298
6649	6.50776261402182	-5.30389799172775
6650	10.4478676194402	-5.30389799172775
6651	4.4694732489229	15.7130630218298
6652	-0.871306030983109	-5.30389799172775
6653	2.30034665122364	15.7130630218298
6654	2.34588715545427	15.7130630218298
6655	12.3909498764063	15.7130630218298
6656	13.9387180330806	15.7130630218298
6657	0.23706642464464	15.7130630218298
6658	4.02049231090547	-5.30389799172775
6659	10.7951485216016	-5.30389799172775
6660	0.233671824257256	15.7130630218298
6661	4.94907873701757	-5.30389799172775
6662	1.83688095080756	15.7130630218298
6663	4.02100722935262	15.7130630218298
6664	0.533242306116686	15.7130630218298
6665	8.37055999542821	-5.30389799172775
6666	4.19978810011259	15.7130630218298
6667	0.11697167428337	15.7130630218298
6668	7.66056494244898	-5.30389799172775
6669	10.1163885197263	15.7130630218298
6670	4.45354499695112	-5.30389799172775
6671	1.2721136596478	15.7130630218298
6672	-0.433043155965496	-5.30389799172775
6673	1.40126937391547	15.7130630218298
6674	-1.42564467382355	15.7130630218298
6675	1.09277664001855	15.7130630218298
6676	0.58298273947091	-5.30389799172775
6677	-0.599831042607216	-5.30389799172775
6678	0.158479537609441	15.7130630218298
6679	4.22277918280051	-5.30389799172775
6680	0.391714334442204	-5.30389799172775
6681	0.33177022213654	15.7130630218298
6682	7.5173302663086	-5.30389799172775
6683	2.69585614553595	15.7130630218298
6684	-2.37380881558173	15.7130630218298
6685	6.47047610945289	-5.30389799172775
6686	7.73251541197951	15.7130630218298
6687	9.98290102516725	-5.30389799172775
6688	9.31726091151868	15.7130630218298
6689	5.30332070511052	15.7130630218298
6690	10.0747615832888	15.7130630218298
6691	3.82923596449484	15.7130630218298
6692	11.5969566128186	15.7130630218298
6693	12.2741860713448	-5.30389799172775
6694	1.49729153160628	-5.30389799172775
6695	7.15395395372344	-5.30389799172775
6696	4.05029911945523	-5.30389799172775
6697	-0.109726383816623	15.7130630218298
6698	-0.553939803402985	15.7130630218298
6699	-0.226251676677918	-5.30389799172775
6700	8.81242485221115	-5.30389799172775
6701	8.55632071564338	-5.30389799172775
6702	0.175002105410684	15.7130630218298
6703	1.30168454422251	15.7130630218298
6704	3.50342881885624	-5.30389799172775
6705	8.68840932869351	-5.30389799172775
6706	10.0117443452968	15.7130630218298
6707	11.2590644663253	15.7130630218298
6708	5.52246623443888	15.7130630218298
6709	1.11859344544774	-5.30389799172775
6710	12.9970950903469	-5.30389799172775
6711	1.0340007896917	-5.30389799172775
6712	5.8384678084801	-5.30389799172775
6713	2.91957960781285	15.7130630218298
6714	0.0349888098504865	15.7130630218298
6715	8.9947178895006	15.7130630218298
6716	6.34460717134618	15.7130630218298
6717	6.99388021776221	-5.30389799172775
6718	9.43567368757619	15.7130630218298
6719	2.98403160328304	15.7130630218298
6720	9.61489063798503	-5.30389799172775
6721	2.1282747074767	-5.30389799172775
6722	7.42181550735181	-5.30389799172775
6723	3.63732299504189	15.7130630218298
6724	8.14695862208917	15.7130630218298
6725	5.21783591565566	-5.30389799172775
6726	3.79803920581527	15.7130630218298
6727	5.52105325366223	-5.30389799172775
6728	6.72285671406426	15.7130630218298
6729	4.20797677855704	15.7130630218298
6730	8.91230044113409	-5.30389799172775
6731	9.03218425560953	-5.30389799172775
6732	8.49667672673218	15.7130630218298
6733	9.32091834610859	15.7130630218298
6734	6.9123546798909	-5.30389799172775
6735	1.07035984447719	-5.30389799172775
6736	6.54460496586534	-5.30389799172775
6737	7.73540897138004	-5.30389799172775
6738	5.47983669390778	-5.30389799172775
6739	1.46692306421476	-5.30389799172775
6740	5.3440734357843	-5.30389799172775
6741	5.23292947675027	-5.30389799172775
6742	12.0460714848872	-5.30389799172775
6743	1.62997162363475	15.7130630218298
6744	2.88644765006361	15.7130630218298
6745	4.668533833276	-5.30389799172775
6746	0.803780709811993	15.7130630218298
6747	12.6076383930942	15.7130630218298
6748	5.9359075149856	-5.30389799172775
6749	7.42547261116105	15.7130630218298
6750	-2.9985591613619	-5.30389799172775
6751	10.8055576418856	-5.30389799172775
6752	8.12978496903149	-5.30389799172775
6753	-0.0621291524143852	15.7130630218298
6754	0.475089487267889	15.7130630218298
6755	2.05153761369778	-5.30389799172775
6756	6.02462503540665	15.7130630218298
6757	8.74066847700793	-5.30389799172775
6758	8.39276821289705	15.7130630218298
6759	-0.0540511022314258	15.7130630218298
6760	10.2448781354606	15.7130630218298
6761	3.19817493684269	15.7130630218298
6762	-0.475229338323001	-5.30389799172775
6763	4.11027026380791	15.7130630218298
6764	5.69035499382832	-5.30389799172775
6765	-1.18604411447534	-5.30389799172775
6766	5.09384561388329	15.7130630218298
6767	8.82429058176307	15.7130630218298
6768	-2.44773827934238	15.7130630218298
6769	6.91695793778167	-5.30389799172775
6770	0.767720897728969	15.7130630218298
6771	14.6158719177026	-5.30389799172775
6772	1.15683106764185	-5.30389799172775
6773	1.38770604247118	-5.30389799172775
6774	0.0230024708188306	15.7130630218298
6775	-0.621341522821964	15.7130630218298
6776	-0.0667370358522751	-5.30389799172775
6777	11.5106223174834	-5.30389799172775
6778	10.3809630483758	-5.30389799172775
6779	11.8207729573972	-5.30389799172775
6780	2.4545735165825	-5.30389799172775
6781	-0.553269126895843	15.7130630218298
6782	9.63762828435777	15.7130630218298
6783	0.453897148631049	-5.30389799172775
6784	2.26581546078627	-5.30389799172775
6785	1.12986398833778	-5.30389799172775
6786	7.45632988097753	15.7130630218298
6787	8.15088203201351	-5.30389799172775
6788	5.63187883421854	-5.30389799172775
6789	0.0479606144664847	-5.30389799172775
6790	5.85334177583055	-5.30389799172775
6791	7.47175317907716	-5.30389799172775
6792	0.94456294939532	15.7130630218298
6793	8.52163708262522	15.7130630218298
6794	2.08564079178643	-5.30389799172775
6795	0.0115136148397563	15.7130630218298
6796	7.32992453795833	-5.30389799172775
6797	12.8789455866351	15.7130630218298
6798	-1.0826905038033	-5.30389799172775
6799	1.73616109502928	15.7130630218298
6800	2.98812319560942	-5.30389799172775
6801	2.13777704125361	-5.30389799172775
6802	0.370577449836003	-5.30389799172775
6803	7.16402454575909	15.7130630218298
6804	3.27689919299469	15.7130630218298
6805	7.78067610730869	-5.30389799172775
6806	-1.62928343012448	15.7130630218298
6807	1.91628439509508	15.7130630218298
6808	11.1582838640615	15.7130630218298
6809	11.150414870694	15.7130630218298
6810	8.66180901230595	-5.30389799172775
6811	9.90929073231001	-5.30389799172775
6812	9.15011536979567	-5.30389799172775
6813	7.66580506057516	15.7130630218298
6814	-4.34858158202059	-5.30389799172775
6815	6.76808851786802	15.7130630218298
6816	4.77210484422042	15.7130630218298
6817	7.49602192084265	15.7130630218298
6818	5.03162066214857	15.7130630218298
6819	1.68542638489522	-5.30389799172775
6820	5.25455808507939	15.7130630218298
6821	2.45984371888309	15.7130630218298
6822	8.10240287198131	-5.30389799172775
6823	9.99457053677909	15.7130630218298
6824	5.90181810027828	-5.30389799172775
6825	4.53342840149862	-5.30389799172775
6826	-0.00841014455275049	-5.30389799172775
6827	6.83559412691964	-5.30389799172775
6828	-2.87807712491032	-5.30389799172775
6829	-0.766931271538603	15.7130630218298
6830	1.13053242829008	-5.30389799172775
6831	6.65043333581921	-5.30389799172775
6832	9.44511717584912	15.7130630218298
6833	5.38820949799105	15.7130630218298
6834	7.81299269178465	-5.30389799172775
6835	-1.29491353050677	15.7130630218298
6836	8.67049521087237	15.7130630218298
6837	2.31378192939679	15.7130630218298
6838	9.88122450101968	-5.30389799172775
6839	9.40661557055468	15.7130630218298
6840	2.15311722002144	-5.30389799172775
6841	1.41268317376875	15.7130630218298
6842	9.39955268545147	15.7130630218298
6843	5.13947219406398	15.7130630218298
6844	9.08499027724131	15.7130630218298
6845	5.36810319444381	15.7130630218298
6846	1.96156831766021	15.7130630218298
6847	8.39846714223112	-5.30389799172775
6848	5.18780636190517	-5.30389799172775
6849	6.50776261402182	15.7130630218298
6850	10.4478676194402	15.7130630218298
6851	4.4694732489229	-5.30389799172775
6852	-0.871306030983109	15.7130630218298
6853	2.30034665122364	-5.30389799172775
6854	2.34588715545427	-5.30389799172775
6855	12.3909498764063	-5.30389799172775
6856	13.9387180330806	-5.30389799172775
6857	0.23706642464464	-5.30389799172775
6858	4.02049231090547	15.7130630218298
6859	10.7951485216016	15.7130630218298
6860	0.233671824257256	-5.30389799172775
6861	4.94907873701757	15.7130630218298
6862	1.83688095080756	-5.30389799172775
6863	4.02100722935262	-5.30389799172775
6864	0.533242306116686	-5.30389799172775
6865	8.37055999542821	15.7130630218298
6866	4.19978810011259	-5.30389799172775
6867	0.11697167428337	-5.30389799172775
6868	7.66056494244898	15.7130630218298
6869	10.1163885197263	-5.30389799172775
6870	4.45354499695112	15.7130630218298
6871	1.2721136596478	-5.30389799172775
6872	-0.433043155965496	15.7130630218298
6873	1.40126937391547	-5.30389799172775
6874	-1.42564467382355	-5.30389799172775
6875	1.09277664001855	-5.30389799172775
6876	0.58298273947091	15.7130630218298
6877	-0.599831042607216	15.7130630218298
6878	0.158479537609441	-5.30389799172775
6879	4.22277918280051	15.7130630218298
6880	0.391714334442204	15.7130630218298
6881	0.33177022213654	-5.30389799172775
6882	7.5173302663086	15.7130630218298
6883	2.69585614553595	-5.30389799172775
6884	-2.37380881558173	-5.30389799172775
6885	6.47047610945289	15.7130630218298
6886	7.73251541197951	-5.30389799172775
6887	9.98290102516725	15.7130630218298
6888	9.31726091151868	-5.30389799172775
6889	5.30332070511052	-5.30389799172775
6890	10.0747615832888	-5.30389799172775
6891	3.82923596449484	-5.30389799172775
6892	11.5969566128186	-5.30389799172775
6893	12.2741860713448	15.7130630218298
6894	1.49729153160628	15.7130630218298
6895	7.15395395372344	15.7130630218298
6896	4.05029911945523	15.7130630218298
6897	-0.109726383816623	-5.30389799172775
6898	-0.553939803402985	-5.30389799172775
6899	-0.226251676677918	15.7130630218298
6900	8.81242485221115	15.7130630218298
6901	8.55632071564338	15.7130630218298
6902	0.175002105410684	-5.30389799172775
6903	1.30168454422251	-5.30389799172775
6904	3.50342881885624	15.7130630218298
6905	8.68840932869351	15.7130630218298
6906	10.0117443452968	-5.30389799172775
6907	11.2590644663253	-5.30389799172775
6908	5.52246623443888	-5.30389799172775
6909	1.11859344544774	15.7130630218298
6910	12.9970950903469	15.7130630218298
6911	1.0340007896917	15.7130630218298
6912	5.8384678084801	15.7130630218298
6913	2.91957960781285	-5.30389799172775
6914	0.0349888098504865	-5.30389799172775
6915	8.9947178895006	-5.30389799172775
6916	6.34460717134618	-5.30389799172775
6917	6.99388021776221	15.7130630218298
6918	9.43567368757619	-5.30389799172775
6919	2.98403160328304	-5.30389799172775
6920	9.61489063798503	15.7130630218298
6921	2.1282747074767	15.7130630218298
6922	7.42181550735181	15.7130630218298
6923	3.63732299504189	-5.30389799172775
6924	8.14695862208917	-5.30389799172775
6925	5.21783591565566	15.7130630218298
6926	3.79803920581527	-5.30389799172775
6927	5.52105325366223	15.7130630218298
6928	6.72285671406426	-5.30389799172775
6929	4.20797677855704	-5.30389799172775
6930	8.91230044113409	15.7130630218298
6931	9.03218425560953	15.7130630218298
6932	8.49667672673218	-5.30389799172775
6933	9.32091834610859	-5.30389799172775
6934	6.9123546798909	15.7130630218298
6935	1.07035984447719	15.7130630218298
6936	6.54460496586534	15.7130630218298
6937	7.73540897138004	15.7130630218298
6938	5.47983669390778	15.7130630218298
6939	1.46692306421476	15.7130630218298
6940	5.3440734357843	15.7130630218298
6941	5.23292947675027	15.7130630218298
6942	12.0460714848872	15.7130630218298
6943	1.62997162363475	-5.30389799172775
6944	2.88644765006361	-5.30389799172775
6945	4.668533833276	15.7130630218298
6946	0.803780709811993	-5.30389799172775
6947	12.6076383930942	-5.30389799172775
6948	5.9359075149856	15.7130630218298
6949	7.42547261116105	-5.30389799172775
6950	-2.9985591613619	15.7130630218298
6951	10.8055576418856	15.7130630218298
6952	8.12978496903149	15.7130630218298
6953	-0.0621291524143852	-5.30389799172775
6954	0.475089487267889	-5.30389799172775
6955	2.05153761369778	15.7130630218298
6956	6.02462503540665	-5.30389799172775
6957	8.74066847700793	15.7130630218298
6958	8.39276821289705	-5.30389799172775
6959	-0.0540511022314258	-5.30389799172775
6960	10.2448781354606	-5.30389799172775
6961	3.19817493684269	-5.30389799172775
6962	-0.475229338323001	15.7130630218298
6963	4.11027026380791	-5.30389799172775
6964	5.69035499382832	15.7130630218298
6965	-1.18604411447534	15.7130630218298
6966	5.09384561388329	-5.30389799172775
6967	8.82429058176307	-5.30389799172775
6968	-2.44773827934238	-5.30389799172775
6969	6.91695793778167	15.7130630218298
6970	0.767720897728969	-5.30389799172775
6971	14.6158719177026	15.7130630218298
6972	1.15683106764185	15.7130630218298
6973	1.38770604247118	15.7130630218298
6974	0.0230024708188306	-5.30389799172775
6975	-0.621341522821964	-5.30389799172775
6976	-0.0667370358522751	15.7130630218298
6977	11.5106223174834	15.7130630218298
6978	10.3809630483758	15.7130630218298
6979	11.8207729573972	15.7130630218298
6980	2.4545735165825	15.7130630218298
6981	-0.553269126895843	-5.30389799172775
6982	9.63762828435777	-5.30389799172775
6983	0.453897148631049	15.7130630218298
6984	2.26581546078627	15.7130630218298
6985	1.12986398833778	15.7130630218298
6986	7.45632988097753	-5.30389799172775
6987	8.15088203201351	15.7130630218298
6988	5.63187883421854	15.7130630218298
6989	0.0479606144664847	15.7130630218298
6990	5.85334177583055	15.7130630218298
6991	7.47175317907716	15.7130630218298
6992	0.94456294939532	-5.30389799172775
6993	8.52163708262522	-5.30389799172775
6994	2.08564079178643	15.7130630218298
6995	0.0115136148397563	-5.30389799172775
6996	7.32992453795833	15.7130630218298
6997	12.8789455866351	-5.30389799172775
6998	-1.0826905038033	15.7130630218298
6999	1.73616109502928	-5.30389799172775
7000	2.98812319560942	15.7130630218298
7001	2.13777704125361	15.7130630218298
7002	0.370577449836003	15.7130630218298
7003	7.16402454575909	-5.30389799172775
7004	3.27689919299469	-5.30389799172775
7005	7.78067610730869	15.7130630218298
7006	-1.62928343012448	-5.30389799172775
7007	1.91628439509508	-5.30389799172775
7008	11.1582838640615	-5.30389799172775
7009	11.150414870694	-5.30389799172775
7010	8.66180901230595	15.7130630218298
7011	9.90929073231001	15.7130630218298
7012	9.15011536979567	15.7130630218298
7013	7.66580506057516	-5.30389799172775
7014	-4.34858158202059	15.7130630218298
7015	6.76808851786802	-5.30389799172775
7016	4.77210484422042	-5.30389799172775
7017	7.49602192084265	-5.30389799172775
7018	5.03162066214857	-5.30389799172775
7019	1.68542638489522	15.7130630218298
7020	5.25455808507939	-5.30389799172775
7021	2.45984371888309	-5.30389799172775
7022	8.10240287198131	15.7130630218298
7023	9.99457053677909	-5.30389799172775
7024	5.90181810027828	15.7130630218298
7025	4.53342840149862	15.7130630218298
7026	-0.00841014455275049	15.7130630218298
7027	6.83559412691964	15.7130630218298
7028	-2.87807712491032	15.7130630218298
7029	-0.766931271538603	-5.30389799172775
7030	1.13053242829008	15.7130630218298
7031	6.65043333581921	15.7130630218298
7032	9.44511717584912	-5.30389799172775
7033	5.38820949799105	-5.30389799172775
7034	7.81299269178465	15.7130630218298
7035	-1.29491353050677	-5.30389799172775
7036	8.67049521087237	-5.30389799172775
7037	2.31378192939679	-5.30389799172775
7038	9.88122450101968	15.7130630218298
7039	9.40661557055468	-5.30389799172775
7040	2.15311722002144	15.7130630218298
7041	1.41268317376875	-5.30389799172775
7042	9.39955268545147	-5.30389799172775
7043	5.13947219406398	-5.30389799172775
7044	9.08499027724131	-5.30389799172775
7045	5.36810319444381	-5.30389799172775
7046	1.96156831766021	-5.30389799172775
7047	8.39846714223112	15.7130630218298
7048	5.18780636190517	15.7130630218298
7049	6.50776261402182	-5.30389799172775
7050	10.4478676194402	-5.30389799172775
7051	4.4694732489229	15.7130630218298
7052	-0.871306030983109	-5.30389799172775
7053	2.30034665122364	15.7130630218298
7054	2.34588715545427	15.7130630218298
7055	12.3909498764063	15.7130630218298
7056	13.9387180330806	15.7130630218298
7057	0.23706642464464	15.7130630218298
7058	4.02049231090547	-5.30389799172775
7059	10.7951485216016	-5.30389799172775
7060	0.233671824257256	15.7130630218298
7061	4.94907873701757	-5.30389799172775
7062	1.83688095080756	15.7130630218298
7063	4.02100722935262	15.7130630218298
7064	0.533242306116686	15.7130630218298
7065	8.37055999542821	-5.30389799172775
7066	4.19978810011259	15.7130630218298
7067	0.11697167428337	15.7130630218298
7068	7.66056494244898	-5.30389799172775
7069	10.1163885197263	15.7130630218298
7070	4.45354499695112	-5.30389799172775
7071	1.2721136596478	15.7130630218298
7072	-0.433043155965496	-5.30389799172775
7073	1.40126937391547	15.7130630218298
7074	-1.42564467382355	15.7130630218298
7075	1.09277664001855	15.7130630218298
7076	0.58298273947091	-5.30389799172775
7077	-0.599831042607216	-5.30389799172775
7078	0.158479537609441	15.7130630218298
7079	4.22277918280051	-5.30389799172775
7080	0.391714334442204	-5.30389799172775
7081	0.33177022213654	15.7130630218298
7082	7.5173302663086	-5.30389799172775
7083	2.69585614553595	15.7130630218298
7084	-2.37380881558173	15.7130630218298
7085	6.47047610945289	-5.30389799172775
7086	7.73251541197951	15.7130630218298
7087	9.98290102516725	-5.30389799172775
7088	9.31726091151868	15.7130630218298
7089	5.30332070511052	15.7130630218298
7090	10.0747615832888	15.7130630218298
7091	3.82923596449484	15.7130630218298
7092	11.5969566128186	15.7130630218298
7093	12.2741860713448	-5.30389799172775
7094	1.49729153160628	-5.30389799172775
7095	7.15395395372344	-5.30389799172775
7096	4.05029911945523	-5.30389799172775
7097	-0.109726383816623	15.7130630218298
7098	-0.553939803402985	15.7130630218298
7099	-0.226251676677918	-5.30389799172775
7100	8.81242485221115	-5.30389799172775
7101	8.55632071564338	-5.30389799172775
7102	0.175002105410684	15.7130630218298
7103	1.30168454422251	15.7130630218298
7104	3.50342881885624	-5.30389799172775
7105	8.68840932869351	-5.30389799172775
7106	10.0117443452968	15.7130630218298
7107	11.2590644663253	15.7130630218298
7108	5.52246623443888	15.7130630218298
7109	1.11859344544774	-5.30389799172775
7110	12.9970950903469	-5.30389799172775
7111	1.0340007896917	-5.30389799172775
7112	5.8384678084801	-5.30389799172775
7113	2.91957960781285	15.7130630218298
7114	0.0349888098504865	15.7130630218298
7115	8.9947178895006	15.7130630218298
7116	6.34460717134618	15.7130630218298
7117	6.99388021776221	-5.30389799172775
7118	9.43567368757619	15.7130630218298
7119	2.98403160328304	15.7130630218298
7120	9.61489063798503	-5.30389799172775
7121	2.1282747074767	-5.30389799172775
7122	7.42181550735181	-5.30389799172775
7123	3.63732299504189	15.7130630218298
7124	8.14695862208917	15.7130630218298
7125	5.21783591565566	-5.30389799172775
7126	3.79803920581527	15.7130630218298
7127	5.52105325366223	-5.30389799172775
7128	6.72285671406426	15.7130630218298
7129	4.20797677855704	15.7130630218298
7130	8.91230044113409	-5.30389799172775
7131	9.03218425560953	-5.30389799172775
7132	8.49667672673218	15.7130630218298
7133	9.32091834610859	15.7130630218298
7134	6.9123546798909	-5.30389799172775
7135	1.07035984447719	-5.30389799172775
7136	6.54460496586534	-5.30389799172775
7137	7.73540897138004	-5.30389799172775
7138	5.47983669390778	-5.30389799172775
7139	1.46692306421476	-5.30389799172775
7140	5.3440734357843	-5.30389799172775
7141	5.23292947675027	-5.30389799172775
7142	12.0460714848872	-5.30389799172775
7143	1.62997162363475	15.7130630218298
7144	2.88644765006361	15.7130630218298
7145	4.668533833276	-5.30389799172775
7146	0.803780709811993	15.7130630218298
7147	12.6076383930942	15.7130630218298
7148	5.9359075149856	-5.30389799172775
7149	7.42547261116105	15.7130630218298
7150	-2.9985591613619	-5.30389799172775
7151	10.8055576418856	-5.30389799172775
7152	8.12978496903149	-5.30389799172775
7153	-0.0621291524143852	15.7130630218298
7154	0.475089487267889	15.7130630218298
7155	2.05153761369778	-5.30389799172775
7156	6.02462503540665	15.7130630218298
7157	8.74066847700793	-5.30389799172775
7158	8.39276821289705	15.7130630218298
7159	-0.0540511022314258	15.7130630218298
7160	10.2448781354606	15.7130630218298
7161	3.19817493684269	15.7130630218298
7162	-0.475229338323001	-5.30389799172775
7163	4.11027026380791	15.7130630218298
7164	5.69035499382832	-5.30389799172775
7165	-1.18604411447534	-5.30389799172775
7166	5.09384561388329	15.7130630218298
7167	8.82429058176307	15.7130630218298
7168	-2.44773827934238	15.7130630218298
7169	6.91695793778167	-5.30389799172775
7170	0.767720897728969	15.7130630218298
7171	14.6158719177026	-5.30389799172775
7172	1.15683106764185	-5.30389799172775
7173	1.38770604247118	-5.30389799172775
7174	0.0230024708188306	15.7130630218298
7175	-0.621341522821964	15.7130630218298
7176	-0.0667370358522751	-5.30389799172775
7177	11.5106223174834	-5.30389799172775
7178	10.3809630483758	-5.30389799172775
7179	11.8207729573972	-5.30389799172775
7180	2.4545735165825	-5.30389799172775
7181	-0.553269126895843	15.7130630218298
7182	9.63762828435777	15.7130630218298
7183	0.453897148631049	-5.30389799172775
7184	2.26581546078627	-5.30389799172775
7185	1.12986398833778	-5.30389799172775
7186	7.45632988097753	15.7130630218298
7187	8.15088203201351	-5.30389799172775
7188	5.63187883421854	-5.30389799172775
7189	0.0479606144664847	-5.30389799172775
7190	5.85334177583055	-5.30389799172775
7191	7.47175317907716	-5.30389799172775
7192	0.94456294939532	15.7130630218298
7193	8.52163708262522	15.7130630218298
7194	2.08564079178643	-5.30389799172775
7195	0.0115136148397563	15.7130630218298
7196	7.32992453795833	-5.30389799172775
7197	12.8789455866351	15.7130630218298
7198	-1.0826905038033	-5.30389799172775
7199	1.73616109502928	15.7130630218298
7200	2.98812319560942	-5.30389799172775
7201	2.13777704125361	-5.30389799172775
7202	0.370577449836003	-5.30389799172775
7203	7.16402454575909	15.7130630218298
7204	3.27689919299469	15.7130630218298
7205	7.78067610730869	-5.30389799172775
7206	-1.62928343012448	15.7130630218298
7207	1.91628439509508	15.7130630218298
7208	11.1582838640615	15.7130630218298
7209	11.150414870694	15.7130630218298
7210	8.66180901230595	-5.30389799172775
7211	9.90929073231001	-5.30389799172775
7212	9.15011536979567	-5.30389799172775
7213	7.66580506057516	15.7130630218298
7214	-4.34858158202059	-5.30389799172775
7215	6.76808851786802	15.7130630218298
7216	4.77210484422042	15.7130630218298
7217	7.49602192084265	15.7130630218298
7218	5.03162066214857	15.7130630218298
7219	1.68542638489522	-5.30389799172775
7220	5.25455808507939	15.7130630218298
7221	2.45984371888309	15.7130630218298
7222	8.10240287198131	-5.30389799172775
7223	9.99457053677909	15.7130630218298
7224	5.90181810027828	-5.30389799172775
7225	4.53342840149862	-5.30389799172775
7226	-0.00841014455275049	-5.30389799172775
7227	6.83559412691964	-5.30389799172775
7228	-2.87807712491032	-5.30389799172775
7229	-0.766931271538603	15.7130630218298
7230	1.13053242829008	-5.30389799172775
7231	6.65043333581921	-5.30389799172775
7232	9.44511717584912	15.7130630218298
7233	5.38820949799105	15.7130630218298
7234	7.81299269178465	-5.30389799172775
7235	-1.29491353050677	15.7130630218298
7236	8.67049521087237	15.7130630218298
7237	2.31378192939679	15.7130630218298
7238	9.88122450101968	-5.30389799172775
7239	9.40661557055468	15.7130630218298
7240	2.15311722002144	-5.30389799172775
7241	1.41268317376875	15.7130630218298
7242	9.39955268545147	15.7130630218298
7243	5.13947219406398	15.7130630218298
7244	9.08499027724131	15.7130630218298
7245	5.36810319444381	15.7130630218298
7246	1.96156831766021	15.7130630218298
7247	8.39846714223112	-5.30389799172775
7248	5.18780636190517	-5.30389799172775
7249	6.50776261402182	15.7130630218298
7250	10.4478676194402	15.7130630218298
7251	4.4694732489229	-5.30389799172775
7252	-0.871306030983109	15.7130630218298
7253	2.30034665122364	-5.30389799172775
7254	2.34588715545427	-5.30389799172775
7255	12.3909498764063	-5.30389799172775
7256	13.9387180330806	-5.30389799172775
7257	0.23706642464464	-5.30389799172775
7258	4.02049231090547	15.7130630218298
7259	10.7951485216016	15.7130630218298
7260	0.233671824257256	-5.30389799172775
7261	4.94907873701757	15.7130630218298
7262	1.83688095080756	-5.30389799172775
7263	4.02100722935262	-5.30389799172775
7264	0.533242306116686	-5.30389799172775
7265	8.37055999542821	15.7130630218298
7266	4.19978810011259	-5.30389799172775
7267	0.11697167428337	-5.30389799172775
7268	7.66056494244898	15.7130630218298
7269	10.1163885197263	-5.30389799172775
7270	4.45354499695112	15.7130630218298
7271	1.2721136596478	-5.30389799172775
7272	-0.433043155965496	15.7130630218298
7273	1.40126937391547	-5.30389799172775
7274	-1.42564467382355	-5.30389799172775
7275	1.09277664001855	-5.30389799172775
7276	0.58298273947091	15.7130630218298
7277	-0.599831042607216	15.7130630218298
7278	0.158479537609441	-5.30389799172775
7279	4.22277918280051	15.7130630218298
7280	0.391714334442204	15.7130630218298
7281	0.33177022213654	-5.30389799172775
7282	7.5173302663086	15.7130630218298
7283	2.69585614553595	-5.30389799172775
7284	-2.37380881558173	-5.30389799172775
7285	6.47047610945289	15.7130630218298
7286	7.73251541197951	-5.30389799172775
7287	9.98290102516725	15.7130630218298
7288	9.31726091151868	-5.30389799172775
7289	5.30332070511052	-5.30389799172775
7290	10.0747615832888	-5.30389799172775
7291	3.82923596449484	-5.30389799172775
7292	11.5969566128186	-5.30389799172775
7293	12.2741860713448	15.7130630218298
7294	1.49729153160628	15.7130630218298
7295	7.15395395372344	15.7130630218298
7296	4.05029911945523	15.7130630218298
7297	-0.109726383816623	-5.30389799172775
7298	-0.553939803402985	-5.30389799172775
7299	-0.226251676677918	15.7130630218298
7300	8.81242485221115	15.7130630218298
7301	8.55632071564338	15.7130630218298
7302	0.175002105410684	-5.30389799172775
7303	1.30168454422251	-5.30389799172775
7304	3.50342881885624	15.7130630218298
7305	8.68840932869351	15.7130630218298
7306	10.0117443452968	-5.30389799172775
7307	11.2590644663253	-5.30389799172775
7308	5.52246623443888	-5.30389799172775
7309	1.11859344544774	15.7130630218298
7310	12.9970950903469	15.7130630218298
7311	1.0340007896917	15.7130630218298
7312	5.8384678084801	15.7130630218298
7313	2.91957960781285	-5.30389799172775
7314	0.0349888098504865	-5.30389799172775
7315	8.9947178895006	-5.30389799172775
7316	6.34460717134618	-5.30389799172775
7317	6.99388021776221	15.7130630218298
7318	9.43567368757619	-5.30389799172775
7319	2.98403160328304	-5.30389799172775
7320	9.61489063798503	15.7130630218298
7321	2.1282747074767	15.7130630218298
7322	7.42181550735181	15.7130630218298
7323	3.63732299504189	-5.30389799172775
7324	8.14695862208917	-5.30389799172775
7325	5.21783591565566	15.7130630218298
7326	3.79803920581527	-5.30389799172775
7327	5.52105325366223	15.7130630218298
7328	6.72285671406426	-5.30389799172775
7329	4.20797677855704	-5.30389799172775
7330	8.91230044113409	15.7130630218298
7331	9.03218425560953	15.7130630218298
7332	8.49667672673218	-5.30389799172775
7333	9.32091834610859	-5.30389799172775
7334	6.9123546798909	15.7130630218298
7335	1.07035984447719	15.7130630218298
7336	6.54460496586534	15.7130630218298
7337	7.73540897138004	15.7130630218298
7338	5.47983669390778	15.7130630218298
7339	1.46692306421476	15.7130630218298
7340	5.3440734357843	15.7130630218298
7341	5.23292947675027	15.7130630218298
7342	12.0460714848872	15.7130630218298
7343	1.62997162363475	-5.30389799172775
7344	2.88644765006361	-5.30389799172775
7345	4.668533833276	15.7130630218298
7346	0.803780709811993	-5.30389799172775
7347	12.6076383930942	-5.30389799172775
7348	5.9359075149856	15.7130630218298
7349	7.42547261116105	-5.30389799172775
7350	-2.9985591613619	15.7130630218298
7351	10.8055576418856	15.7130630218298
7352	8.12978496903149	15.7130630218298
7353	-0.0621291524143852	-5.30389799172775
7354	0.475089487267889	-5.30389799172775
7355	2.05153761369778	15.7130630218298
7356	6.02462503540665	-5.30389799172775
7357	8.74066847700793	15.7130630218298
7358	8.39276821289705	-5.30389799172775
7359	-0.0540511022314258	-5.30389799172775
7360	10.2448781354606	-5.30389799172775
7361	3.19817493684269	-5.30389799172775
7362	-0.475229338323001	15.7130630218298
7363	4.11027026380791	-5.30389799172775
7364	5.69035499382832	15.7130630218298
7365	-1.18604411447534	15.7130630218298
7366	5.09384561388329	-5.30389799172775
7367	8.82429058176307	-5.30389799172775
7368	-2.44773827934238	-5.30389799172775
7369	6.91695793778167	15.7130630218298
7370	0.767720897728969	-5.30389799172775
7371	14.6158719177026	15.7130630218298
7372	1.15683106764185	15.7130630218298
7373	1.38770604247118	15.7130630218298
7374	0.0230024708188306	-5.30389799172775
7375	-0.621341522821964	-5.30389799172775
7376	-0.0667370358522751	15.7130630218298
7377	11.5106223174834	15.7130630218298
7378	10.3809630483758	15.7130630218298
7379	11.8207729573972	15.7130630218298
7380	2.4545735165825	15.7130630218298
7381	-0.553269126895843	-5.30389799172775
7382	9.63762828435777	-5.30389799172775
7383	0.453897148631049	15.7130630218298
7384	2.26581546078627	15.7130630218298
7385	1.12986398833778	15.7130630218298
7386	7.45632988097753	-5.30389799172775
7387	8.15088203201351	15.7130630218298
7388	5.63187883421854	15.7130630218298
7389	0.0479606144664847	15.7130630218298
7390	5.85334177583055	15.7130630218298
7391	7.47175317907716	15.7130630218298
7392	0.94456294939532	-5.30389799172775
7393	8.52163708262522	-5.30389799172775
7394	2.08564079178643	15.7130630218298
7395	0.0115136148397563	-5.30389799172775
7396	7.32992453795833	15.7130630218298
7397	12.8789455866351	-5.30389799172775
7398	-1.0826905038033	15.7130630218298
7399	1.73616109502928	-5.30389799172775
7400	2.98812319560942	15.7130630218298
7401	2.13777704125361	15.7130630218298
7402	0.370577449836003	15.7130630218298
7403	7.16402454575909	-5.30389799172775
7404	3.27689919299469	-5.30389799172775
7405	7.78067610730869	15.7130630218298
7406	-1.62928343012448	-5.30389799172775
7407	1.91628439509508	-5.30389799172775
7408	11.1582838640615	-5.30389799172775
7409	11.150414870694	-5.30389799172775
7410	8.66180901230595	15.7130630218298
7411	9.90929073231001	15.7130630218298
7412	9.15011536979567	15.7130630218298
7413	7.66580506057516	-5.30389799172775
7414	-4.34858158202059	15.7130630218298
7415	6.76808851786802	-5.30389799172775
7416	4.77210484422042	-5.30389799172775
7417	7.49602192084265	-5.30389799172775
7418	5.03162066214857	-5.30389799172775
7419	1.68542638489522	15.7130630218298
7420	5.25455808507939	-5.30389799172775
7421	2.45984371888309	-5.30389799172775
7422	8.10240287198131	15.7130630218298
7423	9.99457053677909	-5.30389799172775
7424	5.90181810027828	15.7130630218298
7425	4.53342840149862	15.7130630218298
7426	-0.00841014455275049	15.7130630218298
7427	6.83559412691964	15.7130630218298
7428	-2.87807712491032	15.7130630218298
7429	-0.766931271538603	-5.30389799172775
7430	1.13053242829008	15.7130630218298
7431	6.65043333581921	15.7130630218298
7432	9.44511717584912	-5.30389799172775
7433	5.38820949799105	-5.30389799172775
7434	7.81299269178465	15.7130630218298
7435	-1.29491353050677	-5.30389799172775
7436	8.67049521087237	-5.30389799172775
7437	2.31378192939679	-5.30389799172775
7438	9.88122450101968	15.7130630218298
7439	9.40661557055468	-5.30389799172775
7440	2.15311722002144	15.7130630218298
7441	1.41268317376875	-5.30389799172775
7442	9.39955268545147	-5.30389799172775
7443	5.13947219406398	-5.30389799172775
7444	9.08499027724131	-5.30389799172775
7445	5.36810319444381	-5.30389799172775
7446	1.96156831766021	-5.30389799172775
7447	8.39846714223112	15.7130630218298
7448	5.18780636190517	15.7130630218298
7449	6.50776261402182	-5.30389799172775
7450	10.4478676194402	-5.30389799172775
7451	4.4694732489229	15.7130630218298
7452	-0.871306030983109	-5.30389799172775
7453	2.30034665122364	15.7130630218298
7454	2.34588715545427	15.7130630218298
7455	12.3909498764063	15.7130630218298
7456	13.9387180330806	15.7130630218298
7457	0.23706642464464	15.7130630218298
7458	4.02049231090547	-5.30389799172775
7459	10.7951485216016	-5.30389799172775
7460	0.233671824257256	15.7130630218298
7461	4.94907873701757	-5.30389799172775
7462	1.83688095080756	15.7130630218298
7463	4.02100722935262	15.7130630218298
7464	0.533242306116686	15.7130630218298
7465	8.37055999542821	-5.30389799172775
7466	4.19978810011259	15.7130630218298
7467	0.11697167428337	15.7130630218298
7468	7.66056494244898	-5.30389799172775
7469	10.1163885197263	15.7130630218298
7470	4.45354499695112	-5.30389799172775
7471	1.2721136596478	15.7130630218298
7472	-0.433043155965496	-5.30389799172775
7473	1.40126937391547	15.7130630218298
7474	-1.42564467382355	15.7130630218298
7475	1.09277664001855	15.7130630218298
7476	0.58298273947091	-5.30389799172775
7477	-0.599831042607216	-5.30389799172775
7478	0.158479537609441	15.7130630218298
7479	4.22277918280051	-5.30389799172775
7480	0.391714334442204	-5.30389799172775
7481	0.33177022213654	15.7130630218298
7482	7.5173302663086	-5.30389799172775
7483	2.69585614553595	15.7130630218298
7484	-2.37380881558173	15.7130630218298
7485	6.47047610945289	-5.30389799172775
7486	7.73251541197951	15.7130630218298
7487	9.98290102516725	-5.30389799172775
7488	9.31726091151868	15.7130630218298
7489	5.30332070511052	15.7130630218298
7490	10.0747615832888	15.7130630218298
7491	3.82923596449484	15.7130630218298
7492	11.5969566128186	15.7130630218298
7493	12.2741860713448	-5.30389799172775
7494	1.49729153160628	-5.30389799172775
7495	7.15395395372344	-5.30389799172775
7496	4.05029911945523	-5.30389799172775
7497	-0.109726383816623	15.7130630218298
7498	-0.553939803402985	15.7130630218298
7499	-0.226251676677918	-5.30389799172775
7500	8.81242485221115	-5.30389799172775
7501	8.55632071564338	-5.30389799172775
7502	0.175002105410684	15.7130630218298
7503	1.30168454422251	15.7130630218298
7504	3.50342881885624	-5.30389799172775
7505	8.68840932869351	-5.30389799172775
7506	10.0117443452968	15.7130630218298
7507	11.2590644663253	15.7130630218298
7508	5.52246623443888	15.7130630218298
7509	1.11859344544774	-5.30389799172775
7510	12.9970950903469	-5.30389799172775
7511	1.0340007896917	-5.30389799172775
7512	5.8384678084801	-5.30389799172775
7513	2.91957960781285	15.7130630218298
7514	0.0349888098504865	15.7130630218298
7515	8.9947178895006	15.7130630218298
7516	6.34460717134618	15.7130630218298
7517	6.99388021776221	-5.30389799172775
7518	9.43567368757619	15.7130630218298
7519	2.98403160328304	15.7130630218298
7520	9.61489063798503	-5.30389799172775
7521	2.1282747074767	-5.30389799172775
7522	7.42181550735181	-5.30389799172775
7523	3.63732299504189	15.7130630218298
7524	8.14695862208917	15.7130630218298
7525	5.21783591565566	-5.30389799172775
7526	3.79803920581527	15.7130630218298
7527	5.52105325366223	-5.30389799172775
7528	6.72285671406426	15.7130630218298
7529	4.20797677855704	15.7130630218298
7530	8.91230044113409	-5.30389799172775
7531	9.03218425560953	-5.30389799172775
7532	8.49667672673218	15.7130630218298
7533	9.32091834610859	15.7130630218298
7534	6.9123546798909	-5.30389799172775
7535	1.07035984447719	-5.30389799172775
7536	6.54460496586534	-5.30389799172775
7537	7.73540897138004	-5.30389799172775
7538	5.47983669390778	-5.30389799172775
7539	1.46692306421476	-5.30389799172775
7540	5.3440734357843	-5.30389799172775
7541	5.23292947675027	-5.30389799172775
7542	12.0460714848872	-5.30389799172775
7543	1.62997162363475	15.7130630218298
7544	2.88644765006361	15.7130630218298
7545	4.668533833276	-5.30389799172775
7546	0.803780709811993	15.7130630218298
7547	12.6076383930942	15.7130630218298
7548	5.9359075149856	-5.30389799172775
7549	7.42547261116105	15.7130630218298
7550	-2.9985591613619	-5.30389799172775
7551	10.8055576418856	-5.30389799172775
7552	8.12978496903149	-5.30389799172775
7553	-0.0621291524143852	15.7130630218298
7554	0.475089487267889	15.7130630218298
7555	2.05153761369778	-5.30389799172775
7556	6.02462503540665	15.7130630218298
7557	8.74066847700793	-5.30389799172775
7558	8.39276821289705	15.7130630218298
7559	-0.0540511022314258	15.7130630218298
7560	10.2448781354606	15.7130630218298
7561	3.19817493684269	15.7130630218298
7562	-0.475229338323001	-5.30389799172775
7563	4.11027026380791	15.7130630218298
7564	5.69035499382832	-5.30389799172775
7565	-1.18604411447534	-5.30389799172775
7566	5.09384561388329	15.7130630218298
7567	8.82429058176307	15.7130630218298
7568	-2.44773827934238	15.7130630218298
7569	6.91695793778167	-5.30389799172775
7570	0.767720897728969	15.7130630218298
7571	14.6158719177026	-5.30389799172775
7572	1.15683106764185	-5.30389799172775
7573	1.38770604247118	-5.30389799172775
7574	0.0230024708188306	15.7130630218298
7575	-0.621341522821964	15.7130630218298
7576	-0.0667370358522751	-5.30389799172775
7577	11.5106223174834	-5.30389799172775
7578	10.3809630483758	-5.30389799172775
7579	11.8207729573972	-5.30389799172775
7580	2.4545735165825	-5.30389799172775
7581	-0.553269126895843	15.7130630218298
7582	9.63762828435777	15.7130630218298
7583	0.453897148631049	-5.30389799172775
7584	2.26581546078627	-5.30389799172775
7585	1.12986398833778	-5.30389799172775
7586	7.45632988097753	15.7130630218298
7587	8.15088203201351	-5.30389799172775
7588	5.63187883421854	-5.30389799172775
7589	0.0479606144664847	-5.30389799172775
7590	5.85334177583055	-5.30389799172775
7591	7.47175317907716	-5.30389799172775
7592	0.94456294939532	15.7130630218298
7593	8.52163708262522	15.7130630218298
7594	2.08564079178643	-5.30389799172775
7595	0.0115136148397563	15.7130630218298
7596	7.32992453795833	-5.30389799172775
7597	12.8789455866351	15.7130630218298
7598	-1.0826905038033	-5.30389799172775
7599	1.73616109502928	15.7130630218298
7600	2.98812319560942	-5.30389799172775
7601	2.13777704125361	-5.30389799172775
7602	0.370577449836003	-5.30389799172775
7603	7.16402454575909	15.7130630218298
7604	3.27689919299469	15.7130630218298
7605	7.78067610730869	-5.30389799172775
7606	-1.62928343012448	15.7130630218298
7607	1.91628439509508	15.7130630218298
7608	11.1582838640615	15.7130630218298
7609	11.150414870694	15.7130630218298
7610	8.66180901230595	-5.30389799172775
7611	9.90929073231001	-5.30389799172775
7612	9.15011536979567	-5.30389799172775
7613	7.66580506057516	15.7130630218298
7614	-4.34858158202059	-5.30389799172775
7615	6.76808851786802	15.7130630218298
7616	4.77210484422042	15.7130630218298
7617	7.49602192084265	15.7130630218298
7618	5.03162066214857	15.7130630218298
7619	1.68542638489522	-5.30389799172775
7620	5.25455808507939	15.7130630218298
7621	2.45984371888309	15.7130630218298
7622	8.10240287198131	-5.30389799172775
7623	9.99457053677909	15.7130630218298
7624	5.90181810027828	-5.30389799172775
7625	4.53342840149862	-5.30389799172775
7626	-0.00841014455275049	-5.30389799172775
7627	6.83559412691964	-5.30389799172775
7628	-2.87807712491032	-5.30389799172775
7629	-0.766931271538603	15.7130630218298
7630	1.13053242829008	-5.30389799172775
7631	6.65043333581921	-5.30389799172775
7632	9.44511717584912	15.7130630218298
7633	5.38820949799105	15.7130630218298
7634	7.81299269178465	-5.30389799172775
7635	-1.29491353050677	15.7130630218298
7636	8.67049521087237	15.7130630218298
7637	2.31378192939679	15.7130630218298
7638	9.88122450101968	-5.30389799172775
7639	9.40661557055468	15.7130630218298
7640	2.15311722002144	-5.30389799172775
7641	1.41268317376875	15.7130630218298
7642	9.39955268545147	15.7130630218298
7643	5.13947219406398	15.7130630218298
7644	9.08499027724131	15.7130630218298
7645	5.36810319444381	15.7130630218298
7646	1.96156831766021	15.7130630218298
7647	8.39846714223112	-5.30389799172775
7648	5.18780636190517	-5.30389799172775
7649	6.50776261402182	15.7130630218298
7650	10.4478676194402	15.7130630218298
7651	4.4694732489229	-5.30389799172775
7652	-0.871306030983109	15.7130630218298
7653	2.30034665122364	-5.30389799172775
7654	2.34588715545427	-5.30389799172775
7655	12.3909498764063	-5.30389799172775
7656	13.9387180330806	-5.30389799172775
7657	0.23706642464464	-5.30389799172775
7658	4.02049231090547	15.7130630218298
7659	10.7951485216016	15.7130630218298
7660	0.233671824257256	-5.30389799172775
7661	4.94907873701757	15.7130630218298
7662	1.83688095080756	-5.30389799172775
7663	4.02100722935262	-5.30389799172775
7664	0.533242306116686	-5.30389799172775
7665	8.37055999542821	15.7130630218298
7666	4.19978810011259	-5.30389799172775
7667	0.11697167428337	-5.30389799172775
7668	7.66056494244898	15.7130630218298
7669	10.1163885197263	-5.30389799172775
7670	4.45354499695112	15.7130630218298
7671	1.2721136596478	-5.30389799172775
7672	-0.433043155965496	15.7130630218298
7673	1.40126937391547	-5.30389799172775
7674	-1.42564467382355	-5.30389799172775
7675	1.09277664001855	-5.30389799172775
7676	0.58298273947091	15.7130630218298
7677	-0.599831042607216	15.7130630218298
7678	0.158479537609441	-5.30389799172775
7679	4.22277918280051	15.7130630218298
7680	0.391714334442204	15.7130630218298
7681	0.33177022213654	-5.30389799172775
7682	7.5173302663086	15.7130630218298
7683	2.69585614553595	-5.30389799172775
7684	-2.37380881558173	-5.30389799172775
7685	6.47047610945289	15.7130630218298
7686	7.73251541197951	-5.30389799172775
7687	9.98290102516725	15.7130630218298
7688	9.31726091151868	-5.30389799172775
7689	5.30332070511052	-5.30389799172775
7690	10.0747615832888	-5.30389799172775
7691	3.82923596449484	-5.30389799172775
7692	11.5969566128186	-5.30389799172775
7693	12.2741860713448	15.7130630218298
7694	1.49729153160628	15.7130630218298
7695	7.15395395372344	15.7130630218298
7696	4.05029911945523	15.7130630218298
7697	-0.109726383816623	-5.30389799172775
7698	-0.553939803402985	-5.30389799172775
7699	-0.226251676677918	15.7130630218298
7700	8.81242485221115	15.7130630218298
7701	8.55632071564338	15.7130630218298
7702	0.175002105410684	-5.30389799172775
7703	1.30168454422251	-5.30389799172775
7704	3.50342881885624	15.7130630218298
7705	8.68840932869351	15.7130630218298
7706	10.0117443452968	-5.30389799172775
7707	11.2590644663253	-5.30389799172775
7708	5.52246623443888	-5.30389799172775
7709	1.11859344544774	15.7130630218298
7710	12.9970950903469	15.7130630218298
7711	1.0340007896917	15.7130630218298
7712	5.8384678084801	15.7130630218298
7713	2.91957960781285	-5.30389799172775
7714	0.0349888098504865	-5.30389799172775
7715	8.9947178895006	-5.30389799172775
7716	6.34460717134618	-5.30389799172775
7717	6.99388021776221	15.7130630218298
7718	9.43567368757619	-5.30389799172775
7719	2.98403160328304	-5.30389799172775
7720	9.61489063798503	15.7130630218298
7721	2.1282747074767	15.7130630218298
7722	7.42181550735181	15.7130630218298
7723	3.63732299504189	-5.30389799172775
7724	8.14695862208917	-5.30389799172775
7725	5.21783591565566	15.7130630218298
7726	3.79803920581527	-5.30389799172775
7727	5.52105325366223	15.7130630218298
7728	6.72285671406426	-5.30389799172775
7729	4.20797677855704	-5.30389799172775
7730	8.91230044113409	15.7130630218298
7731	9.03218425560953	15.7130630218298
7732	8.49667672673218	-5.30389799172775
7733	9.32091834610859	-5.30389799172775
7734	6.9123546798909	15.7130630218298
7735	1.07035984447719	15.7130630218298
7736	6.54460496586534	15.7130630218298
7737	7.73540897138004	15.7130630218298
7738	5.47983669390778	15.7130630218298
7739	1.46692306421476	15.7130630218298
7740	5.3440734357843	15.7130630218298
7741	5.23292947675027	15.7130630218298
7742	12.0460714848872	15.7130630218298
7743	1.62997162363475	-5.30389799172775
7744	2.88644765006361	-5.30389799172775
7745	4.668533833276	15.7130630218298
7746	0.803780709811993	-5.30389799172775
7747	12.6076383930942	-5.30389799172775
7748	5.9359075149856	15.7130630218298
7749	7.42547261116105	-5.30389799172775
7750	-2.9985591613619	15.7130630218298
7751	10.8055576418856	15.7130630218298
7752	8.12978496903149	15.7130630218298
7753	-0.0621291524143852	-5.30389799172775
7754	0.475089487267889	-5.30389799172775
7755	2.05153761369778	15.7130630218298
7756	6.02462503540665	-5.30389799172775
7757	8.74066847700793	15.7130630218298
7758	8.39276821289705	-5.30389799172775
7759	-0.0540511022314258	-5.30389799172775
7760	10.2448781354606	-5.30389799172775
7761	3.19817493684269	-5.30389799172775
7762	-0.475229338323001	15.7130630218298
7763	4.11027026380791	-5.30389799172775
7764	5.69035499382832	15.7130630218298
7765	-1.18604411447534	15.7130630218298
7766	5.09384561388329	-5.30389799172775
7767	8.82429058176307	-5.30389799172775
7768	-2.44773827934238	-5.30389799172775
7769	6.91695793778167	15.7130630218298
7770	0.767720897728969	-5.30389799172775
7771	14.6158719177026	15.7130630218298
7772	1.15683106764185	15.7130630218298
7773	1.38770604247118	15.7130630218298
7774	0.0230024708188306	-5.30389799172775
7775	-0.621341522821964	-5.30389799172775
7776	-0.0667370358522751	15.7130630218298
7777	11.5106223174834	15.7130630218298
7778	10.3809630483758	15.7130630218298
7779	11.8207729573972	15.7130630218298
7780	2.4545735165825	15.7130630218298
7781	-0.553269126895843	-5.30389799172775
7782	9.63762828435777	-5.30389799172775
7783	0.453897148631049	15.7130630218298
7784	2.26581546078627	15.7130630218298
7785	1.12986398833778	15.7130630218298
7786	7.45632988097753	-5.30389799172775
7787	8.15088203201351	15.7130630218298
7788	5.63187883421854	15.7130630218298
7789	0.0479606144664847	15.7130630218298
7790	5.85334177583055	15.7130630218298
7791	7.47175317907716	15.7130630218298
7792	0.94456294939532	-5.30389799172775
7793	8.52163708262522	-5.30389799172775
7794	2.08564079178643	15.7130630218298
7795	0.0115136148397563	-5.30389799172775
7796	7.32992453795833	15.7130630218298
7797	12.8789455866351	-5.30389799172775
7798	-1.0826905038033	15.7130630218298
7799	1.73616109502928	-5.30389799172775
7800	2.98812319560942	15.7130630218298
7801	2.13777704125361	15.7130630218298
7802	0.370577449836003	15.7130630218298
7803	7.16402454575909	-5.30389799172775
7804	3.27689919299469	-5.30389799172775
7805	7.78067610730869	15.7130630218298
7806	-1.62928343012448	-5.30389799172775
7807	1.91628439509508	-5.30389799172775
7808	11.1582838640615	-5.30389799172775
7809	11.150414870694	-5.30389799172775
7810	8.66180901230595	15.7130630218298
7811	9.90929073231001	15.7130630218298
7812	9.15011536979567	15.7130630218298
7813	7.66580506057516	-5.30389799172775
7814	-4.34858158202059	15.7130630218298
7815	6.76808851786802	-5.30389799172775
7816	4.77210484422042	-5.30389799172775
7817	7.49602192084265	-5.30389799172775
7818	5.03162066214857	-5.30389799172775
7819	1.68542638489522	15.7130630218298
7820	5.25455808507939	-5.30389799172775
7821	2.45984371888309	-5.30389799172775
7822	8.10240287198131	15.7130630218298
7823	9.99457053677909	-5.30389799172775
7824	5.90181810027828	15.7130630218298
7825	4.53342840149862	15.7130630218298
7826	-0.00841014455275049	15.7130630218298
7827	6.83559412691964	15.7130630218298
7828	-2.87807712491032	15.7130630218298
7829	-0.766931271538603	-5.30389799172775
7830	1.13053242829008	15.7130630218298
7831	6.65043333581921	15.7130630218298
7832	9.44511717584912	-5.30389799172775
7833	5.38820949799105	-5.30389799172775
7834	7.81299269178465	15.7130630218298
7835	-1.29491353050677	-5.30389799172775
7836	8.67049521087237	-5.30389799172775
7837	2.31378192939679	-5.30389799172775
7838	9.88122450101968	15.7130630218298
7839	9.40661557055468	-5.30389799172775
7840	2.15311722002144	15.7130630218298
7841	1.41268317376875	-5.30389799172775
7842	9.39955268545147	-5.30389799172775
7843	5.13947219406398	-5.30389799172775
7844	9.08499027724131	-5.30389799172775
7845	5.36810319444381	-5.30389799172775
7846	1.96156831766021	-5.30389799172775
7847	8.39846714223112	15.7130630218298
7848	5.18780636190517	15.7130630218298
7849	6.50776261402182	-5.30389799172775
7850	10.4478676194402	-5.30389799172775
7851	4.4694732489229	15.7130630218298
7852	-0.871306030983109	-5.30389799172775
7853	2.30034665122364	15.7130630218298
7854	2.34588715545427	15.7130630218298
7855	12.3909498764063	15.7130630218298
7856	13.9387180330806	15.7130630218298
7857	0.23706642464464	15.7130630218298
7858	4.02049231090547	-5.30389799172775
7859	10.7951485216016	-5.30389799172775
7860	0.233671824257256	15.7130630218298
7861	4.94907873701757	-5.30389799172775
7862	1.83688095080756	15.7130630218298
7863	4.02100722935262	15.7130630218298
7864	0.533242306116686	15.7130630218298
7865	8.37055999542821	-5.30389799172775
7866	4.19978810011259	15.7130630218298
7867	0.11697167428337	15.7130630218298
7868	7.66056494244898	-5.30389799172775
7869	10.1163885197263	15.7130630218298
7870	4.45354499695112	-5.30389799172775
7871	1.2721136596478	15.7130630218298
7872	-0.433043155965496	-5.30389799172775
7873	1.40126937391547	15.7130630218298
7874	-1.42564467382355	15.7130630218298
7875	1.09277664001855	15.7130630218298
7876	0.58298273947091	-5.30389799172775
7877	-0.599831042607216	-5.30389799172775
7878	0.158479537609441	15.7130630218298
7879	4.22277918280051	-5.30389799172775
7880	0.391714334442204	-5.30389799172775
7881	0.33177022213654	15.7130630218298
7882	7.5173302663086	-5.30389799172775
7883	2.69585614553595	15.7130630218298
7884	-2.37380881558173	15.7130630218298
7885	6.47047610945289	-5.30389799172775
7886	7.73251541197951	15.7130630218298
7887	9.98290102516725	-5.30389799172775
7888	9.31726091151868	15.7130630218298
7889	5.30332070511052	15.7130630218298
7890	10.0747615832888	15.7130630218298
7891	3.82923596449484	15.7130630218298
7892	11.5969566128186	15.7130630218298
7893	12.2741860713448	-5.30389799172775
7894	1.49729153160628	-5.30389799172775
7895	7.15395395372344	-5.30389799172775
7896	4.05029911945523	-5.30389799172775
7897	-0.109726383816623	15.7130630218298
7898	-0.553939803402985	15.7130630218298
7899	-0.226251676677918	-5.30389799172775
7900	8.81242485221115	-5.30389799172775
7901	8.55632071564338	-5.30389799172775
7902	0.175002105410684	15.7130630218298
7903	1.30168454422251	15.7130630218298
7904	3.50342881885624	-5.30389799172775
7905	8.68840932869351	-5.30389799172775
7906	10.0117443452968	15.7130630218298
7907	11.2590644663253	15.7130630218298
7908	5.52246623443888	15.7130630218298
7909	1.11859344544774	-5.30389799172775
7910	12.9970950903469	-5.30389799172775
7911	1.0340007896917	-5.30389799172775
7912	5.8384678084801	-5.30389799172775
7913	2.91957960781285	15.7130630218298
7914	0.0349888098504865	15.7130630218298
7915	8.9947178895006	15.7130630218298
7916	6.34460717134618	15.7130630218298
7917	6.99388021776221	-5.30389799172775
7918	9.43567368757619	15.7130630218298
7919	2.98403160328304	15.7130630218298
7920	9.61489063798503	-5.30389799172775
7921	2.1282747074767	-5.30389799172775
7922	7.42181550735181	-5.30389799172775
7923	3.63732299504189	15.7130630218298
7924	8.14695862208917	15.7130630218298
7925	5.21783591565566	-5.30389799172775
7926	3.79803920581527	15.7130630218298
7927	5.52105325366223	-5.30389799172775
7928	6.72285671406426	15.7130630218298
7929	4.20797677855704	15.7130630218298
7930	8.91230044113409	-5.30389799172775
7931	9.03218425560953	-5.30389799172775
7932	8.49667672673218	15.7130630218298
7933	9.32091834610859	15.7130630218298
7934	6.9123546798909	-5.30389799172775
7935	1.07035984447719	-5.30389799172775
7936	6.54460496586534	-5.30389799172775
7937	7.73540897138004	-5.30389799172775
7938	5.47983669390778	-5.30389799172775
7939	1.46692306421476	-5.30389799172775
7940	5.3440734357843	-5.30389799172775
7941	5.23292947675027	-5.30389799172775
7942	12.0460714848872	-5.30389799172775
7943	1.62997162363475	15.7130630218298
7944	2.88644765006361	15.7130630218298
7945	4.668533833276	-5.30389799172775
7946	0.803780709811993	15.7130630218298
7947	12.6076383930942	15.7130630218298
7948	5.9359075149856	-5.30389799172775
7949	7.42547261116105	15.7130630218298
7950	-2.9985591613619	-5.30389799172775
7951	10.8055576418856	-5.30389799172775
7952	8.12978496903149	-5.30389799172775
7953	-0.0621291524143852	15.7130630218298
7954	0.475089487267889	15.7130630218298
7955	2.05153761369778	-5.30389799172775
7956	6.02462503540665	15.7130630218298
7957	8.74066847700793	-5.30389799172775
7958	8.39276821289705	15.7130630218298
7959	-0.0540511022314258	15.7130630218298
7960	10.2448781354606	15.7130630218298
7961	3.19817493684269	15.7130630218298
7962	-0.475229338323001	-5.30389799172775
7963	4.11027026380791	15.7130630218298
7964	5.69035499382832	-5.30389799172775
7965	-1.18604411447534	-5.30389799172775
7966	5.09384561388329	15.7130630218298
7967	8.82429058176307	15.7130630218298
7968	-2.44773827934238	15.7130630218298
7969	6.91695793778167	-5.30389799172775
7970	0.767720897728969	15.7130630218298
7971	14.6158719177026	-5.30389799172775
7972	1.15683106764185	-5.30389799172775
7973	1.38770604247118	-5.30389799172775
7974	0.0230024708188306	15.7130630218298
7975	-0.621341522821964	15.7130630218298
7976	-0.0667370358522751	-5.30389799172775
7977	11.5106223174834	-5.30389799172775
7978	10.3809630483758	-5.30389799172775
7979	11.8207729573972	-5.30389799172775
7980	2.4545735165825	-5.30389799172775
7981	-0.553269126895843	15.7130630218298
7982	9.63762828435777	15.7130630218298
7983	0.453897148631049	-5.30389799172775
7984	2.26581546078627	-5.30389799172775
7985	1.12986398833778	-5.30389799172775
7986	7.45632988097753	15.7130630218298
7987	8.15088203201351	-5.30389799172775
7988	5.63187883421854	-5.30389799172775
7989	0.0479606144664847	-5.30389799172775
7990	5.85334177583055	-5.30389799172775
7991	7.47175317907716	-5.30389799172775
7992	0.94456294939532	15.7130630218298
7993	8.52163708262522	15.7130630218298
7994	2.08564079178643	-5.30389799172775
7995	0.0115136148397563	15.7130630218298
7996	7.32992453795833	-5.30389799172775
7997	12.8789455866351	15.7130630218298
7998	-1.0826905038033	-5.30389799172775
7999	1.73616109502928	15.7130630218298
8000	2.98812319560942	-5.30389799172775
8001	2.13777704125361	-5.30389799172775
8002	0.370577449836003	-5.30389799172775
8003	7.16402454575909	15.7130630218298
8004	3.27689919299469	15.7130630218298
8005	7.78067610730869	-5.30389799172775
8006	-1.62928343012448	15.7130630218298
8007	1.91628439509508	15.7130630218298
8008	11.1582838640615	15.7130630218298
8009	11.150414870694	15.7130630218298
8010	8.66180901230595	-5.30389799172775
8011	9.90929073231001	-5.30389799172775
8012	9.15011536979567	-5.30389799172775
8013	7.66580506057516	15.7130630218298
8014	-4.34858158202059	-5.30389799172775
8015	6.76808851786802	15.7130630218298
8016	4.77210484422042	15.7130630218298
8017	7.49602192084265	15.7130630218298
8018	5.03162066214857	15.7130630218298
8019	1.68542638489522	-5.30389799172775
8020	5.25455808507939	15.7130630218298
8021	2.45984371888309	15.7130630218298
8022	8.10240287198131	-5.30389799172775
8023	9.99457053677909	15.7130630218298
8024	5.90181810027828	-5.30389799172775
8025	4.53342840149862	-5.30389799172775
8026	-0.00841014455275049	-5.30389799172775
8027	6.83559412691964	-5.30389799172775
8028	-2.87807712491032	-5.30389799172775
8029	-0.766931271538603	15.7130630218298
8030	1.13053242829008	-5.30389799172775
8031	6.65043333581921	-5.30389799172775
8032	9.44511717584912	15.7130630218298
8033	5.38820949799105	15.7130630218298
8034	7.81299269178465	-5.30389799172775
8035	-1.29491353050677	15.7130630218298
8036	8.67049521087237	15.7130630218298
8037	2.31378192939679	15.7130630218298
8038	9.88122450101968	-5.30389799172775
8039	9.40661557055468	15.7130630218298
8040	2.15311722002144	-5.30389799172775
8041	1.41268317376875	15.7130630218298
8042	9.39955268545147	15.7130630218298
8043	5.13947219406398	15.7130630218298
8044	9.08499027724131	15.7130630218298
8045	5.36810319444381	15.7130630218298
8046	1.96156831766021	15.7130630218298
8047	8.39846714223112	-5.30389799172775
8048	5.18780636190517	-5.30389799172775
8049	6.50776261402182	15.7130630218298
8050	10.4478676194402	15.7130630218298
8051	4.4694732489229	-5.30389799172775
8052	-0.871306030983109	15.7130630218298
8053	2.30034665122364	-5.30389799172775
8054	2.34588715545427	-5.30389799172775
8055	12.3909498764063	-5.30389799172775
8056	13.9387180330806	-5.30389799172775
8057	0.23706642464464	-5.30389799172775
8058	4.02049231090547	15.7130630218298
8059	10.7951485216016	15.7130630218298
8060	0.233671824257256	-5.30389799172775
8061	4.94907873701757	15.7130630218298
8062	1.83688095080756	-5.30389799172775
8063	4.02100722935262	-5.30389799172775
8064	0.533242306116686	-5.30389799172775
8065	8.37055999542821	15.7130630218298
8066	4.19978810011259	-5.30389799172775
8067	0.11697167428337	-5.30389799172775
8068	7.66056494244898	15.7130630218298
8069	10.1163885197263	-5.30389799172775
8070	4.45354499695112	15.7130630218298
8071	1.2721136596478	-5.30389799172775
8072	-0.433043155965496	15.7130630218298
8073	1.40126937391547	-5.30389799172775
8074	-1.42564467382355	-5.30389799172775
8075	1.09277664001855	-5.30389799172775
8076	0.58298273947091	15.7130630218298
8077	-0.599831042607216	15.7130630218298
8078	0.158479537609441	-5.30389799172775
8079	4.22277918280051	15.7130630218298
8080	0.391714334442204	15.7130630218298
8081	0.33177022213654	-5.30389799172775
8082	7.5173302663086	15.7130630218298
8083	2.69585614553595	-5.30389799172775
8084	-2.37380881558173	-5.30389799172775
8085	6.47047610945289	15.7130630218298
8086	7.73251541197951	-5.30389799172775
8087	9.98290102516725	15.7130630218298
8088	9.31726091151868	-5.30389799172775
8089	5.30332070511052	-5.30389799172775
8090	10.0747615832888	-5.30389799172775
8091	3.82923596449484	-5.30389799172775
8092	11.5969566128186	-5.30389799172775
8093	12.2741860713448	15.7130630218298
8094	1.49729153160628	15.7130630218298
8095	7.15395395372344	15.7130630218298
8096	4.05029911945523	15.7130630218298
8097	-0.109726383816623	-5.30389799172775
8098	-0.553939803402985	-5.30389799172775
8099	-0.226251676677918	15.7130630218298
8100	8.81242485221115	15.7130630218298
8101	8.55632071564338	15.7130630218298
8102	0.175002105410684	-5.30389799172775
8103	1.30168454422251	-5.30389799172775
8104	3.50342881885624	15.7130630218298
8105	8.68840932869351	15.7130630218298
8106	10.0117443452968	-5.30389799172775
8107	11.2590644663253	-5.30389799172775
8108	5.52246623443888	-5.30389799172775
8109	1.11859344544774	15.7130630218298
8110	12.9970950903469	15.7130630218298
8111	1.0340007896917	15.7130630218298
8112	5.8384678084801	15.7130630218298
8113	2.91957960781285	-5.30389799172775
8114	0.0349888098504865	-5.30389799172775
8115	8.9947178895006	-5.30389799172775
8116	6.34460717134618	-5.30389799172775
8117	6.99388021776221	15.7130630218298
8118	9.43567368757619	-5.30389799172775
8119	2.98403160328304	-5.30389799172775
8120	9.61489063798503	15.7130630218298
8121	2.1282747074767	15.7130630218298
8122	7.42181550735181	15.7130630218298
8123	3.63732299504189	-5.30389799172775
8124	8.14695862208917	-5.30389799172775
8125	5.21783591565566	15.7130630218298
8126	3.79803920581527	-5.30389799172775
8127	5.52105325366223	15.7130630218298
8128	6.72285671406426	-5.30389799172775
8129	4.20797677855704	-5.30389799172775
8130	8.91230044113409	15.7130630218298
8131	9.03218425560953	15.7130630218298
8132	8.49667672673218	-5.30389799172775
8133	9.32091834610859	-5.30389799172775
8134	6.9123546798909	15.7130630218298
8135	1.07035984447719	15.7130630218298
8136	6.54460496586534	15.7130630218298
8137	7.73540897138004	15.7130630218298
8138	5.47983669390778	15.7130630218298
8139	1.46692306421476	15.7130630218298
8140	5.3440734357843	15.7130630218298
8141	5.23292947675027	15.7130630218298
8142	12.0460714848872	15.7130630218298
8143	1.62997162363475	-5.30389799172775
8144	2.88644765006361	-5.30389799172775
8145	4.668533833276	15.7130630218298
8146	0.803780709811993	-5.30389799172775
8147	12.6076383930942	-5.30389799172775
8148	5.9359075149856	15.7130630218298
8149	7.42547261116105	-5.30389799172775
8150	-2.9985591613619	15.7130630218298
8151	10.8055576418856	15.7130630218298
8152	8.12978496903149	15.7130630218298
8153	-0.0621291524143852	-5.30389799172775
8154	0.475089487267889	-5.30389799172775
8155	2.05153761369778	15.7130630218298
8156	6.02462503540665	-5.30389799172775
8157	8.74066847700793	15.7130630218298
8158	8.39276821289705	-5.30389799172775
8159	-0.0540511022314258	-5.30389799172775
8160	10.2448781354606	-5.30389799172775
8161	3.19817493684269	-5.30389799172775
8162	-0.475229338323001	15.7130630218298
8163	4.11027026380791	-5.30389799172775
8164	5.69035499382832	15.7130630218298
8165	-1.18604411447534	15.7130630218298
8166	5.09384561388329	-5.30389799172775
8167	8.82429058176307	-5.30389799172775
8168	-2.44773827934238	-5.30389799172775
8169	6.91695793778167	15.7130630218298
8170	0.767720897728969	-5.30389799172775
8171	14.6158719177026	15.7130630218298
8172	1.15683106764185	15.7130630218298
8173	1.38770604247118	15.7130630218298
8174	0.0230024708188306	-5.30389799172775
8175	-0.621341522821964	-5.30389799172775
8176	-0.0667370358522751	15.7130630218298
8177	11.5106223174834	15.7130630218298
8178	10.3809630483758	15.7130630218298
8179	11.8207729573972	15.7130630218298
8180	2.4545735165825	15.7130630218298
8181	-0.553269126895843	-5.30389799172775
8182	9.63762828435777	-5.30389799172775
8183	0.453897148631049	15.7130630218298
8184	2.26581546078627	15.7130630218298
8185	1.12986398833778	15.7130630218298
8186	7.45632988097753	-5.30389799172775
8187	8.15088203201351	15.7130630218298
8188	5.63187883421854	15.7130630218298
8189	0.0479606144664847	15.7130630218298
8190	5.85334177583055	15.7130630218298
8191	7.47175317907716	15.7130630218298
8192	0.94456294939532	-5.30389799172775
8193	8.52163708262522	-5.30389799172775
8194	2.08564079178643	15.7130630218298
8195	0.0115136148397563	-5.30389799172775
8196	7.32992453795833	15.7130630218298
8197	12.8789455866351	-5.30389799172775
8198	-1.0826905038033	15.7130630218298
8199	1.73616109502928	-5.30389799172775
8200	2.98812319560942	15.7130630218298
