group	y	yend
1	0.933196336220535	0
2	3.83277344408565	0
3	4.20298313540266	0
4	13.0890550842129	0
5	2.07919871608019	0
6	8.13973945137633	0
7	11.3109613281212	0
8	8.40622292010059	0
9	7.70093123009355	0
10	-0.869341528701938	0
11	4.49525723569331	0
12	1.89836750317081	0
13	6.00179299880979	0
14	-0.820155155790156	0
15	10.4879588762689	0
16	4.88252368699216	0
17	7.57904157297518	0
18	12.7905455593364	0
19	5.20286454340831	0
20	9.51714529827255	0
21	12.0544175164873	0
22	3.10998285685403	0
23	6.96921515976092	0
24	-3.47204224019094	0
25	3.44629952051981	0
26	3.52111163146665	0
27	-1.15090701550391	0
28	0.647150717041725	0
29	8.4799900384284	0
30	3.92007108065157	0
31	7.50232048871051	0
32	5.98921445041507	0
33	5.6978389077052	0
34	1.12700113576673	0
35	6.17436070962664	0
36	6.19161173170902	0
37	7.74229842129755	0
38	0.176696717231899	0
39	9.8845820964505	0
40	5.46164465263741	0
41	8.5223083368831	0
42	6.25799896556609	0
43	9.78911989828251	0
44	6.74976213704334	0
45	3.97912357327344	0
46	7.0572844663492	0
47	0.00913835227917714	0
48	6.26382662946961	0
49	7.56307243974195	0
50	9.07499413069979	0
51	5.52764722636056	0
52	8.11046093548606	0
53	4.93940466953885	0
54	-0.321158867783989	0
55	2.71419596914147	0
56	4.15439371908288	0
57	2.06081753325998	0
58	3.13534190568576	0
59	8.08350017189722	0
60	3.61185303849989	0
61	14.7577466121226	0
62	2.44476046765507	0
63	5.88826744001823	0
64	3.04474040781165	0
65	5.32389918708107	0
66	2.47378596763627	0
67	1.1326257215254	0
68	11.1268377708767	0
69	0.317469648841269	0
70	13.8490793011679	0
71	4.01989431193118	0
72	7.65339134041168	0
73	4.38165457688311	0
74	1.1371039062817	0
75	2.20894814040502	0
76	10.2892725011752	0
77	8.48548990112927	0
78	3.68208522494342	0
79	8.4765310343228	0
80	9.34837407423894	0
81	3.07857635164949	0
82	7.2798189143299	0
83	6.15610641991942	0
84	-0.142907778321387	0
85	9.27293815158678	0
86	2.0982078041663	0
87	9.65965434419219	0
88	-0.148064794940074	0
89	2.68589978734744	0
90	1.25385013463343	0
91	0.79051291917728	0
92	2.12294813924888	0
93	9.02826433377465	0
94	10.9156578513234	0
95	11.5206430384198	0
96	9.68467876178348	0
97	1.91010902651787	0
98	2.77447815608451	0
99	6.28121768345242	0
100	5.31239821044149	0
101	5.61595378247751	0
102	3.32259900951617	0
103	0.421278453547899	0
104	11.2282662788883	0
105	5.29274988542538	0
106	5.09307216135443	0
107	1.98588312896555	0
108	6.55776487074047	0
109	10.8572643536451	0
110	9.5494837667534	0
111	9.44257543115604	0
112	6.85822068188835	0
113	6.14528742208058	0
114	2.87629157998856	0
115	0.363777240928913	0
116	-1.62868495311718	0
117	6.9468070560279	0
118	-0.320015776978275	0
119	5.34378884586512	0
120	6.32655157710804	0
121	9.89014851630298	0
122	7.6332005846152	0
123	4.38303547533982	0
124	0.722194958329392	0
125	7.85746985167533	0
126	5.87207848473772	0
127	4.9869085969998	0
128	1.41527301647559	0
129	0.380576755278162	0
130	5.50000341126558	0
131	6.01878726025075	0
132	-1.25301640912889	0
133	0.489479340289447	0
134	3.67675774278389	0
135	10.7564981171972	0
136	3.10420942118442	0
137	5.12885672243312	0
138	4.25577287807814	0
139	9.51695312516895	0
140	4.97790831229541	0
141	3.36473809271818	0
142	8.57166123582939	0
143	-1.46352073935419	0
144	1.17093031712545	0
145	5.51987527026427	0
146	2.92921197445074	0
147	5.27585431224622	0
148	7.99517047483296	0
149	-2.31274937607482	0
150	6.09332831950654	0
151	7.27611386265936	0
152	5.64879480072828	0
153	2.30919107955057	0
154	2.57885305050109	0
155	2.03037105120919	0
156	-0.979988259671014	0
157	7.3556248410648	0
158	-1.3392244410917	0
159	-0.435782502973813	0
160	5.2909754756972	0
161	3.26768652644564	0
162	9.26383503353843	0
163	6.47178997731563	0
164	10.1326639801678	0
165	8.32894232197286	0
166	8.36969544311348	0
167	-0.744352294156173	0
168	0.176860599782797	0
169	7.39591215553284	0
170	3.46646068043498	0
171	11.1809262679119	0
172	9.2989793838667	0
173	10.1875775873683	0
174	3.54200550161921	0
175	2.89792494252289	0
176	9.67589305531378	0
177	8.30706836619223	0
178	12.0434338018991	0
179	8.31842623588073	0
180	12.2527961347413	0
181	0.0621150180741119	0
182	3.26291245876743	0
183	10.077260926972	0
184	2.10557377058723	0
185	10.5667360015893	0
186	0.952814259871516	0
187	11.0264112525838	0
188	6.16182271281429	0
189	9.46427431168132	0
190	3.71954004943786	0
191	7.18671848980617	0
192	4.47088475688388	0
193	-1.25301883204675	0
194	11.7883713990251	0
195	-0.0173755688770831	0
196	3.9909090801482	0
197	3.20664267301305	0
198	7.0543894547932	0
199	3.63951363795564	0
200	7.63206394165678	0
201	0.933196336220535	-0.00299184813650864
202	3.83277344408565	0.000770440443615426
203	4.20298313540266	0.00785387611246923
204	13.0890550842129	0.0196880207538442
205	2.07919871608019	-0.00524419586089699
206	8.13973945137633	0.0193415548486292
207	11.3109613281212	0.0209749022806635
208	8.40622292010059	0.0109573004662334
209	7.70093123009355	0.00983922945305361
210	-0.869341528701938	-0.0101808996893149
211	4.49525723569331	-0.0050927150265346
212	1.89836750317081	-0.00613082497024261
213	6.00179299880979	0.0118827425049552
214	-0.820155155790156	0.00119318991269577
215	10.4879588762689	0.014805283250036
216	4.88252368699216	0.00520180215486971
217	7.57904157297518	0.0129624165932806
218	12.7905455593364	0.0226416058774377
219	5.20286454340831	0.00104961740382398
220	9.51714529827255	0.0150736097652415
221	12.0544175164873	0.0206230749109476
222	3.10998285685403	-0.00487505763530349
223	6.96921515976092	0.0106353275338297
224	-3.47204224019094	-0.00793059540063077
225	3.44629952051981	-0.00293143407867836
226	3.52111163146665	0.00126413294703262
227	-1.15090701550391	-0.0118887182736677
228	0.647150717041725	0.00113264332695952
229	8.4799900384284	0.0183288167193278
230	3.92007108065157	-0.000350847267507737
231	7.50232048871051	0.00465062707310755
232	5.98921445041507	0.00879651803035283
233	5.6978389077052	0.00505507498886167
234	1.12700113576673	-0.00578990839379203
235	6.17436070962664	0.0168354959311113
236	6.19161173170902	0.0112279258270926
237	7.74229842129755	0.015666266894979
238	0.176696717231899	-0.00855207723488887
239	9.8845820964505	0.0131774094012755
240	5.46164465263741	0.00215200274927598
241	8.5223083368831	0.0166086960698329
242	6.25799896556609	0.0104725216270901
243	9.78911989828251	0.0152672566904069
244	6.74976213704334	0.00715456267666323
245	3.97912357327344	0.00633175089740546
246	7.0572844663492	0.0154939310979596
247	0.00913835227917714	-0.011537920209499
248	6.26382662946961	0.00447947621360032
249	7.56307243974195	0.0134809887913613
250	9.07499413069979	0.012084194140644
251	5.52764722636056	0.00449322308762084
252	8.11046093548606	0.0180295221873182
253	4.93940466953885	0.0030985340037934
254	-0.321158867783989	-0.00372272126500804
255	2.71419596914147	-0.00986708720585632
256	4.15439371908288	-0.0088512340298982
257	2.06081753325998	-0.00120049797713452
258	3.13534190568576	0.00594056702027682
259	8.08350017189722	0.0109999036690716
260	3.61185303849989	0.00199517223249682
261	14.7577466121226	0.0198527520700407
262	2.44476046765507	-0.00200042881753511
263	5.88826744001823	0.00383848448866033
264	3.04474040781165	-0.000631543138837959
265	5.32389918708107	0.0106069803405824
266	2.47378596763627	-0.00325622520508896
267	1.1326257215254	0.00452588701794463
268	11.1268377708767	0.0146806885072442
269	0.317469648841269	-0.00938829792968258
270	13.8490793011679	0.0185275078965085
271	4.01989431193118	-0.000395877431786145
272	7.65339134041168	0.0172613230136717
273	4.38165457688311	-0.000127312719648135
274	1.1371039062817	-0.000582835994792284
275	2.20894814040502	0.00444846400165623
276	10.2892725011752	0.0191230716105326
277	8.48548990112927	0.0181399748797291
278	3.68208522494342	0.00140089168110054
279	8.4765310343228	0.0150692155572645
280	9.34837407423894	0.0215374967818545
281	3.07857635164949	0.00297722556690637
282	7.2798189143299	0.0127823102570684
283	6.15610641991942	0.00175394666346454
284	-0.142907778321387	-0.000880062976441551
285	9.27293815158678	0.0143552045055508
286	2.0982078041663	-0.00520854306888732
287	9.65965434419219	0.0127331373181036
288	-0.148064794940074	-0.00806692093359255
289	2.68589978734744	-0.00369832857137179
290	1.25385013463343	-0.00730425034271155
291	0.79051291917728	-0.0039050872061251
292	2.12294813924888	-0.0102815386368834
293	9.02826433377465	0.0103041273315946
294	10.9156578513234	0.0185609572251621
295	11.5206430384198	0.015125464623703
296	9.68467876178348	0.0157745659801611
297	1.91010902651787	0.00370469627763687
298	2.77447815608451	0.00210999720374773
299	6.28121768345242	0.0162531276336996
300	5.31239821044149	0.00898592765302297
301	5.61595378247751	0.0107429630839122
302	3.32259900951617	0.00010254870879911
303	0.421278453547899	-0.00282417557993705
304	11.2282662788883	0.0226690591194294
305	5.29274988542538	0.00999376544591982
306	5.09307216135443	-0.00483745374987941
307	1.98588312896555	-0.00779589041364477
308	6.55776487074047	0.00451081129080125
309	10.8572643536451	0.0202479316101287
310	9.5494837667534	0.00876811581296505
311	9.44257543115604	0.0220863276889824
312	6.85822068188835	0.0134625954955306
313	6.14528742208058	0.000227104309436988
314	2.87629157998856	0.00286480376287284
315	0.363777240928913	-0.00713108342400241
316	-1.62868495311718	-0.011899755013633
317	6.9468070560279	0.0128899890492072
318	-0.320015776978275	-0.0087200288313081
319	5.34378884586512	0.00338744922627328
320	6.32655157710804	0.0102269439172153
321	9.89014851630298	0.0226392247954659
322	7.6332005846152	0.00512749648578447
323	4.38303547533982	0.00473071104105535
324	0.722194958329392	-0.0062407280046014
325	7.85746985167533	0.0142752336505405
326	5.87207848473772	0.00365603473370763
327	4.9869085969998	0.00567715696173326
328	1.41527301647559	-0.00503729312977574
329	0.380576755278162	-0.00429224662238299
330	5.50000341126558	0.00866052229715209
331	6.01878726025075	0.0079251177084333
332	-1.25301640912889	-0.0096417585686589
333	0.489479340289447	-0.0111070699660042
334	3.67675774278389	0.0103220268315698
335	10.7564981171972	0.0204081670177642
336	3.10420942118442	0.00874452389023838
337	5.12885672243312	0.00743208660389413
338	4.25577287807814	0.00620147093750222
339	9.51695312516895	0.0224012606617885
340	4.97790831229541	0.00555266060016556
341	3.36473809271818	0.0117333040217538
342	8.57166123582939	0.00886622659969972
343	-1.46352073935419	-0.00393193246299675
344	1.17093031712545	-0.00325096207251481
345	5.51987527026427	0.0133749781582928
346	2.92921197445074	0.00360928958602311
347	5.27585431224622	-0.00618128692179608
348	7.99517047483296	0.0139885968810136
349	-2.31274937607482	-0.0086563894402692
350	6.09332831950654	0.0181472258980278
351	7.27611386265936	0.00932863803124307
352	5.64879480072828	0.00730006505640874
353	2.30919107955057	-0.000759194067163306
354	2.57885305050109	0.00362907279805156
355	2.03037105120919	0.00529855363089025
356	-0.979988259671014	-0.00597874547618942
357	7.3556248410648	0.00632861102127992
358	-1.3392244410917	-0.00970487674625881
359	-0.435782502973813	-0.0025596607332752
360	5.2909754756972	-0.00485540202965493
361	3.26768652644564	-0.00231142228536309
362	9.26383503353843	0.0192252588011896
363	6.47178997731563	0.00338571919893686
364	10.1326639801678	0.0151632307798117
365	8.32894232197286	0.0187144557948388
366	8.36969544311348	0.00221727865043953
367	-0.744352294156173	-0.0101095389907764
368	0.176860599782797	-0.000522402341236288
369	7.39591215553284	0.0131779387487893
370	3.46646068043498	-0.000447314059125674
371	11.1809262679119	0.00988510723722608
372	9.2989793838667	0.0173027588699615
373	10.1875775873683	0.0178503339663152
374	3.54200550161921	0.00144922762376595
375	2.89792494252289	0.00106580444277798
376	9.67589305531378	0.0192376564540353
377	8.30706836619223	0.0103756748591506
378	12.0434338018991	0.013790289057028
379	8.31842623588073	0.00899898990086291
380	12.2527961347413	0.019507125757456
381	0.0621150180741119	-0.00199595486275986
382	3.26291245876743	-0.00561196598440255
383	10.077260926972	0.0189202549209799
384	2.10557377058723	0.00540083772384871
385	10.5667360015893	0.0185887761965201
386	0.952814259871516	-0.00568488916476853
387	11.0264112525838	0.0143910542161174
388	6.16182271281429	0.0132052148322745
389	9.46427431168132	0.0209413623433461
390	3.71954004943786	0.00696436754063599
391	7.18671848980617	0.0127551095164782
392	4.47088475688388	0.00136262332392573
393	-1.25301883204675	-0.00880158435198638
394	11.7883713990251	0.0203618293379309
395	-0.0173755688770831	-0.00236640103936879
396	3.9909090801482	0.00847918058394761
397	3.20664267301305	-0.00846678574186026
398	7.0543894547932	0.0172989645869758
399	3.63951363795564	-0.00114079068824405
400	7.63206394165678	0.0152643833161511
401	0.933196336220535	-0.00596726897157161
402	3.83277344408565	0.00154715392032293
403	4.20298313540266	0.0156949073447937
404	13.0890550842129	0.039331256738334
405	2.07919871608019	-0.0104658854227563
406	8.13973945137633	0.0386392600257048
407	11.3109613281212	0.041901546549534
408	8.40622292010059	0.0218933800325054
409	7.70093123009355	0.0196602556356721
410	-0.869341528701938	-0.0203259691108458
411	4.49525723569331	-0.0101633325948234
412	1.89836750317081	-0.0122367506644829
413	6.00179299880979	0.0237417663784202
414	-0.820155155790156	0.00239151187435548
415	10.4879588762689	0.0295789600464842
416	4.88252368699216	0.01039791727251
417	7.57904157297518	0.025898200557329
418	12.7905455593364	0.0452304553758714
419	5.20286454340831	0.00210475435314553
420	9.51714529827255	0.0301148888742234
421	12.0544175164873	0.041198841378284
422	3.10998285685403	-0.00972860526106767
423	6.96921515976092	0.0212503031599319
424	-3.47204224019094	-0.0158314340159173
425	3.44629952051981	-0.00584660391106816
426	3.52111163146665	0.00253320647058013
427	-1.15090701550391	-0.023736996944612
428	0.647150717041725	0.00227058211572768
429	8.4799900384284	0.036616517107333
430	3.92007108065157	-0.000692395190656237
431	7.50232048871051	0.00929705470877261
432	5.98921445041507	0.0175776470272372
433	5.6978389077052	0.0101048589513227
434	1.12700113576673	-0.0115558376319632
435	6.17436070962664	0.0336339059447554
436	6.19161173170902	0.0224339003470583
437	7.74229842129755	0.0312986035755015
438	0.176696717231899	-0.0170727203294971
439	9.8845820964505	0.0263276059162172
440	5.46164465263741	0.00430654974952111
441	8.5223083368831	0.0331809183460707
442	6.25799896556609	0.020925130753168
443	9.78911989828251	0.0305016600791479
444	6.74976213704334	0.014298167892538
445	3.97912357327344	0.0126547650705325
446	7.0572844663492	0.0309543971089757
447	0.00913835227917714	-0.0230363476064013
448	6.26382662946961	0.00895521491917143
449	7.56307243974195	0.0269339453475995
450	9.07499413069979	0.0241441259397857
451	5.52764722636056	0.00898267156494217
452	8.11046093548606	0.0360187358274403
453	4.93940466953885	0.0061970576080663
454	-0.321158867783989	-0.00742704263084932
455	2.71419596914147	-0.0196991911114332
456	4.15439371908288	-0.0176702265071359
457	2.06081753325998	-0.00238940343618625
458	3.13534190568576	0.0118734531061168
459	8.08350017189722	0.021978471453819
460	3.61185303849989	0.00399331199533636
461	14.7577466121226	0.0396602747674077
462	2.44476046765507	-0.00398710613522813
463	5.88826744001823	0.00767496148065258
464	3.04474040781165	-0.00125302934624101
465	5.32389918708107	0.0211936852813929
466	2.47378596763627	-0.00649530956546098
467	1.1326257215254	0.00904791126693128
468	11.1268377708767	0.0293301068371926
469	0.317469648841269	-0.0187429047924409
470	13.8490793011679	0.037013363202051
471	4.01989431193118	-0.000782333984577325
472	7.65339134041168	0.0344844108193908
473	4.38165457688311	-0.000245929405857214
474	1.1371039062817	-0.00115574651680863
475	2.20894814040502	0.00889327419601901
476	10.2892725011752	0.0382028832271461
477	8.48548990112927	0.0362393431048057
478	3.68208522494342	0.00280635483229156
479	8.4765310343228	0.0301061123180632
480	9.34837407423894	0.043025217131567
481	3.07857635164949	0.00595476814097449
482	7.2798189143299	0.0255384739847959
483	6.15610641991942	0.00351151191555973
484	-0.142907778321387	-0.00174939827621734
485	9.27293815158678	0.0286800173022774
486	2.0982078041663	-0.0103946760642151
487	9.65965434419219	0.0254402608226874
488	-0.148064794940074	-0.0161037171446091
489	2.68589978734744	-0.007378323078494
490	1.25385013463343	-0.0145804343806639
491	0.79051291917728	-0.00779128231460765
492	2.12294813924888	-0.0205269753854363
493	9.02826433377465	0.0205887966517327
494	10.9156578513234	0.0370801715809405
495	11.5206430384198	0.0302184586369305
496	9.68467876178348	0.0315149094509103
497	1.91010902651787	0.00740774614770564
498	2.77447815608451	0.00422265202977374
499	6.28121768345242	0.0324707411389765
500	5.31239821044149	0.0179559550634833
501	5.61595378247751	0.0214652837559963
502	3.32259900951617	0.000213173064116154
503	0.421278453547899	-0.00563237640003939
504	11.2282662788883	0.0452852877646383
505	5.29274988542538	0.0199689105348604
506	5.09307216135443	-0.00965349898162179
507	1.98588312896555	-0.0155623876053874
508	6.55776487074047	0.00901780050143694
509	10.8572643536451	0.0404495672736055
510	9.5494837667534	0.0175209192489252
511	9.44257543115604	0.0441213976728705
512	6.85822068188835	0.0268972083987174
513	6.14528742208058	0.00046194809474288
514	2.87629157998856	0.00573022795491844
515	0.363777240928913	-0.0142345679139231
516	-1.62868495311718	-0.0237590406368171
517	6.9468070560279	0.0257535409482644
518	-0.320015776978275	-0.0174081702276071
519	5.34378884586512	0.0067741082822461
520	6.32655157710804	0.0204346381379625
521	9.89014851630298	0.045225699638374
522	7.6332005846152	0.010249506482407
523	4.38303547533982	0.0094570065012002
524	0.722194958329392	-0.0124562601092494
525	7.85746985167533	0.0285202914304374
526	5.87207848473772	0.00731055439543321
527	4.9869085969998	0.011347343922379
528	1.41527301647559	-0.0100526383828172
529	0.380576755278162	-0.00856455621914288
530	5.50000341126558	0.0173060226079509
531	6.01878726025075	0.0158371982584667
532	-1.25301640912889	-0.0192491419901348
533	0.489479340289447	-0.0221758099672103
534	3.67675774278389	0.0206245473416394
535	10.7564981171972	0.0407696056198369
536	3.10420942118442	0.0174737990771399
537	5.12885672243312	0.0148524667208761
538	4.25577287807814	0.0123945567711947
539	9.51695312516895	0.0447504136268218
540	4.97790831229541	0.0110986872100088
541	3.36473809271818	0.023443292740584
542	8.57166123582939	0.0177168760252543
543	-1.46352073935419	-0.00784490037406243
544	1.17093031712545	-0.00648479750529973
545	5.51987527026427	0.0267222101999762
546	2.92921197445074	0.00721719026337242
547	5.27585431224622	-0.0123375383727747
548	7.99517047483296	0.027947791512709
549	-2.31274937607482	-0.0172810632057334
550	6.09332831950654	0.036253825571191
551	7.27611386265936	0.0186404508581419
552	5.64879480072828	0.0145887799468501
553	2.30919107955057	-0.00150798667807544
554	2.57885305050109	0.00725670329332103
555	2.03037105120919	0.0105911590961368
556	-0.979988259671014	-0.0119330021329274
557	7.3556248410648	0.0126484937926831
558	-1.3392244410917	-0.019375207991865
559	-0.435782502973813	-0.00510406062184456
560	5.2909754756972	-0.00968934709947425
561	3.26768652644564	-0.00460825371179152
562	9.26383503353843	0.0384069818092665
563	6.47178997731563	0.00677065289684876
564	10.1326639801678	0.0302938890197834
565	8.32894232197286	0.037386754433714
566	8.36969544311348	0.00443692537476787
567	-0.744352294156173	-0.0201834403134771
568	0.176860599782797	-0.00103504231774184
569	7.39591215553284	0.0263286631825568
570	3.46646068043498	-0.00088506841382976
571	11.1809262679119	0.0197518873816887
572	9.2989793838667	0.03456717069823
573	10.1875775873683	0.0356608430073689
574	3.54200550161921	0.00290289626082129
575	2.89792494252289	0.00213708474287441
576	9.67589305531378	0.0384317436541822
577	8.30706836619223	0.0207316986028924
578	12.0434338018991	0.0275517110897261
579	8.31842623588073	0.0179820443046719
580	12.2527961347413	0.0389699549740117
581	0.0621150180741119	-0.00397817030070493
582	3.26291245876743	-0.0112004330727226
583	10.077260926972	0.0377977972422792
584	2.10557377058723	0.0107954512213247
585	10.5667360015893	0.037135734441351
586	0.952814259871516	-0.0113460826166695
587	11.0264112525838	0.0287516199664569
588	6.16182271281429	0.0263831417324547
589	9.46427431168132	0.041834557197866
590	3.71954004943786	0.0139182909496474
591	7.18671848980617	0.0254841459173406
592	4.47088475688388	0.00272992140272724
593	-1.25301883204675	-0.0175710611538329
594	11.7883713990251	0.0406770553237389
595	-0.0173755688770831	-0.00471806283431626
596	3.9909090801482	0.0169438286156671
597	3.20664267301305	-0.0169023675418126
598	7.0543894547932	0.0345595923728786
599	3.63951363795564	-0.00227015000602096
600	7.63206394165678	0.0304959210857598
601	0.933196336220535	-0.00892631394910828
602	3.83277344408565	0.00233011582604969
603	4.20298313540266	0.0235231196255277
604	13.0890550842129	0.0589298183058044
605	2.07919871608019	-0.0156651361975543
606	8.13973945137633	0.0578932234119034
607	11.3109613281212	0.0627800523394499
608	8.40622292010059	0.0328082867669355
609	7.70093123009355	0.0294631186397517
610	-0.869341528701938	-0.0304353109945941
611	4.49525723569331	-0.0152119191361915
612	1.89836750317081	-0.0183178509198339
613	6.00179299880979	0.0355771262905392
614	-0.820155155790156	0.00359494429676504
615	10.4879588762689	0.0443211059086458
616	4.88252368699216	0.0155883523618055
617	7.57904157297518	0.0388074142645924
618	12.7905455593364	0.0677666799182609
619	5.20286454340831	0.00316538823551649
620	9.51714529827255	0.0451239147604654
621	12.0544175164873	0.061727416424941
622	3.10998285685403	-0.0145607077558682
623	6.96921515976092	0.0318449726494988
624	-3.47204224019094	-0.0237026025223817
625	3.44629952051981	-0.00874556051010002
626	3.52111163146665	0.00380719948853
627	-1.15090701550391	-0.0355449509262667
628	0.647150717041725	0.0034137943461562
629	8.4799900384284	0.0548632018199047
630	3.92007108065157	-0.00102467637268943
631	7.50232048871051	0.0139392859838435
632	5.98921445041507	0.0263434196439348
633	5.6978389077052	0.0151493578495283
634	1.12700113576673	-0.0172978591195567
635	6.17436070962664	0.050395320043598
636	6.19161173170902	0.0336179735586349
637	7.74229842129755	0.046897091703053
638	0.176696717231899	-0.0255620203939454
639	9.8845820964505	0.0394506534510129
640	5.46164465263741	0.00646362625261046
641	8.5223083368831	0.0497167552134084
642	6.25799896556609	0.0313578719879822
643	9.78911989828251	0.0457032889812032
644	6.74976213704334	0.0214308365873363
645	3.97912357327344	0.0189690575892238
646	7.0572844663492	0.0463814784651045
647	0.00913835227917714	-0.0344953946015772
648	6.26382662946961	0.013427217972586
649	7.56307243974195	0.0403589357406119
650	9.07499413069979	0.0361798515047084
651	5.52764722636056	0.0134683473859057
652	8.11046093548606	0.0539677394411138
653	4.93940466953885	0.00929556281716718
654	-0.321158867783989	-0.0111130207554299
655	2.71419596914147	-0.0294964122080203
656	4.15439371908288	-0.0264570706759928
657	2.06081753325998	-0.00356675504173497
658	3.13534190568576	0.0177986705366901
659	8.08350017189722	0.0329357517262896
660	3.61185303849989	0.00599440342157815
661	14.7577466121226	0.0594226796196152
662	2.44476046765507	-0.00596007632429736
663	5.88826744001823	0.011509428259069
664	3.04474040781165	-0.00186449322791355
665	5.32389918708107	0.031760160391397
666	2.47378596763627	-0.00971730641107894
667	1.1326257215254	0.0135660749339234
668	11.1268377708767	0.0439483296202984
669	0.317469648841269	-0.0280639176639227
670	13.8490793011679	0.0554576679899624
671	4.01989431193118	-0.00115940258285883
672	7.65339134041168	0.0516693564576372
673	4.38165457688311	-0.000355881067194732
674	1.1371039062817	-0.0017187658242808
675	2.20894814040502	0.0133344322177226
676	10.2892725011752	0.0572395411718764
677	8.48548990112927	0.0542982039839374
678	3.68208522494342	0.00421636934708571
679	8.4765310343228	0.045110767684568
680	9.34837407423894	0.0644632845954769
681	3.07857635164949	0.00893261886114878
682	7.2798189143299	0.0382685522707667
683	6.15610641991942	0.00527267816846243
684	-0.142907778321387	-0.00260804227795114
685	9.27293815158678	0.0429745106986575
686	2.0982078041663	-0.0155584662436157
687	9.65965434419219	0.0381214312505399
688	-0.148064794940074	-0.0241104762821066
689	2.68589978734744	-0.0110400400052573
690	1.25385013463343	-0.0218286343220868
691	0.79051291917728	-0.0116586432843368
692	2.12294813924888	-0.0307364136936097
693	9.02826433377465	0.0308540513688523
694	10.9156578513234	0.0555577453792951
695	11.5206430384198	0.0452790598431303
696	9.68467876178348	0.0472211128463292
697	1.91010902651787	0.0111091459388649
698	2.77447815608451	0.00633794943028911
699	6.28121768345242	0.0486529263639307
700	5.31239821044149	0.0269101162358946
701	5.61595378247751	0.0321670085553074
702	3.32259900951617	0.000331843697195506
703	0.421278453547899	-0.00842465270806464
704	11.2282662788883	0.0678488175544359
705	5.29274988542538	0.0299254764611646
706	5.09307216135443	-0.0144482003055399
707	1.98588312896555	-0.0232995772907761
708	6.55776487074047	0.0135209697113215
709	10.8572643536451	0.060605021337122
710	9.5494837667534	0.026258442758543
711	9.44257543115604	0.0661053374133172
712	6.85822068188835	0.0403039046502414
713	6.14528742208058	0.000704502875731104
714	2.87629157998856	0.00859626291307362
715	0.363777240928913	-0.0213105344426338
716	-1.62868495311718	-0.0355779718617212
717	6.9468070560279	0.038590717552927
718	-0.320015776978275	-0.02606451649717
719	5.34378884586512	0.0101599712333636
720	6.32655157710804	0.0306231255200598
721	9.89014851630298	0.0677595559346978
722	7.6332005846152	0.0153660364686619
723	4.38303547533982	0.0141788900285951
724	0.722194958329392	-0.018646670935096
725	7.85746985167533	0.0427352450776632
726	5.87207848473772	0.010963554966688
727	4.9869085969998	0.0170105712819625
728	1.41527301647559	-0.0150461017950742
729	0.380576755278162	-0.0128169895111311
730	5.50000341126558	0.0259365326154962
731	6.01878726025075	0.0237362680868861
732	-1.25301640912889	-0.0288222491482421
733	0.489479340289447	-0.0332063293408393
734	3.67675774278389	0.0309076050663403
735	10.7564981171972	0.0610844312960153
736	3.10420942118442	0.0261878578430645
737	5.12885672243312	0.0222611632704898
738	4.25577287807814	0.018579271641514
739	9.51695312516895	0.0670475886034576
740	4.97790831229541	0.0166380893414083
741	3.36473809271818	0.0351300197605537
742	8.57166123582939	0.0265519814272402
743	-1.46352073935419	-0.011738961883598
744	1.17093031712545	-0.0097015595907709
745	5.51987527026427	0.0400417614406765
746	2.92921197445074	0.0108236976800833
747	5.27585431224622	-0.0184688285500402
748	7.99517047483296	0.0418776535882164
749	-2.31274937607482	-0.0258741131506676
750	6.09332831950654	0.0543198983799253
751	7.27611386265936	0.0279354749300768
752	5.64879480072828	0.0218661666490376
753	2.30919107955057	-0.00224641334909166
754	2.57885305050109	0.0108828872749755
755	2.03037105120919	0.0158778240948409
756	-0.979988259671014	-0.0178628427224046
757	7.3556248410648	0.0189596633616527
758	-1.3392244410917	-0.0290110930709127
759	-0.435782502973813	-0.00763324802643929
760	5.2909754756972	-0.0145018999478122
761	3.26768652644564	-0.00689054086910455
762	9.26383503353843	0.0575452760752614
763	6.47178997731563	0.0101547951468389
764	10.1326639801678	0.0453920527927836
765	8.32894232197286	0.0560169993236312
766	8.36969544311348	0.00665892589053282
767	-0.744352294156173	-0.0302218061890223
768	0.176860599782797	-0.00153795375661988
769	7.39591215553284	0.0394522372112666
770	3.46646068043498	-0.00131329635554207
771	11.1809262679119	0.0296003808525722
772	9.2989793838667	0.0517933288208854
773	10.1875775873683	0.0534316243655953
774	3.54200550161921	0.00436098614950316
775	2.89792494252289	0.00321381840331808
776	9.67589305531378	0.0575823687399154
777	8.30706836619223	0.0310681151500773
778	12.0434338018991	0.0412843343765134
779	8.31842623588073	0.0269491973091256
780	12.2527961347413	0.0583885967115126
781	0.0621150180741119	-0.00594669065313674
782	3.26291245876743	-0.0167654714005771
783	10.077260926972	0.0566327318390567
784	2.10557377058723	0.0161838489212153
785	10.5667360015893	0.0556409772449107
786	0.952814259871516	-0.0169836510115478
787	11.0264112525838	0.0430817698152452
788	6.16182271281429	0.0395338448050899
789	9.46427431168132	0.062679703857127
790	3.71954004943786	0.02086178980991
791	7.18671848980617	0.0381871700961235
792	4.47088475688388	0.00410187385691395
793	-1.25301883204675	-0.0263085232956227
794	11.7883713990251	0.0609457931166523
795	-0.0173755688770831	-0.00705503236687542
796	3.9909090801482	0.0253939744845817
797	3.20664267301305	-0.0253068359015152
798	7.0543894547932	0.0517819766667201
799	3.63951363795564	-0.00338811619196378
800	7.63206394165678	0.0456946921033083
801	0.933196336220535	-0.0118690343702339
802	3.83277344408565	0.00311930162912743
803	4.20298313540266	0.0313385388230858
804	13.0890550842129	0.0784838155270117
805	2.07919871608019	-0.0208420155123175
806	8.13973945137633	0.077103552612806
807	11.3109613281212	0.0836105388775906
808	8.40622292010059	0.0437020686194325
809	7.70093123009355	0.0392478584598989
810	-0.869341528701938	-0.0405090277932363
811	4.49525723569331	-0.0202385408998484
812	1.89836750317081	-0.0243741993718683
813	6.00179299880979	0.0473888767759292
814	-0.820155155790156	0.00480346565620449
815	10.4879588762689	0.0590317961656085
816	4.88252368699216	0.020773114421126
817	7.57904157297518	0.0516901199317882
818	12.7905455593364	0.0902504105907203
819	5.20286454340831	0.00423149650566935
820	9.51714529827255	0.0601007646622528
821	12.0544175164873	0.0822089167747749
822	3.10998285685403	-0.0193714298202383
823	6.96921515976092	0.0424193816615363
824	-3.47204224019094	-0.0315441873613285
825	3.44629952051981	-0.011628354747031
826	3.52111163146665	0.00508609098193638
827	-1.15090701550391	-0.0473126948227841
828	0.647150717041725	0.00456225806372386
829	8.4799900384284	0.0730689712567865
830	3.92007108065157	-0.00134772332346528
831	7.50232048871051	0.0185773239749677
832	5.98921445041507	0.0350938684559487
833	5.6978389077052	0.020188577637855
834	1.12700113576673	-0.0230160440664545
835	6.17436070962664	0.0671198280021021
836	6.19161173170902	0.0447801953372857
837	7.74229842129755	0.0624618127327943
838	0.176696717231899	-0.0340200682915076
839	9.8845820964505	0.0525466157520974
840	5.46164465263741	0.00862321755697205
841	8.5223083368831	0.0662162948325819
842	6.25799896556609	0.0417707898321417
843	9.78911989828251	0.0608722220126954
844	6.74976213704334	0.0285525896537154
845	3.97912357327344	0.025274643491664
846	7.0572844663492	0.061775255395303
847	0.00913835227917714	-0.0459151733031795
848	6.26382662946961	0.0178954872327183
849	7.56307243974195	0.053756025876862
850	9.07499413069979	0.0481914268033981
851	5.52764722636056	0.0179502525071975
852	8.11046093548606	0.0718766312985409
853	4.93940466953885	0.0123940416642861
854	-0.321158867783989	-0.0147807121401758
855	2.71419596914147	-0.0392588507154547
856	4.15439371908288	-0.0352118595283043
857	2.06081753325998	-0.00473259134907592
858	3.13534190568576	0.0237162315668287
859	8.08350017189722	0.0438717927395226
860	3.61185303849989	0.00799843069376923
861	14.7577466121226	0.0791400778695162
862	2.44476046765507	-0.00791938363170838
863	5.88826744001823	0.0153418821219976
864	3.04474040781165	-0.00246596929092165
865	5.32389918708107	0.0423064511279049
866	2.47378596763627	-0.0129222689241546
867	1.1326257215254	0.0180803802080174
868	11.1268377708767	0.0585354312991321
869	0.317469648841269	-0.0373514333572821
870	13.8490793011679	0.0738605240737144
871	4.01989431193118	-0.00152711605688738
872	7.65339134041168	0.0688162527327199
873	4.38165457688311	-0.000457198623024955
874	1.1371039062817	-0.00227192807771365
875	2.20894814040502	0.0177719397049829
876	10.2892725011752	0.0762331514957518
877	8.48548990112927	0.0723166565732196
878	3.68208522494342	0.00563091517960326
879	8.4765310343228	0.0600832588637984
880	9.34837407423894	0.085851822403738
881	3.07857635164949	0.0119107688974851
882	7.2798189143299	0.0509726060502046
883	6.15610641991942	0.00703742788835078
884	-0.142907778321387	-0.00345603125697809
885	9.27293815158678	0.0572387568213771
886	2.0982078041663	-0.020699980680439
887	9.65965434419219	0.0507767091870098
888	-0.148064794940074	-0.0320872857573734
889	2.68589978734744	-0.0146835356795287
890	1.25385013463343	-0.0290489321517127
891	0.79051291917728	-0.0155072279143092
892	2.12294813924888	-0.0409099567301467
893	9.02826433377465	0.041099934785403
894	10.9156578513234	0.0739937806716961
895	11.5206430384198	0.0603073458495456
896	9.68467876178348	0.0628932583921488
897	1.91010902651787	0.0148088919972723
898	2.77447815608451	0.00845587440484387
899	6.28121768345242	0.0647997689393563
900	5.31239821044149	0.0358484450934481
901	5.61595378247751	0.0428481839067003
902	3.32259900951617	0.000458531324183627
903	0.421278453547899	-0.0112010546121038
904	11.2282662788883	0.0903597797702714
905	5.29274988542538	0.0398635043189939
906	5.09307216135443	-0.0192216221546075
907	1.98588312896555	-0.0310075449526622
908	6.55776487074047	0.0180203210022847
909	10.8572643536451	0.0807144078553136
910	9.5494837667534	0.034980718715234
911	9.44257543115604	0.0880382740455191
912	6.85822068188835	0.0536827500256943
913	6.14528742208058	0.000954740254786505
914	2.87629157998856	0.0114628990074903
915	0.363777240928913	-0.028359063762749
916	-1.62868495311718	-0.0473566633710265
917	6.9468070560279	0.0514015805645756
918	-0.320015776978275	-0.0346891596982805
919	5.34378884586512	0.0135450321685062
920	6.32655157710804	0.040792448816781
921	9.89014851630298	0.0902409247536093
922	7.6332005846152	0.020477092914219
923	4.38303547533982	0.0188963652697011
924	0.722194958329392	-0.0248120348996961
925	7.85746985167533	0.056920166149895
926	5.87207848473772	0.0146150324473929
927	4.9869085969998	0.0226668494210997
928	1.41527301647559	-0.0200177492214184
929	0.380576755278162	-0.0170496070520623
930	5.50000341126558	0.0345520839276537
931	6.01878726025075	0.0316223535690043
932	-1.25301640912889	-0.0383611786595589
933	0.489479340289447	-0.0441987371294574
934	3.67675774278389	0.0411712434354804
935	10.7564981171972	0.0813527592410426
936	3.10420942118442	0.0348867323935663
937	5.12885672243312	0.0296581991200318
938	4.25577287807814	0.0247556296596764
939	9.51695312516895	0.0892929149677049
940	4.97790831229541	0.0221708764891633
941	3.36473809271818	0.0467935385529946
942	8.57166123582939	0.0353715758771513
943	-1.46352073935419	-0.0156141749816095
944	1.17093031712545	-0.0129013014736919
945	5.51987527026427	0.0533336970325703
946	2.92921197445074	0.0144288075034754
947	5.27585431224622	-0.0245752314482121
948	7.99517047483296	0.055778252625734
949	-2.31274937607482	-0.0344356308805484
950	6.09332831950654	0.0723455434319185
951	7.27611386265936	0.0372137466086928
952	5.64879480072828	0.0291322470909077
953	2.30919107955057	-0.00297450949554029
954	2.57885305050109	0.0145076205510963
955	2.03037105120919	0.021158556313779
956	-0.979988259671014	-0.0237683397981174
957	7.3556248410648	0.0252621347440324
958	-1.3392244410917	-0.0386126310490786
959	-0.435782502973813	-0.0101472711730736
960	5.2909754756972	-0.0192931251353484
961	3.26768652644564	-0.00915833021704941
962	9.26383503353843	0.0766402483772853
963	6.47178997731563	0.0135381400254784
964	10.1326639801678	0.0604577999747693
965	8.32894232197286	0.0746052936082342
966	8.36969544311348	0.00888326596061368
967	-0.744352294156173	-0.0402247385623427
968	0.176860599782797	-0.00203117038837755
969	7.39591215553284	0.0525487245851198
970	3.46646068043498	-0.00173203108050138
971	11.1809262679119	0.039430627970913
972	9.2989793838667	0.0689813263370611
973	10.1875775873683	0.0711627750362358
974	3.54200550161921	0.00582347758785189
975	2.89792494252289	0.00429598299401556
976	9.67589305531378	0.0766896385775575
977	8.30706836619223	0.04138496831223
978	12.0434338018991	0.0549882270245876
979	8.31842623588073	0.0359004829303557
980	12.2527961347413	0.0777631597536102
981	0.0621150180741119	-0.00790156013518774
982	3.26291245876743	-0.022307150911752
983	10.077260926972	0.0754251633192589
984	2.10557377058723	0.0215660392380688
985	10.5667360015893	0.0741046068566071
986	0.952814259871516	-0.0225976648120523
987	11.0264112525838	0.0573815761442461
988	6.16182271281429	0.0526573879944561
989	9.46427431168132	0.0834769213096651
990	3.71954004943786	0.0277948836608045
991	7.18671848980617	0.0508642427945122
992	4.47088475688388	0.00547846036831903
993	-1.25301883204675	-0.0350140634159237
994	11.7883713990251	0.0811681575817119
995	-0.0173755688770831	-0.0093773564879785
996	3.9909090801482	0.0338296485082742
997	3.20664267301305	-0.0336802810773759
998	7.0543894547932	0.0689662105406369
999	3.63951363795564	-0.00449472737653829
1000	7.63206394165678	0.0608607749644741
1001	0.933196336220535	-0.014795481393641
1002	3.83277344408565	0.00391468687009535
1003	4.20298313540266	0.0391411907458923
1004	13.0890550842129	0.0979933581918616
1005	2.07919871608019	-0.0259965905096143
1006	8.13973945137633	0.0962703549596093
1007	11.3109613281212	0.104393125086268
1008	8.40622292010059	0.054574773421996
1009	7.70093123009355	0.0490145149936776
1010	-0.869341528701938	-0.0505472216828573
1011	4.49525723569331	-0.0252432639533728
1012	1.89836750317081	-0.0304058694551534
1013	6.00179299880979	0.0591770722340261
1014	-0.820155155790156	0.00601705449327156
1015	10.4879588762689	0.0737111059567356
1016	4.88252368699216	0.0259522104383466
1017	7.57904157297518	0.0645463796203027
1018	12.7905455593364	0.11268177814339
1019	5.20286454340831	0.00530305668533378
1020	9.51714529827255	0.0750455156231389
1021	12.0544175164873	0.102643458853341
1022	3.10998285685403	-0.024160835977142
1023	6.96921515976092	0.0529735757431503
1024	-3.47204224019094	-0.0393562747394682
1025	3.44629952051981	-0.0144950373518226
1026	3.52111163146665	0.00636985999484707
1027	-1.15090701550391	-0.0590403429298522
1028	0.647150717041725	0.00571595137935714
1029	8.4799900384284	0.0912339255622381
1030	3.92007108065157	-0.00166156845970776
1031	7.50232048871051	0.0232111717585841
1032	5.98921445041507	0.0438290259611993
1033	5.6978389077052	0.0252225242629227
1034	1.12700113576673	-0.0287104634878959
1035	6.17436070962664	0.0838075193671169
1036	6.19161173170902	0.0559206154355139
1037	7.74229842129755	0.077992847914094
1038	0.176696717231899	-0.042446954639265
1039	9.8845820964505	0.065615556406562
1040	5.46164465263741	0.0107853090074573
1041	8.5223083368831	0.0826796251409459
1042	6.25799896556609	0.0521639286773935
1043	9.78911989828251	0.0760085375914008
1044	6.74976213704334	0.0356634479373939
1045	3.97912357327344	0.0315715377844546
1046	7.0572844663492	0.0771358079259517
1047	0.00913835227917714	-0.0572957955174438
1048	6.26382662946961	0.0223600245614284
1049	7.56307243974195	0.0671252814978047
1050	9.07499413069979	0.0601789076649004
1051	5.52764722636056	0.0224283888882329
1052	8.11046093548606	0.0897455094200259
1053	4.93940466953885	0.0154924862113715
1054	-0.321158867783989	-0.0184301731304499
1055	2.71419596914147	-0.0489866065828384
1056	4.15439371908288	-0.0439346858041296
1057	2.06081753325998	-0.0058869508045134
1058	3.13534190568576	0.0296261484270821
1059	8.08350017189722	0.0547866426278528
1060	3.61185303849989	0.010005378043807
1061	14.7577466121226	0.0988125804760388
1062	2.44476046765507	-0.00986507218050674
1063	5.88826744001823	0.0191723203824751
1064	3.04474040781165	-0.00305749194395877
1065	5.32389918708107	0.0528326028368551
1066	2.47378596763627	-0.016110250139543
1067	1.1326257215254	0.0225908292804297
1068	11.1268377708767	0.0730914861288658
1069	0.317469648841269	-0.0466055484238739
1070	13.8490793011679	0.0922220330075868
1071	4.01989431193118	-0.00188550714294533
1072	7.65339134041168	0.0859251922133872
1073	4.38165457688311	-0.00054991290374999
1074	1.1371039062817	-0.00281526734014845
1075	2.20894814040502	0.0222057982995808
1076	10.2892725011752	0.0951838199794939
1077	8.48548990112927	0.0902947996767886
1078	3.68208522494342	0.00704997234440587
1079	8.4765310343228	0.0750236628681241
1080	9.34837407423894	0.107190953471137
1081	3.07857635164949	0.0148892094510618
1082	7.2798189143299	0.0636506961063645
1083	6.15610641991942	0.00880574359525528
1084	-0.142907778321387	-0.00429340138562268
1085	9.27293815158678	0.0714728276157978
1086	2.0982078041663	-0.0258192862642417
1087	9.65965434419219	0.0634061550663938
1088	-0.148064794940074	-0.0400342327445595
1089	2.68589978734744	-0.0183088662735673
1090	1.25385013463343	-0.0362414096313691
1091	0.79051291917728	-0.0193370938440551
1092	2.12294813924888	-0.0510477073853204
1093	9.02826433377465	0.0513264900981148
1094	10.9156578513234	0.0923883792497978
1095	11.5206430384198	0.0753033940677198
1096	9.68467876178348	0.0785314281062865
1097	1.91010902651787	0.0185069806865311
1098	2.77447815608451	0.0105764120001954
1099	6.28121768345242	0.0809113542793025
1100	5.31239821044149	0.044770975478217
1101	5.61595378247751	0.0535088561211207
1102	3.32259900951617	0.000593206745899248
1103	0.421278453547899	-0.0139616320809544
1104	11.2282662788883	0.112818305357109
1105	5.29274988542538	0.049783035102583
1106	5.09307216135443	-0.0239738287849315
1107	1.98588312896555	-0.0386863758418166
1108	6.55776487074047	0.0225158564585572
1109	10.8572643536451	0.100777840591516
1110	9.5494837667534	0.0436877794153613
1111	9.44257543115604	0.109920334379063
1112	6.85822068188835	0.0670338101360022
1113	6.14528742208058	0.00121263191664163
1114	2.87629157998856	0.014330126641441
1115	0.363777240928913	-0.0353802364072104
1116	-1.62868495311718	-0.0590952295387434
1117	6.9468070560279	0.0641861915306115
1118	-0.320015776978275	-0.043282191639895
1119	5.34378884586512	0.0169292851999209
1120	6.32655157710804	0.050942650677121
1121	9.89014851630298	0.112669936828352
1122	7.6332005846152	0.0255826822796404
1123	4.38303547533982	0.0236094358692764
1124	0.722194958329392	-0.0309524262175484
1125	7.85746985167533	0.0710751260249781
1126	5.87207848473772	0.0182649828558227
1127	4.9869085969998	0.0283161887010399
1128	1.41527301647559	-0.0249676463361247
1129	0.380576755278162	-0.0212624692289588
1130	5.50000341126558	0.0431527080772447
1131	6.01878726025075	0.0394954810188146
1132	-1.25301640912889	-0.0478660288741334
1133	0.489479340289447	-0.055153142081754
1134	3.67675774278389	0.0514155057728144
1135	10.7564981171972	0.101574704355371
1136	3.10420942118442	0.0435704548575873
1137	5.12885672243312	0.0370435970846802
1138	4.25577287807814	0.0309236449077465
1139	9.51695312516895	0.111486521764085
1140	4.97790831229541	0.0276970581310299
1141	3.36473809271818	0.0584339024568464
1142	8.57166123582939	0.0441756923675976
1143	-1.46352073935419	-0.0194705974981356
1144	1.17093031712545	-0.0160840761515675
1145	5.51987527026427	0.0665980819648036
1146	2.92921197445074	0.0180325154200946
1147	5.27585431224622	-0.0306568208599632
1148	7.99517047483296	0.0696496579689777
1149	-2.31274937607482	-0.0429657077527126
1150	6.09332831950654	0.0903308595827642
1151	7.27611386265936	0.0464753021681212
1152	5.64879480072828	0.0363870431507422
1153	2.30919107955057	-0.00369231043199474
1154	2.57885305050109	0.0181308989486216
1155	2.03037105120919	0.0264333634274268
1156	-0.979988259671014	-0.0296495657153948
1157	7.3556248410648	0.0315559229241415
1158	-1.3392244410917	-0.0481799207243317
1159	-0.435782502973813	-0.0126461781534046
1160	5.2909754756972	-0.02406308704556
1161	3.26768652644564	-0.0114116680856492
1162	9.26383503353843	0.0956920052212351
1163	6.47178997731563	0.0169206816327368
1164	10.1326639801678	0.0754912082452927
1165	8.32894232197286	0.0931517401684861
1166	8.36969544311348	0.011109931393095
1167	-0.744352294156173	-0.050192339103109
1168	0.176860599782797	-0.00251472584718627
1169	7.39591215553284	0.0656181888949643
1170	3.46646068043498	-0.00214130569001211
1171	11.1809262679119	0.0492426689598484
1172	9.2989793838667	0.0861312561095566
1173	10.1875775873683	0.0888543917679783
1174	3.54200550161921	0.00729035093344709
1175	2.89792494252289	0.0053835561515685
1176	9.67589305531378	0.095753659760986
1177	8.30706836619223	0.0516823017938205
1178	12.0434338018991	0.0686634569703654
1179	8.31842623588073	0.0448359351031323
1180	12.2527961347413	0.0970937526064818
1181	0.0621150180741119	-0.0098428228381539
1182	3.26291245876743	-0.0278255413587108
1183	10.077260926972	0.0941751960243107
1184	2.10557377058723	0.0269420305722244
1185	10.5667360015893	0.0925267252655132
1186	0.952814259871516	-0.0281881942881491
1187	11.0264112525838	0.0716511111532303
1188	6.16182271281429	0.0657538350849671
1189	9.46427431168132	0.104226328239775
1190	3.71954004943786	0.0347175919983217
1191	7.18671848980617	0.06351542460273
1192	4.47088475688388	0.00685966067993121
1193	-1.25301883204675	-0.0436877739024541
1194	11.7883713990251	0.101344263290533
1195	-0.0173755688770831	-0.0116850819178076
1196	3.9909090801482	0.0422508809326672
1197	3.20664267301305	-0.0420227930812014
1198	7.0543894547932	0.0861123868305019
1199	3.63951363795564	-0.0055900215823336
1200	7.63206394165678	0.075994248066643
1201	0.933196336220535	-0.0177057060359795
1202	3.83277344408565	0.00471624716150347
1203	4.20298313540266	0.0469311011425301
1204	13.0890550842129	0.117458555810136
1205	2.07919871608019	-0.031128928148045
1206	8.13973945137633	0.115393737509835
1207	11.3109613281212	0.125127929583718
1208	8.40622292010059	0.0654264488890168
1209	7.70093123009355	0.0587631280418546
1210	-0.869341528701938	-0.0605499945636815
1211	4.49525723569331	-0.0302261541831948
1212	1.89836750317081	-0.0364129344037847
1213	6.00179299880979	0.0709417669294309
1214	-0.820155155790156	0.00723568941270569
1215	10.4879588762689	0.088359110232155
1216	4.88252368699216	0.0311256473908674
1217	7.57904157297518	0.0773762552365902
1218	12.7905455593364	0.135060912991311
1219	5.20286454340831	0.00638004636305364
1220	9.51714529827255	0.0899582444924468
1221	12.0544175164873	0.123031158788665
1222	3.10998285685403	-0.0289289905724467
1223	6.96921515976092	0.0635076003298307
1224	-3.47204224019094	-0.047138950629538
1225	3.44629952051981	-0.0173456589135187
1226	3.52111163146665	0.00765848563413105
1227	-1.15090701550391	-0.0707280092355088
1228	0.647150717041725	0.00687485246925122
1229	8.4799900384284	0.109358164625697
1230	3.92007108065157	-0.00196624410525824
1231	7.50232048871051	0.0278408324109164
1232	5.98921445041507	0.0525489245802193
1233	5.6978389077052	0.0302512036636073
1234	1.12700113576673	-0.0343811882049939
1235	6.17436070962664	0.100458483458465
1236	6.19161173170902	0.0670392834831766
1237	7.74229842129755	0.0934902782910583
1238	0.176696717231899	-0.0508427698087572
1239	9.8845820964505	0.0786575388425642
1240	5.46164465263741	0.012949885995212
1241	8.5223083368831	0.0991068338530507
1242	6.25799896556609	0.0625373328068998
1243	9.78911989828251	0.0911123139372613
1244	6.74976213704334	0.042763432237266
1245	3.97912357327344	0.0378597554426893
1246	7.0572844663492	0.0924632158813769
1247	0.00913835227917714	-0.068637372749485
1248	6.26382662946961	0.0268208318235469
1249	7.56307243974195	0.0804667681803099
1250	9.07499413069979	0.0721423497796761
1251	5.52764722636056	0.0269027584911417
1252	8.11046093548606	0.107574471576621
1253	4.93940466953885	0.0185908885490471
1254	-0.321158867783989	-0.0220614599159679
1255	2.71419596914147	-0.0586797794892542
1256	4.15439371908288	-0.0526256419924181
1257	2.06081753325998	-0.00702987174565356
1258	3.13534190568576	0.0355284333237733
1259	8.08350017189722	0.0656803494072134
1260	3.61185303849989	0.0120152297528024
1261	14.7577466121226	0.118440298114922
1262	2.44476046765507	-0.0117971859701498
1263	5.88826744001823	0.0230007403684399
1264	3.04474040781165	-0.00363909549761087
1265	5.32389918708107	0.0633386607530986
1266	2.47378596763627	-0.0192813029451353
1267	1.1326257215254	0.027097424344483
1268	11.1268377708767	0.0876165681777548
1269	0.317469648841269	-0.0558263591539459
1270	13.8490793011679	0.110542296087338
1271	4.01989431193118	-0.00223460848359419
1272	7.65339134041168	0.102996267233434
1273	4.38165457688311	-0.000634054651050224
1274	1.1371039062817	-0.0033488175774256
1275	2.20894814040502	0.0266360096468445
1276	10.2892725011752	0.114091652134217
1277	8.48548990112927	0.108232731847473
1278	3.68208522494342	0.00847352091633073
1279	8.4765310343228	0.0899320565157664
1280	9.34837407423894	0.12848080039791
1281	3.07857635164949	0.0178679317538905
1282	7.2798189143299	0.076302883070921
1283	6.15610641991942	0.0105776078629101
1284	-0.142907778321387	-0.00512018873347584
1285	9.27293815158678	0.0856767948464235
1286	2.0982078041663	-0.0309164497012763
1287	9.65965434419219	0.0760098291723244
1288	-0.148064794940074	-0.0479514041813041
1289	2.68589978734744	-0.0219160878044393
1290	1.25385013463343	-0.0434061483005693
1291	0.79051291917728	-0.0231482985540627
1292	2.12294813924888	-0.0611497682716703
1293	9.02826433377465	0.0615337603982675
1294	10.9156578513234	0.110741642646111
1295	11.5206430384198	0.0902672817140008
1296	9.68467876178348	0.0941357037993813
1297	1.91010902651787	0.0222034083876369
1298	2.77447815608451	0.0126995473101774
1299	6.28121768345242	0.0969877675816326
1300	5.31239821044149	0.0536777411513615
1301	5.61595378247751	0.0641490713958952
1302	3.32259900951617	0.000735840847604147
1303	0.421278453547899	-0.0167064349444923
1304	11.2282662788883	0.135224524924299
1305	5.29274988542538	0.059684109706493
1306	5.09307216135443	-0.0287048842762214
1307	1.98588312896555	-0.0463361549775447
1308	6.55776487074047	0.0270075781667568
1309	10.8572643536451	0.120795433018519
1310	9.5494837667534	0.0523796570784286
1311	9.44257543115604	0.131751644898771
1312	6.85822068188835	0.0803571504278484
1313	6.14528742208058	0.00147814962815356
1314	2.87629157998856	0.017197936251224
1315	0.363777240928913	-0.0423741326898687
1316	-1.62868495311718	-0.0707937844310271
1317	6.9468070560279	0.0769446118448522
1318	-0.320015776978275	-0.051843703882302
1319	5.34378884586512	0.0203127244631519
1320	6.32655157710804	0.0610737736460611
1321	9.89014851630298	0.135046722557112
1322	7.6332005846152	0.030682811016396
1323	4.38303547533982	0.0283181054703729
1324	0.722194958329392	-0.0370679189006339
1325	7.85746985167533	0.0852001959013885
1326	5.87207848473772	0.0219134022285499
1327	4.9869085969998	0.0339585994637095
1328	1.41527301647559	-0.0298958586333511
1329	0.380576755278162	-0.0254556362625947
1330	5.50000341126558	0.0517384365222342
1331	6.01878726025075	0.0473556766891427
1332	-1.25301640912889	-0.0573368978761891
1333	0.489479340289447	-0.066069652653318
1334	3.67675774278389	0.0616404352963134
1335	10.7564981171972	0.121750381245926
1336	3.10420942118442	0.0522390572876495
1337	5.12885672243312	0.0444173799276231
1338	4.25577287807814	0.037083331438706
1339	9.51695312516895	0.133628537706492
1340	4.97790831229541	0.033216643727758
1341	3.36473809271818	0.0700511646789955
1342	8.57166123582939	0.0529643638125039
1343	-1.46352073935419	-0.0233082871036733
1344	1.17093031712545	-0.019249936475037
1345	5.51987527026427	0.0798349810639109
1346	2.92921197445074	0.0216348171356549
1347	5.27585431224622	-0.0367136703765548
1348	7.99517047483296	0.0834919387876299
1349	-2.31274937607482	-0.0514644348770139
1350	6.09332831950654	0.108275945436613
1351	7.27611386265936	0.0557201777952006
1352	5.64879480072828	0.0436305766572905
1353	2.30919107955057	-0.00439985137254478
1354	2.57885305050109	0.0217527183132895
1355	2.03037105120919	0.0317022530979841
1356	-0.979988259671014	-0.0355065926319249
1357	7.3556248410648	0.0378410428548499
1358	-1.3392244410917	-0.0577130606276411
1359	-0.435782502973813	-0.015130016925092
1360	5.2909754756972	-0.0288118498851936
1361	3.26768652644564	-0.0136506006755502
1362	9.26383503353843	0.114700652841498
1363	6.47178997731563	0.0203024140919134
1364	10.1326639801678	0.0904923550880081
1365	8.32894232197286	0.111656441623348
1366	8.36969544311348	0.0133389080411403
1367	-0.744352294156173	-0.0601247092064598
1368	0.176860599782797	-0.00298865367114153
1369	7.39591215553284	0.0786606935727044
1370	3.46646068043498	-0.00254115319070042
1371	11.1809262679119	0.0590365439448648
1372	9.2989793838667	0.103243210765447
1373	10.1875775873683	0.106506571063594
1374	3.54200550161921	0.00876158660324416
1375	2.89792494252289	0.0064765155790914
1376	9.67589305531378	0.114774538612338
1377	8.30706836619223	0.0619601591925366
1378	12.0434338018991	0.0823100919799208
1379	8.31842623588073	0.0537555876810691
1380	12.2527961347413	0.116380483499548
1381	0.0621150180741119	-0.0117705227298263
1382	3.26291245876743	-0.0333207123031037
1383	10.077260926972	0.112882934029805
1384	2.10557377058723	0.032311831309841
1385	10.5667360015893	0.11090743420104
1386	0.952814259871516	-0.033755309517633
1387	11.0264112525838	0.0858904468604431
1388	6.16182271281429	0.0788232497015851
1389	9.46427431168132	0.124928043028298
1390	3.71954004943786	0.041629934275169
1391	7.18671848980617	0.0761407759599271
1392	4.47088475688388	0.00824545459572705
1393	-1.25301883204675	-0.0523297468927465
1394	11.7883713990251	0.121474224522066
1395	-0.0173755688770831	-0.0139782552461443
1396	3.9909090801482	0.0506577019322023
1397	3.20664267301305	-0.0503344616808443
1398	7.0543894547932	0.103220598136535
1399	3.63951363795564	-0.0066740367243521
1400	7.63206394165678	0.0910951896094189
1401	0.933196336220535	-0.0205997591722359
1402	3.83277344408565	0.00552395818771649
1403	4.20298313540266	0.0547082957018899
1404	13.0890550842129	0.13687951761222
1405	2.07919871608019	-0.0362390952027307
1406	8.13973945137633	0.134473807048041
1407	11.3109613281212	0.145815070684882
1408	8.40622292010059	0.0762571426175765
1409	7.70093123009355	0.0684937373086455
1410	-0.869341528701938	-0.0705174480608017
1411	4.49525723569331	-0.0351872772950777
1412	1.89836750317081	-0.0423954672519177
1413	6.00179299880979	0.0826830149922544
1414	-0.820155155790156	0.0084593490832125
1415	10.4879588762689	0.102975883753246
1416	4.88252368699216	0.0362934322456328
1417	7.57904157297518	0.0901798085325699
1418	12.7905455593364	0.157387945215286
1419	5.20286454340831	0.00746244319400446
1420	9.51714529827255	0.104839027925769
1421	12.0544175164873	0.143372132412016
1422	3.10998285685403	-0.0336759577753936
1423	6.96921515976092	0.0740215007457366
1424	-3.47204224019094	-0.0548923007709217
1425	3.44629952051981	-0.0201802698806213
1426	3.52111163146665	0.00895194706930641
1427	-1.15090701550391	-0.0823758074209539
1428	0.647150717041725	0.00803893957469154
1429	8.4799900384284	0.127441788082434
1430	3.92007108065157	-0.00226178249132614
1431	7.50232048871051	0.0324663090079654
1432	5.98921445041507	0.0612535966563485
1433	5.6978389077052	0.0352746217710533
1434	1.12700113576673	-0.0400282888452512
1435	6.17436070962664	0.11707280936953
1436	6.19161173170902	0.0781362489877974
1437	7.74229842129755	0.108954184703061
1438	0.176696717231899	-0.0592076039266323
1439	9.8845820964505	0.091672626329735
1440	5.46164465263741	0.0151169339575471
1441	8.5223083368831	0.115498008461217
1442	6.25799896556609	0.0728910463955137
1443	9.78911989828251	0.106183629072893
1444	6.74976213704334	0.0498525633055167
1445	3.97912357327344	0.044139311410028
1446	7.0572844663492	0.107757558884371
1447	0.00913835227917714	-0.0799400162040932
1448	6.26382662946961	0.0312779108868589
1449	7.56307243974195	0.0937805513370849
1450	9.07499413069979	0.0840818086999557
1451	5.52764722636056	0.0313733632807534
1452	8.11046093548606	0.125363615290771
1453	4.93940466953885	0.0216892407965294
1454	-0.321158867783989	-0.0256746285312134
1455	2.71419596914147	-0.0683384688444797
1456	4.15439371908288	-0.0612848203316735
1457	2.06081753325998	-0.00816139240169646
1458	3.13534190568576	0.0414230984390543
1459	8.08350017189722	0.0765529609754375
1460	3.61185303849989	0.0140279701509433
1461	14.7577466121226	0.138023341179446
1462	2.44476046765507	-0.0137157688768379
1463	5.88826744001823	0.0268271394226858
1464	3.04474040781165	-0.00421081416462072
1465	5.32389918708107	0.0738246700006811
1466	2.47378596763627	-0.0224354800822511
1467	1.1326257215254	0.031600167595593
1468	11.1268377708767	0.102110751327619
1469	0.317469648841269	-0.0650139615773295
1470	13.8490793011679	0.128821414350873
1471	4.01989431193118	-0.00257445262792756
1472	7.65339134041168	0.120029569892311
1473	4.38165457688311	-0.000709654518124136
1474	1.1371039062817	-0.00387261265844658
1475	2.20894814040502	0.0310625753956331
1476	10.2892725011752	0.132956753202125
1477	8.48548990112927	0.126130551387442
1478	3.68208522494342	0.00990154103032509
1479	8.4765310343228	0.104808516431298
1480	9.34837407423894	0.149721485470559
1481	3.07857635164949	0.0208469270688275
1482	7.2798189143299	0.0889292274243582
1483	6.15610641991942	0.0123530033186049
1484	-0.142907778321387	-0.00593642926767148
1485	9.27293815158678	0.0998507300973655
1486	2.0982078041663	-0.035991537514978
1487	9.65965434419219	0.088587791638156
1488	-0.148064794940074	-0.0558388867693622
1489	2.68589978734744	-0.0255052561344314
1490	1.25385013463343	-0.0505432294771016
1491	0.79051291917728	-0.0269408993662025
1492	2.12294813924888	-0.071216241724736
1493	9.02826433377465	0.0717217886719582
1494	10.9156578513234	0.12905367213467
1495	11.5206430384198	0.105199085810044
1496	9.68467876178348	0.109706167075329
1497	1.91010902651787	0.025898171498924
1498	2.77447815608451	0.0148252654755684
1499	6.28121768345242	0.113029093828581
1500	5.31239821044149	0.0625687757933318
1501	5.61595378247751	0.0747688758150208
1502	3.32259900951617	0.000886404598774529
1503	0.421278453547899	-0.0194355128940431
1504	11.2282662788883	0.157578568746451
1505	5.29274988542538	0.0695667689258649
1506	5.09307216135443	-0.0334148525322593
1507	1.98588312896555	-0.0539569671482993
1508	6.55776487074047	0.0314954882158745
1509	10.8572643536451	0.140767298319319
1510	9.5494837667534	0.0610563838472742
1511	9.44257543115604	0.15353233176554
1512	6.85822068188835	0.0936528361840955
1513	6.14528742208058	0.0017512652380814
1514	2.87629157998856	0.0200663183060699
1515	0.363777240928913	-0.0493408327060644
1516	-1.62868495311718	-0.0824524418069898
1517	6.9468070560279	0.0896769027479249
1518	-0.320015776978275	-0.0603737877377806
1519	5.34378884586512	0.0236953441169724
1520	6.32655157710804	0.0711858601648328
1521	9.89014851630298	0.157371412003886
1522	7.6332005846152	0.0357774855668798
1523	4.38303547533982	0.0330223777143332
1524	0.722194958329392	-0.0431585867589534
1525	7.85746985167533	0.0992954467986945
1526	5.87207848473772	0.0255602866203896
1527	4.9869085969998	0.0395940920317538
1528	1.41527301647559	-0.0348024514276177
1529	0.380576755278162	-0.0296291682079382
1530	5.50000341126558	0.0603093006459189
1531	6.01878726025075	0.0552029667717992
1532	-1.25301640912889	-0.0667738834848275
1533	0.489479340289447	-0.0769483770074122
1534	3.67675774278389	0.0718460751184336
1535	10.7564981171972	0.141879904226861
1536	3.10420942118442	0.0608925716600472
1537	5.12885672243312	0.0517795703601869
1538	4.25577287807814	0.0432347032765216
1539	9.51695312516895	0.155719091179047
1540	4.97790831229541	0.0387296427231285
1541	3.36473809271818	0.0816453782946128
1542	8.57166123582939	0.0617376230473078
1543	-1.46352073935419	-0.0271273013096035
1544	1.17093031712545	-0.0223989351482656
1545	5.51987527026427	0.0930444589942323
1546	2.92921197445074	0.0252357083749805
1547	5.27585431224622	-0.0427458533883716
1548	7.99517047483296	0.0973051640777866
1549	-2.31274937607482	-0.0599319031164779
1550	6.09332831950654	0.126180899346821
1551	7.27611386265936	0.0649484095896976
1552	5.64879480072828	0.0508628693898913
1553	2.30919107955057	-0.0050971674310671
1554	2.57885305050109	0.025373074509581
1555	2.03037105120919	0.036965232975399
1556	-0.979988259671014	-0.0413394925082793
1557	7.3556248410648	0.0441175094576519
1558	-1.3392244410917	-0.0672121490236823
1559	-0.435782502973813	-0.0175988353121555
1560	5.2909754756972	-0.0335394776847343
1561	3.26768652644564	-0.0158751740583675
1562	9.26383503353843	0.133666297201655
1563	6.47178997731563	0.0236833315495686
1564	10.1326639801678	0.105461317791175
1565	8.32894232197286	0.130119500330459
1566	8.36969544311348	0.015570181802867
1567	-0.744352294156173	-0.0700219499937274
1568	0.176860599782797	-0.00345298730252185
1569	7.39591215553284	0.0916763018917079
1570	3.46646068043498	-0.00293160649476962
1571	11.1809262679119	0.0688122929540455
1572	9.2989793838667	0.120317282696693
1573	10.1875775873683	0.124119409180574
1574	3.54200550161921	0.0102371650734112
1575	2.89792494252289	0.00757483904602995
1576	9.67589305531378	0.133752381182714
1577	8.30706836619223	0.0722185839995553
1578	12.0434338018991	0.0959281996494235
1579	8.31842623588073	0.0626594744368275
1580	12.2527961347413	0.13562346038619
1581	0.0621150180741119	-0.0136847036548218
1582	3.26291245876743	-0.0387927331162735
1583	10.077260926972	0.131548481146188
1584	2.10557377058723	0.0376754498229269
1585	10.5667360015893	0.129246835133606
1586	0.952814259871516	-0.0392990803866381
1587	11.0264112525838	0.100099655103072
1588	6.16182271281429	0.0918656953102297
1589	9.46427431168132	0.145582183753407
1590	3.71954004943786	0.0485319299008752
1591	7.18671848980617	0.0887403571545674
1592	4.47088475688388	0.00963582198050371
1593	-1.25301883204675	-0.0609400742748098
1594	11.7883713990251	0.141558155263351
1595	-0.0173755688770831	-0.0162569229327188
1596	3.9909090801482	0.0590501416100198
1597	3.20664267301305	-0.0586153764008495
1598	7.0543894547932	0.120290936823911
1599	3.63951363795564	-0.00774681061029859
1600	7.63206394165678	0.106163677595134
1601	0.933196336220535	-0.0234776915361119
1602	3.83277344408565	0.00633779570471829
1603	4.20298313540266	0.0624728000533182
1604	13.0890550842129	0.15625635254982
1605	2.07919871608019	-0.041327158265801
1606	8.13973945137633	0.15351067008652
1607	11.3109613281212	0.166454666402202
1608	8.40622292010059	0.0870669020877473
1609	7.70093123009355	0.078206382401959
1610	-0.869341528701938	-0.0804496835249073
1611	4.49525723569331	-0.0401266988145982
1612	1.89836750317081	-0.048353540834299
1613	6.00179299880979	0.0944008704184612
1614	-0.820155155790156	0.00968801223728875
1615	10.4879588762689	0.117561501093126
1616	4.88252368699216	0.0414555719591514
1617	7.57904157297518	0.102957101106023
1618	12.7905455593364	0.179663004562756
1619	5.20286454340831	0.00855022489981141
1620	9.51714529827255	0.119687942385469
1621	12.0544175164873	0.163666495258671
1622	3.10998285685403	-0.0384018015790678
1623	6.96921515976092	0.0845153222039788
1624	-3.47204224019094	-0.0626164106702679
1625	3.44629952051981	-0.0229989205614659
1626	3.52111163146665	0.0102502235323687
1627	-1.15090701550391	-0.0939838508613602
1628	0.647150717041725	0.00920819100187583
1629	8.4799900384284	0.145484895314216
1630	3.92007108065157	-0.002548215756739
1631	7.50232048871051	0.0370876046255022
1632	5.98921445041507	0.0699430744559274
1633	5.6978389077052	0.0402927845086863
1634	1.12700113576673	-0.0456518358430741
1635	6.17436070962664	0.133650585967837
1636	6.19161173170902	0.0892115613348792
1637	7.74229842129755	0.124384647785269
1638	0.176696717231899	-0.0675415468752953
1639	9.8845820964505	0.104660881979586
1640	5.46164465263741	0.0172864383778106
1641	8.5223083368831	0.131853236236109
1642	6.25799896556609	0.0832251135100552
1643	9.78911989828251	0.121222560824097
1644	6.74976213704334	0.056930861847736
1645	3.97912357327344	0.0504102205987716
1646	7.0572844663492	0.123018916356714
1647	0.00913835227917714	-0.0912038367865269
1648	6.26382662946961	0.0357312636220891
1649	7.56307243974195	0.107066696217096
1650	9.07499413069979	0.0959973398400931
1651	5.52764722636056	0.0358402052245822
1652	8.11046093548606	0.143113037836954
1653	4.93940466953885	0.0247875351015448
1654	-0.321158867783989	-0.0292697348558513
1655	2.71419596914147	-0.0779627737896995
1656	4.15439371908288	-0.0699123128106171
1657	2.06081753325998	-0.00928155089372741
1658	3.13534190568576	0.0473101559309616
1659	8.08350017189722	0.0874045251125595
1660	3.61185303849989	0.0160435836173585
1661	14.7577466121226	0.157561819781166
1662	2.44476046765507	-0.0156208646538441
1663	5.88826744001823	0.0306515149028147
1664	3.04474040781165	-0.00477268206015158
1665	5.32389918708107	0.0842906755931253
1666	2.47378596763627	-0.0255728341460295
1667	1.1326257215254	0.0360990612312557
1668	11.1268377708767	0.116574109274325
1669	0.317469648841269	-0.0741684514641288
1670	13.8490793011679	0.147059488578909
1671	4.01989431193118	-0.00290507203182332
1672	7.65339134041168	0.137025192055725
1673	4.38165457688311	-0.000776743069927471
1674	1.1371039062817	-0.00438668635543527
1675	2.20894814040502	0.0354854971983188
1676	10.2892725011752	0.151779228157206
1677	8.48548990112927	0.143988356348854
1678	3.68208522494342	0.0113340128812814
1679	8.4765310343228	0.119653119046142
1680	9.34837407423894	0.170913130662663
1681	3.07857635164949	0.0238261866894857
1682	7.2798189143299	0.101529789496356
1683	6.15610641991942	0.0141319126430371
1684	-0.142907778321387	-0.00674215885316216
1685	9.27293815158678	0.113994704772807
1686	2.0982078041663	-0.0410446160464507
1687	9.65965434419219	0.10114010244735
1688	-0.148064794940074	-0.0636967669752293
1689	2.68589978734744	-0.0290764269714633
1690	1.25385013463343	-0.057652734257617
1691	0.79051291917728	-0.0307149534441496
1692	2.12294813924888	-0.0812472298037897
1693	9.02826433377465	0.081890617800369
1694	10.9156578513234	0.147324568731706
1695	11.5206430384198	0.120098883183313
1696	9.68467876178348	0.125242899331815
1697	1.91010902651787	0.0295912664360126
1698	2.77447815608451	0.0169535516839621
1699	6.28121768345242	0.129035417787312
1700	5.31239821044149	0.0714441130040724
1701	5.61595378247751	0.0853683153494534
1702	3.32259900951617	0.00104486905287301
1703	0.421278453547899	-0.0221489154827521
1704	11.2282662788883	0.179880566764297
1705	5.29274988542538	0.0794310534566711
1706	5.09307216135443	-0.0381037972813671
1707	1.98588312896555	-0.0615488969122922
1708	6.55776487074047	0.0359795886972602
1709	10.8572643536451	0.160693549387869
1710	9.5494837667534	0.0697179917882634
1711	9.44257543115604	0.17526252081718
1712	6.85822068188835	0.106920932524206
1713	6.14528742208058	0.00203195067686426
1714	2.87629157998856	0.0229352633080469
1715	0.363777240928913	-0.0562804163332073
1716	-1.62868495311718	-0.0940713151195123
1717	6.9468070560279	0.10238312532766
1718	-0.320015776978275	-0.0688725342712567
1719	5.34378884586512	0.0270771383433158
1720	6.32655157710804	0.0812789525711819
1721	9.89014851630298	0.179644134899349
1722	7.6332005846152	0.0408667123644258
1723	4.38303547533982	0.0377222562407868
1724	0.722194958329392	-0.0492245034010634
1725	7.85746985167533	0.113360949558017
1726	5.87207848473772	0.0292056321043438
1727	4.9869085969998	0.0452226767085802
1728	1.41527301647559	-0.0396874898542845
1729	0.380576755278162	-0.0337831249545933
1730	5.50000341126558	0.068865331757115
1731	6.01878726025075	0.0630373773977315
1732	-1.25301640912889	-0.0761770832547294
1733	0.489479340289447	-0.087789423015746
1734	3.67675774278389	0.0820324682463847
1735	10.7564981171972	0.161963387320324
1736	3.10420942118442	0.0695310298750386
1737	5.12885672243312	0.0591301910419642
1738	4.25577287807814	0.0493777744162135
1739	9.51695312516895	0.177758310236956
1740	4.97790831229541	0.0442360645439894
1741	3.36473809271818	0.0932165962474896
1742	8.57166123582939	0.0704955028291572
1743	-1.46352073935419	-0.0309276974686144
1744	1.17093031712545	-0.0255311247293356
1745	5.51987527026427	0.10622658025833
1746	2.92921197445074	0.028835184881948
1747	5.27585431224622	-0.0487534430854549
1748	7.99517047483296	0.111089402662403
1749	-2.31274937607482	-0.0683682030879555
1750	6.09332831950654	0.144045819416603
1751	7.27611386265936	0.0741600335645268
1752	5.64879480072828	0.0580839430785941
1753	2.30919107955057	-0.00578429362149518
1754	2.57885305050109	0.0289919634206632
1755	2.03037105120919	0.042222310697392
1756	-0.979988259671014	-0.0471483371084367
1757	7.3556248410648	0.0503853376227411
1758	-1.3392244410917	-0.0766772839115415
1759	-0.435782502973813	-0.020052681005333
1760	5.2909754756972	-0.0382460342988753
1761	3.26768652644564	-0.0180854341770306
1762	9.26383503353843	0.152589043995179
1763	6.47178997731563	0.0270634281754548
1764	10.1326639801678	0.120398173448164
1765	8.32894232197286	0.148541018386807
1766	8.36969544311348	0.0178037386212203
1767	-0.744352294156173	-0.0798841623131612
1768	0.176860599782797	-0.00390776008804721
1769	7.39591215553284	0.104665076967214
1770	3.46646068043498	-0.00331269842025482
1771	11.1809262679119	0.0785699559183177
1772	9.2989793838667	0.137353564060746
1773	10.1875775873683	0.141693002131759
1774	3.54200550161921	0.0117170668791665
1775	2.89792494252289	0.00867850438797971
1776	9.67589305531378	0.152687293252876
1777	8.30706836619223	0.0824576195998136
1778	12.0434338018991	0.109517847405575
1779	8.31842623588073	0.0715476290623211
1780	12.2527961347413	0.154822790944462
1781	0.0621150180741119	-0.0155854093349134
1782	3.26291245876743	-0.0442416729797619
1783	10.077260926972	0.150171940919451
1784	2.10557377058723	0.043032894469369
1785	10.5667360015893	0.147545029275312
1786	0.952814259871516	-0.0448195765901465
1787	11.0264112525838	0.114278807537712
1788	6.16182271281429	0.104881235218186
1789	9.46427431168132	0.166188868191393
1790	3.71954004943786	0.0554235982418961
1791	7.18671848980617	0.101314228324815
1792	4.47088475688388	0.0110307427597121
1793	-1.25301883204675	-0.0695188476877895
1794	11.7883713990251	0.161596169210278
1795	-0.0173755688770831	-0.0185211313075574
1796	3.9909090801482	0.0674282299981372
1797	3.20664267301305	-0.0668656265230978
1798	7.0543894547932	0.137323495023366
1799	3.63951363795564	-0.00880838094086866
1800	7.63206394165678	0.121199789829358
1801	0.933196336220535	-0.0263395537204012
1802	3.83277344408565	0.00715773553991682
1803	4.20298313540266	0.0702246397667653
1804	13.0890550842129	0.17558916929669
1805	2.07919871608019	-0.0463931837468803
1806	8.13973945137633	0.172504432866014
1807	11.3109613281212	0.187046834446396
1808	8.40622292010059	0.0978557746628894
1809	7.70093123009355	0.0879011028336415
1810	-0.869341528701938	-0.0903468020330087
1811	4.49525723569331	-0.0450444840876255
1812	1.89836750317081	-0.0542872277867952
1813	6.00179299880979	0.106095387070213
1814	-0.820155155790156	0.0109216576710477
1815	10.4879588762689	0.132116036637134
1816	4.88252368699216	0.0466120734775153
1817	7.57904157297518	0.115708194400987
1818	12.7905455593364	0.201886220448657
1819	5.20286454340831	0.00964336926836777
1820	9.51714529827255	0.134505064141174
1821	12.0544175164873	0.183914362568685
1822	3.10998285685403	-0.0431065858008668
1823	6.96921515976092	0.0949891098069029
1824	-3.47204224019094	-0.0703113656021063
1825	3.44629952051981	-0.0258016611245961
1826	3.52111163146665	0.0115532943176198
1827	-1.15090701550391	-0.105552252626681
1828	0.647150717041725	0.0103825851217365
1829	8.4799900384284	0.163487585449954
1830	3.92007108065157	-0.00282557594819181
1831	7.50232048871051	0.0417047223390607
1832	5.98921445041507	0.0786173901684918
1833	5.6978389077052	0.0453056977922254
1834	1.12700113576673	-0.051251899440285
1835	6.17436070962664	0.150191901895641
1836	6.19161173170902	0.100265269788215
1837	7.74229842129755	0.139781747969173
1838	0.176696717231899	-0.0758446882935544
1839	9.8845820964505	0.117622368745916
1840	5.46164465263741	0.0194583847852592
1841	8.5223083368831	0.148172604227307
1842	6.25799896556609	0.0935395781095859
1843	9.78911989828251	0.136229186820361
1844	6.74976213704334	0.063998348523033
1845	3.97912357327344	0.0566724978899362
1846	7.0572844663492	0.138247367519687
1847	0.00913835227917714	-0.102428945103304
1848	6.26382662946961	0.040180891902886
1849	7.56307243974195	0.120325267905991
1850	9.07499413069979	0.107888998476919
1851	5.52764722636056	0.0403032862928121
1852	8.11046093548606	0.160822836242325
1853	4.93940466953885	0.0278857636402476
1854	-0.321158867783989	-0.0328468346151407
1855	2.71419596914147	-0.0875527931982151
1856	4.15439371908288	-0.0785082111688483
1857	2.06081753325998	-0.0103903852350074
1858	3.13534190568576	0.0531896179334713
1859	8.08350017189722	0.0982350894811155
1860	3.61185303849989	0.018062054579982
1861	14.7577466121226	0.177055843750642
1862	2.44476046765507	-0.017512516931844
1863	5.88826744001823	0.0344738641811908
1864	3.04474040781165	-0.00532473320205014
1865	5.32389918708107	0.0947367224337124
1866	2.47378596763627	-0.0286934175858194
1867	1.1326257215254	0.0405941074510335
1868	11.1268377708767	0.131006715528258
1869	0.317469648841269	-0.0832899243254076
1870	13.8490793011679	0.165256619295645
1871	4.01989431193118	-0.00322649905819517
1872	7.65339134041168	0.15398322535625
1873	4.38165457688311	-0.000835350783411762
1874	1.1371039062817	-0.00489107234419852
1875	2.20894814040502	0.0399047767107709
1876	10.2892725011752	0.170559181705931
1877	8.48548990112927	0.161806244534505
1878	3.68208522494342	0.0127709167238727
1879	8.4765310343228	0.134465940599068
1880	9.34837407423894	0.192055857635691
1881	3.07857635164949	0.0268057019401459
1882	7.2798189143299	0.114104629466179
1883	6.15610641991942	0.0159143185701641
1884	-0.142907778321387	-0.00753741325299409
1885	9.27293815158678	0.128108790097464
1886	2.0982078041663	-0.0460757514549516
1887	9.65965434419219	0.113666821433859
1888	-0.148064794940074	-0.0715251310307639
1889	2.68589978734744	-0.0326296558694994
1890	1.25385013463343	-0.0647347435182154
1891	0.79051291917728	-0.034470517793805
1892	2.12294813924888	-0.0912428342925664
1893	9.02826433377465	0.0920402905600336
1894	10.9156578513234	0.165554433196309
1895	11.5206430384198	0.13496675046758
1896	9.68467876178348	0.140745981760844
1897	1.91010902651787	0.033282689631756
1898	2.77447815608451	0.0190843911696364
1899	6.28121768345242	0.145006824010469
1900	5.31239821044149	0.0803037863032243
1901	5.61595378247751	0.095947435857396
1902	3.32259900951617	0.00121120534712125
1903	0.421278453547899	-0.0248466921259537
1904	11.2282662788883	0.202130648585559
1905	5.29274988542538	0.0892770038959676
1906	5.09307216135443	-0.0427717820768737
1907	1.98588312896555	-0.0691120285981042
1908	6.55776487074047	0.0404598817046091
1909	10.8572643536451	0.180574298829825
1910	9.5494837667534	0.0783645128914805
1911	9.44257543115604	0.196942337569258
1912	6.85822068188835	0.120161504404662
1913	6.14528742208058	0.00232017795639995
1914	2.87629157998856	0.0258047617919679
1915	0.363777240928913	-0.0631929632313543
1916	-1.62868495311718	-0.105650517516052
1917	6.9468070560279	0.115063340519481
1918	-0.320015776978275	-0.0773400343009577
1919	5.34378884586512	0.0304581013472074
1920	6.32655157710804	0.0913530930996311
1921	9.89014851630298	0.201865020641714
1922	7.6332005846152	0.0459504978333238
1923	4.38303547533982	0.0424177446876476
1924	0.722194958329392	-0.0552657422346109
1925	7.85746985167533	0.127396774842487
1926	5.87207848473772	0.0328494347715459
1927	4.9869085969998	0.0508443637784007
1928	1.41527301647559	-0.0445510388700273
1929	0.380576755278162	-0.0379175662272399
1930	5.50000341126558	0.0774065610903449
1931	6.01878726025075	0.0708589346371753
1932	-1.25301640912889	-0.0855465944768542
1933	0.489479340289447	-0.0985928982592449
1934	3.67675774278389	0.0921996575823972
1935	10.7564981171972	0.182000944257203
1936	3.10420942118442	0.0781544637570368
1937	5.12885672243312	0.0664692645809411
1938	4.25577287807814	0.0555125588239229
1939	9.51695312516895	0.199746322607362
1940	4.97790831229541	0.0497359186002924
1941	3.36473809271818	0.104764871350375
1942	8.57166123582939	0.0792380358371075
1943	-1.46352073935419	-0.0347095327751246
1944	1.17093031712545	-0.0286465576306361
1945	5.51987527026427	0.119381409197405
1946	2.92921197445074	0.032433242419429
1947	5.27585431224622	-0.0547365124580341
1948	7.99517047483296	0.124844723191742
1949	-2.31274937607482	-0.0767734251627745
1950	6.09332831950654	0.16187080349967
1951	7.27611386265936	0.0833550856459699
1952	5.64879480072828	0.0652938194042803
1953	2.30919107955057	-0.00646126485808841
1954	2.57885305050109	0.0326093809483329
1955	2.03037105120919	0.0474734938894805
1956	-0.979988259671014	-0.0529331980003043
1957	7.3556248410648	0.0566445422090843
1958	-1.3392244410917	-0.0861085630254175
1959	-0.435782502973813	-0.0224916015624359
1960	5.2909754756972	-0.0429315834069848
1961	3.26768652644564	-0.020281426846128
1962	9.26383503353843	0.171468998646136
1963	6.47178997731563	0.0304426981624485
1964	10.1326639801678	0.135302998957955
1965	8.32894232197286	0.166921097629407
1966	8.36969544311348	0.0200395644838488
1967	-0.744352294156173	-0.0897114467406504
1968	0.176860599782797	-0.00435300527913668
1969	7.39591215553284	0.117627081756737
1970	3.46646068043498	-0.00368446169127701
1971	11.1809262679119	0.0883095726716987
1972	9.2989793838667	0.154352146781156
1973	10.1875775873683	0.159227445685978
1974	3.54200550161921	0.0132012726146161
1975	2.89792494252289	0.00978748950650544
1976	9.67589305531378	0.171579380333951
1977	8.30706836619223	0.0926773092722788
1978	12.0434338018991	0.123079102506044
1979	8.31842623588073	0.080420085168919
1980	12.2527961347413	0.173978582577805
1981	0.0621150180741119	-0.0174726833693586
1982	3.26291245876743	-0.0496676008858129
1983	10.077260926972	0.168753416631806
1984	2.10557377058723	0.0483841735929619
1985	10.5667360015893	0.165802117580603
1986	0.952814259871516	-0.0503168676324964
1987	11.0264112525838	0.12842797564083
1988	6.16182271281429	0.117869932574513
1989	9.46427431168132	0.186748213817445
1990	3.71954004943786	0.0623049586217192
1991	7.18671848980617	0.11386244945892
1992	4.47088475688388	0.0124301969192905
1993	-1.25301883204675	-0.0780661585226265
1994	11.7883713990251	0.181588379768336
1995	-0.0173755688770831	-0.0207709265713299
1996	3.9909090801482	0.0757919970576275
1997	3.20664267301305	-0.0750853010874488
1998	7.0543894547932	0.154318364631807
1999	3.63951363795564	-0.00985878531003634
2000	7.63206394165678	0.136203603921401
2001	0.933196336220535	-0.0291853961773661
2002	3.83277344408565	0.00798375359194955
2003	4.20298313540266	0.0779638403529331
2004	13.0890550842129	0.194878076249347
2005	2.07919871608019	-0.051437237873573
2006	8.13973945137633	0.191455201356408
2007	11.3109613281212	0.207591692227241
2008	8.40622292010059	0.108623807589949
2009	7.70093123009355	0.0975779380197203
2010	-0.869341528701938	-0.100208904389162
2011	4.49525723569331	-0.0499406982807991
2012	1.89836750317081	-0.060196600546921
2013	6.00179299880979	0.11776661867621
2014	-0.820155155790156	0.0121602642440452
2015	10.4879588762689	0.146639564583314
2016	4.88252368699216	0.05176294373642
2017	7.57904157297518	0.128433149708152
2018	12.7905455593364	0.224057721956283
2019	5.20286454340831	0.0107418541536539
2020	9.51714529827255	0.149290469270274
2021	12.0544175164873	0.204115849287653
2022	3.10998285685403	-0.0477903740829672
2023	6.96921515976092	0.105442908546371
2024	-3.47204224019094	-0.0779772506094628
2025	3.44629952051981	-0.028588541599137
2026	3.52111163146665	0.0128611387814973
2027	-1.15090701550391	-0.117081125482456
2028	0.647150717041725	0.0115621003697638
2029	8.4799900384284	0.181449957366364
2030	3.92007108065157	-0.00309389502049569
2031	7.50232048871051	0.046317665223931
2032	5.98921445041507	0.0872765759069651
2033	5.6978389077052	0.0503133675296952
2034	1.12700113576673	-0.0568285496866342
2035	6.17436070962664	0.166696845570505
2036	6.19161173170902	0.111297423490199
2037	7.74229842129755	0.155145565483106
2038	0.176696717231899	-0.0841171175772663
2039	9.8845820964505	0.130557149425214
2040	5.46164465263741	0.0216327587549306
2041	8.5223083368831	0.164456199263879
2042	6.25799896556609	0.103834484045683
2043	9.78911989828251	0.151203584495371
2044	6.74976213704334	0.0710550439441496
2045	3.97912357327344	0.0629261581333274
2046	7.0572844663492	0.153442991394594
2047	0.00913835227917714	-0.11361545146299
2048	6.26382662946961	0.0446267976058065
2049	7.56307243974195	0.133556331326514
2050	9.07499413069979	0.119756839750092
2051	5.52764722636056	0.0447626084582828
2052	8.11046093548606	0.178493107287352
2053	4.93940466953885	0.0309839186171377
2054	-0.321158867783989	-0.0364059833803463
2055	2.71419596914147	-0.0971086256761536
2056	4.15439371908288	-0.0870726068975044
2057	2.06081753325998	-0.0114879333312628
2058	3.13534190568576	0.0590614965565547
2059	8.08350017189722	0.109044701626443
2060	3.61185303849989	0.0200833675154177
2061	14.7577466121226	0.196505522638162
2062	2.44476046765507	-0.0193907692192435
2063	5.88826744001823	0.038294184644894
2064	3.04474040781165	-0.00586700151110879
2065	5.32389918708107	0.105162855315762
2066	2.47378596763627	-0.0317972827055681
2067	1.1326257215254	0.0450853084565427
2068	11.1268377708767	0.145408643414808
2069	0.317469648841269	-0.0923784754138743
2070	13.8490793011679	0.183412906769418
2071	4.01989431193118	-0.00353876597724347
2072	7.65339134041168	0.17090376119392
2073	4.38165457688311	-0.000885508047762244
2074	1.1371039062817	-0.00538580420438607
2075	2.20894814040502	0.0443204155923381
2076	10.2892725011752	0.189296718287938
2077	8.48548990112927	0.179584313498469
2078	3.68208522494342	0.0142122328723884
2079	8.4765310343228	0.149247057136692
2080	9.34837407423894	0.213149787739806
2081	3.07857635164949	0.0297854641756693
2082	7.2798189143299	0.126653807363059
2083	6.15610641991942	0.0177002038870568
2084	-0.142907778321387	-0.00832222812858141
2085	9.27293815158678	0.142193057117051
2086	2.0982078041663	-0.0510850097183744
2087	9.65965434419219	0.126168008282512
2088	-0.148064794940074	-0.0793240649338097
2089	2.68589978734744	-0.0361649982289593
2090	1.25385013463343	-0.0717893379150298
2091	0.79051291917728	-0.0382076492637163
2092	2.12294813924888	-0.101203156699992
2093	9.02826433377465	0.102170849623103
2094	10.9156578513234	0.183743366031096
2095	11.5206430384198	0.149802764103426
2096	9.68467876178348	0.156215495349274
2097	1.91010902651787	0.0369724375361872
2098	2.77447815608451	0.021217769213424
2099	6.28121768345242	0.160943396836734
2100	5.31239821044149	0.0891478291303273
2101	5.61595378247751	0.106506283084585
2102	3.32259900951617	0.00138538470227309
2103	0.421278453547899	-0.0275288921015389
2104	11.2282662788883	0.224328943485815
2105	5.29274988542538	0.0991046607421449
2106	5.09307216135443	-0.0474188702975798
2107	1.98588312896555	-0.0766464463052934
2108	6.55776487074047	0.0449363693339476
2109	10.8572643536451	0.200409658963297
2110	9.5494837667534	0.0869959790709212
2111	9.44257543115604	0.218571907215923
2112	6.85822068188835	0.133374616619382
2113	6.14528742208058	0.00261591916982413
2114	2.87629157998856	0.0286748043252968
2115	0.363777240928913	-0.070078552843785
2116	-1.62868495311718	-0.11719016183945
2117	6.9468070560279	0.127717609106799
2118	-0.320015776978275	-0.0857763783990655
2119	5.34378884586512	0.0338382273566963
2120	6.32655157710804	0.101408323881742
2121	9.89014851630298	0.224034198297601
2122	7.6332005846152	0.0510288483888357
2123	4.38303547533982	0.0471088466911098
2124	0.722194958329392	-0.0612823764668664
2125	7.85746985167533	0.141402993137705
2126	5.87207848473772	0.036491690731206
2127	4.9869085969998	0.0564591635062742
2128	1.41527301647559	-0.0493931632533128
2129	0.380576755278162	-0.0420325515860725
2130	5.50000341126558	0.0859330198060241
2131	6.01878726025075	0.0786676644998054
2132	-1.25301640912889	-0.0948825141791373
2133	0.489479340289447	-0.109358910028819
2134	3.67675774278389	0.10234768592399
2135	10.7564981171972	0.201992688477889
2136	3.10420942118442	0.0867629050548007
2137	5.12885672243312	0.0737968135336248
2138	4.25577287807814	0.0616390704369805
2139	9.51695312516895	0.221683255690192
2140	4.97790831229541	0.0552292142851296
2141	3.36473809271818	0.116290256285308
2142	8.57166123582939	0.0879652546723176
2143	-1.46352073935419	-0.0384728642657046
2144	1.17093031712545	-0.0317452861192516
2145	5.51987527026427	0.132509009991708
2146	2.92921197445074	0.0360298767692325
2147	5.27585431224622	-0.0606951342970569
2148	7.99517047483296	0.138571194143811
2149	-2.31274937607482	-0.0851476594673893
2150	6.09332831950654	0.179655949200884
2151	7.27611386265936	0.0925336016738949
2152	5.64879480072828	0.072492519998784
2153	2.30919107955057	-0.00712811595570052
2154	2.57885305050109	0.0362253230129598
2155	2.03037105120919	0.0527187901650029
2156	-0.979988259671014	-0.058694146556239
2157	7.3556248410648	0.0628951380444953
2158	-1.3392244410917	-0.0955060838353225
2159	-0.435782502973813	-0.0249156444087057
2160	5.2909754756972	-0.0475961885135726
2161	3.26768652644564	-0.0224631977522497
2162	9.26383503353843	0.190306266309879
2163	6.47178997731563	0.0338211357264817
2164	10.1326639801678	0.150175871025641
2165	8.32894232197286	0.185259839635973
2166	8.36969544311348	0.0222776454229797
2167	-0.744352294156173	-0.0995039035804433
2168	0.176860599782797	-0.00478875603216541
2169	7.39591215553284	0.130562379060475
2170	3.46646068043498	-0.00404692893829638
2171	11.1809262679119	0.0980311829515417
2172	9.2989793838667	0.171313122548174
2173	10.1875775873683	0.176722835368674
2174	3.54200550161921	0.0146897629325925
2175	2.89792494252289	0.0109017723689608
2176	9.67589305531378	0.190428747668125
2177	8.30706836619223	0.102877696190217
2178	12.0434338018991	0.136612032039902
2179	8.31842623588073	0.0892768762876485
2180	12.2527961347413	0.193090942415757
2181	0.0621150180741119	-0.0193465692352281
2182	3.26291245876743	-0.0550705856378764
2183	10.077260926972	0.187293011302374
2184	2.10557377058723	0.0537292955234372
2185	10.5667360015893	0.184018200746937
2186	0.952814259871516	-0.0557910228278881
2187	11.0264112525838	0.142547230709229
2188	6.16182271281429	0.130831850370448
2189	9.46427431168132	0.207260337806426
2190	3.71954004943786	0.0691760303209685
2191	7.18671848980617	0.126385080395603
2192	4.47088475688388	0.0138341645054985
2193	-1.25301883204675	-0.0865820979227138
2194	11.7883713990251	0.201534900053369
2195	-0.0173755688770831	-0.0230063547956951
2196	3.9909090801482	0.0841414726787968
2197	3.20664267301305	-0.0832744888923811
2198	7.0543894547932	0.171275637312908
2199	3.63951363795564	-0.0108980612053409
2200	7.63206394165678	0.151175197284825
2201	0.933196336220535	-0.0320152692191127
2202	3.83277344408565	0.00881582583048949
2203	4.20298313540266	0.0856904272634222
2204	13.0890550842129	0.214123181527792
2205	2.07919871608019	-0.056459386691947
2206	8.13973945137633	0.210363081257437
2207	11.3109613281212	0.228089356854355
2208	8.40622292010059	0.119371047999756
2209	7.70093123009355	0.107236927280646
2210	-0.869341528701938	-0.110036091125188
2211	4.49525723569331	-0.0548154063820049
2212	1.89836750317081	-0.0660817313543655
2213	6.00179299880979	0.129414618832033
2214	-0.820155155790156	0.0134038108791056
2215	10.4879588762689	0.161132158942897
2216	4.88252368699216	0.0569081896611834
2217	7.57904157297518	0.141132028165252
2218	12.7905455593364	0.246177637838148
2219	5.20286454340831	0.0118456574755566
2220	9.51714529827255	0.164044233658421
2221	12.0544175164873	0.224271070067474
2222	3.10998285685403	-0.0524532298927913
2223	6.96921515976092	0.115876763304044
2224	-3.47204224019094	-0.085614150504472
2225	3.44629952051981	-0.0313596118751672
2226	3.52111163146665	0.0141737363424042
2227	-1.15090701550391	-0.128570581890617
2228	0.647150717041725	0.012746715245829
2229	8.4799900384284	0.199372109688612
2230	3.92007108065157	-0.00335320483682602
2231	7.50232048871051	0.0509264363551515
2232	5.98921445041507	0.0959206637078512
2233	5.6978389077052	0.0553157996214391
2234	1.12700113576673	-0.06238185644031
2235	6.17436070962664	0.183165505185879
2236	6.19161173170902	0.122308071462137
2237	7.74229842129755	0.170476180352775
2238	0.176696717231899	-0.0923589238799787
2239	9.8845820964505	0.143465286657063
2240	5.46164465263741	0.0238095459075159
2241	8.5223083368831	0.180704107954944
2242	6.25799896556609	0.114109875062712
2243	9.78911989828251	0.166145831087514
2244	6.74976213704334	0.0781009686775746
2245	3.97912357327344	0.0691712161476136
2246	7.0572844663492	0.168605866803272
2247	0.00913835227917714	-0.124763465876987
2248	6.26382662946961	0.0490689826103007
2249	7.56307243974195	0.14675995123893
2250	9.07499413069979	0.131600918662451
2251	5.52764722636056	0.0492181736964742
2252	8.11046093548606	0.196123947506456
2253	4.93940466953885	0.0340819922649789
2254	-0.321158867783989	-0.039947236569149
2255	2.71419596914147	-0.106630369563174
2256	4.15439371908288	-0.0956055912399178
2257	2.06081753325998	-0.0125742329809747
2258	3.13534190568576	0.0649258038862329
2259	8.08350017189722	0.119833408976978
2260	3.61185303849989	0.022107506948804
2261	14.7577466121226	0.21591096571447
2262	2.44476046765507	-0.0212556649025068
2263	5.88826744001823	0.0421124736956735
2264	3.04474040781165	-0.00639952081132717
2265	5.32389918708107	0.115569118922913
2266	2.47378596763627	-0.0348844816642096
2267	1.1326257215254	0.0495726664514399
2268	11.1268377708767	0.15977996607484
2269	0.317469648841269	-0.101434199724566
2270	13.8490793011679	0.201528451013368
2271	4.01989431193118	-0.00384190496670555
2272	7.65339134041168	0.187786890736837
2273	4.38165457688311	-0.000927245164635145
2274	1.1371039062817	-0.00587091541974978
2275	2.20894814040502	0.0487324155058321
2276	10.2892725011752	0.207991942076728
2277	8.48548990112927	0.197322660546743
2278	3.68208522494342	0.0156579417005712
2279	8.4765310343228	0.163996544513966
2280	9.34837407423894	0.234195042014677
2281	3.07857635164949	0.0327654647814094
2282	7.2798189143299	0.139177383066583
2283	6.15610641991942	0.0194895514337524
2284	-0.142907778321387	-0.00909663903997972
2285	9.27293815158678	0.156247576698737
2286	2.0982078041663	-0.0560724566337315
2287	9.65965434419219	0.138643722529392
2288	-0.148064794940074	-0.087093654448815
2289	2.68589978734744	-0.0396825092971266
2290	1.25385013463343	-0.0788165978848097
2291	0.79051291917728	-0.041926404545497
2292	2.12294813924888	-0.111128298260911
2293	9.02826433377465	0.112282337557611
2294	10.9156578513234	0.201891467482869
2295	11.5206430384198	0.164607000338736
2296	9.68467876178348	0.171651520879341
2297	1.91010902651787	0.0406605066164669
2298	2.77447815608451	0.0233536711425829
2299	6.28121768345242	0.176845220391376
2300	5.31239821044149	0.097976274845022
2301	5.61595378247751	0.117044902664579
2302	3.32259900951617	0.00156737842238839
2303	0.421278453547899	-0.0301955645503233
2304	11.2282662788883	0.246475580409355
2305	5.29274988542538	0.108914064395178
2306	5.09307216135443	-0.0520451251482228
2307	1.98588312896555	-0.0841522339050018
2308	6.55776487074047	0.0494090536836195
2309	10.8572643536451	0.220199741819588
2310	9.5494837667534	0.0956124221646835
2311	9.44257543115604	0.240151354630749
2312	6.85822068188835	0.146560333800143
2313	6.14528742208058	0.00291914649129015
2314	2.87629157998856	0.0315453815080553
2315	0.363777240928913	-0.0769372643975772
2316	-1.62868495311718	-0.128690360628734
2317	6.9468070560279	0.140345991721399
2318	-0.320015776978275	-0.0941816568923677
2319	5.34378884586512	0.0372175106227875
2320	6.32655157710804	0.111444686946378
2321	9.89014851630298	0.246151796602889
2322	7.6332005846152	0.056101770437211
2323	4.38303547533982	0.0517955658856454
2324	0.722194958329392	-0.0672744791052559
2325	7.85746985167533	0.1553796747522
2326	5.87207848473772	0.0401323961105552
2327	4.9869085969998	0.0620670861381491
2328	1.41527301647559	-0.0542139276048731
2329	0.380576755278162	-0.0461281404272387
2330	5.50000341126558	0.0944447389906471
2331	6.01878726025075	0.0864635929348865
2332	-1.25301640912889	-0.104184939127186
2333	0.489479340289447	-0.120087565326131
2334	3.67675774278389	0.112476595964234
2335	10.7564981171972	0.221938733133024
2336	3.10420942118442	0.0953563854416249
2337	5.12885672243312	0.0811128604051705
2338	4.25577287807814	0.0677573231639733
2339	9.51695312516895	0.243569236559008
2340	4.97790831229541	0.0607159609747698
2341	3.36473809271818	0.127792803603956
2342	8.57166123582939	0.0966771918582466
2343	-1.46352073935419	-0.0422177488194977
2344	1.17093031712545	-0.0348273623173501
2345	5.51987527026427	0.145609446660957
2346	2.92921197445074	0.0396250837320478
2347	5.27585431224622	-0.0666293811947189
2348	7.99517047483296	0.152268883824812
2349	-2.31274937607482	-0.0934909958840294
2350	6.09332831950654	0.197401353876894
2351	7.27611386265936	0.101695617401974
2352	5.64879480072828	0.0796800664450129
2353	2.30919107955057	-0.00778488163004733
2354	2.57885305050109	0.0398397855534304
2355	2.03037105120919	0.0579582071251423
2356	-0.979988259671014	-0.0644312539535659
2357	7.3556248410648	0.0691371399257089
2358	-1.3392244410917	-0.104869943547781
2359	-0.435782502973813	-0.0273248568371673
2360	5.2909754756972	-0.0522399129487553
2361	3.26768652644564	-0.0246307924543307
2362	9.26383503353843	0.209100951873746
2363	6.47178997731563	0.0371987351064742
2364	10.1326639801678	0.165016866162926
2365	8.32894232197286	0.203557345725585
2366	8.36969544311348	0.0245179675152942
2367	-0.744352294156173	-0.109261632865866
2368	0.176860599782797	-0.00521504540872095
2369	7.39591215553284	0.143471031521709
2370	3.46646068043498	-0.00440013269836509
2371	11.1809262679119	0.107734826398781
2372	9.2989793838667	0.188236582819355
2373	10.1875775873683	0.194179266462531
2374	3.54200550161921	0.0161825185444927
2375	2.89792494252289	0.0120213310083084
2376	9.67589305531378	0.209235500229342
2377	8.30706836619223	0.113058823421465
2378	12.0434338018991	0.150116702928054
2379	8.31842623588073	0.0981180358693974
2380	12.2527961347413	0.212159977314659
2381	0.0621150180741119	-0.0212071102877329
2382	3.26291245876743	-0.0604506958511089
2383	10.077260926972	0.205790827687863
2384	2.10557377058723	0.0590682685764921
2385	10.5667360015893	0.202193379215451
2386	0.952814259871516	-0.0612421113008893
2387	11.0264112525838	0.156636643860511
2388	6.16182271281429	0.143767051439811
2389	9.46427431168132	0.227725357033661
2390	3.71954004943786	0.0760368325775086
2391	7.18671848980617	0.138882180824436
2392	4.47088475688388	0.0152426256247519
2393	-1.25301883204675	-0.095066756784552
2394	11.7883713990251	0.221435842892321
2395	-0.0173755688770831	-0.0252274619236465
2396	3.9909090801482	0.0924766866813621
2397	3.20664267301305	-0.0914332784956316
2398	7.0543894547932	0.188195404497721
2399	3.63951363795564	-0.011926246008173
2400	7.63206394165678	0.166114647137943
2401	0.933196336220535	-0.034829223017965
2402	3.83277344408565	0.00965392829605161
2403	4.20298313540266	0.0934044258908788
2404	13.0890550842129	0.233324592976223
2405	2.07919871608019	-0.0614596960670165
2406	8.13973945137633	0.22922817799938
2407	11.3109613281212	0.248539945137972
2408	8.40622292010059	0.130097542907316
2409	7.70093123009355	0.116878109841537
2410	-0.869341528701938	-0.119828462501397
2411	4.49525723569331	-0.0596686732008509
2412	1.89836750317081	-0.0719426922515177
2413	6.00179299880979	0.141039441000485
2414	-0.820155155790156	0.014652276562149
2415	10.4879588762689	0.175593893540785
2416	4.88252368699216	0.0620478181667653
2417	7.57904157297518	0.153804890757457
2418	12.7905455593364	0.268246096516844
2419	5.20286454340831	0.012954757219689
2420	9.51714529827255	0.178766433000014
2421	12.0544175164873	0.244380139267108
2422	3.10998285685403	-0.0570952165234718
2423	6.96921515976092	0.126290718851661
2424	-3.47204224019094	-0.0932221498689898
2425	3.44629952051981	-0.0341149217040904
2426	3.52111163146665	0.0154910664805389
2427	-1.15090701550391	-0.140020734010286
2428	0.647150717041725	0.0139364083140084
2429	8.4799900384284	0.217254140790968
2430	3.92007108065157	-0.00360353716896975
2431	7.50232048871051	0.0555310388075027
2432	5.98921445041507	0.104549685531427
2433	5.6978389077052	0.0603129999601307
2434	1.12700113576673	-0.0679118893684471
2435	6.17436070962664	0.199597968711682
2436	6.19161173170902	0.133297262604552
2437	7.74229842129755	0.185773672401775
2438	0.176696717231899	-0.100570196113572
2439	9.8845820964505	0.156346842924546
2440	5.46164465263741	0.0259887319092326
2441	8.5223083368831	0.196916416690249
2442	6.25799896556609	0.124365794798102
2443	9.78911989828251	0.181056003640377
2444	6.74976213704334	0.0851361432436563
2445	3.97912357327344	0.0754076867204006
2446	7.0572844663492	0.183736072368611
2447	0.00913835227917714	-0.135873098060317
2448	6.26382662946961	0.0535074487986967
2449	7.56307243974195	0.159936192241435
2450	9.07499413069979	0.143421290080362
2451	5.52764722636056	0.0536699839854923
2452	8.11046093548606	0.213715453188646
2453	4.93940466953885	0.037179976844717
2454	-0.321158867783989	-0.0434706494460556
2455	2.71419596914147	-0.116118122933172
2456	4.15439371908288	-0.104107255192272
2457	2.06081753325998	-0.0136493218756664
2458	3.13534190568576	0.070782551984632
2459	8.08350017189722	0.130601258844557
2460	3.61185303849989	0.0241344574536796
2461	14.7577466121226	0.23527228197149
2462	2.44476046765507	-0.0231072472464828
2463	5.88826744001823	0.0459287287499018
2464	3.04474040781165	-0.00692232483017309
2465	5.32389918708107	0.125955557829402
2466	2.47378596763627	-0.0379550664760515
2467	1.1326257215254	0.0540561836414091
2468	11.1268377708767	0.174120756465171
2469	0.317469648841269	-0.110457191995529
2470	13.8490793011679	0.219603351786101
2471	4.01989431193118	-0.00413594811210516
2472	7.65339134041168	0.204632704921768
2473	4.38165457688311	-0.000960592348394318
2474	1.1371039062817	-0.00634643937840216
2475	2.20894814040502	0.053140778117511
2476	10.2892725011752	0.226644956980352
2477	8.48548990112927	0.215021382737887
2478	3.68208522494342	0.0171080236414529
2479	8.4765310343228	0.178714478394676
2480	9.34837407423894	0.255191741190281
2481	3.07857635164949	0.0357456951731248
2482	7.2798189143299	0.151675416307074
2483	6.15610641991942	0.0212823441031086
2484	-0.142907778321387	-0.0098606814461589
2485	9.27293815158678	0.170272419531607
2486	2.0982078041663	-0.061038157817635
2487	9.65965434419219	0.151094023562222
2488	-0.148064794940074	-0.0948339851074506
2489	2.68589978734744	-0.0431822441685578
2490	1.25385013463343	-0.0858166036455025
2491	0.79051291917728	-0.0456268401742442
2492	2.12294813924888	-0.12101835993681
2493	9.02826433377465	0.122374796827739
2494	10.9156578513234	0.219998837543283
2495	11.5206430384198	0.179379535229198
2496	9.68467876178348	0.187054138929191
2497	1.91010902651787	0.0443468933568306
2498	2.77447815608451	0.025492082330667
2499	6.28121768345242	0.192712378586803
2500	5.31239821044149	0.106789156727251
2501	5.61595378247751	0.127563340119041
2502	3.32259900951617	0.00175715789460741
2503	0.421278453547899	-0.032846758476413
2504	11.2282662788883	0.268570687970042
2505	5.29274988542538	0.118705255156877
2506	5.09307216135443	-0.056650609659939
2507	1.98588312896555	-0.0916294750405604
2508	6.55776487074047	0.0538779368542726
2509	10.8572643536451	0.239944659143939
2510	9.5494837667534	0.104213873935158
2511	9.44257543115604	0.261680804367559
2512	6.85822068188835	0.159718720416991
2513	6.14528742208058	0.0032298321757494
2514	2.87629157998856	0.0344164839727301
2515	0.363777240928913	-0.0837691769041794
2516	-1.62868495311718	-0.140151226119924
2517	6.9468070560279	0.15294854884383
2518	-0.320015776978275	-0.102555959862907
2519	5.34378884586512	0.0405959454193741
2520	6.32655157710804	0.121462224219963
2521	9.89014851630298	0.268217943963581
2522	7.6332005846152	0.0611692703757027
2523	4.38303547533982	0.0564779059040005
2524	0.722194958329392	-0.0732421229578913
2525	7.85746985167533	0.169326889817877
2526	5.87207848473772	0.0437715470547915
2527	4.9869085969998	0.0676681419009056
2528	1.41527301647559	-0.0590133963481772
2529	0.380576755278162	-0.0502043919832759
2530	5.50000341126558	0.102941749656973
2531	6.01878726025075	0.0942467458314234
2532	-1.25301640912889	-0.113453965824973
2533	0.489479340289447	-0.130778970864357
2534	3.67675774278389	0.122586430292022
2535	10.7564981171972	0.24183919108425
2536	3.10420942118442	0.103934936515529
2537	5.12885672243312	0.0884174276495073
2538	4.25577287807814	0.0738673308848126
2539	9.51695312516895	0.265404391961854
2540	4.97790831229541	0.0661961680286946
2541	3.36473809271818	0.139272565727944
2542	8.57166123582939	0.105373879840849
2543	-1.46352073935419	-0.0459442431586389
2544	1.17093031712545	-0.0378928382025697
2545	5.51987527026427	0.158682783064746
2546	2.92921197445074	0.0432188591273871
2547	5.27585431224622	-0.0725393255449902
2548	7.99517047483296	0.165937860369582
2549	-2.31274937607482	-0.101803524051345
2550	6.09332831950654	0.215107114636782
2551	7.27611386265936	0.110841168497902
2552	5.64879480072828	0.086856480277068
2553	2.30919107955057	-0.00843159649797372
2554	2.57885305050109	0.0434527645270918
2555	2.03037105120919	0.0631917523589516
2556	-0.979988259671014	-0.0701445911750968
2557	7.3556248410648	0.0753705626184543
2558	-1.3392244410917	-0.114200239106527
2559	-0.435782502973813	-0.0297192860089833
2560	5.2909754756972	-0.0568628198687195
2561	3.26768652644564	-0.0267842563839919
2562	9.26383503353843	0.227853159957753
2563	6.47178997731563	0.0405754905642656
2564	10.1326639801678	0.179826060688624
2565	8.32894232197286	0.221813716959362
2566	8.36969544311348	0.0267605168818041
2567	-0.744352294156173	-0.118984734360039
2568	0.176860599782797	-0.00563190637585891
2569	7.39591215553284	0.156353101627209
2570	3.46646068043498	-0.00474410541537919
2571	11.1809262679119	0.117420542558176
2572	9.2989793838667	0.20512261882016
2573	10.1875775873683	0.211596834008109
2574	3.54200550161921	0.0176795202201179
2575	2.89792494252289	0.0131461435229409
2576	9.67589305531378	0.227999742723994
2577	8.30706836619223	0.123220733928692
2578	12.0434338018991	0.163593181923673
2579	8.31842623588073	0.106943597285116
2580	12.2527961347413	0.231185793858369
2581	0.0621150180741119	-0.0230543497605506
2582	3.26291245876743	-0.0658079999528744
2583	10.077260926972	0.224246968283247
2584	2.10557377058723	0.0644011010538191
2585	10.5667360015893	0.22032775317162
2586	0.952814259871516	-0.0666702019869385
2587	11.0264112525838	0.170696286033534
2588	6.16182271281429	0.156675598459413
2589	9.46427431168132	0.248143388075701
2590	3.71954004943786	0.0828873845865491
2591	7.18671848980617	0.151353810286229
2592	4.47088475688388	0.0166555604434572
2593	-1.25301883204675	-0.103520225758402
2594	11.7883713990251	0.24129132082399
2595	-0.0173755688770831	-0.0274342937698564
2596	3.9909090801482	0.100797668814628
2597	3.20664267301305	-0.0995617582148332
2598	7.0543894547932	0.205077757385268
2599	3.63951363795564	-0.0129433769940601
2600	7.63206394165678	0.181022030504324
2601	0.933196336220535	-0.0376273076068388
2602	3.83277344408565	0.0104980370997999
2603	4.20298313540266	0.101105861569141
2604	13.0890550842129	0.252482418163747
2605	2.07919871608019	-0.0664382316832231
2606	8.13973945137633	0.24805059674376
2607	11.3109613281212	0.26894357358972
2608	8.40622292010059	0.140803339212112
2609	7.70093123009355	0.126501524832417
2610	-0.869341528701938	-0.129586118507301
2611	4.49525723569331	-0.064500563369141
2612	1.89836750317081	-0.0777795550839897
2613	6.00179299880979	0.152641138511929
2614	-0.820155155790156	0.0159056403420182
2615	10.4879588762689	0.190024842016026
2616	4.88252368699216	0.0671818361577872
2617	7.57904157297518	0.166451798317767
2618	12.7905455593364	0.29026322608589
2619	5.20286454340831	0.0140691314372112
2620	9.51714529827255	0.193457142798697
2621	12.0544175164873	0.264443170953341
2622	3.10998285685403	-0.0617163970943149
2623	6.96921515976092	0.136684819851318
2624	-3.47204224019094	-0.100801333055202
2625	3.44629952051981	-0.0368545206990058
2626	3.52111163146665	0.0168131087377263
2627	-1.15090701550391	-0.151431693698578
2628	0.647150717041725	0.0151311582024076
2629	8.4799900384284	0.235096148797457
2630	3.92007108065157	-0.00384492369757216
2631	7.50232048871051	0.0601314756554997
2632	5.98921445041507	0.113163673261933
2633	5.6978389077052	0.0653049744307868
2634	1.12700113576673	-0.0734187179476342
2635	6.17436070962664	0.215994323894876
2636	6.19161173170902	0.144265045697498
2637	7.74229842129755	0.201038121252116
2638	0.176696717231899	-0.1087510229489
2639	9.8845820964505	0.169201880554643
2640	5.46164465263741	0.0281703024716976
2641	8.5223083368831	0.213093211640727
2642	6.25799896556609	0.134602286782613
2643	9.78911989828251	0.195934179003257
2644	6.74976213704334	0.0921605881167157
2645	3.97912357327344	0.0816355846083041
2646	7.0572844663492	0.198833686515061
2647	0.00913835227917714	-0.146944457432405
2648	6.26382662946961	0.057942198056185
2649	7.56307243974195	0.173085118770578
2650	9.07499413069979	0.155218008734074
2651	5.52764722636056	0.0581180413060546
2652	8.11046093548606	0.231267720378151
2653	4.93940466953885	0.0402778646453988
2654	-0.321158867783989	-0.0469762771228063
2655	2.71419596914147	-0.125571983594983
2656	4.15439371908288	-0.112577689504255
2657	2.06081753325998	-0.0147132376001917
2658	3.13534190568576	0.0766317528900379
2659	8.08350017189722	0.14134829842471
2660	3.61185303849989	0.0261642036518488
2661	14.7577466121226	0.254589580123044
2662	2.44476046765507	-0.024945559394731
2663	5.88826744001823	0.0497429472385291
2664	3.04474040781165	-0.00743544719884269
2665	5.32389918708107	0.136322216500342
2666	2.47378596763627	-0.0410090890111612
2667	1.1326257215254	0.0585358622341489
2668	11.1268377708767	0.188431087359041
2669	0.317469648841269	-0.119447546708501
2670	13.8490793011679	0.23763770859234
2671	4.01989431193118	-0.00442092740700145
2672	7.65339134041168	0.221441294454738
2673	4.38165457688311	-0.000985579726347271
2674	1.1371039062817	-0.00681240937307423
2675	2.20894814040502	0.0575455050970619
2676	10.2892725011752	0.245255866642095
2677	8.48548990112927	0.232680576883666
2678	3.68208522494342	0.0185624591871927
2679	8.4765310343228	0.19340093425193
2680	9.34837407423894	0.276140005687703
2681	3.07857635164949	0.0387261467968919
2682	7.2798189143299	0.164147966665976
2683	6.15610641991942	0.0230785648406573
2684	-0.142907778321387	-0.0106143907052752
2685	9.27293815158678	0.184267656127121
2686	2.0982078041663	-0.0659821787067757
2687	9.65965434419219	0.163518970620744
2688	-0.148064794940074	-0.102545142209227
2689	2.68589978734744	-0.0466642577854888
2690	1.25385013463343	-0.0927894351968336
2691	0.79051291917728	-0.0493090125289564
2692	2.12294813924888	-0.130873442416539
2693	9.02826433377465	0.132448269794079
2694	10.9156578513234	0.238065575949502
2695	11.5206430384198	0.194120444638795
2696	9.68467876178348	0.2024234298734
2697	1.91010902651787	0.0480315942585362
2698	2.77447815608451	0.0276329881973974
2699	6.28121768345242	0.208544955123108
2700	5.31239821044149	0.115586507977459
2701	5.61595378247751	0.138061640858024
2702	3.32259900951617	0.00195469458892581
2703	0.421278453547899	-0.0354825227475696
2704	11.2282662788883	0.290614394452172
2705	5.29274988542538	0.128478273231134
2706	5.09307216135443	-0.0612353866907262
2707	1.98588312896555	-0.0990782531280931
2708	6.55776487074047	0.0583430209488442
2709	10.8572643536451	0.259644522396271
2710	9.5494837667534	0.11280036606922
2711	9.44257543115604	0.283160380661255
2712	6.85822068188835	0.172849840778661
2713	6.14528742208058	0.0035479485587323
2714	2.87629157998856	0.0372881023841804
2715	0.363777240928913	-0.090574369159983
2716	-1.62868495311718	-0.151572870246829
2717	6.9468070560279	0.165525340803795
2718	-0.320015776978275	-0.11089937714863
2719	5.34378884586512	0.0439735260431698
2720	6.32655157710804	0.131460977526744
2721	9.89014851630298	0.29023276845665
2722	7.6332005846152	0.0662313545925833
2723	4.38303547533982	0.0611558703771923
2724	0.722194958329392	-0.0791853806340989
2725	7.85746985167533	0.18324470829048
2726	5.87207848473772	0.0474091397270248
2727	4.9869085969998	0.0732623410023972
2728	1.41527301647559	-0.0637916337299033
2729	0.380576755278162	-0.0542613653235465
2730	5.50000341126558	0.111424082744211
2731	6.01878726025075	0.102017149018311
2732	-1.25301640912889	-0.122689690515528
2733	0.489479340289447	-0.141433233068951
2734	3.67675774278389	0.13267723139233
2735	10.7564981171972	0.26169417490496
2736	3.10420942118442	0.112498589799449
2737	5.12885672243312	0.0957105376694656
2738	4.25577287807814	0.0799691074508012
2739	9.51695312516895	0.287188848322096
2740	4.97790831229541	0.0716698447896346
2741	3.36473809271818	0.150729594949188
2742	8.57166123582939	0.114055350988769
2743	-1.46352073935419	-0.0496524038486738
2744	1.17093031712545	-0.0409417656084043
2745	5.51987527026427	0.171729082902957
2746	2.92921197445074	0.046811198793529
2747	5.27585431224622	-0.0784250395441425
2748	7.99517047483296	0.179578191742027
2749	-2.31274937607482	-0.110085333365054
2750	6.09332831950654	0.232773328342697
2751	7.27611386265936	0.119970290543613
2752	5.64879480072828	0.0940217829803639
2753	2.30919107955057	-0.00906829507771995
2754	2.57885305050109	0.0470642559096958
2755	2.03037105120919	0.0684194334433762
2756	-0.979988259671014	-0.075834229009646
2757	7.3556248410648	0.0815954208575285
2758	-1.3392244410917	-0.123497067193197
2759	-0.435782502973813	-0.0320989789538063
2760	5.2909754756972	-0.0614649722561853
2761	3.26768652644564	-0.0289236348458811
2762	9.26383503353843	0.246562994915283
2763	6.47178997731563	0.0439513963845474
2764	10.1326639801678	0.194603530729154
2765	8.32894232197286	0.240029054141125
2766	8.36969544311348	0.0290052796877273
2767	-0.744352294156173	-0.12867330755659
2768	0.176860599782797	-0.00603937180635786
2769	7.39591215553284	0.169208651707634
2770	3.46646068043498	-0.00507887944033009
2771	11.1809262679119	0.127088370878556
2772	9.2989793838667	0.221971321544552
2773	10.1875775873683	0.228975632804461
2774	3.54200550161921	0.0191807487875126
2775	2.89792494252289	0.0142761880765016
2776	9.67589305531378	0.246721579591616
2777	8.30706836619223	0.133363470569674
2778	12.0434338018991	0.177041535612631
2779	8.31842623588073	0.11575359382602
2780	12.2527961347413	0.250168498358957
2781	0.0621150180741119	-0.0248883307661514
2782	3.26291245876743	-0.0711425661832429
2783	10.077260926972	0.242661535322444
2784	2.10557377058723	0.0697278012431343
2785	10.5667360015893	0.238421422545922
2786	0.952814259871516	-0.0720753636328477
2787	11.0264112525838	0.184726227988876
2788	6.16182271281429	0.169557553949453
2789	9.46427431168132	0.268514547211104
2790	3.71954004943786	0.0897277055007482
2791	7.18671848980617	0.163800028173407
2792	4.47088475688388	0.0180729491878471
2793	-1.25301883204675	-0.111942595248939
2794	11.7883713990251	0.261101446099769
2795	-0.0173755688770831	-0.029626896021019
2796	3.9909090801482	0.109104448757662
2797	3.20664267301305	-0.10766001612815
2798	7.0543894547932	0.221922786943148
2799	3.63951363795564	-0.0139494913329508
2800	7.63206394165678	0.195897424213296
2801	0.933196336220535	-0.040409572879613
2802	3.83277344408565	0.0113481284233549
2803	4.20298313540266	0.108794759573386
2804	13.0890550842129	0.271596764385097
2805	2.07919871608019	-0.071395059044916
2806	8.13973945137633	0.266830442384038
2807	11.3109613281212	0.289300358423389
2808	8.40622292010059	0.151488483698394
2809	7.70093123009355	0.136107211288461
2810	-0.869341528701938	-0.139309158862332
2811	4.49525723569331	-0.0693111413413478
2812	1.89836750317081	-0.0835923915011397
2813	6.00179299880979	0.164219764564624
2814	-0.820155155790156	0.0171638813303068
2815	10.4879588762689	0.204425077822295
2816	4.88252368699216	0.0723102505285509
2817	7.57904157297518	0.179072811527401
2818	12.7905455593364	0.312229154310593
2819	5.20286454340831	0.0151887582446506
2820	9.51714529827255	0.208116438367853
2821	12.0544175164873	0.284460278901535
2822	3.10998285685403	-0.0663168345512633
2823	6.96921515976092	0.147059110855749
2824	-3.47204224019094	-0.108351784186236
2825	3.44629952051981	-0.0395784583350778
2826	3.52111163146665	0.0181398427172485
2827	-1.15090701550391	-0.162803572511398
2828	0.647150717041725	0.0163309436029866
2829	8.4799900384284	0.2528982315825
2830	3.92007108065157	-0.00407739601238297
2831	7.50232048871051	0.064727749973385
2832	5.98921445041507	0.121762658707765
2833	5.6978389077052	0.0702917289107794
2834	1.12700113576673	-0.0789024114644202
2835	6.17436070962664	0.232354658260042
2836	6.19161173170902	0.155211469400861
2837	7.74229842129755	0.216269606324739
2838	0.176696717231899	-0.116901492816426
2839	9.8845820964505	0.182030461718635
2840	5.46164465263741	0.030354243351801
2841	8.5223083368831	0.229234578759065
2842	6.25799896556609	0.144819394440612
2843	9.78911989828251	0.210780433831651
2844	6.74976213704334	0.0991743237251593
2845	3.97912357327344	0.0878549245370239
2846	7.0572844663492	0.213898787469147
2847	0.00913835227917714	-0.157977653117861
2848	6.26382662946961	0.0623732322708038
2849	7.56307243974195	0.186206795101675
2850	9.07499413069979	0.166991129218058
2851	5.52764722636056	0.0625623476414753
2852	8.11046093548606	0.248780844875056
2853	4.93940466953885	0.0433756479840902
2854	-0.321158867783989	-0.050464174558783
2855	2.71419596914147	-0.134992049093083
2856	4.15439371908288	-0.121016984679715
2857	2.06081753325998	-0.015766017633021
2858	3.13534190568576	0.0824734186169508
2859	8.08350017189722	0.152074574796959
2860	3.61185303849989	0.028196730213248
2861	14.7577466121226	0.273862968605577
2862	2.44476046765507	-0.0267706443698464
2863	5.88826744001823	0.0535551266070367
2864	3.04474040781165	-0.00793892145251996
2865	5.32389918708107	0.146669139291999
2866	2.47378596763627	-0.0440466009957505
2867	1.1326257215254	0.0630117044393592
2868	11.1268377708767	0.202711031346591
2869	0.317469648841269	-0.128405358089585
2870	13.8490793011679	0.255631620683586
2871	4.01989431193118	-0.00469687475323718
2872	7.65339134041168	0.238212749811634
2873	4.38165457688311	-0.00100223733898059
2874	1.1371039062817	-0.0072688586013727
2875	2.20894814040502	0.0619465981175848
2876	10.2892725011752	0.263824774441167
2877	8.48548990112927	0.250300339549685
2878	3.68208522494342	0.0200212288889138
2879	8.4765310343228	0.208055987368655
2880	9.34837407423894	0.297039955619939
2881	3.07857635164949	0.0417068111290179
2882	7.2798189143299	0.176595093576234
2883	6.15610641991942	0.0248781966444595
2884	-0.142907778321387	-0.0113578020749428
2885	9.27293815158678	0.198233356819567
2886	2.0982078041663	-0.0709045845584021
2887	9.65965434419219	0.175918622797099
2888	-0.148064794940074	-0.110227210822108
2889	2.68589978734744	-0.0501286049382416
2890	1.25385013463343	-0.0997351723208844
2891	0.79051291917728	-0.0529729778329487
2892	2.12294813924888	-0.140693646117035
2893	9.02826433377465	0.142502798713897
2894	10.9156578513234	0.256091782184855
2895	11.5206430384198	0.2088298042403
2896	9.68467876178348	0.217759473883505
2897	1.91010902651787	0.051714605839812
2898	2.77447815608451	0.0297763742085341
2899	6.28121768345242	0.224343033488622
2900	5.31239821044149	0.124368361716795
2901	5.61595378247751	0.14853985018026
2902	3.32259900951617	0.00215996005797021
2903	0.421278453547899	-0.0381029060955751
2904	11.2282662788883	0.312606827811321
2905	5.29274988542538	0.138233158724174
2906	5.09307216135443	-0.0657995189259036
2907	1.98588312896555	-0.106498651357118
2908	6.55776487074047	0.0628043080725483
2909	10.8572643536451	0.279299442751919
2910	9.5494837667534	0.121371930178416
2911	9.44257543115604	0.304590207428646
2912	6.85822068188835	0.185953759032987
2913	6.14528742208058	0.00387346805612979
2914	2.87629157998856	0.0401602274395455
2915	0.363777240928913	-0.097352919746892
2916	-1.62868495311718	-0.162955404641846
2917	6.9468070560279	0.178076427780534
2918	-0.320015776978275	-0.119211998344031
2919	5.34378884586512	0.0473502468136411
2920	6.32655157710804	0.141440988589047
2921	9.89014851630298	0.3121963978309
2922	7.6332005846152	0.0712880294671606
2923	4.38303547533982	0.0658294629345057
2924	0.722194958329392	-0.085104324544948
2925	7.85746985167533	0.19713319995004
2926	5.87207848473772	0.0510451703082219
2927	4.9869085969998	0.0788496936314938
2928	1.41527301647559	-0.0685487038204083
2929	0.380576755278162	-0.0582991193546729
2930	5.50000341126558	0.119891769118203
2931	6.01878726025075	0.109774828264484
2932	-1.25301640912889	-0.13189220918163
2933	0.489479340289447	-0.152050458078405
2934	3.67675774278389	0.14274904164648
2935	10.7564981171972	0.281503796881043
2936	3.10420942118442	0.12104737674142
2937	5.12885672243312	0.102992212816902
2938	4.25577287807814	0.0860626666847003
2939	9.51695312516895	0.308922731739266
2940	4.97790831229541	0.0771370005836058
2941	3.36473809271818	0.16216394343023
2942	8.57166123582939	0.122721637593536
2943	-1.46352073935419	-0.0533422872989756
2944	1.17093031712545	-0.0439741962245882
2945	5.51987527026427	0.184748409716172
2946	2.92921197445074	0.0504020985874613
2947	5.27585431224622	-0.0842865951912732
2948	7.99517047483296	0.193189945735571
2949	-2.31274937607482	-0.118336512978582
2950	6.09332831950654	0.2504000916105
2951	7.27611386265936	0.129083019035495
2952	5.64879480072828	0.101175995991748
2953	2.30919107955057	-0.00969501178918732
2954	2.57885305050109	0.0506742556953426
2955	2.03037105120919	0.073641257943279
2956	-0.979988259671014	-0.081500238052546
2957	7.3556248410648	0.0878117293468695
2958	-1.3392244410917	-0.132760524228026
2959	-0.435782502973813	-0.0344639825701306
2960	5.2909754756972	-0.0660464329208669
2961	3.26768652644564	-0.0310489730180128
2962	9.26383503353843	0.265230560833777
2963	6.47178997731563	0.0473264468747962
2964	10.1326639801678	0.209349352219038
2965	8.32894232197286	0.258203457818067
2966	8.36969544311348	0.0312522421423653
2967	-0.744352294156173	-0.138327451680369
2968	0.176860599782797	-0.00643747447897369
2969	7.39591215553284	0.182037743937934
2970	3.46646068043498	-0.00540448703155518
2971	11.1809262679119	0.136738350713061
2972	9.2989793838667	0.238782781755597
2973	10.1875775873683	0.246315757409762
2974	3.54200550161921	0.0206861851328049
2975	2.89792494252289	0.0154114428977064
2976	9.67589305531378	0.265401115005574
2977	8.30706836619223	0.143487076097556
2978	12.0434338018991	0.190461830413926
2979	8.31842623588073	0.124548058703788
2980	12.2527961347413	0.269108196857416
2981	0.0621150180741119	-0.0267090962961223
2982	3.26291245876743	-0.0764544625954881
2983	10.077260926972	0.261034630778986
2984	2.10557377058723	0.0750483774182063
2985	10.5667360015893	0.256474487014492
2986	0.952814259871516	-0.0774576647973033
2987	11.0264112525838	0.198726540309293
2988	6.16182271281429	0.182412980273924
2989	9.46427431168132	0.288838950421206
2990	3.71954004943786	0.0965578144303166
2991	7.18671848980617	0.176220893730395
2992	4.47088475688388	0.0194947721438164
2993	-1.25301883204675	-0.120333955415898
2994	11.7883713990251	0.28086633068439
2995	-0.0173755688770831	-0.031805314236193
2996	3.9909090801482	0.117397056119474
2997	3.20664267301305	-0.115728140074911
2998	7.0543894547932	0.23873058390813
2999	3.63951363795564	-0.0149446260894991
3000	7.63206394165678	0.210740904900443
3001	0.933196336220535	-0.0431760685915021
3002	3.83277344408565	0.0122041785186015
3003	4.20298313540266	0.116471145120273
3004	13.0890550842129	0.290667738661336
3005	2.07919871608019	-0.0763302434768303
3006	8.13973945137633	0.285567819546307
3007	11.3109613281212	0.309610415555709
3008	8.40622292010059	0.162153023035472
3009	7.70093123009355	0.14569520815023
3010	-0.869341528701938	-0.148997683016559
3011	4.49525723569331	-0.0741004713950838
3012	1.89836750317081	-0.0893812729565924
3013	6.00179299880979	0.175775372225071
3014	-0.820155155790156	0.0184269787011868
3015	10.4879588762689	0.21879467422837
3016	4.88252368699216	0.0774330681630587
3017	7.57904157297518	0.191667990916183
3018	12.7905455593364	0.334144008628894
3019	5.20286454340831	0.0163136158237238
3020	9.51714529827255	0.222744394831085
3021	12.0544175164873	0.304431576596386
3022	3.10998285685403	-0.0708965916673566
3023	6.96921515976092	0.157413636308605
3024	-3.47204224019094	-0.115873587156761
3025	3.44629952051981	-0.0422867839499037
3026	3.52111163146665	0.0194712480836768
3027	-1.15090701550391	-0.174136481704237
3028	0.647150717041725	0.0175357432713846
3029	8.4799900384284	0.270660486771561
3030	3.92007108065157	-0.00430098561250174
3031	7.50232048871051	0.0693198648351221
3032	5.98921445041507	0.130346673601667
3033	5.6978389077052	0.0752732692698481
3034	1.12700113576673	-0.0843630390158187
3035	6.17436070962664	0.248679059109954
3036	6.19161173170902	0.166136582254672
3037	7.74229842129755	0.231468206840036
3038	0.176696717231899	-0.12502169390686
3039	9.8845820964505	0.194832648432502
3040	5.46164465263741	0.0325405403515801
3041	8.5223083368831	0.245340603780267
3042	6.25799896556609	0.155017161090342
3043	9.78911989828251	0.225594844587764
3044	6.74976213704334	0.106177370451591
3045	3.97912357327344	0.0940657212014168
3046	7.0572844663492	0.228931453259976
3047	0.00913835227917714	-0.168972793947258
3048	6.26382662946961	0.0668005533334232
3049	7.56307243974195	0.19930128534922
3050	9.07499413069979	0.178740705991364
3051	5.52764722636056	0.0670029049776511
3052	8.11046093548606	0.266254922235931
3053	4.93940466953885	0.0464733192057961
3054	-0.321158867783989	-0.0539343965614146
3055	2.71419596914147	-0.144378416708285
3056	4.15439371908288	-0.129425230977304
3057	2.06081753325998	-0.0168076993465275
3058	3.13534190568576	0.0883075611561397
3059	8.08350017189722	0.162780134925113
3060	3.61185303849989	0.0302320218558115
3061	14.7577466121226	0.293092555578871
3062	2.44476046765507	-0.0285825450737835
3063	5.88826744001823	0.0573652643153922
3064	3.04474040781165	-0.00843278103063549
3065	5.32389918708107	0.156996370452072
3066	2.47378596763627	-0.0470676540125598
3067	1.1326257215254	0.0674837124687285
3068	11.1268377708767	0.216960660835329
3069	0.317469648841269	-0.13733072010993
3070	13.8490793011679	0.273585187058773
3071	4.01989431193118	-0.00496382196118624
3072	7.65339134041168	0.25494716123879
3073	4.38165457688311	-0.00101059514019464
3074	1.1371039062817	-0.00771582016603643
3075	2.20894814040502	0.0663440588555759
3076	10.2892725011752	0.282351783493377
3077	8.48548990112927	0.267880767056026
3078	3.68208522494342	0.0214843133565424
3079	8.4765310343228	0.22267971283808
3080	9.34837407423894	0.317891710792694
3081	3.07857635164949	0.0446876796759537
3082	7.2798189143299	0.189016856322675
3083	6.15610641991942	0.02668122256496
3084	-0.142907778321387	-0.0120909507125039
3085	9.27293815158678	0.212169591766521
3086	2.0982078041663	-0.0758054404507966
3087	9.65965434419219	0.1882930390362
3088	-0.148064794940074	-0.117880275783127
3089	2.68589978734744	-0.0535753402656288
3090	1.25385013463343	-0.10665389458267
3091	0.79051291917728	-0.0566187921542685
3092	2.12294813924888	-0.15047907118404
3093	9.02826433377465	0.152538425741399
3094	10.9156578513234	0.274077555479497
3095	11.5206430384198	0.223507689515769
3096	9.68467876178348	0.233062350928523
3097	1.91010902651787	0.0553959246358045
3098	2.77447815608451	0.0319222258757478
3099	6.28121768345242	0.240106696960455
3100	5.31239821044149	0.133134750987309
3101	5.61595378247751	0.158998013273437
3102	3.32259900951617	0.00237292593677443
3103	0.421278453547899	-0.0407079571165946
3104	11.2282662788883	0.334548115675202
3105	5.29274988542538	0.147969951644801
3106	5.09307216135443	-0.0703430688785713
3107	1.98588312896555	-0.113890752691149
3108	6.55776487074047	0.0672618003328612
3109	10.8572643536451	0.298909531102373
3110	9.5494837667534	0.129928597799157
3111	9.44257543115604	0.325970408269271
3112	6.85822068188835	0.19903053916732
3113	6.14528742208058	0.00420636316397554
3114	2.87629157998856	0.0430328498681523
3115	0.363777240928913	-0.104104907032892
3116	-1.62868495311718	-0.174298940636759
3117	6.9468070560279	0.190601869803211
3118	-0.320015776978275	-0.127493912800799
3119	5.34378884586512	0.0507261020729409
3120	6.32655157710804	0.15140229902754
3121	9.89014851630298	0.334108959507813
3122	7.6332005846152	0.076339301369793
3123	4.38303547533982	0.0704986872034904
3124	0.722194958329392	-0.0909990269037762
3125	7.85746985167533	0.210992434401327
3126	5.87207848473772	0.0546796349971528
3127	4.9869085969998	0.0844302099581228
3128	1.41527301647559	-0.0732846705141969
3129	0.380576755278162	-0.0623177128209704
3130	5.50000341126558	0.128344839571613
3131	6.01878726025075	0.117519809279065
3132	-1.25301640912889	-0.141061617546493
3133	0.489479340289447	-0.162630751745008
3134	3.67675774278389	0.15280190333241
3135	10.7564981171972	0.301268169011628
3136	3.10420942118442	0.129581328714774
3137	5.12885672243312	0.110262475392825
3138	4.25577287807814	0.0921480223807968
3139	9.51695312516895	0.3306061679899
3140	4.97790831229541	0.0825976447199452
3141	3.36473809271818	0.173575663204562
3142	8.57166123582939	0.131372771869758
3143	-1.46352073935419	-0.0570139497631612
3144	1.17093031712545	-0.04699018159748
3145	5.51987527026427	0.197740826886079
3146	2.92921197445074	0.0539915543848247
3147	5.27585431224622	-0.090124064288829
3148	7.99517047483296	0.206773189973587
3149	-2.31274937607482	-0.126557151803706
3150	6.09332831950654	0.267987500810396
3151	7.27611386265936	0.138179389384612
3152	5.64879480072828	0.108319140699622
3153	2.30919107955057	-0.0103117809542029
3154	2.57885305050109	0.0542827598964261
3155	2.03037105120919	0.0788572334114639
3156	-0.979988259671014	-0.0871426887061606
3157	7.3556248410648	0.0940195027596294
3158	-1.3392244410917	-0.141990706370537
3159	-0.435782502973813	-0.0368143436256429
3160	5.2909754756972	-0.0706072644999334
3161	3.26768652644564	-0.033160315952107
3162	9.26383503353843	0.283855961535425
3163	6.47178997731563	0.0507006363652055
3164	10.1326639801678	0.224063600901394
3165	8.32894232197286	0.276337028281411
3166	8.36969544311348	0.0335013904989797
3167	-0.744352294156173	-0.147947265688157
3168	0.176860599782797	-0.00682624707869312
3169	7.39591215553284	0.194840440337747
3170	3.46646068043498	-0.00572096035498788
3171	11.1809262679119	0.146370521319389
3172	9.2989793838667	0.255557089986061
3173	10.1875775873683	0.26361730214193
3174	3.54200550161921	0.0221958102000466
3175	2.89792494252289	0.016551886280166
3176	9.67589305531378	0.284038452873757
3177	8.30706836619223	0.153591593161119
3178	12.0434338018991	0.203854132580114
3179	8.31842623588073	0.133327025050764
3180	12.2527961347413	0.288004995124362
3181	0.0621150180741119	-0.0285166892214914
3182	3.26291245876743	-0.0817437570565833
3183	10.077260926972	0.279366356366702
3184	2.10557377058723	0.0803628378388854
3185	10.5667360015893	0.274487045999786
3186	0.952814259871516	-0.0828171738513655
3187	11.0264112525838	0.212697293400173
3188	6.16182271281429	0.195241939641014
3189	9.46427431168132	0.309116713390886
3190	3.71954004943786	0.10337773044312
3191	7.18671848980617	0.188616466053991
3192	4.47088475688388	0.0209210096567585
3193	-1.25301883204675	-0.128694396174727
3194	11.7883713990251	0.300586086256671
3195	-0.0173755688770831	-0.0339695938471432
3196	3.9909090801482	0.125675520439187
3197	3.20664267301305	-0.123766217656243
3198	7.0543894547932	0.25550123878675
3199	3.63951363795564	-0.0159288182233471
3200	7.63206394165678	0.225552549008108
3201	0.933196336220535	-0.0459268443594256
3202	3.83277344408565	0.013066163707498
3203	4.20298313540266	0.124135043368092
3204	13.0890550842129	0.309695447740569
3205	2.07919871608019	-0.0812438501245648
3206	8.13973945137633	0.304262832589983
3207	11.3109613281212	0.329873860607112
3208	8.40622292010059	0.172797003778014
3209	7.70093123009355	0.155265554263916
3210	-0.869341528701938	-0.158651790151394
3211	4.49525723569331	-0.0788686176315724
3212	1.89836750317081	-0.0951462707087589
3213	6.00179299880979	0.187308014428341
3214	-0.820155155790156	0.0196949116912377
3215	10.4879588762689	0.23313370431861
3216	4.88252368699216	0.0825502959350317
3217	7.57904157297518	0.204237396862936
3218	12.7905455593364	0.356007916152217
3219	5.20286454340831	0.017443682421158
3220	9.51714529827255	0.237341087122713
3221	12.0544175164873	0.324357177232673
3222	3.10998285685403	-0.075455731043192
3223	6.96921515976092	0.167748440544729
3224	-3.47204224019094	-0.123366825633602
3225	3.44629952051981	-0.0449795467438823
3226	3.52111163146665	0.0208073045627031
3227	-1.15090701550391	-0.185430532232962
3228	0.647150717041725	0.0187455360267464
3229	8.4799900384284	0.288383011741793
3230	3.92007108065157	-0.00451572390662269
3231	7.50232048871051	0.073907823314388
3232	5.98921445041507	0.138915749600917
3233	5.6978389077052	0.0802496013701124
3234	1.12700113576673	-0.0898006695098117
3235	6.17436070962664	0.264967613526152
3236	6.19161173170902	0.177040432679407
3237	7.74229842129755	0.246634001818366
3238	0.176696717231899	-0.133111714171797
3239	9.8845820964505	0.207608502557319
3240	5.46164465263741	0.034729179318093
3241	8.5223083368831	0.261411372222214
3242	6.25799896556609	0.165195629944189
3243	9.78911989828251	0.240377487541004
3244	6.74976213704334	0.113169748632926
3245	3.97912357327344	0.100267989265569
3246	7.0572844663492	0.243931761719748
3247	0.00913835227917714	-0.179929988457906
3248	6.26382662946961	0.0712241631377309
3249	7.56307243974195	0.2123686534673
3250	9.07499413069979	0.190466793377959
3251	5.52764722636056	0.0714397153030464
3252	8.11046093548606	0.28369004777446
3253	4.93940466953885	0.049570870683379
3254	-0.321158867783989	-0.0573869977865827
3255	2.71419596914147	-0.153731183458443
3256	4.15439371908288	-0.137802518411135
3257	2.06081753325998	-0.0178383200072725
3258	3.13534190568576	0.0941341924746969
3259	8.08350017189722	0.173465025657565
3260	3.61185303849989	0.032270063345339
3261	14.7577466121226	0.31227844892676
3262	2.44476046765507	-0.0303813042881798
3263	5.88826744001823	0.0611733578380031
3264	3.04474040781165	-0.00891705927712473
3265	5.32389918708107	0.167303954119964
3266	2.47378596763627	-0.0500722995012409
3267	1.1326257215254	0.0719518885359208
3268	11.1268377708767	0.231180048050601
3269	0.317469648841269	-0.146223726486405
3270	13.8490793011679	0.291498506464918
3271	4.01989431193118	-0.00522180075000067
3272	7.65339134041168	0.271644618753586
3273	4.38165457688311	-0.00101068299753783
3274	1.1371039062817	-0.00815332707519231
3275	2.20894814040502	0.0707378889909108
3276	10.2892725011752	0.300836996651822
3277	8.48548990112927	0.285421955477882
3278	3.68208522494342	0.0229516932586456
3279	8.4765310343228	0.237272185564229
3280	9.34837407423894	0.338695390705177
3281	3.07857635164949	0.0476687439742081
3282	7.2798189143299	0.201413314042388
3283	6.15610641991942	0.028487625704843
3284	-0.142907778321387	-0.0128138716752996
3285	9.27293815158678	0.226076430949301
3286	2.0982078041663	-0.0806848112837522
3287	9.65965434419219	0.200642278136119
3288	-0.148064794940074	-0.125504421698993
3289	2.68589978734744	-0.0570045182553582
3290	1.25385013463343	-0.113545681330714
3291	0.79051291917728	-0.0602465114061084
3292	2.12294813924888	-0.160229817492816
3293	9.02826433377465	0.162555192927987
3294	10.9156578513234	0.292022994811058
3295	11.5206430384198	0.238154175757032
3296	9.68467876178348	0.248332140775474
3297	1.91010902651787	0.0590755471985263
3298	2.77447815608451	0.034070528756492
3299	6.28121768345242	0.255836028605042
3300	5.31239821044149	0.141885708752154
3301	5.61595378247751	0.169436175214485
3302	3.32259900951617	0.00259356394255621
3303	0.421278453547899	-0.0432977242715393
3304	11.2282662788883	0.356438385344515
3305	5.29274988542538	0.157688691904646
3306	5.09307216135443	-0.0748660988900685
3307	1.98588312896555	-0.121254639868293
3308	6.55776487074047	0.0717154998395081
3309	10.8572643536451	0.31847489805601
3310	9.5494837667534	0.138470400392904
3311	9.44257543115604	0.347301106466222
3312	6.85822068188835	0.212080245008934
3313	6.14528742208058	0.00454660645822855
3314	2.87629157998856	0.0459059604314238
3315	0.363777240928913	-0.110830409172618
3316	-1.62868495311718	-0.185603589263526
3317	6.9468070560279	0.203101726751302
3318	-0.320015776978275	-0.13574520962846
3319	5.34378884586512	0.0541010861858406
3320	6.32655157710804	0.16134495036149
3321	9.89014851630298	0.355970580582396
3322	7.6332005846152	0.0813851766619058
3323	4.38303547533982	0.0751635468099579
3324	0.722194958329392	-0.0968695597267146
3325	7.85746985167533	0.224822481074305
3326	5.87207848473772	0.0583125300103361
3327	4.9869085969998	0.0900039001333112
3328	1.41527301647559	-0.0779995975303893
3329	0.380576755278162	-0.0663172043048797
3330	5.50000341126558	0.136783324824104
3331	6.01878726025075	0.125252117711515
3332	-1.25301640912889	-0.150198011074453
3333	0.489479340289447	-0.173174219635599
3334	3.67675774278389	0.162835858624928
3335	10.7564981171972	0.320987403009826
3336	3.10420942118442	0.138100477018317
3337	5.12885672243312	0.117521347647522
3338	4.25577287807814	0.0982251883049696
3339	9.51695312516895	0.352239282528378
3340	4.97790831229541	0.0880517864913472
3341	3.36473809271818	0.184964806176963
3342	8.57166123582939	0.140008785955316
3343	-1.46352073935419	-0.0606674473395067
3344	1.17093031712545	-0.0499897731304452
3345	5.51987527026427	0.210706397635882
3346	2.92921197445074	0.0575795620798561
3347	5.27585431224622	-0.0959375184431282
3348	7.99517047483296	0.220327991909836
3349	-2.31274937607482	-0.134747338511193
3350	6.09332831950654	0.285535652067571
3351	7.27611386265936	0.147259436916911
3352	5.64879480072828	0.115451238444055
3353	2.30919107955057	-0.0109186367967841
3354	2.57885305050109	0.057889764543577
3355	2.03037105120919	0.0840673673886994
3356	-0.979988259671014	-0.092761651180398
3357	7.3556248410648	0.100218755738247
3358	-1.3392244410917	-0.151187709520232
3359	-0.435782502973813	-0.0391501087575722
3360	5.2909754756972	-0.0751475294584673
3361	3.26768652644564	-0.0352577085739274
3362	9.26383503353843	0.302439300577845
3363	6.47178997731563	0.0540739592086193
3364	10.1326639801678	0.238746352328427
3365	8.32894232197286	0.294429865567076
3366	8.36969544311348	0.0357527110546697
3367	-0.744352294156173	-0.157532848269376
3368	0.176860599782797	-0.00720572219698678
3369	7.39591215553284	0.2076168027718
3370	3.46646068043498	-0.00602833148440703
3371	11.1809262679119	0.155984921860033
3372	9.2989793838667	0.272294336538999
3373	10.1875775873683	0.280880361079247
3374	3.54200550161921	0.0237096049910541
3375	2.89792494252289	0.0176974965822082
3376	9.67589305531378	0.302633696839258
3377	8.30706836619223	0.163677064305047
3378	12.0434338018991	0.217218508197735
3379	8.31842623588073	0.142090525920158
3380	12.2527961347413	0.306858998660727
3381	0.0621150180741119	-0.0303111522930505
3382	3.26291245876743	-0.087010517247697
3383	10.077260926972	0.297656813540378
3384	2.10557377058723	0.085671190751132
3385	10.5667360015893	0.292459198671231
3386	0.952814259871516	-0.0881539589789673
3387	11.0264112525838	0.226638557489998
3388	6.16182271281429	0.208044494103502
3389	9.46427431168132	0.329347951509341
3390	3.71954004943786	0.110187472564784
3391	7.18671848980617	0.200986804093752
3392	4.47088475688388	0.0223516421314014
3393	-1.25301883204675	-0.137024007197231
3394	11.7883713990251	0.320260824210249
3395	-0.0173755688770831	-0.0361197801586809
3396	3.9909090801482	0.133939871186215
3397	3.20664267301305	-0.131774336235703
3398	7.0543894547932	0.272234841855905
3399	3.63951363795564	-0.0169021045894075
3400	7.63206394165678	0.240332432785887
3401	0.933196336220535	-0.0486619496623781
3402	3.83277344408565	0.0139340603818845
3403	4.20298313540266	0.131786479416907
3404	13.0890550842129	0.328679998098649
3405	2.07919871608019	-0.0861359439550583
3406	8.13973945137633	0.322915585608495
3407	11.3109613281212	0.350090808902508
3408	8.40622292010059	0.183420472366333
3409	7.70093123009355	0.16481828838158
3410	-0.869341528701938	-0.168271579180309
3411	4.49525723569331	-0.0836156439761159
3412	1.89836750317081	-0.100887455821355
3413	6.00179299880979	0.198817743978417
3414	-0.820155155790156	0.0209676595992755
3415	10.4879588762689	0.247442240993426
3416	4.88252368699216	0.0876619407079298
3417	7.57904157297518	0.216781089595865
3418	12.7905455593364	0.377821003666316
3419	5.20286454340831	0.0185789363485136
3420	9.51714529827255	0.251906589988258
3421	12.0544175164873	0.344237193716016
3422	3.10998285685403	-0.0799943151073822
3423	6.96921515976092	0.178063567790433
3424	-3.47204224019094	-0.130831583056334
3425	3.44629952051981	-0.0476567957805793
3426	3.52111163146665	0.0221479919409731
3427	-1.15090701550391	-0.196685834754612
3428	0.647150717041725	0.019960300751548
3429	8.4799900384284	0.306065903622679
3430	3.92007108065157	-0.00472164221327879
3431	7.50232048871051	0.0784916284845665
3432	5.98921445041507	0.147469918287521
3433	5.6978389077052	0.0852207310660838
3434	1.12700113576673	-0.0952153716658511
3435	6.17436070962664	0.281220408369514
3436	6.19161173170902	0.187923068976298
3437	7.74229842129755	0.261767070080571
3438	0.176696717231899	-0.141171641324343
3439	9.8845820964505	0.220358085799661
3440	5.46164465263741	0.0369201461432938
3441	8.5223083368831	0.277446969386226
3442	6.25799896556609	0.175354844108955
3443	9.78911989828251	0.255128438768475
3444	6.74976213704334	0.120151478560498
3445	3.97912357327344	0.10646174336287
3446	7.0572844663492	0.258899790484264
3447	0.00913835227917714	-0.190849344894633
3448	6.26382662946961	0.0756440635802163
3449	7.56307243974195	0.225408963250008
3450	9.07499413069979	0.202169445567079
3451	5.52764722636056	0.0758727806086792
3452	8.11046093548606	0.301086316562068
3453	4.93940466953885	0.0526682948174785
3454	-0.321158867783989	-0.0608220327390253
3455	2.71419596914147	-0.163050446099141
3456	4.15439371908288	-0.146148936751425
3457	2.06081753325998	-0.0188579167762893
3458	3.13534190568576	0.0999533245160922
3459	8.08350017189722	0.184129293727581
3460	3.61185303849989	0.0343108394953621
3461	14.7577466121226	0.331420756257849
3462	2.44476046765507	-0.0321669646746778
3463	5.88826744001823	0.064979404663672
3464	3.04474040781165	-0.0093917894406853
3465	5.32389918708107	0.177591934327065
3466	2.47378596763627	-0.0530605887587391
3467	1.1326257215254	0.0764162348565629
3468	11.1268377708767	0.245369265036062
3469	0.317469648841269	-0.155084470682266
3470	13.8490793011679	0.309371677397773
3471	4.01989431193118	-0.00547084274785689
3472	7.65339134041168	0.288305212145037
3473	4.38165457688311	-0.00100253069244007
3474	1.1371039062817	-0.00858141224261033
3475	2.20894814040502	0.075128090206828
3476	10.2892725011752	0.319280516507563
3477	8.48548990112927	0.302924000646191
3478	3.68208522494342	0.0244233493222705
3479	8.4765310343228	0.251833480262406
3480	9.34837407423894	0.359451114550896
3481	3.07857635164949	0.0506499955902608
3482	7.2798189143299	0.213784525725105
3483	6.15610641991942	0.0302973892188871
3484	-0.142907778321387	-0.0135265999209382
3485	9.27293815158678	0.239953944173416
3486	2.0982078041663	-0.0855427617790461
3487	9.65965434419219	0.212966398748454
3488	-0.148064794940074	-0.133099732946709
3489	2.68589978734744	-0.0604161932444349
3490	1.25385013463343	-0.120410611697622
3491	0.79051291917728	-0.0638561913472198
3492	2.12294813924888	-0.169945984648864
3493	9.02826433377465	0.172553142222522
3494	10.9156578513234	0.309928198905303
3495	11.5206430384198	0.252769338066182
3496	9.68467876178348	0.263568922989904
3497	1.91010902651787	0.0627534700968047
3498	2.77447815608451	0.0362212684538758
3499	6.28121768345242	0.271531111278689
3500	5.31239821044149	0.150621267895782
3501	5.61595378247751	0.179854380969856
3502	3.32259900951617	0.00282184587449457
3503	0.421278453547899	-0.0458722558864274
3504	11.2282662788883	0.378277763793791
3505	5.29274988542538	0.167389419318414
3506	5.09307216135443	-0.0793686711304305
3507	1.98588312896555	-0.128590395401848
3508	6.55776487074047	0.0761654087044499
3509	10.8572643536451	0.33799565393883
3510	9.5494837667534	0.146997369346358
3511	9.44257543115604	0.368582424986962
3512	6.85822068188835	0.225102940225445
3513	6.14528742208058	0.00489417059455649
3514	2.87629157998856	0.0487795499227876
3515	0.363777240928913	-0.117529504107918
3516	-1.62868495311718	-0.196869461255081
3517	6.9468070560279	0.215576058354973
3518	-0.320015776978275	-0.143965977695016
3519	5.34378884586512	0.0574751935396637
3520	6.32655157710804	0.171268984009019
3521	9.89014851630298	0.37778138782403
3522	7.6332005846152	0.0864256616960066
3523	4.38303547533982	0.0798240453779776
3524	0.722194958329392	-0.102715994833212
3525	7.85746985167533	0.238623409224576
3526	5.87207848473772	0.0619438515819848
3527	4.9869085969998	0.0955707742892277
3528	1.41527301647559	-0.0826935484131873
3529	0.380576755278162	-0.0702976522273979
3530	5.50000341126558	0.145207255522526
3531	6.01878726025075	0.13297177915178
3532	-1.25301640912889	-0.159301484971654
3533	0.489479340289447	-0.183680967032325
3534	3.67675774278389	0.172850949595981
3535	10.7564981171972	0.34066161030347
3536	3.10420942118442	0.146604852876526
3537	5.12885672243312	0.124768851780682
3538	4.25577287807814	0.104294178194757
3539	9.51695312516895	0.373822200487753
3540	4.97790831229541	0.0934994351738989
3541	3.36473809271818	0.196331424123822
3542	8.57166123582939	0.148629711911556
3543	-1.46352073935419	-0.0643028359713606
3544	1.17093031712545	-0.0529730220842378
3545	5.51987527026427	0.223645185030706
3546	2.92921197445074	0.0611661175853322
3547	5.27585431224622	-0.101727029064881
3548	7.99517047483296	0.233854418828904
3549	-2.31274937607482	-0.142907161531438
3550	6.09332831950654	0.303044641262824
3551	7.27611386265936	0.156323196873445
3552	5.64879480072828	0.122572310516912
3553	2.30919107955057	-0.0115156134434016
3554	2.57885305050109	0.0614952656856088
3555	2.03037105120919	0.0892716674037429
3556	-0.979988259671014	-0.0983571954932212
3557	7.3556248410648	0.106409502894521
3558	-1.3392244410917	-0.160351629317278
3559	-0.435782502973813	-0.0414713244730386
3560	5.2909754756972	-0.0796672900899226
3561	3.26768652644564	-0.037341195683618
3562	9.26383503353843	0.320980681254774
3563	6.47178997731563	0.0574464097804649
3564	10.1326639801678	0.253397681861925
3565	8.32894232197286	0.312482069456335
3566	8.36969544311348	0.0380061901502496
3567	-0.744352294156173	-0.167084297846793
3568	0.176860599782797	-0.00757593233206134
3569	7.39591215553284	0.220366892950305
3570	3.46646068043498	-0.0063266324016856
3571	11.1809262679119	0.165581591402523
3572	9.2989793838667	0.288994611488355
3573	10.1875775873683	0.298105028060975
3574	3.54200550161921	0.0252275505652499
3575	2.89792494252289	0.0188482522267012
3576	9.67589305531378	0.321186950281066
3577	8.30706836619223	0.173743531970188
3578	12.0434338018991	0.230555023187741
3579	8.31842623588073	0.150838594286243
3580	12.2527961347413	0.325670312698467
3581	0.0621150180741119	-0.0320925281416779
3582	3.26291245876743	-0.092254810664686
3583	10.077260926972	0.315906103496436
3584	2.10557377058723	0.0909734443870451
3585	10.5667360015893	0.310391043945884
3586	0.952814259871516	-0.0934680881774114
3587	11.0264112525838	0.240550402630793
3588	6.16182271281429	0.22082070555916
3589	9.46427431168132	0.349532779870845
3590	3.71954004943786	0.116987059778795
3591	7.18671848980617	0.213331966652367
3592	4.47088475688388	0.0237866500316455
3593	-1.25301883204675	-0.145322877912217
3594	11.7883713990251	0.339890655654325
3595	-0.0173755688770831	-0.0382559183490039
3596	3.9909090801482	0.142190137760439
3597	3.20664267301305	-0.139752582939903
3598	7.0543894547932	0.288931483163447
3599	3.63951363795564	-0.0178645219381453
3600	7.63206394165678	0.255080632291127
3601	0.933196336220535	-0.0513814338417972
3602	3.83277344408565	0.0148078450032928
3603	4.20298313540266	0.1394254783087
3604	13.0890550842129	0.347621495939879
3605	2.07919871608019	-0.0910065897570641
3606	8.13973945137633	0.341526182429975
3607	11.3109613281212	0.370261375472041
3608	8.40622292010059	0.194023475126682
3609	7.70093123009355	0.174353449161387
3610	-0.869341528701938	-0.177857148749538
3611	4.49525723569331	-0.0883416141785643
3612	1.89836750317081	-0.106604899163919
3613	6.00179299880979	0.210304613548526
3614	-0.820155155790156	0.0222452017861821
3615	10.4879588762689	0.261720356969758
3616	4.88252368699216	0.0927680093349702
3617	7.57904157297518	0.229299129192945
3618	12.7905455593364	0.399583397632119
3619	5.20286454340831	0.0197193559820066
3620	9.51714529827255	0.266440977984928
3621	12.0544175164873	0.364071738663615
3622	3.10998285685403	-0.0845124061170137
3623	6.96921515976092	0.188359062163777
3624	-3.47204224019094	-0.138267942637894
3625	3.44629952051981	-0.0503185799870936
3626	3.52111163146665	0.0234932900659184
3627	-1.15090701550391	-0.207902499628186
3628	0.647150717041725	0.0211800163914236
3629	8.4799900384284	0.323709259296669
3630	3.92007108065157	-0.00491877176108528
3631	7.50232048871051	0.0830712834187413
3632	5.98921445041507	0.156009211168397
3633	5.6978389077052	0.0901866642046782
3634	1.12700113576673	-0.10060721401536
3635	6.17436070962664	0.297437530280822
3636	6.19161173170902	0.198784539327629
3637	7.74229842129755	0.27686749024849
3638	0.176696717231899	-0.149201562839753
3639	9.8845820964505	0.233081459711991
3640	5.46164465263741	0.0391134267639074
3641	8.5223083368831	0.293447480357621
3642	6.25799896556609	0.185494846586125
3643	9.78911989828251	0.269847774155477
3644	6.74976213704334	0.127122580480178
3645	3.97912357327344	0.112646998096085
3646	7.0572844663492	0.273835616993428
3647	0.00913835227917714	-0.20173097121055
3648	6.26382662946961	0.0800602565601563
3649	7.56307243974195	0.238422278331852
3650	9.07499413069979	0.213848716613571
3651	5.52764722636056	0.0803021028881067
3652	8.11046093548606	0.31844382342855
3653	4.93940466953885	0.0557655840364313
3654	-0.321158867783989	-0.0642395557727402
3655	2.71419596914147	-0.172336301124387
3656	4.15439371908288	-0.154464575525139
3657	2.06081753325998	-0.0198665267093676
3658	3.13534190568576	0.105764969200227
3659	8.08350017189722	0.194772985753602
3660	3.61185303849989	0.0363543351670121
3661	14.7577466121226	0.35051958490622
3662	2.44476046765507	-0.0339395687752466
3663	5.88826744001823	0.0687834022955509
3664	3.04474040781165	-0.00985700467503387
3665	5.32389918708107	0.187860354997019
3666	2.47378596763627	-0.0560325729396739
3667	1.1326257215254	0.0808767536482317
3668	11.1268377708767	0.259528383654141
3669	0.317469648841269	-0.163913045907836
3670	13.8490793011679	0.327204798102477
3671	4.01989431193118	-0.00571097949220129
3672	7.65339134041168	0.304929030974385
3673	4.38165457688311	-0.000986167920445703
3674	1.1371039062817	-0.00900010848795806
3675	2.20894814040502	0.0795146641899127
3676	10.2892725011752	0.337682445390304
3677	8.48548990112927	0.320386998148268
3678	3.68208522494342	0.0258992623327839
3679	8.4765310343228	0.266363671459684
3680	9.34837407423894	0.380159001218448
3681	3.07857635164949	0.0536314261204765
3682	7.2798189143299	0.226130550213572
3683	6.15610641991942	0.0321104963138222
3684	-0.142907778321387	-0.0142291703075644
3685	9.27293815158678	0.253802201069023
3686	2.0982078041663	-0.0903793564809137
3687	9.65965434419219	0.22526545937871
3688	-0.148064794940074	-0.140666293674171
3689	2.68589978734744	-0.0638104194195636
3690	1.25385013463343	-0.127248764600655
3691	0.79051291917728	-0.0674478875823237
3692	2.12294813924888	-0.179627671988632
3693	9.02826433377465	0.18253231547159
3694	10.9156578513234	0.327793266236774
3695	11.5206430384198	0.267353251356065
3696	9.68467876178348	0.278772776936401
3697	1.91010902651787	0.0664296899162295
3698	2.77447815608451	0.0383744306165365
3699	6.28121768345242	0.287192027628112
3700	5.31239821044149	0.159341461224145
3701	5.61595378247751	0.190252675395811
3702	3.32259900951617	0.00305774361350783
3703	0.421278453547899	-0.048431600152745
3704	11.2282662788883	0.400066377672243
3705	5.29274988542538	0.177072173604127
3706	5.09307216135443	-0.0838508475988442
3707	1.98588312896555	-0.135898101580899
3708	6.55776487074047	0.0806115290418692
3709	10.8572643536451	0.357471908795181
3710	9.5494837667534	0.155509535971649
3711	9.44257543115604	0.389814486484145
3712	6.85822068188835	0.238098688325213
3713	6.14528742208058	0.00524902830811952
3714	2.87629157998856	0.0516536091675841
3715	0.363777240928913	-0.124202269568419
3716	-1.62868495311718	-0.208096667046113
3717	6.9468070560279	0.22802492419547
3718	-0.320015776978275	-0.152156305627587
3719	5.34378884586512	0.0608484185442193
3720	6.32655157710804	0.181174441287361
3721	9.89014851630298	0.399541507677314
3722	7.6332005846152	0.0914607628157008
3723	4.38303547533982	0.0844801865298746
3724	0.722194958329392	-0.108538403846554
3725	7.85746985167533	0.252395287933831
3726	5.87207848473772	0.0655735959639525
3727	4.9869085969998	0.101130842539224
3728	1.41527301647559	-0.0873665865323398
3729	0.380576755278162	-0.0742591148485083
3730	5.50000341126558	0.153616662241098
3731	6.01878726025075	0.14067881913044
3732	-1.25301640912889	-0.168372134186732
3733	0.489479340289447	-0.194151098933392
3734	3.67675774278389	0.182847218214912
3735	10.7564981171972	0.360290902035856
3736	3.10420942118442	0.155094487439727
3737	5.12885672243312	0.13200500994152
3738	4.25577287807814	0.110355005759421
3739	9.51695312516895	0.395355046680591
3740	4.97790831229541	0.0989406000271163
3741	3.36473809271818	0.20767556869347
3742	8.57166123582939	0.157235581723482
3743	-1.46352073935419	-0.0679201714475575
3744	1.17093031712545	-0.0559399795773813
3745	5.51987527026427	0.236557251978003
3746	2.92921197445074	0.0647512168325136
3747	5.27585431224622	-0.107492667369708
3748	7.99517047483296	0.247352537846637
3749	-2.31274937607482	-0.151036709055102
3750	6.09332831950654	0.320514564033197
3751	7.27611386265936	0.16537070441058
3752	5.64879480072828	0.129682378161961
3753	2.30919107955057	-0.0121027449232427
3754	2.57885305050109	0.0650992593894615
3755	2.03037105120919	0.094470140973364
3756	-0.979988259671014	-0.103929391471158
3757	7.3556248410648	0.112591758809681
3758	-1.3392244410917	-0.169482561143193
3759	-0.435782502973813	-0.0437780371494014
3760	5.2909754756972	-0.0841666085165812
3761	3.26768652644564	-0.0394108219560402
3762	9.26383503353843	0.339480206596747
3763	6.47178997731563	0.0608179824786861
3764	10.1326639801678	0.268017664673744
3765	8.32894232197286	0.330493739476474
3766	8.36969544311348	0.0402618141701271
3767	-0.744352294156173	-0.176601712577231
3768	0.176860599782797	-0.00793690988911122
3769	7.39591215553284	0.233090772429358
3770	3.46646068043498	-0.00661589499703871
3771	11.1809262679119	0.175160568919671
3772	9.2989793838667	0.305658004679549
3773	10.1875775873683	0.31529139668798
3774	3.54200550161921	0.0267496280395037
3775	2.89792494252289	0.0200041317008769
3776	9.67589305531378	0.339698316314741
3777	8.30706836619223	0.183791038493822
3778	12.0434338018991	0.243863743305917
3779	8.31842623588073	0.159571263044555
3780	12.2527961347413	0.34443904220125
3781	0.0621150180741119	-0.0338608592786588
3782	3.26291245876743	-0.0974767046185881
3783	10.077260926972	0.334114327173598
3784	2.10557377058723	0.0962696069648913
3785	10.5667360015893	0.328282680489078
3786	0.952814259871516	-0.0987596292578658
3787	11.0264112525838	0.254432898698583
3788	6.16182271281429	0.233570635751152
3789	9.46427431168132	0.369671313275517
3790	3.71954004943786	0.123776511026603
3791	7.18671848980617	0.225652012386031
3792	4.47088475688388	0.0252260138804009
3793	-1.25301883204675	-0.153591097506139
3794	11.7883713990251	0.359475691414395
3795	-0.0173755688770831	-0.0403780534700351
3796	3.9909090801482	0.150426349492377
3797	3.20664267301305	-0.147701044659141
3798	7.0543894547932	0.305591252528774
3799	3.63951363795564	-0.0188161069158585
3800	7.63206394165678	0.269797223389422
3801	0.933196336220535	-0.0540853461019312
3802	3.83277344408565	0.0156874941027566
3803	4.20298313540266	0.147052065027517
3804	13.0890550842129	0.366520047197717
3805	2.07919871608019	-0.0958558521416243
3806	8.13973945137633	0.360094726617939
3807	11.3109613281212	0.390385675051858
3808	8.40622292010059	0.20460605827154
3809	7.70093123009355	0.183871075167847
3810	-0.869341528701938	-0.187408597238789
3811	4.49525723569331	-0.0930465918137811
3812	1.89836750317081	-0.112298671412324
3813	6.00179299880979	0.221768675681474
3814	-0.820155155790156	0.0235275176747354
3815	10.4879588762689	0.275968124781546
3816	4.88252368699216	0.097868508659147
3817	7.57904157297518	0.241791575582307
3818	12.7905455593364	0.42129522418657
3819	5.20286454340831	0.020864919762332
3820	9.51714529827255	0.280944325482103
3821	12.0544175164873	0.383860924405003
3822	3.10998285685403	-0.0890100661581025
3823	6.96921515976092	0.198634967674843
3824	-3.47204224019094	-0.145675987365172
3825	3.44629952051981	-0.0529649481544218
3826	3.52111163146665	0.0248431788455905
3827	-1.15090701550391	-0.219080636915426
3828	0.647150717041725	0.0224046619549927
3829	8.4799900384284	0.341313175399821
3830	3.92007108065157	-0.00510714368898256
3831	7.50232048871051	0.0876467911896889
3832	5.98921445041507	0.164533659675571
3833	5.6978389077052	0.095147406625228
3834	1.12700113576673	-0.105976264902233
3835	6.17436070962664	0.313619065681332
3836	6.19161173170902	0.209624891797048
3837	7.74229842129755	0.291935340745472
3838	0.176696717231899	-0.157201565956057
3839	9.8845820964505	0.24577868569306
3840	5.46164465263741	0.0413090071613044
3841	8.5223083368831	0.30941299000627
3842	6.25799896556609	0.195615680272135
3843	9.78911989828251	0.284535569396001
3844	6.74976213704334	0.134083074592478
3845	3.97912357327344	0.118823768037425
3846	7.0572844663492	0.288739318491755
3847	0.00913835227917714	-0.212574975067831
3848	6.26382662946961	0.0844727439795997
3849	7.56307243974195	0.251408662188164
3850	9.07499413069979	0.225504660438237
3851	5.52764722636056	0.0847276841374108
3852	8.11046093548606	0.335762662962692
3853	4.93940466953885	0.0588627307961907
3854	-0.321158867783989	-0.0676396210913864
3855	2.71419596914147	-0.181588844767311
3856	4.15439371908288	-0.162749524016638
3857	2.06081753325998	-0.020864186757336
3858	3.13534190568576	0.111569138423488
3859	8.08350017189722	0.205396148239528
3860	3.61185303849989	0.0384005352688878
3861	14.7577466121226	0.369575041932147
3862	2.44476046765507	-0.035699159012503
3863	5.88826744001823	0.072585348251096
3864	3.04474040781165	-0.0103127380391622
3865	5.32389918708107	0.198109259946004
3866	2.47378596763627	-0.0589883030567191
3867	1.1326257215254	0.0853334471304409
3868	11.1268377708767	0.273657475586508
3869	0.317469648841269	-0.172709545121167
3870	13.8490793011679	0.3449979665742
3871	4.01989431193118	-0.0059422424299953
3872	7.65339134041168	0.321516164575681
3873	4.38165457688311	-0.000961624291445847
3874	1.1371039062817	-0.00940944853705453
3875	2.20894814040502	0.0838976126300802
3876	10.2892725011752	0.356042885369064
3877	8.48548990112927	0.33781104332843
3878	3.68208522494342	0.0273794131337115
3879	8.4765310343228	0.280862833495383
3880	9.34837407423894	0.40081916929231
3881	3.07857635164949	0.0566130271910196
3882	7.2798189143299	0.238451446203935
3883	6.15610641991942	0.0339269302481853
3884	-0.142907778321387	-0.0149216175941267
3885	9.27293815158678	0.267621271091376
3886	2.0982078041663	-0.0951946597565202
3887	9.65965434419219	0.237539518386672
3888	-0.148064794940074	-0.148204187800783
3889	2.68589978734744	-0.0671872508175497
3890	1.25385013463343	-0.134060218742301
3891	0.79051291917728	-0.0710216555625218
3892	2.12294813924888	-0.189274978580231
3893	9.02826433377465	0.192492754419752
3894	10.9156578513234	0.345618295029447
3895	11.5206430384198	0.281905990350764
3896	9.68467876178348	0.293943781779115
3897	1.91010902651787	0.070104203259102
3898	2.77447815608451	0.0405300009385131
3899	6.28121768345242	0.302818860090978
3900	5.31239821044149	0.16804632146489
3901	5.61595378247751	0.200631103238691
3902	3.32259900951617	0.00330122912203208
3903	0.421278453547899	-0.0509758051278055
3904	11.2282662788883	0.421804353304603
3905	5.29274988542538	0.186736994383372
3906	5.09307216135443	-0.0883126901241028
3907	1.98588312896555	-0.143177840470912
3908	6.55776487074047	0.085053862968157
3909	10.8572643536451	0.376903772388495
3910	9.5494837667534	0.164006931506518
3911	9.44257543115604	0.410997413296432
3912	6.85822068188835	0.251067552657753
3913	6.14528742208058	0.00561115241335467
3914	2.87629157998856	0.0545281290229755
3915	0.363777240928913	-0.130848783072092
3916	-1.62868495311718	-0.219285316773862
3917	6.9468070560279	0.240448383705494
3918	-0.320015776978275	-0.160316281813046
3919	5.34378884586512	0.0642207556317352
3920	6.32655157710804	0.191061363413122
3921	9.89014851630298	0.421251066262903
3922	7.6332005846152	0.0964904863557074
3923	4.38303547533982	0.0891319738862259
3924	0.722194958329392	-0.11433685819439
3925	7.85746985167533	0.266138186110297
3926	5.87207848473772	0.0692017594256797
3927	4.9869085969998	0.106684114977875
3928	1.41527301647559	-0.0920187750836065
3929	0.380576755278162	-0.0782016502676094
3930	5.50000341126558	0.162011575481588
3931	6.01878726025075	0.148373263118856
3932	-1.25301640912889	-0.177410053411493
3933	0.489479340289447	-0.204584720053814
3934	3.67675774278389	0.192824706348724
3935	10.7564981171972	0.379875389066478
3936	3.10420942118442	0.163569411784287
3937	5.12885672243312	0.139229844228905
3938	4.25577287807814	0.116407684680018
3939	9.51695312516895	0.416837945599795
3940	4.97790831229541	0.10437529029398
3941	3.36473809271818	0.218997291406507
3942	8.57166123582939	0.165826427299945
3943	-1.46352073935419	-0.0715195094028292
3944	1.17093031712545	-0.0588906965865477
3945	5.51987527026427	0.249442661227961
3946	2.92921197445074	0.0683348557710885
3947	5.27585431224622	-0.113234504378662
3948	7.99517047483296	0.260822415910572
3949	-2.31274937607482	-0.159136069033745
3950	6.09332831950654	0.337945515772609
3951	7.27611386265936	0.174401994600216
3952	5.64879480072828	0.136781462575
3953	2.30919107955057	-0.0126800651684731
3954	2.57885305050109	0.0687017417401469
3955	2.03037105120919	0.0996627956023686
3956	-0.979988259671014	-0.10947830874981
3957	7.3556248410648	0.118765538034462
3958	-1.3392244410917	-0.178580600121534
3959	-0.435782502973813	-0.046070293034606
3960	5.2909754756972	-0.0886455466900084
3961	3.26768652644564	-0.0414666319411073
3962	9.26383503353843	0.357937979371779
3963	6.47178997731563	0.064188671723677
3964	10.1326639801678	0.282606375746302
3965	8.32894232197286	0.348464974901448
3966	8.36969544311348	0.0425195695421814
3967	-0.744352294156173	-0.186085190352267
3968	0.176860599782797	-0.0082886871805695
3969	7.39591215553284	0.245788502611328
3970	3.46646068043498	-0.00689615106927109
3971	11.1809262679119	0.184721893289807
3972	9.2989793838667	0.322284605730069
3973	10.1875775873683	0.332439560323342
3974	3.54200550161921	0.0282758185879749
3975	2.89792494252289	0.021165113556155
3976	9.67589305531378	0.358167897793104
3977	8.30706836619223	0.19381962610992
3978	12.0434338018991	0.257144734143314
3979	8.31842623588073	0.168288565012093
3980	12.2527961347413	0.363165291865153
3981	0.0621150180741119	-0.0356161880960066
3982	3.26291245876743	-0.102676266236113
3983	10.077260926972	0.352281585253553
3984	2.10557377058723	0.101559686689133
3985	10.5667360015893	0.346134206715082
3986	0.952814259871516	-0.104028649845859
3987	11.0264112525838	0.268286115393846
3988	6.16182271281429	0.246294346268426
3989	9.46427431168132	0.389763666230078
3990	3.71954004943786	0.130555845207724
3991	7.18671848980617	0.237946999804828
3992	4.47088475688388	0.0266697142594253
3993	-1.25301883204675	-0.161828754923736
3994	11.7883713990251	0.379016042032988
3995	-0.0173755688770831	-0.0424862304477605
3996	3.9909090801482	0.158648535643362
3997	3.20664267301305	-0.155619808048026
3998	7.0543894547932	0.322214239543421
3999	3.63951363795564	-0.0197568960649584
4000	7.63206394165678	0.284482281755105
4001	0.933196336220535	-0.0567737355102057
4002	3.83277344408565	0.0165729842806216
4003	4.20298313540266	0.15466626449961
4004	13.0890550842129	0.385375757535476
4005	2.07919871608019	-0.100683795542542
4006	8.13973945137633	0.378621321471977
4007	11.3109613281212	0.410463822084871
4008	8.40622292010059	0.215168267899909
4009	7.70093123009355	0.193371204872053
4010	-0.869341528701938	-0.196926022761946
4011	4.49525723569331	-0.097730640282109
4012	1.89836750317081	-0.117968843049296
4013	6.00179299880979	0.233209982789982
4014	-0.820155155790156	0.0248145867494398
4015	10.4879588762689	0.290185616780199
4016	4.88252368699216	0.10296344551325
4017	7.57904157297518	0.254258488542619
4018	12.7905455593364	0.442956609143469
4019	5.20286454340831	0.0220156061944878
4020	9.51714529827255	0.29541670666182
4021	12.0544175164873	0.403604862982791
4022	3.10998285685403	-0.0934873571460493
4023	6.96921515976092	0.208891328226007
4024	-3.47204224019094	-0.153055799999617
4025	3.44629952051981	-0.0555959489378215
4026	3.52111163146665	0.0261976382484942
4027	-1.15090701550391	-0.230220356381608
4028	0.647150717041725	0.0236342165136878
4029	8.4799900384284	0.358877748322438
4030	3.92007108065157	-0.00528678904647831
4031	7.50232048871051	0.092218154869872
4032	5.98921445041507	0.173043295166358
4033	5.6978389077052	0.100102964159494
4034	1.12700113576673	-0.111322592483332
4035	6.17436070962664	0.329765100773343
4036	6.19161173170902	0.220444174329866
4037	7.74229842129755	0.306970699796886
4038	0.176696717231899	-0.165171737674689
4039	9.8845820964505	0.2584498249883
4040	5.46164465263741	0.043506873361377
4041	8.5223083368831	0.325343582987156
4042	6.25799896556609	0.205717387958638
4043	9.78911989828251	0.299191899993214
4044	6.74976213704334	0.141032981052668
4045	3.97912357327344	0.124992067728624
4046	7.0572844663492	0.303610972028876
4047	0.00913835227917714	-0.22338146383847
4048	6.26382662946961	0.0888815277433526
4049	7.56307243974195	0.264368178135512
4050	9.07499413069979	0.237137330828176
4051	5.52764722636056	0.0891495263551842
4052	8.11046093548606	0.353042929512894
4053	4.93940466953885	0.0619597275802472
4054	-0.321158867783989	-0.0710222827486855
4055	2.71419596914147	-0.190808173000847
4056	4.15439371908288	-0.171003871268319
4057	2.06081753325998	-0.021850933766344
4058	3.13534190568576	0.117365844058802
4059	8.08350017189722	0.215998827575014
4060	3.61185303849989	0.0404494247569235
4061	14.7577466121226	0.388587234122803
4062	2.44476046765507	-0.0374457776900307
4063	5.88826744001823	0.0763852400620227
4064	3.04474040781165	-0.0107590224975925
4065	5.32389918708107	0.208338692883001
4066	2.47378596763627	-0.0619278299809816
4067	1.1326257215254	0.089786317524629
4068	11.1268377708767	0.287756612334542
4069	0.317469648841269	-0.181474061028711
4070	13.8490793011679	0.362751280558793
4071	4.01989431193118	-0.00616466291795959
4072	7.65339134041168	0.338066702056378
4073	4.38165457688311	-0.000928929329910028
4074	1.1371039062817	-0.00980946502212321
4075	2.20894814040502	0.0882769372205592
4076	10.2892725011752	0.374361938252858
4077	8.48548990112927	0.355196231288629
4078	3.68208522494342	0.0288637826265785
4079	8.4765310343228	0.295331040521562
4080	9.34837407423894	0.421431737053626
4081	3.07857635164949	0.0595947904577676
4082	7.2798189143299	0.250747272246108
4083	6.15610641991942	0.0357466743321779
4084	-0.142907778321387	-0.0156039764406448
4085	9.27293815158678	0.281411223521276
4086	2.0982078041663	-0.0999887357964316
4087	9.65965434419219	0.24978863398678
4088	-0.148064794940074	-0.155713499018057
4089	2.68589978734744	-0.0705467413256981
4090	1.25385013463343	-0.140845052610841
4091	0.79051291917728	-0.0745775505857057
4092	2.12294813924888	-0.198888003224144
4093	9.02826433377465	0.202434500709814
4094	10.9156578513234	0.363403383257376
4095	11.5206430384198	0.29642762958609
4096	9.68467876178348	0.309082016482273
4097	1.91010902651787	0.0737770067443833
4098	2.77447815608451	0.0426879651591201
4099	6.28121768345242	0.318411690896447
4100	5.31239821044149	0.176735881267559
4101	5.61595378247751	0.210989709135206
4102	3.32259900951617	0.00355227444380034
4103	0.421278453547899	-0.053504918735108
4104	11.2282662788883	0.443491816691967
4105	5.29274988542538	0.196383921181545
4106	5.09307216135443	-0.0927542603650589
4107	1.98588312896555	-0.150429693914325
4108	6.55776487074047	0.0894924126018993
4109	10.8572643536451	0.39629135420201
4110	9.5494837667534	0.172489587114513
4111	9.44257543115604	0.432131327449301
4112	6.85822068188835	0.264009596414148
4113	6.14528742208058	0.00598051580376092
4114	2.87629157998856	0.057403100377855
4115	0.363777240928913	-0.137469121925806
4116	-1.62868495311718	-0.2304355202789
4117	6.9468070560279	0.252846496169585
4118	-0.320015776978275	-0.168445994398658
4119	5.34378884586512	0.0675921992567918
4120	6.32655157710804	0.200929791502528
4121	9.89014851630298	0.442910189378353
4122	7.6332005846152	0.101514838641875
4123	4.38303547533982	0.0937794110658577
4124	0.722194958329392	-0.120111429109244
4125	7.85746985167533	0.279852172489183
4126	5.87207848473772	0.0728283382541398
4127	4.9869085969998	0.112230601681024
4128	1.41527301647559	-0.0966501770892208
4129	0.380576755278162	-0.0821253164239423
4130	5.50000341126558	0.170392025673497
4131	6.01878726025075	0.156055136529319
4132	-1.25301640912889	-0.186415337081593
4133	0.489479340289447	-0.214981934826163
4134	3.67675774278389	0.202783455762336
4135	10.7564981171972	0.39941518197176
4136	3.10420942118442	0.1720296569128
4137	5.12885672243312	0.14644337669148
4138	4.25577287807814	0.12245222860946
4139	9.51695312516895	0.438271021419438
4140	4.97790831229541	0.10980351520097
4141	3.36473809271818	0.230296643656124
4142	8.57166123582939	0.174402280473843
4143	-1.46352073935419	-0.0751009053182162
4144	1.17093031712545	-0.061825223946937
4145	5.51987527026427	0.2623014753739
4146	2.92921197445074	0.0719170303691173
4147	5.27585431224622	-0.118952610918737
4148	7.99517047483296	0.274264119800374
4149	-2.31274937607482	-0.167205329180459
4150	6.09332831950654	0.35533759163248
4151	7.27611386265936	0.183417102429995
4152	5.64879480072828	0.143869584903971
4153	2.30919107955057	-0.0132476080144987
4154	2.57885305050109	0.0723027088406941
4155	2.03037105120919	0.104849638783622
4156	-0.979988259671014	-0.115004016774358
4157	7.3556248410648	0.124930855089175
4158	-1.3392244410917	-0.187645841118574
4159	-0.435782502973813	-0.0483481382475302
4160	5.2909754756972	-0.093104166391507
4161	3.26768652644564	-0.0435086700641196
4162	9.26383503353843	0.376354102086043
4163	6.47178997731563	0.0675584719582149
4164	10.1326639801678	0.297163889873064
4165	8.32894232197286	0.366395874752539
4166	8.36969544311348	0.0447794427376418
4167	-0.744352294156173	-0.195534828798934
4168	0.176860599782797	-0.00863129642635819
4169	7.39591215553284	0.258460144745261
4170	3.46646068043498	-0.00716743232602376
4171	11.1809262679119	0.194265603297017
4172	9.2989793838667	0.338874504030059
4173	10.1875775873683	0.349549612092971
4174	3.54200550161921	0.0298061034419552
4175	2.89792494252289	0.0223311764079676
4176	9.67589305531378	0.376595797306909
4177	8.30706836619223	0.203829336949411
4178	12.0434338018991	0.27039806112666
4179	8.31842623588073	0.176990532927513
4180	12.2527961347413	0.381849166119352
4181	0.0621150180741119	-0.037358556866782
4182	3.26291245876743	-0.107853562460132
4183	10.077260926972	0.370407978161621
4184	2.10557377058723	0.106843691750456
4185	10.5667360015893	0.36394572078774
4186	0.952814259871516	-0.109275217381771
4187	11.0264112525838	0.282110122241964
4188	6.16182271281429	0.258991898546114
4189	9.46427431168132	0.409809952948618
4190	3.71954004943786	0.137325081179844
4191	7.18671848980617	0.250216987273097
4192	4.47088475688388	0.0281177318091626
4193	-1.25301883204675	-0.170035938868677
4194	11.7883713990251	0.398511817770396
4195	-0.0173755688770831	-0.0445804940825664
4196	3.9909090801482	0.166856725405712
4197	3.20664267301305	-0.163508959526102
4198	7.0543894547932	0.338800533571644
4199	3.63951363795564	-0.0206869258242487
4200	7.63206394165678	0.299135882871744
4201	0.933196336220535	-0.0594466509975889
4202	3.83277344408565	0.0174642922063571
4203	4.20298313540266	0.162268101593582
4204	13.0890550842129	0.40418873234702
4205	2.07919871608019	-0.105490484216852
4206	8.13973945137633	0.397106070028434
4207	11.3109613281212	0.430495930721511
4208	8.40622292010059	0.225710149997597
4209	7.70093123009355	0.202853876651915
4210	-0.869341528701938	-0.206409523167774
4211	4.49525723569331	-0.102393822809834
4212	1.89836750317081	-0.123615484364926
4213	6.00179299880979	0.244628587157015
4214	-0.820155155790156	0.0261063885563569
4215	10.4879588762689	0.304372905135068
4216	4.88252368699216	0.108052826719885
4217	7.57904157297518	0.266699927703473
4218	12.7905455593364	0.464567677994308
4219	5.20286454340831	0.0231713938475986
4220	9.51714529827255	0.309858195519252
4221	12.0544175164873	0.423303666153407
4222	3.10998285685403	-0.0979443408260937
4223	6.96921515976092	0.219128187612219
4224	-3.47204224019094	-0.160407463077829
4225	3.44629952051981	-0.0582116308571744
4226	3.52111163146665	0.0275566483034221
4227	-1.15090701550391	-0.241321767496324
4228	0.647150717041725	0.0248686592015821
4229	8.4799900384284	0.376403074209703
4230	3.92007108065157	-0.00545773879388915
4231	7.50232048871051	0.0967853775314328
4232	5.98921445041507	0.181538148923554
4233	5.6978389077052	0.105053342631679
4234	1.12700113576673	-0.116646264728986
4235	6.17436070962664	0.345875721540757
4236	6.19161173170902	0.231242434753356
4237	7.74229842129755	0.321973645430633
4238	0.176696717231899	-0.173112164761115
4239	9.8845820964505	0.271094938690217
4240	5.46164465263741	0.0457070114344147
4241	8.5223083368831	0.341239343740925
4242	6.25799896556609	0.215800012332773
4243	9.78911989828251	0.313816841259959
4244	6.74976213704334	0.147972319970882
4245	3.97912357327344	0.131151911681004
4246	7.0572844663492	0.318450654460034
4247	0.00913835227917714	-0.234150544605058
4248	6.26382662946961	0.0932866097589635
4249	7.56307243974195	0.277300889332104
4250	9.07499413069979	0.248746781437128
4251	5.52764722636056	0.0935676315425156
4252	8.11046093548606	0.370284717187794
4253	4.93940466953885	0.0650565668995482
4254	-0.321158867783989	-0.0743875946488209
4255	2.71419596914147	-0.199994381538427
4256	4.15439371908288	-0.179227706081254
4257	2.06081753325998	-0.0228268044781442
4258	3.13534190568576	0.123155097955687
4259	8.08350017189722	0.226581070035761
4260	3.61185303849989	0.0425009886342578
4261	14.7577466121226	0.407556267992965
4262	2.44476046765507	-0.0391794669926997
4263	5.88826744001823	0.0801830752742608
4264	3.04474040781165	-0.0111958909206324
4265	5.32389918708107	0.218548697410072
4266	2.47378596763627	-0.0648512044423796
4267	1.1326257215254	0.094235367054146
4268	11.1268377708767	0.301825865219788
4269	0.317469648841269	-0.190206686085984
4270	13.8490793011679	0.380464837553429
4271	4.01989431193118	-0.00637827222281788
4272	7.65339134041168	0.354580732297913
4273	4.38165457688311	-0.000888112475117329
4274	1.1371039062817	-0.0102001904820446
4275	2.20894814040502	0.0926526396578763
4276	10.2892725011752	0.392639705591364
4277	8.48548990112927	0.372542656889076
4278	3.68208522494342	0.0303523517707502
4279	8.4765310343228	0.309768366503495
4280	9.34837407423894	0.441996822480997
4281	3.07857635164949	0.0625767076062267
4282	7.2798189143299	0.263018086744151
4283	6.15610641991942	0.0375697119275227
4284	-0.142907778321387	-0.0162762814084757
4285	9.27293815158678	0.295172127465519
4286	2.0982078041663	-0.104761648615084
4287	9.65965434419219	0.262012864248495
4288	-0.148064794940074	-0.16319431079022
4289	2.68589978734744	-0.0738889446822129
4290	1.25385013463343	-0.147603344480922
4291	0.79051291917728	-0.0781156277969656
4292	2.12294813924888	-0.208466844453929
4293	9.02826433377465	0.212357595883075
4294	10.9156578513234	0.38114862864534
4295	11.5206430384198	0.310918243410063
4296	9.68467876178348	0.324187559810696
4297	1.91010902651787	0.0774480970076432
4298	2.77447815608451	0.0448483090628206
4299	6.28121768345242	0.333970602065703
4300	5.31239821044149	0.185410173203782
4301	5.61595378247751	0.221328537612709
4302	3.32259900951617	0.00381085170362224
4303	0.421278453547899	-0.0560189887646953
4304	11.2282662788883	0.465128893512634
4305	5.29274988542538	0.206012993428095
4306	5.09307216135443	-0.097175619811077
4307	1.98588312896555	-0.157653743531141
4308	6.55776487074047	0.0939271800638636
4309	10.8572643536451	0.415634763439497
4310	9.5494837667534	0.180957533885166
4311	9.44257543115604	0.453216350655863
4312	6.85822068188835	0.276924882627449
4313	6.14528742208058	0.00635709145168465
4314	2.87629157998856	0.0602785141527563
4315	0.363777240928913	-0.144063363225896
4316	-1.62868495311718	-0.241547387105917
4317	6.9468070560279	0.265219320724503
4318	-0.320015776978275	-0.176545531292713
4319	5.34378884586512	0.0709627438962559
4320	6.32655157710804	0.210779766571689
4321	9.89014851630298	0.464519002498955
4322	7.6332005846152	0.106533825991196
4323	4.38303547533982	0.0984225016858422
4324	0.722194958329392	-0.125862187629042
4325	7.85746985167533	0.293537315633124
4326	5.87207848473772	0.0764533287537857
4327	4.9869085969998	0.117770312705821
4328	1.41527301647559	-0.101260855398351
4329	0.380576755278162	-0.0860301710970177
4330	5.50000341126558	0.17875804317424
4331	6.01878726025075	0.163724464715193
4332	-1.25301640912889	-0.195388079377219
4333	0.489479340289447	-0.225342847401315
4334	3.67675774278389	0.212723508118848
4335	10.7564981171972	0.418910391045795
4336	3.10420942118442	0.180475253754267
4337	5.12885672243312	0.153645629327787
4338	4.25577287807814	0.128488651172583
4339	9.51695312516895	0.459654397995587
4340	4.97790831229541	0.115225283958102
4341	3.36473809271818	0.241573676708436
4342	8.57166123582939	0.1829631730023
4343	-1.46352073935419	-0.0786644145214765
4344	1.17093031712545	-0.0647436123526544
4345	5.51987527026427	0.275133756852682
4346	2.92921197445074	0.0754977366129763
4347	5.27585431224622	-0.124647057623392
4348	7.99517047483296	0.287677716128262
4349	-2.31274937607482	-0.1752445769705
4350	6.09332831950654	0.372690886522361
4351	7.27611386265936	0.192416062803516
4352	5.64879480072828	0.150946766249078
4353	2.30919107955057	-0.0138054072002257
4354	2.57885305050109	0.0759021568120938
4355	2.03037105120919	0.110030677998073
4356	-0.979988259671014	-0.12050658480007
4357	7.3556248410648	0.131087724463778
4358	-1.3392244410917	-0.196678378743985
4359	-0.435782502973813	-0.0506116187783294
4360	5.2909754756972	-0.09754252923257
4361	3.26768652644564	-0.0455369806260974
4362	9.26383503353843	0.39472867698455
4363	6.47178997731563	0.0709273776473948
4364	10.1326639801678	0.311690281659029
4365	8.32894232197286	0.384286537799002
4366	8.36969544311348	0.0470414202709667
4367	-0.744352294156173	-0.204950725280424
4368	0.176860599782797	-0.00896476975413787
4369	7.39591215553284	0.271105759927266
4370	3.46646068043498	-0.00742977038402021
4371	11.1809262679119	0.203791737631387
4372	9.2989793838667	0.355427788742905
4373	10.1875775873683	0.366621644886221
4374	3.54200550161921	0.031340463889711
4375	2.89792494252289	0.0235022989355836
4376	9.67589305531378	0.394982117185525
4377	8.30706836619223	0.213820213040439
4378	12.0434338018991	0.283623789518796
4379	8.31842623588073	0.185677199451328
4380	12.2527961347413	0.400490769126818
4381	0.0621150180741119	-0.0390880077454121
4382	3.26291245876743	-0.113008660050166
4383	10.077260926972	0.388493606067417
4384	2.10557377058723	0.112121630325801
4385	10.5667360015893	0.381717320621125
4386	0.952814259871516	-0.114499399121329
4387	11.0264112525838	0.295904988593671
4388	6.16182271281429	0.271663353865924
4389	9.46427431168132	0.429810287353347
4390	3.71954004943786	0.144084237758918
4391	7.18671848980617	0.262462033009813
4392	4.47088475688388	0.0295700472285816
4393	-1.25301883204675	-0.178212737804195
4394	11.7883713990251	0.417963128605405
4395	-0.0173755688770831	-0.0466608890495754
4396	3.9909090801482	0.175050947902905
4397	3.20664267301305	-0.171368585278468
4398	7.0543894547932	0.355350223751012
4399	3.63951363795564	-0.0216062325292043
4400	7.63206394165678	0.313758102032627
4401	0.933196336220535	-0.0621041413589561
4402	3.83277344408565	0.0183613946183669
4403	4.20298313540266	0.169857601120531
4404	13.0890550842129	0.422959076757468
4405	2.07919871608019	-0.110275982245291
4406	8.13973945137633	0.415549075061088
4407	11.3109613281212	0.450482114820491
4408	8.40622292010059	0.236231750437508
4409	7.70093123009355	0.212319128792399
4410	-0.869341528701938	-0.215859196040616
4411	4.49525723569331	-0.107036202449649
4412	1.89836750317081	-0.129238665457178
4413	6.00179299880979	0.256024540936114
4414	-0.820155155790156	0.0274029027029372
4415	10.4879588762689	0.318530061833913
4416	4.88252368699216	0.113136659091488
4417	7.57904157297518	0.279115952545764
4418	12.7905455593364	0.486128555909108
4419	5.20286454340831	0.0243322613547405
4420	9.51714529827255	0.324268865863194
4421	12.0544175164873	0.442957445387838
4422	3.10998285685403	-0.102381078773767
4423	6.96921515976092	0.229345589521271
4424	-3.47204224019094	-0.16773105891216
4425	3.44629952051981	-0.0608120422973476
4426	3.52111163146665	0.028920189099289
4427	-1.15090701550391	-0.252384979434258
4428	0.647150717041725	0.0261079692152185
4429	8.4799900384284	0.39388924896231
4430	3.92007108065157	-0.0056200238025815
4431	7.50232048871051	0.101348462246186
4432	5.98921445041507	0.190018252155623
4433	5.6978389077052	0.109998547858436
4434	1.12700113576673	-0.121947349423482
4435	6.17436070962664	0.361951013749645
4436	6.19161173170902	0.24201972077706
4437	7.74229842129755	0.336944255477655
4438	0.176696717231899	-0.181022933745456
4439	9.8845820964505	0.283714087738787
4440	5.46164465263741	0.0479094074949806
4441	8.5223083368831	0.357100356494441
4442	6.25799896556609	0.225863595977426
4443	9.78911989828251	0.328410468319241
4444	6.74976213704334	0.154901111412233
4445	3.97912357327344	0.137303314375556
4446	7.0572844663492	0.333258442446591
4447	0.00913835227917714	-0.244882324161543
4448	6.26382662946961	0.0976879919367084
4449	7.56307243974195	0.290206858778196
4450	9.07499413069979	0.260333065785814
4451	5.52764722636056	0.0979820017029761
4452	8.11046093548606	0.387488119856885
4453	4.93940466953885	0.068153241292419
4454	-0.321158867783989	-0.0777356105468373
4455	2.71419596914147	-0.209147565834664
4456	4.15439371908288	-0.187421117015834
4457	2.06081753325998	-0.0237918355303723
4458	3.13534190568576	0.128936911940311
4459	8.08350017189722	0.237142921783808
4460	3.61185303849989	0.0445552119511025
4461	14.7577466121226	0.426482249785722
4462	2.44476046765507	-0.0409002689869843
4463	5.88826744001823	0.0839788514479094
4464	3.04474040781165	-0.0116233760846287
4465	5.32389918708107	0.228739317022626
4466	2.47378596763627	-0.0677584770300191
4467	1.1326257215254	0.0986805979442413
4468	11.1268377708767	0.315865305384429
4469	0.317469648841269	-0.198907512498233
4470	13.8490793011679	0.398138734807248
4471	4.01989431193118	-0.00658310152153987
4472	7.65339134041168	0.371058343956292
4473	4.38165457688311	-0.000839203081386769
4474	1.1371039062817	-0.010581657362608
4475	2.20894814040502	0.0970247216418388
4476	10.2892725011752	0.410876288675594
4477	8.48548990112927	0.389850414748866
4478	3.68208522494342	0.0318451015832732
4479	8.4765310343228	0.324174885220153
4480	9.34837407423894	0.462514543251257
4481	3.07857635164949	0.065558770351446
4482	7.2798189143299	0.275263947956646
4483	6.15610641991942	0.0393960264473213
4484	-0.142907778321387	-0.0169385669605798
4485	9.27293815158678	0.308904051857345
4486	2.0982078041663	-0.109513462051252
4487	9.65965434419219	0.274212267096681
4488	-0.148064794940074	-0.170646706354813
4489	2.68589978734744	-0.0772139144765942
4490	1.25385013463343	-0.154335172414119
4491	0.79051291917728	-0.0816359421889969
4492	2.12294813924888	-0.218011600536931
4493	9.02826433377465	0.222262081379593
4494	10.9156578513234	0.398854128669487
4495	11.5206430384198	0.325377905983395
4496	9.68467876178348	0.339260490330311
4497	1.91010902651787	0.0811174707010091
4498	2.77447815608451	0.0470110184791016
4499	6.28121768345242	0.349495675412498
4500	5.31239821044149	0.194069229767477
4501	5.61595378247751	0.231647633089474
4502	3.32259900951617	0.00407693310716437
4503	0.421278453547899	-0.0585180628735103
4504	11.2282662788883	0.486715709122938
4505	5.29274988542538	0.215624250456765
4506	5.09307216135443	-0.101576829782484
4507	1.98588312896555	-0.164850070719518
4508	6.55776487074047	0.0983581674769858
4509	10.8572643536451	0.434934109025984
4510	9.5494837667534	0.189410802834185
4511	9.44257543115604	0.47425260431767
4512	6.85822068188835	0.289813474173084
4513	6.14528742208058	0.00674085240810586
4514	2.87629157998856	0.0631543612997626
4515	0.363777240928913	-0.150631583858715
4516	-1.62868495311718	-0.252621026504501
4517	6.9468070560279	0.277566916359605
4518	-0.320015776978275	-0.184614980165158
4519	5.34378884586512	0.0743323840492151
4520	6.32655157710804	0.220611329536845
4521	9.89014851630298	0.48607763077857
4522	7.6332005846152	0.111547454711823
4523	4.38303547533982	0.103061249361494
4524	0.722194958329392	-0.131589204597619
4525	7.85746985167533	0.307193683932628
4526	5.87207848473772	0.0800767272464969
4527	4.9869085969998	0.123303258090763
4528	1.41527301647559	-0.105850872687562
4529	0.380576755278162	-0.0899162719070409
4530	5.50000341126558	0.187109658269328
4531	6.01878726025075	0.171381272971067
4532	-1.25301640912889	-0.204328374223761
4533	0.489479340289447	-0.235667561649194
4534	3.67675774278389	0.222644904979794
4535	10.7564981171972	0.438361126301067
4536	3.10420942118442	0.188906233164286
4537	5.12885672243312	0.160836624086391
4538	4.25577287807814	0.134516965966212
4539	9.51695312516895	0.480988198867129
4540	4.97790831229541	0.120640605758963
4541	3.36473809271818	0.252828441702799
4542	8.57166123582939	0.191509136566868
4543	-1.46352073935419	-0.0822100921874946
4544	1.17093031712545	-0.0676459123570869
4545	5.51987527026427	0.287939567945107
4546	2.92921197445074	0.0790769705073024
4547	5.27585431224622	-0.130317914933059
4548	7.99517047483296	0.301063271339443
4549	-2.31274937607482	-0.183253899641918
4550	6.09332831950654	0.390005495110556
4551	7.27611386265936	0.201398910540546
4552	5.64879480072828	0.158013027662903
4553	2.30919107955057	-0.0143534963683213
4554	2.57885305050109	0.0795000817932445
4555	2.03037105120919	0.115205920714777
4556	-0.979988259671014	-0.125986081892802
4557	7.3556248410648	0.137236160617952
4558	-1.3392244410917	-0.205678307351517
4559	-0.435782502973813	-0.0528607804887807
4560	5.2909754756972	-0.101960696655333
4561	3.26768652644564	-0.0475516078041144
4562	9.26383503353843	0.413061806051818
4563	6.47178997731563	0.0742953832785631
4564	10.1326639801678	0.326185625521217
4565	8.32894232197286	0.402137062558726
4566	8.36969544311348	0.0493054886997229
4567	-0.744352294156173	-0.214332976896782
4568	0.176860599782797	-0.00928913919955665
4569	7.39591215553284	0.283725409100907
4570	3.46646068043498	-0.00768319676931177
4571	11.1809262679119	0.213300334889239
4572	9.2989793838667	0.371944548805822
4573	10.1875775873683	0.383655751356499
4574	3.54200550161921	0.0328788812763272
4575	2.89792494252289	0.0246784598819349
4576	9.67589305531378	0.413326959497611
4577	8.30706836619223	0.22379229630863
4578	12.0434338018991	0.296821984419084
4579	8.31842623588073	0.194348597166103
4580	12.2527961347413	0.419090204784998
4581	0.0621150180741119	-0.0408045827680082
4582	3.26291245876743	-0.118141625582875
4583	10.077260926972	0.406538568885512
4584	2.10557377058723	0.117393510578388
4585	10.5667360015893	0.399449103880182
4586	0.952814259871516	-0.119701262136094
4587	11.0264112525838	0.309670783625505
4588	6.16182271281429	0.284308773356536
4589	9.46427431168132	0.449764783075354
4590	3.71954004943786	0.150833333719271
4591	7.18671848980617	0.274682195088955
4592	4.47088475688388	0.0310266412750155
4593	-1.25301883204675	-0.186359239953722
4594	11.7883713990251	0.437370084236025
4595	-0.0173755688770831	-0.0487274598989817
4596	3.9909090801482	0.183231232189752
4597	3.20664267301305	-0.179198771256403
4598	7.0543894547932	0.37186339899299
4599	3.63951363795564	-0.0225148524122495
4600	7.63206394165678	0.32834901434126
4601	0.933196336220535	-0.0647462552534534
4602	3.83277344408565	0.0192642683238021
4603	4.20298313540266	0.177434787834188
4604	13.0890550842129	0.441686895623882
4605	2.07919871608019	-0.115040353532769
4606	8.13973945137633	0.433950439081833
4607	11.3109613281212	0.470422487949557
4608	8.40622292010059	0.246733114979933
4609	7.70093123009355	0.221766999485758
4610	-0.869341528701938	-0.225275138701096
4611	4.49525723569331	-0.111657842081113
4612	1.89836750317081	-0.134838456232404
4613	6.00179299880979	0.267397896151731
4614	-0.820155155790156	0.0287041088578514
4615	10.4879588762689	0.332657158683369
4616	4.88252368699216	0.118214949430353
4617	7.57904157297518	0.291506622402076
4618	12.7905455593364	0.507639367737253
4619	5.20286454340831	0.0254981874127662
4620	9.51714529827255	0.338648791316538
4621	12.0544175164873	0.462566311872371
4622	3.10998285685403	-0.106797632395342
4623	6.96921515976092	0.23954357753407
4624	-3.47204224019094	-0.175026669591302
4625	3.44629952051981	-0.0633972315085547
4626	3.52111163146665	0.0302882407849673
4627	-1.15090701550391	-0.26341010107597
4628	0.647150717041725	0.0273521258134381
4629	8.4799900384284	0.411336368237099
4630	3.92007108065157	-0.00577367485521185
4631	7.50232048871051	0.10590741208561
4632	5.98921445041507	0.198483635996882
4633	5.6978389077052	0.114938585648887
4634	1.12700113576673	-0.127225914165566
4635	6.17436070962664	0.377991062948812
4636	6.19161173170902	0.252776079993083
4637	7.74229842129755	0.35188260757244
4638	0.176696717231899	-0.18890413092311
4639	9.8845820964505	0.296307332921841
4640	5.46164465263741	0.050114047701788
4641	8.5223083368831	0.372926705261338
4642	6.25799896556609	0.235908181371501
4643	9.78911989828251	0.342972856104715
4644	6.74976213704334	0.161819375396917
4645	3.97912357327344	0.143446290263001
4646	7.0572844663492	0.348034412456524
4647	0.00913835227917714	-0.255576909013992
4648	6.26382662946961	0.102085676189576
4649	7.56307243974195	0.303086149316498
4650	9.07499413069979	0.271896237262276
4651	5.52764722636056	0.102392638842605
4652	8.11046093548606	0.404653231151131
4653	4.93940466953885	0.0712497433244834
4654	-0.321158867783989	-0.0810663840490378
4655	2.71419596914147	-0.218267821086039
4656	4.15439371908288	-0.195584192392398
4657	2.06081753325998	-0.024746063456827
4658	3.13534190568576	0.134711297815539
4659	8.08350017189722	0.247684428867816
4660	3.61185303849989	0.0466120798046114
4661	14.7577466121226	0.445365285473175
4662	2.44476046765507	-0.0426082256212805
4663	5.88826744001823	0.0877725661571924
4664	3.04474040781165	-0.0120415106722209
4665	5.32389918708107	0.238910595109694
4666	2.47378596763627	-0.07064969819257
4667	1.1326257215254	0.103122012422051
4668	11.1268377708767	0.329875003791738
4669	0.317469648841269	-0.207576632221094
4670	13.8490793011679	0.415773069321996
4671	4.01989431193118	-0.00677918190158365
4672	7.65339134041168	0.387499625462668
4673	4.38165457688311	-0.000782230418307178
4674	1.1371039062817	-0.0109538980167624
4675	2.20894814040502	0.101393184875519
4676	10.2892725011752	0.429071788538566
4677	8.48548990112927	0.407119599246599
4678	3.68208522494342	0.0333420131387164
4679	8.4765310343228	0.338550670264685
4680	9.34837407423894	0.482985016740261
4681	3.07857635164949	0.068540970437933
4682	7.2798189143299	0.287484913997063
4683	6.15610641991942	0.0412256013559126
4684	-0.142907778321387	-0.0175908674617854
4685	9.27293815158678	0.322607065456882
4686	2.0982078041663	-0.114244239768517
4687	9.65965434419219	0.286386900311966
4688	-0.148064794940074	-0.178070768723296
4689	2.68589978734744	-0.0805217041500352
4690	1.25385013463343	-0.161040614259501
4691	0.79051291917728	-0.0851385486025071
4692	2.12294813924888	-0.227522369474982
4693	9.02826433377465	0.232147998538439
4694	10.9156578513234	0.416519980557976
4695	11.5206430384198	0.339806691279978
4696	9.68467876178348	0.354300886408667
4697	1.91010902651787	0.084785124493115
4698	2.77447815608451	0.049176079282348
4699	6.28121768345242	0.364986992543682
4700	5.31239821044149	0.202713083375042
4701	5.61595378247751	0.241947039874977
4702	3.32259900951617	0.00435049094073117
4703	0.421278453547899	-0.0610021885857519
4704	11.2282662788883	0.50825238855809
4705	5.29274988542538	0.22521773150584
4706	5.09307216135443	-0.10595795143102
4707	1.98588312896555	-0.172018756656354
4708	6.55776487074047	0.102785376966356
4709	10.8572643536451	0.454189499608476
4710	9.5494837667534	0.197849424903637
4711	9.44257543115604	0.495240209525518
4712	6.85822068188835	0.302675433769261
4713	6.14528742208058	0.00713177180242483
4714	2.87629157998856	0.0660306328024174
4715	0.363777240928913	-0.157173860501198
4716	-1.62868495311718	-0.263656547429917
4717	6.9468070560279	0.289889341917223
4718	-0.320015776978275	-0.192654428448228
4719	5.34378884586512	0.0777011142369116
4720	6.32655157710804	0.230424521214626
4721	9.89014851630298	0.507586199050463
4722	7.6332005846152	0.116555731103086
4723	4.38303547533982	0.10769565770637
4724	0.722194958329392	-0.137292550665242
4725	7.85746985167533	0.320821345606514
4726	5.87207848473772	0.0836985300715254
4727	4.9869085969998	0.128829447855738
4728	1.41527301647559	-0.110420291461271
4729	0.380576755278162	-0.0937836763153359
4730	5.50000341126558	0.195446901172545
4731	6.01878726025075	0.179025586532895
4732	-1.25301640912889	-0.213236315292488
4733	0.489479340289447	-0.245956181159514
4734	3.67675774278389	0.232547687805403
4735	10.7564981171972	0.45776749746919
4736	3.10420942118442	0.197322625925235
4737	5.12885672243312	0.168016382866002
4738	4.25577287807814	0.14053718655923
4739	9.51695312516895	0.502272547256589
4740	4.97790831229541	0.126049489780746
4741	3.36473809271818	0.264060989652142
4742	8.57166123582939	0.200040202773708
4743	-1.46352073935419	-0.0857379933386891
4744	1.17093031712545	-0.0705321743732791
4745	5.51987527026427	0.300718970776317
4746	2.92921197445074	0.0826547280749379
4747	5.27585431224622	-0.135965253095657
4748	7.99517047483296	0.314420851712542
4749	-2.31274937607482	-0.191233384196184
4750	6.09332831950654	0.407281511824746
4751	7.27611386265936	0.210365680377232
4752	5.64879480072828	0.165068390150526
4753	2.30919107955057	-0.0148919090654727
4754	2.57885305050109	0.0830964799408978
4755	2.03037105120919	0.12037537439092
4756	-0.979988259671014	-0.131442576929506
4757	7.3556248410648	0.143376177981166
4758	-1.3392244410917	-0.214645721039677
4759	-0.435782502973813	-0.0550956691126267
4760	5.2909754756972	-0.106358729933025
4761	3.26768652644564	-0.0495525956516286
4762	9.26383503353843	0.431353591012554
4763	6.47178997731563	0.0776624833612518
4764	10.1326639801678	0.340649995689149
4765	8.32894232197286	0.419947547298875
4766	8.36969544311348	0.0515716346244653
4767	-0.744352294156173	-0.223681680485603
4768	0.176860599782797	-0.00960443670649837
4769	7.39591215553284	0.296319153057602
4770	3.46646068043498	-0.00792774291752237
4771	11.1809262679119	0.222791433573365
4772	9.2989793838667	0.388424872930438
4773	10.1875775873683	0.400652023921875
4774	3.54200550161921	0.0344213370035506
4775	2.89792494252289	0.0258596380534414
4776	9.67589305531378	0.431630426051789
4777	8.30706836619223	0.233745628577346
4778	12.0434338018991	0.309992710763836
4779	8.31842623588073	0.203004758576654
4780	12.2527961347413	0.437647576726507
4781	0.0621150180741119	-0.0425083238526826
4782	3.26291245876743	-0.123252525452541
4783	10.077260926972	0.424542966276089
4784	2.10557377058723	0.122659340657746
4785	10.5667360015893	0.417141167981373
4786	0.952814259871516	-0.124880873313954
4787	11.0264112525838	0.323407576340257
4788	6.16182271281429	0.296928217993992
4789	9.46427431168132	0.469673553455359
4790	3.71954004943786	0.157572387793704
4791	7.18671848980617	0.286877531439877
4792	4.47088475688388	0.0324874947640013
4793	-1.25301883204675	-0.194475533301532
4794	11.7883713990251	0.456732794080217
4795	-0.0173755688770831	-0.0507802510563854
4796	3.9909090801482	0.191397607252566
4797	3.20664267301305	-0.186999603177984
4798	7.0543894547932	0.388340147983523
4799	3.63951363795564	-0.0234128216030345
4800	7.63206394165678	0.342908694711848
4801	0.933196336220535	-0.0673730412048606
4802	3.83277344408565	0.0201728901983731
4803	4.20298313540266	0.184999686431065
4804	13.0890550842129	0.460372293535965
4805	2.07919871608019	-0.119783661808831
4806	8.13973945137633	0.452310264341355
4807	11.3109613281212	0.490317163386245
4808	8.40622292010059	0.25721428927283
4809	7.70093123009355	0.231197526831774
4810	-0.869341528701938	-0.234657448206816
4811	4.49525723569331	-0.116258804411114
4812	1.89836750317081	-0.140414926405849
4813	6.00179299880979	0.278748704699552
4814	-0.820155155790156	0.0300099867508232
4815	10.4879588762689	0.346754267309415
4816	4.88252368699216	0.123287704528642
4817	7.57904157297518	0.303871996457056
4818	12.7905455593364	0.529100238008317
4819	5.20286454340831	0.0266691507821307
4820	9.51714529827255	0.352998045316756
4821	12.0544175164873	0.48213037650933
4822	3.10998285685403	-0.111194062928286
4823	6.96921515976092	0.249722195124915
4824	-3.47204224019094	-0.182294376980886
4825	3.44629952051981	-0.0659672466067156
4826	3.52111163146665	0.0316607835691221
4827	-1.15090701550391	-0.274397241008673
4828	0.647150717041725	0.02860110831721
4829	8.4799900384284	0.428744527447686
4830	3.92007108065157	-0.00591872264596654
4831	7.50232048871051	0.110462230120846
4832	5.98921445041507	0.206934331507687
4833	5.6978389077052	0.119873461804627
4834	1.12700113576673	-0.13248202636893
4835	6.17436070962664	0.393995954470353
4836	6.19161173170902	0.263511559876397
4837	7.74229842129755	0.366788779153532
4838	0.176696717231899	-0.196755842355379
4839	9.8845820964505	0.30887473487546
4840	5.46164465263741	0.0523209182575773
4841	8.5223083368831	0.388718473842567
4842	6.25799896556609	0.24593381089018
4843	9.78911989828251	0.357504079361178
4844	6.74976213704334	0.16872713190033
4845	3.97912357327344	0.149580853763872
4846	7.0572844663492	0.362778640764924
4847	0.00913835227917714	-0.266234405381352
4848	6.26382662946961	0.106479664433254
4849	7.56307243974195	0.315938823632579
4850	9.07499413069979	0.283436349122218
4851	5.52764722636056	0.106799544969895
4852	8.11046093548606	0.421780144463588
4853	4.93940466953885	0.0743460655885846
4854	-0.321158867783989	-0.0843799686133808
4855	2.71419596914147	-0.227355242231581
4856	4.15439371908288	-0.203717020291877
4857	2.06081753325998	-0.0256895246877499
4858	3.13534190568576	0.14047826736099
4859	8.08350017189722	0.258205637223364
4860	3.61185303849989	0.0486715773387504
4861	14.7577466121226	0.46420548075714
4862	2.44476046765507	-0.0443033787262224
4863	5.88826744001823	0.0915642169904138
4864	3.04474040781165	-0.0124503272725941
4865	5.32389918708107	0.2490625749542
4866	2.47378596763627	-0.0735249182386412
4867	1.1326257215254	0.107559612716583
4868	11.1268377708767	0.343855031226546
4869	0.317469648841269	-0.216214136961255
4870	13.8490793011679	0.433367937852668
4871	4.01989431193118	-0.00696654436113753
4872	7.65339134041168	0.403904665023928
4873	4.38165457688311	-0.000717223670966521
4874	1.1371039062817	-0.0113169447048674
4875	2.20894814040502	0.105758031065238
4876	10.2892725011752	0.447226305955969
4877	8.48548990112927	0.424350304521005
4878	3.68208522494342	0.0348430675690136
4879	8.4765310343228	0.352895795044897
4880	9.34837407423894	0.503408360023661
4881	3.07857635164949	0.0715232996395687
4882	7.2798189143299	0.299681042834142
4883	6.15610641991942	0.0430584201687308
4884	-0.142907778321387	-0.0182332171790535
4885	9.27293815158678	0.336281236851593
4886	2.0982078041663	-0.11895404525573
4887	9.65965434419219	0.298536821531117
4888	-0.148064794940074	-0.185466580681642
4889	2.68589978734744	-0.0838123669958174
4890	1.25385013463343	-0.167719747654195
4891	0.79051291917728	-0.0886235017266207
4892	2.12294813924888	-0.236999249005105
4893	9.02826433377465	0.242015388597952
4894	10.9156578513234	0.434146281291621
4895	11.5206430384198	0.354204673087357
4896	9.68467876178348	0.36930882621544
4897	1.91010902651787	0.0884510550690508
4898	2.77447815608451	0.0513434773917174
4899	6.28121768345242	0.38044463485974
4900	5.31239821044149	0.211341766365554
4901	5.61595378247751	0.252226802170171
4902	3.32259900951617	0.00463149757104628
4903	0.421278453547899	-0.0634714132932299
4904	11.2282662788883	0.529739056533003
4905	5.29274988542538	0.234793475718382
4906	5.09307216135443	-0.110319045740284
4907	1.98588312896555	-0.179159882297875
4908	6.55776487074047	0.107208810659208
4909	10.8572643536451	0.473401043556675
4910	9.5494837667534	0.206273430962135
4911	9.44257543115604	0.516179287060258
4912	6.85822068188835	0.315510823977373
4913	6.14528742208058	0.00752982284224933
4914	2.87629157998856	0.0689073196756335
4915	0.363777240928913	-0.163690269621407
4916	-1.62868495311718	-0.274654058543888
4917	6.9468070560279	0.302186656093042
4918	-0.320015776978275	-0.200663963337076
4919	5.34378884586512	0.0810689290026768
4920	6.32655157710804	0.2402193823223
4921	9.89014851630298	0.529044831828134
4922	7.6332005846152	0.121558661455504
4923	4.38303547533982	0.112325730332259
4924	0.722194958329392	-0.14297229628912
4925	7.85746985167533	0.334420368702356
4926	5.87207848473772	0.0873187335854436
4927	4.9869085969998	0.134348892002065
4928	1.41527301647559	-0.11496917405221
4929	0.380576755278162	-0.0976324416247695
4930	5.50000341126558	0.203769802026131
4931	6.01878726025075	0.186657430578145
4932	-1.25301640912889	-0.222111996001219
4933	0.489479340289447	-0.256208809242521
4934	3.67675774278389	0.242431897954855
4935	10.7564981171972	0.477129614001625
4936	3.10420942118442	0.205724462746456
4937	5.12885672243312	0.175184927515601
4938	4.25577287807814	0.146549326492636
4939	9.51695312516895	0.523507566070953
4940	4.97790831229541	0.131451945184286
4941	3.36473809271818	0.27527137144328
4942	8.57166123582939	0.208556403153786
4943	-1.46352073935419	-0.0892481728454189
4944	1.17093031712545	-0.0734024486743083
4945	5.51987527026427	0.313472027316194
4946	2.92921197445074	0.0862310053568749
4947	5.27585431224622	-0.141589142167105
4948	7.99517047483296	0.327750523360025
4949	-2.31274937607482	-0.199183117398817
4950	6.09332831950654	0.424519030852615
4951	7.27611386265936	0.219316406966314
4952	5.64879480072828	0.172112874669638
4953	2.30919107955057	-0.0154206787426457
4954	2.57885305050109	0.0866913474296036
4955	2.03037105120919	0.125539046471842
4956	-0.979988259671014	-0.136876138598727
4957	7.3556248410648	0.149507790952754
4958	-1.3392244410917	-0.223580713652398
4959	-0.435782502973813	-0.0573163302559176
4960	5.2909754756972	-0.110736690170415
4961	3.26768652644564	-0.0515399880988143
4962	9.26383503353843	0.449604133332319
4963	6.47178997731563	0.0810286724271128
4964	10.1326639801678	0.355083466205334
4965	8.32894232197286	0.437718090036544
4966	8.36969544311348	0.0538398446886168
4967	-0.744352294156173	-0.232996932622728
4968	0.176860599782797	-0.00991069412733044
4969	7.39591215553284	0.308887052437004
4970	3.46646068043498	-0.00816344017409283
4971	11.1809262679119	0.232265072093271
4972	9.2989793838667	0.404868849603374
4973	10.1875775873683	0.417610554765692
4974	3.54200550161921	0.0359678125296346
4975	2.89792494252289	0.027045812319838
4976	9.67589305531378	0.449892618397319
4977	8.30706836619223	0.24368025156795
4978	12.0434338018991	0.323136033326728
4979	8.31842623588073	0.211645716110241
4980	12.2527961347413	0.456162988319813
4981	0.0621150180741119	-0.0441992727998655
4982	3.26291245876743	-0.128341425871553
4983	10.077260926972	0.442506897645609
4984	2.10557377058723	0.127919128699741
4985	10.5667360015893	0.434793610093319
4986	0.952814259871516	-0.130038299359608
4987	11.0264112525838	0.337115435567414
4988	6.16182271281429	0.309521748602089
4989	9.46427431168132	0.489536711544468
4990	3.71954004943786	0.164301418673589
4991	7.18671848980617	0.299048099847683
4992	4.47088475688388	0.03395258856912
4993	-1.25301883204675	-0.202561705593365
4994	11.7883713990251	0.476051367276613
4995	-0.0173755688770831	-0.0528193068231265
4996	3.9909090801482	0.199550102009334
4997	3.20664267301305	-0.1947711665287
4998	7.0543894547932	0.404780559183616
4999	3.63951363795564	-0.0243001761287125
5000	7.63206394165678	0.35743721786979
5001	0.933196336220535	-0.0699845476019523
5002	3.83277344408565	0.0210872371861629
5003	4.20298313540266	0.192552321550595
5004	13.0890550842129	0.47901537481675
5005	2.07919871608019	-0.124505970628129
5006	8.13973945137633	0.470628652829805
5007	11.3109613281212	0.51016625411863
5008	8.40622292010059	0.267675318852118
5009	7.70093123009355	0.240610748837984
5010	-0.869341528701938	-0.244006221353051
5011	4.49525723569331	-0.120839151974329
5012	1.89836750317081	-0.145968145502162
5013	6.00179299880979	0.290077018346834
5014	-0.820155155790156	0.0313205161724615
5015	10.4879588762689	0.360821459157837
5016	4.88252368699216	0.128354931168408
5017	7.57904157297518	0.316212133747799
5018	12.7905455593364	0.550511290932897
5019	5.20286454340831	0.0278451302867169
5020	9.51714529827255	0.367316701116371
5021	12.0544175164873	0.501649749917807
5022	3.10998285685403	-0.115570431441709
5023	6.96921515976092	0.259881485661761
5024	-3.47204224019094	-0.189534262724068
5025	3.44629952051981	-0.0685221355738152
5026	3.52111163146665	0.0330377977200477
5027	-1.15090701550391	-0.285346507527004
5028	0.647150717041725	0.0298548961094611
5029	8.4799900384284	0.446113821765088
5030	3.92007108065157	-0.00605519778080063
5031	7.50232048871051	0.115012919422685
5032	5.98921445041507	0.215370369674623
5033	5.6978389077052	0.124803182119744
5034	1.12700113576673	-0.137715753262707
5035	6.17436070962664	0.409965773430212
5036	6.19161173170902	0.274226207785141
5037	7.74229842129755	0.381662847464032
5038	0.176696717231899	-0.204578153870082
5039	9.8845820964505	0.321416354084362
5040	5.46164465263741	0.0545300054089931
5041	8.5223083368831	0.404475745826949
5042	6.25799896556609	0.255940526805189
5043	9.78911989828251	0.37200421264505
5044	6.74976213704334	0.175624400853172
5045	3.97912357327344	0.155707019268578
5046	7.0572844663492	0.377491203454492
5047	0.00913835227917714	-0.276854919196211
5048	6.26382662946961	0.110869958586111
5049	7.56307243974195	0.328764944255267
5050	9.07499413069979	0.294953454489342
5051	5.52764722636056	0.111202722095779
5052	8.11046093548606	0.438868952950016
5053	4.93940466953885	0.0774422007047066
5054	-0.321158867783989	-0.0876764175498759
5055	2.71419596914147	-0.236409923953552
5056	4.15439371908288	-0.211819688556423
5057	2.06081753325998	-0.0266222555501033
5058	3.13534190568576	0.146237832333092
5059	8.08350017189722	0.268706592673231
5060	3.61185303849989	0.0507336897441672
5061	14.7577466121226	0.483002941069845
5062	2.44476046765507	-0.0459857700149976
5063	5.88826744001823	0.0953538015499134
5064	3.04474040781165	-0.0128498583817308
5065	5.32389918708107	0.259195299733227
5066	2.47378596763627	-0.0763841873371544
5067	1.1326257215254	0.111993401058711
5068	11.1268377708767	0.357805458295697
5069	0.317469648841269	-0.224820118177113
5070	13.8490793011679	0.450923436908141
5071	4.01989431193118	-0.00714521980936108
5072	7.65339134041168	0.420273550623267
5073	4.38165457688311	-0.00064421194018045
5074	1.1371039062817	-0.0116708295949424
5075	2.20894814040502	0.11011926192055
5076	10.2892725011752	0.465339941446829
5077	8.48548990112927	0.441542624471562
5078	3.68208522494342	0.0363482460633054
5079	8.4765310343228	0.367210332783726
5080	9.34837407423894	0.523784689877685
5081	3.07857635164949	0.0745057497595231
5082	7.2798189143299	0.311852392292253
5083	6.15610641991942	0.0448944664521638
5084	-0.142907778321387	-0.0188656502817411
5085	9.27293815158678	0.349926634456721
5086	2.0982078041663	-0.123642941827479
5087	9.65965434419219	0.310662088247407
5088	-0.148064794940074	-0.192834224790936
5089	2.68589978734744	-0.0870859561597055
5090	1.25385013463343	-0.17437265002395
5091	0.79051291917728	-0.0920908560992835
5092	2.12294813924888	-0.246442336600212
5093	9.02826433377465	0.251864292695998
5094	10.9156578513234	0.451733127604526
5095	11.5206430384198	0.368571925007216
5096	9.68467876178348	0.384284387722949
5097	1.91010902651787	0.0921152591303115
5098	2.77447815608451	0.0535131987710159
5099	6.28121768345242	0.395868683555318
5100	5.31239821044149	0.219955311000959
5101	5.61595378247751	0.262486964067762
5102	3.32259900951617	0.00491992544503466
5103	0.421278453547899	-0.0659257842557186
5104	11.2282662788883	0.551175837443127
5105	5.29274988542538	0.244351522142477
5106	5.09307216135443	-0.114660173526186
5107	1.98588312896555	-0.186273528380221
5108	6.55776487074047	0.111628470684901
5109	10.8572643536451	0.492568848963698
5110	9.5494837667534	0.214682851805018
5111	9.44257543115604	0.537069957393598
5112	6.85822068188835	0.328319707202402
5113	6.14528742208058	0.00793497881318251
5114	2.87629157998856	0.071784412965604
5115	0.363777240928913	-0.170180887479095
5116	-1.62868495311718	-0.285613668215365
5117	6.9468070560279	0.314458917436475
5118	-0.320015776978275	-0.208643671790403
5119	5.34378884586512	0.0844358229118659
5120	6.32655157710804	0.249995953478029
5121	9.89014851630298	0.550453653306149
5122	7.6332005846152	0.126556252050804
5123	4.38303547533982	0.116951470849189
5124	0.722194958329392	-0.148628511733919
5125	7.85746985167533	0.347990821096923
5126	5.87207848473772	0.0909373341620904
5127	4.9869085969998	0.139861600512535
5128	1.41527301647559	-0.119497582621878
5129	0.380576755278162	-0.101462624980173
5130	5.50000341126558	0.21207839090096
5131	6.01878726025075	0.194276830225947
5132	-1.25301640912889	-0.230955509514996
5133	0.489479340289447	-0.266425548929731
5134	3.67675774278389	0.252297576686539
5135	10.7564981171972	0.496447585070414
5136	3.10420942118442	0.214111774264435
5137	5.12885672243312	0.182342279834558
5138	4.25577287807814	0.152553399279619
5139	9.51695312516895	0.544693377902488
5140	4.97790831229541	0.136847981114094
5141	3.36473809271818	0.286459637837246
5142	8.57166123582939	0.217057769163058
5143	-1.46352073935419	-0.0927406854263884
5144	1.17093031712545	-0.0762567853936576
5145	5.51987527026427	0.32619879937976
5146	2.92921197445074	0.0898057984122006
5147	5.27585431224622	-0.147189652011829
5148	7.99517047483296	0.341052352228633
5149	-2.31274937607482	-0.20710318578001
5150	6.09332831950654	0.441718146142463
5151	7.27611386265936	0.228251124877332
5152	5.64879480072828	0.179146502130662
5153	2.30919107955057	-0.0159398387553431
5154	2.57885305050109	0.0902846804516567
5155	2.03037105120919	0.130696944391058
5156	-0.979988259671014	-0.142286835401106
5157	7.3556248410648	0.155631013901983
5158	-1.3392244410917	-0.232483378779721
5159	-0.435782502973813	-0.0595228093973532
5160	5.2909754756972	-0.115094638304265
5161	3.26768652644564	-0.0535138289528914
5162	9.26383503353843	0.467813534218202
5163	6.47178997731563	0.0843939450298523
5164	10.1326639801678	0.369486110925749
5165	8.32894232197286	0.455448788539398
5166	8.36969544311348	0.0561101055783483
5167	-0.744352294156173	-0.242278829622933
5168	0.176860599782797	-0.0102079432231507
5169	7.39591215553284	0.321429167727396
5170	3.46646068043498	-0.00839031979452424
5171	11.1809262679119	0.241721288765406
5172	9.2989793838667	0.421276567086829
5173	10.1875775873683	0.43453143583717
5174	3.54200550161921	0.0375182893691832
5175	2.89792494252289	0.0282369616140009
5176	9.67589305531378	0.468113637824768
5177	8.30706836619223	0.253596206900063
5178	12.0434338018991	0.336252016719223
5179	8.31842623588073	0.220271502116763
5180	12.2527961347413	0.474636542669917
5181	0.0621150180741119	-0.0458774712926199
5182	3.26291245876743	-0.133408392870894
5183	10.077260926972	0.460430462147457
5184	2.10557377058723	0.133172882826608
5185	10.5667360015893	0.452406527137439
5186	0.952814259871516	-0.135173606795057
5187	11.0264112525838	0.350794429963605
5188	6.16182271281429	0.32208942585277
5189	9.46427431168132	0.509354370104918
5190	3.71954004943786	0.171020445008974
5191	7.18671848980617	0.311193957953592
5192	4.47088475688388	0.0354219036218375
5193	-1.25301883204675	-0.210617844337063
5194	11.7883713990251	0.495325912685247
5195	-0.0173755688770831	-0.0548446713766166
5196	3.9909090801482	0.207688745309893
5197	3.20664267301305	-0.202513546562074
5198	7.0543894547932	0.421184720829919
5199	3.63951363795564	-0.025176951914215
5200	7.63206394165678	0.371934658352158
5201	0.933196336220535	-0.0725808226988592
5202	3.83277344408565	0.0220072862994406
5203	4.20298313540266	0.200092717775272
5204	13.0890550842129	0.497616243523291
5205	2.07919871608019	-0.129207343370884
5206	8.13973945137633	0.488905706277478
5207	11.3109613281212	0.529969872846076
5208	8.40622292010059	0.278116249141956
5209	7.70093123009355	0.25000670341992
5210	-0.869341528701938	-0.25332155467344
5211	4.49525723569331	-0.125398947133679
5212	1.89836750317081	-0.151498182855898
5213	6.00179299880979	0.301382888732728
5214	-0.820155155790156	0.0326356769740937
5215	10.4879588762689	0.37485880549469
5216	4.88252368699216	0.133416636121615
5217	7.57904157297518	0.328527093164222
5218	12.7905455593364	0.571872650403437
5219	5.20286454340831	0.0290261048136626
5220	9.51714529827255	0.381604831783442
5221	12.0544175164873	0.5211245424344
5222	3.10998285685403	-0.11992679883681
5223	6.96921515976092	0.270021492406495
5224	-3.47204224019094	-0.196746408242123
5225	3.44629952051981	-0.0710619462582614
5226	3.52111163146665	0.0344192635655037
5227	-1.15090701550391	-0.296258008633802
5228	0.647150717041725	0.0311134686349061
5229	8.4799900384284	0.463444346118355
5230	3.92007108065157	-0.00618313077767642
5231	7.50232048871051	0.119559483061562
5232	5.98921445041507	0.223791781410683
5233	5.6978389077052	0.129727752380824
5234	1.12700113576673	-0.142927161891959
5235	6.17436070962664	0.425900604728747
5236	6.19161173170902	0.284920070960911
5237	7.74229842129755	0.396504889552105
5238	0.176696717231899	-0.212371151062178
5239	9.8845820964505	0.333932250882293
5240	5.46164465263741	0.0567412954464618
5241	8.5223083368831	0.42019860459172
5242	6.25799896556609	0.265928371285058
5243	9.78911989828251	0.386473330324862
5244	6.74976213704334	0.182511202141558
5245	3.97912357327344	0.161824801137478
5246	7.0572844663492	0.392172176416038
5247	0.00913835227917714	-0.287438556105552
5248	6.26382662946961	0.115256560569187
5249	7.56307243974195	0.341564573557055
5250	9.07499413069979	0.306447606355688
5251	5.52764722636056	0.115602172233616
5252	8.11046093548606	0.45591974952949
5253	4.93940466953885	0.0805381413198953
5254	-0.321158867783989	-0.090955784020978
5255	2.71419596914147	-0.245431960678121
5256	4.15439371908288	-0.219892284790041
5257	2.06081753325998	-0.0275442922678486
5258	3.13534190568576	0.151990004465129
5259	8.08350017189722	0.279187340927689
5260	3.61185303849989	0.0527984022580617
5261	14.7577466121226	0.501757771574633
5262	2.44476046765507	-0.0476554410836627
5263	5.88826744001823	0.0991413174520221
5264	3.04474040781165	-0.0132401364026623
5265	5.32389918708107	0.269308812518293
5266	2.47378596763627	-0.0792275555177173
5267	1.1326257215254	0.116423379681152
5268	11.1268377708767	0.371726355428506
5269	0.317469648841269	-0.233394667079435
5270	13.8490793011679	0.468439662751814
5271	4.01989431193118	-0.00731523906662562
5272	7.65339134041168	0.436606370020766
5273	4.38165457688311	-0.000563224242720376
5274	1.1371039062817	-0.0120155847629164
5275	2.20894814040502	0.114476879154225
5276	10.2892725011752	0.48341279527417
5277	8.48548990112927	0.458696652759114
5278	3.68208522494342	0.0378575298677818
5279	8.4765310343228	0.381494356519719
5280	9.34837407423894	0.544114122779915
5281	3.07857635164949	0.0774883126301711
5282	7.2798189143299	0.323999020051775
5283	6.15610641991942	0.0467337238234132
5284	-0.142907778321387	-0.0194882008418641
5285	9.27293815158678	0.363543326515728
5286	2.0982078041663	-0.128310992624553
5287	9.65965434419219	0.322762757810984
5288	-0.148064794940074	-0.200173783387975
5289	2.68589978734744	-0.0903425246403403
5290	1.25385013463343	-0.180999398583694
5291	0.79051291917728	-0.0955406661076651
5292	2.12294813924888	-0.255851729469806
5293	9.02826433377465	0.261694751870222
5294	10.9156578513234	0.469280615984726
5295	11.5206430384198	0.382908520455853
5296	9.68467876178348	0.399227648706664
5297	1.91010902651787	0.0957777333947467
5298	2.77447815608451	0.0556852294285734
5299	6.28121768345242	0.411259219619762
5300	5.31239821044149	0.22855374946627
5301	5.61595378247751	0.272727569552485
5302	3.32259900951617	0.0052157470896052
5303	0.421278453547899	-0.0683653486013101
5304	11.2282662788883	0.572562855365274
5305	5.29274988542538	0.253891909731475
5306	5.09307216135443	-0.118981395437389
5307	1.98588312896555	-0.193359775420026
5308	6.55776487074047	0.116044359174911
5309	10.8572643536451	0.511693023646793
5310	9.5494837667534	0.223077718154541
5311	9.44257543115604	0.557912340688902
5312	6.85822068188835	0.341102145693316
5313	6.14528742208058	0.00834721307861122
5314	2.87629157998856	0.074661903749713
5315	0.363777240928913	-0.176645790126254
5316	-1.62868495311718	-0.296535484521307
5317	6.9468070560279	0.326706184351037
5318	-0.320015776978275	-0.216593640531079
5319	5.34378884586512	0.0878017905517926
5320	6.32655157710804	0.259754275201117
5321	9.89014851630298	0.57181278736096
5322	7.6332005846152	0.131548509161934
5323	4.38303547533982	0.121572882865416
5324	0.722194958329392	-0.154261267072269
5325	7.85746985167533	0.361532770496616
5326	5.87207848473772	0.0945543281925194
5327	4.9869085969998	0.14536758335145
5328	1.41527301647559	-0.124005579161
5329	0.380576755278162	-0.105274283368761
5330	5.50000341126558	0.220372697796722
5331	6.01878726025075	0.201883810537231
5332	-1.25301640912889	-0.239766948746749
5333	0.489479340289447	-0.276606502974666
5334	3.67675774278389	0.26214476515831
5335	10.7564981171972	0.515721519568898
5336	3.10420942118442	0.22248459104299
5337	5.12885672243312	0.189488461572755
5338	4.25577287807814	0.158549418405615
5339	9.51695312516895	0.565830105029552
5340	4.97790831229541	0.142237606698391
5341	3.36473809271818	0.297625839469608
5342	8.57166123582939	0.225544332182661
5343	-1.46352073935419	-0.0962155856490522
5344	1.17093031712545	-0.0790952345255888
5345	5.51987527026427	0.338899348627571
5346	2.92921197445074	0.0933791033180419
5347	5.27585431224622	-0.152766852303272
5348	7.99517047483296	0.354326404099801
5349	-2.31274937607482	-0.214993675635251
5350	6.09332831950654	0.45887895140383
5351	7.27611386265936	0.23716986859684
5352	5.64879480072828	0.186169293396862
5353	2.30919107955057	-0.0164494223638615
5354	2.57885305050109	0.0938764752170421
5355	2.03037105120919	0.135849075570285
5356	-0.979988259671014	-0.14767473564988
5357	7.3556248410648	0.161745861168127
5358	-1.3392244410917	-0.241353809758457
5359	-0.435782502973813	-0.0617151518886235
5360	5.2909754756972	-0.119432635103774
5361	3.26768652644564	-0.055474161898455
5362	9.26383503353843	0.485981894619487
5363	6.47178997731563	0.0877582957451659
5364	10.1326639801678	0.383858003520317
5365	8.32894232197286	0.473139740326321
5366	8.36969544311348	0.0583824040224596
5367	-0.744352294156173	-0.251527467540622
5368	0.176860599782797	-0.0104962156640336
5369	7.39591215553284	0.333945559266078
5370	3.46646068043498	-0.00860841294462086
5371	11.1809262679119	0.251160121813403
5372	9.2989793838667	0.437648113419155
5373	10.1875775873683	0.451414758852011
5374	3.54200550161921	0.0390727490929961
5375	2.89792494252289	0.0294330649317751
5376	9.67589305531378	0.486293585366679
5377	8.30706836619223	0.263493536091821
5378	12.0434338018991	0.349340725390979
5379	8.31842623588073	0.228882148868956
5380	12.2527961347413	0.493068342619037
5381	0.0621150180741119	-0.0475429608969563
5382	3.26291245876743	-0.138453492300617
5383	10.077260926972	0.478313758682603
5384	2.10557377058723	0.138420611146971
5385	10.5667360015893	0.469980015788593
5386	0.952814259871516	-0.140286861960084
5387	11.0264112525838	0.364444628013051
5388	6.16182271281429	0.334631310266514
5389	9.46427431168132	0.529126641610829
5390	3.71954004943786	0.177729485408682
5391	7.18671848980617	0.323315163255311
5392	4.47088475688388	0.0368954209113451
5393	-1.25301883204675	-0.2186440368032
5394	11.7883713990251	0.514556538888268
5395	-0.0173755688770831	-0.0568563887706718
5396	3.9909090801482	0.215813565936093
5397	3.20664267301305	-0.210226828300272
5398	7.0543894547932	0.437552720935304
5399	3.63951363795564	-0.0260431847825269
5400	7.63206394165678	0.386401090508187
5401	0.933196336220535	-0.0751619146154275
5402	3.83277344408565	0.0229330146184755
5403	4.20298313540266	0.207620899630795
5404	13.0890550842129	0.516175003447352
5405	2.07919871608019	-0.133887843243351
5406	8.13973945137633	0.50714152615548
5407	11.3109613281212	0.549728131979984
5408	8.40622292010059	0.288537125455034
5409	7.70093123009355	0.259385428401338
5410	-0.869341528701938	-0.262603544440684
5411	4.49525723569331	-0.129938252080787
5412	1.89836750317081	-0.157005107612026
5413	6.00179299880979	0.312666367368607
5414	-0.820155155790156	0.0339554490675997
5415	10.4879588762689	0.388866377406766
5416	4.88252368699216	0.138472826150153
5417	7.57904157297518	0.340816933449444
5418	12.7905455593364	0.593184439995056
5419	5.20286454340831	0.030212053313187
5420	9.51714529827255	0.395862510202031
5421	12.0544175164873	0.540554864113942
5422	3.10998285685403	-0.124263225847327
5423	6.96921515976092	0.280142258515205
5424	-3.47204224019094	-0.203930894735027
5425	3.44629952051981	-0.0735867263752422
5426	3.52111163146665	0.035805161492552
5427	-1.15090701550391	-0.307131852040872
5428	0.647150717041725	0.0323768053998787
5429	8.4799900384284	0.48073619519519
5430	3.92007108065157	-0.00630255206680108
5431	7.50232048871051	0.124101924107554
5432	5.98921445041507	0.232198597555459
5433	5.6978389077052	0.134647178366969
5434	1.12700113576673	-0.148116319118167
5435	6.17436070962664	0.441800533051275
5436	6.19161173170902	0.295593196529067
5437	7.74229842129755	0.411314982271478
5438	0.176696717231899	-0.22013491929438
5439	9.8845820964505	0.346422485452411
5440	5.46164465263741	0.0589547747040696
5441	8.5223083368831	0.435887133303074
5442	6.25799896556609	0.275897386395387
5443	9.78911989828251	0.40091150658174
5444	6.74976213704334	0.189387555607131
5445	3.97912357327344	0.167934213700952
5446	7.0572844663492	0.406821635348972
5447	0.00913835227917714	-0.297985421471507
5448	6.26382662946961	0.119639472306175
5449	7.56307243974195	0.354337773754501
5450	9.07499413069979	0.317918857581969
5451	5.52764722636056	0.119997897399177
5452	8.11046093548606	0.472932626885016
5453	4.93940466953885	0.0836338801081803
5454	-0.321158867783989	-0.094218121041981
5455	2.71419596914147	-0.254421446576047
5456	4.15439371908288	-0.227934896359221
5457	2.06081753325998	-0.0284556709622225
5458	3.13534190568576	0.1577347954673
5459	8.08350017189722	0.289647927584785
5460	3.61185303849989	0.0548657001640564
5461	14.7577466121226	0.520470077166649
5462	2.44476046765507	-0.0493124334114563
5463	5.88826744001823	0.102926762327018
5464	3.04474040781165	-0.0136211936457197
5465	5.32389918708107	0.279403156275611
5466	2.47378596763627	-0.0820550726709952
5467	1.1326257215254	0.120849550818465
5468	11.1268377708767	0.385617792877218
5469	0.317469648841269	-0.241937874632009
5470	13.8490793011679	0.485916711402242
5471	4.01989431193118	-0.00747663286475407
5472	7.65339134041168	0.452903210753969
5473	4.38165457688311	-0.00047428951154088
5474	1.1371039062817	-0.012351242192876
5475	2.20894814040502	0.118830884482233
5476	10.2892725011752	0.501444967445682
5477	8.48548990112927	0.475812482806486
5478	3.68208522494342	0.0393709002855259
5479	8.4765310343228	0.395747939107506
5480	9.34837407423894	0.564396774910054
5481	3.07857635164949	0.0804709801130087
5482	7.2798189143299	0.33612098364946
5483	6.15610641991942	0.048576175950353
5484	-0.142907778321387	-0.0201009028343598
5485	9.27293815158678	0.37713138110074
5486	2.0982078041663	-0.132958260614401
5487	9.65965434419219	0.334838887429235
5488	-0.148064794940074	-0.207485338585854
5489	2.68589978734744	-0.0935821252896316
5490	1.25385013463343	-0.187600070338094
5491	0.79051291917728	-0.0989729859885617
5492	2.12294813924888	-0.265227524560674
5493	9.02826433377465	0.271506807058305
5494	10.9156578513234	0.486788842674821
5495	11.5206430384198	0.397214532664659
5496	9.68467876178348	0.414138686745708
5497	1.91010902651787	0.0994384745965105
5498	2.77447815608451	0.0578595554171193
5499	6.28121768345242	0.426616323837642
5500	5.31239821044149	0.237137113869759
5501	5.61595378247751	0.282948662501378
5502	3.32259900951617	0.00551893511143388
5503	0.421278453547899	-0.0707901533267664
5504	11.2282662788883	0.593900234058447
5505	5.29274988542538	0.263414677344226
5506	5.09307216135443	-0.123282771955757
5507	1.98588312896555	-0.200418703715004
5508	6.55776487074047	0.120456478262816
5509	10.8572643536451	0.530773675148052
5510	9.5494837667534	0.231458060660055
5511	9.44257543115604	0.578706556801986
5512	6.85822068188835	0.353858201543473
5513	6.14528742208058	0.00876649907949505
5514	2.87629157998856	0.0775397831364459
5515	0.363777240928913	-0.183085053407664
5516	-1.62868495311718	-0.307419615247444
5517	6.9468070560279	0.338928515094723
5518	-0.320015776978275	-0.224513956046771
5519	5.34378884586512	0.0911668265316644
5520	6.32655157710804	0.269494387912265
5521	9.89014851630298	0.593122357551738
5522	7.6332005846152	0.13653543905308
5523	4.38303547533982	0.126189969987424
5524	0.722194958329392	-0.15987063218528
5525	7.85746985167533	0.375046284437912
5526	5.87207848473772	0.0981697120849453
5527	4.9869085969998	0.150866850464666
5528	1.41527301647559	-0.12849322548998
5529	0.380576755278162	-0.109067473620556
5530	5.50000341126558	0.228652752642095
5531	6.01878726025075	0.209478396514879
5532	-1.25301640912889	-0.248546406357967
5533	0.489479340289447	-0.286751773853589
5534	3.67675774278389	0.27197350442774
5535	10.7564981171972	0.534951526112437
5536	3.10420942118442	0.230842943573452
5537	5.12885672243312	0.19662349443071
5538	4.25577287807814	0.16453739732838
5539	9.51695312516895	0.58691786941741
5540	4.97790831229541	0.147620831049149
5541	3.36473809271818	0.308770026850787
5542	8.57166123582939	0.234016123519099
5543	-1.46352073935419	-0.0996729279300179
5544	1.17093031712545	-0.0819178459255145
5545	5.51987527026427	0.351573736566118
5546	2.92921197445074	0.0969509161695109
5547	5.27585431224622	-0.158320812524402
5548	7.99517047483296	0.367572744590087
5549	-2.31274937607482	-0.222854673025945
5550	6.09332831950654	0.476001540108109
5551	7.27611386265936	0.246072672528611
5552	5.64879480072828	0.193181269284466
5553	2.30919107955057	-0.0169494627335482
5554	2.57885305050109	0.0974667279533815
5555	2.03037105120919	0.140995447419464
5556	-0.979988259671014	-0.153039907471376
5557	7.3556248410648	0.167852347060534
5558	-1.3392244410917	-0.250192099672867
5559	-0.435782502973813	-0.063893402954748
5560	5.2909754756972	-0.123750741171024
5561	3.26768652644564	-0.0574210304978034
5562	9.26383503353843	0.504109315228322
5563	6.47178997731563	0.0911217191706728
5564	10.1326639801678	0.398199217473392
5565	8.32894232197286	0.490791042668062
5566	8.36969544311348	0.0606567267922602
5567	-0.744352294156173	-0.260742942170515
5568	0.176860599782797	-0.0107755430292764
5569	7.39591215553284	0.346436287239754
5570	3.46646068043498	-0.00881775070073232
5571	11.1809262679119	0.260581609368312
5572	9.2989793838667	0.453983576415436
5573	10.1875775873683	0.468260615293003
5574	3.54200550161921	0.0406311733279146
5575	2.89792494252289	0.0306341013318019
5576	9.67589305531378	0.504432561798239
5577	8.30706836619223	0.273372280560138
5578	12.0434338018991	0.362402223630273
5579	8.31842623588073	0.237477688562584
5580	12.2527961347413	0.511458490747288
5581	0.0621150180741119	-0.0491957830621468
5582	3.26291245876743	-0.143476789830333
5583	10.077260926972	0.496156885900254
5584	2.10557377058723	0.143662321755878
5585	10.5667360015893	0.487514172475713
5586	0.952814259871516	-0.145378131012746
5587	11.0264112525838	0.378066098028
5588	6.16182271281429	0.347147462212721
5589	9.46427431168132	0.548853638248951
5590	3.71954004943786	0.184428558440409
5591	7.18671848980617	0.335411773107399
5592	4.47088475688388	0.0383731214844014
5593	-1.25301883204675	-0.226640370025708
5594	11.7883713990251	0.533743354190666
5595	-0.0173755688770831	-0.0588545029358426
5596	3.9909090801482	0.223924592601974
5597	3.20664267301305	-0.217911096534718
5598	7.0543894547932	0.45388464728944
5599	3.63951363795564	-0.0268989104549608
5600	7.63206394165678	0.400836588499757
5601	0.933196336220535	-0.0777278713375778
5602	3.83277344408565	0.0238643992913515
5603	4.20298313540266	0.215136891586208
5604	13.0890550842129	0.534691758116093
5605	2.07919871608019	-0.138547533278281
5606	8.13973945137633	0.525336213676401
5607	11.3109613281212	0.569441143644537
5608	8.40622292010059	0.298937992992849
5609	7.70093123009355	0.268746961514455
5610	-0.869341528701938	-0.271852286667231
5611	4.49525723569331	-0.134457128836437
5612	1.89836750317081	-0.162488988726432
5613	6.00179299880979	0.323927505638396
5614	-0.820155155790156	0.0352798124252451
5615	10.4879588762689	0.402844245802048
5616	4.88252368699216	0.14352350800586
5617	7.57904157297518	0.353081713200161
5618	12.7905455593364	0.614446782966366
5619	5.20286454340831	0.0314029547984184
5620	9.51714529827255	0.410089809072681
5621	12.0544175164873	0.559940824730229
5622	3.10998285685403	-0.128579773039979
5623	6.96921515976092	0.290243827038446
5624	-3.47204224019094	-0.211087803182049
5625	3.44629952051981	-0.0760965235070816
5626	3.52111163146665	0.0371954719473939
5627	-1.15090701550391	-0.317968145169762
5628	0.647150717041725	0.0336448859721626
5629	8.4799900384284	0.497989463442577
5630	3.92007108065157	-0.00641349199086393
5631	7.50232048871051	0.128640245630368
5632	5.98921445041507	0.240590848875323
5633	5.6978389077052	0.139561465849803
5634	1.12700113576673	-0.153283291619722
5635	6.17436070962664	0.457665642868638
5636	6.19161173170902	0.306245631499024
5637	7.74229842129755	0.426093202281947
5638	0.176696717231899	-0.227869543697773
5639	9.8845820964505	0.358887117827673
5640	5.46164465263741	0.0611704295594406
5641	8.5223083368831	0.451541414916714
5642	6.25799896556609	0.285847614099106
5643	9.78911989828251	0.415318815409888
5644	6.74976213704334	0.196253481047161
5645	3.97912357327344	0.174035271259471
5646	7.0572844663492	0.421439655761795
5647	0.00913835227917714	-0.308495620372114
5648	6.26382662946961	0.124018695723407
5649	7.56307243974195	0.367084606908628
5650	9.07499413069979	0.329367260897909
5651	5.52764722636056	0.12438989961063
5652	8.11046093548606	0.489907677464138
5653	4.93940466953885	0.0867294097704968
5654	-0.321158867783989	-0.0974634814814106
5655	2.71419596914147	-0.26337847556335
5656	4.15439371908288	-0.235947610393568
5657	2.06081753325998	-0.0293564276520139
5658	3.13534190568576	0.163472217026769
5659	8.08350017189722	0.300088398130629
5660	3.61185303849989	0.0569355687920675
5661	14.7577466121226	0.539139962473543
5662	2.44476046765507	-0.050956788361113
5663	5.88826744001823	0.106710133819084
5664	3.04474040781165	-0.0139930623287838
5665	5.32389918708107	0.289478373866363
5666	2.47378596763627	-0.0848667885490823
5667	1.1326257215254	0.125271916707029
5668	11.1268377708767	0.39947984071746
5669	0.317469648841269	-0.250449831552298
5670	13.8490793011679	0.503354678633767
5671	4.01989431193118	-0.00762943184726014
5672	7.65339134041168	0.469164160138459
5673	4.38165457688311	-0.000377436596006585
5674	1.1371039062817	-0.0126778337773133
5675	2.20894814040502	0.123181279623731
5676	10.2892725011752	0.519436557714374
5677	8.48548990112927	0.492890207799102
5678	3.68208522494342	0.0408883386763571
5679	8.4765310343228	0.409971153218274
5680	9.34837407423894	0.584632762150703
5681	3.07857635164949	0.0834537440985686
5682	7.2798189143299	0.348218340478803
5683	6.15610641991942	0.0504218065513898
5684	-0.142907778321387	-0.0207037901373479
5685	9.27293815158678	0.390690866112986
5686	2.0982078041663	-0.137584808591595
5687	9.65965434419219	0.346890534167155
5688	-0.148064794940074	-0.214768972274567
5689	2.68589978734744	-0.0968048108131493
5690	1.25385013463343	-0.194174742082116
5691	0.79051291917728	-0.102387869828796
5692	2.12294813924888	-0.274569818557582
5693	9.02826433377465	0.281300499098217
5694	10.9156578513234	0.504257903672612
5695	11.5206430384198	0.411490034680593
5696	9.68467876178348	0.429017579223369
5697	1.91010902651787	0.103097479486011
5698	2.77447815608451	0.0600361628336594
5699	6.28121768345242	0.44194007678928
5700	5.31239821044149	0.245705436243151
5701	5.61595378247751	0.293150286684057
5702	3.32259900951617	0.00582946219674755
5703	0.421278453547899	-0.0732002452978698
5704	11.2282662788883	0.615188096964658
5705	5.29274988542538	0.272919863745324
5706	5.09307216135443	-0.127564363396794
5707	1.98588312896555	-0.207450393344525
5708	6.55776487074047	0.124864830084284
5709	10.8572643536451	0.549810910735124
5710	9.5494837667534	0.23982390989819
5711	9.44257543115604	0.599452725281924
5712	6.85822068188835	0.36658793669102
5713	6.14528742208058	0.00919281033415568
5714	2.87629157998856	0.0804180422653005
5715	0.363777240928913	-0.189498752961447
5716	-1.62868495311718	-0.318266167889054
5717	6.9468070560279	0.351125967780375
5718	-0.320015776978275	-0.232404704590567
5719	5.34378884586512	0.0945309254825172
5720	6.32655157710804	0.279216331933819
5721	9.89014851630298	0.614382487121186
5722	7.6332005846152	0.14151704797968
5723	4.38303547533982	0.130802735819923
5724	0.722194958329392	-0.165456676763045
5725	7.85746985167533	0.388531430287792
5726	5.87207848473772	0.101783482264692
5727	4.9869085969998	0.156359411779635
5728	1.41527301647559	-0.132960583259354
5729	0.380576755278162	-0.112842252408804
5730	5.50000341126558	0.236918585294932
5731	6.01878726025075	0.217060613103864
5732	-1.25301640912889	-0.25729397475936
5733	0.489479340289447	-0.296861463766238
5734	3.67675774278389	0.281783835452376
5735	10.7564981171972	0.554137713039135
5736	3.10420942118442	0.239186862274845
5737	5.12885672243312	0.203747400059699
5738	4.25577287807814	0.170517349478049
5739	9.51695312516895	0.607956792719047
5740	4.97790831229541	0.152997663262118
5741	3.36473809271818	0.319892250366383
5742	8.57166123582939	0.242473174404432
5743	-1.46352073935419	-0.103112766535448
5744	1.17093031712545	-0.0847246693103686
5745	5.51987527026427	0.364222024548218
5746	2.92921197445074	0.10052123307965
5747	5.27585431224622	-0.163851601968214
5748	7.99517047483296	0.380791439151595
5749	-2.31274937607482	-0.230686263780035
5750	6.09332831950654	0.493086005489165
5751	7.27611386265936	0.254959570993849
5752	5.64879480072828	0.200182450562778
5753	2.30919107955057	-0.0174399929350572
5754	2.57885305050109	0.101055434905879
5755	2.03037105120919	0.146136067336783
5756	-0.979988259671014	-0.158382418805511
5757	7.3556248410648	0.173950485858699
5758	-1.3392244410917	-0.258998341355323
5759	-0.435782502973813	-0.0660576076944156
5760	5.2909754756972	-0.128049016941424
5761	3.26768652644564	-0.059354478191266
5762	9.26383503353843	0.522195896480379
5763	6.47178997731563	0.0944842099258518
5764	10.1326639801678	0.41250982608423
5765	8.32894232197286	0.508402792587867
5766	8.36969544311348	0.0629330607014505
5767	-0.744352294156173	-0.269925349048334
5768	0.176860599782797	-0.0110459568076436
5769	7.39591215553284	0.358901411684919
5770	3.46646068043498	-0.00901836404999522
5771	11.1809262679119	0.269985789468836
5772	9.2989793838667	0.470283043668067
5773	10.1875775873683	0.485069096410621
5774	3.54200550161921	0.0421935437566667
5775	2.89792494252289	0.0318400499353474
5776	9.67589305531378	0.522530667637943
5777	8.30706836619223	0.283232481620958
5778	12.0434338018991	0.375436575564412
5779	8.31842623588073	0.246058153316634
5780	12.2527961347413	0.529807089373357
5781	0.0621150180741119	-0.0508359791210375
5782	3.26291245876743	-0.148478350949683
5783	10.077260926972	0.5139599421985
5784	2.10557377058723	0.148898022734826
5785	10.5667360015893	0.505009093382446
5786	0.952814259871516	-0.150447479929847
5787	11.0264112525838	0.391658908149178
5788	6.16182271281429	0.359637941910104
5789	9.46427431168132	0.5685354719194
5790	3.71954004943786	0.191117682630829
5791	7.18671848980617	0.347483844721635
5792	4.47088475688388	0.0398549864451736
5793	-1.25301883204675	-0.234606930802506
5794	11.7883713990251	0.552886466620982
5795	-0.0173755688770831	-0.0608390576797443
5796	3.9909090801482	0.232021853953931
5797	3.20664267301305	-0.225566435826706
5798	7.0543894547932	0.470180587459374
5799	3.63951363795564	-0.0277441645514306
5800	7.63206394165678	0.415241226301874
5801	0.933196336220535	-0.0802787407176633
5802	3.83277344408565	0.0248014175337822
5803	4.20298313540266	0.222640718054038
5804	13.0890550842129	0.553166610792752
5805	2.07919871608019	-0.143186476335383
5806	8.13973945137633	0.543489869794984
5807	11.3109613281212	0.589109019677445
5808	8.40622292010059	0.309318896845995
5809	7.70093123009355	0.278091340400175
5810	-0.869341528701938	-0.281067877105964
5811	4.49525723569331	-0.138955639251021
5812	1.89836750317081	-0.167949894966418
5813	6.00179299880979	0.335166354798893
5814	-0.820155155790156	0.0366087470795163
5815	10.4879588762689	0.416792481410176
5816	4.88252368699216	0.148568688430541
5817	7.57904157297518	0.365321490867024
5818	12.7905455593364	0.635659802260294
5819	5.20286454340831	0.0325987883452219
5820	9.51714529827255	0.424286800912886
5821	12.0544175164873	0.579282533776751
5822	3.10998285685403	-0.132876500814913
5823	6.96921515976092	0.300326240921512
5824	-3.47204224019094	-0.218217214342335
5825	3.44629952051981	-0.0785913851035947
5826	3.52111163146665	0.0385901754352082
5827	-1.15090701550391	-0.328766995152523
5828	0.647150717041725	0.0349176899808234
5829	8.4799900384284	0.515204245067401
5830	3.92007108065157	-0.0065159808052728
5831	7.50232048871051	0.133174450699337
5832	5.98921445041507	0.24896856606361
5833	5.6978389077052	0.14447062059349
5834	1.12700113576673	-0.158428145892405
5835	6.17436070962664	0.473496018437748
5836	6.19161173170902	0.316877422764547
5837	7.74229842129755	0.440839626049869
5838	0.176696717231899	-0.235575109172424
5839	9.8845820964505	0.371326207891224
5840	5.46164465263741	0.0633882464336152
5841	8.5223083368831	0.467161532178389
5842	6.25799896556609	0.295779096256735
5843	9.78911989828251	0.429695330617064
5844	6.74976213704334	0.203108998214665
5845	3.97912357327344	0.180127988083669
5846	7.0572844663492	0.436026312972597
5847	0.00913835227917714	-0.318969257602063
5848	6.26382662946961	0.128394232749842
5849	7.56307243974195	0.379805134925324
5850	9.07499413069979	0.340792868902575
5851	5.52764722636056	0.128778180888528
5852	8.11046093548606	0.506844993479546
5853	4.93940466953885	0.0898247230346073
5854	-0.321158867783989	-0.100691918061415
5855	2.71419596914147	-0.272303141301988
5856	4.15439371908288	-0.243930513786426
5857	2.06081753325998	-0.0302465982538394
5858	3.13534190568576	0.169202280807717
5859	8.08350017189722	0.31050879793968
5860	3.61185303849989	0.0590079935181765
5861	14.7577466121226	0.557767531856156
5862	2.44476046765507	-0.0525885471791753
5863	5.88826744001823	0.110491429586258
5864	3.04474040781165	-0.0143557745775343
5865	5.32389918708107	0.299534508046968
5866	2.47378596763627	-0.0876627527658716
5867	1.1326257215254	0.129690479585037
5868	11.1268377708767	0.4133125688487
5869	0.317469648841269	-0.258930628312096
5870	13.8490793011679	0.520753659977148
5871	4.01989431193118	-0.00777366656958694
5872	7.65339134041168	0.485389305268426
5873	4.38165457688311	-0.000272694262118327
5874	1.1371039062817	-0.0129953913173733
5875	2.20894814040502	0.127528066301041
5876	10.2892725011752	0.53738766557924
5877	8.48548990112927	0.509929920685598
5878	3.68208522494342	0.0424098264566753
5879	8.4765310343228	0.424164071340238
5880	9.34837407423894	0.60482220008813
5881	3.07857635164949	0.0864365965063375
5882	7.2798189143299	0.360291147790406
5883	6.15610641991942	0.0522705993953228
5884	-0.142907778321387	-0.0212968965323918
5885	9.27293815158678	0.404221849283238
5886	2.0982078041663	-0.142190699178289
5887	9.65965434419219	0.358917754947708
5888	-0.148064794940074	-0.222024766121594
5889	2.68589978734744	-0.100010633770514
5890	1.25385013463343	-0.200723490401575
5891	0.79051291917728	-0.105785371565618
5892	2.12294813924888	-0.283878707883972
5893	9.02826433377465	0.29107586872847
5894	10.9156578513234	0.521687894731731
5895	11.5206430384198	0.425735099366659
5896	9.68467876178348	0.443864403327601
5897	1.91010902651787	0.106754744829859
5898	2.77447815608451	0.0622150378193518
5899	6.28121768345242	0.457230558851279
5900	5.31239821044149	0.254258748541815
5901	5.61595378247751	0.30333248576299
5902	3.32259900951617	0.00614730111110827
5903	0.421278453547899	-0.075595671249774
5904	11.2282662788883	0.636426567209756
5905	5.29274988542538	0.282407507605347
5906	5.09307216135443	-0.131826229910096
5907	1.98588312896555	-0.214454924170197
5908	6.55776487074047	0.129269416777056
5909	10.8572643536451	0.568804837401924
5910	9.5494837667534	0.248175296373037
5911	9.44257543115604	0.620150965371833
5912	6.85822068188835	0.37929141291929
5913	6.14528742208058	0.00962612043806709
5914	2.87629157998856	0.0832966723066988
5915	0.363777240928913	-0.195886964219612
5916	-1.62868495311718	-0.329075249651727
5917	6.9468070560279	0.36329860037606
5918	-0.320015776978275	-0.240265972181591
5919	5.34378884586512	0.0978940820571509
5920	6.32655157710804	0.288920147490017
5921	9.89014851630298	0.635593298996369
5922	7.6332005846152	0.146493342188441
5923	4.38303547533982	0.135411183965843
5924	0.722194958329392	-0.171019470305149
5925	7.85746985167533	0.401988275244186
5926	5.87207848473772	0.105395635174141
5927	4.9869085969998	0.16184527720544
5928	1.41527301647559	-0.137407713950239
5929	0.380576755278162	-0.116598676250389
5930	5.50000341126558	0.24517022554243
5931	6.01878726025075	0.224630485191396
5932	-1.25301640912889	-0.266009746111525
5933	0.489479340289447	-0.306935674636555
5934	3.67675774278389	0.291575799089996
5935	10.7564981171972	0.573280188410554
5936	3.10420942118442	0.247516377494068
5937	5.12885672243312	0.210860200061872
5938	4.25577287807814	0.1764892882572
5939	9.51695312516895	0.628946996275973
5940	4.97790831229541	0.158368112416866
5941	3.36473809271818	0.330992560277488
5942	8.57166123582939	0.250915515996465
5943	-1.46352073935419	-0.106535155581463
5944	1.17093031712545	-0.0875157542589758
5945	5.51987527026427	0.376844273773412
5946	2.92921197445074	0.104090050179379
5947	5.27585431224622	-0.169359289738241
5948	7.99517047483296	0.393982553072397
5949	-2.31274937607482	-0.238488533492618
5950	6.09332831950654	0.510132440543946
5951	7.27611386265936	0.263830598231398
5952	5.64879480072828	0.20717285795429
5953	2.30919107955057	-0.0179210459446044
5954	2.57885305050109	0.10464259233727
5955	2.03037105120919	0.151270942708697
5956	-0.979988259671014	-0.163702337406285
5957	7.3556248410648	0.180040291812334
5958	-1.3392244410917	-0.267772627386975
5959	-0.435782502973813	-0.0682078110803216
5960	5.2909754756972	-0.132327522684158
5961	3.26768652644564	-0.0612745482975296
5962	9.26383503353843	0.540241738555522
5963	6.47178997731563	0.0978457626519755
5964	10.1326639801678	0.426789902467467
5965	8.32894232197286	0.52597508686213
5966	8.36969544311348	0.065211392606003
5967	-0.744352294156173	-0.279074783451488
5968	0.176860599782797	-0.0113074883976117
5969	7.39591215553284	0.371340992488241
5970	3.46646068043498	-0.00921028389057406
5971	11.1809262679119	0.279372700061562
5972	9.2989793838667	0.486546602547327
5973	10.1875775873683	0.501840293223627
5974	3.54200550161921	0.0437598421177138
5975	2.89792494252289	0.0330508899261305
5976	9.67589305531378	0.540588003148262
5977	8.30706836619223	0.29307418048951
5978	12.0434338018991	0.388443845160145
5979	8.31842623588073	0.254623575173507
5980	12.2527961347413	0.548114240555184
5981	0.0621150180741119	-0.052463590290361
5982	3.26291245876743	-0.153458240968824
5983	10.077260926972	0.531723025724971
5984	2.10557377058723	0.15412772215179
5985	10.5667360015893	0.522464874447782
5986	0.952814259871516	-0.155494974507431
5987	11.0264112525838	0.405223126346221
5988	6.16182271281429	0.372102809427072
5989	9.46427431168132	0.588172254236413
5990	3.71954004943786	0.19779687646569
5991	7.18671848980617	0.359531435167384
5992	4.47088475688388	0.04134099695508
5993	-1.25301883204675	-0.242543805696124
5994	11.7883713990251	0.571985983932034
5995	-0.0173755688770831	-0.0628100966873864
5996	3.9909090801482	0.240105378570887
5997	3.20664267301305	-0.233192930508008
5998	7.0543894547932	0.486440628790105
5999	3.63951363795564	-0.028578982590724
6000	7.63206394165678	0.429615077703155
6001	0.933196336220535	-0.0828145704748262
6002	3.83277344408565	0.0257440466289266
6003	4.20298313540266	0.23013240339044
6004	13.0890550842129	0.57159966447733
6005	2.07919871608019	-0.147804735101783
6006	8.13973945137633	0.561602595208791
6007	11.3109613281212	0.608731871630685
6008	8.40622292010059	0.319679881994444
6009	7.70093123009355	0.287418602608323
6010	-0.869341528701938	-0.290250411250893
6011	4.49525723569331	-0.143433845005
6012	1.89836750317081	-0.173387894911209
6013	6.00179299880979	0.346382965980096
6014	-0.820155155790156	0.0379422331229552
6015	10.4879588762689	0.430711154782903
6016	4.88252368699216	0.153608374155982
6017	7.57904157297518	0.377536324755008
6018	12.7905455593364	0.656823620504902
6019	5.20286454340831	0.0337995330920279
6020	9.51714529827255	0.438453558057565
6021	12.0544175164873	0.598580100467414
6022	3.10998285685403	-0.137153469406146
6023	6.96921515976092	0.310389543004702
6024	-3.47204224019094	-0.225319208755487
6025	3.44629952051981	-0.0810713584824421
6026	3.52111163146665	0.0399892525199889
6027	-1.15090701550391	-0.339528508832477
6028	0.647150717041725	0.0361951971160403
6029	8.4799900384284	0.532380634037068
6030	3.92007108065157	-0.00661004867838999
6031	7.50232048871051	0.137704542383414
6032	5.98921445041507	0.257331779740804
6033	5.6978389077052	0.149374648354741
6034	1.12700113576673	-0.163550948249877
6035	6.17436070962664	0.489291743802144
6036	6.19161173170902	0.327488617104048
6037	7.74229842129755	0.455554329848669
6038	0.176696717231899	-0.243251700387997
6039	9.8845820964505	0.383739815376774
6040	5.46164465263741	0.0656082117909291
6041	8.5223083368831	0.482747567624437
6042	6.25799896556609	0.305691874626646
6043	9.78911989828251	0.44404112582507
6044	6.74976213704334	0.209954126818506
6045	3.97912357327344	0.186212378414411
6046	7.0572844663492	0.450581682109543
6047	0.00913835227917714	-0.329406437673446
6048	6.26382662946961	0.132766085317047
6049	7.56307243974195	0.392499419555738
6050	9.07499413069979	0.352195734064713
6051	5.52764722636056	0.133162743255795
6052	8.11046093548606	0.523744666909684
6053	4.93940466953885	0.0929198126550242
6054	-0.321158867783989	-0.103903483358157
6055	2.71419596914147	-0.281195537200527
6056	4.15439371908288	-0.251883693195506
6057	2.06081753325998	-0.0311262185824179
6058	3.13534190568576	0.174924998451397
6059	8.08350017189722	0.320909172275028
6060	3.61185303849989	0.0610829597645014
6061	14.7577466121226	0.57635288940921
6062	2.44476046765507	-0.0542077509963051
6063	5.88826744001823	0.114270647300397
6064	3.04474040781165	-0.0147093624256988
6065	5.32389918708107	0.309571601469341
6066	2.47378596763627	-0.0904430147974243
6067	1.1326257215254	0.13410524169248
6068	11.1268377708767	0.427116046994697
6069	0.317469648841269	-0.267380355138173
6070	13.8490793011679	0.538113750720197
6071	4.01989431193118	-0.00790936749934486
6072	7.65339134041168	0.501578733017245
6073	4.38165457688311	-0.000160091192738838
6074	1.1371039062817	-0.0133039465231001
6075	2.20894814040502	0.13187124623964
6076	10.2892725011752	0.55529839028591
6077	8.48548990112927	0.52693171417843
6078	3.68208522494342	0.0439353450993051
6079	8.4765310343228	0.438326765779116
6080	9.34837407423894	0.624965204013036
6081	3.07857635164949	0.089419529284672
6082	7.2798189143299	0.37233946269235
6083	6.15610641991942	0.054122538301205
6084	-0.142907778321387	-0.0218802557047586
6085	9.27293815158678	0.417724398172251
6086	2.0982078041663	-0.14677599482468
6087	9.65965434419219	0.370920606552195
6088	-0.148064794940074	-0.229252801572488
6089	2.68589978734744	-0.103199646575786
6090	1.25385013463343	-0.207246391673699
6091	0.79051291917728	-0.109165544987103
6092	2.12294813924888	-0.293154288702647
6093	9.02826433377465	0.300832956588371
6094	10.9156578513234	0.539078911362276
6095	11.5206430384198	0.439949799402376
6096	9.68467876178348	0.458679236051528
6097	1.91010902651787	0.110410267410822
6098	2.77447815608451	0.0643961665593843
6099	6.28121768345242	0.472487850197046
6100	5.31239821044149	0.262797082644957
6101	5.61595378247751	0.313495303293767
6102	3.32259900951617	0.0064724246991982
6103	0.421278453547899	-0.0779764777873528
6104	11.2282662788883	0.657615767604244
6105	5.29274988542538	0.291877647501089
6106	5.09307216135443	-0.136068431479781
6107	1.98588312896555	-0.22143237583644
6108	6.55776487074047	0.13367024048094
6109	10.8572643536451	0.587755561869343
6110	9.5494837667534	0.256512250516335
6111	9.44257543115604	0.640801396009672
6112	6.85822068188835	0.3919686918572
6113	6.14528742208058	0.0100664030636461
6114	2.87629157998856	0.0861756644618981
6115	0.363777240928913	-0.202249762408604
6116	-1.62868495311718	-0.33984696745213
6117	6.9468070560279	0.375446470705437
6118	-0.320015776978275	-0.248097844605631
6119	5.34378884586512	0.101256290930065
6120	6.32655157710804	0.298605874707245
6121	9.89014851630298	0.656754915789524
6122	7.6332005846152	0.15146432791735
6123	4.38303547533982	0.140015318026336
6124	0.722194958329392	-0.176559082121177
6125	7.85746985167533	0.4154168863364
6126	5.87207848473772	0.109006167272677
6127	4.9869085969998	0.167324456632841
6128	1.41527301647559	-0.141834678874791
6129	0.380576755278162	-0.120336801506258
6130	5.50000341126558	0.253407703101315
6131	6.01878726025075	0.232188037607066
6132	-1.25301640912889	-0.274693812325605
6133	0.489479340289447	-0.316974508113416
6134	3.67675774278389	0.301349436098856
6135	10.7564981171972	0.59237906001243
6136	3.10420942118442	0.255831519506078
6137	5.12885672243312	0.217961915990381
6138	4.25577287807814	0.182453227040924
6139	9.51695312516895	0.649888601119036
6140	4.97790831229541	0.163732187576811
6141	3.36473809271818	0.342071006721007
6142	8.57166123582939	0.259343179378928
6143	-1.46352073935419	-0.109940149034538
6144	1.17093031712545	-0.090291150212421
6145	5.51987527026427	0.389440545288355
6146	2.92921197445074	0.107657363617436
6147	5.27585431224622	-0.17484394474905
6148	7.99517047483296	0.407146151476954
6149	-2.31274937607482	-0.246261567526567
6150	6.09332831950654	0.527140938033096
6151	7.27611386265936	0.272685788397946
6152	5.64879480072828	0.214152512134806
6153	2.30919107955057	-0.018392654644222
6154	2.57885305050109	0.108228196527762
6155	2.03037105120919	0.156400080909957
6156	-0.979988259671014	-0.168999730842277
6157	7.3556248410648	0.186121779141441
6158	-1.3392244410917	-0.276515050098421
6159	-0.435782502973813	-0.0703440579595057
6160	5.2909754756972	-0.13658631850262
6161	3.26768652644564	-0.0631812840139642
6162	9.26383503353843	0.558246941378466
6163	6.47178997731563	0.101206372012047
6164	10.1326639801678	0.4410395195536
6165	8.32894232197286	0.543508022021022
6166	8.36969544311348	0.0674917094040449
6167	-0.744352294156173	-0.288191340399758
6168	0.176860599782797	-0.0115601691076128
6169	7.39591215553284	0.383755089386952
6170	3.46646068043498	-0.00939354103190151
6171	11.1809262679119	0.288742379001198
6172	9.2989793838667	0.502774340201951
6173	10.1875775873683	0.518574296519668
6174	3.54200550161921	0.0453300502050974
6175	2.89792494252289	0.0342666005501527
6176	9.67589305531378	0.558604668336299
6177	8.30706836619223	0.302897418280573
6178	12.0434338018991	0.401424096224078
6179	8.31842623588073	0.263173986099217
6180	12.2527961347413	0.566380046090631
6181	0.0621150180741119	-0.0540786576710476
6182	3.26291245876743	-0.158416525018899
6183	10.077260926972	0.549446234377476
6184	2.10557377058723	0.159351428061248
6185	10.5667360015893	0.539881611366689
6186	0.952814259871516	-0.160520680361251
6187	11.0264112525838	0.418758820418124
6188	6.16182271281429	0.38454212468212
6189	9.46427431168132	0.607764096529074
6190	3.71954004943786	0.204466158389912
6191	7.18671848980617	0.371554601371965
6192	4.47088475688388	0.0428311342326329
6193	-1.25301883204675	-0.250451081034326
6194	11.7883713990251	0.591042013601617
6195	-0.0173755688770831	-0.0647676635215004
6196	3.9909090801482	0.248175194964457
6197	3.20664267301305	-0.240790664681482
6198	7.0543894547932	0.502664858405151
6199	3.63951363795564	-0.029403399990775
6200	7.63206394165678	0.443958216306304
6201	0.933196336220535	-0.0853354081953541
6202	3.83277344408565	0.0266922639272048
6203	4.20298313540266	0.237611971895333
6204	13.0890550842129	0.589991021907273
6205	2.07919871608019	-0.152402372092485
6206	8.13973945137633	0.579674490358865
6207	11.3109613281212	0.62830981077124
6208	8.40622292010059	0.330020993307826
6209	7.70093123009355	0.29672878559788
6210	-0.869341528701938	-0.299399984337833
6211	4.49525723569331	-0.147891807609353
6212	1.89836750317081	-0.178803056952447
6213	6.00179299880979	0.35757739018553
6214	-0.820155155790156	0.0392802507079946
6215	10.4879588762689	0.444600336294554
6216	4.88252368699216	0.158642571903975
6217	7.57904157297518	0.389726273023792
6218	12.7905455593364	0.677938360014201
6219	5.20286454340831	0.0350051682396606
6220	9.51714529827255	0.452590152659527
6221	12.0544175164873	0.617833633737268
6222	3.10998285685403	-0.141410738882008
6223	6.96921515976092	0.320433776023585
6224	-3.47204224019094	-0.23239386674215
6225	3.44629952051981	-0.0835364908294828
6226	3.52111163146665	0.041392683824384
6227	-1.15090701550391	-0.350252792764981
6228	0.647150717041725	0.0374773871289393
6229	8.4799900384284	0.549518724080126
6230	3.92007108065157	-0.0066957256917675
6231	7.50232048871051	0.142230523751162
6232	5.98921445041507	0.265680520454721
6233	5.6978389077052	0.15427355488283
6234	1.12700113576673	-0.168651764824161
6235	6.17436070962664	0.505052902792539
6236	6.19161173170902	0.338079261180882
6237	7.74229842129755	0.47023738975933
6238	0.176696717231899	-0.25089940178436
6239	9.8845820964505	0.396127999868989
6240	5.46164465263741	0.0678303121388927
6241	8.5223083368831	0.498299603582327
6242	6.25799896556609	0.31558599086532
6243	9.78911989828251	0.458356274470221
6244	6.74976213704334	0.216788886523506
6245	3.97912357327344	0.192288456462867
6246	7.0572844663492	0.465105838111362
6247	0.00913835227917714	-0.339807264816505
6248	6.26382662946961	0.137134255359188
6249	7.56307243974195	0.40516752239668
6250	9.07499413069979	0.363575908723083
6251	5.52764722636056	0.137543588737711
6252	8.11046093548606	0.540606789499353
6253	4.93940466953885	0.096014671412932
6254	-0.321158867783989	-0.107098229802201
6255	2.71419596914147	-0.290055756414812
6256	4.15439371908288	-0.259807235043508
6257	2.06081753325998	-0.0319953243508447
6258	3.13534190568576	0.180640381576184
6259	8.08350017189722	0.331289566288679
6260	3.61185303849989	0.0631604529990689
6261	14.7577466121226	0.594896138962002
6262	2.44476046765507	-0.0558144408275945
6263	5.88826744001823	0.118047784647129
6264	3.04474040781165	-0.015053857815301
6265	5.32389918708107	0.319589696681167
6266	2.47378596763627	-0.0932076239823372
6267	1.1326257215254	0.138516205271137
6268	11.1268377708767	0.440890344703951
6269	0.317469648841269	-0.275799102012927
6270	13.8490793011679	0.555435045908397
6271	4.01989431193118	-0.00803656501654893
6272	7.65339134041168	0.517732530038042
6273	4.38165457688311	-3.96559878177343e-05
6274	1.1371039062817	-0.013603531013683
6275	2.20894814040502	0.136210821168142
6276	10.2892725011752	0.573168830827305
6277	8.48548990112927	0.543895680754489
6278	3.68208522494342	0.045464876133341
6279	8.4765310343228	0.452459308658594
6280	9.34837407423894	0.645061888921319
6281	3.07857635164949	0.0924025344107161
6282	7.2798189143299	0.384363342150555
6283	6.15610641991942	0.0559776071382032
6284	-0.142907778321387	-0.0224539012436784
6285	9.27293815158678	0.431198580171196
6286	2.0982078041663	-0.151340757809462
6287	9.65965434419219	0.382899145620615
6288	-0.148064794940074	-0.236453159851471
6289	2.68589978734744	-0.106371901497854
6290	1.25385013463343	-0.213743522067674
6291	0.79051291917728	-0.112528443732551
6292	2.12294813924888	-0.302396656916467
6293	9.02826433377465	0.310571803218272
6294	10.9156578513234	0.556431048831437
6295	11.5206430384198	0.454134207284252
6296	9.68467876178348	0.473462154193949
6297	1.91010902651787	0.114064044027768
6298	2.77447815608451	0.0665795352828515
6299	6.28121768345242	0.487712030797319
6300	5.31239821044149	0.271320470355813
6301	5.61595378247751	0.323638782725376
6302	3.32259900951617	0.00680480588460508
6303	0.421278453547899	-0.0803427113855484
6304	11.2282662788883	0.678755820644093
6305	5.29274988542538	0.301330321915803
6306	5.09307216135443	-0.140291027924938
6307	1.98588312896555	-0.228382827771066
6308	6.55776487074047	0.13806730333779
6309	10.8572643536451	0.606663190585954
6310	9.5494837667534	0.264834802687647
6311	9.44257543115604	0.661404135829029
6312	6.85822068188835	0.404619834979647
6313	6.14528742208058	0.0105136319600436
6314	2.87629157998856	0.0890550099629027
6315	0.363777240928913	-0.208587222549846
6316	-1.62868495311718	-0.350581427918771
6317	6.9468070560279	0.387569636448129
6318	-0.320015776978275	-0.25590040741575
6319	5.34378884586512	0.104617546797394
6320	6.32655157710804	0.308273553614278
6321	9.89014851630298	0.677867459798879
6322	7.6332005846152	0.156430011395697
6323	4.38303547533982	0.144615141600767
6324	0.722194958329392	-0.182075581331216
6325	7.85746985167533	0.428817330425552
6326	5.87207848473772	0.112615075036638
6327	4.9869085969998	0.172796959934315
6328	1.41527301647559	-0.146241539176646
6329	0.380576755278162	-0.124056684381829
6330	5.50000341126558	0.26163104761801
6331	6.01878726025075	0.239733295122986
6332	-1.25301640912889	-0.283346265063953
6333	0.489479340289447	-0.326978065571356
6334	3.67675774278389	0.311104787137949
6335	10.7564981171972	0.611434435355386
6336	3.10420942118442	0.264132318514071
6337	5.12885672243312	0.225052569349495
6338	4.25577287807814	0.188409179176886
6339	9.51695312516895	0.670781727969221
6340	4.97790831229541	0.169089897789258
6341	3.36473809271818	0.353127639709974
6342	8.57166123582939	0.267756195561671
6343	-1.46352073935419	-0.113327800711904
6344	1.17093031712545	-0.0930509064744169
6345	5.51987527026427	0.402010899987213
6346	2.92921197445074	0.111223169560331
6347	5.27585431224622	-0.18030563572675
6348	7.99517047483296	0.420282299326537
6349	-2.31274937607482	-0.254005451013136
6350	6.09332831950654	0.544111590481567
6351	7.27611386265936	0.281525175568238
6352	5.64879480072828	0.221121433733546
6353	2.30919107955057	-0.0188548518220128
6354	2.57885305050109	0.111812243774989
6355	2.03037105120919	0.16152348930363
6356	-0.979988259671014	-0.174274666497137
6357	7.3556248410648	0.192194962036375
6358	-1.3392244410917	-0.285225701570364
6359	-0.435782502973813	-0.0724663930536874
6360	5.2909754756972	-0.140825464334861
6361	3.26768652644564	-0.0650747284169481
6362	9.26383503353843	0.576211604619439
6363	6.47178997731563	0.104566032690733
6364	10.1326639801678	0.455258750089454
6365	8.32894232197286	0.561001694349133
6366	8.36969544311348	0.0697739980357395
6367	-0.744352294156173	-0.297275114655976
6368	0.176860599782797	-0.0118040301562777
6369	7.39591215553284	0.396143761969225
6370	3.46646068043498	-0.00956816619491811
6371	11.1809262679119	0.298094864050802
6372	9.2989793838667	0.518966343559704
6373	10.1875775873683	0.535271196855876
6374	3.54200550161921	0.0469041498682857
6375	2.89792494252289	0.035487161115527
6376	9.67589305531378	0.576580762954453
6377	8.30706836619223	0.312702236008722
6378	12.0434338018991	0.414377392403085
6379	8.31842623588073	0.271709417983575
6380	12.2527961347413	0.584604607518159
6381	0.0621150180741119	-0.0556812222485357
6382	3.26291245876743	-0.163353268052517
6383	10.077260926972	0.567129665804657
6384	2.10557377058723	0.164569148504213
6385	10.5667360015893	0.557259399590743
6386	0.952814259871516	-0.165524662927257
6387	11.0264112525838	0.432266057993672
6388	6.16182271281429	0.396955947444208
6389	9.46427431168132	0.627311109842064
6390	3.71954004943786	0.211125546807693
6391	7.18671848980617	0.383553400121008
6392	4.47088475688388	0.0443253795532814
6393	-1.25301883204675	-0.25832884291073
6394	11.7883713990251	0.610054662833228
6395	-0.0173755688770831	-0.0667118016228675
6396	3.9909090801482	0.256231331579124
6397	3.20664267301305	-0.248359722221678
6398	7.0543894547932	0.518853363207131
6399	3.63951363795564	-0.030217452068935
6400	7.63206394165678	0.458270715528591
6401	0.933196336220535	-0.087841301333035
6402	3.83277344408565	0.0276460468461146
6403	4.20298313540266	0.245079447812542
6404	13.0890550842129	0.608340785558148
6405	2.07919871608019	-0.156979449650827
6406	8.13973945137633	0.597705655430399
6407	11.3109613281212	0.647842948081841
6408	8.40622292010059	0.340342275545709
6409	7.70093123009355	0.306021926737204
6410	-0.869341528701938	-0.308516691345093
6411	4.49525723569331	-0.152329588406026
6412	1.89836750317081	-0.18419544929469
6413	6.00179299880979	0.368749678292565
6414	-0.820155155790156	0.0406227800467937
6415	10.4879588762689	0.458460096142482
6416	4.88252368699216	0.163671288386332
6417	7.57904157297518	0.401891393688126
6418	12.7905455593364	0.699004142788963
6419	5.20286454340831	0.0362156730511673
6420	9.51714529827255	0.466696656689948
6421	12.0544175164873	0.637043242243223
6422	3.10998285685403	-0.145648369145582
6423	6.96921515976092	0.330458982609273
6424	-3.47204224019094	-0.23944126840459
6425	3.44629952051981	-0.0859868291991268
6426	3.52111163146665	0.0428004500295346
6427	-1.15090701550391	-0.360939953218183
6428	0.647150717041725	0.0387642398314255
6429	8.4799900384284	0.566618608686879
6430	3.92007108065157	-0.00677304184038169
6431	7.50232048871051	0.146752397870751
6432	5.98921445041507	0.274014818680689
6433	5.6978389077052	0.159167345919602
6434	1.12700113576673	-0.173730661566128
6435	6.17436070962664	0.520779579027373
6436	6.19161173170902	0.348649401543636
6437	7.74229842129755	0.484888881670891
6438	0.176696717231899	-0.258518297572197
6439	9.8845820964505	0.408490820803868
6440	5.46164465263741	0.0700545340280701
6441	8.5223083368831	0.513817722171199
6442	6.25799896556609	0.32546148652761
6443	9.78911989828251	0.472640849803828
6444	6.74976213704334	0.223613296950552
6445	3.97912357327344	0.198356236410578
6446	7.0572844663492	0.479598855727838
6447	0.00913835227917714	-0.350171842980375
6448	6.26382662946961	0.14149874481301
6449	7.56307243974195	0.417809504891016
6450	9.07499413069979	0.374933445086786
6451	5.52764722636056	0.141920719361898
6452	8.11046093548606	0.557431452760318
6453	4.93940466953885	0.0991092921161102
6454	-0.321158867783989	-0.110276209678904
6455	2.71419596914147	-0.298883891848637
6456	4.15439371908288	-0.267701225518745
6457	2.06081753325998	-0.0328539511708653
6458	3.13534190568576	0.186348441777627
6459	8.08350017189722	0.34165002502184
6460	3.61185303849989	0.0652404587356869
6461	14.7577466121226	0.613397384079086
6462	2.44476046765507	-0.0574086575728757
6463	5.88826744001823	0.121822839325809
6464	3.04474040781165	-0.0153892925969077
6465	5.32389918708107	0.329588836126161
6466	2.47378596763627	-0.0959566295221106
6467	1.1326257215254	0.14292337256456
6468	11.1268377708767	0.45463553135016
6469	0.317469648841269	-0.284186958675027
6470	13.8490793011679	0.572717640345539
6471	4.01989431193118	-0.00815528941385553
6472	7.65339134041168	0.53385078276426
6473	4.38165457688311	8.85828353839751e-05
6474	1.1371039062817	-0.0138941763177015
6475	2.20894814040502	0.140546792818282
6476	10.2892725011752	0.590999085944297
6477	8.48548990112927	0.560821912655707
6478	3.68208522494342	0.046998401143992
6479	8.4765310343228	0.466561771920796
6480	9.34837407423894	0.665112369514842
6481	3.07857635164949	0.0953856038903179
6482	7.2798189143299	0.396362842989146
6483	6.15610641991942	0.0578357898254604
6484	-0.142907778321387	-0.0230178666426034
6485	9.27293815158678	0.444644462502098
6486	2.0982078041663	-0.155885050240284
6487	9.65965434419219	0.394853428652027
6488	-0.148064794940074	-0.243625921962012
6489	2.68589978734744	-0.109527450660822
6490	1.25385013463343	-0.220214957545198
6491	0.79051291917728	-0.11587412129288
6492	2.12294813924888	-0.311605908169031
6493	9.02826433377465	0.320292449059826
6494	10.9156578513234	0.573744402164125
6495	11.5206430384198	0.468288395326256
6496	9.68467876178348	0.488213234359834
6497	1.91010902651787	0.117716071495622
6498	2.77447815608451	0.0687651302626323
6499	6.28121768345242	0.502903180420687
6500	5.31239821044149	0.279828943401836
6501	5.61595378247751	0.333762967400471
6502	3.32259900951617	0.00714441766960827
6503	0.421278453547899	-0.0826944183897194
6504	11.2282662788883	0.699846848511562
6505	5.29274988542538	0.310765569239439
6506	5.09307216135443	-0.144494078900064
6507	1.98588312896555	-0.235306359185848
6508	6.55776487074047	0.142460607491499
6509	10.8572643536451	0.625527829728716
6510	9.5494837667534	0.273142983174542
6511	9.44257543115604	0.681959303159911
6512	6.85822068188835	0.417244903607906
6513	6.14528742208058	0.010967780952936
6514	2.87629157998856	0.0919347000723763
6515	0.363777240928913	-0.214899419460287
6516	-1.62868495311718	-0.361278737392758
6517	6.9468070560279	0.399668155140091
6518	-0.320015776978275	-0.263673745932905
6519	5.34378884586512	0.107977844376843
6520	6.32655157710804	0.317923224142532
6521	9.89014851630298	0.698931053009467
6522	7.6332005846152	0.161390398844081
6523	4.38303547533982	0.149210658286716
6524	0.722194958329392	-0.187569036866359
6525	7.85746985167533	0.442189674205008
6526	5.87207848473772	0.116222354959262
6527	4.9869085969998	0.17826279696409
6528	1.41527301647559	-0.150628355831376
6529	0.380576755278162	-0.127758380927407
6530	5.50000341126558	0.269840288668822
6531	6.01878726025075	0.247266282453937
6532	-1.25301640912889	-0.291967195740787
6533	0.489479340289447	-0.336946448111299
6534	3.67675774278389	0.320841892767254
6535	10.7564981171972	0.630446421675646
6536	3.10420942118442	0.272418804649656
6537	5.12885672243312	0.232132181594723
6538	4.25577287807814	0.194357157985388
6539	9.51695312516895	0.691626497238456
6540	4.97790831229541	0.174441252085432
6541	3.36473809271818	0.364162509133871
6542	8.57166123582939	0.276154595480843
6543	-1.46352073935419	-0.116698164281946
6544	1.17093031712545	-0.0957950722116707
6545	5.51987527026427	0.414555398612047
6546	2.92921197445074	0.114787464192284
6547	5.27585431224622	-0.185744431209486
6548	7.99517047483296	0.433391061419647
6549	-2.31274937607482	-0.261720268852586
6550	6.09332831950654	0.561044490179223
6551	7.27611386265936	0.290348793735275
6552	5.64879480072828	0.228079643333266
6553	2.30919107955057	-0.0193076701724032
6554	2.57885305050109	0.115394730393952
6555	2.03037105120919	0.16664117524112
6556	-0.979988259671014	-0.179527211570073
6557	7.3556248410648	0.198259854657922
6558	-1.3392244410917	-0.293904673634275
6559	-0.435782502973813	-0.0745748609596022
6560	5.2909754756972	-0.145045019954029
6561	3.26768652644564	-0.0669549244621918
6562	9.26383503353843	0.594135827694836
6563	6.47178997731563	0.107924739394303
6564	10.1326639801678	0.469447666638657
6565	8.32894232197286	0.578456199886103
6566	8.36969544311348	0.0720582454831691
6567	-0.744352294156173	-0.306326200726708
6568	0.176860599782797	-0.0120391026726785
6569	7.39591215553284	0.408507069674557
6570	3.46646068043498	-0.00973419001231132
6571	11.1809262679119	0.307430192882019
6572	9.2989793838667	0.53512269932795
6573	10.1875775873683	0.551931084559458
6574	3.54200550161921	0.0484821230120215
6575	2.89792494252289	0.0367125509923082
6576	9.67589305531378	0.594516386501078
6577	8.30706836619223	0.322488674588584
6578	12.0434338018991	0.427303797184717
6579	8.31842623588073	0.280229902640386
6580	12.2527961347413	0.602788026117496
6581	0.0621150180741119	-0.0572713248930815
6582	3.26291245876743	-0.168268534844227
6583	10.077260926972	0.584773417406626
6584	2.10557377058723	0.169780891508257
6585	10.5667360015893	0.574598334328759
6586	0.952814259871516	-0.170506987462069
6587	11.0264112525838	0.445744906531881
6588	6.16182271281429	0.409344337333148
6589	9.46427431168132	0.64681340493639
6590	3.71954004943786	0.217775060082599
6591	7.18671848980617	0.395527888058825
6592	4.47088475688388	0.0458237142492548
6593	-1.25301883204675	-0.266177177185431
6594	11.7883713990251	0.629024038556767
6595	-0.0173755688770831	-0.0686425543106451
6596	3.9909090801482	0.264273816792399
6597	3.20664267301305	-0.255900186775446
6598	7.0543894547932	0.535006229878324
6599	3.63951363795564	-0.0310211740422434
6600	7.63206394165678	0.472552648602334
6601	0.933196336220535	-0.0903322972095114
6602	3.83277344408565	0.0286053728700487
6603	4.20298313540266	0.252534855329935
6604	13.0890550842129	0.626649057644324
6605	2.07919871608019	-0.161536029948938
6606	8.13973945137633	0.615696190353395
6607	11.3109613281212	0.667331394261698
6608	8.40622292010059	0.350643773357884
6609	7.70093123009355	0.315298063304266
6610	-0.869341528701938	-0.31760062699415
6611	4.49525723569331	-0.156747248568383
6612	1.89836750317081	-0.189565139955913
6613	6.00179299880979	0.379899881052742
6614	-0.820155155790156	0.0419698014110749
6615	10.4879588762689	0.472290504347522
6616	4.88252368699216	0.168694530304904
6617	7.57904157297518	0.414031744618205
6618	12.7905455593364	0.720021090517538
6619	5.20286454340831	0.0374310268516486
6620	9.51714529827255	0.480773141938829
6621	12.0544175164873	0.656209034364775
6622	3.10998285685403	-0.149866419935145
6623	6.96921515976092	0.340465205288679
6624	-3.47204224019094	-0.246461493627272
6625	3.44629952051981	-0.0884224205146862
6626	3.52111163146665	0.0442125318749142
6627	-1.15090701550391	-0.371590096173785
6628	0.647150717041725	0.0400557350960171
6629	8.4799900384284	0.583680381110005
6630	3.92007108065157	-0.00684202703286727
6631	7.50232048871051	0.151270167809951
6632	5.98921445041507	0.282334704821732
6633	5.6978389077052	0.164056027199488
6634	1.12700113576673	-0.178787704245972
6635	6.17436070962664	0.536471855913356
6636	6.19161173170902	0.359199084626423
6637	7.74229842129755	0.499508881280943
6638	0.176696717231899	-0.266108471733612
6639	9.8845820964505	0.420828337469126
6640	5.46164465263741	0.0722808640519593
6641	8.5223083368831	0.529302005302393
6642	6.25799896556609	0.335318403066996
6643	9.78911989828251	0.486894924892674
6644	6.74976213704334	0.230427377676704
6645	3.97912357327344	0.204415732409528
6646	7.0572844663492	0.494060809520293
6647	0.00913835227917714	-0.360500275833829
6648	6.26382662946961	0.145859555617828
6649	7.56307243974195	0.430425428328062
6650	9.07499413069979	0.386268395235604
6651	5.52764722636056	0.146294137158307
6652	8.11046093548606	0.574218747971908
6653	4.93940466953885	0.102203667598856
6654	-0.321158867783989	-0.113437475128801
6655	2.71419596914147	-0.307680036154409
6656	4.15439371908288	-0.275565750575764
6657	2.06081753325998	-0.0337021345531473
6658	3.13534190568576	0.192049190628505
6659	8.08350017189722	0.351990593405198
6660	3.61185303849989	0.067322962533817
6661	14.7577466121226	0.631856728060957
6662	2.44476046765507	-0.0589904420170298
6663	5.88826744001823	0.125595809049476
6664	3.04474040781165	-0.0157156985298761
6665	5.32389918708107	0.339569062144334
6666	2.47378596763627	-0.0986900804815138
6667	1.1326257215254	0.147326745818067
6668	11.1268377708767	0.468351676132665
6669	0.317469648841269	-0.292544014620063
6670	13.8490793011679	0.589961628594337
6671	4.01989431193118	-0.00826557089679838
6672	7.65339134041168	0.549933577410234
6673	4.38165457688311	0.000224596842070118
6674	1.1371039062817	-0.0141759138733702
6675	2.20894814040502	0.144879162924899
6676	10.2892725011752	0.608789254126353
6677	8.48548990112927	0.577710501889663
6678	3.68208522494342	0.0485359017724282
6679	8.4765310343228	0.480634227326751
6680	9.34837407423894	0.685116760202189
6681	3.07857635164949	0.0983687297579471
6682	7.2798189143299	0.408338021890817
6683	6.15610641991942	0.0596970703319567
6684	-0.142907778321387	-0.0235721852994654
6685	9.27293815158678	0.458062112218272
6686	2.0982078041663	-0.160408934054204
6687	9.65965434419219	0.406783512004911
6688	-0.148064794940074	-0.250771168687417
6689	2.68589978734744	-0.112666346044395
6690	1.25385013463343	-0.226660773861033
6691	0.79051291917728	-0.119202631011026
6692	2.12294813924888	-0.320782137845363
6693	9.02826433377465	0.32999493445623
6694	10.9156578513234	0.591019066143599
6695	11.5206430384198	0.482412435660289
6696	9.68467876178348	0.502932552960824
6697	1.91010902651787	0.121366346645314
6698	2.77447815608451	0.0709529378152681
6699	6.28121768345242	0.518061378634109
6700	5.31239821044149	0.288322533434892
6701	5.61595378247751	0.343867900555643
6702	3.32259900951617	0.00749123313496535
6703	0.421278453547899	-0.0850316450159864
6704	11.2282662788883	0.720888973076008
6705	5.29274988542538	0.320183427768874
6706	5.09307216135443	-0.148677643895501
6707	1.98588312896555	-0.242203049077098
6708	6.55776487074047	0.146850155087983
6709	10.8572643536451	0.644349585203678
6710	9.5494837667534	0.28143682219278
6711	9.44257543115604	0.702467016029531
6712	6.85822068188835	0.429843958910019
6713	6.14528742208058	0.0114288239443181
6714	2.87629157998856	0.0948147260835539
6715	0.363777240928913	-0.221186427752941
6716	-1.62868495311718	-0.371939001928563
6717	6.9468070560279	0.41174208417398
6718	-0.320015776978275	-0.271417945246563
6719	5.34378884586512	0.111337178407626
6720	6.32655157710804	0.327554926126312
6721	9.89014851630298	0.719945817093939
6722	7.6332005846152	0.166345496474434
6723	4.38303547533982	0.153801871679972
6724	0.722194958329392	-0.193039517469208
6725	7.85746985167533	0.455533984200808
6726	5.87207848473772	0.119828003550636
6727	4.9869085969998	0.183721977558194
6728	1.41527301647559	-0.15499518964693
6729	0.380576755278162	-0.131441947038601
6730	5.50000341126558	0.278035455760107
6731	6.01878726025075	0.254787024257507
6732	-1.25301640912889	-0.300556695522846
6733	0.489479340289447	-0.346879756561277
6734	3.67675774278389	0.330560793447988
6735	10.7564981171972	0.649415125935745
6736	3.10420942118442	0.280691007973044
6737	5.12885672243312	0.239200774132934
6738	4.25577287807814	0.200297176759435
6739	9.51695312516895	0.712423029030414
6740	4.97790831229541	0.179786259480513
6741	3.36473809271818	0.375175664758941
6742	8.57166123582939	0.28453840999908
6743	-1.46352073935419	-0.120051293264599
6744	1.17093031712545	-0.0985236964542503
6745	5.51987527026427	0.427074101753211
6746	2.92921197445074	0.118350243715175
6747	5.27585431224622	-0.191160399547945
6748	7.99517047483296	0.446472502392431
6749	-2.31274937607482	-0.269406105714785
6750	6.09332831950654	0.577939729181453
6751	7.27611386265936	0.299156676810529
6752	5.64879480072828	0.235027161470374
6753	2.30919107955057	-0.0197511422963957
6754	2.57885305050109	0.118975652716968
6755	2.03037105120919	0.171753146062194
6756	-0.979988259671014	-0.184757433076349
6757	7.3556248410648	0.204316471137364
6758	-1.3392244410917	-0.302552057873055
6759	-0.435782502973813	-0.0766695061493354
6760	5.2909754756972	-0.149245044968803
6761	3.26768652644564	-0.0688219149850609
6762	9.26383503353843	0.61201970976788
6763	6.47178997731563	0.111282486850563
6764	10.1326639801678	0.483606341582115
6765	8.32894232197286	0.59587163442726
6766	8.36969544311348	0.0743444387702177
6767	-0.744352294156173	-0.315344692862927
6768	0.176860599782797	-0.0122654176965702
6769	7.39591215553284	0.420845071794155
6770	3.46646068043498	-0.00989164302875386
6771	11.1809262679119	0.316748403075307
6772	9.2989793838667	0.551243493994224
6773	10.1875775873683	0.568554049728294
6774	3.54200550161921	0.0500639515961696
6775	2.89792494252289	0.0379427496123232
6776	9.67589305531378	0.612411638221138
6777	8.30706836619223	0.332256774835096
6778	12.0434338018991	0.440203373897609
6779	8.31842623588073	0.28873547180764
6780	12.2527961347413	0.620930402910309
6781	0.0621150180741119	-0.0588490063600679
6782	3.26291245876743	-0.17316238999099
6783	10.077260926972	0.602377586335613
6784	2.10557377058723	0.174986665087542
6785	10.5667360015893	0.591898510547413
6786	0.952814259871516	-0.175467719043456
6787	11.0264112525838	0.459195433322437
6788	6.16182271281429	0.421707353819987
6789	9.46427431168132	0.666271092290123
6790	3.71954004943786	0.22441471653767
6791	7.18671848980617	0.407478121688764
6792	4.47088475688388	0.0473261197094069
6793	-1.25301883204675	-0.273996169485619
6794	11.7883713990251	0.647950247429249
6795	-0.0173755688770831	-0.0705599647826922
6796	3.9909090801482	0.272302678914992
6797	3.20664267301305	-0.263412141762535
6798	7.0543894547932	0.551123544881248
6799	3.63951363795564	-0.031814601027698
6800	7.63206394165678	0.486804088575368
6801	0.933196336220535	-0.0928084430146334
6802	3.83277344408565	0.029570219550112
6803	4.20298313540266	0.259978218579563
6804	13.0890550842129	0.644915940119642
6805	2.07919871608019	-0.166072174988193
6806	8.13973945137633	0.633646194803323
6807	11.3109613281212	0.686775259727238
6808	8.40622292010059	0.36092553128464
6809	7.70093123009355	0.324557232486879
6810	-0.869341528701938	-0.326651885750337
6811	4.49525723569331	-0.161144849101658
6812	1.89836750317081	-0.194912196767998
6813	6.00179299880979	0.391028049092093
6814	-0.820155155790156	0.0433212951319597
6815	10.4879588762689	0.486091630754447
6816	4.88252368699216	0.173712304351602
6817	7.57904157297518	0.426147383540041
6818	12.7905455593364	0.740989324576659
6819	5.20286454340831	0.0386512090280875
6820	9.51714529827255	0.494819680015469
6821	12.0544175164873	0.675331118204718
6822	3.10998285685403	-0.154064950824605
6823	6.96921515976092	0.350452486484786
6824	-3.47204224019094	-0.253454622077439
6825	3.44629952051981	-0.0908433115687262
6826	3.52111163146665	0.0456289101581686
6827	-1.15090701550391	-0.3822033273278
6828	0.647150717041725	0.0413518528556791
6829	8.4799900384284	0.600704134365169
6830	3.92007108065157	-0.00690271109175068
6831	7.50232048871051	0.155783836636124
6832	5.98921445041507	0.29064020920875
6833	5.6978389077052	0.168939604449515
6834	1.12700113576673	-0.183822958453695
6835	6.17436070962664	0.55212981664602
6836	6.19161173170902	0.369728356749176
6837	7.74229842129755	0.514097464096121
6838	0.176696717231899	-0.273670008022736
6839	9.8845820964505	0.433140609004575
6840	5.46164465263741	0.0745092888468721
6841	8.5223083368831	0.544752534679997
6842	6.25799896556609	0.345156781835843
6843	9.78911989828251	0.501118572619486
6844	6.74976213704334	0.237231148235301
6845	3.97912357327344	0.210466958582214
6846	7.0572844663492	0.508491773862076
6847	0.00913835227917714	-0.370792666766017
6848	6.26382662946961	0.150216689715509
6849	7.56307243974195	0.44301535384398
6850	9.07499413069979	0.397580811120321
6851	5.52764722636056	0.150663844159207
6852	8.11046093548606	0.590968766181615
6853	4.93940466953885	0.105297790721907
6854	-0.321158867783989	-0.116582078147991
6855	2.71419596914147	-0.316444281733818
6856	4.15439371908288	-0.283400895935962
6857	2.06081753325998	-0.0345399099075532
6858	3.13534190568576	0.197742639678874
6859	8.08350017189722	0.362311316259202
6860	3.61185303849989	0.0694079499984475
6861	14.7577466121226	0.650274273944739
6862	2.44476046765507	-0.0605598348302952
6863	5.88826744001823	0.129366691544811
6864	3.04474040781165	-0.0160331072825994
6865	5.32389918708107	0.349530416972258
6866	2.47378596763627	-0.101408025788951
6867	1.1326257215254	0.151726327278724
6868	11.1268377708767	0.482038848076897
6869	0.317469648841269	-0.300870359101186
6870	13.8490793011679	0.607167104977058
6871	4.01989431193118	-0.00836743958402402
6872	7.65339134041168	0.565980999971747
6873	4.38165457688311	0.000368357679686069
6874	1.1371039062817	-0.0144487750287823
6875	2.20894814040502	0.149207933225924
6876	10.2892725011752	0.626539433612188
6877	8.48548990112927	0.594561540230193
6878	3.68208522494342	0.0500773597156261
6879	8.4765310343228	0.494676746456863
6880	9.34837407423894	0.705075175099431
6881	3.07857635164949	0.101351904076613
6882	7.2798189143299	0.420288935397193
6883	6.15610641991942	0.0615614326763719
6884	-0.142907778321387	-0.0241168905169339
6885	9.27293815158678	0.471451596204757
6886	2.0982078041663	-0.164912471018143
6887	9.65965434419219	0.418689451897528
6888	-0.148064794940074	-0.25788898059141
6889	2.68589978734744	-0.115788639484268
6890	1.25385013463343	-0.233081046563553
6891	0.79051291917728	-0.122514026082333
6892	2.12294813924888	-0.329925441072601
6893	9.02826433377465	0.339679299652485
6894	10.9156578513234	0.608255135312088
6895	11.5206430384198	0.496506400236647
6896	9.68467876178348	0.517620186215736
6897	1.91010902651787	0.125014866323727
6898	2.77447815608451	0.0731429443008406
6899	6.28121768345242	0.53318670480344
6900	5.31239821044149	0.296801272031448
6901	5.61595378247751	0.35395362532169
6902	3.32259900951617	0.00784522543969934
6903	0.421278453547899	-0.0873544373515785
6904	11.2282662788883	0.741882315894697
6905	5.29274988542538	0.329583935708155
6906	5.09307216135443	-0.152841782237871
6907	1.98588312896555	-0.249072976226231
6908	6.55776487074047	0.151235948275172
6909	10.8572643536451	0.663128562646679
6910	9.5494837667534	0.289716349886488
6911	9.44257543115604	0.722927392163091
6912	6.85822068188835	0.442417061901193
6913	6.14528742208058	0.0118967349122952
6914	2.87629157998856	0.0976950793201543
6915	0.363777240928913	-0.227448321837428
6916	-1.62868495311718	-0.382562327294777
6917	6.9468070560279	0.423791480799519
6918	-0.320015776978275	-0.27913309021531
6919	5.34378884586512	0.114695543650396
6920	6.32655157710804	0.337168699303054
6921	9.89014851630298	0.740911873413368
6922	7.6332005846152	0.171295310490028
6923	4.38303547533982	0.158388785374534
6924	0.722194958329392	-0.198487091694371
6925	7.85746985167533	0.468850326772097
6926	5.87207848473772	0.123432017337645
6927	4.9869085969998	0.189174511534488
6928	1.41527301647559	-0.159342101264083
6929	0.380576755278162	-0.135107438456731
6930	5.50000341126558	0.286216578328455
6931	6.01878726025075	0.262295545134235
6932	-1.25301640912889	-0.309114855330049
6933	0.489479340289447	-0.356778091477152
6934	3.67675774278389	0.340261529542857
6935	10.7564981171972	0.668340654825237
6936	3.10420942118442	0.28894895847322
6937	5.12885672243312	0.246258368322473
6938	4.25577287807814	0.206229248764797
6939	9.51695312516895	0.733171443141307
6940	4.97790831229541	0.185124928973671
6941	3.36473809271818	0.386167156228501
6942	8.57166123582939	0.29290766990569
6943	-1.46352073935419	-0.123387241031744
6944	1.17093031712545	-0.101236828095949
6945	5.51987527026427	0.439567069849737
6946	2.92921197445074	0.121911504348492
6947	5.27585431224622	-0.19655360890585
6948	7.99517047483296	0.4595266867191
6949	-2.31274937607482	-0.277063046039826
6950	6.09332831950654	0.594797399309774
6951	7.27611386265936	0.307948858624142
6952	5.64879480072828	0.241964008635036
6953	2.30919107955057	-0.0201853007018211
6954	2.57885305050109	0.12255500709362
6955	2.03037105120919	0.176859409095005
6956	-0.979988259671014	-0.189965397847767
6957	7.3556248410648	0.21036482557655
6958	-1.3392244410917	-0.311167945621689
6959	-0.435782502973813	-0.0787503729706563
6960	5.2909754756972	-0.153425598823837
6961	3.26768652644564	-0.0706757427008989
6962	9.26383503353843	0.629863349749274
6963	6.47178997731563	0.114639269808791
6964	10.1326639801678	0.497734847118476
6965	8.32894232197286	0.613248093524245
6966	8.36969544311348	0.076632564962454
6967	-0.744352294156173	-0.324330685060693
6968	0.176860599782797	-0.0124830061786321
6969	7.39591215553284	0.433157827471312
6970	3.46646068043498	-0.0100405557011415
6971	11.1809262679119	0.326049532120171
6972	9.2989793838667	0.567328813826793
6973	10.1875775873683	0.58514018223153
6974	3.54200550161921	0.0516496176355658
6975	2.89792494252289	0.0391777364690018
6976	9.67589305531378	0.630266617106863
6977	8.30706836619223	0.342006577463756
6978	12.0434338018991	0.453076185711895
6979	8.31842623588073	0.297226157147701
6980	12.2527961347413	0.639031838660868
6981	0.0621150180741119	-0.0604143072903123
6982	3.26291245876743	-0.178034897912652
6983	10.077260926972	0.619942269496603
6984	2.10557377058723	0.180186477242842
6985	10.5667360015893	0.609160022971876
6986	0.952814259871516	-0.180406922570809
6987	11.0264112525838	0.472617705486125
6988	6.16182271281429	0.434045056227385
6989	9.46427431168132	0.685684282099129
6990	3.71954004943786	0.231044534455514
6991	7.18671848980617	0.419404157373577
6992	4.47088475688388	0.0488325773790599
6993	-1.25301883204675	-0.281785905206192
6994	11.7883713990251	0.666833395835507
6995	-0.0173755688770831	-0.0724640761158949
6996	3.9909090801482	0.280317946190983
6997	3.20664267301305	-0.270895670376195
6998	7.0543894547932	0.567205394459221
6999	3.63951363795564	-0.0325977680425235
7000	7.63206394165678	0.501025108311528
7001	0.933196336220535	-0.0952697858068109
7002	3.83277344408565	0.0305405645039395
7003	4.20298313540266	0.2674095616378
7004	13.0890550842129	0.663141534678096
7005	2.07919871608019	-0.170587946599669
7006	8.13973945137633	0.651555768201781
7007	11.3109613281212	0.706174654612832
7008	8.40622292010059	0.371187593757046
7009	7.70093123009355	0.333799471382921
7010	-0.869341528701938	-0.335670561823512
7011	4.49525723569331	-0.165522450843395
7012	1.89836750317081	-0.200236687377232
7013	6.00179299880979	0.402134232911462
7014	-0.820155155790156	0.0446772415998064
7015	10.4879588762689	0.49986354503242
7016	4.88252368699216	0.178724617208414
7017	7.57904157297518	0.438238368035828
7018	12.7905455593364	0.761908966032251
7019	5.20286454340831	0.0398761990291812
7020	9.51714529827255	0.508836342348927
7021	12.0544175164873	0.694409601589865
7022	3.10998285685403	-0.158244021223941
7023	6.96921515976092	0.360420868516911
7024	-3.47204224019094	-0.260420733205688
7025	3.44629952051981	-0.0932495490234137
7026	3.52111163146665	0.0470495657349562
7027	-1.15090701550391	-0.392779752091302
7028	0.647150717041725	0.0426525731036576
7029	8.4799900384284	0.617689961231636
7030	3.92007108065157	-0.00695512375368285
7031	7.50232048871051	0.160293407416217
7032	5.98921445041507	0.298931362100703
7033	5.6978389077052	0.173818083389319
7034	1.12700113576673	-0.188836489599587
7035	6.17436070962664	0.567753544210256
7036	6.19161173170902	0.380237264117937
7037	7.74229842129755	0.528654705432595
7038	0.176696717231899	-0.281202989966332
7039	9.8845820964505	0.445427694402503
7040	5.46164465263741	0.076739795091815
7041	8.5223083368831	0.560169391801372
7042	6.25799896556609	0.354976664085658
7043	9.78911989828251	0.515311865683414
7044	6.74976213704334	0.244024628116069
7045	3.97912357327344	0.216509929021717
7046	7.0572844663492	0.522891822939043
7047	0.00913835227917714	-0.381049118887206
7048	6.26382662946961	0.154570149050459
7049	7.56307243974195	0.455579342422169
7050	9.07499413069979	0.40887074456306
7051	5.52764722636056	0.155029842399166
7052	8.11046093548606	0.607681598205696
7053	4.93940466953885	0.108391654372366
7054	-0.321158867783989	-0.119710070588525
7055	2.71419596914147	-0.325176720738492
7056	4.15439371908288	-0.291206747088208
7057	2.06081753325998	-0.035367312543411
7058	3.13534190568576	0.203428800456122
7059	8.08350017189722	0.372612238294347
7060	3.61185303849989	0.0714954067799669
7061	14.7577466121226	0.668650124504863
7062	2.44476046765507	-0.0621168765685749
7063	5.88826744001823	0.133135484552093
7064	3.04474040781165	-0.0163415504327528
7065	5.32389918708107	0.359472942743325
7066	2.47378596763627	-0.104110514236825
7067	1.1326257215254	0.156122119195335
7068	11.1268377708767	0.495697116034832
7069	0.317469648841269	-0.309166081129751
7070	13.8490793011679	0.62433416357614
7071	4.01989431193118	-0.00846092550752661
7072	7.65339134041168	0.581993136226604
7073	4.38165457688311	0.000519837077696113
7074	1.1371039062817	-0.0147127910421532
7075	2.20894814040502	0.15353310546236
7076	10.2892725011752	0.644249722390416
7077	8.48548990112927	0.611375119217986
7078	3.68208522494342	0.0516227567262152
7079	8.4765310343228	0.508689400711369
7080	9.34837407423894	0.724987728030878
7081	3.07857635164949	0.104335118937781
7082	7.2798189143299	0.43221563990919
7083	6.15610641991942	0.0634288609269476
7084	-0.142907778321387	-0.0246520155026724
7085	9.27293815158678	0.484812981178746
7086	2.0982078041663	-0.16939572272934
7087	9.65965434419219	0.43057130440828
7088	-0.148064794940074	-0.264979438018718
7089	2.68589978734744	-0.118894382672502
7090	1.25385013463343	-0.23947585099529
7091	0.79051291917728	-0.125808359554953
7092	2.12294813924888	-0.339035912720673
7093	9.02826433377465	0.349345584795634
7094	10.9156578513234	0.625452703971418
7095	11.5206430384198	0.510570360824496
7096	9.68467876178348	0.532276210151048
7097	1.91010902651787	0.128661627393652
7098	2.77447815608451	0.0753351361228508
7099	6.28121768345242	0.548279238093945
7100	5.31239821044149	0.30526519069276
7101	5.61595378247751	0.364020184723888
7102	3.32259900951617	0.0082063678208864
7103	0.421278453547899	-0.0896628413551773
7104	11.2282662788883	0.762826998213616
7105	5.29274988542538	0.338967131168731
7106	5.09307216135443	-0.156986553090518
7107	1.98588312896555	-0.255916219200344
7108	6.55776487074047	0.15561798920299
7109	10.8572643536451	0.681864867424045
7110	9.5494837667534	0.297981596328339
7111	9.44257543115604	0.743340548984566
7112	6.85822068188835	0.454964273444191
7113	6.14528742208058	0.0123714879108771
7114	2.87629157998856	0.100575751136293
7115	0.363777240928913	-0.233685175920516
7116	-1.62868495311718	-0.393148818974862
7117	6.9468070560279	0.435816402123868
7118	-0.320015776978275	-0.286819265467468
7119	5.34378884586512	0.118052934887191
7120	6.32655157710804	0.346764583313573
7121	9.89014851630298	0.761829343018064
7122	7.6332005846152	0.176239847085496
7123	4.38303547533982	0.162971402962602
7124	0.722194958329392	-0.203911827908966
7125	7.85746985167533	0.482138768111558
7126	5.87207848473772	0.127034392863919
7127	4.9869085969998	0.194620408692711
7128	1.41527301647559	-0.163669151156882
7129	0.380576755278162	-0.138754910769242
7130	5.50000341126558	0.294383685740856
7131	6.01878726025075	0.269791869627752
7132	-1.25301640912889	-0.317641765836144
7133	0.489479340289447	-0.366641553143335
7134	3.67675774278389	0.349944141316304
7135	10.7564981171972	0.687223114761398
7136	3.10420942118442	0.297192686068125
7137	5.12885672243312	0.253304985473288
7138	4.25577287807814	0.212153387240077
7139	9.51695312516895	0.753871859060689
7140	4.97790831229541	0.190457269548097
7141	3.36473809271818	0.397137033063262
7142	8.57166123582939	0.301262405916833
7143	-1.46352073935419	-0.126706060807602
7144	1.17093031712545	-0.10393451589465
7145	5.51987527026427	0.452034363189722
7146	2.92921197445074	0.125471242329272
7147	5.27585431224622	-0.201924127260457
7148	7.99517047483296	0.472553678712348
7149	-2.31274937607482	-0.284691174038633
7150	6.09332831950654	0.611617592152436
7151	7.27611386265936	0.316725372925134
7152	5.64879480072828	0.248890205271298
7153	2.30919107955057	-0.0206101778035896
7154	2.57885305050109	0.1261327898907
7155	2.03037105120919	0.181959971656112
7156	-0.979988259671014	-0.195151172533157
7157	7.3556248410648	0.216404932047967
7158	-1.3392244410917	-0.319752427967904
7159	-0.435782502973813	-0.0808175056473501
7160	5.2909754756972	-0.157586740800191
7161	3.26768652644564	-0.0725164502053484
7162	9.26383503353843	0.647666846297855
7163	6.47178997731563	0.117995083039677
7164	10.1326639801678	0.511833255264605
7165	8.32894232197286	0.630585672485648
7166	8.36969544311348	0.078922611167015
7167	-0.744352294156173	-0.333284271061826
7168	0.176860599782797	-0.0126918989807081
7169	7.39591215553284	0.445445395701787
7170	3.46646068043498	-0.0101809583988303
7171	11.1809262679119	0.335333617415395
7172	9.2989793838667	0.58337874487523
7173	10.1875775873683	0.601689571710162
7174	3.54200550161921	0.0532391031998648
7175	2.89792494252289	0.0404174911172084
7176	9.67589305531378	0.648081421898404
7177	8.30706836619223	0.351738123090875
7178	12.0434338018991	0.465922295639609
7179	8.31842623588073	0.305701990247497
7180	12.2527961347413	0.657092433876715
7181	0.0621150180741119	-0.0619672682103742
7182	3.26291245876743	-0.182886122852416
7183	10.077260926972	0.637467563547978
7184	2.10557377058723	0.185380335961578
7185	10.5667360015893	0.62638296608643
7186	0.952814259871516	-0.185324662765618
7187	11.0264112525838	0.486011789975271
7188	6.16182271281429	0.44635750373
7189	9.46427431168132	0.7050530842778
7190	3.71954004943786	0.237664532078407
7191	7.18671848980617	0.431306051335778
7192	4.47088475688388	0.0503430687598496
7193	-1.25301883204675	-0.289546469510378
7194	11.7883713990251	0.685673589888902
7195	-0.0173755688770831	-0.0743549312664896
7196	3.9909090801482	0.288319646797981
7197	3.20664267301305	-0.27835085558378
7198	7.0543894547932	0.583251864636927
7199	3.63951363795564	-0.0333707100044406
7200	7.63206394165678	0.515215780491115
7201	0.933196336220535	-0.0977163725133656
7202	3.83277344408565	0.0315163854155147
7203	4.20298313540266	0.274828908525476
7204	13.0890550842129	0.681325942754502
7205	2.07919871608019	-0.175083406444597
7206	8.13973945137633	0.669425009717148
7207	11.3109613281212	0.725529688771534
7208	8.40622292010059	0.381430005097227
7209	7.70093123009355	0.343024817000571
7210	-0.869341528701938	-0.344656749168739
7211	4.49525723569331	-0.169880114463902
7212	1.89836750317081	-0.205538679244799
7213	6.00179299880979	0.413218482886827
7214	-0.820155155790156	0.0460376212640473
7215	10.4879588762689	0.513606316675447
7216	4.88252368699216	0.183731475547423
7217	7.57904157297518	0.450304755544317
7218	12.7905455593364	0.782780135640237
7219	5.20286454340831	0.041105976365171
7220	9.51714529827255	0.522823200188489
7221	12.0544175164873	0.713444592071762
7222	3.10998285685403	-0.162403690379635
7223	6.96921515976092	0.370370393600968
7224	-3.47204224019094	-0.26735990624654
7225	3.44629952051981	-0.095641179410867
7226	3.52111163146665	0.0484744795187886
7227	-1.15090701550391	-0.403319475591186
7228	0.647150717041725	0.0439578758933147
7229	8.4799900384284	0.634637954252882
7230	3.92007108065157	-0.00699929466967148
7231	7.50232048871051	0.164798883216759
7232	5.98921445041507	0.307208193684789
7233	5.6978389077052	0.178691469731154
7234	1.12700113576673	-0.193828362914697
7235	6.17436070962664	0.583343121380867
7236	6.19161173170902	0.390725852825149
7237	7.74229842129755	0.543180680416564
7238	0.176696717231899	-0.288707500864395
7239	9.8845820964505	0.457689652508051
7240	5.46164465263741	0.0789723695083693
7241	8.5223083368831	0.575552657957689
7242	6.25799896556609	0.364778090967348
7243	9.78911989828251	0.529474876600497
7244	6.74976213704334	0.250807836765226
7245	3.97912357327344	0.222544657791766
7246	7.0572844663492	0.537261030750044
7247	0.00913835227917714	-0.391269735029515
7248	6.26382662946961	0.15891993556961
7249	7.56307243974195	0.468117454893659
7250	9.07499413069979	0.42013824725761
7251	5.52764722636056	0.159392133915042
7252	8.11046093548606	0.624357334629767
7253	4.93940466953885	0.111485251463622
7254	-0.321158867783989	-0.122821504158788
7255	2.71419596914147	-0.333877445070668
7256	4.15439371908288	-0.298983389289452
7257	2.06081753325998	-0.0361843776697847
7258	3.13534190568576	0.20910768446502
7259	8.08350017189722	0.382893404111449
7260	3.61185303849989	0.0735853185740378
7261	14.7577466121226	0.686984382253745
7262	2.44476046765507	-0.0636616076737433
7263	5.88826744001823	0.136902185825157
7264	3.04474040781165	-0.0166410594675378
7265	5.32389918708107	0.369396681488016
7266	2.47378596763627	-0.106797594481899
7267	1.1326257215254	0.160514123818432
7268	11.1268377708767	0.509326548685427
7269	0.317469648841269	-0.317431269475955
7270	13.8490793011679	0.64146289823481
7271	4.01989431193118	-0.00854605861288216
7272	7.65339134041168	0.597970071735184
7273	4.38165457688311	0.000679006847361297
7274	1.1371039062817	-0.0149679930820628
7275	2.20894814040502	0.157854681378269
7276	10.2892725011752	0.661920218200192
7277	8.48548990112927	0.628151330161196
7278	3.68208522494342	0.0531720746123254
7279	8.4765310343228	0.52267226131081
7280	9.34837407423894	0.744854532529836
7281	3.07857635164949	0.107318366461293
7282	7.2798189143299	0.444118191687378
7283	6.15610641991942	0.0652993392013503
7284	-0.142907778321387	-0.0251775933695944
7285	9.27293815158678	0.498146333690019
7286	2.0982078041663	-0.173858750615798
7287	9.65965434419219	0.442429125476067
7288	-0.148064794940074	-0.272042621095648
7289	2.68589978734744	-0.121983627157917
7290	1.25385013463343	-0.245845262293482
7291	0.79051291917728	-0.12908568433023
7292	2.12294813924888	-0.348113647402981
7293	9.02826433377465	0.35899382993502
7294	10.9156578513234	0.642611866183629
7295	11.5206430384198	0.524604389012332
7296	9.68467876178348	0.546900700601406
7297	1.91010902651787	0.132306626733737
7298	2.77447815608451	0.0775294997280976
7299	6.28121768345242	0.563339057470816
7300	5.31239821044149	0.313714320845063
7301	5.61595378247751	0.374067621682257
7302	3.32259900951617	0.00857463359344409
7303	0.421278453547899	-0.091956902857261
7304	11.2282662788883	0.783723140968274
7305	5.29274988542538	0.348333052169687
7306	5.09307216135443	-0.161112015453935
7307	1.98588312896555	-0.262732856352776
7308	6.55776487074047	0.159996280023351
7309	10.8572643536451	0.700558604633294
7310	9.5494837667534	0.306232591519738
7311	9.44257543115604	0.763706603617483
7312	6.85822068188835	0.467485654249719
7313	6.14528742208058	0.0128530570697715
7314	2.87629157998856	0.103456732916395
7315	0.363777240928913	-0.239897064006659
7316	-1.62868495311718	-0.403698582167909
7317	6.9468070560279	0.447816905111985
7318	-0.320015776978275	-0.2944765554017
7319	5.34378884586512	0.12140934692136
7320	6.32655157710804	0.356342617702312
7321	9.89014851630298	0.782698346648372
7322	7.6332005846152	0.181179112446844
7323	4.38303547533982	0.167549728034581
7324	0.722194958329392	-0.209313794293116
7325	7.85746985167533	0.495399374245836
7326	5.87207848473772	0.130635126689781
7327	4.9869085969998	0.200059678814515
7328	1.41527301647559	-0.167976399633085
7329	0.380576755278162	-0.142384419410114
7330	5.50000341126558	0.302536807294883
7331	6.01878726025075	0.277276022224922
7332	-1.25301640912889	-0.326137517469362
7333	0.489479340289447	-0.376470241573507
7334	3.67675774278389	0.359608668934765
7335	10.7564981171972	0.706062611889937
7336	3.10420942118442	0.305422220604833
7337	5.12885672243312	0.26034064684704
7338	4.25577287807814	0.218069605396767
7339	9.51695312516895	0.774524395972245
7340	4.97790831229541	0.195783290171044
7341	3.36473809271818	0.408085344661636
7342	8.57166123582939	0.309602648675714
7343	-1.46352073935419	-0.13000780566913
7344	1.17093031712545	-0.106616808472688
7345	5.51987527026427	0.46447604191072
7346	2.92921197445074	0.129029453912053
7347	5.27585431224622	-0.207272022403051
7348	7.99517047483296	0.485553542523761
7349	-2.31274937607482	-0.292290573693567
7350	6.09332831950654	0.628400399065024
7351	7.27611386265936	0.325486253381607
7352	5.64879480072828	0.255805771777193
7353	2.30919107955057	-0.0210258059239413
7354	2.57885305050109	0.129708997492159
7355	2.03037105120919	0.187054841050505
7356	-0.979988259671014	-0.200314823598862
7357	7.3556248410648	0.222436804594804
7358	-1.3392244410917	-0.328305595752823
7359	-0.435782502973813	-0.0828709482795506
7360	5.2909754756972	-0.161728530015769
7361	3.26768652644564	-0.074344079974672
7362	9.26383503353843	0.665430297821243
7363	6.47178997731563	0.121349921335254
7364	10.1326639801678	0.52590163785605
7365	8.32894232197286	0.647884466377632
7366	8.36969544311348	0.0812145645324896
7367	-0.744352294156173	-0.34220554435458
7368	0.176860599782797	-0.0128921268760467
7369	7.39591215553284	0.457707835334183
7370	3.46646068043498	-0.0103128814038729
7371	11.1809262679119	0.344600696269268
7372	9.2989793838667	0.599393372970971
7373	10.1875775873683	0.618202307577636
7374	3.54200550161921	0.0548323904133895
7375	2.89792494252289	0.0416619931730731
7376	9.67589305531378	0.665856151084481
7377	8.30706836619223	0.361451452233827
7378	12.0434338018991	0.478741766535091
7379	8.31842623588073	0.314163002618711
7380	12.2527961347413	0.675112288809327
7381	0.0621150180741119	-0.0635079295328613
7382	3.26291245876743	-0.187716128877309
7383	10.077260926972	0.654953564902151
7384	2.10557377058723	0.190568249217839
7385	10.5667360015893	0.643567434135095
7386	0.952814259871516	-0.190221004171944
7387	11.0264112525838	0.499377753574167
7388	6.16182271281429	0.458644755354864
7389	9.46427431168132	0.724377608459783
7390	3.71954004943786	0.244274727608392
7391	7.18671848980617	0.443183859657999
7392	4.47088475688388	0.0518575754095702
7393	-1.25301883204675	-0.297277947330342
7394	11.7883713990251	0.704470935432019
7395	-0.0173755688770831	-0.0762325730703866
7396	3.9909090801482	0.296307808847297
7397	3.20664267301305	-0.285777780127344
7398	7.0543894547932	0.599263041220983
7399	3.63951363795564	-0.0341334617319337
7400	7.63206394165678	0.529376177611374
7401	0.933196336220535	-0.10014824993088
7402	3.83277344408565	0.0324976600349889
7403	4.20298313540266	0.282236283208021
7404	13.0890550842129	0.699469265525165
7405	2.07919871608019	-0.179558616014812
7406	8.13973945137633	0.687254018265245
7407	11.3109613281212	0.744840471775798
7408	8.40622292010059	0.391652809518642
7409	7.70093123009355	0.352233306258526
7410	-0.869341528701938	-0.353610541486963
7411	4.49525723569331	-0.17421790046669
7412	1.89836750317081	-0.210818239647271
7413	6.00179299880979	0.424280849269615
7414	-0.820155155790156	0.0474024146330268
7415	10.4879588762689	0.527320015002827
7416	4.88252368699216	0.188732886030825
7417	7.57904157297518	0.462346603361176
7418	12.7905455593364	0.80360295384734
7419	5.20286454340831	0.0423405206076746
7420	9.51714529827255	0.536780324604124
7421	12.0544175164873	0.732436196927397
7422	3.10998285685403	-0.166544017375113
7423	6.96921515976092	0.380301103849731
7424	-3.47204224019094	-0.274272220219019
7425	3.44629952051981	-0.0980182491335028
7426	3.52111163146665	0.0499036324808722
7427	-1.15090701550391	-0.413822602670913
7428	0.647150717041725	0.0452677413379638
7429	8.4799900384284	0.6515482057372
7430	3.92007108065157	-0.00703525340531238
7431	7.50232048871051	0.169300267103851
7432	5.98921445041507	0.315470734076625
7433	5.6978389077052	0.183559769179908
7434	1.12700113576673	-0.198798643451318
7435	6.17436070962664	0.5988986307231
7436	6.19161173170902	0.401194168849942
7437	7.74229842129755	0.557675463984739
7438	0.176696717231899	-0.296183623790753
7439	9.8845820964505	0.469926542019591
7440	5.46164465263741	0.0812069988605729
7441	8.5223083368831	0.590902414234461
7442	6.25799896556609	0.374561103531474
7443	9.78911989828251	0.54360767770414
7444	6.74976213704334	0.257580793585589
7445	3.97912357327344	0.228571158926813
7446	7.0572844663492	0.551599471107401
7447	0.00913835227917714	-0.401454617747654
7448	6.26382662946961	0.163266051222403
7449	7.56307243974195	0.480629751937501
7450	9.07499413069979	0.431383370769752
7451	5.52764722636056	0.163750720745967
7452	8.11046093548606	0.6409960658094
7453	4.93940466953885	0.114578574935276
7454	-0.321158867783989	-0.125916430423884
7455	2.71419596914147	-0.342546546383845
7456	4.15439371908288	-0.306730907565347
7457	2.06081753325998	-0.0369911403957448
7458	3.13534190568576	0.214779303187774
7459	8.08350017189722	0.393154858201929
7460	3.61185303849989	0.0756776711214702
7461	14.7577466121226	0.705277149442469
7462	2.44476046765507	-0.0651940684739519
7463	5.88826744001823	0.140666793131347
7464	3.04474040781165	-0.0169316657839269
7465	5.32389918708107	0.379301675134154
7466	2.47378596763627	-0.109469315045664
7467	1.1326257215254	0.16490234340026
7468	11.1268377708767	0.522927214535073
7469	0.317469648841269	-0.325666012669478
7470	13.8490793011679	0.658553402557709
7471	4.01989431193118	-0.00862286875948201
7472	7.65339134041168	0.613911891841011
7473	4.38165457688311	0.000845838881518072
7474	1.1371039062817	-0.015214412227698
7475	2.20894814040502	0.162172662720758
7476	10.2892725011752	0.67955101853186
7477	8.48548990112927	0.644890264136034
7478	3.68208522494342	0.0547252952374335
7479	8.4765310343228	0.536625399296488
7480	9.34837407423894	0.764675701839362
7481	3.07857635164949	0.110301638795283
7482	7.2798189143299	0.455996646852338
7483	6.15610641991942	0.0671728516665344
7484	-0.142907778321387	-0.0256936571361191
7485	9.27293815158678	0.511451720121373
7486	2.0982078041663	-0.178301615936739
7487	9.65965434419219	0.454262970900648
7488	-0.148064794940074	-0.279078609730666
7489	2.68589978734744	-0.125056424346468
7490	1.25385013463343	-0.252189355390617
7491	0.79051291917728	-0.132346053163099
7492	2.12294813924888	-0.357158739477079
7493	9.02826433377465	0.36862407502253
7494	10.9156578513234	0.659732715771597
7495	11.5206430384198	0.53860855620845
7496	9.68467876178348	0.561493733210112
7497	1.91010902651787	0.135949861238438
7498	2.77447815608451	0.0797260216065571
7499	6.28121768345242	0.578366241699689
7500	5.31239821044149	0.32214869383976
7501	5.61595378247751	0.384095979011831
7502	3.32259900951617	0.00894999614992034
7503	0.421278453547899	-0.0942366675604473
7504	11.2282662788883	0.804570864784511
7505	5.29274988542538	0.357681736637979
7506	5.09307216135443	-0.165218228166205
7507	1.98588312896555	-0.269522965823677
7508	6.55776487074047	0.164370822890139
7509	10.8572643536451	0.719209879103823
7510	9.5494837667534	0.314469365390992
7511	9.44257543115604	0.7840256728857
7512	6.85822068188835	0.479981264876825
7513	6.14528742208058	0.0133414165941787
7514	2.87629157998856	0.106338016075109
7515	0.363777240928913	-0.246084059898531
7516	-1.62868495311718	-0.414211721789389
7517	6.9468070560279	0.459793046586993
7518	-0.320015776978275	-0.302105044187621
7519	5.34378884586512	0.124764774577509
7520	6.32655157710804	0.365902841917578
7521	9.89014851630298	0.803519004735482
7522	7.6332005846152	0.186113112751469
7523	4.38303547533982	0.172123764179071
7524	0.722194958329392	-0.214693058840447
7525	7.85746985167533	0.508632211035963
7526	5.87207848473772	0.1342342153922
7527	4.9869085969998	0.205492331663511
7528	1.41527301647559	-0.172263906834609
7529	0.380576755278162	-0.14599601966027
7530	5.50000341126558	0.310675972218859
7531	6.01878726025075	0.284748027355985
7532	-1.25301640912889	-0.334602200413065
7533	0.489479340289447	-0.38626425651133
7534	3.67675774278389	0.369255152466907
7535	10.7564981171972	0.724859252085695
7536	3.10420942118442	0.313637591859728
7537	5.12885672243312	0.26736537365723
7538	4.25577287807814	0.22397791641932
7539	9.51695312516895	0.795129172754587
7540	4.97790831229541	0.201102999793853
7541	3.36473809271818	0.419012140300054
7542	8.57166123582939	0.317928428752756
7543	-1.46352073935419	-0.133292528546412
7544	1.17093031712545	-0.109283754317214
7545	5.51987527026427	0.476892166000124
7546	2.92921197445074	0.132586135368818
7547	5.27585431224622	-0.212597361939438
7548	7.99517047483296	0.498526342144238
7549	-2.31274937607482	-0.299861328759031
7550	6.09332831950654	0.645145911171057
7551	7.27611386265936	0.334231533580952
7552	5.64879480072828	0.262710728504857
7553	2.30919107955057	-0.0214322172926964
7554	2.57885305050109	0.133283626299052
7555	2.03037105120919	0.192144024571628
7556	-0.979988259671014	-0.205456417329226
7557	7.3556248410648	0.228460457231028
7558	-1.3392244410917	-0.336827539571618
7559	-0.435782502973813	-0.0849107448440707
7560	5.2909754756972	-0.165851025425756
7561	3.26768652644564	-0.0761586743660716
7562	9.26383503353843	0.683153802476494
7563	6.47178997731563	0.124703779508838
7564	10.1326639801678	0.539940066547507
7565	8.32894232197286	0.665144570024562
7566	8.36969544311348	0.0835084122488026
7567	-0.744352294156173	-0.35109459817431
7568	0.176860599782797	-0.0130837205495406
7569	7.39591215553284	0.469945205070328
7570	3.46646068043498	-0.0104363549112546
7571	11.1809262679119	0.353850805899814
7572	9.2989793838667	0.615372783727884
7573	10.1875775873683	0.634678479020424
7574	3.54200550161921	0.0564294614549808
7575	2.89792494252289	0.0429112223138247
7576	9.67589305531378	0.683590902903038
7577	8.30706836619223	0.371146605311306
7578	12.0434338018991	0.491534661095397
7579	8.31842623588073	0.322609225697971
7580	12.2527961347413	0.693091503454774
7581	0.0621150180741119	-0.0650363315567348
7582	3.26291245876743	-0.192524979878651
7583	10.077260926972	0.672400369726207
7584	2.10557377058723	0.195750224972412
7585	10.5667360015893	0.660713521122252
7586	0.952814259871516	-0.195096011156887
7587	11.0264112525838	0.512715662899509
7588	6.16182271281429	0.470906869981765
7589	9.46427431168132	0.743657963998706
7590	3.71954004943786	0.250875139207374
7591	7.18671848980617	0.455037638283354
7592	4.47088475688388	0.0533760789420201
7593	-1.25301883204675	-0.304980423367798
7594	11.7883713990251	0.723225538037373
7595	-0.0173755688770831	-0.0780970442434922
7596	3.9909090801482	0.304282460384106
7597	3.20664267301305	-0.293176526524239
7598	7.0543894547932	0.615239009800502
7599	3.63951363795564	-0.0348860579445177
7600	7.63206394165678	0.543506371986962
7601	0.933196336220535	-0.102565464725549
7602	3.83277344408565	0.0334843661784999
7603	4.20298313540266	0.2896317095956
7604	13.0890550842129	0.717571603908553
7605	2.07919871608019	-0.184013636633205
7606	8.13973945137633	0.705042892509982
7607	11.3109613281212	0.764107112918214
7608	8.40622292010059	0.401856051126362
7609	7.70093123009355	0.361424975986235
7610	-0.869341528701938	-0.362532032225677
7611	4.49525723569331	-0.17853586918892
7612	1.89836750317081	-0.2160754356771
7613	6.00179299880979	0.435321382187023
7614	-0.820155155790156	0.0487716022738397
7615	10.4879588762689	0.541004709159599
7616	4.88252368699216	0.193728855310948
7617	7.57904157297518	0.474363968639365
7618	12.7905455593364	0.824377540791886
7619	5.20286454340831	0.0435798113895177
7620	9.51714529827255	0.550707786486956
7621	12.0544175164873	0.751384523159913
7622	3.10998285685403	-0.170665061131174
7623	6.96921515976092	0.390213041273097
7624	-3.47204224019094	-0.281157753927218
7625	3.44629952051981	-0.100380804464383
7626	3.52111163146665	0.0513370056499492
7627	-1.15090701550391	-0.42428923789126
7628	0.647150717041725	0.0465821496107048
7629	8.4799900384284	0.668420807758314
7630	3.92007108065157	-0.00706302944102064
7631	7.50232048871051	0.173797562143161
7632	5.98921445041507	0.323719013320425
7633	5.6978389077052	0.188422987433113
7634	1.12700113576673	-0.203747396083455
7635	6.17436070962664	0.614420154593196
7636	6.19161173170902	0.411642258058427
7637	7.74229842129755	0.572139130884839
7638	0.176696717231899	-0.303631441593666
7639	9.8845820964505	0.482138421489104
7640	5.46164465263741	0.0834436699548011
7641	8.5223083368831	0.606218741512072
7642	6.25799896556609	0.384325742728505
7643	9.78911989828251	0.557710341145583
7644	6.74976213704334	0.264343517936682
7645	3.97912357327344	0.234589446432101
7646	7.0572844663492	0.565907217637391
7647	0.00913835227917714	-0.411603869319654
7648	6.26382662946961	0.167608497960777
7649	7.56307243974195	0.493116294081157
7650	9.07499413069979	0.442606166537589
7651	5.52764722636056	0.168105604933334
7652	8.11046093548606	0.65759788187072
7653	4.93940466953885	0.117671617753065
7654	-0.321158867783989	-0.128994900806015
7655	2.71419596914147	-0.351184116083447
7656	4.15439371908288	-0.314449386710857
7657	2.06081753325998	-0.0377876357306363
7658	3.13534190568576	0.220443668084075
7659	8.08350017189722	0.403396644948089
7660	3.61185303849989	0.0777724502080969
7661	14.7577466121226	0.723528528061457
7662	2.44476046765507	-0.0667142991839342
7663	5.88826744001823	0.144429304251477
7664	3.04474040781165	-0.0172134006889067
7665	5.32389918708107	0.389187965507174
7666	2.47378596763627	-0.112125724314694
7667	1.1326257215254	0.169286780194766
7668	11.1268377708767	0.536499181918036
7669	0.317469648841269	-0.333870399000118
7670	13.8490793011679	0.675605769911501
7671	4.01989431193118	-0.00869138572076592
7672	7.65339134041168	0.629818681671307
7673	4.38165457688311	0.00102030515435725
7674	1.1371039062817	-0.0154520794690935
7675	2.20894814040502	0.166487051239958
7676	10.2892725011752	0.697142220627595
7677	8.48548990112927	0.661592011987371
7678	3.68208522494342	0.0562824005202117
7679	8.4765310343228	0.550548885530928
7680	9.34837407423894	0.784451348913016
7681	3.07857635164949	0.113284928116097
7682	7.2798189143299	0.467851061385023
7683	6.15610641991942	0.0690493825386059
7684	-0.142907778321387	-0.0262002397264256
7685	9.27293815158678	0.524729206689052
7686	2.0982078041663	-0.182724379783053
7687	9.65965434419219	0.466072896342991
7688	-0.148064794940074	-0.286087483614977
7689	2.68589978734744	-0.128112825501628
7690	1.25385013463343	-0.258508205014974
7691	0.79051291917728	-0.135589518662473
7692	2.12294813924888	-0.366171283045348
7693	9.02826433377465	0.37823635991284
7694	10.9156578513234	0.676815346319651
7695	11.5206430384198	0.552582933641406
7696	9.68467876178348	0.576055383429616
7697	1.91010902651787	0.139591327817969
7698	2.77447815608451	0.0819246882912622
7699	6.28121768345242	0.593360869347159
7700	5.31239821044149	0.330568340953613
7701	5.61595378247751	0.394105299422923
7702	3.32259900951617	0.00933242896028274
7703	0.421278453547899	-0.0965021810398352
7704	11.2282662788883	0.8253702899793
7705	5.29274988542538	0.367013222408668
7706	5.09307216135443	-0.169305249903426
7707	1.98588312896555	-0.276286625540577
7708	6.55776487074047	0.168741619959199
7709	10.8572643536451	0.737818795397606
7710	9.5494837667534	0.322691947801496
7711	9.44257543115604	0.804297873314181
7712	6.85822068188835	0.492451165733278
7713	6.14528742208058	0.0138365407645869
7714	2.87629157998856	0.109219592057217
7715	0.363777240928913	-0.252246237197562
7716	-1.62868495311718	-0.424688342471897
7717	6.9468070560279	0.471744883230543
7718	-0.320015776978275	-0.309704815766401
7719	5.34378884586512	0.12811921270143
7720	6.32655157710804	0.375445295311795
7721	9.89014851630298	0.824291437402225
7722	7.6332005846152	0.191041854168168
7723	4.38303547533982	0.176693514982873
7724	0.722194958329392	-0.220049689358582
7725	7.85746985167533	0.521837344177791
7726	5.87207848473772	0.137831655564735
7727	4.9869085969998	0.210918376985301
7728	1.41527301647559	-0.176531732737969
7729	0.380576755278162	-0.149589766647986
7730	5.50000341126558	0.318801209672034
7731	6.01878726025075	0.292207909394693
7732	-1.25301640912889	-0.343035904606395
7733	0.489479340289447	-0.396023697431164
7734	3.67675774278389	0.378883631883887
7735	10.7564981171972	0.743613140953344
7736	3.10420942118442	0.321838829538686
7737	5.12885672243312	0.27437918706931
7738	4.25577287807814	0.229878333465206
7739	9.51695312516895	0.815686307982042
7740	4.97790831229541	0.206416407351994
7741	3.36473809271818	0.42991746913327
7742	8.57166123582939	0.326239776645788
7743	-1.46352073935419	-0.136560282223052
7744	1.17093031712545	-0.111935401780553
7745	5.51987527026427	0.489282795295553
7746	2.92921197445074	0.136141282988942
7747	5.27585431224622	-0.217900213290441
7748	7.99517047483296	0.511472141404396
7749	-2.31274937607482	-0.307403522762079
7750	6.09332831950654	0.661854219362593
7751	7.27611386265936	0.342961247030045
7752	5.64879480072828	0.26960509576064
7753	2.30919107955057	-0.0218294440475041
7754	2.57885305050109	0.136856672729492
7755	2.03037105120919	0.197227529501399
7756	-0.979988259671014	-0.210576019827073
7757	7.3556248410648	0.234475903941448
7758	-1.3392244410917	-0.345318349774159
7759	-0.435782502973813	-0.0869369391947324
7760	5.2909754756972	-0.169954285823046
7761	3.26768652644564	-0.0779602756180079
7762	9.26383503353843	0.700837458170746
7763	6.47178997731563	0.128056652394966
7764	10.1326639801678	0.553948612813288
7765	8.32894232197286	0.682366078009627
7766	8.36969544311348	0.0858041415470992
7767	-0.744352294156173	-0.359951525504145
7768	0.176860599782797	-0.0132667105979646
7769	7.39591215553284	0.482157563465646
7770	3.46646068043498	-0.0105514090291286
7771	11.1809262679119	0.363083983435024
7772	9.2989793838667	0.631317062542826
7773	10.1875775873683	0.651118174998619
7774	3.54200550161921	0.058030298557847
7775	2.89792494252289	0.0441651582776227
7776	9.67589305531378	0.701285775341887
7777	8.30706836619223	0.38082362264357
7778	12.0434338018991	0.504301041860696
7779	8.31842623588073	0.331040690847037
7780	12.2527961347413	0.711030177554388
7781	0.0621150180741119	-0.0665525144676151
7782	3.26291245876743	-0.197312739572524
7783	10.077260926972	0.689808073942532
7784	2.10557377058723	0.200926271172809
7785	10.5667360015893	0.677821320813253
7786	0.952814259871516	-0.199949747911063
7787	11.0264112525838	0.526025584400827
7788	6.16182271281429	0.483143906343621
7789	9.46427431168132	0.762894259968904
7790	3.71954004943786	0.25746578499722
7791	7.18671848980617	0.466867443015792
7792	4.47088475688388	0.0548985610268476
7793	-1.25301883204675	-0.312653982094627
7794	11.7883713990251	0.741937503008103
7795	-0.0173755688770831	-0.0799483873820301
7796	3.9909090801482	0.312243629387614
7797	3.20664267301305	-0.300547177067707
7798	7.0543894547932	0.631179855747649
7799	3.63951363795564	-0.0356285332630049
7800	7.63206394165678	0.55760643575042
7801	0.933196336220535	-0.104968063433527
7802	3.83277344408565	0.0344764817279929
7803	4.20298313540266	0.297015211543246
7804	13.0890550842129	0.735633058565961
7805	2.07919871608019	-0.188448529454174
7806	8.13973945137633	0.722791730864012
7807	11.3109613281212	0.783329721212227
7808	8.40622292010059	0.412039773917343
7809	7.70093123009355	0.370599862924125
7810	-0.869341528701938	-0.371421314579595
7811	4.49525723569331	-0.182834080801845
7812	1.89836750317081	-0.221310334243106
7813	6.00179299880979	0.446340131642335
7814	-0.820155155790156	0.0501451648121698
7815	10.4879588762689	0.554660468116993
7816	4.88252368699216	0.198719390030272
7817	7.57904157297518	0.486356908389494
7818	12.7905455593364	0.845104016304602
7819	5.20286454340831	0.0448238284045665
7820	9.51714529827255	0.564605656549713
7821	12.0544175164873	0.770289677499316
7822	3.10998285685403	-0.174766880406424
7823	6.96921515976092	0.400106247778346
7824	-3.47204224019094	-0.288016585960871
7825	3.44629952051981	-0.102728891547561
7826	3.52111163146665	0.0527745801121397
7827	-1.15090701550391	-0.43471948553107
7828	0.647150717041725	0.0479010809442609
7829	8.4799900384284	0.685255852155977
7830	3.92007108065157	-0.00708265217226072
7831	7.50232048871051	0.178290771399918
7832	5.98921445041507	0.331953061389183
7833	5.6978389077052	0.193281130180955
7834	1.12700113576673	-0.208674685507302
7835	6.17436070962664	0.629907775138921
7836	6.19161173170902	0.422070166203981
7837	7.74229842129755	0.586571755676072
7838	0.176696717231899	-0.311051036896426
7839	9.8845820964505	0.494325349322553
7840	5.46164465263741	0.0856823696396489
7841	8.5223083368831	0.621501720466309
7842	6.25799896556609	0.394072049409076
7843	9.78911989828251	0.571782938894368
7844	6.74976213704334	0.271096029134837
7845	3.97912357327344	0.240599534283728
7846	7.0572844663492	0.580184343780725
7847	0.00913835227917714	-0.421717591747597
7848	6.26382662946961	0.171947277739152
7849	7.56307243974195	0.505577141700888
7850	9.07499413069979	0.453806685871872
7851	5.52764722636056	0.172456788520784
7852	8.11046093548606	0.674162872710992
7853	4.93940466953885	0.120764372908785
7854	-0.321158867783989	-0.132056966584867
7855	2.71419596914147	-0.359790245327475
7856	4.15439371908288	-0.322138911290867
7857	2.06081753325998	-0.038573898584348
7858	3.13534190568576	0.226100790591153
7859	8.08350017189722	0.413618808623391
7860	3.61185303849989	0.0798696416646474
7861	14.7577466121226	0.741738619841147
7862	2.44476046765507	-0.0682223399053098
7863	5.88826744001823	0.148189716979789
7864	3.04474040781165	-0.0174862953997211
7865	5.32389918708107	0.399055594330374
7866	2.47378596763627	-0.114766870541009
7867	1.1326257215254	0.173667436457588
7868	11.1268377708767	0.550042518996897
7869	0.317469648841269	-0.342044516518427
7870	13.8490793011679	0.692620093425491
7871	4.01989431193118	-0.00875163918445425
7872	7.65339134041168	0.645690526137552
7873	4.38165457688311	0.00120237772120384
7874	1.1371039062817	-0.0156810257073729
7875	2.20894814040502	0.170797848689015
7876	10.2892725011752	0.714693921482045
7877	8.48548990112927	0.678256664329338
7878	3.68208522494342	0.0578433724343751
7879	8.4765310343228	0.564442790698342
7880	9.34837407423894	0.804181586415606
7881	3.07857635164949	0.116268226628212
7882	7.2798189143299	0.479681491127113
7883	6.15610641991942	0.0709289160826862
7884	-0.142907778321387	-0.0266973739707075
7885	9.27293815158678	0.537978859443175
7886	2.0982078041663	-0.187127103077742
7887	9.65965434419219	0.477858957325633
7888	-0.148064794940074	-0.293069322223098
7889	2.68589978734744	-0.131152881744768
7890	1.25385013463343	-0.264801885691167
7891	0.79051291917728	-0.138816133291634
7892	2.12294813924888	-0.375151371955673
7893	9.02826433377465	0.387830724363669
7894	10.9156578513234	0.693859851174191
7895	11.5206430384198	0.566527592360479
7896	9.68467876178348	0.590585726522013
7897	1.91010902651787	0.143231023398255
7898	2.77447815608451	0.0841254863581823
7899	6.28121768345242	0.608323018781294
7900	5.31239821044149	0.338973293388926
7901	5.61595378247751	0.404095625521391
7902	3.32259900951617	0.00972190557170867
7903	0.421278453547899	-0.0987534887433461
7904	11.2282662788883	0.846121536561543
7905	5.29274988542538	0.376327547225153
7906	5.09307216135443	-0.173373139180148
7907	1.98588312896555	-0.283023913218943
7908	6.55776487074047	0.173108673388324
7909	10.8572643536451	0.756385457809885
7910	9.5494837667534	0.330900368539906
7911	9.44257543115604	0.824523321129774
7912	6.85822068188835	0.504895417075964
7913	6.14528742208058	0.0143384039365672
7914	2.87629157998856	0.112101452337555
7915	0.363777240928913	-0.258383669304475
7916	-1.62868495311718	-0.435128548565908
7917	6.9468070560279	0.483672471583175
7918	-0.320015776978275	-0.317275953851377
7919	5.34378884586512	0.131472656160044
7920	6.32655157710804	0.384970017141743
7921	9.89014851630298	0.845015764463872
7922	7.6332005846152	0.195965342857162
7923	4.38303547533982	0.181258984030977
7924	0.722194958329392	-0.225383753469636
7925	7.85746985167533	0.535014839202408
7926	5.87207848473772	0.141427443817487
7927	4.9869085969998	0.216337824507523
7928	1.41527301647559	-0.180779937154716
7929	0.380576755278162	-0.153165715349292
7930	5.50000341126558	0.32691254874476
7931	6.01878726025075	0.299655692658457
7932	-1.25301640912889	-0.35143871974492
7933	0.489479340289447	-0.405748663538778
7934	3.67675774278389	0.388494147059594
7935	10.7564981171972	0.762324383828091
7936	3.10420942118442	0.330025963277245
7937	5.12885672243312	0.281382108200807
7938	4.25577287807814	0.235770869664979
7939	9.51695312516895	0.836195919925443
7940	4.97790831229541	0.211723521765096
7941	3.36473809271818	0.44080138019468
7942	8.57166123582939	0.334536722780229
7943	-1.46352073935419	-0.139811119336561
7944	1.17093031712545	-0.114571799080568
7945	5.51987527026427	0.501647989485235
7946	2.92921197445074	0.139694893079138
7947	5.27585431224622	-0.223180643692389
7948	7.99517047483296	0.524391003974988
7949	-2.31274937607482	-0.314917239003011
7950	6.09332831950654	0.678525414300822
7951	7.27611386265936	0.351675427155459
7952	5.64879480072828	0.276488893805219
7953	2.30919107955057	-0.0222175182340914
7954	2.57885305050109	0.140428133218588
7955	2.03037105120919	0.202305363110238
7956	-0.979988259671014	-0.215673697014193
7957	7.3556248410648	0.240483158681787
7958	-1.3392244410917	-0.353778116465666
7959	-0.435782502973813	-0.0889495750626963
7960	5.2909754756972	-0.174038369838676
7961	3.26768652644564	-0.079748925850518
7962	9.26383503353843	0.718481362561864
7963	6.47178997731563	0.131408534849329
7964	10.1326639801678	0.567927347947783
7965	8.32894232197286	0.699549084675467
7966	8.36969544311348	0.0881017396996297
7967	-0.744352294156173	-0.368776419075653
7968	0.176860599782797	-0.0134411275302142
7969	7.39591215553284	0.494344968929536
7970	3.46646068043498	-0.0106580737790506
7971	11.1809262679119	0.372300265913079
7972	9.2989793838667	0.647226294596207
7973	10.1875775873683	0.667521484246516
7974	3.54200550161921	0.0596348840094146
7975	2.89792494252289	0.0454237808633908
7976	9.67589305531378	0.718940866139358
7977	8.30706836619223	0.390482544452695
7978	12.0434338018991	0.51704097121468
7979	8.31842623588073	0.339457429352991
7980	12.2527961347413	0.728928410595414
7981	0.0621150180741119	-0.0680565183380849
7982	3.26291245876743	-0.202079471500236
7983	10.077260926972	0.707176773229448
7984	2.10557377058723	0.206096395753295
7985	10.5667360015893	0.694890926735052
7986	0.952814259871516	-0.204782278449066
7987	11.0264112525838	0.539307584360911
7988	6.16182271281429	0.495355923026859
7989	9.46427431168132	0.782086605166139
7990	3.71954004943786	0.264046683059854
7991	7.18671848980617	0.478673329520455
7992	4.47088475688388	0.0564250033893978
7993	-1.25301883204675	-0.320298707753476
7994	11.7883713990251	0.760606935378675
7995	-0.0173755688770831	-0.081786644962862
7996	3.9909090801482	0.320191343771224
7997	3.20664267301305	-0.30788981382748
7998	7.0543894547932	0.64708566421821
7999	3.63951363795564	-0.0363609222097701
8000	7.63206394165678	0.571676440852643
8001	0.933196336220535	-0.107356092461274
8002	3.83277344408565	0.0354739846310397
8003	4.20298313540266	0.304386812851004
8004	13.0890550842129	0.753653729902177
8005	2.07919871608019	-0.19286335546407
8006	8.13973945137633	0.740500631489381
8007	11.3109613281212	0.802508405392863
8008	8.40622292010059	0.422204021780705
8009	7.70093123009355	0.37975800372382
8010	-0.869341528701938	-0.380278481491324
8011	4.49525723569331	-0.18711259531125
8012	1.89836750317081	-0.226523002070963
8013	6.00179299880979	0.457337147515238
8014	-0.820155155790156	0.0515230829321298
8015	10.4879588762689	0.568287360672879
8016	4.88252368699216	0.203704496821443
8017	7.57904157297518	0.498325479480195
8018	12.7905455593364	0.865782499909412
8019	5.20286454340831	0.0460725514075602
8020	9.51714529827255	0.578474005327193
8021	12.0544175164873	0.789151766403185
8022	3.10998285685403	-0.178849533797711
8023	6.96921515976092	0.409980765170403
8024	-3.47204224019094	-0.294848794695922
8025	3.44629952051981	-0.105062556398425
8026	3.52111163146665	0.0542163370107844
8027	-1.15090701550391	-0.445113449587992
8028	0.647150717041725	0.0492245156308145
8029	8.4799900384284	0.702053430536584
8030	3.92007108065157	-0.00709415090977635
8031	7.50232048871051	0.182779897938904
8032	5.98921445041507	0.34017290818485
8033	5.6978389077052	0.198134203106288
8034	1.12700113576673	-0.213580576241715
8035	6.17436070962664	0.645361574300109
8036	6.19161173170902	0.432477938927533
8037	7.74229842129755	0.600973412729621
8038	0.176696717231899	-0.318442492097951
8039	9.8845820964505	0.50648738378026
8040	5.46164465263741	0.0879230848058127
8041	8.5223083368831	0.636751431568885
8042	6.25799896556609	0.403800064324236
8043	9.78911989828251	0.585825542738807
8044	6.74976213704334	0.277838346453307
8045	3.97912357327344	0.246601436428724
8046	7.0572844663492	0.594430922793023
8047	0.00913835227917714	-0.431795886758349
8048	6.26382662946961	0.17628239251442
8049	7.56307243974195	0.518012355022145
8050	9.07499413069979	0.464984979956325
8051	5.52764722636056	0.176804273554195
8052	8.11046093548606	0.690691127999217
8053	4.93940466953885	0.123856833420213
8054	-0.321158867783989	-0.135102678897987
8055	2.71419596914147	-0.368365025027163
8056	4.15439371908288	-0.329799565640795
8057	2.06081753325998	-0.0393499637675796
8058	3.13534190568576	0.231750682123824
8059	8.08350017189722	0.423821393392732
8060	3.61185303849989	0.0819692313666233
8061	14.7577466121226	0.759907526252666
8062	2.44476046765507	-0.0697182306268881
8063	5.88826744001823	0.151948029123907
8064	3.04474040781165	-0.0177503810441133
8065	5.32389918708107	0.408904603225185
8066	2.47378596763627	-0.117392801842435
8067	1.1326257215254	0.178044314446042
8068	11.1268377708767	0.563557293763
8069	0.317469648841269	-0.350188453036343
8070	13.8490793011679	0.709596465992239
8071	4.01989431193118	-0.00880365875277984
8072	7.65339134041168	0.661527509936044
8073	4.38165457688311	0.00139202871829718
8074	1.1371039062817	-0.0159012817549884
8075	2.20894814040502	0.175105056824069
8076	10.2892725011752	0.732206217842971
8077	8.48548990112927	0.694884311545916
8078	3.68208522494342	0.0594081930085305
8079	8.4765310343228	0.578307185305084
8080	9.34837407423894	0.823866526723944
8081	3.07857635164949	0.119251526564153
8082	7.2798189143299	0.491487991781377
8083	6.15610641991942	0.0728114366127764
8084	-0.142907778321387	-0.0271850926054257
8085	9.27293815158678	0.551200744268161
8086	2.0982078041663	-0.191509846576368
8087	9.65965434419219	0.489621209233036
8088	-0.148064794940074	-0.300024204813436
8089	2.68589978734744	-0.134176644055535
8090	1.25385013463343	-0.271070471740685
8091	0.79051291917728	-0.142025949368617
8092	2.12294813924888	-0.384099099802114
8093	9.02826433377465	0.397407208036018
8094	10.9156578513234	0.7108663234443
8095	11.5206430384198	0.580442603236135
8096	9.68467876178348	0.605084837559527
8097	1.91010902651787	0.146868944920884
8098	2.77447815608451	0.0863284024261038
8099	6.28121768345242	0.623252768172142
8100	5.31239821044149	0.347363582273734
8101	5.61595378247751	0.414066999808907
8102	3.32259900951617	0.0101183996083757
8103	0.421278453547899	-0.100990635992064
8104	11.2282662788883	0.866824724232878
8105	5.29274988542538	0.385624748739401
8106	5.09307216135443	-0.177421954349801
8107	1.98588312896555	-0.289734906362748
8108	6.55776487074047	0.177471985337242
8109	10.8572643536451	0.774909970369862
8110	9.5494837667534	0.339094657324318
8111	9.44257543115604	0.844702132261978
8112	6.85822068188835	0.51731407901127
8113	6.14528742208058	0.0148469805405701
8114	2.87629157998856	0.114983588420919
8115	0.363777240928913	-0.264496429419814
8116	-1.62868495311718	-0.445532444140514
8117	6.9468070560279	0.495575868044682
8118	-0.320015776978275	-0.324818541928649
8119	5.34378884586512	0.134825099841335
8120	6.32655157710804	0.394477046568797
8121	9.89014851630298	0.865692105428937
8122	7.6332005846152	0.200883584970101
8123	4.38303547533982	0.185820174906565
8124	0.722194958329392	-0.230695318610708
8125	7.85746985167533	0.548164761476568
8126	5.87207848473772	0.145021576777046
8127	4.9869085969998	0.221750683939892
8128	1.41527301647559	-0.185008579731879
8129	0.380576755278162	-0.156723920588386
8130	5.50000341126558	0.335010018458659
8131	6.01878726025075	0.30709140140848
8132	-1.25301640912889	-0.359810735281279
8133	0.489479340289447	-0.415439253772059
8134	3.67675774278389	0.398086737770895
8135	10.7564981171972	0.780993085776372
8136	3.10420942118442	0.338199022640788
8137	5.12885672243312	0.288374158121439
8138	4.25577287807814	0.24165553812234
8139	9.51695312516895	0.856658126552912
8140	4.97790831229541	0.217024351936981
8141	3.36473809271818	0.451663922396627
8142	8.57166123582939	0.342819297509266
8143	-1.46352073935419	-0.143045092378751
8144	1.17093031712545	-0.117192994301014
8145	5.51987527026427	0.513987808108394
8146	2.92921197445074	0.143246961963408
8147	5.27585431224622	-0.228438720197608
8148	7.99517047483296	0.537282993367311
8149	-2.31274937607482	-0.322402560555978
8150	6.09332831950654	0.695159586416662
8151	7.27611386265936	0.360374107303661
8152	5.64879480072828	0.28336214285371
8153	2.30919107955057	-0.0225964718065113
8154	2.57885305050109	0.143998004218402
8155	2.03037105120919	0.207377532657081
8156	-0.979988259671014	-0.22074951463182
8157	7.3556248410648	0.246482235378746
8158	-1.3392244410917	-0.362206929507354
8159	-0.435782502973813	-0.0909486960567899
8160	5.2909754756972	-0.178103335942259
8161	3.26768652644564	-0.0815246670655333
8162	9.26383503353843	0.736085613059087
8163	6.47178997731563	0.134759421748714
8164	10.1326639801678	0.581876343065924
8165	8.32894232197286	0.716693684124793
8166	8.36969544311348	0.0904011940196341
8167	-0.744352294156173	-0.377569371369507
8168	0.176860599782797	-0.0136070017675429
8169	7.39591215553284	0.506507479725745
8170	3.46646068043498	-0.0107563790962127
8171	11.1809262679119	0.38149969028258
8172	9.2989793838667	0.663100564852545
8173	10.1875775873683	0.683888495273195
8174	3.54200550161921	0.0612432001511783
8175	2.89792494252289	0.0466870699306501
8176	9.67589305531378	0.736556272784942
8177	8.30706836619223	0.400123410862824
8178	12.0434338018991	0.529754511384958
8179	8.31842623588073	0.347859472428422
8180	12.2527961347413	0.746786301811672
8181	0.0621150180741119	-0.0695483831279925
8182	3.26291245876743	-0.206825239028785
8183	10.077260926972	0.724506563021844
8184	2.10557377058723	0.211260606634913
8185	10.5667360015893	0.711922432176809
8186	0.952814259871516	-0.209593666609943
8187	11.0264112525838	0.552561728896243
8188	6.16182271281429	0.507542978471789
8189	9.46427431168132	0.801235108108327
8190	3.71954004943786	0.270617851437356
8191	7.18671848980617	0.490455353324033
8192	4.47088475688388	0.0579553878105588
8193	-1.25301883204675	-0.327914684358371
8194	11.7883713990251	0.779233939915571
8195	-0.0173755688770831	-0.0836118593438073
8196	3.9909090801482	0.328125631382696
8197	3.20664267301305	-0.315204518650366
8198	7.0543894547932	0.66295652015214
8199	3.63951363795564	-0.0370832592090161
8200	7.63206394165678	0.585716459063342
